timestamp,api-gateway_energy,clientone_energy,clientthree_energy,clienttwo_energy,kernel_processes_energy,orchestrator_energy,policy_energy,policy-enforcer_energy,rabbitmq_energy,server_energy,sidecar_energy,system_processes_energy,clientone_cpu_usage,clientthree_cpu_usage,clienttwo_cpu_usage,policy_cpu_usage,server_cpu_usage,sidecar_cpu_usage,clientone_memory_usage,clientthree_memory_usage,clienttwo_memory_usage,policy_memory_usage,server_memory_usage,sidecar_memory_usage,clientone_memory_rss_usage,clientthree_memory_rss_usage,clienttwo_memory_rss_usage,policy_memory_rss_usage,server_memory_rss_usage,sidecar_memory_rss_usage,clientone_memory_cache_usage,clientthree_memory_cache_usage,clienttwo_memory_cache_usage,policy_memory_cache_usage,server_memory_cache_usage,sidecar_memory_cache_usage,api-gateway_carbon_coal,clientone_carbon_coal,clientthree_carbon_coal,clienttwo_carbon_coal,kernel_processes_carbon_coal,orchestrator_carbon_coal,policy_carbon_coal,policy-enforcer_carbon_coal,rabbitmq_carbon_coal,server_carbon_coal,sidecar_carbon_coal,system_processes_carbon_coal,api-gateway_carbon_emission,clientone_carbon_emission,clientthree_carbon_emission,clienttwo_carbon_emission,kernel_processes_carbon_emission,orchestrator_carbon_emission,policy_carbon_emission,policy-enforcer_carbon_emission,rabbitmq_carbon_emission,server_carbon_emission,sidecar_carbon_emission,system_processes_carbon_emission
2026-09-18 23:11:53.128999949,4204.32406779661,6768.677288135594,7229.822033898299,7050.722033898304,274839.71796610166,2833.4410169491516,5919.891864406785,3118.7989830508486,15208.215254237282,6980.265762711862,72990.83932800294,676506.8459622593,0.007315656267099339,0.006607812591645456,0.006694470512598218,0.0005272605966611514,0.00578712016119702,0.015336663744684472,200329.79974203577,148446.18578952923,136889.4132311819,19002.438731765844,235983.49082269814,400158.6424013608,174405.82611831542,127172.66296761174,112674.02771744861,10535.602147863112,231249.2287813198,348417.1371025738,0.0,0.0,0.0,0.0,0.0,0.0,0.0030693203039017752,0.006371997371645297,0.006963919658713439,0.0067907699292085975,0.25083628259198965,0.002751330357923928,0.005296555618107169,0.0027280198943598205,0.014171110530285753,0.006689548792684255,0.056513160213206515,0.599531277321398,0.001604636968235294,0.0046640792832380925,0.005459366606196076,0.005384319145764707,0.14149905024812445,0.0014298666225882352,0.002970241260392157,0.001368389062890756,0.008000981507798318,0.005730082728806721,0.033241014060643066,0.35160246993918653
2026-09-18 23:12:08.128999949,4204.32406779661,6768.677288135594,7246.7267796610195,7074.195254237292,274928.45186440676,2833.4410169491516,5926.405423728811,3118.7989830508486,15208.215254237282,6980.265762711862,72897.5379661017,675722.6091436152,0.007315656267099339,0.006607812591645456,0.006694470512598218,0.000534135822571753,0.00578712016119702,0.01510373548976733,200329.79974203577,148446.18578952923,136889.4132311819,19761.86826799285,235983.49082269814,387047.2160359586,174405.82611831542,127172.66296761174,112674.02771744861,10958.038233387406,231249.2287813198,334604.0162052619,0.0,0.0,0.0,0.0,0.0,0.0,0.00307003503712298,0.006379686448972061,0.006972714141894491,0.006797306734711847,0.2510970879537615,0.002751631853221717,0.005301645802599839,0.0027319907431714186,0.014188023327875091,0.006701053017562947,0.056479812471424945,0.600133185298324,0.001604636968235294,0.0046640792832380925,0.005462067104761903,0.005390350265781514,0.1416922896215686,0.0014298666225882352,0.002977599073310924,0.001368389062890756,0.008000981507798318,0.005730082728806721,0.03326448857881386,0.35199633086694215
2026-09-18 23:12:23.128999949,4172.512881355931,6784.001694915256,7246.7267796610195,7074.195254237292,274993.9840677966,2834.560677966103,5926.405423728811,3102.0040677966113,15236.38983050848,7000.709491525418,72646.38305084745,675825.7302242722,0.007315656267099339,0.006607812591645456,0.006694470512598218,0.0005326632280732787,0.00578712016119702,0.014939051830288173,200329.79974203577,148446.18578952923,136889.4132311819,18445.733064700325,235983.49082269814,391946.1537835513,174405.82611831542,127172.66296761174,112674.02771744861,10228.235783416343,231249.2287813198,338757.54170876165,0.0,0.0,0.0,0.0,0.0,0.0,0.00307319847135163,0.0063862636139169655,0.00697989849313416,0.006804310354546556,0.25135581199680557,0.0027544684654806704,0.005307108364927662,0.002734806529328444,0.014202641988687766,0.0067079606270670795,0.05654958762745863,0.600751531489784,0.0016098558306890756,0.004675186254789915,0.005462067104761903,0.005390350265781514,0.1418010108517659,0.0014312954063529417,0.002977599073310924,0.0013730971111372548,0.008019701299843139,0.005744306128067224,0.03327727832182541,0.35225472426984444
2026-09-18 23:12:38.128999949,4172.512881355931,6784.001694915256,7265.394915254236,7097.360338983057,275086.61389830505,2834.560677966103,5934.017288135599,3102.0040677966113,15236.38983050848,7000.709491525418,72453.3894915254,676032.818863161,0.007106349143311067,0.006607812591645456,0.00651730082300388,0.0005326632280732787,0.00578712016119702,0.01471835266038242,194598.194447558,148446.18578952923,148601.84263370282,18445.733064700325,235983.49082269814,392461.49854040024,169415.92767257884,127172.66296761174,125178.71151244902,10228.235783416343,231249.2287813198,339545.27280320437,0.0,0.0,0.0,0.0,0.0,0.0,0.00307636190558028,0.006392840778861868,0.00698708284437383,0.006811313974381267,0.2516145360398496,0.0027573050777396236,0.005312570927255487,0.0027376223154854684,0.014217260649500435,0.006714868236571212,0.056619362783492326,0.6013698776812441,0.0016098558306890756,0.004675186254789915,0.005462904564386553,0.005399244561008405,0.1419940531747675,0.0014312954063529417,0.00298504380607283,0.0013730971111372548,0.008019701299843139,0.005744306128067224,0.0332972878748239,0.35283515877514227
2026-09-18 23:12:53.128999949,4135.014915254236,6787.452203389831,7265.394915254236,7097.360338983057,275137.07491525414,2806.2610169491527,5934.017288135599,3102.525762711865,15240.139322033896,7009.431864406781,72189.07016949152,675748.1363420311,0.007090147355125015,0.006319427463858098,0.00651730082300388,0.0005326632280732787,0.0057750828304572385,0.014626169941824318,203433.87686778838,131897.38803161267,148601.84263370282,18445.733064700325,244957.09540599317,397768.5318396062,178581.53883127516,110843.31062561528,125178.71151244902,10228.235783416343,239863.40485592248,344910.3046705571,0.0,0.0,0.0,0.0,0.0,0.0,0.00307952533980893,0.0063994179438067724,0.0069942671956135,0.0068183175942159785,0.2518732600828938,0.0027601416899985767,0.005318033489583311,0.0027404381016424935,0.014231879310313111,0.006721775846075343,0.05668913793952601,0.6019882238727042,0.001614137888627451,0.004678330841394957,0.005462904564386553,0.005399244561008405,0.14209015130385183,0.0014291210816806729,0.00298504380607283,0.0013764899180728292,0.008035396714487391,0.0057520255357142855,0.033307484232746105,0.3529789113268048
2026-09-18 23:13:08.128999949,4135.014915254236,6787.452203389831,7272.924406779654,7113.718983050845,275208.41593220335,2806.2610169491527,5938.596610169497,3102.525762711865,15240.139322033896,7009.431864406781,71965.38508474575,675059.6347825493,0.007092667985069561,0.006375325678780121,0.006513976128226075,0.0005257842324244683,0.00566471122672894,0.014569377245542556,212137.74810850582,142103.63311494936,154063.1927873429,19340.644257302585,234785.61054208642,396917.0909777995,186090.2059379679,121252.09664697455,129336.03938759472,10724.467765688225,229901.13187283132,344097.09119233314,0.0,0.0,0.0,0.0,0.0,0.0,0.003078637779771651,0.006406984746537472,0.00700229968746397,0.006825647251794673,0.25213590793806623,0.002760423368112232,0.005323091748039278,0.002743421130866164,0.014247466186640328,0.006731082848974302,0.05665046353935593,0.602550333963686,0.001614137888627451,0.004678330841394957,0.005463950121759104,0.005406310352806721,0.14227866097554184,0.0014291210816806729,0.002991581768784314,0.0013764899180728292,0.008035396714487391,0.0057520255357142855,0.03332035044557135,0.35333357785685937
2026-09-18 23:13:23.128999949,4095.5491525423763,6803.279999999998,7272.924406779654,7113.718983050845,275265.7657627119,2783.791525423727,5938.596610169497,3099.438305084747,15264.503389830505,7017.034576271184,71725.73491525423,674917.0687315945,0.007092667985069561,0.006375325678780121,0.006513976128226075,0.0005257842324244683,0.00566471122672894,0.014516485235042892,212137.74810850582,142103.63311494936,154063.1927873429,19340.644257302585,234785.61054208642,397659.2815638665,186090.2059379679,121252.09664697455,129336.03938759472,10724.467765688225,229901.13187283132,345052.6529255974,0.0,0.0,0.0,0.0,0.0,0.0,0.003081797048633105,0.006413562929322109,0.00700948490900032,0.006832651206184247,0.2523946360052815,0.0027632573533660043,0.005328553895501555,0.0027462370890280296,0.014262085840961317,0.006737992925791862,0.05671946311537146,0.6031686222696396,0.0016161903742689073,0.0046873159835854345,0.005463950121759104,0.005406310352806721,0.14237249616739558,0.0014273514279831926,0.002991581768784314,0.0013808921598487396,0.00804775139578151,0.005756861758386552,0.03333978787061452,0.35352778254200995
2026-09-18 23:13:38.128999949,4095.5491525423763,6803.279999999998,7293.285762711864,7123.249830508481,275348.8494915254,2783.791525423727,5946.946779661021,3099.438305084747,15264.503389830505,7017.034576271184,71530.08711864406,674995.0297887977,0.007092667985069561,0.006375325678780121,0.006400584269714384,0.0005327435223877842,0.00566471122672894,0.014359506057548167,212137.74810850582,142103.63311494936,163390.16118653808,18523.298407213755,234785.61054208642,392678.94531639514,186090.2059379679,121252.09664697455,139111.4337335327,10271.246088784312,229901.13187283132,345539.8613685192,0.0,0.0,0.0,0.0,0.0,0.0,0.003084956317494559,0.006420141112106745,0.007016670130536672,0.006839655160573822,0.2526533640724969,0.0027660913386197764,0.005334016042963832,0.0027490530471898952,0.014276705495282305,0.00674490300260942,0.05678846269138699,0.6037869105755935,0.0016161903742689073,0.0046873159835854345,0.005475921766913164,0.005413259199809523,0.14258150665062927,0.0014273514279831926,0.0029992556364201676,0.0013808921598487396,0.00804775139578151,0.005756861758386552,0.033373133754187476,0.3541909954545625
2026-09-18 23:13:53.128999949,4056.385423728812,6807.166779661015,7293.285762711864,7123.249830508481,275397.78508474573,2767.908813559321,5946.946779661021,3074.0399999999995,15264.100677966098,7023.496271186439,71266.64338983051,674734.7884199176,0.007092667985069561,0.006375325678780121,0.006400584269714384,0.0005327435223877842,0.00566471122672894,0.014228916652111238,212137.74810850582,142103.63311494936,163390.16118653808,18523.298407213755,234785.61054208642,384659.4289261567,186090.2059379679,121252.09664697455,139111.4337335327,10271.246088784312,229901.13187283132,337720.90636780125,0.0,0.0,0.0,0.0,0.0,0.0,0.003088115586356013,0.006426719294891381,0.007023855352073023,0.006846659114963398,0.2529120921397123,0.0027689253238735484,0.005339478190426111,0.002751869005351761,0.014291325149603294,0.006751813079426978,0.05685746226740253,0.6044051988815474,0.0016177995756862737,0.004686993517372548,0.005475921766913164,0.005413259199809523,0.14266760680809212,0.001424690141960784,0.0029992556364201676,0.0013838792113725488,0.008054492742745096,0.005761884932285714,0.033370914524696954,0.3543821172341512
2026-09-18 23:14:08.128999949,4056.385423728812,6807.166779661015,7289.261694915253,7142.421355932204,275413.97898305085,2767.908813559321,5954.3359322033875,3074.0399999999995,15264.100677966098,7023.496271186439,71011.03118644067,673764.6381253013,0.007092667985069561,0.00632407498915297,0.006400584269714384,0.0005327435223877842,0.005662200907922464,0.014159283938105168,212137.74810850582,130486.81482909898,163390.16118653808,18523.298407213755,243045.07331158227,385374.47973217047,186090.2059379679,109111.31466036735,139111.4337335327,10271.246088784312,237965.9296794874,338339.38131935534,0.0,0.0,0.0,0.0,0.0,0.0,0.003086114249219353,0.006433659726474818,0.0070314434005438525,0.006854197974637773,0.2531788223049527,0.002767078387107149,0.005345892220720946,0.002753966374573292,0.014307583109090392,0.006758379177776549,0.05682507146777597,0.6049539435511444,0.0016177995756862737,0.004686993517372548,0.005482157491966384,0.005420269881915964,0.14286341868236416,0.001424690141960784,0.003007800465490195,0.0013838792113725488,0.008054492742745096,0.005761884932285714,0.033389513559519156,0.35478869774807775
2026-09-18 23:14:23.128999949,4016.577966101696,6821.4264406779685,7289.261694915253,7142.421355932204,275476.04847457627,2736.582711864409,5954.3359322033875,3067.3891525423737,15274.738983050844,7028.1457627118625,70777.07084745762,673647.8679601799,0.007092667985069561,0.00621182177806257,0.006400584269714384,0.0005327435223877842,0.005562991351639393,0.014041747648650462,212137.74810850582,137636.7382822283,163390.16118653808,18523.298407213755,248490.38251528583,380123.79682093963,186090.2059379679,116752.45910416928,139111.4337335327,10271.246088784312,243143.8088692866,333268.47669739166,0.0,0.0,0.0,0.0,0.0,0.0,0.0030892682335089713,0.006440238280436567,0.007038629033740575,0.006861202475662364,0.25343755855666045,0.00276990757904704,0.005351355340939527,0.002756781596909358,0.014322204437642306,0.006765288902503323,0.05689334820165934,0.6055721606200909,0.0016200736558767501,0.0046928656215126045,0.005482157491966384,0.005420269881915964,0.14295952166869028,0.0014237863905770302,0.003007800465490195,0.001389289459512605,0.008070285149495798,0.005767846448571427,0.03340213405003477,0.354986539914711
2026-09-18 23:14:38.128999949,4016.577966101696,6821.4264406779685,7298.392881355935,7148.7213559322045,275528.7213559322,2736.582711864409,5961.487118644064,3067.3891525423737,15274.738983050844,7028.1457627118625,70490.40406779661,674315.834713909,0.0068413632614145545,0.00621182177806257,0.0064094597298322694,0.0005339122295859014,0.005562991351639393,0.013856470911171101,223452.6110212182,137636.7382822283,169305.5776048009,15683.782551591914,248490.38251528583,377206.9041660935,197343.51252405922,116752.45910416928,144129.33094508838,7254.46053048716,243143.8088692866,330987.2986676409,0.0,0.0,0.0,0.0,0.0,0.0,0.0030924222177985882,0.0064468168343983145,0.0070458146669372945,0.006868206976686953,0.25369629480836803,0.002772736770986931,0.005356818461158105,0.0027595968192454232,0.014336825766194215,0.0067721986272301,0.05696162493554269,0.6061903776890372,0.0016200736558767501,0.0046928656215126045,0.005491205149411764,0.005423952634638656,0.1431626027140803,0.0014237863905770302,0.0030170020273725486,0.001389289459512605,0.008070285149495798,0.005767846448571427,0.03341421918339669,0.3556563771532427
2026-09-18 23:14:53.128999949,3975.303050847457,6819.144406779663,7298.392881355935,7148.7213559322045,275576.3450847458,2714.494576271186,5961.487118644064,3078.0854237288127,15272.917627118644,7032.648813559315,70243.04745762711,673902.5792284787,0.0068413632614145545,0.00621182177806257,0.0064094597298322694,0.0005328336436833742,0.005562991351639393,0.01382282838199318,223452.6110212182,137636.7382822283,169305.5776048009,18836.45682830949,248490.38251528583,374367.0417054837,197343.51252405922,116752.45910416928,144129.33094508838,6962.486184931535,243143.8088692866,322108.2547056097,0.0,0.0,0.0,0.0,0.0,0.0,0.003095576202088206,0.0064533953883600635,0.007053000300134018,0.006875211477711543,0.2539550310600757,0.0027755659629268214,0.005362281581376685,0.0027624120415814892,0.01435144709474613,0.006779108351956877,0.05702990166942606,0.6068085947579835,0.0016218084474621845,0.004693100178571426,0.005491205149411764,0.005423952634638656,0.14324912389169125,0.001421929514218487,0.0030170020273725486,0.0013947827844033604,0.008082184119932771,0.005767474077647056,0.03342723576816541,0.3557970027362857
2026-09-18 23:15:08.128999949,3975.303050847457,6819.144406779663,7325.341016949153,7176.462711864408,275600.29728813557,2714.494576271186,5972.198644067796,3078.0854237288127,15272.917627118644,7032.648813559315,70063.66677966101,673544.5531210764,0.0068413632614145545,0.00621182177806257,0.0064094597298322694,0.0005328336436833742,0.0055554444519219405,0.01371683322179826,223452.6110212182,137636.7382822283,169305.5776048009,18836.45682830949,237722.76910487862,371963.13317639433,197343.51252405922,116752.45910416928,144129.33094508838,6962.486184931535,232641.5339527477,319994.78031226946,0.0,0.0,0.0,0.0,0.0,0.0,0.0030931951900957377,0.006459857061661474,0.007061770834172698,0.006883636650055239,0.25421603553183736,0.0027734756076767796,0.005369201656674763,0.002764747404436168,0.014367048310823175,0.006785012438805079,0.05699710538511099,0.6074367970039178,0.0016218084474621845,0.004693100178571426,0.005502084091137254,0.005432903043137254,0.14343093584738997,0.001421929514218487,0.0030249602125042015,0.0013947827844033604,0.008082184119932771,0.005767474077647056,0.033451496817321985,0.35619959807703455
2026-09-18 23:15:23.128999949,3936.038644067798,6843.026440677971,7325.341016949153,7176.462711864408,275674.9698305084,2698.8772881355962,5972.198644067796,3059.923728813561,15288.693559322028,7044.345762711864,69864.87355932202,673446.0161357811,0.0068413632614145545,0.00637105406716879,0.006181317879179941,0.0005328336436833742,0.005455058583916887,0.013714734891623266,223452.6110212182,125633.82611342685,163279.22133942944,18836.45682830949,228364.79472744753,370182.16852957587,197343.51252405922,122238.91787299838,138999.111912422,6962.486184931535,223483.582772667,318441.6101448311,0.0,0.0,0.0,0.0,0.0,0.0,0.0030963435295515195,0.006466435496695487,0.007068958080431201,0.006890642596994014,0.2544747740930618,0.0027762997825067116,0.005374666259735986,0.0027675621374293655,0.014381670636673513,0.006791921138124806,0.05706470080010628,0.6080550240780984,0.0016236423968571435,0.004701144086543417,0.005502084091137254,0.005432903043137254,0.14352354495094802,0.0014210467397142862,0.0030249602125042015,0.0014011256150476192,0.008098976339523806,0.005766451529680671,0.03346367858933612,0.35642671389523184
2026-09-18 23:15:38.128999949,3936.038644067798,6843.026440677971,7354.0006779661035,7192.134915254238,275774.97355932195,2698.8772881355962,5982.058983050845,3059.923728813561,15288.693559322028,7044.345762711864,69711.01016949152,674414.3896257173,0.0068413632614145545,0.00637105406716879,0.006186388270087007,0.0005328336436833742,0.005455058583916887,0.013518240667076135,223452.6110212182,125633.82611342685,148328.9003058249,18836.45682830949,228364.79472744753,365440.0292942971,197343.51252405922,122238.91787299838,123613.49189163535,6962.486184931535,223483.582772667,314076.48401190276,0.0,0.0,0.0,0.0,0.0,0.0,0.0030994918690073025,0.006473013931729502,0.007076145326689706,0.0068976485439327904,0.2547335126542863,0.002779123957336644,0.005380130862797211,0.002770376870422562,0.014396292962523856,0.006798829837444536,0.05713229621510159,0.608673251152279,0.0016236423968571435,0.004701144086543417,0.005516186677142857,0.00543977966727171,0.14372647255326232,0.0014210467397142862,0.003032388016000001,0.0014011256150476192,0.008098976339523806,0.005766451529680671,0.03348879666919515,0.35716960137103065
2026-09-18 23:15:53.128999949,3894.5623728813534,6843.2613559322,7354.0006779661035,7192.134915254238,275821.8437288136,2670.196271186443,5982.058983050845,3046.7593220338995,15291.268474576267,7049.678644067796,69463.56508474576,674256.2170009128,0.0068179381145361375,0.00637105406716879,0.006186388270087007,0.0005355605035826639,0.005455058583916887,0.013447506796729836,231917.63634390457,125633.82611342685,148328.9003058249,18139.833478425855,228364.79472744753,363085.2495868192,204760.3372779965,122238.91787299838,123613.49189163535,6704.149646197459,223483.582772667,312107.73031365906,0.0,0.0,0.0,0.0,0.0,0.0,0.0031026402084630843,0.006479592366763514,0.007083332572948209,0.0069046544908715635,0.2549922512155108,0.0027819481321665757,0.005385595465858435,0.0027731916034157596,0.014410915288374194,0.006805738536764263,0.05719989163009688,0.6092914782264596,0.0016249981412549011,0.004702732242907561,0.005516186677142857,0.00543977966727171,0.14381458924840831,0.0014195698713165266,0.003032388016000001,0.0014071576466890751,0.008114983702610643,0.005765081215142856,0.03349755247324869,0.35732847938344586
2026-09-18 23:16:08.128999949,3894.5623728813534,6843.2613559322,7370.844406779665,7204.338305084745,275854.4298305084,2670.196271186443,5990.552542372881,3046.7593220338995,15291.268474576267,7049.678644067796,69283.63220338983,674485.673049777,0.0068179381145361375,0.00621506555879549,0.006186388270087007,0.0005397603098581357,0.005455058583916887,0.013433628707437436,231917.63634390457,118841.71578328927,148328.9003058249,15162.926121959437,228364.79472744753,359160.4824972133,204760.3372779965,115632.30089176373,123613.49189163535,3513.826708363396,223483.582772667,307782.9574785924,0.0,0.0,0.0,0.0,0.0,0.0,0.003099992666465222,0.006487183759633287,0.007093407274016238,0.006912924908101423,0.2552620723416405,0.0027798038304571587,0.005392044526571048,0.0027758309474483736,0.01442676580873417,0.006811661099110117,0.05717665865322972,0.6099814087649404,0.0016249981412549011,0.004702732242907561,0.005524277144560224,0.005446263113243696,0.14401024315530406,0.0014195698713165266,0.0030389124930084045,0.0014071576466890751,0.008114983702610643,0.005765081215142856,0.0335215569139894,0.3578358439228886
2026-09-18 23:16:23.128999949,3859.126779661016,6876.6071186440695,7370.844406779665,7204.338305084745,275940.3844067796,2665.555932203389,5990.552542372881,3077.176271186442,15327.439322033902,7057.168474576271,69090.373220339,674492.2486184717,0.00661321675803741,0.00621506555879549,0.006186388270087007,0.0005397603098581357,0.005476286775873717,0.013312036618842914,218364.47388173838,118841.71578328927,148328.9003058249,15162.926121959437,237577.35753268184,359689.84705448436,192802.35588649937,115632.30089176373,123613.49189163535,3513.826708363396,232605.39835630023,307869.93592590187,0.0,0.0,0.0,0.0,0.0,0.0,0.0031031351190397476,0.006493763223725428,0.00710059744711922,0.00691993213675996,0.2555208221350009,0.002782622958844693,0.005397510127519559,0.002778645502326423,0.014441389379533626,0.006818568796942096,0.05724362055637342,0.6105997083733814,0.0016262683467226891,0.004714510932795518,0.005524277144560224,0.005446263113243696,0.14410838446952068,0.0014197634369747896,0.0030389124930084045,0.001413622455882353,0.008135427349915965,0.005765822432571429,0.03354310544676916,0.35809062364809563
2026-09-18 23:16:38.128999949,3859.126779661016,6876.6071186440695,7391.559661016943,7225.16949152542,276050.3338983051,2665.555932203389,6000.815593220335,3077.176271186442,15327.439322033902,7057.168474576271,68939.07559322035,675387.0739108445,0.00661321675803741,0.00621506555879549,0.006186388270087007,0.0005397603098581357,0.005387316984190389,0.013318193629580423,218364.47388173838,118841.71578328927,148328.9003058249,15162.926121959437,227991.91855753178,358834.0160995811,192802.35588649937,115632.30089176373,123613.49189163535,3513.826708363396,223220.561036826,307220.6690968271,0.0,0.0,0.0,0.0,0.0,0.0,0.003106277571614273,0.0065003426878175695,0.007107787620222201,0.006926939365418496,0.2557795719283613,0.002785442087232227,0.005402975728468067,0.0027814600572044716,0.014456012950333084,0.006825476494774073,0.057310582459517125,0.6112180079818224,0.0016262683467226891,0.004714510932795518,0.005534106833266102,0.0054556831321008374,0.14431493590964764,0.0014197634369747896,0.0030467734101680675,0.001413622455882353,0.008135427349915965,0.005765822432571429,0.03357382341828989,0.3587870316847681
2026-09-18 23:16:53.128999949,3822.861355932204,6898.1796610169495,7391.559661016943,7225.16949152542,276129.1830508475,2674.656610169491,6000.815593220335,3083.116271186439,15342.815593220334,7074.878644067794,68737.0972881356,675437.0655809912,0.006578409035994764,0.006425981058099541,0.006186388270087007,0.0005397603098581357,0.005387316984190389,0.013213912420303852,207291.3584990612,110373.52730897507,148328.9003058249,15162.926121959437,227991.91855753178,356817.73177992733,181074.28199648997,107447.57588917935,123613.49189163535,3513.826708363396,223220.561036826,305394.7946429493,0.0,0.0,0.0,0.0,0.0,0.0,0.003109420024188799,0.00650692215190971,0.007114977793325182,0.006933946594077033,0.2560383217217218,0.0027882612156197605,0.005408441329416577,0.0027842746120825203,0.014470636521132544,0.006832384192606052,0.05737754436266083,0.6118363075902633,0.0016287453434621843,0.004722804936666664,0.005534106833266102,0.0054556831321008374,0.1444124835573333,0.001419917078229691,0.0030467734101680675,0.0014201246813221283,0.008151232670028008,0.005769327095058823,0.03359561926400777,0.35893302444468855
2026-09-18 23:17:08.128999949,3822.861355932204,6898.1796610169495,7407.140338983052,7240.655593220341,276143.079661017,2674.656610169491,6003.085423728817,3083.116271186439,15342.815593220334,7074.878644067794,68572.4338983051,675045.0562866407,0.006578409035994764,0.006303797674598587,0.006186388270087007,0.0005327659936314133,0.005387316984190389,0.01313241208252237,207291.3584990612,106193.36060131543,148328.9003058249,14555.212685256254,227991.91855753178,356115.878407583,181074.28199648997,103380.85969209175,123613.49189163535,3372.996390537973,223220.561036826,305115.33030573535,0.0,0.0,0.0,0.0,0.0,0.0,0.0031078070594750106,0.006517463025413632,0.007123007762438013,0.006941781030886843,0.25631274446415864,0.0027872213219985154,0.0054141882484909365,0.0027870925783013718,0.014487737165411697,0.006839870582762211,0.0573630140332572,0.6125114254913067,0.0016287453434621843,0.004722804936666664,0.00553681247815126,0.0054632997227563014,0.1445952056646374,0.001419917078229691,0.0030529057030812337,0.0014201246813221283,0.008151232670028008,0.005769327095058823,0.033618366742702625,0.35922470227352254
2026-09-18 23:17:23.128999949,3786.0284745762733,6935.18338983051,7407.140338983052,7240.655593220341,276234.12,2666.175254237287,6003.085423728817,3067.489830508476,15383.477288135591,7098.782033898304,68395.58847457629,675380.0058723155,0.006578409035994764,0.006303797674598587,0.0059873852234453954,0.0005150193320137021,0.005387316984190389,0.013020376639343922,207291.3584990612,106193.36060131543,126586.99468217869,15014.657423433426,227991.91855753178,352613.2632325704,181074.28199648997,103380.85969209175,102637.8437423837,3479.467211475756,223220.561036826,301911.77362248267,0.0,0.0,0.0,0.0,0.0,0.0,0.0031109447015127984,0.006524046497073549,0.00713019878335569,0.006948789094652025,0.2565715100808928,0.0027900365466948717,0.0054196541334437034,0.0027899071366684434,0.014502363236936662,0.006846778866163023,0.05742938591925076,0.6131297823221338,0.0016307510318431366,0.004735071765882351,0.00553681247815126,0.0054632997227563014,0.14469917879623093,0.0014202362768627446,0.0030529057030812337,0.001427018255333333,0.008175127019568625,0.005780071779047616,0.03364094230783478,0.35954827477973533
2026-09-18 23:17:38.128999949,3786.0284745762733,6935.18338983051,7428.670169491525,7266.926440677971,276233.42440677976,2666.175254237287,5999.81491525424,3067.489830508476,15383.477288135591,7098.782033898304,68230.92508474576,675543.2483235865,0.006578409035994764,0.006303797674598587,0.0059873852234453954,0.0005337665561180982,0.005305592771657657,0.013016575142370484,207291.3584990612,106193.36060131543,126586.99468217869,15561.206125726316,205906.06296502484,347127.15484671766,181074.28199648997,103380.85969209175,102637.8437423837,3606.1233339214637,201603.3928765301,296744.032863174,0.0,0.0,0.0,0.0,0.0,0.0,0.003114082343550585,0.006530629968733469,0.00713738980427337,0.006955797158417207,0.25683027569762695,0.002792851771391228,0.0054251200183964695,0.002792721695035515,0.014516989308461629,0.0068536871495638325,0.057495757805244296,0.6137481391529609,0.0016307510318431366,0.004735071765882351,0.005546835099927172,0.005473000472857143,0.14488585685034733,0.0014202362768627446,0.0030606453440392154,0.001427018255333333,0.008175127019568625,0.005780071779047616,0.03366366632258434,0.36013903108323814
2026-09-18 23:17:53.128999949,3750.8216949152547,6952.518305084743,7428.670169491525,7266.926440677971,276298.7186440678,2663.2189830508496,5999.81491525424,3085.340338983049,15391.35152542372,7128.170847457632,68016.78,675534.8766304813,0.0064072085555281115,0.006303797674598587,0.0059873852234453954,0.0005337665561180982,0.005305592771657657,0.012950279830948616,196643.2338966304,106193.36060131543,126586.99468217869,15561.206125726316,205906.06296502484,349045.6929532475,171781.26980472196,103380.85969209175,102637.8437423837,3606.1233339214637,201603.3928765301,298413.6426571169,0.0,0.0,0.0,0.0,0.0,0.0,0.003117219985588371,0.0065372134403933885,0.0071445808251910485,0.0069628052221823895,0.2570890413143611,0.0027956669960875844,0.0054305859033492365,0.0027955362534025866,0.014531615379986594,0.006860595432964642,0.05756212969123784,0.6143664959837879,0.0016312111724033612,0.0047421685814565805,0.005546835099927172,0.005473000472857143,0.14497988437086834,0.0014204978671596637,0.0030606453440392154,0.0014331179739159661,0.00819118198373109,0.00578944987902521,0.033679557776698295,0.3603288371650284
2026-09-18 23:18:08.128999949,3750.8216949152547,6952.518305084743,7454.275932203392,7288.55084745763,276296.3816949153,2663.2189830508496,5997.64271186441,3085.340338983049,15391.35152542372,7128.170847457632,67816.69322033897,674749.8673216521,0.006366426322785805,0.006204860176201203,0.0059873852234453954,0.0005272543838688864,0.005305592771657657,0.012838278893031454,188153.18944153958,102644.69088903867,126586.99468217869,18784.935028356198,205906.06296502484,345130.9635484879,162395.35841040418,99927.82192582417,102637.8437423837,3479.9174882633174,201603.3928765301,294591.72395179037,0.0,0.0,0.0,0.0,0.0,0.0,0.0031157872306799062,0.00654678745519469,0.007154207654747828,0.0069725670692361566,0.2573627115737092,0.002794705878436246,0.005435830014997537,0.0027980627377866937,0.01454815004355063,0.006870948641535596,0.057544053420365573,0.6150589909193496,0.0016312111724033612,0.0047421685814565805,0.0055525243939943975,0.00548189522310364,0.14516374238292062,0.0014204978671596637,0.0030664009155966384,0.0014331179739159661,0.00819118198373109,0.00578944987902521,0.03369518108350549,0.36064358789320844
2026-09-18 23:18:23.128999949,3713.6227118644088,6980.052203389827,7454.275932203392,7288.55084745763,276365.9776271187,2667.5542372881355,5997.64271186441,3088.519322033901,15419.974576271195,7146.427118644075,67633.58135593218,674818.059571643,0.006366426322785805,0.006387219000832595,0.0059873852234453954,0.0005272543838688864,0.005305592771657657,0.012841081787310811,188153.18944153958,96359.4798237635,126586.99468217869,18784.935028356198,205906.06296502484,345332.4942492669,162395.35841040418,93966.20928530583,102637.8437423837,3479.9174882633174,201603.3928765301,294604.3974699836,0.0,0.0,0.0,0.0,0.0,0.0,0.0031189202679782935,0.0065533739400737215,0.007161401124841914,0.006979577901897446,0.25762149217048336,0.0027975172984631277,0.005441295676959903,0.0028008770059318546,0.014562778034142028,0.006877860395903875,0.057609863383525875,0.6156774221650932,0.0016333126574733894,0.004756141757983191,0.0055525243939943975,0.00548189522310364,0.14526318258504695,0.0014216200675910365,0.0030664009155966384,0.0014397797035462182,0.00821338245857143,0.005795514783058825,0.033719373802386245,0.3608706650636078
2026-09-18 23:18:38.128999949,3713.6227118644088,6980.052203389827,7484.552542372883,7306.68813559322,276364.186779661,2667.5542372881355,5999.808813559319,3088.519322033901,15419.974576271195,7146.427118644075,67442.6593220339,674468.3119378656,0.006366426322785805,0.006387219000832595,0.0059873852234453954,0.0005272543838688864,0.005305592771657657,0.012663174628866068,188153.18944153958,96359.4798237635,126586.99468217869,18784.935028356198,205906.06296502484,343648.24334161635,162395.35841040418,93966.20928530583,102637.8437423837,3479.9174882633174,201603.3928765301,293262.93695689726,0.0,0.0,0.0,0.0,0.0,0.0,0.0031220533052766803,0.006559960424952756,0.007168594594936,0.006986588734558737,0.25788027276725756,0.002800328718490009,0.0054467613389222675,0.0028036912740770164,0.014577406024733423,0.006884772150272153,0.05767567334668619,0.6162958534108369,0.0016333126574733894,0.004756141757983191,0.005564648643529411,0.005490731529490195,0.145449185450488,0.0014216200675910365,0.0030728708441568626,0.0014397797035462182,0.00821338245857143,0.005795514783058825,0.03374750317774977,0.36139663556349655
2026-09-18 23:18:53.128999949,3679.077966101693,6995.96847457627,7484.552542372883,7306.68813559322,276426.28067796613,2660.15593220339,5999.808813559319,3071.553559322034,15437.410169491517,7168.634237288129,67222.70542372881,674245.770651315,0.006366426322785805,0.006387219000832595,0.0056111190855070705,0.0005272543838688864,0.005025768474339339,0.012567836918121137,188153.18944153958,96359.4798237635,138047.60369547745,18784.935028356198,203167.9800562858,339082.85561460414,162395.35841040418,93966.20928530583,114091.73610499277,3479.9174882633174,198918.7885214044,289434.3220767749,0.0,0.0,0.0,0.0,0.0,0.0,0.0031251863425750676,0.0065665469098317875,0.007175788065030085,0.0069935995672200275,0.25813905336403176,0.002803140138516891,0.005452227000884633,0.0028065055422221773,0.014592034015324822,0.006891683904640435,0.05774148330984649,0.6169142846565806,0.0016356512156862747,0.004764625717478993,0.005564648643529411,0.005490731529490195,0.14554640087185183,0.0014207662240896363,0.0030728708441568626,0.0014447364033613448,0.008227457649859944,0.005803742453949578,0.03376612731737947,0.3615799770699592
2026-09-18 23:19:08.128999949,3679.077966101693,6995.96847457627,7493.49152542373,7313.961355932206,276403.3016949153,2660.15593220339,5993.792542372883,3071.553559322034,15437.410169491517,7168.634237288129,66997.93728813558,673269.9618474707,0.006241536768990458,0.006256523384341141,0.005804629209814654,0.0005272543838688864,0.005069313638623677,0.012489318912913177,181021.16055982574,92673.08424380716,142808.4381287502,18784.935028356198,204928.3044950336,330707.4274040978,156238.00367323944,90369.21204218916,118026.40683639285,3479.9174882633174,200642.29635301908,281702.3335945293,0.0,0.0,0.0,0.0,0.0,0.0,0.0031239051635011156,0.006575668921788934,0.007184973057790988,0.007001484628044088,0.2584034544378205,0.0028023902164213527,0.005457531939185475,0.0028087460552739182,0.014609659006182866,0.00690126291435252,0.057728021215352435,0.6175046401977169,0.0016356512156862747,0.004764625717478993,0.00557148132259944,0.00549505622292437,0.1457234081058699,0.0014207662240896363,0.0030789583501400573,0.0014447364033613448,0.008227457649859944,0.005803742453949578,0.03378359131051706,0.3618912580875354
2026-09-18 23:19:23.128999949,3646.552881355934,7011.237966101692,7493.49152542373,7313.961355932206,276451.8193220339,2657.294237288136,5993.792542372883,3062.35525423729,15477.229830508479,7178.247457627123,66824.41728813558,673278.8671832761,0.006241536768990458,0.006256523384341141,0.005804629209814654,0.0005285495606953455,0.005225419714120429,0.012497349615960567,181021.16055982574,92673.08424380716,142808.4381287502,15190.570385437126,211238.93264973754,328125.8869077301,156238.00367323944,90369.21204218916,118026.40683639285,33.40159971668286,206820.9397937571,278419.6837937248,0.0,0.0,0.0,0.0,0.0,0.0,0.0031270337712655063,0.006582257951240071,0.007192168522315752,0.007008496336210085,0.25866224065201054,0.0028051980628068943,0.0054629974401894914,0.0028115597477103306,0.014624289998150736,0.006908177345410084,0.05779330291293631,0.6181230432042476,0.0016385491959327728,0.004775721109019608,0.00557148132259944,0.00549505622292437,0.1458234791874858,0.0014208848874957979,0.0030789583501400573,0.0014504766279159664,0.00824635822262185,0.005812540976268907,0.033814192026917045,0.3621440421932953
2026-09-18 23:19:38.128999949,3646.552881355934,7011.237966101692,7510.975932203384,7316.225084745758,276456.90203389834,2657.294237288136,5988.182033898303,3062.35525423729,15477.229830508479,7178.247457627123,66594.99355932203,673246.9235067931,0.006191145116867311,0.006256523384341141,0.005804629209814654,0.0005285495606953455,0.005225419714120429,0.012429554868960285,188899.97932082394,92673.08424380716,142808.4381287502,15190.570385437126,211238.93264973754,323800.48058133904,162868.26046171505,90369.21204218916,118026.40683639285,33.40159971668286,206820.9397937571,274214.88999664417,0.0,0.0,0.0,0.0,0.0,0.0,0.0031301623790298974,0.0065888469806912086,0.0071993639868405184,0.007015508044376082,0.2589210268662007,0.0028080059091924363,0.005468462941193508,0.002814373440146742,0.014638920990118607,0.006915091776467649,0.05785858461052018,0.6187414462107782,0.0016385491959327728,0.004775721109019608,0.005579286814565825,0.005494695051507001,0.1460077710551852,0.0014208848874957979,0.003083677784974789,0.0014504766279159664,0.00824635822262185,0.005812540976268907,0.033836177504609564,0.3627213144340172
2026-09-18 23:19:53.128999949,3613.0179661016923,7016.570847457625,7510.975932203384,7316.225084745758,276504.3305084746,2644.981016949152,5988.182033898303,3074.3938983050825,15487.419661016947,7187.400000000001,66356.07559322033,672951.3576703744,0.006191145116867311,0.006402437347853359,0.005709669789709992,0.0005285495606953455,0.005225419714120429,0.012358559717782738,188899.97932082394,93755.21943634831,137346.5157832043,15190.570385437126,211238.93264973754,322746.81210936303,162868.26046171505,91340.52090806217,113525.74334539792,33.40159971668286,206820.9397937571,273296.84283041797,0.0,0.0,0.0,0.0,0.0,0.0,0.0031332909867942886,0.0065954360101423476,0.007206559451365284,0.0070225197525420795,0.2591798130803908,0.0028108137555779783,0.005473928442197524,0.002817187132583155,0.01465355198208648,0.006922006207525211,0.05792386630810407,0.6193598492173089,0.0016404038685378143,0.004781477883921568,0.005579286814565825,0.005494695051507001,0.14610309166145533,0.0014202262410644257,0.003083677784974789,0.0014566787052997195,0.00825462435297479,0.005821372862464987,0.03385336125986899,0.3629198975379985
2026-09-18 23:20:08.128999949,3613.0179661016923,7016.570847457625,7521.449491525425,7325.920677966097,276506.39288135595,2644.981016949152,5989.240677966104,3074.3938983050825,15487.419661016947,7187.400000000001,66115.53152542372,672011.6403229168,0.006191145116867311,0.006402437347853359,0.005709669789709992,0.0005285495606953455,0.005225419714120429,0.012198139863267777,188899.97932082394,93755.21943634831,137346.5157832043,15190.570385437126,211238.93264973754,323336.6715704079,162868.26046171505,91340.52090806217,113525.74334539792,33.40159971668286,206820.9397937571,269424.9737928579,0.0,0.0,0.0,0.0,0.0,0.0,0.0031322615780205332,0.006602879191441111,0.007214081218460668,0.007028132414111156,0.25943947829446296,0.002809956513754444,0.005478278444184112,0.002819393710225622,0.014670430371098423,0.006929708855016734,0.05790304044242726,0.6199295015999708,0.0016404038685378143,0.004781477883921568,0.005584843913546218,0.005499562163193276,0.14628097527874007,0.0014202262410644257,0.003087818438039217,0.0014566787052997195,0.00825462435297479,0.005821372862464987,0.03386703066294376,0.36318939848610554
2026-09-18 23:20:23.128999949,3580.9840677966117,7034.04305084746,7521.449491525425,7325.920677966097,276594.4586440678,2649.386440677969,5989.240677966104,3078.396610169493,15523.782711864407,7220.934915254235,65926.26000000001,671484.6377370793,0.006191145116867311,0.006264694416173607,0.005709669789709992,0.0005329113689116033,0.005070405170741738,0.012199322126637147,188899.97932082394,89862.67846566964,137346.5157832043,14962.331970216526,204972.42996096486,323727.7740724733,162868.26046171505,87552.22668805669,113525.74334539792,32.251369912706906,200685.49894933152,270081.5371672661,0.0,0.0,0.0,0.0,0.0,0.0,0.003135386030020534,0.006609469074774445,0.007221277008460667,0.007035142726777821,0.25969826537746293,0.0028127606970877773,0.0054837428325174445,0.002822206795892289,0.01468506360476509,0.006936624074016733,0.057967813167661024,0.6205478558641111,0.0016433845149075627,0.004789801330890757,0.005584843913546218,0.005499562163193276,0.1463852800815773,0.0014198136476750696,0.003087818438039217,0.0014626100571148459,0.008269577350016804,0.005833418607641457,0.03388491391435637,0.3633721323586225
2026-09-18 23:20:38.128999949,3580.9840677966117,7034.04305084746,7549.767457627123,7334.902372881352,276668.64305084746,2649.386440677969,5991.266440677962,3078.396610169493,15523.782711864407,7220.934915254235,65726.96644067796,671876.1848572847,0.0060013583692380855,0.006264694416173607,0.005709669789709992,0.000534592710710949,0.005026860006457401,0.011983095611541676,183109.33606730777,89862.67846566964,137346.5157832043,15559.568113191874,203212.10552221708,317803.6821316635,157875.60775182364,87552.22668805669,113525.74334539792,33.54387951719837,198961.9911177169,264665.3695806535,0.0,0.0,0.0,0.0,0.0,0.0,0.0031385104820205335,0.006616058958107778,0.007228472798460667,0.007042153039444489,0.25995705246046297,0.002815564880421111,0.005489207220850778,0.0028250198815589554,0.014699696838431756,0.006943539293016734,0.058032585892894784,0.6211662101282516,0.0016433845149075627,0.004789801330890757,0.00559440855095238,0.005504438062941176,0.1465759786785552,0.0014198136476750696,0.003093880153764706,0.0014626100571148459,0.008269577350016804,0.005833418607641457,0.033904631715679034,0.36402625628122304
2026-09-18 23:20:53.128999949,3545.893220338982,7036.2213559322,7549.767457627123,7334.902372881352,276718.72141153173,2633.070508474577,5991.266440677962,3058.1999999999994,15524.972542372883,7241.547551519891,65477.34913063139,671661.2396002322,0.005985006343815706,0.006264694416173607,0.005626730066872741,0.000534592710710949,0.005067513807551717,0.011920825129914426,177125.71768278224,89862.67846566964,146176.50402675886,15559.568113191874,220551.95029859955,313551.07637798286,152724.90090948626,87552.22668805669,120806.53259588713,33.54387951719837,215914.21440151078,260463.69168653095,0.0,0.0,0.0,0.0,0.0,0.0,0.003141634934020534,0.0066226488414411104,0.007235668588460666,0.007049163352111154,0.26021583954346295,0.0028183690637544443,0.005494671609184111,0.0028278329672256227,0.01471433007209842,0.006950454512016733,0.058097358618128536,0.6217845643923918,0.0016438925308235291,0.004793027169411764,0.00559440855095238,0.005504438062941176,0.14666977310713475,0.0014193745807058824,0.003093880153764706,0.0014694915501176466,0.008273144224941176,0.005841687060655462,0.03391217787494591,0.3641888621648329
2026-09-18 23:21:08.128999949,3545.893220338982,7036.2213559322,7567.517288135597,7350.058983050845,276720.14615729445,2633.070508474577,5989.80508474576,3058.1999999999994,15524.972542372883,7241.547551519891,65238.88268995343,671159.4737196822,0.005985006343815706,0.006264694416173607,0.005626730066872741,0.000534592710710949,0.005067513807551717,0.011845877816672932,177125.71768278224,89862.67846566964,146176.50402675886,15559.568113191874,220551.95029859955,311348.94174490497,152724.90090948626,87552.22668805669,120806.53259588713,33.54387951719837,215914.21440151078,257341.74665837252,0.0,0.0,0.0,0.0,0.0,0.0,0.0031403678755417886,0.006630351173226759,0.00724366991945042,0.0070569132819494245,0.2604817344302693,0.002817322712051682,0.005499679959165936,0.002830054354359451,0.014728641892731341,0.006959866330417308,0.05807888941650949,0.6223537377229301,0.0016438925308235291,0.004793027169411764,0.00560505325587675,0.005514805545187674,0.14685422916926735,0.0014193745807058824,0.0030995323962352927,0.0014694915501176466,0.008273144224941176,0.005841687060655462,0.03393386663920046,0.3645021229486468
2026-09-18 23:21:23.128999949,3513.850169491526,7054.135932203389,7567.517288135597,7350.058983050845,276797.57491525426,2608.221355932204,5989.80508474576,3066.3671186440697,15559.550847457633,7263.957966101693,65038.33830508475,670826.9575991202,0.005891565640408385,0.006257287905988811,0.005483025824266952,0.000534592710710949,0.005067513807551717,0.011786543165833737,164618.88458998274,91076.25645872601,138974.06671607224,15559.568113191874,220551.95029859955,310222.26503357536,139507.12029651258,88666.75394876779,114854.12948201859,33.54387951719837,215914.21440151078,256600.62415936665,0.0,0.0,0.0,0.0,0.0,0.0,0.0031434879558870743,0.006636942164262616,0.007250866509755866,0.007063924329426184,0.26074052856805147,0.0028201230623172866,0.0055051438944249,0.0028328668510393977,0.01474327480707397,0.006966784034932581,0.05814318007004805,0.6229720430169335,0.0016451181840056023,0.004801471004739496,0.00560505325587675,0.005514805545187674,0.14695299932674757,0.001420046674789916,0.0030995323962352927,0.0014769452596078425,0.008285561576862745,0.005853375678857143,0.03394950867599551,0.36476281033557695
2026-09-18 23:21:38.128999949,3513.850169491526,7054.135932203389,7587.482033898303,7354.562033898303,276846.1932203389,2608.221355932204,5990.946101694919,3066.3671186440697,15559.550847457633,7263.957966101693,64812.215593220324,671122.2951337247,0.005891565640408385,0.006124058406896786,0.005483025824266952,0.000534592710710949,0.005067513807551717,0.011581003430821368,164618.88458998274,87446.65893724244,138974.06671607224,15559.568113191874,220551.95029859955,297440.50922951195,139507.12029651258,85133.30501762079,114854.12948201859,33.54387951719837,215914.21440151078,252060.23628645972,0.0,0.0,0.0,0.0,0.0,0.0,0.0031466080362323595,0.006643533155298472,0.00725806310006131,0.007070935376902943,0.2609993227058337,0.0028229234125828903,0.005510607829683864,0.002835679347719345,0.0147579077214166,0.0069737017394478525,0.05820747072358662,0.623590348310937,0.0016451181840056023,0.004801471004739496,0.005613476835697477,0.005522727403266104,0.14715018985494116,0.001420046674789916,0.0031056934711204487,0.0014769452596078425,0.008285561576862745,0.005853375678857143,0.03397229614540004,0.36527052087931944
2026-09-18 23:21:53.128999949,3476.9959322033924,7043.152881355928,7587.482033898303,7354.562033898303,276886.0159322033,2596.631186440679,5990.946101694919,3070.809152542374,15574.893559322032,7279.770508474576,64519.614915254235,670719.4191707172,0.005891565640408385,0.006124058406896786,0.005483025824266952,0.0005007473456790092,0.0049909502944798685,0.011511987136721935,164618.88458998274,87446.65893724244,138974.06671607224,11803.306666666664,212952.78883182674,300986.9169566642,139507.12029651258,85133.30501762079,114854.12948201859,33.627654320987645,208478.0487532429,255329.6637398408,0.0,0.0,0.0,0.0,0.0,0.0,0.003149728116577645,0.006650124146334329,0.007265259690366756,0.007077946424379703,0.2612581168436159,0.002825723762848495,0.005516071764942828,0.0028384918443992917,0.01477254063575923,0.006980619443963125,0.05827176137712519,0.6242086536049404,0.0016457589705210088,0.004803550436420167,0.005613476835697477,0.005522727403266104,0.14724093166530963,0.001420492070812325,0.0031056934711204487,0.001484011815585434,0.008297123162151258,0.005863695964313725,0.033979017865236466,0.36537276800716345
2026-09-18 23:22:08.128999949,3476.9959322033924,7043.152881355928,7607.141694915261,7369.92610169492,276897.740338983,2596.631186440679,5991.016271186444,3070.809152542374,15574.893559322032,7279.770508474576,64290.853220339,669977.2907559472,0.005891565640408385,0.006124058406896786,0.005483025824266952,0.0005129216921982553,0.004946950789885192,0.011414088964835166,164618.88458998274,87446.65893724244,138974.06671607224,12090.272831685617,222096.3446617888,297855.8661640745,139507.12029651258,85133.30501762079,114854.12948201859,34.445221742694066,217236.61061889178,252478.947946913,0.0,0.0,0.0,0.0,0.0,0.0,0.00314814201337187,0.006656881720012192,0.007273870476741821,0.007086042010014043,0.26152150277134933,0.002824533190824449,0.005520358665099691,0.002840721688764264,0.014787200293335032,0.006990271619722265,0.05825226582595856,0.6247396391440305,0.0016457589705210088,0.004803550436420167,0.005615857549019608,0.005532728108,0.14742433574923744,0.001420492070812325,0.0031109392463193283,0.001484011815585434,0.008297123162151258,0.005863695964313725,0.03399594403103994,0.36558268997739896
2026-09-18 23:22:23.128999949,3447.359999999998,7056.143389830506,7607.141694915261,7369.92610169492,276977.593220339,2599.166440677965,5991.016271186444,3072.07220338983,15625.46745762712,7304.146779661013,64065.8593220339,669719.8806552996,0.005891565640408385,0.006124058406896786,0.005483025824266952,0.0005232783416652842,0.004946950789885192,0.011212236771412419,164618.88458998274,87446.65893724244,138974.06671607224,15546.169439966781,222096.3446617888,292212.49724580627,139507.12029651258,85133.30501762079,114854.12948201859,33.44289676698447,217236.61061889178,247337.2367526006,0.0,0.0,0.0,0.0,0.0,0.0,0.003151257427393034,0.006663472876427535,0.0072810684664905,0.007093054130715102,0.26178030144132286,0.0028273295840122795,0.0055258214356023365,0.002843533607745745,0.01480183323414191,0.0069971920357275565,0.058316096043228106,0.6253578579262725,0.0016489889517815122,0.004807710160672267,0.005615857549019608,0.005532728108,0.14752078146943853,0.0014237840679159662,0.0031109392463193283,0.0014931549209243689,0.008323098899798317,0.0058750883235294095,0.034010200988959426,0.3657912955268385
2026-09-18 23:22:38.128999949,3447.359999999998,7056.143389830506,7635.758644067798,7389.106779661017,277097.33898305084,2599.166440677965,5996.886101694916,3072.07220338983,15625.46745762712,7304.146779661013,63850.51525423729,670266.6457218499,0.005567661148372498,0.006125232717117796,0.005294286803696401,0.0005232783416652842,0.004946950789885192,0.011074093584098901,147241.23521612107,91689.30325464587,139093.43089500724,15546.169439966781,222096.3446617888,291836.2958497565,122003.12939137884,89246.70438623286,114953.60229728027,33.44289676698447,217236.61061889178,246906.533800158,0.0,0.0,0.0,0.0,0.0,0.0,0.0031543728414141986,0.006670064032842879,0.0072882664562391765,0.00710006625141616,0.26203910011129644,0.00283012597720011,0.005531284206104982,0.0028463455267272266,0.01481646617494879,0.007004112451732847,0.05837992626049764,0.6259760767085147,0.0016489889517815122,0.004807710160672267,0.005625072723439777,0.005548304434341736,0.14772765287325862,0.0014237840679159662,0.003119220672941175,0.0014931549209243689,0.008323098899798317,0.0058750883235294095,0.03404098342734044,0.36633359746114263
2026-09-18 23:22:53.128999949,3414.8257627118637,7052.503728813561,7635.758644067798,7389.106779661017,277163.0320768875,2579.735593220337,5996.886101694916,3050.2922033898285,15644.657288135613,7320.679526575467,63626.96970858238,669954.020394113,0.005586467055876985,0.006125232717117796,0.005294286803696401,0.0005232783416652842,0.004946950789885192,0.011022867311310688,157407.67495357542,91689.30325464587,139093.43089500724,15546.169439966781,222096.3446617888,286122.9557255907,132519.62202221734,89246.70438623286,114953.60229728027,33.44289676698447,217236.61061889178,241099.1673071017,0.0,0.0,0.0,0.0,0.0,0.0,0.0031574882554353625,0.006676655189258223,0.007295464445987854,0.007107078372117218,0.26229789878127,0.002832922370387941,0.005536746976607627,0.0028491574457087084,0.014831099115755668,0.007011032867738139,0.05844375647776717,0.6265942954907567,0.0016518475545994392,0.004808195763305321,0.005625072723439777,0.005548304434341736,0.14781871961677556,0.0014253584468571425,0.003119220672941175,0.0015009799216582629,0.008339532987249303,0.00588101671692437,0.03404765201463063,0.36647213941721973
2026-09-18 23:23:08.128999949,3414.8257627118637,7052.503728813561,7655.912542372885,7427.5688135593255,277266.30021248065,2579.735593220337,6000.769830508478,3050.2922033898285,15644.657288135613,7320.679526575467,63426.98665773492,669888.1007243021,0.005586467055876985,0.005933219602482999,0.005294286803696401,0.0005232783416652842,0.004946950789885192,0.010898628410167243,157407.67495357542,88815.03716391958,139093.43089500724,15546.169439966781,222096.3446617888,284916.1232534802,132519.62202221734,86449.0086134337,114953.60229728027,33.44289676698447,217236.61061889178,239903.03856252134,0.0,0.0,0.0,0.0,0.0,0.0,0.0031575477110932365,0.006682377327159289,0.007306244451477032,0.007118917437249606,0.26256947733412406,0.0028327828959390203,0.005541927290738999,0.0028520907175702682,0.01484914484406915,0.007020544121598771,0.05843327466721387,0.6271904219921834,0.0016518475545994392,0.004808195763305321,0.005634253459058823,0.005563575726319327,0.14802069600015935,0.0014253584468571425,0.0031263877866666663,0.0015009799216582629,0.008339532987249303,0.00588101671692437,0.0340726727702046,0.3668743968886703
2026-09-18 23:23:23.128999949,3381.193220338982,7074.823728813559,7655.912542372885,7427.5688135593255,277348.44813559327,2550.731186440678,6000.769830508478,3051.0793220338956,15685.361694915238,7338.386440677966,63208.961694915255,669579.52833079,0.005586467055876985,0.005882175996507018,0.005294286803696401,0.0005232783416652842,0.004842975262167243,0.010770940237960505,157407.67495357542,88050.95963679753,139093.43089500724,15546.169439966781,226292.80272474675,281436.44539937284,132519.62202221734,85705.28607688176,114953.60229728027,33.44289676698447,207085.34552299,236954.23974291683,0.0,0.0,0.0,0.0,0.0,0.0,0.0031606601070089156,0.00668896762557826,0.00731344597189864,0.007125934315708105,0.26282828859532303,0.0028355763896807853,0.005547389782833862,0.002854902756437198,0.014863781148746359,0.007027467096565832,0.058496674289172115,0.6278086189012986,0.0016539710565938368,0.004815852579596638,0.005634253459058823,0.005563575726319327,0.1481161231132549,0.0014278398622016807,0.0031263877866666663,0.0015088192927675064,0.008366140009904759,0.0058874252812549,0.03408771705210966,0.36703790228553923
2026-09-18 23:23:38.128999949,3381.193220338982,7074.823728813559,7683.681355932204,7456.182711864403,277435.01593220345,2550.731186440678,6006.505423728812,3051.0793220338956,15685.361694915238,7338.386440677966,63019.73288135593,670198.3850063726,0.005586467055876985,0.0058987062632800385,0.005294286803696401,0.0005042700572079288,0.004762654242966185,0.010658247686154369,157407.67495357542,85656.88206676295,139093.43089500724,16049.690848689104,213300.16986512378,282893.2043067753,132519.62202221734,83374.98662442344,114953.60229728027,34.526071278679694,193535.1460154934,234569.23600621196,0.0,0.0,0.0,0.0,0.0,0.0,0.003163772502924594,0.006695557923997234,0.007320647492320246,0.007132951194166601,0.26308709985652196,0.0028383698834225516,0.005552852274928723,0.002857714795304128,0.014878417453423562,0.007034390071532894,0.05856007391113036,0.6284268158104134,0.0016539710565938368,0.004815852579596638,0.0056457479725546215,0.005578887324789915,0.14832091253002674,0.0014278398622016807,0.00313505020580392,0.0015088192927675064,0.008366140009904759,0.0058874252812549,0.034121222621353954,0.36761141794300217
2026-09-18 23:23:53.128999949,3348.87254237288,7084.409491525424,7683.681355932204,7456.182711864403,277500.06610169495,2535.101694915256,6006.505423728812,3048.3549152542364,15697.989152542366,7348.597627118641,62764.59355932202,669714.0712605419,0.005586467055876985,0.0058987062632800385,0.005180958444776588,0.0005258839927978029,0.004762654242966185,0.0103509621261835,157407.67495357542,85656.88206676295,147292.63687853995,15713.31728261542,213300.16986512378,269850.6299749041,132519.62202221734,83374.98662442344,121729.3895531781,33.79727177087354,193535.1460154934,221839.1424664831,0.0,0.0,0.0,0.0,0.0,0.0,0.003166884898840273,0.006702148222416205,0.007327849012741854,0.0071399680726251,0.26334591111772093,0.0028411633771643174,0.005558314767023585,0.0028605268341710586,0.014893053758100773,0.007041313046499956,0.05862347353308861,0.6290450127195285,0.0016567434514285712,0.004818818444963585,0.0056457479725546215,0.005578887324789915,0.14841027212453153,0.0014289616028571423,0.00313505020580392,0.0015157908542857144,0.00838372622285714,0.005890085011966386,0.034127150278286916,0.36766749245281327
2026-09-18 23:24:08.128999949,3348.87254237288,7084.409491525424,7686.512542372883,7493.9613559322,277562.20271186443,2535.101694915256,6012.2410169491495,3048.3549152542364,15697.989152542366,7348.597627118641,62549.0572881356,670110.3605899569,0.005586467055876985,0.005790479579372883,0.0050707287868862385,0.0005258839927978029,0.004762654242966185,0.010351563459303948,157407.67495357542,89420.12092370712,155125.82038415395,15713.31728261542,213300.16986512378,278857.5271097264,132519.62202221734,87008.13566266921,130342.64606797056,33.79727177087354,193535.1460154934,229447.2453785031,0.0,0.0,0.0,0.0,0.0,0.0,0.003166964094049694,0.006710355950750657,0.007337440081641843,0.007151368042618067,0.2636149541788024,0.0028405430306858485,0.005564711622591601,0.002862608646079287,0.014912222822959512,0.007048647183409209,0.058614997644324554,0.6296647984738728,0.0016567434514285712,0.004818818444963585,0.005652714105546218,0.005595712324817925,0.14860931786772483,0.0014289616028571423,0.003143709542857141,0.0015157908542857144,0.00838372622285714,0.005890085011966386,0.03415421668683472,0.3682580290101847
2026-09-18 23:24:23.128999949,3323.715254237287,7112.761016949154,7686.512542372883,7493.9613559322,277639.44101694913,2521.5925423728822,6012.2410169491495,3029.396949152544,15738.473898305077,7360.102372881354,62347.74711864408,669963.433685046,0.005265390448056873,0.005790479579372883,0.0050707287868862385,0.0005258839927978029,0.00469534696890125,0.010293947088434407,141991.27123782222,89420.12092370712,155125.82038415395,15713.31728261542,219422.30082466325,277885.14225048426,116718.32121918476,87008.13566266921,130342.64606797056,33.79727177087354,199953.03081486947,228654.2989782824,0.0,0.0,0.0,0.0,0.0,0.0,0.003170073506123185,0.006716947840514437,0.007344643948111658,0.0071583892243765965,0.2638737754885136,0.0028433331661845366,0.005570175032040419,0.002865419966617345,0.01492686357788077,0.007055570563002384,0.058677988018094145,0.6302829968502319,0.0016606076872156862,0.00483305349082353,0.005652714105546218,0.005595712324817925,0.14870948431091627,0.0014301666691764708,0.003143709542857141,0.0015224548780392165,0.008409956457568623,0.005889606191820728,0.03416893683720092,0.368414743384565
2026-09-18 23:24:38.128999949,3323.715254237287,7112.761016949154,7702.132881355925,7520.698983050849,277735.28338983044,2521.5925423728822,6013.571186440677,3029.396949152544,15738.473898305077,7360.102372881354,62136.56745762711,670791.9251672495,0.005274184494224564,0.005790479579372883,0.0050707287868862385,0.0005258839927978029,0.00469534696890125,0.010140219156455594,137614.10290706216,89420.12092370712,155125.82038415395,15713.31728261542,219422.30082466325,275224.64211860194,113004.87661536786,87008.13566266921,130342.64606797056,33.79727177087354,199953.03081486947,226159.49013639987,0.0,0.0,0.0,0.0,0.0,0.0,0.003173182918196676,0.006723539730278217,0.007351847814581475,0.007165410406135127,0.2641325967982249,0.002846123301683224,0.005575638441489238,0.0028682312871554025,0.01494150433280203,0.007062493942595559,0.058740978391863735,0.6309011952265912,0.0016606076872156862,0.00483305349082353,0.005658122449579828,0.005610998537316528,0.14890917473674134,0.0014301666691764708,0.0031505461094117645,0.0015224548780392165,0.008409956457568623,0.005889606191820728,0.034197431290619286,0.36908810973293066
2026-09-18 23:24:53.128999949,3300.22372881356,7125.174915254243,7702.132881355925,7520.698983050849,277800.8338983051,2510.1640677966116,6013.571186440677,3033.3050847457635,15784.764406779652,7371.323389830504,61930.2661016949,670303.5994211173,0.005274184494224564,0.005790479579372883,0.0050707287868862385,0.0005258839927978032,0.00469534696890125,0.009992961579385179,137614.10290706216,89420.12092370712,155125.82038415395,15713.317282615426,219422.30082466325,278148.7811408577,113004.87661536786,87008.13566266921,130342.64606797056,33.79727177087355,199953.03081486947,229216.47790690497,0.0,0.0,0.0,0.0,0.0,0.0,0.003176292330270166,0.006730131620041995,0.007359051681051292,0.007172431587893657,0.2643914181079362,0.0028489134371819116,0.005581101850938058,0.0028710426076934605,0.014956145087723294,0.0070694173221887355,0.05880396876563332,0.6315193936029504,0.0016648266290196071,0.004836801181344538,0.005658122449579828,0.005610998537316528,0.1489995548031746,0.0014306779399887958,0.0031505461094117645,0.001529633384694678,0.008432748323137255,0.005888418273557422,0.03420453684883056,0.3691537437258724
2026-09-18 23:25:08.128999949,3300.22372881356,7125.174915254243,7708.130847457624,7550.197627118646,277838.51186440676,2510.1640677966116,6010.547796610172,3033.3050847457635,15784.764406779652,7371.323389830504,61693.96576271186,669910.0743851734,0.005274184494224564,0.005598306188595915,0.0050707287868862385,0.0005241423599041079,0.004405031234517415,0.009935997065435955,137614.10290706216,86452.46209579075,155125.82038415395,15045.023001322743,201593.45191057413,270777.6622065753,113004.87661536786,84120.52536609884,130342.64606797056,32.35985896735572,181965.99401189943,222519.70392263914,0.0,0.0,0.0,0.0,0.0,0.0,0.0031775521118495645,0.006738612010264357,0.007367189737274138,0.007183277550627408,0.2646545682265398,0.0028479903361622876,0.005586651169486057,0.0028728267316202403,0.014978477610564532,0.0070761288690414596,0.058794868726549515,0.6321940775928856,0.0016648266290196071,0.004836801181344538,0.005668804293299717,0.005624844455798318,0.1491885177571889,0.0014306779399887958,0.003156488332549018,0.001529633384694678,0.008432748323137255,0.005888418273557422,0.03423319851884966,0.36946938842011234
2026-09-18 23:25:23.128999949,3275.74677966102,7140.148474576275,7708.130847457624,7550.197627118646,277907.9338983051,2505.1637288135607,6010.547796610172,3066.6661016949142,15834.093559322042,7390.272203389834,61465.69525423729,669762.2451794985,0.005274184494224564,0.005639125224583983,0.0050707287868862385,0.0005241423599041079,0.0045606375265514615,0.00984190377626623,137614.10290706216,96876.05786604155,155125.82038415395,15045.023001322743,208714.67486680247,271052.99487713986,113004.87661536786,94152.49527407007,130342.64606797056,32.35985896735572,188393.88341767865,222844.91488358603,0.0,0.0,0.0,0.0,0.0,0.0,0.0031806597115227675,0.006745205750787234,0.007374394517339499,0.007190302472849629,0.2649133937641215,0.002850776833221111,0.005592114662950109,0.002875637045672527,0.01499312588768871,0.007083052041263681,0.05885746721466918,0.6328123311212182,0.0016712103686218492,0.004844531564952381,0.005668804293299717,0.005624844455798318,0.149282877429164,0.0014318057243193278,0.003156488332549018,0.0015372073049747898,0.008459050853647058,0.005892660093176471,0.034246461225910206,0.36961484452617377
2026-09-18 23:25:38.128999949,3275.74677966102,7140.148474576275,7722.164745762715,7560.75050847457,277937.15186440677,2505.1637288135607,6010.019999999994,3066.6661016949142,15834.093559322042,7390.272203389834,61210.485762711854,670428.0903390022,0.005274184494224564,0.005546790196557307,0.004885019224784698,0.0005256727264006073,0.0045606375265514615,0.009564867710293131,137614.10290706216,81668.54608739044,151167.7929121895,15985.264773599385,208714.67486680247,256717.47272184127,113004.87661536786,79468.74416158452,126862.44751080731,34.38219493476592,188393.88341767865,208847.30979419537,0.0,0.0,0.0,0.0,0.0,0.0,0.0031837673111959697,0.00675179949131011,0.007381599297404858,0.007197327395071851,0.2651722193017032,0.002853563330279935,0.005597578156414162,0.0028784473597248147,0.0150077741648129,0.007089975213485904,0.05892006570278884,0.6334305846495507,0.0016712103686218492,0.004844531564952381,0.005679044179803923,0.005626822367372547,0.14947032281122438,0.0014318057243193278,0.003163825354084032,0.0015372073049747898,0.008459050853647058,0.005892660093176471,0.034266447472717745,0.37018918468996526
2026-09-18 23:25:53.128999949,3249.3416949152534,7148.126440677971,7722.164745762715,7560.75050847457,278003.49254237284,2497.811186440678,6010.019999999994,3066.0803389830526,15860.379661016961,7392.572542372885,60956.731525423726,669859.5320926125,0.0051903022452066145,0.005546790196557307,0.004885019224784698,0.0005256727264006073,0.004422696103870257,0.009517457561308841,147140.9374635349,81668.54608739044,151167.7929121895,15985.264773599385,202401.87341789156,260088.20698953766,108851.4140985379,79468.74416158452,126862.44751080731,34.38219493476592,182695.70632033722,211157.95338583642,0.0,0.0,0.0,0.0,0.0,0.0,0.0031868749108691728,0.006758393231832985,0.0073888040774702166,0.0072043523172940745,0.26543104483928487,0.002856349827338758,0.005603041649878214,0.002881257673777102,0.015022422441937078,0.007096898385708126,0.05898266419090852,0.6340488381778833,0.0016776177280224082,0.004848306247490196,0.005679044179803923,0.005626822367372547,0.14956348412819917,0.0014319450411764715,0.003163825354084032,0.0015439882671820727,0.008473671635641458,0.005895699529030813,0.03427252375497851,0.37022436243753953
2026-09-18 23:26:08.128999949,3249.3416949152534,7148.126440677971,7724.873898305084,7579.604745762712,278029.0677966101,2497.811186440678,6008.180338983048,3066.0803389830526,15860.379661016961,7392.572542372885,60718.075932203385,669164.1710653054,0.0050829179036312976,0.005546790196557307,0.004885019224784698,0.0005256727264006073,0.004384690791148995,0.00948083271643746,153162.09679271583,81668.54608739044,151167.7929121895,15985.264773599385,200662.5844606682,262546.6465844419,113122.1307377148,79468.74416158452,126862.44751080731,34.38219493476592,181125.75729185657,213809.8308773819,0.0,0.0,0.0,0.0,0.0,0.0,0.003188063430081771,0.006766112383759418,0.007396337885349415,0.007210996942264909,0.26568978135616356,0.0028555714020501305,0.005609646328633746,0.002883493412489106,0.0150430537591612,0.007104588087209982,0.05896867286284786,0.6346228643976157,0.0016776177280224082,0.004848306247490196,0.005687668324974789,0.005631229138733894,0.14975783862733888,0.0014319450411764715,0.0031707684523025205,0.0015439882671820727,0.008473671635641458,0.005895699529030813,0.03429336604396663,0.37054733136819346
2026-09-18 23:26:23.128999949,3225.26440677966,7157.822033898309,7724.873898305084,7579.604745762712,278109.25932203385,2477.4803389830518,6008.180338983048,3046.6769491525406,15919.816271186432,7416.442372881356,60488.61559322031,668957.6189377649,0.0050829179036312976,0.005546790196557307,0.004885019224784698,0.0005256727264006073,0.004449425063783852,0.009257234395125194,153162.09679271583,81668.54608739044,151167.7929121895,15985.264773599385,195525.84170229806,256406.02419219312,113122.1307377148,79468.74416158452,126862.44751080731,34.38219493476592,176495.77485295307,208143.32586141906,0.0,0.0,0.0,0.0,0.0,0.0,0.003191169156644271,0.006772707222952127,0.007403542985935352,0.007218021494022721,0.2659486067998484,0.0028583544196282558,0.005615110933776975,0.002886303165744314,0.015057707864629953,0.007111512007782899,0.05903089141181844,0.6352410747585591,0.001684804851512605,0.004856046332369748,0.005687668324974789,0.005631229138733894,0.1498608338631341,0.001432128745434173,0.0031707684523025205,0.0015510493169467784,0.008498230099775909,0.0059047700484369725,0.0343079612709206,0.3707454547803217
2026-09-18 23:26:38.128999949,3225.26440677966,7157.822033898309,7745.604406779662,7593.0315254237275,278178.0223728813,2477.4803389830518,6007.225423728812,3046.6769491525406,15919.816271186432,7416.442372881356,60274.85796610167,669271.1661369174,0.0050829179036312976,0.005546790196557307,0.004567888237773311,0.0005085190108820168,0.004449425063783852,0.009144878456067748,153162.09679271583,81668.54608739044,134320.91511706333,15463.634735280257,195525.84170229806,249898.76205062823,113122.1307377148,79468.74416158452,109668.05971798407,33.26023756244025,176495.77485295307,202808.36921427838,0.0,0.0,0.0,0.0,0.0,0.0,0.0031942748832067716,0.006779302062144835,0.007410748086521288,0.0072250460457805345,0.2662074322435333,0.00286113743720638,0.0056205755389202045,0.002889112918999523,0.015072361970098697,0.007118435928355815,0.05909310996078903,0.6358592851195025,0.001684804851512605,0.004856046332369748,0.005697613802694676,0.005635586379546218,0.15005143734427884,0.001432128745434173,0.00317734142932773,0.0015510493169467784,0.008498230099775909,0.0059047700484369725,0.034331086751503856,0.3711974358187327
2026-09-18 23:26:53.128999949,3199.5854237288127,7161.174915254233,7745.604406779662,7593.0315254237275,278256.02644067793,2446.437966101698,6007.225423728812,3059.5027118644066,15951.636610169486,7432.764406779662,60043.34135593219,668626.1699373096,0.0050829179036312976,0.005304791406941135,0.00473690745552324,0.0005271279937369315,0.004210217328916998,0.009046951639496918,153162.09679271583,80588.02775985449,139291.0051934369,18733.811341585868,177903.52332493706,249863.76522202967,113122.1307377148,78241.70926895352,113725.95446076829,32.36743906975221,158838.67114682216,199094.60822221823,0.0,0.0,0.0,0.0,0.0,0.0,0.003197380609769271,0.006785896901337543,0.007417953187107227,0.007232070597538347,0.2664662576872182,0.0028639204547845055,0.005626040144063434,0.002891922672254731,0.015087016075567448,0.007125359848928732,0.05915532850975961,0.636477495480446,0.001691396920336134,0.00485898817048179,0.005697613802694676,0.005635586379546218,0.1501449276360261,0.0014324855949579833,0.00317734142932773,0.0015581891152268905,0.00851633741640336,0.005908206282,0.03433573102562402,0.3713193666217776
2026-09-18 23:27:08.128999949,3199.5854237288127,7161.174915254233,7761.841016949153,7602.5379661017,278286.3122033899,2446.437966101698,6002.072542372881,3059.5027118644066,15951.636610169486,7432.764406779662,59846.83322033899,668304.0319193433,0.0050829179036312976,0.005304791406941135,0.00473690745552324,0.0005064596339560023,0.0043437811173181635,0.008936395206988511,153162.09679271583,80588.02775985449,139291.0051934369,19240.405784348965,183547.28626847753,253124.0351833062,113122.1307377148,78241.70926895352,113725.95446076829,33.24681325362695,163877.62590986135,200560.8702677308,0.0,0.0,0.0,0.0,0.0,0.0,0.0031987651898854304,0.006792717579721098,0.007426694675000259,0.007239033122603287,0.26673109569528747,0.0028631267956584095,0.0056315260478355805,0.002894702694974276,0.015109250122501184,0.007134614462741894,0.05914959598122437,0.6370361266264313,0.001691396920336134,0.00485898817048179,0.005705540740504203,0.005642925406655464,0.15033852519111113,0.0014324855949579833,0.003182714210487393,0.0015581891152268905,0.00851633741640336,0.005908206282,0.03436642539407987,0.3716639047422349
2026-09-18 23:27:23.128999949,3173.2200000000007,7183.15627118644,7761.841016949153,7602.5379661017,278400.67016949155,2437.3433898305066,6002.072542372881,3069.2837288135574,16010.081694915245,7464.542033898305,59655.566440677976,668080.8947630869,0.004846936047622793,0.005304791406941135,0.004626324216576292,0.0005240861609791722,0.0042869427278026395,0.00877904189677569,151289.522775479,80588.02775985449,131080.87077543532,19910.037695278403,176617.8541703521,250226.90107503353,111432.63502366719,78241.70926895352,107022.68333682332,34.40391603726211,157690.77943432506,197478.51661165265,0.0,0.0,0.0,0.0,0.0,0.0,0.0032018692430631213,0.006799312638735364,0.007433901266439946,0.007246057614172676,0.26698992696571544,0.002865906335865932,0.005636990673646217,0.0028975124193581924,0.015123911583266429,0.0071415406495123224,0.05921145819840117,0.6376542790945462,0.0016979198927675064,0.004868018792436974,0.005705540740504203,0.005642925406655464,0.15044315751681542,0.0014333937031148452,0.003182714210487393,0.001566209664997199,0.008541891916873948,0.005919873969299719,0.03438385739838876,0.37190896126173006
2026-09-18 23:27:38.128999949,3173.2200000000007,7183.15627118644,7792.163389830518,7607.818983050851,278488.7359322033,2437.3433898305066,5999.994915254235,3069.2837288135574,16010.081694915245,7464.542033898305,59458.18881355932,668301.1830988923,0.004846936047622793,0.005304791406941135,0.004626324216576292,0.0005240861609791722,0.0042869427278026395,0.00868618551421604,151289.522775479,80588.02775985449,131080.87077543532,19910.037695278403,176617.8541703521,249989.2021323321,111432.63502366719,78241.70926895352,107022.68333682332,34.40391603726211,157690.77943432506,197226.67454602788,0.0,0.0,0.0,0.0,0.0,0.0,0.003204973296240813,0.006805907697749631,0.007441107857879638,0.007253082105742066,0.26724875823614347,0.002868685876073455,0.005642455299456852,0.0029003221437421097,0.015138573044031664,0.00714846683628275,0.05927332041557797,0.6382724315626612,0.0016979198927675064,0.004868018792436974,0.005716781467210085,0.005651076978291317,0.1506425971907239,0.0014333937031148452,0.003188868326901961,0.001566209664997199,0.008541891916873948,0.005919873969299719,0.03441550494838245,0.37247040561980377
2026-09-18 23:27:53.128999949,3142.3423728813577,7187.201694915255,7792.163389830518,7607.818983050851,278552.120338983,2437.03525423729,5999.994915254235,3074.3359322033907,16040.163050847445,7489.39423728813,59228.43254237287,667947.424813214,0.004846936047622793,0.005304791406941135,0.004626324216576292,0.0005184597935280751,0.0042869427278026395,0.008636026586163756,151289.522775479,80588.02775985449,131080.87077543532,19203.851673533638,176617.8541703521,249013.2300184765,111432.63502366719,78241.70926895352,107022.68333682332,33.183648905143286,157690.77943432506,196506.2182698204,0.0,0.0,0.0,0.0,0.0,0.0,0.0032080773494185043,0.006812502756763899,0.007448314449319324,0.007260106597311457,0.26750758950657144,0.002871465416280977,0.005647919925267488,0.0029031318681260266,0.015153234504796907,0.007155393023053178,0.05933518263275475,0.6388905840307761,0.0017026774018039216,0.004876285236705881,0.005716781467210085,0.005651076978291317,0.1507417039954211,0.0014341623628235291,0.003188868326901961,0.0015747414919215685,0.00855796390384313,0.005928370295182069,0.03442752403522426,0.3725483136629033
2026-09-18 23:28:08.128999949,3142.3423728813577,7187.201694915255,7816.78983050848,7613.62474576271,278605.05254237296,2437.03525423729,5994.356949152542,3074.3359322033907,16040.163050847445,7489.39423728813,59013.14644067796,667515.0089572818,0.004846936047622793,0.005231195695426864,0.004626324216576292,0.0005184597935280751,0.0042869427278026395,0.00843787254732967,151289.522775479,77608.07259000085,131080.87077543532,19203.851673533638,176617.8541703521,242284.06396471686,111432.63502366719,75203.43845009325,107022.68333682332,33.183648905143286,157690.77943432506,190940.85462808615,0.0,0.0,0.0,0.0,0.0,0.0,0.003209094761370974,0.006819874102269575,0.007458238351600583,0.00726747095768189,0.2677734501170927,0.0028712905371477606,0.005653873582749893,0.0029071159598882857,0.015174995900813304,0.00716553298448146,0.0593341417454909,0.6394501126593118,0.0017026774018039216,0.004876285236705881,0.0057273922914061635,0.005658262674890756,0.1509352158074074,0.0014341623628235291,0.003196090842039215,0.0015747414919215685,0.00855796390384313,0.005928370295182069,0.03445439344789492,0.3729070239985279
2026-09-18 23:28:23.128999949,3111.181016949151,7201.934237288135,7816.78983050848,7613.62474576271,278704.726779661,2420.8291525423733,5994.356949152542,3055.908813559322,16084.226440677976,7530.156610169496,58826.675593220345,667296.7711853094,0.0047678636645079805,0.0048458918315249415,0.004626324216576292,0.0005184597935280751,0.0042869427278026395,0.008371230607175682,144995.1218854402,60835.69831189076,131080.87077543532,19203.851673533638,176617.8541703521,232163.82598923647,106796.48002625037,58826.95007699927,107022.68333682332,33.183648905143286,157690.77943432506,181847.33117247306,0.0,0.0,0.0,0.0,0.0,0.0,0.003212196793670715,0.006826469913316086,0.007465447569623839,0.007274495777772331,0.2680322881726483,0.002874067216088329,0.005659338681264104,0.002909926821645392,0.015189664224456717,0.007172462283900064,0.05939566667960411,0.6400682083855647,0.001707664411949579,0.004883782926140055,0.0057273922914061635,0.005658262674890756,0.15104175932450728,0.0014349537307058824,0.003196090842039215,0.001583004923865547,0.008579002463126054,0.005942944018319327,0.03446935781784835,0.37313480918923597
2026-09-18 23:28:38.128999949,3111.181016949151,7201.934237288135,7845.28779661017,7617.188135593223,278786.593220339,2420.8291525423733,5989.835593220334,3055.908813559322,16084.226440677976,7530.156610169496,58626.475932203386,667482.0079522586,0.0047678636645079805,0.0048878062965290415,0.004476312834076917,0.0005184597935280751,0.004155747613764794,0.008096649782157857,144995.1218854402,61361.89572539995,138945.61856777273,19203.851673533638,175001.26440677574,230936.8819149159,106796.48002625037,59335.77285431751,113421.81418726104,33.183648905143286,156126.07049443742,178674.72026575453,0.0,0.0,0.0,0.0,0.0,0.0,0.003215298825970457,0.006833065724362599,0.0074726567876470945,0.007281520597862769,0.26829112622820384,0.002876843895028898,0.005664803779778317,0.0029127376834024977,0.015204332548100129,0.007179391583318669,0.05945719161371731,0.6406863041118172,0.001707664411949579,0.004883782926140055,0.005736839226179271,0.0056632163925042014,0.15123075518561716,0.0014349537307058824,0.0032023242602857134,0.001583004923865547,0.008579002463126054,0.005942944018319327,0.034488799395243824,0.37369457074695955
2026-09-18 23:28:53.128999949,3075.7332203389815,7210.491864406781,7845.28779661017,7617.188135593223,278857.9828543589,2387.401016949152,5989.835593220334,3068.777288135593,16089.67220338982,7559.4319315615,58372.42378482279,667104.0691142179,0.0046366546007202076,0.005029735800491974,0.0043872057863779965,0.0005012159331647362,0.004155747613764794,0.007957861719775482,130641.28661277096,63143.68962110235,131601.89245152206,19747.977747307144,175001.26440677574,224213.927453128,91312.21646343071,61058.733278189226,107426.71573883425,34.12388156779807,156126.07049443742,172238.3388225239,0.0,0.0,0.0,0.0,0.0,0.0,0.0032184008582701986,0.006839661535409109,0.007479866005670348,0.007288545417953211,0.2685499642837594,0.002879620573969467,0.005670268878292528,0.002915548545159604,0.015219000871743542,0.007186320882737274,0.05951871654783052,0.6413043998380699,0.0017127684461624645,0.004886310217607842,0.005736839226179271,0.0056632163925042014,0.15133167329248676,0.0014358817535013997,0.0032023242602857134,0.0015907946534453774,0.008591772127058821,0.005953509709960782,0.03449522683321936,0.3738954767352387
2026-09-18 23:29:08.128999949,3075.7332203389815,7210.491864406781,7845.836949152537,7632.213559322035,278860.44488825713,2387.401016949152,5981.3664406779635,3068.777288135593,16089.67220338982,7559.4319315615,58128.282767873636,666817.3565580014,0.0046366546007202076,0.0049594168561659,0.0043872057863779965,0.0005055536518232981,0.004155747613764794,0.007905829711793634,130641.28661277096,73634.48845598972,131601.89245152206,19918.8844680941,175001.26440677574,224590.9414631636,91312.21646343071,58723.149849584086,107426.71573883425,34.419202981154946,156126.07049443742,172865.74769336698,0.0,0.0,0.0,0.0,0.0,0.0,0.0032190454765656795,0.006847187323070141,0.007487847909491591,0.00729538784458934,0.2688076082458826,0.002879073745129494,0.005674650931891141,0.0029189285560829044,0.015237953052641138,0.007197687784993585,0.0595112638592497,0.6418353675223778,0.0017127684461624645,0.004886310217607842,0.005739571675999999,0.005669936296470587,0.15150300244867973,0.0014358817535013997,0.0032074086731652667,0.0015907946534453774,0.008591772127058821,0.005953509709960782,0.03450232744847947,0.3743849958839898
2026-09-18 23:29:23.128999949,3049.712542372879,7225.685084745762,7845.836949152537,7632.213559322035,278944.84677966096,2375.429491525425,5981.3664406779635,3073.5884745762737,16130.828135593205,7596.597966101697,57908.51694915252,666643.047366552,0.0046366546007202076,0.0049594168561659,0.0043872057863779965,0.0005031939328730404,0.004155747613764794,0.007847618908836514,130641.28661277096,73634.48845598972,131601.89245152206,19825.911211985993,175001.26440677574,212994.79730533378,91312.21646343071,58723.149849584086,107426.71573883425,34.25854813228881,156126.07049443742,161884.01414089976,0.0,0.0,0.0,0.0,0.0,0.0,0.0032221451380843417,0.006853784031564349,0.007495057871525055,0.007302412489055235,0.26906644514260075,0.0028818472177807165,0.005680114987553948,0.0029217399669580653,0.01525262550116109,0.007204621365752917,0.05957245886799754,0.6424533792822085,0.00171923163662745,0.004899250149243697,0.005739571675999999,0.005669936296470587,0.15160951273455087,0.0014374726066890761,0.0032074086731652667,0.0015994500998431369,0.008616389675568624,0.005969380755831931,0.03452665072316879,0.3746179331576255
2026-09-18 23:29:38.128999949,3049.712542372879,7225.685084745762,7873.770508474586,7640.136610169489,279002.9166101696,2375.429491525425,5979.02338983051,3073.5884745762737,16130.828135593205,7596.597966101697,57681.604067796616,666803.8701830776,0.0046366546007202076,0.0049594168561659,0.0043872057863779965,0.0005230180053619705,0.0040127451628197575,0.007725652113471017,130641.28661277096,73634.48845598972,131601.89245152206,19145.829643394714,152619.31672619315,207640.53675012258,91312.21646343071,58723.149849584086,107426.71573883425,33.083388670393234,134184.3942033824,157614.0330820113,0.0,0.0,0.0,0.0,0.0,0.0,0.0032252447996030035,0.006860380740058559,0.007502267833558514,0.00730943713352113,0.2693252820393189,0.002884620690431939,0.005685579043216753,0.0029245513778332257,0.015267297949681036,0.007211554946512247,0.059633653876745366,0.6430713910420389,0.00171923163662745,0.004899250149243697,0.005750954368823531,0.005675584163142856,0.15180333287578585,0.0014374726066890761,0.003213074551955182,0.0015994500998431369,0.008616389675568624,0.005969380755831931,0.034546786237251464,0.37525673770303614
2026-09-18 23:29:53.128999949,3022.502033898303,7227.631525423732,7873.770508474586,7640.136610169489,279058.71661016956,2357.0420338983054,5979.02338983051,3054.6518644067787,16147.787796610182,7613.453898305084,57419.79864406779,666174.1257622939,0.0046366546007202076,0.0049594168561659,0.0043872057863779965,0.0005230180053619705,0.0040127451628197575,0.007667233673784187,130641.28661277096,73634.48845598972,131601.89245152206,19145.829643394714,152619.31672619315,206783.15911096838,91312.21646343071,58723.149849584086,107426.71573883425,33.083388670393234,134184.3942033824,156986.01852224558,0.0,0.0,0.0,0.0,0.0,0.0,0.003228344461121665,0.006866977448552767,0.0075094777955919765,0.007316461777987023,0.26958411893603706,0.0028873941630831617,0.005691043098879558,0.0029273627887083866,0.015281970398200981,0.007218488527271577,0.059694848885493194,0.6436894028018694,0.0017256978901512593,0.0049060009358823506,0.005750954368823531,0.005675584163142856,0.15190504543385494,0.0014377720539831935,0.003213074551955182,0.0016072034310252096,0.008636168719966388,0.005977622219999998,0.03455786454368458,0.3753702451505849
2026-09-18 23:30:08.128999949,3022.502033898303,7227.631525423732,7883.1884745762745,7670.739661016949,279097.3769491525,2357.0420338983054,5975.777288135589,3054.6518644067787,16147.787796610182,7613.453898305084,57192.946779661004,665301.8850874498,0.004333534191256196,0.0049594168561659,0.004280470148227726,0.0005230180053619705,0.0040127451628197575,0.007504217049635192,131951.45552720022,73634.48845598972,137328.0367339043,19145.829643394714,152619.31672619315,205650.41823278824,91859.274825416,58723.149849584086,112024.27513441237,33.083388670393234,134184.3942033824,156315.17330789013,0.0,0.0,0.0,0.0,0.0,0.0,0.0032291306049765595,0.006875621193741474,0.007518538421794445,0.007325131856498613,0.26984746359400014,0.0028870347396044655,0.005695940216244723,0.0029305070417820515,0.015300336725750555,0.007228628302046881,0.05969020339526668,0.644256001409633,0.0017256978901512593,0.0049060009358823506,0.005759895581803922,0.005690448057198877,0.15209675425592403,0.0014377720539831935,0.003218430636907561,0.0016072034310252096,0.008636168719966388,0.005977622219999998,0.03458487805075718,0.37570792229540023
2026-09-18 23:30:23.128999949,2992.6037288135585,7236.991525423725,7883.1884745762745,7670.739661016949,279163.33627118636,2332.5406779661025,5975.777288135589,3061.824406779662,16176.044745762709,7631.279999999999,56965.43898305084,665179.6475202743,0.004382824391597228,0.004832937598570422,0.004280470148227726,0.0005230180053619705,0.0040127451628197575,0.007345039947774549,127527.42736743993,76469.78536524947,137328.0367339043,19145.829643394714,152619.31672619315,202567.56567094824,88777.80040040122,60939.39997029735,112024.27513441237,33.083388670393234,134184.3942033824,151162.08061049748,0.0,0.0,0.0,0.0,0.0,0.0,0.0032322280431175856,0.006882219869703013,0.007525750158973933,0.007332158079255021,0.2701063048145129,0.00288980520146344,0.005701403728103697,0.002933318772551282,0.015315012717417224,0.007235564964226369,0.059751083863277335,0.6448739637856746,0.0017313694812605036,0.004914422893803919,0.005759895581803922,0.005690448057198877,0.15220117897360344,0.0014375156464705888,0.003218430636907561,0.00161414801162465,0.008658473432347337,0.005988389629602242,0.03459858452449667,0.37597586042387404
2026-09-18 23:30:38.128999949,2992.6037288135585,7236.991525423725,7888.863050847459,7686.555254237279,279210.8928813559,2332.5406779661025,5973.803389830505,3061.824406779662,16176.044745762709,7631.279999999999,56715.132203389825,665797.5758098224,0.004382824391597228,0.00468853150397327,0.0041994224960002005,0.0005230180053619705,0.0040127451628197575,0.007190796531819717,127527.42736743993,74184.90110302673,143923.58825841016,19145.829643394714,152619.31672619315,190870.36548161565,88777.80040040122,59118.55693698207,105334.97234032695,33.083388670393234,134184.3942033824,140271.72275579313,0.0,0.0,0.0,0.0,0.0,0.0,0.003235325481258611,0.0068888185456645505,0.00753296189615342,0.007339184302011432,0.27036514603502576,0.002892575663322414,0.005706867239962672,0.0029361305033205123,0.01532968870908389,0.007242501626405855,0.05981196433128799,0.6454919261617162,0.0017313694812605036,0.004914422893803919,0.005768261830739494,0.005698834257238091,0.1523934790634416,0.0014375156464705888,0.003225147618918766,0.00161414801162465,0.008658473432347337,0.005988389629602242,0.03462565031143353,0.3766755266995528
2026-09-18 23:30:53.128999949,2962.208135593222,7239.63050847458,7888.863050847459,7686.555254237279,279254.513898305,2315.9196610169506,5973.803389830505,3061.925084745761,16183.025084745756,7645.161355932202,56459.550508474575,665489.3407512775,0.004382824391597228,0.004648257023985183,0.0041994224960002005,0.0005118852523026536,0.0038333760312724775,0.007135825995159884,127527.42736743993,73547.65289164965,143923.58825841016,15936.712562567642,152402.28845320706,190069.95747452966,88777.80040040122,58610.72860389626,105334.97234032695,34.209441256661606,133756.61236700375,139769.3266219461,0.0,0.0,0.0,0.0,0.0,0.0,0.0032384229193996375,0.00689541722162609,0.007540173633332908,0.007346210524767843,0.2706239872555386,0.0028953461251813887,0.005712330751821645,0.002938942234089743,0.015344364700750558,0.0072494382885853435,0.059872844799298656,0.6461098885377581,0.0017366422120112044,0.0049189613703529405,0.005768261830739494,0.005698834257238091,0.15248825797336069,0.0014370674489859938,0.003225147618918766,0.0016206188835182066,0.00867225406740616,0.005994005143904762,0.034633037014374424,0.3768730176313292
2026-09-18 23:31:08.128999949,2962.208135593222,7239.63050847458,7897.719661016957,7703.582033898302,279270.3355932203,2315.9196610169506,5967.948813559321,3061.925084745761,16183.025084745756,7645.161355932202,56219.21389830508,665039.309867429,0.004382824391597228,0.004739936675918038,0.0041994224960002005,0.0005271139440508034,0.0038333760312724775,0.007017769300144185,127527.42736743993,71409.89007842238,143923.58825841016,16410.83304562996,152402.28845320706,185826.59700529106,88777.80040040122,56907.127861529254,105334.97234032695,35.22717918411828,133756.61236700375,135957.56499166644,0.0,0.0,0.0,0.0,0.0,0.0,0.0032382882614211367,0.006903025459098532,0.007547588916184122,0.007355363689268942,0.27088938196767326,0.0028945978603904642,0.0057170734655065565,0.0029417299951192207,0.01535974543749755,0.007257702159582248,0.05986978737075075,0.646733736530999,0.0017366422120112044,0.0049189613703529405,0.005776153150184875,0.005709379514218485,0.1526560721268646,0.0014370674489859938,0.003230918803831932,0.0016206188835182066,0.00867225406740616,0.005994005143904762,0.03466063537266602,0.3772270295071146
2026-09-18 23:31:23.128999949,2934.4545762711873,7252.944406779659,7897.719661016957,7703.582033898302,279343.76033898303,2300.918644067797,5967.948813559321,3045.188135593221,16217.267796610171,7672.527457627117,56002.969830508475,664722.6757632749,0.004382824391597228,0.004620906289648032,0.0041994224960002005,0.0005082294242595813,0.0038333760312724775,0.006927668162191516,127527.42736743993,56041.83945083069,143923.58825841016,15822.89431826673,152402.28845320706,190524.09517722754,88777.80040040122,41296.400687581285,105334.97234032695,33.96512119836464,133756.61236700375,137023.73781892468,0.0,0.0,0.0,0.0,0.0,0.0,0.003241382605290869,0.006909625101818838,0.007554800847857173,0.0073623919443775,0.2711482294501126,0.002897364953621626,0.005722536288622775,0.002944541702973627,0.015374422102567795,0.00726464009253244,0.059930366695851514,0.6473517044655388,0.0017424118558823532,0.004927459249960783,0.005776153150184875,0.005709379514218485,0.15275696264665106,0.0014367085970588233,0.003230918803831932,0.0016270027911764703,0.008694450020588234,0.006003412652100838,0.03467276412546902,0.3773350389816253
2026-09-18 23:31:38.128999949,2934.4545762711873,7252.944406779659,7915.316949152539,7726.399322033898,279435.45050847455,2300.918644067797,5964.965084745763,3045.188135593221,16217.267796610171,7672.527457627117,55803.98440677967,665338.5257246097,0.004194805321735307,0.004620906289648032,0.003880175771723186,0.0005266500469371192,0.0038333760312724775,0.0066365070477805935,135045.44976970914,56041.83945083069,149033.42425960075,15366.219997054925,152402.28845320706,187566.9558852738,94006.88551427561,41296.400687581285,108989.55008169363,32.984832867029894,133756.61236700375,133571.30660599054,0.0,0.0,0.0,0.0,0.0,0.0,0.0032444769491606004,0.006916224744539144,0.007562012779530227,0.007369420199486056,0.27140707693255195,0.0029001320468527887,0.005727999111738997,0.002947353410828033,0.015389098767638035,0.007271578025482632,0.059990946020952264,0.647969672400079,0.0017424118558823532,0.004927459249960783,0.0057870431899495756,0.0057243657831820725,0.15294468631680108,0.0014367085970588233,0.0032369248676470588,0.0016270027911764703,0.008694450020588234,0.006003412652100838,0.03471092457299616,0.37794010600510286
2026-09-18 23:31:53.128999949,2910.499322033898,7262.197627118642,7915.316949152539,7726.399322033898,279505.0281355932,2277.4484745762697,5964.965084745763,3047.5647457627115,16233.074237288118,7693.532542372885,55571.91559322036,664831.9946073802,0.004194805321735307,0.004620906289648032,0.004010606193531128,0.0005266500469371192,0.0038333760312724775,0.006517596253792883,135045.44976970914,56041.83945083069,154043.11802948607,15366.219997054925,152402.28845320706,188274.70677085788,94006.88551427561,41296.400687581285,112653.18642863673,32.984832867029894,133756.61236700375,133587.88736028472,0.0,0.0,0.0,0.0,0.0,0.0,0.0032475712930303325,0.006922824387259451,0.007569224711203278,0.007376448454594614,0.2716659244149912,0.0029028991400839505,0.005733461934855215,0.002950165118682439,0.015403775432708279,0.007278515958432822,0.060051525346053014,0.6485876403346191,0.0017506976725714292,0.004929988118935574,0.0057870431899495756,0.0057243657831820725,0.15303933070263054,0.0014360552253669468,0.0032369248676470588,0.0016332090984985997,0.00871080155923809,0.00600968608987675,0.03471580346945753,0.3780445151886605
2026-09-18 23:32:08.128999949,2910.499322033898,7262.197627118642,7942.963728813555,7747.151186440668,279568.15627118637,2277.4484745762697,5950.156271186436,3047.5647457627115,16233.074237288118,7693.532542372885,55382.525084745765,665143.944351448,0.004116722061869366,0.004620906289648032,0.004010606193531128,0.0005266500469371192,0.0038333760312724775,0.006402018836232505,141400.98761078564,56041.83945083069,154043.11802948607,15366.219997054925,152402.28845320706,187568.9983683567,88098.93052720281,41296.400687581285,112653.18642863673,32.984832867029894,133756.61236700375,133188.09594765567,0.0,0.0,0.0,0.0,0.0,0.0,0.003248508813344996,0.006931520007283674,0.007578144047488697,0.007387504769055999,0.2719377203102646,0.0029031448443458223,0.005737529756772455,0.0029538667678002976,0.015420362727199677,0.007288136395605278,0.06005937274258716,0.6491821674412765,0.0017506976725714292,0.004929988118935574,0.0057998269230252085,0.0057395869469019575,0.15322267965009023,0.0014360552253669468,0.003240931372369747,0.0016332090984985997,0.00871080155923809,0.00600968608987675,0.03474639776543027,0.3784943059460095
2026-09-18 23:32:23.128999949,2890.0250847457605,7275.279661016948,7942.963728813555,7747.151186440668,279673.2122033898,2266.8010169491504,5950.156271186436,3053.9501694915252,16294.173559322033,7743.096610169497,55204.86508474577,664816.4864098442,0.004116722061869366,0.004620906289648032,0.003863738970673364,0.0005266500469371192,0.003647094691745645,0.006433128278615435,141400.98761078564,56041.83945083069,148402.1042142099,15366.219997054925,129047.01663781215,177274.44422319692,88098.93052720281,41296.400687581285,108527.85977264693,32.984832867029894,110866.87754922386,131586.3283107901,0.0,0.0,0.0,0.0,0.0,0.0,0.0032516011002406706,0.0069381216491411785,0.00758535760442254,0.007394536858432589,0.27219658011115516,0.002905909532959054,0.0057429912520014625,0.002956679324416073,0.015435041210978304,0.0072950768870174935,0.0601196724575669,0.6498001130001825,0.001759229637428571,0.004934891882689075,0.0057998269230252085,0.0057395869469019575,0.1533279143629181,0.0014367274732380946,0.003240931372369747,0.0016407824400952375,0.008737773480666669,0.006026876649803923,0.034764615825880515,0.37864219220607875
2026-09-18 23:32:38.128999949,2890.0250847457605,7275.279661016948,7984.6688135593195,7776.359999999996,279777.31322033895,2266.8010169491504,5946.263389830502,3053.9501694915252,16294.173559322033,7743.096610169497,55045.98000000001,665334.8909661399,0.004116722061869366,0.004479475943680634,0.003929651260949065,0.0005253366279684863,0.003647094691745645,0.006304530115578351,141400.98761078564,54326.58788644891,143701.49058974013,16240.112750456925,129047.01663781215,174518.66945375392,88098.93052720281,40032.457237886745,105090.25665385638,34.86606019113586,110866.87754922386,129545.22056611939,0.0,0.0,0.0,0.0,0.0,0.0,0.003254693387136344,0.006944723290998687,0.0075925711613563825,0.00740156894780918,0.27245543991204574,0.0029086742215722852,0.005748452747230471,0.0029594918810318493,0.015449719694756931,0.007302017378429707,0.06017997217254665,0.6504180585590884,0.001759229637428571,0.004934891882689075,0.0058122683053725465,0.005756502833529411,0.15351786450725052,0.0014367274732380946,0.0032480988095238074,0.0016407824400952375,0.008737773480666669,0.006026876649803923,0.03479733109981253,0.37922728652164545
2026-09-18 23:32:53.128999949,2863.870169491523,7277.933898305081,7984.6688135593195,7776.359999999996,279843.6691525424,2262.9722033898283,5946.263389830502,3053.0837288135594,16305.80949152543,7780.011864406785,54838.388135593224,664992.6691806149,0.004116722061869366,0.00437831354344511,0.003929651260949065,0.0005253366279684863,0.003647094691745645,0.006160839140889528,141400.98761078564,55326.802884756034,143701.49058974013,16240.112750456925,129047.01663781215,176255.7962016024,88098.93052720281,40686.26581367509,105090.25665385638,34.86606019113586,110866.87754922386,131077.89395150376,0.0,0.0,0.0,0.0,0.0,0.0,0.0032577856740320186,0.00695132493285619,0.007599784718290223,0.007408601037185773,0.2727142997129363,0.0029114389101855174,0.0057539142424594784,0.0029623044376476254,0.015464398178535559,0.00730895786984192,0.06024027188752639,0.6510360041179941,0.0017675101270588232,0.004934161274985994,0.0058122683053725465,0.005756502833529411,0.15361166672823903,0.0014350505167058816,0.0032480988095238074,0.0016461184043025212,0.008750746592268908,0.006037644783949579,0.03480205510763106,0.37934908816640966
2026-09-18 23:33:08.128999949,2863.870169491523,7277.933898305081,8005.277288135587,7805.791525423738,279864.7993220339,2262.9722033898283,5939.182372881361,3053.0837288135594,16305.80949152543,7780.011864406785,54650.12949152542,665009.6764602758,0.003967062709876984,0.00437831354344511,0.003929651260949065,0.0005169035613382398,0.003647094691745645,0.006001741170661805,147096.6468314842,55326.802884756034,143701.49058974013,15325.675281783402,129047.01663781215,167539.01173247362,91208.08569375207,40686.26581367509,105090.25665385638,32.90284526069125,110866.87754922386,123227.25806797882,0.0,0.0,0.0,0.0,0.0,0.0,0.0032595191137010354,0.0069585047264166455,0.007609204031046111,0.007419288914527568,0.27298519014334566,0.0029120897031147223,0.005758517354338615,0.0029664427499813267,0.01548359294686563,0.00732245124261428,0.060247985821684495,0.6516409304430995,0.0017675101270588232,0.004934161274985994,0.005815754404011202,0.005768592753658264,0.15378691885738435,0.0014350505167058816,0.00325450662077311,0.0016461184043025212,0.008750746592268908,0.006037644783949579,0.034819788376866764,0.37969284603303183
2026-09-18 23:33:23.128999949,2845.5223728813553,7303.6006779661,8005.277288135587,7805.791525423738,279978.38237288134,2250.0884745762687,5939.182372881361,3072.301016949153,16363.36677966102,7835.104067796605,54513.305084745756,665125.0625261745,0.0039228213008445,0.00437831354344511,0.003749327963470146,0.0005169035613382398,0.003647094691745645,0.00585681037847066,141665.32844921548,55326.802884756034,130283.59821015273,15325.675281783402,129047.01663781215,164739.24216091612,87840.36682924573,40686.26581367509,90114.48850486035,32.90284526069125,110866.87754922386,119663.11302904671,0.0,0.0,0.0,0.0,0.0,0.0,0.0032626101095818965,0.006965106917798142,0.007616419679651944,0.007426324470611218,0.27324406135215434,0.002914852383406231,0.005763978035580694,0.002969256566204394,0.015498275713342183,0.0073293979599780325,0.06030801622817013,0.6522588635962718,0.0017773735030700273,0.004942607302969187,0.005815754404011202,0.005768592753658264,0.15389361181275316,0.0014361304447058816,0.00325450662077311,0.0016537893262016808,0.008777313023053223,0.006053974855820725,0.03484428390397025,0.37987129443568945
2026-09-18 23:33:38.128999949,2845.5223728813553,7303.6006779661,8025.840000000002,7825.655593220337,280046.0806779661,2250.0884745762687,5941.659661016952,3072.301016949153,16363.36677966102,7835.104067796605,54309.14542372883,665420.3700452421,0.0039228213008445,0.00437831354344511,0.003749327963470146,0.0005169035613382398,0.003647094691745645,0.0057843473553987595,141665.32844921548,55326.802884756034,130283.59821015273,15325.675281783402,129047.01663781215,162345.11743778133,87840.36682924573,40686.26581367509,90114.48850486035,32.90284526069125,110866.87754922386,117806.82242225778,0.0,0.0,0.0,0.0,0.0,0.0,0.003265701105462759,0.006971709109179636,0.0076236353282577735,0.007433360026694868,0.2735029325609629,0.0029176150636977395,0.005769438716822772,0.002972070382427461,0.015512958479818734,0.0073363446773417815,0.06036804663465575,0.6528767967494441,0.0017773735030700273,0.004942607302969187,0.00581790847317647,0.005780060936263305,0.15407371951074322,0.0014361304447058816,0.0032628854517142854,0.0016537893262016808,0.008777313023053223,0.006053974855820725,0.03485621373182142,0.38032173287743254
2026-09-18 23:33:53.128999949,2823.5593220338997,7308.73220338983,8025.840000000002,7825.655593220337,280131.07423728815,2243.0501694915256,5941.659661016952,3088.012881355929,16384.09118644067,7867.479661016954,54087.17186440681,665050.037404517,0.0039228213008445,0.00437831354344511,0.0037190018080340503,0.0005169035613382398,0.003299362605906168,0.005648953776891642,141665.32844921548,55326.802884756034,124902.97230628063,15325.675281783402,124034.85528805568,161553.37548618257,87840.36682924573,40686.26581367509,86392.82009974524,32.90284526069125,106348.99697951012,117034.10244705543,0.0,0.0,0.0,0.0,0.0,0.0,0.0032687921013436205,0.006978311300561132,0.007630850976863603,0.007440395582778517,0.2737618037697715,0.0029203777439892474,0.00577489939806485,0.002974884198650528,0.015527641246295288,0.007343291394705534,0.060428077041141365,0.6534947299026164,0.0017869480890756301,0.004939115312857142,0.00581790847317647,0.005780060936263305,0.1541681474340741,0.0014362101286274505,0.0032628854517142854,0.0016615682129971986,0.00879425149260504,0.006066728758952381,0.034865191670774745,0.38044010305549897
2026-09-18 23:34:08.128999949,2823.5593220338997,7308.73220338983,8036.011525423723,7844.485423728819,280195.57525423734,2243.0501694915256,5940.750508474576,3088.012881355929,16384.09118644067,7867.479661016954,53858.620677966115,664846.3048367205,0.0039228213008445,0.00437831354344511,0.0037190018080340503,0.0004947020432799434,0.003327915740872964,0.005553077917737917,141665.32844921548,55326.802884756034,124902.97230628063,15807.398787949925,125108.26987949437,158394.16740198623,87840.36682924573,40686.26581367509,86392.82009974524,33.937062265189226,107269.3557357449,114487.03910943639,0.0,0.0,0.0,0.0,0.0,0.0,0.0032709713126849536,0.00698545714636189,0.007638888337600716,0.007449072188601368,0.274033440670898,0.0029215535103172766,0.005780681459419193,0.0029793242305331227,0.015545840725068203,0.007356911832204294,0.06043232803014103,0.6540592087071304,0.0017869480890756301,0.004939115312857142,0.00581528491890196,0.005790916503932775,0.15435898103940365,0.0014362101286274505,0.0032720700827450983,0.0016615682129971986,0.00879425149260504,0.006066728758952381,0.03487772160440336,0.3807159239060259
2026-09-18 23:34:23.128999949,2801.1050847457595,7333.364745762711,8036.011525423723,7844.485423728819,280290.4383050848,2266.919999999998,5940.750508474576,3090.886779661016,16429.408474576256,7901.978644067801,53650.226440677965,664809.2118009009,0.0036766205569208855,0.004151208668048113,0.0037190018080340503,0.0005164212292920421,0.003426376196015514,0.0053604222787289515,122423.9963984037,57430.9447347273,124902.97230628063,15665.133232824513,128809.75097264271,147977.5473474716,68276.72421433724,42024.54961681635,86392.82009974524,33.62647428082539,110443.05074817302,103857.2362829518,0.0,0.0,0.0,0.0,0.0,0.0,0.003274061445576368,0.006992059852485627,0.0076461047624744516,0.007456109294977628,0.27429232393920605,0.0029243146886632366,0.005786142444267677,0.0029821395859624157,0.015560526813767695,0.0073638648662952035,0.060492095660298645,0.6546770913050325,0.0017971707910588227,0.004949525230834732,0.00581528491890196,0.005790916503932775,0.15446532177330713,0.0014405152942689073,0.0032720700827450983,0.0016698377853277306,0.00882021775094117,0.006081144628336133,0.03489928118643196,0.3809451431914886
2026-09-18 23:34:38.128999949,2801.1050847457595,7333.364745762711,8048.577966101694,7846.584406779665,280348.12067796616,2266.919999999998,5942.553559322031,3090.886779661016,16429.408474576256,7901.978644067801,53366.5433898305,665175.4272644601,0.0036766205569208855,0.00409035203003034,0.0037190018080340503,0.0005164212292920421,0.003426376196015514,0.005285325666622195,122423.9963984037,54209.60443340562,124902.97230628063,15665.133232824513,128809.75097264271,137508.8407675273,68276.72421433724,39667.36437546537,86392.82009974524,33.62647428082539,110443.05074817302,94710.68665349155,0.0,0.0,0.0,0.0,0.0,0.0,0.0032771515784677818,0.006998662558609365,0.007653321187348189,0.0074631464013538915,0.27455120720751414,0.002927075867009196,0.005791603429116162,0.0029849549413917082,0.01557521290246719,0.007370817900386112,0.06055186329045629,0.6552949739029346,0.0017971707910588227,0.004949525230834732,0.0058243182424369735,0.005796050937260507,0.1546565209868036,0.0014405152942689073,0.003281114561394956,0.0016698377853277306,0.00882021775094117,0.006081144628336133,0.0349133565146706,0.38155994075769983
2026-09-18 23:34:53.128999949,2776.4115254237295,7345.092203389828,8048.577966101694,7846.584406779665,280429.06271186436,2280.8196610169502,5942.553559322031,3092.839322033897,16442.801694915262,7938.942711864408,53147.81288135593,664916.055837159,0.0036766205569208855,0.00409035203003034,0.0035163590121438065,0.0005164212292920421,0.003426376196015514,0.005098714517021519,122423.9963984037,54209.60443340562,129989.9295262667,15665.133232824513,128809.75097264271,136242.21710034244,68276.72421433724,39667.36437546537,89204.99068591333,33.62647428082539,110443.05074817302,93552.06429220588,0.0,0.0,0.0,0.0,0.0,0.0,0.0032802417113591965,0.0070052652647331,0.007660537612221928,0.007470183507730154,0.2748100904758222,0.002929837045355156,0.005797064413964647,0.0029877702968210016,0.015589898991166685,0.00737777093447702,0.06061163092061392,0.6559128565008366,0.0018068558723137247,0.004956480644705884,0.0058243182424369735,0.005796050937260507,0.15475556014630934,0.001443573100549019,0.003281114561394956,0.0016773827730196074,0.00883608778054902,0.006093117587815125,0.03492522912044987,0.3817284240910361
2026-09-18 23:35:08.128999949,2776.4115254237295,7345.092203389828,8052.159661016943,7862.360338983048,280445.99491525424,2280.8196610169502,5940.524745762714,3092.839322033897,16442.801694915262,7938.942711864408,52879.63118644068,664315.6530942211,0.0036766205569208855,0.00409035203003034,0.0035163590121438065,0.0005164212292920421,0.003426376196015514,0.0050715723791306296,122423.9963984037,54209.60443340562,129989.9295262667,15665.133232824513,128809.75097264271,137563.4931038661,68276.72421433724,39667.36437546537,89204.99068591333,33.62647428082539,110443.05074817302,94448.78685698561,0.0,0.0,0.0,0.0,0.0,0.0,0.0032822177433831875,0.00701339201362063,0.007668867668422555,0.007477246584062976,0.2750808759712416,0.002933536270931656,0.005802578252528512,0.002992266055914067,0.015606929333257065,0.007390845429843105,0.06060924078080392,0.6565014328653356,0.0018068558723137247,0.004956480644705884,0.005832518683495795,0.00580452053747899,0.15495063944429752,0.001443573100549019,0.0032897169195294134,0.0016773827730196074,0.00883608778054902,0.006093117587815125,0.03494291693201662,0.3820513006955575
2026-09-18 23:35:23.128999949,2750.2535593220337,7368.144406779666,8052.159661016943,7862.360338983048,280520.35322033905,2284.926101694913,5940.524745762714,3125.9898305084753,16477.029152542375,7967.074576271186,52659.39966101694,664322.7350350244,0.0036766205569208855,0.00409035203003034,0.0034731230268193244,0.0005219653803463099,0.0033829742346709753,0.005011865623232459,122423.9963984037,54209.60443340562,123075.28866594011,15105.23807019716,121900.49376066074,137437.57739898466,68276.72421433724,39667.36437546537,84456.59306691881,32.42461407279366,104518.96938683905,94322.05081428975,0.0,0.0,0.0,0.0,0.0,0.0,0.003285306825773124,0.007019996157016856,0.0076760851413785304,0.007484283714880586,0.2753397704410529,0.0029362983338247378,0.005808039287119707,0.002995082995851174,0.015621617628225622,0.00739780423613241,0.060668748626540495,0.6571192878272852,0.0018162105696974784,0.004972013739428572,0.005832518683495795,0.00580452053747899,0.15505971874427452,0.0014473766807955174,0.0032897169195294134,0.0016853347099551812,0.008859516411971986,0.006104466336492996,0.03496497134589956,0.3823455692868355
2026-09-18 23:35:38.128999949,2750.2535593220337,7368.144406779666,8055.448474576272,7857.738305084743,280575.38440677966,2284.926101694913,5947.498983050847,3125.9898305084753,16477.029152542375,7967.074576271186,52376.47322033898,664833.8308898973,0.0036766205569208855,0.00409035203003034,0.0034731230268193244,0.0005219653803463099,0.0033829742346709753,0.00460682227242134,122423.9963984037,54209.60443340562,123075.28866594011,15105.23807019716,121900.49376066074,133112.39298133666,68276.72421433724,39667.36437546537,84456.59306691881,32.42461407279366,104518.96938683905,89653.6176165538,0.0,0.0,0.0,0.0,0.0,0.0,0.003288395908163061,0.007026600300413082,0.007683302614334506,0.007491320845698195,0.27559866491086427,0.0029390603967178195,0.005813500321710903,0.0029978999357882802,0.015636305923194174,0.007404763042421718,0.060728256472277066,0.657737142789235,0.0018162105696974784,0.004972013739428572,0.005841656656784314,0.005808361917647057,0.1552642515569399,0.0014473766807955174,0.0032987306249019593,0.0016853347099551812,0.008859516411971986,0.006104466336492996,0.03498601400636778,0.38298667746192955
2026-09-18 23:35:53.128999949,2719.0525423728814,7379.536271186436,8055.448474576272,7857.738305084743,280636.2122033898,2293.163389830509,5947.498983050847,3122.6094915254243,16467.97728813559,7984.888474576267,52107.82169491525,664465.7987010448,0.0035031658553353745,0.003900844602664238,0.0034731230268193244,0.0005219653803463099,0.0032508392288483337,0.004311079620201564,126312.37178563113,56287.6547233831,123075.28866594011,15105.23807019716,103710.95925112149,133274.0680986501,69484.67341605587,41153.76823890034,84456.59306691881,32.42461407279366,85907.40582184198,88859.50233969782,0.0,0.0,0.0,0.0,0.0,0.0,0.003291484990552998,0.007033204443809307,0.007690520087290483,0.007498357976515807,0.2758575593806756,0.0029418224596109016,0.005818961356302097,0.0030007168757253877,0.015650994218162725,0.007411721848711027,0.06078776431801364,0.6583549977511848,0.0018256087904201686,0.004982825106778709,0.005841656656784314,0.005808361917647057,0.1553682573740205,0.0014503191039327735,0.0032987306249019593,0.0016918840227899163,0.008875624494521006,0.006113590668705882,0.035000484600821995,0.38320318181054785
2026-09-18 23:36:08.128999949,2719.0525423728814,7379.536271186436,8058.999661016949,7859.159999999996,280682.4844067796,2293.163389830509,5952.862372881349,3122.6094915254243,16467.97728813559,7984.888474576267,51841.15016949153,663944.2227288898,0.0033710449282030276,0.003779439083740633,0.0034731230268193244,0.0005294087001199495,0.0032508392288483337,0.004349421141567936,121548.53577050602,54535.82079336247,123075.28866594011,15997.135210975783,103710.95925112149,136171.79564584955,66864.0782594675,39872.944443639935,84456.59306691881,34.3391433538272,85907.40582184198,87901.72657803667,0.0,0.0,0.0,0.0,0.0,0.0,0.003292580728618338,0.007043018112498956,0.007698047741022514,0.007504478733364473,0.2761259717865337,0.002945025117116834,0.005825416287991081,0.0030048770562928154,0.015666023813358628,0.007421706507063639,0.06078486441825309,0.6589648341287039,0.0018256087904201686,0.004982825106778709,0.005850765350274507,0.0058106973002352924,0.15556052926021785,0.0014503191039327735,0.0033059008476638645,0.0016918840227899163,0.008875624494521006,0.006113590668705882,0.03502005101147782,0.3835824024262857
2026-09-18 23:36:23.128999949,2691.2410169491523,7403.162033898305,8058.999661016949,7859.159999999996,280754.8657627118,2293.160338983051,5952.862372881349,3106.72372881356,16480.80305084747,8006.827118644068,51615.01830508474,663590.4824591286,0.003461048218799427,0.003867357170152455,0.0034554594307806513,0.0005294087001199495,0.0032508392288483337,0.004308785614159382,117681.58557499592,53238.58530436718,133360.84772873038,15997.135210975783,103710.95925112149,132871.3803340555,64736.86168002443,38815.17814875864,81580.82111128398,34.3391433538272,85907.40582184198,86037.19490645062,0.0,0.0,0.0,0.0,0.0,0.0,0.003295667938518088,0.007049625271020258,0.007705265504806974,0.0075115150049810155,0.27638487517751104,0.0029477875939338764,0.005830878254469777,0.003007695258047201,0.01568071242833356,0.00742866815587316,0.060844120748494095,0.6595826815198552,0.0018357198889355742,0.004993847730061626,0.005850765350274507,0.0058106973002352924,0.1556668260851696,0.0014507330227450984,0.0033059008476638645,0.0016980015616526603,0.008899962504033614,0.00612727096797759,0.03503671818003324,0.38375966513487014
2026-09-18 23:36:38.128999949,2691.2410169491523,7403.162033898305,8083.726779661015,7863.504406779661,280822.15525423724,2293.160338983051,5959.284406779656,3106.72372881356,16480.80305084747,8006.827118644068,51378.14135593221,663840.8029209928,0.003461048218799427,0.003867357170152455,0.003257357448874367,0.0005294087001199495,0.0032508392288483337,0.0043030823463370334,117681.58557499592,53238.58530436718,139865.90455131227,15997.135210975783,103710.95925112149,132757.0408646977,64736.86168002443,38815.17814875864,85256.8288583271,34.3391433538272,85907.40582184198,85926.84374059577,0.0,0.0,0.0,0.0,0.0,0.0,0.003298755148417836,0.007056232429541562,0.007712483268591436,0.007518551276597556,0.27664377856848854,0.002950550070750919,0.0058363402209484746,0.0030105134598015877,0.015695401043308497,0.007435629804682687,0.0609033770787351,0.6602005289110067,0.0018357198889355742,0.004993847730061626,0.005863648307747897,0.005819815958179271,0.15586668200460316,0.0014507330227450984,0.0033143453599719878,0.0016980015616526603,0.008899962504033614,0.00612727096797759,0.03506393866600424,0.3842735608599044
2026-09-18 23:36:53.128999949,2660.448813559323,7405.8254237288165,8083.726779661015,7863.504406779661,280859.3969491525,2267.8962711864388,5959.284406779656,3099.8105084745766,16450.532542372875,8019.018305084746,51098.42440677967,663274.4094831573,0.003461048218799427,0.003867357170152455,0.003257357448874367,0.0005294087001199495,0.003159535582059946,0.00417957536171157,117681.58557499592,53238.58530436718,139865.90455131227,15997.135210975783,100798.11486696414,128291.00616813923,64736.86168002443,38815.17814875864,85256.8288583271,34.3391433538272,83494.59519495568,81310.56559507574,0.0,0.0,0.0,0.0,0.0,0.0,0.0033018423583175863,0.007062839588062864,0.0077197010323758995,0.007525587548214097,0.276902681959466,0.002953312547567961,0.005841802187427173,0.003013331661555973,0.01571008965828344,0.007442591453492209,0.0609626334089761,0.6608183763021582,0.0018447657215462183,0.004999809994672269,0.005863648307747897,0.005819815958179271,0.1559636232314684,0.0014502367057478989,0.0033143453599719878,0.0017029395660280112,0.008911240854677868,0.006136321173215686,0.03507280145946714,0.3843836008302446
2026-09-18 23:37:08.128999949,2660.448813559323,7405.8254237288165,8096.75694915254,7868.33084745763,280838.559661017,2267.8962711864388,5955.345762711868,3099.8105084745766,16450.532542372875,8019.018305084746,50820.763728813545,662856.8875289202,0.003461048218799427,0.0036081464618399725,0.003257357448874367,0.0005229939202515952,0.003228152714415227,0.003917539977736467,117681.58557499592,55663.7591792592,139865.90455131227,15088.729081802101,98233.47880386421,129034.99130676483,64736.86168002443,40555.93358070279,85256.8288583271,32.3891761952207,81368.32008662235,81963.95263338664,0.0,0.0,0.0,0.0,0.0,0.0,0.003303086460514482,0.007071937134201333,0.007729158392133207,0.007533249552459903,0.27716826403176875,0.002954671687413067,0.005848837022667333,0.00301725591772191,0.015724091181904157,0.007451863157187891,0.060962371868312305,0.6613416487759628,0.0018447657215462183,0.004999809994672269,0.005876758673557423,0.005821768697815127,0.15613618923312791,0.0014502367057478989,0.0033206848627899167,0.0017029395660280112,0.008911240854677868,0.006136321173215686,0.03508846998795776,0.3847958585005934
2026-09-18 23:37:23.128999949,2634.074237288133,7429.612881355939,8096.75694915254,7868.33084745763,280917.82677966106,2254.808135593222,5955.345762711868,3098.4467796610156,16459.23661016948,8032.4206779660935,50586.71491525422,662450.1756124217,0.0032740029307878086,0.0036081464618399725,0.003257357448874367,0.0005229939202515952,0.0030426538260068412,0.003601300030414051,122439.59782745928,55663.7591792592,139865.90455131227,15088.729081802101,79517.49049497326,127297.65501816226,67247.78680044494,40555.93358070279,85256.8288583271,32.3891761952207,62119.62244473618,80322.96691561108,0.0,0.0,0.0,0.0,0.0,0.0,0.0033061719455332083,0.007078546623589596,0.00773637824793845,0.007540286408577259,0.2774271736597338,0.0029574328509586346,0.005854300458372701,0.0030200751546132962,0.015738779155062707,0.0074588269680493135,0.061021387409635974,0.6619594077739199,0.001854001076957983,0.005007965510868349,0.005876758673557423,0.005821768697815127,0.15623862176345535,0.0014499983055966386,0.0033206848627899167,0.0017079837643697473,0.00892761855299159,0.00614883450890756,0.0351005307313867,0.38486370578506796
2026-09-18 23:37:38.128999949,2634.074237288133,7429.612881355939,8123.741694915257,7870.466440677968,280964.28508474573,2254.808135593222,5953.911864406775,3098.4467796610156,16459.23661016948,8032.4206779660935,50365.25084745761,662818.8696950489,0.0032529492787087004,0.0036081464618399725,0.003257357448874367,0.0005025610790653256,0.0030426538260068412,0.003152349894413998,117239.98620327706,55663.7591792592,139865.90455131227,15496.523449596085,79517.49049497326,112038.76473730839,64391.99194198042,40555.93358070279,85256.8288583271,0.0,62119.62244473618,66652.25409089794,0.0,0.0,0.0,0.0,0.0,0.0,0.0033092574305519356,0.007085156112977862,0.007743598103743696,0.007547323264694612,0.2776860832876989,0.0029601940145042036,0.005859763894078069,0.003022894391504681,0.01575346712822126,0.007465790778910738,0.06108040295095962,0.6625771667718772,0.001854001076957983,0.005007965510868349,0.005889971001809523,0.005827539638571426,0.1564248843325266,0.0014499983055966386,0.003326159053075629,0.0017079837643697473,0.00892761855299159,0.00614883450890756,0.03512367989743532,0.38546715966292705
2026-09-18 23:37:53.128999949,2605.3108474576275,7439.756949152545,8123.741694915257,7870.466440677968,281037.1576271185,2250.234915254237,5953.911864406775,3076.749152542374,16445.27288135594,8051.137627118645,50108.2688135593,661995.0494436809,0.0032529492787087004,0.0035967300770742418,0.0031575654460970055,0.0005185856716242444,0.0030426538260068412,0.00318153457325749,117239.98620327706,65421.196352207735,135580.98987599285,15990.643437601024,79517.49049497326,113141.85259166203,64391.99194198042,38447.99767186288,82644.91111956027,0.0,62119.62244473618,67145.12620258532,0.0,0.0,0.0,0.0,0.0,0.0,0.003312342915570662,0.007091765602366126,0.0077508179595489396,0.007554360120811965,0.2779449929156639,0.0029629551780497713,0.005865227329783438,0.003025713628396067,0.015768155101379817,0.00747275458977216,0.0611394184922833,0.6631949257698342,0.0018635454588571425,0.005011212440420168,0.005889971001809523,0.005827539638571426,0.15652897537691127,0.0014496499968067224,0.003326159053075629,0.0017132165976694682,0.008939658008750701,0.0061628295041792685,0.03513625438230766,0.38550048470278586
2026-09-18 23:38:08.128999949,2605.3108474576275,7439.756949152545,8147.3888135593315,7871.711186440673,281058.3823728813,2250.234915254237,5944.615932203393,3076.749152542374,16445.27288135594,8051.137627118645,49862.41932203388,661670.692401308,0.0032529492787087004,0.0035967300770742418,0.0030012513457209557,0.0005185856716242445,0.0030426538260068412,0.0031205142913056736,117239.98620327706,65421.196352207735,116624.48909208692,15990.643437601027,79517.49049497326,112632.48461573917,64391.99194198042,38447.99767186288,63245.669225284175,0.0,62119.62244473618,66224.31383336865,0.0,0.0,0.0,0.0,0.0,0.0,0.003313569854762915,0.00710059874455626,0.007760934243916356,0.007560806488936526,0.2782126535794,0.0029639610897684698,0.005871469865704582,0.0030290748448909416,0.015781906967451905,0.007481643307484494,0.06114079624229954,0.6637379127487879,0.0018635454588571425,0.005011212440420168,0.005898832670386556,0.005832545750028008,0.15671818465983314,0.0014496499968067224,0.0033307067980728284,0.0017132165976694682,0.008939658008750701,0.0061628295041792685,0.03515320171782469,0.3858193542488608
2026-09-18 23:38:23.128999949,2582.4752542372894,7467.492203389829,8147.3888135593315,7871.711186440673,281130.9894915254,2229.8735593220326,5944.615932203393,3076.267118644069,16462.171525423717,8052.510508474575,49649.60135593218,661308.9916824704,0.0030285833122073455,0.0034054165026715295,0.0030012513457209557,0.0005185856716242445,0.0030426538260068412,0.0031205142913056736,100561.28604228435,67767.44854463238,116624.48909208692,15990.643437601027,79517.49049497326,112632.48461573917,45784.65875685697,39822.92631451754,63245.669225284175,0.0,62119.62244473618,66224.31383336865,0.0,0.0,0.0,0.0,0.0,0.0,0.0033166536069395313,0.0071072103073672056,0.007768156795222327,0.007567842795528565,0.2784715713480567,0.002966720616820709,0.0058769340264632885,0.00303189458711731,0.01579659406944196,0.007488608913205886,0.06119958031901215,0.6643556021136378,0.0018731731600784309,0.005024310351058824,0.005898832670386556,0.005832545750028008,0.15682448815999128,0.0014494202467843131,0.0033307067980728284,0.0017186416426666663,0.008950325103176466,0.006166759259619047,0.035169490820953025,0.3859283031495714
2026-09-18 23:38:38.128999949,2582.4752542372894,7467.492203389829,8160.074237288132,7879.0149152542335,281227.03016949154,2229.8735593220326,5939.969491525429,3076.267118644069,16462.171525423717,8052.510508474575,49399.33423728814,661789.3428985721,0.0030285833122073455,0.0034054165026715295,0.0030012513457209557,0.0005221288693756914,0.0029390859546906847,0.0031205142913056736,100561.28604228435,67767.44854463238,116624.48909208692,18868.214824361286,76810.82135220876,112632.48461573917,45784.65875685697,39822.92631451754,63245.669225284175,0.0,60005.15348721824,66224.31383336865,0.0,0.0,0.0,0.0,0.0,0.0,0.0033197373591161493,0.007113821870178151,0.007775379346528297,0.007574879102120603,0.27873048911671344,0.0029694801438729474,0.005882398187221995,0.003034714329343678,0.015811281171432007,0.007495574518927278,0.061258364395724775,0.6649732914784877,0.0018731731600784309,0.005024310351058824,0.005898654055372546,0.005843931345781512,0.1570194621913159,0.0014494202467843131,0.0033367259385490198,0.0017186416426666663,0.008950325103176466,0.006166759259619047,0.03519077831230227,0.3864716917913031
2026-09-18 23:38:53.128999949,2555.0542372881328,7467.260338983051,8160.074237288132,7879.0149152542335,281264.0430508474,2221.0291525423727,5939.969491525429,3101.878983050847,16472.288135593208,8049.334576271185,49135.917966101704,661316.2543310425,0.003032412050659183,0.0033895983116322926,0.0030012513457209557,0.0005221288693756914,0.0029416156990909573,0.003053342640729754,96108.70956083038,65316.13984325046,116624.48909208692,18868.214824361286,92983.38569694546,106598.015966864,43757.440303162395,38382.436995741205,63245.669225284175,0.0,60771.456198254804,60545.855972236976,0.0,0.0,0.0,0.0,0.0,0.0,0.0033228211112927655,0.007120433432989096,0.007782601897834267,0.007581915408712645,0.27898940688537016,0.0029722396709251863,0.0058878623479807005,0.0030375340715700456,0.015825968273422055,0.007502540124648673,0.061317148472437404,0.6655909808433375,0.0018836062396638642,0.005025395690145657,0.005898654055372546,0.005843931345781512,0.15711119001279175,0.0014492772453781506,0.0033367259385490198,0.0017241357872268901,0.008968747247394953,0.006164787223663867,0.03519531371022338,0.38652788833093593
2026-09-18 23:39:08.128999949,2555.0542372881328,7467.260338983051,8161.38610169491,7888.5213559322,281290.92101694917,2221.0291525423727,5931.085423728817,3101.878983050847,16472.288135593208,8049.334576271185,48862.476610169484,661194.7723564659,0.003032412050659183,0.0033895983116322926,0.0030012513457209557,0.0005221288693756914,0.0029416156990909573,0.0030416849902075976,96108.70956083038,65316.13984325046,116624.48909208692,18868.214824361286,92983.38569694546,104387.37673453231,43757.440303162395,38382.436995741205,63245.669225284175,0.0,60771.456198254804,59054.98154998329,0.0,0.0,0.0,0.0,0.0,0.0,0.003323924858024267,0.007128978482983623,0.007789998988608465,0.007589846263896631,0.2792530164442282,0.0029729006494520656,0.005893776259020095,0.0030404895474393846,0.01584233158464845,0.00750712492352278,0.0613148749367097,0.6661581643380234,0.0018836062396638642,0.005025395690145657,0.005903148529781509,0.005853297409142856,0.15729981358207282,0.0014492772453781506,0.0033416126319327725,0.0017241357872268901,0.008968747247394953,0.006164787223663867,0.035211570140296924,0.3869051491619673
2026-09-18 23:39:23.128999949,2544.42508474576,7489.626101694914,8161.38610169491,7888.5213559322,281381.8545762712,2225.944067796611,5931.085423728817,3101.393898305085,16497.0793220339,8079.659999999993,48686.76,660573.8786440676,0.003032412050659183,0.003184691902342654,0.0030012513457209557,0.0005178562016566723,0.0029416156990909573,0.003005268137762297,96108.70956083038,67357.80370170328,116624.48909208692,19653.15802159575,92983.38569694546,97354.82439178046,43757.440303162395,39582.202239088554,63245.669225284175,0.0,60771.456198254804,58785.96075637814,0.0,0.0,0.0,0.0,0.0,0.0,0.0033270067709734613,0.007135591842029471,0.007797221701743533,0.007596883399894155,0.2795119385653558,0.0029756582272091898,0.0058992408367772205,0.0030433094157789136,0.015857020240782276,0.007514088317884614,0.06137343152945268,0.6667758068287134,0.001894355855938374,0.005032259096515406,0.005903148529781509,0.005853297409142856,0.15739482150461126,0.0014500312223809518,0.0033416126319327725,0.0017303195005266112,0.008988918149288516,0.006171519459137252,0.035228588161182316,0.3869583004557556
2026-09-18 23:39:38.128999949,2544.42508474576,7489.626101694914,8185.850847457632,7902.006101694911,281483.6277966102,2225.944067796611,5930.020677966103,3101.393898305085,16497.0793220339,8079.659999999993,48554.26779661018,660794.1284745764,0.003032412050659183,0.0032971655461566034,0.0029823426238448224,0.0005178562016566723,0.0029416156990909573,0.00297681706738702,96108.70956083038,69736.67671483915,100460.07438304814,19653.15802159575,92983.38569694546,85835.6806713013,43757.440303162395,40980.12538284262,66672.3657641458,0.0,60771.456198254804,53488.95130625858,0.0,0.0,0.0,0.0,0.0,0.0,0.0033300886839226565,0.007142205201075319,0.007804444414878602,0.007603920535891676,0.27977086068648344,0.0029784158049663157,0.005904705414534345,0.0030461292841184426,0.015871708896916106,0.00752105171224645,0.06143198812219567,0.6673934493194035,0.001894355855938374,0.005032259096515406,0.0059136287617647075,0.0058640023367843115,0.1575974222904575,0.0014500312223809518,0.0033515859213389355,0.0017303195005266112,0.008988918149288516,0.006171519459137252,0.035248917613757584,0.38753260185616156
2026-09-18 23:39:53.128999949,2554.746101694914,7482.358983050847,8185.850847457632,7902.006101694911,281477.2942372882,2229.165762711864,5930.020677966103,3085.3433898305093,16489.482711864395,8072.59118644068,48542.86677966101,660180.8562711866,0.003027598253883728,0.0032971655461566034,0.002976263997959432,0.0005178562016566723,0.0029416156990909573,0.0029601647262449938,76056.98745581428,69736.67671483915,94194.47929519783,19653.15802159575,92983.38569694546,86526.02449285288,44363.999156791,40980.12538284262,62518.814512679,0.0,60771.456198254804,54121.87883666224,0.0,0.0,0.0,0.0,0.0,0.0,0.0033331705968718504,0.007148818560121168,0.007811667128013672,0.007610957671889199,0.2800297828076111,0.0029811733827234408,0.005910169992291471,0.0030489491524579716,0.01588639755304994,0.007528015106608283,0.06149054471493868,0.6680110918100934,0.0019048805403249296,0.0050388306957983185,0.0059136287617647075,0.0058640023367843115,0.15769050989672206,0.0014497984568627455,0.0033515859213389355,0.0017370960203473389,0.008998822350229689,0.006176236320812324,0.035260906012906386,0.3875644009704644
2026-09-18 23:40:08.128999949,2554.746101694914,7482.358983050847,8170.4776271186465,7901.701016949148,281472.2054237288,2229.165762711864,5923.385084745758,3085.3433898305093,16489.482711864395,8072.59118644068,48488.94305084745,659717.6827118644,0.003027598253883728,0.0032971655461566034,0.002976263997959432,0.0005030553895193591,0.0029416156990909573,0.0029601647262449938,76056.98745581428,69736.67671483915,94194.47929519783,19091.452476983162,92983.38569694546,86526.02449285288,44363.999156791,40980.12538284262,62518.814512679,0.0,60771.456198254804,54121.87883666224,0.0,0.0,0.0,0.0,0.0,0.0,0.0033347637780346915,0.00715668992148609,0.00781990771202002,0.0076192375152502045,0.28029510626219645,0.0029822147483821813,0.005916492607123457,0.00305073533383428,0.015901205531497674,0.0075364365107886844,0.0614900536199407,0.6685505185566242,0.0019048805403249296,0.0050388306957983185,0.005923437670184876,0.005876503323529409,0.15788971125415494,0.0014497984568627455,0.0033592633910812316,0.0017370960203473389,0.008998822350229689,0.006176236320812324,0.03527935017636037,0.38789904261404057
2026-09-18 23:40:23.128999949,2573.3288135593225,7496.130508474574,8170.4776271186465,7901.701016949148,281514.84406779654,2236.7196610169485,5923.385084745758,3073.5579661016936,16540.4440677966,8080.64542372881,48571.12677966102,659326.0698305084,0.003027598253883728,0.0031969353770707155,0.002976263997959432,0.0004987399211722202,0.0028172525792012964,0.002946679126813281,76056.98745581428,67616.75922790437,94194.47929519783,18927.676160136532,77602.52028024217,90245.73399301422,44363.999156791,39734.375104676845,62518.814512679,0.0,45286.32460152417,53447.87332142658,0.0,0.0,0.0,0.0,0.0,0.0,0.0033378443132198767,0.007163304444942881,0.00782713136541508,0.00762627579920082,0.2805540343017025,0.002984970737888354,0.005921957977493827,0.003053554245562675,0.015915894297855695,0.007543401254615842,0.061548391379793704,0.6691680887507386,0.0019175825062184874,0.005049314759775908,0.005923437670184876,0.005876503323529409,0.1579940145508297,0.001451863851109243,0.0033592633910812316,0.0017446837893949575,0.009026323359579829,0.0061861901949915934,0.035306192277749206,0.38790409754049704
2026-09-18 23:40:38.128999949,2573.3288135593225,7496.130508474574,8168.961355932207,7911.906101694925,281524.70745762705,2236.7196610169485,5924.175254237288,3073.5579661016936,16540.4440677966,8080.64542372881,48545.53322033898,659923.5783050847,0.003027598253883728,0.003308194742969346,0.002976263997959432,0.000506651552855382,0.0029103848365416634,0.002944886970295646,76056.98745581428,65641.45080546328,94194.47929519783,18989.1432331892,75436.62221022024,89299.57717860736,44363.999156791,38573.603031289575,62518.814512679,0.0,44022.3764372298,52993.31410382878,0.0,0.0,0.0,0.0,0.0,0.0,0.0033409248484050622,0.00716991896839967,0.007834355018810142,0.007633314083151438,0.2808129623412087,0.0029877267273945266,0.005927423347864197,0.0030563731572910697,0.015930583064213723,0.007550365998443004,0.06160672913964674,0.6697856589448533,0.0019175825062184874,0.005049314759775908,0.005936906328263305,0.005889490651719888,0.15817894069489943,0.001451863851109243,0.003366911034050421,0.0017446837893949575,0.009026323359579829,0.0061861901949915934,0.03532791596807719,0.3884785400734453
2026-09-18 23:40:53.128999949,2568.9813559322024,7491.459661016942,8168.961355932207,7911.906101694925,281518.773559322,2234.91661016949,5924.175254237288,3053.9837288135586,16532.234237288154,8068.231525423735,48538.88847457627,659598.7820338982,0.003027598253883728,0.003308194742969346,0.002976263997959432,0.0005249725932614721,0.0029103848365416634,0.002876136413513424,76056.98745581428,65641.45080546328,94194.47929519783,19675.810151491525,75436.62221022024,74832.1857412599,44363.999156791,38573.603031289575,62518.814512679,0.0,44022.3764372298,38882.085534933,0.0,0.0,0.0,0.0,0.0,0.0,0.0033440053835902465,0.007176533491856461,0.007841578672205207,0.007640352367102057,0.28107189038071495,0.0029904827169006994,0.005932888718234568,0.003059192069019465,0.01594527183057175,0.007557330742270165,0.06166506689949974,0.6704032291389678,0.0019279387398095232,0.005055510106991595,0.005936906328263305,0.005889490651719888,0.15827309841391715,0.0014516345386666664,0.003366911034050421,0.0017511242209523805,0.009043344886857147,0.006193086183619049,0.03533635916821369,0.38860085192877614
2026-09-18 23:41:08.128999949,2568.9813559322024,7491.459661016942,8164.763389830518,7913.617627118638,281532.2491525424,2234.91661016949,5928.809491525421,3053.9837288135586,16532.234237288154,8068.231525423735,48528.851186440676,658936.8518644068,0.002900093323959074,0.003139253632684773,0.0029599180892848683,0.0005249725932614721,0.0029103848365416634,0.0028689831240978443,62403.75841718132,52845.25650647107,79218.42249542003,19675.810151491525,75436.62221022024,74370.90245249501,30209.376543559014,25508.205696631816,46275.270087758014,0.0,44022.3764372298,34097.29972731042,0.0,0.0,0.0,0.0,0.0,0.0,0.0033462647010148016,0.007184973929476712,0.00785050469466306,0.007647870972281118,0.28133768658635727,0.002991366096132165,0.005938608869843439,0.0030594323595859165,0.015964469078960594,0.007566723556560313,0.06166654177683187,0.6709580774854654,0.0019279387398095232,0.005055510106991595,0.005949663094689076,0.005896197830991593,0.15846458437326605,0.0014516345386666664,0.00337479171047619,0.0017511242209523805,0.009043344886857147,0.006193086183619049,0.035359210576263615,0.38894169298511877
2026-09-18 23:41:23.128999949,2578.41152542373,7501.561016949158,8164.763389830518,7913.617627118638,281541.5359322034,2236.100338983053,5928.809491525421,3035.8128813559306,16543.760338983055,8059.893559322037,48525.58983050846,658640.053220339,0.0029808685485843444,0.003166468438909151,0.0029599180892848683,0.0005249725932614721,0.0029103848365416634,0.0028833695956320725,60961.868170577996,53303.3824128099,79218.42249542003,19675.810151491525,75436.62221022024,73754.27201623628,29509.043480092638,25729.3413410849,46275.270087758014,0.0,44022.3764372298,33815.67881658383,0.0,0.0,0.0,0.0,0.0,0.0,0.0033493444789975805,0.007191590136733785,0.007857729914835262,0.007654909698295878,0.28159662094798094,0.002994120359047294,0.005944074474701989,0.0030622488937187575,0.015979161994704755,0.00757369053934014,0.06172466914128205,0.6715755899104452,0.0019387365421848748,0.005065984189075631,0.005949663094689076,0.005896197830991593,0.15856789139279484,0.0014517090715126058,0.00337479171047619,0.0017572300291876753,0.009066850069383754,0.006205020710588235,0.03537779438403253,0.3890498630485743
2026-09-18 23:41:38.128999949,2578.41152542373,7501.561016949158,8171.694915254239,7913.239322033892,281566.8976271186,2236.100338983053,5934.776949152542,3035.8128813559306,16543.760338983055,8059.893559322037,48494.224067796604,659249.0603389828,0.0029808685485843444,0.003268081445769643,0.00295107451475614,0.0005249725932614721,0.002906072014131377,0.0028833695956320725,60961.868170577996,52769.84622844727,74946.97956435155,19675.810151491525,72755.00724923621,73754.27201623628,29509.043480092638,25471.80544028647,43780.11594212899,0.0,42457.472550849896,33815.67881658383,0.0,0.0,0.0,0.0,0.0,0.0,0.003352424256980361,0.007198206343990857,0.007864955135007463,0.0076619484243106405,0.28185555530960454,0.0029968746219624226,0.005949540079560538,0.003065065427851599,0.015993854910448912,0.007580657522119967,0.061782796505732235,0.6721931023354247,0.0019387365421848748,0.005065984189075631,0.005965317169137255,0.005906288892789913,0.158779310968094,0.0014517090715126058,0.0033855342874229695,0.0017572300291876753,0.009066850069383754,0.006205020710588235,0.03540455797554674,0.3895487497255647
2026-09-18 23:41:53.128999949,2587.078983050846,7496.697966101694,8171.694915254239,7913.239322033892,281566.88237288134,2232.427118644066,5934.776949152542,3015.5186440677967,16545.795254237284,8056.699322033897,48515.86372881356,658835.98779661,0.002980868548584345,0.003268081445769643,0.00295107451475614,0.0005249725932614721,0.002897090670144681,0.0028819546311240883,60961.868170578,52769.84622844727,74946.97956435155,19675.810151491525,75841.06671722197,73122.31334871573,29509.043480092645,25471.80544028647,43780.11594212899,0.0,44259.79582438814,33430.56015610627,0.0,0.0,0.0,0.0,0.0,0.0,0.003355504034963141,0.007204822551247929,0.007872180355179663,0.0076689871503253975,0.28211448967122815,0.002999628884877552,0.005955005684419087,0.0030678819619844406,0.01600854782619307,0.007587624504899796,0.06184092387018241,0.6728106147604045,0.0019386001409411754,0.005078919429411765,0.005965317169137255,0.005906288892789913,0.15890291020693928,0.001450490330823529,0.0033855342874229695,0.0017558845536470588,0.009088091733882349,0.0062246961643025196,0.03544083202624687,0.38937303889248304
2026-09-18 23:42:08.128999949,2587.078983050846,7496.697966101694,8155.5528813559295,7900.862033898304,281563.27016949153,2232.427118644066,5937.965084745762,3015.5186440677967,16545.795254237284,8056.699322033897,48474.46983050848,658715.4030508477,0.002980868548584345,0.003268081445769643,0.00295107451475614,0.0005085755774096854,0.002897090670144681,0.0028844628254468445,60961.868170578,52769.84622844727,74946.97956435155,19061.255077394417,75841.06671722197,73122.29660893232,29509.043480092645,25471.80544028647,43780.11594212899,0.0,44259.79582438814,33430.551786214564,0.0,0.0,0.0,0.0,0.0,0.0,0.0033571213062354986,0.007212810762551778,0.007879138405252267,0.0076752043908220385,0.282381021351751,0.003000543140996997,0.005961070600104413,0.0030673666690325366,0.016026117450919586,0.00759713733665674,0.06183973310236919,0.6733441228397272,0.0019386001409411754,0.005078919429411765,0.005976716572436973,0.005919939907507003,0.1591246733763959,0.001450490330823529,0.003394021197411765,0.0017558845536470588,0.009088091733882349,0.0062246961643025196,0.03543421050527036,0.3898067301315165
2026-09-18 23:42:23.128999949,2617.0505084745764,7487.762033898302,8155.5528813559295,7900.862033898304,281514.57559322036,2255.763050847457,5937.965084745762,3036.2491525423734,16546.67084745764,8066.001355932201,48480.73016949153,659642.946101695,0.002980868548584345,0.003268081445769643,0.00295107451475614,0.0005116878853544832,0.002897090670144681,0.0028570750409281876,60961.868170578,52769.84622844727,74946.97956435155,23082.691476030246,75841.06671722197,70061.85029375517,29509.043480092645,25471.80544028647,43780.11594212899,3475.9929944280207,44259.79582438814,30783.787832176997,0.0,0.0,0.0,0.0,0.0,0.0,0.0033601997406717734,0.007219428230382659,0.007886363380436091,0.007682242363554883,0.2826399626838589,0.0030032957136072918,0.005966536754516177,0.0030701801423781254,0.016040813004534783,0.007604106658347916,0.061897653903269956,0.6739615581935876,0.0019407561808011202,0.005086220464761904,0.005976716572436973,0.005919939907507003,0.15922181254612694,0.001456724240554622,0.003394021197411765,0.001759233145994398,0.009110927763305326,0.0062389907622408935,0.03540177654359542,0.39028569872025315
2026-09-18 23:42:38.128999949,2617.0505084745764,7487.762033898302,8145.68033898305,7874.624745762718,281455.35559322033,2255.763050847457,5941.2355932203345,3036.2491525423734,16546.67084745764,8066.001355932201,48644.877726000006,660789.3722033895,0.002980868548584345,0.003268081445769643,0.0029318186569067357,0.0005116878853544832,0.0029680083384528945,0.002936334348577663,60961.868170578,52769.84622844727,62161.83318810103,23082.691476030246,80715.14283992795,71564.06748649279,29509.043480092645,25471.80544028647,30278.512765412295,3475.9929944280207,50320.39638058889,32823.20417066301,0.0,0.0,0.0,0.0,0.0,0.0,0.003363278175108047,0.007226045698213543,0.007893588355619914,0.007689280336287723,0.28289890401596673,0.0030060482862175855,0.005972002908927941,0.0030729936157237133,0.016055508558149977,0.007611075980039093,0.061955574704170714,0.6745789935474478,0.0019407561808011202,0.005086220464761904,0.005984940067294116,0.005923726265182074,0.15942423593351568,0.001456724240554622,0.0034037756620224086,0.001759233145994398,0.009110927763305326,0.0062389907622408935,0.03541999857532678,0.39111276736634226
2026-09-18 23:42:53.128999949,2654.60949152542,7474.341355932203,8145.68033898305,7874.624745762718,281422.8976271186,2275.291525423728,5941.2355932203345,3055.8935593220317,16508.815932203397,8077.856949152542,49159.94188296949,660917.4071186439,0.0030203138265653615,0.003268081445769643,0.0029318186569067357,0.0005116878853544832,0.0029680083384528945,0.0028972810365591375,51504.432673103525,52769.84622844727,62161.83318810103,23082.691476030246,80715.14283992795,64097.16783468767,21014.25698425978,25471.80544028647,30278.512765412295,3475.9929944280207,50320.39638058889,25231.8784604775,0.0,0.0,0.0,0.0,0.0,0.0,0.0033663566095443217,0.007232663166044423,0.007900813330803736,0.007696318309020566,0.28315784534807453,0.00300880085882788,0.005977469063339706,0.0030758070890693013,0.01607020411176517,0.00761804530173027,0.06201349550507149,0.6751964289013082,0.0019432998276078417,0.0050925935280504205,0.005984940067294116,0.005923726265182074,0.15952557457556674,0.0014559868028011195,0.0034037756620224086,0.0017681365764929968,0.009122392751260503,0.006253658988352938,0.03553583056366592,0.39130800446736447
2026-09-18 23:43:08.128999949,2654.60949152542,7474.341355932203,8125.105423728816,7860.453559322033,281345.7966101695,2275.291525423728,5940.8206779660995,3055.8935593220317,16508.815932203397,8077.856949152542,49496.612808299986,660421.9372881355,0.0031205779976291874,0.003451701772486467,0.0029318186569067357,0.0005116878853544832,0.002959164412189712,0.002915733019058338,53214.20508240107,45887.27959843734,62161.83318810103,23082.691476030246,68470.56244192828,64574.37491708178,21711.8590143922,19199.629041419845,30278.512765412295,3475.9929944280207,37311.12602697165,25406.03506529595,0.0,0.0,0.0,0.0,0.0,0.0,0.003372379099908242,0.007237659748949044,0.00790561711568148,0.0076984409756537045,0.28340068392043344,0.0030123766020468856,0.005983579095427779,0.003082810114237465,0.0160824521000963,0.007627485015847477,0.06204500375592059,0.6759598683809647,0.0019432998276078417,0.0050925935280504205,0.005992034622039214,0.00593286194117647,0.15972702374818298,0.0014559868028011195,0.0034126881469355753,0.0017681365764929968,0.009122392751260503,0.006253658988352938,0.03562088047628132,0.39173051795033914
2026-09-18 23:43:23.128999949,2693.068474576272,7485.232881355937,8125.105423728816,7860.453559322033,281334.2705084746,2316.340677966102,5940.8206779660995,3056.055254237289,16499.004406779663,8089.337288135594,49776.24832034406,660727.0769491523,0.0031205779976291874,0.003451701772486467,0.003132217737900294,0.0005116878853544832,0.002959164412189712,0.0028959119792916935,53214.20508240107,45887.27959843734,65173.69644227851,23082.691476030246,68470.56244192828,64126.581072097106,21711.8590143922,19199.629041419845,35322.169552093954,3475.9929944280207,37311.12602697165,25133.12572144223,0.0,0.0,0.0,0.0,0.0,0.0,0.003375460229029121,0.007244275733076028,0.007912839878807245,0.007705474457643935,0.28365961054650185,0.0030151299280542117,0.00598904583810177,0.0030856274222350235,0.016097145417556618,0.007634456598570309,0.062109497164431815,0.6765774370881046,0.001946541354,0.005105113582812324,0.005992034622039214,0.00593286194117647,0.15983416615758103,0.0014635641032268902,0.0034126881469355753,0.0017693193959999998,0.009137961894000002,0.006268329266016806,0.03565832312858832,0.3919887549515257
2026-09-18 23:43:38.128999949,2693.068474576272,7485.232881355937,8126.209830508471,7841.098983050851,281293.77661016944,2316.340677966102,5938.636271186441,3056.055254237289,16499.004406779663,8089.337288135594,50014.079042613,661295.4498305084,0.0031205779976291874,0.003451701772486467,0.003018799291653598,0.0005118805785462378,0.002959164412189712,0.003306752872797985,53214.20508240107,45887.27959843734,67151.63476038355,20094.71465442204,68470.56244192828,73787.32801126721,21711.8590143922,19199.629041419845,36399.686645942886,3622.4151788015997,37311.12602697165,34434.640204880205,0.0,0.0,0.0,0.0,0.0,0.0,0.00337854135815,0.007250891717203012,0.007920062641933009,0.007712507939634169,0.28391853717257015,0.003017883254061538,0.005994512580775765,0.0030884447302325815,0.016111838735016933,0.007641428181293142,0.06217399057294305,0.6771950057952445,0.001946541354,0.005105113582812324,0.006001983124767504,0.005939605482380954,0.16002902240981948,0.0014635641032268902,0.0034207426567058824,0.0017693193959999998,0.009137961894000002,0.006268329266016806,0.03569728873141664,0.39258202177430335
2026-09-18 23:43:53.128999949,2729.245423728813,7475.418305084743,8126.209830508471,7841.098983050851,281248.3616949152,2343.0600000000013,5938.636271186441,3055.902711864407,16463.642033898297,8090.996949152545,50265.524720301146,661095.7444067799,0.0031205779976291874,0.003451701772486467,0.003126357721100924,0.0005180956747932695,0.002959164412189712,0.0037227754369683406,53214.20508240107,45887.27959843734,69544.21660231546,19038.04846543736,68470.56244192828,88697.08580284842,21711.8590143922,19199.629041419845,37696.59072924412,3431.5087974542803,37311.12602697165,49104.143079739995,0.0,0.0,0.0,0.0,0.0,0.0,0.0033816224872708794,0.0072575077013299965,0.00792728540505877,0.0077195414216244,0.2841774637986385,0.003020636580068864,0.0059999793234497565,0.0030912620382301387,0.01612653205247725,0.007648399764015975,0.062238483981454276,0.6778125745023843,0.0019491818422969181,0.005113353834123247,0.006001983124767504,0.005939605482380954,0.1601313463375537,0.001469321176190476,0.0034207426567058824,0.001765839222128852,0.009147813840616243,0.0062809044463249305,0.035738752499250945,0.3927000114695282
2026-09-18 23:44:08.128999949,2729.245423728813,7475.418305084743,8113.139999999994,7829.91762711864,281196.6711864406,2343.0600000000013,5935.9362711864405,3055.902711864407,16463.642033898297,8090.996949152545,50522.47568449746,660492.4972881356,0.0031205779976291874,0.003451701772486467,0.003126357721100924,0.0005180956747932695,0.0028753441622375044,0.003968573477432183,53214.20508240107,45887.27959843734,69544.21660231546,19038.04846543736,66531.08938169242,91696.40428772081,21711.8590143922,19199.629041419845,37696.59072924412,3431.5087974542803,36254.264199120444,52565.14147013468,0.0,0.0,0.0,0.0,0.0,0.0,0.0033879883899768457,0.007263967731314335,0.00793235546784789,0.007723539953034162,0.2844213867165083,0.00302629206681472,0.00600632579771912,0.003093122646933496,0.016136927488494643,0.007656276992355861,0.06237478445550609,0.6783883894830711,0.0019491818422969181,0.005113353834123247,0.006006011724100837,0.005947449321243695,0.16032057442372485,0.001469321176190476,0.00342950228515406,0.001765839222128852,0.009147813840616243,0.0062809044463249305,0.03576559997485574,0.3931224668374202
2026-09-18 23:44:23.128999949,2772.668135593219,7483.899661016946,8113.139999999994,7829.91762711864,281166.727118644,2357.8779661016943,5935.9362711864405,3056.720338983053,16452.692542372875,8100.170847457626,50801.228922429655,660654.228813559,0.0031205779976291874,0.003626542289758999,0.003126357721100924,0.0005180956747932695,0.0031312345360661182,0.004074289492692563,53214.20508240107,47226.80658970585,69544.21660231546,19038.04846543736,69969.95735141498,95260.7010532033,21711.8590143922,20097.334965716418,37696.59072924412,3431.5087974542803,39306.7081095768,55582.553336612065,0.0,0.0,0.0,0.0,0.0,0.0,0.003391072514672709,0.0072705835728593465,0.00793957627137587,0.007730570672316402,0.2846802996854864,0.0030290480394424574,0.0060117933412106046,0.00309593908245661,0.016151616893604136,0.007663249400810847,0.062457886806072574,0.6790059201438317,0.0019528454889523811,0.005126085864605042,0.006006011724100837,0.005947449321243695,0.1604215500897821,0.0014669844681792713,0.00342950228515406,0.001768008538414566,0.009161030554179267,0.006290487801366944,0.035815427346504475,0.39333881012995087
2026-09-18 23:44:38.128999949,2772.668135593219,7483.899661016946,8092.726779661013,7798.475593220334,281127.9050847457,2357.8779661016943,5937.629491525421,3056.720338983053,16452.692542372875,8100.170847457626,50993.014055957115,660820.0881355929,0.002902615925925928,0.003626542289758999,0.003126357721100924,0.0005180956747932695,0.0031312345360661182,0.004140406220534263,52893.898271604936,47226.80658970585,69544.21660231546,19038.04846543736,69969.95735141498,99377.7426473712,21538.512592592593,20097.334965716418,37696.59072924412,3431.5087974542803,39306.7081095768,58879.62403456282,0.0,0.0,0.0,0.0,0.0,0.0,0.003394156639368573,0.00727719941440436,0.00794679707490385,0.007737601391598641,0.2849392126544645,0.0030318040120701946,0.0060172608847020885,0.0030987555179797246,0.016166306298713625,0.0076702218092658345,0.06254098915663907,0.6796234508045922,0.0019528454889523811,0.005126085864605042,0.006015206411540614,0.005952116324184872,0.16061515116312167,0.0014669844681792713,0.003437151186957982,0.001768008538414566,0.009161030554179267,0.006290487801366944,0.03584547389477875,0.3940208728124332
2026-09-18 23:44:53.128999949,2815.5355932203383,7461.186101694914,8092.726779661013,7798.475593220334,281060.2403389831,2381.8881355932194,5937.629491525421,3069.0061016949144,16428.12711864408,8101.854915254238,51220.94636607509,660586.8966101691,0.003384555761973979,0.003626542289758999,0.003126357721100924,0.0005145909654663158,0.0031312345360661182,0.0042218096176201364,53633.01304302741,47226.80658970585,69544.21660231546,19791.837232143498,69969.95735141498,102196.0011429065,22633.851410372907,20097.334965716418,37696.59072924412,3567.816355646046,39306.7081095768,61669.57255215546,0.0,0.0,0.0,0.0,0.0,0.0,0.003397240764064437,0.007283815255949371,0.007954017878431833,0.0077446321108808796,0.28519812562344266,0.0030345599846979317,0.006022728428193572,0.0031015719535028388,0.016180995703823114,0.007677194217720823,0.06262409150720556,0.6802409814653527,0.001957039916773109,0.005130007128459384,0.006015206411540614,0.005952116324184872,0.16071393263302705,0.0014704423920672267,0.003437151186957982,0.001778076766789916,0.009172353276369751,0.006303232697647057,0.035879778599276595,0.39413184908225224
2026-09-18 23:45:08.128999949,2815.5355932203383,7461.186101694914,8066.87999999999,7770.194237288139,280939.3810169492,2381.8881355932194,5935.731864406782,3069.0061016949144,16428.12711864408,8101.854915254238,51379.68004351424,659540.4772881354,0.003384555761973979,0.003626542289758999,0.00330180765779189,0.0005145909654663158,0.0031312345360661182,0.004315161065190182,53633.01304302741,47226.80658970585,65895.62100879825,19791.837232143498,69969.95735141498,106251.35046325035,22633.851410372907,20097.334965716418,35741.13630181954,3567.816355646046,39306.7081095768,72007.8463721812,0.0,0.0,0.0,0.0,0.0,0.0,0.003404226644628666,0.0072893721737783655,0.007959672189600546,0.007747386092927616,0.2854357497376773,0.003036919933542182,0.006029326738057819,0.0031056779819679994,0.016192095211912488,0.00768362658725883,0.06265238470198457,0.6808357181789827,0.001957039916773109,0.005130007128459384,0.006025488678285711,0.005956419495350142,0.16090137671326982,0.0014704423920672267,0.0034462903651764705,0.001778076766789916,0.009172353276369751,0.006303232697647057,0.03591183684745217,0.3945485394678226
2026-09-18 23:45:23.128999949,2859.3152542372873,7460.881016949157,8066.87999999999,7770.194237288139,280905.44949152536,2422.5925423728786,5935.731864406782,3085.450169491527,16414.78271186442,8106.760677966106,51653.431921809264,659648.5871186442,0.003384555761973979,0.0037676182482573655,0.00330180765779189,0.0005145909654663158,0.003125356010613294,0.004491879860286011,53633.01304302741,45587.04293205864,65895.62100879825,19791.837232143498,72909.7425182168,101727.50389472456,22633.851410372907,19406.869083890895,35741.13630181954,3567.816355646046,40958.17799508768,68305.42585552756,0.0,0.0,0.0,0.0,0.0,0.0,0.003407314314628667,0.007295987052869273,0.007966891572327817,0.007754412933230645,0.2856946433964652,0.003039675546269455,0.006034795307148727,0.0031084955892407267,0.016206781361003394,0.007690598504834587,0.0627352405260176,0.6814532281289105,0.0019616689358823527,0.0051417650507450995,0.006025488678285711,0.005956419495350142,0.16100713476364953,0.0014799273138431373,0.0034462903651764705,0.001780433449686275,0.009189129426000002,0.006317600044817928,0.03596531086695445,0.3947204220528671
2026-09-18 23:45:38.128999949,2859.3152542372873,7460.881016949157,8058.871525423721,7743.27050847457,280840.066779661,2422.5925423728786,5936.451864406778,3085.450169491527,16414.78271186442,8106.760677966106,51790.912885384416,659518.8284745762,0.003384555761973979,0.0037676182482573655,0.00331320792126798,0.0005172527213375252,0.003125356010613294,0.0046103265995486266,53633.01304302741,45587.04293205864,70004.93637270335,22341.725746047614,72909.7425182168,105522.38520817088,22633.851410372907,19406.869083890895,37926.10822047849,3369.28383716771,40958.17799508768,72024.04045176256,0.0,0.0,0.0,0.0,0.0,0.0,0.0034104019846286668,0.007302601931960183,0.00797411095505509,0.0077614397735336765,0.2859535370552531,0.003042431158996727,0.006040263876239637,0.003111313196513454,0.016221467510094303,0.007697570422410345,0.06281809635005063,0.6820707380788383,0.0019616689358823527,0.0051417650507450995,0.006037149491142854,0.005959169013955179,0.16120007988650042,0.0014799273138431373,0.003454726384313725,0.001780433449686275,0.009189129426000002,0.006317600044817928,0.035994827267299,0.3953643531271548
2026-09-18 23:45:53.128999949,2896.2640677966083,7428.993559322034,8058.871525423721,7743.27050847457,280770.8583050848,2455.6423728813556,5936.451864406778,3096.7474576271175,16370.377627118653,8104.716610169492,51995.93538513824,659271.1088135593,0.003384555761973979,0.0037676182482573655,0.00331320792126798,0.0005236554815525624,0.003257589388276879,0.004673967250154016,53633.01304302741,45587.04293205864,70004.93637270335,23282.79806588775,92396.58164762401,108068.69463112087,22633.851410372907,19406.869083890895,37926.10822047849,3511.2039284303205,61697.10231628176,74430.65391967374,0.0,0.0,0.0,0.0,0.0,0.0,0.003413489654628667,0.007309216811051092,0.007981330337782363,0.007768466613836707,0.28621243071404096,0.003045186771724,0.006045732445330547,0.003114130803786182,0.016236153659185213,0.007704542339986101,0.06290095217408369,0.6826882480287663,0.0019653611821848728,0.005146635379277309,0.006037149491142854,0.005959169013955179,0.16129788781561905,0.0014855994788795519,0.003454726384313725,0.0017835265604145658,0.009198512366308125,0.006327577427815128,0.03603458815917647,0.39555436195378
2026-09-18 23:46:08.128999949,2896.2640677966083,7428.993559322034,8048.379661016946,7713.018305084756,280700.07559322036,2455.6423728813556,5938.932203389831,3096.7474576271175,16370.377627118653,8104.716610169492,52105.85108246573,658558.60779661,0.003384555761973979,0.0037892084924641776,0.00331320792126798,0.0005236554815525624,0.003257589388276879,0.004766499709715376,53633.01304302741,47333.55735177134,70004.93637270335,23282.79806588775,92396.58164762401,111684.39696978258,22633.851410372907,20142.402497352818,37926.10822047849,3511.2039284303205,61697.10231628176,77226.20115085204,0.0,0.0,0.0,0.0,0.0,0.0,0.00342031781319829,0.007314568131542071,0.007987752023809016,0.0077702998288677536,0.28645782557346794,0.0030518231990570442,0.006052203373998168,0.0031198090581239335,0.016247111313530876,0.0077106540312604464,0.06291709832478101,0.6832726593576264,0.0019653611821848728,0.005146635379277309,0.006046710174476188,0.005960084553042018,0.16149316870121005,0.0014855994788795519,0.0034641505506666647,0.0017835265604145658,0.009198512366308125,0.006327577427815128,0.036053153928666294,0.3961013466099798
2026-09-18 23:46:23.128999949,2933.7955932203413,7413.19627118644,8048.379661016946,7713.018305084756,280657.2783050847,2480.5220338983045,5938.932203389831,3117.2796610169476,16351.48372881355,8101.348474576264,52357.813361213346,658630.3637288135,0.0036212400238369415,0.0037892084924641776,0.00331320792126798,0.0005236554815525624,0.003257589388276879,0.004836962607138567,54248.40360922623,47333.55735177134,70004.93637270335,23282.79806588775,92396.58164762401,113770.96004679218,23302.3566172364,20142.402497352818,37926.10822047849,3511.2039284303205,61697.10231628176,79273.2003350575,0.0,0.0,0.0,0.0,0.0,0.0,0.0034234088696596422,0.007321181866445452,0.007994970685644765,0.0077773219756068854,0.2867167070339148,0.0030545823252647744,0.006057672848937781,0.003122629255285769,0.016261794093120247,0.007717625169847403,0.06299904248333414,0.683890139360325,0.001969508868235294,0.005156829792358544,0.006046710174476188,0.005960084553042018,0.16160329633447862,0.0014938993298319319,0.0034641505506666647,0.0018014589973109239,0.009214306656554616,0.006342218311529408,0.036103623682021614,0.39632199285200465
2026-09-18 23:46:38.128999949,2933.7955932203413,7413.19627118644,8034.394576271186,7693.971864406774,280255.51581151976,2480.5220338983045,5948.37457627118,3117.2796610169476,16351.48372881355,8101.348474576264,52511.18009777884,658257.8874884405,0.0036212400238369415,0.0037458154626677084,0.0032084586031280106,0.0005236554815525624,0.0032576410143517554,0.004841324183963039,54248.40360922623,45363.207766084735,67791.68277506428,23282.79806588775,96108.24296910693,118828.85003008615,23302.3566172364,19303.936583615476,36727.04855679236,3511.2039284303205,64163.462790295824,83736.19770876269,0.0,0.0,0.0,0.0,0.0,0.0,0.003426499926120995,0.007327795601348834,0.008002189347480515,0.007784344122346016,0.28697558849436167,0.003057341451472504,0.006063142323877397,0.0031254494524476048,0.016276476872709625,0.007724596308434361,0.06308098664188727,0.6845076193630235,0.001969508868235294,0.005156829792358544,0.0060566073091372526,0.005967225132941175,0.16181162219389542,0.0014938993298319319,0.003475061805126048,0.0018014589973109239,0.009214306656554616,0.006342218311529408,0.036136919329103616,0.39729896668052367
2026-09-18 23:46:53.128999949,2971.5101694915234,7389.671186440676,8034.394576271186,7693.971864406774,279924.11711368227,2519.0786440677966,5948.37457627118,3133.9616949152523,16303.024067796612,8092.827457627118,52751.7461332684,657373.8788389663,0.0036212400238369415,0.0037458154626677084,0.0031808485371174443,0.0005236554815525624,0.003317633396366031,0.005081045122503218,54248.40360922623,45363.207766084735,67208.30830529175,23282.79806588775,94446.87440050427,126248.05983180147,23302.3566172364,19303.936583615476,36410.99765495504,3511.2039284303205,63628.7465628911,91353.13346343966,0.0,0.0,0.0,0.0,0.0,0.0,0.003429590982582347,0.007334409336252214,0.008009408009316264,0.007791366269085146,0.2872344699548085,0.0030601005776802327,0.00606861179881701,0.003128269649609441,0.016291159652298996,0.0077315674470213175,0.06316293080044041,0.685125099365722,0.0019732928937366946,0.005166076244224088,0.0060566073091372526,0.005967225132941175,0.16183817618076848,0.001510226104,0.003475061805126048,0.0018110860580168057,0.009227494074464987,0.006356471894285711,0.03618402687106538,0.39736822454303333
2026-09-18 23:47:08.128999949,2971.5101694915234,7389.671186440676,8015.741694915253,7659.759661016946,280589.000338983,2519.0786440677966,5956.996271186437,3133.9616949152523,16303.024067796612,8092.827457627118,52907.48515006794,658734.7942372882,0.0036212400238369415,0.0037582842428262944,0.0035438635824788967,0.0005133787911123601,0.003317633396366031,0.005226625272365067,54248.40360922623,46906.4987001662,66450.2511334777,19524.66387555078,94446.87440050427,135467.47352259845,23302.3566172364,19923.439906421343,36517.33328251437,3525.756741460619,63628.7465628911,99941.07243353207,0.0,0.0,0.0,0.0,0.0,0.0,0.0034362869088457476,0.007340205444297192,0.008014481781009788,0.007794079299009667,0.28741410581544563,0.003066041429823586,0.006075860446368633,0.0031350870181189126,0.01630083485161771,0.0077395355951457275,0.06318973980717546,0.6856022201861057,0.0019732928937366946,0.005166076244224088,0.006066808932773109,0.005971742735663863,0.1622365886942837,0.001510226104,0.003484270918431371,0.0018110860580168057,0.009227494074464987,0.006356471894285711,0.03621760232475602,0.39843338485401003
2026-09-18 23:47:23.128999949,3009.3772881355935,7376.909491525423,8015.741694915253,7659.759661016946,280554.5074576271,2536.0901694915256,5956.996271186437,3148.02,16303.442033898295,8092.531525423721,53183.09104439829,658712.3400000002,0.0036212400238369415,0.0037582842428262944,0.0035630725285892254,0.0005217909307372135,0.003317633396366031,0.005133130614802251,54248.40360922623,46906.4987001662,54465.06076222598,18970.218267819335,94446.87440050427,146052.8333588736,23302.3566172364,19923.439906421343,23467.369591242365,3425.635154134331,63628.7465628911,109394.36048903315,0.0,0.0,0.0,0.0,0.0,0.0,0.0034393812172091656,0.007346818441288769,0.008021698511455035,0.007801097565555997,0.28764195150076455,0.003068803426213478,0.006081331523384276,0.003137910821067168,0.01631551312207499,0.007746507633051865,0.06327126599656345,0.6861484146478757,0.001977952021826331,0.005177808856638655,0.006066808932773109,0.005971742735663863,0.16234543331341778,0.001516079062436975,0.003484270918431371,0.001813409984257703,0.00924800854311484,0.006375158915406161,0.03628463063056351,0.3986816608948228
2026-09-18 23:47:38.128999949,3009.3772881355935,7376.909491525423,8000.957288135594,7629.293898305076,280561.78677966096,2536.0901694915256,5969.059322033899,3148.02,16303.442033898295,8092.531525423721,53393.178350467846,659244.3986440679,0.0037753189912437066,0.0037582842428262944,0.0035630725285892254,0.0005217909307372135,0.0033294963481255466,0.005242223753340215,73897.98007304866,46906.4987001662,54465.06076222598,18970.218267819335,98352.64906568617,148770.80983206714,43715.07547704808,19923.439906421343,23467.369591242365,3425.635154134331,66256.83225160475,111372.78928675946,0.0,0.0,0.0,0.0,0.0,0.0,0.0034424755255725832,0.007353431438280345,0.00802891524190028,0.007808115832102328,0.2878697971860834,0.003071565422603369,0.00608680260039992,0.0031407346240154227,0.01633019139253227,0.007753479670958002,0.06335279218595145,0.6866946091096455,0.001977952021826331,0.005177808856638655,0.006077403162229692,0.005978013972857141,0.1625440049104664,0.001516079062436975,0.0034931842039887966,0.001813409984257703,0.00924800854311484,0.006375158915406161,0.03633279700012669,0.3993257106741951
2026-09-18 23:47:53.128999949,3044.6603389830498,7353.073220338991,8000.957288135594,7629.293898305076,280519.39830508473,2556.5888135593223,5969.059322033899,3168.353898305085,16247.861694915246,8091.805423728815,53614.419924897935,658975.7532203391,0.0038026775890614302,0.0037582842428262944,0.0035630725285892254,0.0005217909307372135,0.0033294963481255466,0.0053022890770041235,76775.17889291162,46906.4987001662,54465.06076222598,18970.218267819335,98352.64906568617,151132.5301059245,45417.54824829042,19923.439906421343,23467.369591242365,3425.635154134331,66256.83225160475,113649.2280580181,0.0,0.0,0.0,0.0,0.0,0.0,0.003445569833936001,0.0073600444352719206,0.008036131972345529,0.007815134098648657,0.2880976428714023,0.003074327418993261,0.006092273677415564,0.0031435584269636782,0.01634486966298955,0.007760451708864139,0.06343431837533947,0.6872408035714155,0.0019812783958991593,0.005185659116509807,0.006077403162229692,0.005978013972857141,0.16264769822298764,0.0015243292449075637,0.0034931842039887966,0.0018281522422184874,0.009258074946655459,0.006392503777714288,0.036378538940184724,0.399460253493174
2026-09-18 23:48:08.128999949,3044.6603389830498,7353.073220338991,7983.817627118635,7609.893559322034,280494.40271186444,2556.5888135593223,5973.077288135593,3168.353898305085,16247.861694915246,8091.805423728815,53780.289472220415,658371.1332203392,0.0038026775890614302,0.00373464589611389,0.0035630725285892254,0.0005158520912785611,0.0033294963481255466,0.005252852437535161,76775.17889291162,59900.001897431735,54465.06076222598,19719.77612719124,98352.64906568617,147392.45695219276,45417.54824829042,32969.25873091715,23467.369591242365,3561.4311400278493,66256.83225160475,110050.66006936233,0.0,0.0,0.0,0.0,0.0,0.0,0.003452476766023282,0.007364986573404536,0.008042730036686029,0.007819017482623222,0.2885288856370109,0.0030780452589187456,0.006099412917611392,0.0031497916817639898,0.0163549453545261,0.007770071964048982,0.06347233461593911,0.6882571380341509,0.0019812783958991593,0.005185659116509807,0.006090877377254898,0.0059851871445266115,0.16283001911981496,0.0015243292449075637,0.0035002854524369747,0.0018281522422184874,0.009258074946655459,0.006392503777714288,0.03641045779139402,0.3997577794330294
2026-09-18 23:48:23.128999949,3080.2362711864394,7339.646440677967,7983.817627118635,7609.893559322034,280463.653220339,2582.618644067795,5973.077288135593,3181.1644067796587,16217.017627118663,8086.9789830508535,54010.4184516764,658441.9647457628,0.0038026775890614302,0.00373464589611389,0.0037124947693517045,0.0005102879830610334,0.0034179005544911273,0.005399806893552601,76775.17889291162,59900.001897431735,74755.84604359692,19007.539539765065,116560.4834205508,144437.58894578187,45417.54824829042,32969.25873091715,44593.5194738236,3432.374615924878,85482.79739328497,107300.38555266679,0.0,0.0,0.0,0.0,0.0,0.0,0.003455574501335032,0.007371598068308613,0.008049946212045743,0.007826032936460151,0.28878776696285025,0.0030808081144343327,0.006104885491352399,0.003152618549269984,0.01636961949541339,0.0077770463822144495,0.06355382151961868,0.688874657554998,0.0019844045565882355,0.005195881255663865,0.006090877377254898,0.0059851871445266115,0.16293776877022453,0.0015348583130196073,0.0035002854524369747,0.0018349628964369747,0.009270309635949584,0.006407367159675072,0.03645586705195814,0.39996916593633836
2026-09-18 23:48:38.128999949,3080.2362711864394,7339.646440677967,7982.578983050851,7603.889491525426,280483.9230508474,2582.618644067795,5981.6989830508455,3181.1644067796587,16217.017627118663,8086.9789830508535,54217.156629547986,658983.8440677966,0.003917844386211327,0.00373464589611389,0.0037124947693517045,0.0005102879830610334,0.0034179005544911273,0.005669844602416853,95660.99240874022,59900.001897431735,74755.84604359692,19007.539539765065,116560.4834205508,146088.47197408968,64929.203973237774,32969.25873091715,44593.5194738236,3432.374615924878,85482.79739328497,114571.26727141735,0.0,0.0,0.0,0.0,0.0,0.0,0.0034586722366467836,0.00737820956321269,0.008057162387405456,0.007833048390297082,0.28904664828868953,0.0030835709699499206,0.006110358065093405,0.00315544541677598,0.01638429363630068,0.007784020800379917,0.06363530842329826,0.6894921770758449,0.0019844045565882355,0.005195881255663865,0.006104763451613446,0.005993972311148459,0.16312938948896033,0.0015348583130196073,0.003509159531792715,0.0018349628964369747,0.009270309635949584,0.006407367159675072,0.03649027673552888,0.40043051879476105
2026-09-18 23:48:53.128999949,3115.961694915251,7323.577627118645,7982.578983050851,7603.889491525426,280456.33118644066,2592.460677966101,5981.6989830508455,3168.149491525421,16160.31762711863,8101.586440677958,54445.629595192084,658863.6193220341,0.003917844386211327,0.00373464589611389,0.0037266526215414173,0.0005102879830610334,0.0033209583003520715,0.005733656167228364,95660.99240874022,59900.001897431735,77649.49426980029,19007.539539765065,104822.13947796528,154258.60892129273,64929.203973237774,32969.25873091715,46287.6220874861,3432.374615924878,73322.67184654607,116986.1460690988,0.0,0.0,0.0,0.0,0.0,0.0,0.003461769971958533,0.007384821058116767,0.008064378562765168,0.007840063844134012,0.28930552961452893,0.003086333825465508,0.0061158306388344125,0.003158272284281975,0.01639896777718797,0.0077909952185453825,0.06371679532697784,0.6901096965966919,0.001988481854117646,0.005202391030941175,0.006104763451613446,0.005993972311148459,0.16323469965358275,0.001538699632941176,0.003509159531792715,0.001830095965490195,0.009280785013333329,0.006426047919915962,0.03652922254443313,0.4005984157384127
2026-09-18 23:49:08.128999949,3115.961694915251,7323.577627118645,7982.1762711864485,7597.482711864411,280436.0552542372,2592.460677966101,5990.74779661017,3168.149491525421,16160.31762711863,8101.586440677958,54648.96610270376,658376.5698305083,0.0038567394099726033,0.0037609256288839974,0.0037266526215414173,0.0005102879830610334,0.0033497448326656166,0.005657933962718351,98698.99889272067,62472.428995418435,77649.49426980029,19007.539539765065,105730.75248431873,155706.63455416614,66974.32067720332,34352.82817707683,46287.6220874861,3432.374615924878,73958.243049654,118180.46445587628,0.0,0.0,0.0,0.0,0.0,0.0,0.0034684758506326762,0.007389641709098087,0.008071926123105595,0.00784464929367013,0.2895616982433134,0.0030894104321893476,0.006122448186278693,0.0031602509568968737,0.016407468324777078,0.007800569040000676,0.06374669142856355,0.690705366363502,0.001988481854117646,0.005202391030941175,0.0061168299295126065,0.00599898175677311,0.1634207452298689,0.001538699632941176,0.0035152542023529415,0.001830095965490195,0.009280785013333329,0.006426047919915962,0.03655482011285094,0.40094452557415766
2026-09-18 23:49:23.128999949,3147.7942372881366,7315.7247457627045,7982.1762711864485,7597.482711864411,280393.160338983,2598.952881355932,5990.74779661017,3168.183050847457,16140.310169491528,8100.305084745761,54867.56729831289,658410.3976271184,0.003986161326667645,0.0037609256288839974,0.0037266526215414173,0.0005050018913839279,0.0034543838776253514,0.0056814811698400434,102011.07478240815,62472.428995418435,77649.49426980029,19388.51170424117,109033.56076241352,158329.09817484493,69221.80074520553,34352.82817707683,46287.6220874861,3557.5698546166154,76268.54437295132,120273.27028372198,0.0,0.0,0.0,0.0,0.0,0.0,0.003471576817478554,0.007396251599779094,0.008079142594730446,0.007851662575032139,0.2898205771423576,0.003092173568688749,0.006127921783650259,0.003163077064722441,0.016422136946342192,0.00780754578611776,0.0638280432439573,0.6913228663197869,0.001992051392571429,0.005211311963047615,0.0061168299295126065,0.00599898175677311,0.16352019473424284,0.0015424479179999995,0.0035152542023529415,0.0018305587362857135,0.009294240396571429,0.00643845579569748,0.03660598143351313,0.4011239187074774
2026-09-18 23:49:38.128999949,3147.7942372881366,7315.7247457627045,7986.764745762714,7593.422033898309,280415.23016949155,2598.952881355932,5999.506779661016,3168.183050847457,16140.310169491528,8100.305084745761,55087.16112299985,658989.9579661017,0.003986161326667645,0.0037609256288839974,0.0037266526215414173,0.0005160825024059422,0.0035285896477468687,0.005830216719697948,102011.07478240815,62472.428995418435,77649.49426980029,18533.8944347321,126732.42924576177,160730.53578333394,69221.80074520553,34352.82817707683,46287.6220874861,3400.7573729976593,94947.76780303009,122140.21759373452,0.0,0.0,0.0,0.0,0.0,0.0,0.0034746777843244325,0.007402861490460096,0.008086359066355298,0.007858675856394146,0.29007945604140184,0.003094936705188152,0.006133395381021824,0.0031659031725480083,0.016436805567907303,0.007814522532234846,0.06390939505935105,0.6919403662760718,0.001992051392571429,0.005211311963047615,0.006132027495630252,0.006007979211445378,0.16371837455337448,0.0015424479179999995,0.0035225756311428567,0.0018305587362857135,0.009294240396571429,0.00643845579569748,0.03664019944395143,0.4017104403854816
2026-09-18 23:49:53.128999949,3179.159999999999,7301.382711864406,7986.764745762714,7593.422033898309,280361.93127964303,2618.810847457625,5999.506779661016,3188.486440677966,16088.018644067814,8085.772396995931,55288.509797757404,659122.5373475528,0.003986161326667645,0.0036974538330977356,0.0039217071701121275,0.0005160825024059422,0.0035285896477468687,0.005932863480018071,102011.07478240815,71472.75032258757,77288.52911800615,18533.8944347321,126732.42924576177,160562.68223287366,69221.80074520553,44546.32402770156,68915.02662924022,3400.7573729976593,94947.76780303009,122179.57085761204,0.0,0.0,0.0,0.0,0.0,0.0,0.003477778751170311,0.007409471381141099,0.008093575537980147,0.007865689137756152,0.290338334940446,0.003097699841687555,0.0061388689783933885,0.003168729280373576,0.016451474189472414,0.00782149927835193,0.0639907468747448,0.6925578662323566,0.001995026691271708,0.005217555001708683,0.006132027495630252,0.006007979211445378,0.16381901468937088,0.0015473358131428568,0.0035225756311428567,0.00184329235220168,0.009305029444179273,0.0064479286751019495,0.03666366607633944,0.40189188480981025
2026-09-18 23:50:08.128999949,3179.159999999999,7301.382711864406,7982.136610169485,7582.0515254237325,280353.0350084566,2618.810847457625,6003.253220338984,3188.486440677966,16088.018644067814,8085.772396995931,55490.678001552515,658693.2251441629,0.003986161326667645,0.0036974538330977356,0.0039217071701121275,0.0005160825024059422,0.0035285896477468687,0.006088841839191052,102011.07478240815,71472.75032258757,77288.52911800615,18533.8944347321,126732.42924576177,163387.3785489039,69221.80074520553,44546.32402770156,68915.02662924022,3400.7573729976593,94947.76780303009,124607.15717613156,0.0,0.0,0.0,0.0,0.0,0.0,0.003483845284884703,0.0074146456333647436,0.008101616657140417,0.007870568127352639,0.290591120881848,0.0030998114837671627,0.00614517406914889,0.0031730810338157344,0.016459424778836117,0.007828500496036905,0.0640177476125346,0.693150786204251,0.001995026691271708,0.005217555001708683,0.006146129143058821,0.0060167246074509795,0.16402349431811344,0.0015473358131428568,0.0035317576557198876,0.00184329235220168,0.009305029444179273,0.0064479286751019495,0.03669583379444995,0.40226356190390106
2026-09-18 23:50:23.128999949,3216.526779661017,7296.351864406778,7982.136610169485,7582.0515254237325,280314.16169491527,2657.1783050847434,6003.253220338984,3193.9962711864414,16101.512542372882,8073.292881355937,55741.31056320031,658950.4128813557,0.00421358200481343,0.003729313010512051,0.0039217071701121275,0.0005084860967529755,0.0035285896477468687,0.00618269680082075,117618.61677101805,74391.2778479836,77288.52911800615,15331.193520893758,126732.42924576177,173236.50116363025,85809.70648908833,46363.51870024309,68915.02662924022,3519.03025086006,94947.76780303009,135006.85077148944,0.0,0.0,0.0,0.0,0.0,0.0,0.0034869488982775597,0.007421254242590932,0.008108833863390416,0.007877579507412162,0.2908499943529789,0.0031025740388266857,0.006150648407244127,0.003175908503160973,0.016474087415740874,0.007835477263894046,0.06409885921984547,0.6937682642349232,0.0019991299724817922,0.005227711687798318,0.006146129143058821,0.0060167246074509795,0.16413022690580162,0.0015622561026778711,0.0035317576557198876,0.0018494740726106445,0.009325202356403363,0.006462949177759105,0.03674711824655462,0.40241271135231793
2026-09-18 23:50:38.128999949,3216.526779661017,7296.351864406778,7976.123389830511,7566.6111864406785,280338.8552542373,2657.1783050847434,6010.395254237287,3193.9962711864414,16101.512542372882,8073.292881355937,55929.46250481539,659975.6105084744,0.00421358200481343,0.003729313010512051,0.0039217071701121275,0.000525893806658034,0.0035285896477468687,0.0062315365036953755,117618.61677101805,74391.2778479836,77288.52911800615,15856.047535613621,126732.42924576177,175362.3627784024,85809.70648908833,46363.51870024309,68915.02662924022,3639.5020949188697,94947.76780303009,136770.32823140617,0.0,0.0,0.0,0.0,0.0,0.0,0.0034900525116704165,0.007427862851817123,0.008116051069640416,0.007884590887471689,0.29110886782410994,0.0031053365938862104,0.006156122745339366,0.0031787359725062104,0.016488750052645638,0.007842454031751189,0.06417997082715636,0.6943857422655955,0.0019991299724817922,0.005227711687798318,0.006158962424123253,0.006024633880352939,0.16434150664389097,0.0015622561026778711,0.0035393424393949558,0.0018494740726106445,0.009325202356403363,0.006462949177759105,0.03677850048192852,0.4032047117477289
2026-09-18 23:50:53.128999949,3250.2630508474585,7289.765084745758,7976.123389830511,7566.6111864406785,280291.4816949153,2680.553898305084,6010.395254237287,3212.7772881355913,16078.585423728793,8053.691186440671,56167.983332941774,659866.7166101694,0.004131037320790226,0.003729313010512051,0.0039217071701121275,0.000525893806658034,0.003631876971110938,0.006273202675938477,105972.09903543252,74391.2778479836,77288.52911800615,15856.047535613621,126992.44413451909,174604.0713026419,73738.47214951164,46363.51870024309,68915.02662924022,3639.5020949188697,95535.83741545207,135780.58386884836,0.0,0.0,0.0,0.0,0.0,0.0,0.0034931561250632747,0.007434471461043316,0.008123268275890416,0.007891602267531208,0.29136774129524085,0.0031080991489457334,0.006161597083434604,0.003181563441851449,0.016503412689550398,0.007849430799608332,0.06426108243446722,0.6950032202962677,0.0020024474427563026,0.005235356478571427,0.006158962424123253,0.006024633880352939,0.16444208844244393,0.001567340659831932,0.0035393424393949558,0.0018525489730420162,0.009341981269445371,0.0064732268019067766,0.03681342267246004,0.40336590027374736
2026-09-18 23:51:08.128999949,3250.2630508474585,7289.765084745758,7960.68915254238,7548.120000000003,280287.793220339,2680.553898305084,6017.714237288131,3212.7772881355913,16078.585423728793,8053.691186440671,56328.20230074105,659523.0600000002,0.004166837022107841,0.0036889027726182857,0.0039217071701121275,0.000525893806658034,0.003631876971110938,0.00634591427678865,106890.45662914788,71208.42029426001,77288.52911800615,15856.047535613621,126992.44413451909,177426.08285338315,74377.49210347925,44393.73656186327,68915.02662924022,3639.5020949188697,95535.83741545207,138008.55298741302,0.0,0.0,0.0,0.0,0.0,0.0,0.003499409135959114,0.007440811231229083,0.008128689939003658,0.0078957890873379,0.2916211661165021,0.003113887295821115,0.006167604271473448,0.0031865177406072754,0.016514957744312372,0.007855156026693002,0.06428617012043973,0.6956445901476304,0.0020024474427563026,0.005235356478571427,0.006171488463899161,0.006028995154509805,0.16464352639694158,0.001567340659831932,0.0035472448077310914,0.0018525489730420162,0.009341981269445371,0.0064732268019067766,0.03682921953199896,0.40385289499551696
2026-09-18 23:51:23.128999949,3286.9922033898297,7300.574237288144,7960.68915254238,7548.120000000003,280254.3681355933,2704.618983050847,6017.714237288131,3235.0789830508456,16077.667118644054,8039.574915254242,56608.35382852134,659724.232881356,0.004295964158113721,0.0036889027726182857,0.00408519184638356,0.0005059147682016435,0.003631876971110938,0.006439012539642842,110202.91124583947,71208.42029426001,99943.38540420917,15253.6662573599,126992.44413451909,189345.93065375258,76682.39447611004,44393.73656186327,68450.39952999204,3501.235107561514,95535.83741545207,148862.98233038702,0.0,0.0,0.0,0.0,0.0,0.0,0.003502515549956742,0.007447419601039286,0.008135905551399862,0.007902797960113702,0.2918800347564784,0.0031166525413727168,0.006173079082564789,0.00318934710122412,0.016529617613826014,0.007862131681497271,0.06436702660128539,0.6962620893583813,0.0020071641744257704,0.0052485525244145665,0.006171488463899161,0.006028995154509805,0.16474919792932077,0.0015693376251540618,0.0035472448077310914,0.0018642682075630246,0.009367171334089631,0.0064838208827787125,0.03688409614764423,0.40398241542567087
2026-09-18 23:51:38.128999949,3286.9922033898297,7300.574237288144,7945.639322033891,7522.013898305078,280225.10440677963,2704.618983050847,6026.2810169491495,3235.0789830508456,16077.667118644054,8039.574915254242,56801.28146045782,660500.826101695,0.004295964158113721,0.0036239540506340278,0.00408519184638356,0.0005219528478746652,0.003631876971110938,0.006521219682498547,110202.91124583947,73447.64854425316,99943.38540420917,18507.594845132382,126992.44413451909,199057.37214263715,76682.39447611004,45789.747154729776,68450.39952999204,3401.925527509205,95535.83741545207,159173.83009355766,0.0,0.0,0.0,0.0,0.0,0.0,0.00350562196395437,0.007454027970849488,0.008143121163796063,0.0079098068328895,0.29213890339645465,0.0031194177869243176,0.006178553893656128,0.003192176461840965,0.016544277483339656,0.007869107336301544,0.06444788308213108,0.6968795885691321,0.0020071641744257704,0.0052485525244145665,0.006180888967647058,0.006030947875120445,0.16494625746932187,0.0015693376251540618,0.003556036135350139,0.0018642682075630246,0.009367171334089631,0.0064838208827787125,0.036910577153779225,0.4046790030105128
2026-09-18 23:51:53.128999949,3313.5193220338992,7291.43084745763,7945.639322033891,7522.013898305078,280158.70881355926,2733.5166101694904,6026.2810169491495,3234.2064406779673,16023.651864406773,8016.733220338992,57019.570257240404,660592.5711864408,0.004295964158113721,0.003759359644627096,0.00408519184638356,0.0005219528478746652,0.003677634727759572,0.00672708661922526,110202.91124583947,76191.95002809474,99943.38540420917,18507.594845132382,117694.65043298787,201116.96722031254,76682.39447611004,47500.63747664041,68450.39952999204,3401.925527509205,100339.7016645589,161160.05670907223,0.0,0.0,0.0,0.0,0.0,0.0,0.003508728377951997,0.007460636340659691,0.00815033677619227,0.007916815705665301,0.2923977720364309,0.00312218303247592,0.00618402870474747,0.003195005822457809,0.016558937352853294,0.007876082991105813,0.06452873956297674,0.6974970877798832,0.0020102455656246503,0.005251103797159664,0.006180888967647058,0.006030947875120445,0.16503982177321855,0.001579370335047619,0.003556036135350139,0.0018702831957871156,0.009381715195574227,0.006491154083417369,0.036931565628275966,0.40483451909379503
2026-09-18 23:52:08.128999949,3313.5193220338992,7291.43084745763,7910.77728813559,7488.497288135596,280037.5871186441,2733.5166101694904,6031.275254237294,3234.2064406779673,16023.651864406773,8016.733220338992,57193.650495800095,659922.0254237287,0.004138789149448868,0.003759359644627096,0.00408519184638356,0.0005219528478746652,0.003677634727759572,0.0068019722265033914,106170.9540663917,76191.95002809474,99943.38540420917,18507.594845132382,117694.65043298787,204533.08005494566,73876.84127021077,47500.63747664041,68450.39952999204,3401.925527509205,100339.7016645589,163895.8730240131,0.0,0.0,0.0,0.0,0.0,0.0,0.003514973976749842,0.007466802638420273,0.008154890954982544,0.00792046987789472,0.29264421509778765,0.003127486547026359,0.006190241263573701,0.0031999561092624904,0.016570508800241645,0.007881873269382764,0.06456070220963821,0.6981117704585622,0.0020102455656246503,0.005251103797159664,0.006188998693333333,0.00603626862867227,0.16522791393137867,0.001579370335047619,0.003565439342263307,0.0018702831957871156,0.009381715195574227,0.006491154083417369,0.03696477759754482,0.40531743053431973
2026-09-18 23:52:23.128999949,3343.8203389830537,7298.89322033898,7910.77728813559,7488.497288135596,280005.28169491526,2755.3027118644072,6031.275254237294,3241.845762711864,16015.341355932182,8009.292203389835,57462.40144269465,660409.4044067796,0.0044883521033370405,0.003759359644627096,0.00408519184638356,0.0005178682202228363,0.0035684936641003718,0.0068835372796808795,104124.0162239875,76191.95002809474,99943.38540420917,19526.873860920496,114201.82956138393,202295.1050657649,73211.98147027197,47500.63747664041,68450.39952999204,3589.7342187898225,97361.92312547372,165938.7809847737,0.0,0.0,0.0,0.0,0.0,0.0,0.00351808317237632,0.007473410616257153,0.008162104213256777,0.007927475783332074,0.29290307275145194,0.0031302540417072105,0.006195716727226183,0.0032027873492152083,0.0165851659379485,0.007888847873697183,0.06464145870982212,0.698729267150727,0.0020134592343529407,0.005262667999999998,0.006188998693333333,0.00603626862867227,0.16533253729385158,0.001588345457294117,0.003565439342263307,0.0018752784914117643,0.009402401522117644,0.006502173802184875,0.03700980937018114,0.40555636263777395
2026-09-18 23:52:38.128999949,3343.8203389830537,7298.89322033898,7886.507796610169,7451.493559322029,279908.9389830509,2755.3027118644072,6037.129830508474,3241.845762711864,16015.341355932182,8009.292203389835,57669.22350581508,660459.9172881356,0.0044883521033370405,0.003759359644627096,0.004269523670708955,0.0005178682202228364,0.0037827388766845413,0.006941881737806613,104124.0162239875,76191.95002809474,108570.7462686567,19526.8738609205,112303.83386235732,198284.1465652202,73211.98147027197,47500.63747664041,76940.89552238805,3589.734218789823,95905.82708576226,162495.679421888,0.0,0.0,0.0,0.0,0.0,0.0,0.0035211923680027978,0.007480018594094033,0.008169317471531008,0.007934481688769424,0.29316193040511623,0.0031330215363880617,0.006201192190878666,0.0032056185891679283,0.01659982307565536,0.007895822478011605,0.06472221521000603,0.6993467638428918,0.0020134592343529407,0.005262667999999998,0.00619543368685154,0.006038184354761903,0.16552810412574356,0.001588345457294117,0.0035746917268235307,0.0018752784914117643,0.009402401522117644,0.006502173802184875,0.03703993737412982,0.40622777187947434
2026-09-18 23:52:53.128999949,3373.941355932203,7285.582372881366,7886.507796610169,7451.493559322029,279847.69932203396,2774.227118644067,6037.129830508474,3262.4328813559337,15963.730169491533,7990.666779661017,57878.05972805963,660741.2999999999,0.004451754509825547,0.003629198357338282,0.004269523670708955,0.0005178682202228364,0.0037827388766845413,0.007113639598456258,107209.50948169654,73553.93631454233,108570.7462686567,19526.8738609205,112303.83386235732,210071.91269989335,75474.38468733324,45856.01054400969,76940.89552238805,3589.734218789823,95905.82708576226,174049.01365643358,0.0,0.0,0.0,0.0,0.0,0.0,0.0035243015636292753,0.00748662657193091,0.00817653072980524,0.007941487594206776,0.2934207880587805,0.003135789031068912,0.006206667654531147,0.0032084498291206466,0.016614480213362214,0.007902797082326024,0.06480297171018994,0.6999642605350567,0.0020161881280448177,0.005271415293770309,0.00619543368685154,0.006038184354761903,0.16562909413682617,0.0015911926988907556,0.0035746917268235307,0.0018778744448627448,0.009417785639932775,0.006508020808079108,0.03708130677075657,0.40645893761767266
2026-09-18 23:53:08.128999949,3373.941355932203,7285.582372881366,7854.074237288134,7425.5888135593195,279790.45627118635,2774.227118644067,6036.541016949156,3262.4328813559337,15963.730169491533,7990.666779661017,58095.08786915209,659993.5708474575,0.00459734607481196,0.00394900857507877,0.004269523670708955,0.0005115855033605695,0.0037827388766845413,0.00723776921986696,110715.72264606025,77721.99823019105,108570.7462686567,18406.584477793935,112303.83386235732,217332.65783793508,77942.72245365943,50914.475923341284,76940.89552238805,3383.785168153266,95905.82708576226,181439.54198592,0.0,0.0,0.0,0.0,0.0,0.0,0.0035307459059862783,0.0074928631523274855,0.008181030208110679,0.007945776457046288,0.29366438927677163,0.003139894909753141,0.0062125842519308,0.0032139317612530625,0.0166258958710615,0.007907886552753965,0.06484265537860882,0.7006014116409885,0.0020161881280448177,0.005271415293770309,0.00620205627845378,0.006047242766207281,0.16583267806258284,0.0015911926988907556,0.0035830044721120446,0.0018778744448627448,0.009417785639932775,0.006508020808079108,0.03712524568520792,0.40692941434254326
2026-09-18 23:53:23.128999949,3404.3705084745775,7279.76440677966,7854.074237288134,7425.5888135593195,279737.4447457626,2792.8128813559324,6036.541016949156,3271.158305084746,15940.647457627123,7983.094576271185,58285.15009911038,660298.1338983051,0.004728550831837877,0.00394900857507877,0.004269523670708955,0.0005115855033605695,0.0038133771685514733,0.0073275769522678745,127938.18831858692,77721.99823019105,108570.7462686567,18406.584477793935,101831.30393971788,209907.16096548477,95876.06202681936,50914.475923341284,76940.89552238805,3383.785168153266,85260.71920413953,173662.97511893677,0.0,0.0,0.0,0.0,0.0,0.0,0.003533858046445642,0.007499470801915234,0.008188241074423988,0.007952779967646996,0.29392323347847954,0.003142663586137122,0.006218060104404299,0.0032167653416417547,0.01664055015168576,0.007914859492388831,0.06492336526241169,0.7012189256306326,0.0020195753748627446,0.005281809958285713,0.00620205627845378,0.006047242766207281,0.1659352855598757,0.0015901826710980392,0.0035830044721120446,0.0018833465328627445,0.009434236344319322,0.006518690719058822,0.03714855283809064,0.40711000242752354
2026-09-18 23:53:38.128999949,3404.3705084745775,7279.76440677966,7846.700338983052,7393.704406779665,279693.8877966102,2792.8128813559324,6029.682711864407,3271.158305084746,15940.647457627123,7983.094576271185,58533.70678298206,660138.1566101696,0.004728550831837877,0.003996625680997024,0.004269523670708955,0.0005115855033605695,0.0039055773866601023,0.007510059966009105,127938.18831858692,69123.16771732362,108570.7462686567,18406.584477793935,121350.87950198873,205279.61860385802,95876.06202681936,41155.57025274861,76940.89552238805,3383.785168153266,104947.19227685982,169656.42961736236,0.0,0.0,0.0,0.0,0.0,0.0,0.0035369701869050058,0.007506078451502984,0.008195451940737298,0.007959783478247702,0.29418207768018745,0.003145432262521103,0.006223535956877797,0.003219598922030448,0.016655204432310028,0.007921832432023695,0.06500407514621452,0.7018364396202766,0.0020195753748627446,0.005281809958285713,0.0062107567543529425,0.00605845407835294,0.1661332769402082,0.0015901826710980392,0.003590691005781512,0.0018833465328627445,0.009434236344319322,0.006518690719058822,0.03720017067573442,0.40786445044578773
2026-09-18 23:53:53.128999949,3434.836271186441,7256.141694915256,7846.700338983052,7393.704406779665,279614.83423728816,2835.1708474576253,6029.682711864407,3272.16813559322,15892.032203389828,7974.5583050847445,58748.34043668583,660336.7271186439,0.004728550831837877,0.003996625680997024,0.004269523670708955,0.0005127744063223021,0.0039055773866601023,0.0075656729775799405,127938.18831858692,69123.16771732362,108570.7462686567,19227.67948832532,121350.87950198873,206955.84437972755,95876.06202681936,41155.57025274861,76940.89552238805,3534.7316472044276,104947.19227685982,171264.67672832418,0.0,0.0,0.0,0.0,0.0,0.0,0.0035400823273643704,0.007512686101090737,0.008202662807050606,0.00796678698884841,0.29444092188189536,0.0031482009389050846,0.0062290118093512965,0.00322243250241914,0.016669858712934298,0.00792880537165856,0.06508478503001738,0.7024539536099206,0.0020234500475630247,0.005288295133966386,0.0062107567543529425,0.00605845407835294,0.16623252632740737,0.0016005792714285717,0.003590691005781512,0.001885820536302521,0.00944603164638655,0.006526799867647057,0.037228911690184954,0.40806130154704934
2026-09-18 23:54:08.128999949,3434.836271186441,7256.141694915256,7835.912542372881,7364.169152542367,279567.2959322034,2835.1708474576253,6034.01186440678,3272.16813559322,15892.032203389828,7974.5583050847445,58958.86899284778,659679.5044067793,0.004728550831837877,0.003996625680997024,0.004479887262294808,0.0005127744063223021,0.0039055773866601023,0.0076581785606971535,127938.18831858692,69123.16771732362,110054.7685454523,19227.67948832532,121350.87950198873,210209.90510565465,95876.06202681936,41155.57025274861,78196.61939518253,3534.7316472044276,104947.19227685982,174464.9255001584,0.0,0.0,0.0,0.0,0.0,0.0,0.0035474319265189555,0.007517905125918331,0.008208593349632236,0.007971840770706416,0.294681997517834,0.003153930718468545,0.006235184140236893,0.00322515373883304,0.01668131539870878,0.007933644453518995,0.06511882463574664,0.7031147591696713,0.0020234500475630247,0.005288295133966386,0.006217315961882351,0.00606609589960784,0.166435090746178,0.0016005792714285717,0.0035985206502521004,0.001885820536302521,0.00944603164638655,0.006526799867647057,0.03726366528239048,0.4085545519820839
2026-09-18 23:54:23.128999949,3463.1298305084742,7235.7376271186395,7835.912542372881,7364.169152542367,279484.5477966102,2854.4735593220335,6034.01186440678,3281.421355932201,15854.5372881356,7974.9884745762765,59191.83098063179,660222.2288135588,0.004728550831837877,0.004200443553789444,0.004479887262294808,0.0005260025904005663,0.0038368863787802037,0.007828475722275486,127938.18831858692,85214.28608079179,110054.7685454523,18407.862307632164,124872.59722037574,207105.011229193,95876.06202681936,58041.73852561124,78196.61939518253,3383.593449890027,107984.28713074047,172183.6996217261,0.0,0.0,0.0,0.0,0.0,0.0,0.0035505477953569845,0.007524511553441807,0.008215803091416275,0.007978842568828482,0.29494082611290445,0.003156702000158685,0.006240660604438772,0.003227987220347125,0.016695966870833193,0.007940615515432141,0.06519939703448017,0.7037323111576897,0.002028570625781512,0.0052946177455686265,0.006217315961882351,0.00606609589960784,0.16653008843549819,0.0016056224487507004,0.0035985206502521004,0.0018867417623417363,0.009465686120050422,0.006540361761938374,0.037309442679378337,0.4088765607745577
2026-09-18 23:54:38.128999949,3463.1298305084742,7235.7376271186395,7825.374915254249,7337.263728813553,279473.15593220334,2854.4735593220335,6041.544406779658,3281.421355932201,15854.5372881356,7974.9884745762765,59435.807479180985,660825.1433898302,0.004905582136237258,0.004200443553789444,0.004479887262294808,0.0005260025904005663,0.0038700540149290198,0.00788243150066614,113961.51992585728,85214.28608079179,110054.7685454523,18407.862307632164,125952.04770722591,212601.86085664222,96990.54680259501,58041.73852561124,78196.61939518253,3383.593449890027,108917.74806540602,177291.50394290418,0.0,0.0,0.0,0.0,0.0,0.0,0.003553663664195013,0.007531117980965278,0.00822301283320031,0.007985844366950547,0.2951996547079749,0.0031594732818488267,0.006246137068640649,0.003230820701861209,0.016710618342957607,0.007947586577345284,0.06527996943321368,0.7043498631457081,0.002028570625781512,0.0052946177455686265,0.006226610875714287,0.006074059670224086,0.1667393116488812,0.0016056224487507004,0.003606388215137254,0.0018867417623417363,0.009465686120050422,0.006540361761938374,0.037355230216899474,0.4097078873676399
2026-09-18 23:54:53.128999949,3492.3783050847424,7220.282033898298,7825.374915254249,7337.263728813553,279400.3962711864,2877.6325423728813,6041.544406779658,3308.070508474577,15833.419322033886,7963.569152542376,59677.197359766746,660946.0820338981,0.004905582136237258,0.004200443553789444,0.004479887262294808,0.0005260025904005663,0.003980116337857988,0.008168342293220486,113961.51992585728,85214.28608079179,110054.7685454523,18407.862307632164,129534.05842202256,220442.44518778988,96990.54680259501,58041.73852561124,78196.61939518253,3383.593449890027,112015.31215986752,188848.14990230248,0.0,0.0,0.0,0.0,0.0,0.0,0.0035567795330330404,0.007537724408488754,0.008230222574984349,0.007992846165072611,0.29545848330304525,0.003162244563538967,0.0062516135328425275,0.003233654183375293,0.016725269815082017,0.007954557639258432,0.0653605418319472,0.7049674151337264,0.002033634131540616,0.0053018009546218475,0.006226610875714287,0.006074059670224086,0.1668348292513491,0.001611961208,0.003606388215137254,0.0018995944554621852,0.009488168123607837,0.006551780689859946,0.03740341944963333,0.40986293861715284
2026-09-18 23:55:08.128999949,3492.3783050847424,7220.282033898298,7805.251525423726,7333.8376271186435,279371.5627118644,2877.6325423728813,6045.623389830512,3308.070508474577,15833.419322033886,7963.569152542376,59916.765556504135,660487.6494915254,0.004905582136237258,0.004200443553789444,0.004479887262294808,0.0005244711379571328,0.004142621247989846,0.008293835111709058,113961.51992585728,85214.28608079179,110054.7685454523,15627.893984990016,125695.11833196448,224697.37356466916,96990.54680259501,58041.73852561124,78196.61939518253,3595.0567103369267,109131.3028134181,192300.2536402374,0.0,0.0,0.0,0.0,0.0,0.0,0.0035644721011570167,0.00754124636464772,0.008234934124975262,0.007998009012733039,0.2956949793834003,0.003166224698550331,0.006258764866495303,0.0032396489695164527,0.01674137864103729,0.007960945887163881,0.06540225419927087,0.7056580275471358,0.002033634131540616,0.0053018009546218475,0.006229806240605045,0.006083235774789915,0.16703204321522477,0.001611961208,0.0036150991707563033,0.0018995944554621852,0.009488168123607837,0.006551780689859946,0.03743439678945067,0.41035235044178175
2026-09-18 23:55:23.128999949,3524.680677966103,7208.783389830501,7805.251525423726,7333.8376271186435,279322.03525423724,2893.115593220336,6045.623389830512,3333.224745762712,15835.243728813544,7959.432203389833,60118.72709771095,660968.4874576272,0.004905582136237258,0.0042493765269728655,0.004479887262294808,0.0005244711379571328,0.004142621247989846,0.008350043445091028,113961.51992585728,90277.28528760697,110054.7685454523,15627.893984990016,125695.11833196448,226338.43004039594,96990.54680259501,61490.28324308654,78196.61939518253,3595.0567103369267,109131.3028134181,193874.11143800235,0.0,0.0,0.0,0.0,0.0,0.0,0.003567591982735965,0.007547850087454739,0.00824214168023842,0.008005009201329532,0.29595378842930675,0.0031689970400707993,0.006264242796612262,0.003242485222732827,0.01675603138869811,0.007967916437748674,0.06548275491769132,0.7062756434562523,0.0020390699352941188,0.005310623004784312,0.006229806240605045,0.006083235774789915,0.16713525935555265,0.0016176672965714288,0.0036150991707563033,0.0019201351662184874,0.009516383130067228,0.006562461449142858,0.03746054521053722,0.41059924724976143
2026-09-18 23:55:38.128999949,3524.680677966103,7208.783389830501,7798.185762711868,7321.768474576271,279287.6491525424,2893.115593220336,6041.92881355932,3333.224745762712,15835.243728813544,7959.432203389833,60351.67009005753,661673.4559322033,0.005005088752632165,0.0042493765269728655,0.004712777677682708,0.0005244711379571328,0.004142621247989846,0.008487808752312356,110227.25996866565,90277.28528760697,134532.71937312259,15627.893984990016,125695.11833196448,227737.1862599362,93810.77511638541,61490.28324308654,101991.38841056569,3595.0567103369267,109131.3028134181,195722.3782834581,0.0,0.0,0.0,0.0,0.0,0.0,0.0035707118643149116,0.007554453810261756,0.008249349235501578,0.00801200938992602,0.29621259747521317,0.003171769381591267,0.00626972072672922,0.003245321475949201,0.016770684136358925,0.007974886988333471,0.06556325563611176,0.7068932593653686,0.0020390699352941188,0.005310623004784312,0.006238033997109244,0.006093060529624649,0.16732917302610908,0.0016176672965714288,0.0036199412198991577,0.0019201351662184874,0.009516383130067228,0.006562461449142858,0.037510313776080974,0.41173640714142884
2026-09-18 23:55:53.128999949,3552.1810169491555,7195.86610169492,7798.185762711868,7321.768474576271,279213.4311864407,2914.245762711864,6041.92881355932,3318.1596610169495,15813.399661016962,7941.657966101692,60560.73169112761,661768.5874576272,0.005116883323193801,0.0042493765269728655,0.004712777677682708,0.0005244711379571328,0.004142621247989846,0.008601806241130102,115988.64215370746,90277.28528760697,134532.71937312259,15627.893984990016,125695.11833196448,228397.22606468518,98714.0969323695,61490.28324308654,101991.38841056569,3595.0567103369267,109131.3028134181,196558.5409533587,0.0,0.0,0.0,0.0,0.0,0.0,0.0035738317458938597,0.007561057533068773,0.008256556790764737,0.008019009578522513,0.2964714065211196,0.0031745417231117353,0.006275198656846179,0.0032481577291655754,0.016785336884019744,0.007981857538918268,0.06564375635453222,0.7075108752744851,0.0020433938645490193,0.005315514376784315,0.006238033997109244,0.006093060529624649,0.16742886267059914,0.0016248222373333322,0.0036199412198991577,0.001919767767215686,0.009539606203607843,0.006570719996364144,0.03753495303418546,0.41189098984348177
2026-09-18 23:56:08.128999949,3552.1810169491555,7195.86610169492,7780.951525423725,7314.394576271189,279170.4142372882,2914.245762711864,6043.667796610171,3318.1596610169495,15813.399661016962,7941.657966101692,60790.10876203345,661712.0155932202,0.005116883323193801,0.00410396665186851,0.004712777677682708,0.0005217566494697206,0.004142621247989846,0.008606212078412133,115988.64215370746,87188.07709550952,134532.71937312259,14774.6410979486,125695.11833196448,226473.29639853022,98714.0969323695,59386.14058833381,101991.38841056569,3398.773543832291,109131.3028134181,194761.5301364737,0.0,0.0,0.0,0.0,0.0,0.0,0.0035815162624826934,0.00756584350931867,0.008261920370133836,0.008024161247818686,0.2967117218447958,0.0031778039726632675,0.006281028981101767,0.0032516916434067013,0.01680437736884141,0.007987819336045377,0.06568012899947633,0.708134543722551,0.0020433938645490193,0.005315514376784315,0.006244875139226889,0.006104967152952381,0.16762236030406805,0.0016248222373333322,0.0036250429314509795,0.001919767767215686,0.009539606203607843,0.006570719996364144,0.037593296024595386,0.41271100915215597
2026-09-18 23:56:23.128999949,3579.0284745762688,7197.293898305088,7780.951525423725,7314.394576271189,279115.13288135594,2930.8210169491517,6043.667796610171,3317.854576271189,15796.275254237291,7933.597627118649,61038.48374451348,662290.6118644067,0.005116883323193801,0.00451895349633897,0.004712777677682708,0.0005217566494697206,0.0042959475210818,0.008837353655908277,115988.64215370746,85949.45168068774,134532.71937312259,14774.6410979486,150529.8990556747,233102.56136024193,98714.0969323695,58959.49622685421,101991.38841056569,3398.773543832291,133574.9237381387,207082.08396124432,0.0,0.0,0.0,0.0,0.0,0.0,0.0035846401322379377,0.007572445643642678,0.008269126317103536,0.008031159824159013,0.2969705147617539,0.003180576742185412,0.006286507218572631,0.0032545285061689392,0.016819033943433488,0.007994789005043046,0.06575815475558892,0.7087521564495565,0.0020478745250700277,0.005325720019495799,0.006244875139226889,0.006104967152952381,0.16772415043613426,0.0016262499477591042,0.0036250429314509795,0.0019170080717086835,0.009566308295238093,0.0065816363908011224,0.03762807819582603,0.4129815833201451
2026-09-18 23:56:38.128999949,3579.0284745762688,7197.293898305088,7761.441355932202,7303.64033898305,279105.74237288133,2930.8210169491517,6047.0176271186465,3317.854576271189,15796.275254237291,7933.597627118649,61227.114732603426,662773.6525423733,0.0052130728166118025,0.00451895349633897,0.004802323117260892,0.0005217566494697206,0.0042959475210818,0.009084134998304527,112510.0791419484,85949.45168068774,152015.10338695612,14774.6410979486,150529.8990556747,243898.68507718053,95872.67328520572,58959.49622685421,120250.26716700708,3398.773543832291,133574.9237381387,216513.59877681197,0.0,0.0,0.0,0.0,0.0,0.0,0.0035877640019931823,0.007579047777966687,0.008276332264073231,0.00803815840049934,0.2972293076787119,0.0031833495117075564,0.006291985456043494,0.003257365368931177,0.016833690518025562,0.008001758674040713,0.06583618051170154,0.7093697749524703,0.0020478745250700277,0.005325720019495799,0.006251571489983193,0.006113512646319327,0.167934962918943,0.0016262499477591042,0.0036316281781512607,0.0019170080717086835,0.009566308295238093,0.0065816363908011224,0.037684224942009334,0.41406000877257415
2026-09-18 23:56:53.128999949,3605.5800000000004,7181.267796610166,7761.441355932202,7303.64033898305,279026.9816949152,2940.3549152542378,6047.0176271186465,3329.06338983051,15761.379661016961,7920.579661016952,61400.712523538095,662921.5027118648,0.0052130728166118025,0.004564188832804419,0.004802323117260892,0.000527405911775074,0.0042959475210818,0.009252666789494195,112510.0791419484,89297.09431326964,152015.10338695612,15308.655137805,150529.8990556747,254644.2000030669,95872.67328520572,61363.53998155401,120250.26716700708,3521.618679539238,133574.9237381387,226787.14204142377,0.0,0.0,0.0,0.0,0.0,0.0,0.0035908878717484266,0.007585649912290698,0.008283538211042928,0.008045156976839664,0.29748810059566994,0.003186122281229701,0.006297463693514355,0.0032602022316934147,0.01684834709261764,0.008008728343038382,0.06591420626781415,0.7099873934553841,0.002051529193411764,0.005331947291014005,0.006251571489983193,0.006113512646319327,0.16803871887342312,0.0016240582927058826,0.0036316281781512607,0.0019295380243361348,0.009585431110991601,0.0065957826158823535,0.037708780110106505,0.4142007516827732
2026-09-18 23:57:08.128999949,3605.5800000000004,7181.267796610166,7732.693220338983,7290.710847457631,278983.4583050848,2940.3549152542378,6049.906779661019,3329.06338983051,15761.379661016961,7920.579661016952,61573.70737723244,662428.1349152543,0.0052130728166118025,0.004564188832804419,0.004802323117260892,0.000527405911775074,0.0042959475210818,0.009342606216579442,112510.0791419484,89297.09431326964,152015.10338695612,15308.655137805,150529.8990556747,260077.85469247666,95872.67328520572,61363.53998155401,120250.26716700708,3521.618679539238,133574.9237381387,231977.6654172023,0.0,0.0,0.0,0.0,0.0,0.0,0.0035980278241163374,0.007591437044763338,0.008287372921941736,0.008049511071938617,0.297731252165045,0.0031886288895079367,0.006303483176895665,0.0032647451466891013,0.01686518318412588,0.008015758251449477,0.06595221588016568,0.7106194238496591,0.002051529193411764,0.005331947291014005,0.0062580101854901975,0.0061199283149803935,0.16823411663908164,0.0016240582927058826,0.0036374162178151263,0.0019295380243361348,0.009585431110991601,0.0065957826158823535,0.03775688846652617,0.415040055245084
2026-09-18 23:57:23.128999949,3632.7203389830497,7179.782033898296,7732.693220338983,7290.710847457631,278946.6925423729,2968.1908474576276,6049.906779661019,3336.7057627118647,15739.92610169492,7922.678644067801,61840.56763213773,662790.1820338982,0.0053125672435409225,0.004706910360499669,0.004912021374634938,0.000527405911775074,0.004355527655424769,0.009419598656827963,117448.62045152092,85892.17068990321,160301.4595294848,15308.655137805,156883.26300313426,259294.51865957872,100080.9287685281,59042.457238597235,126804.89953226509,3521.618679539238,139210.47348377533,231241.47782185813,0.0,0.0,0.0,0.0,0.0,0.0,0.0036011551905507167,0.007598038469269726,0.008294575938782618,0.008056507349813181,0.2979900314928615,0.003191401427254742,0.006308961884793457,0.0032675834948307976,0.016879841653057358,0.008022727972703833,0.06603014826332218,0.711237054881889,0.002054545657910364,0.005343541425266103,0.0062580101854901975,0.0061199283149803935,0.16834628719254582,0.0016316064163865544,0.0036374162178151263,0.0019376201539551823,0.00960767652179271,0.006616206107563025,0.03780731437017497,0.4153025966504325
2026-09-18 23:57:38.128999949,3632.7203389830497,7179.782033898296,7712.459999999988,7271.270847457625,278918.06338983047,2968.1908474576276,6046.30372881356,3336.7057627118647,15739.92610169492,7922.678644067801,62041.26059877783,663126.8216949151,0.0053125672435409225,0.004706910360499669,0.004912021374634938,0.000527405911775074,0.004355527655424769,0.00952127225073631,117448.62045152092,85892.17068990321,160301.4595294848,15308.655137805,156883.26300313426,259416.97882102965,100080.9287685281,59042.457238597235,126804.89953226509,3521.618679539238,139210.47348377533,231733.818805471,0.0,0.0,0.0,0.0,0.0,0.0,0.0036042825569850947,0.0076046398937761155,0.008301778955623498,0.008063503627687747,0.29824881082067795,0.0031941739650015485,0.0063144405926912495,0.003270421842972493,0.016894500121988832,0.00802969769395819,0.06610808064647868,0.711854685914119,0.002054545657910364,0.005343541425266103,0.006269809470168065,0.006123799028851539,0.16855646311439443,0.0016316064163865544,0.0036434558230756305,0.0019376201539551823,0.00960767652179271,0.006616206107563025,0.037865068168075576,0.4163067168661826
2026-09-18 23:57:53.128999949,3659.50372881356,7164.0030508474565,7712.459999999988,7271.270847457625,278813.7762711864,2996.359322033896,6046.30372881356,3343.490847457625,15702.037627118638,7891.02305084746,62245.29381046359,663415.013898305,0.0053125672435409225,0.004706910360499669,0.0049887793443414135,0.000518647918189321,0.00446849037902634,0.009618121285641972,117448.62045152092,85892.17068990321,153952.40557528124,19146.85375786221,173584.71574874737,265933.3016454885,100080.9287685281,59042.457238597235,121686.40996472359,3525.652030684908,156237.90354489285,234443.3611670422,0.0,0.0,0.0,0.0,0.0,0.0,0.0036074099234194735,0.007611241318282502,0.008308981972464385,0.008070499905562311,0.2985075901484945,0.0031969465027483547,0.006319919300589044,0.003273260191114189,0.016909158590920306,0.008036667415212544,0.06618601302963519,0.712472316946349,0.0020566612628571427,0.005350095855882349,0.006269809470168065,0.006123799028851539,0.1686523221599626,0.0016427008297142858,0.0036434558230756305,0.001944443084190476,0.00962414341504762,0.00662688314107563,0.03789559143846292,0.4164921745802552
2026-09-18 23:58:08.128999949,3659.50372881356,7164.0030508474565,7686.70169491525,7263.8481355932245,278821.1013559322,2996.359322033896,6049.412542372883,3343.490847457625,15702.037627118638,7891.02305084746,62455.742968783794,663244.8132203388,0.005447547491741427,0.00476600529061607,0.0049887793443414135,0.000518647918189321,0.00446849037902634,0.00969556534220914,111398.20227699591,76084.9111511945,153952.40557528124,19146.85375786221,173584.71574874737,268256.54172545567,94934.66534634324,61344.725126306825,121686.40996472359,3525.652030684908,156237.90354489285,236336.44792777015,0.0,0.0,0.0,0.0,0.0,0.0,0.0036138900672825617,0.007616668568231654,0.008313549786732292,0.008074499140071086,0.2987549686251192,0.003202552937192361,0.006325382810100329,0.003278522969705421,0.01692321285385687,0.008044328207180016,0.0662329228237001,0.7131317114028279,0.0020566612628571427,0.005350095855882349,0.006276649022095236,0.006127199886621852,0.16885961717676715,0.0016427008297142858,0.0036465006573333323,0.001944443084190476,0.00962414341504762,0.00662688314107563,0.037926258338710585,0.4169224169669677
2026-09-18 23:58:23.128999949,3687.495254237286,7159.057627118638,7686.70169491525,7263.8481355932245,278756.386779661,3017.297288135592,6049.412542372883,3363.077288135596,15697.321016949172,7873.794915254247,62710.601255983354,663576.5989830507,0.005394725844325794,0.00476600529061607,0.0049887793443414135,0.000518647918189321,0.00446849037902634,0.009966508547600016,114295.28866613531,76084.9111511945,153952.40557528124,19146.85375786221,173584.71574874737,266498.7157242295,97405.60422962651,61344.725126306825,121686.40996472359,3525.652030684908,156237.90354489285,234800.94750975992,0.0,0.0,0.0,0.0,0.0,0.0,0.0036170203427455245,0.007623268973613599,0.00832075052110729,0.008081492822073398,0.2990137380831631,0.0032053279337201385,0.006330861504834123,0.0032813634213836613,0.01693787079945872,0.008051298527781867,0.06631081374146629,0.7137493786111611,0.00205943463907563,0.005358533826689074,0.006276649022095236,0.006127199886621852,0.16896142283527388,0.0016470171266890746,0.0036465006573333323,0.0019471783655966384,0.009646150516067228,0.006640874118857146,0.037972932078767466,0.4171809405802746
2026-09-18 23:58:38.128999949,3687.495254237286,7159.057627118638,7675.7827118644145,7245.183050847463,278792.8535593221,3017.297288135592,6057.439322033899,3363.077288135596,15697.321016949172,7873.794915254247,62938.08641655277,663906.6915254236,0.005441565050293552,0.004908210214491402,0.0049887793443414135,0.000518647918189321,0.004527701800706042,0.010124027311867567,115287.64689182871,73268.76643929772,153952.40557528124,19146.85375786221,180904.94526684267,273051.2626150212,98251.31933926906,78927.14182587973,121686.40996472359,3525.652030684908,162826.60179773948,241345.94934707606,0.0,0.0,0.0,0.0,0.0,0.0,0.003620150618208487,0.007629869378995545,0.008327951255482292,0.008088486504075712,0.2992725075412071,0.003208102930247916,0.00633634019956792,0.003284203873061902,0.01695252874506057,0.00805826884838372,0.0663887046592325,0.7143670458194945,0.00205943463907563,0.005358533826689074,0.0062867978618711485,0.006132517301249301,0.16918020058603775,0.0016470171266890746,0.0036531463756638654,0.0019471783655966384,0.009646150516067228,0.006640874118857146,0.03801182649334167,0.4177975752288904
2026-09-18 23:58:53.128999949,3713.662372881358,7144.28847457627,7675.7827118644145,7245.183050847463,278709.1840677966,3033.430169491525,6057.439322033899,3367.6291525423717,15660.86338983053,7846.337288135592,63138.318777192406,664036.0047457624,0.005620704716130975,0.004908210214491402,0.005120570314806294,0.000518647918189321,0.004599231647590877,0.010153908371296781,119082.98708320818,73268.76643929772,147965.79040172993,19146.85375786221,175933.84347798326,275606.00619825086,101485.81315710423,78927.14182587973,129450.35201561717,3525.652030684908,158561.12072960983,243566.02328254413,0.0,0.0,0.0,0.0,0.0,0.0,0.0036232808936714506,0.0076364697843774865,0.00833515198985729,0.008095480186078028,0.2995312769992511,0.003210877926775694,0.006341818894301717,0.0032870443247401426,0.016967186690662422,0.00806523916898557,0.0664665955769987,0.7149847130278277,0.00206042505187675,0.0053687807652044815,0.0062867978618711485,0.006132517301249301,0.1692776608076541,0.0016451085524929973,0.0036531463756638654,0.001956243508795518,0.009658182429915967,0.00665354579356627,0.03803624689653485,0.4179696339939774
2026-09-18 23:59:08.128999949,3713.662372881358,7144.28847457627,7651.854915254228,7234.9993220339,278688.1698305085,3033.430169491525,6062.317627118647,3367.6291525423717,15660.86338983053,7846.337288135592,63353.07493090742,664247.8128813561,0.005620704716130975,0.004821558331455468,0.005120570314806294,0.0005274312396363513,0.004599231647590877,0.010309703774317483,119082.98708320818,75495.5366652559,147965.79040172993,18331.702277487475,175933.84347798326,286361.49525718414,101485.81315710423,81325.88030584932,129450.35201561717,3375.125889705359,158561.12072960983,246429.83059211142,0.0,0.0,0.0,0.0,0.0,0.0,0.003629906038244426,0.007642508928783893,0.008339847623675355,0.008099475227481294,0.2997765820513975,0.0032145737288335457,0.006347798575972261,0.003292782670847828,0.016981015701775203,0.008071515765202594,0.06650958639351916,0.7156648049183293,0.00206042505187675,0.0053687807652044815,0.0062924287374453765,0.006139403813736693,0.16948653034288497,0.0016451085524929973,0.003659712337142856,0.001956243508795518,0.009658182429915967,0.00665354579356627,0.038069301996170986,0.418478604225375
2026-09-18 23:59:23.128999949,3741.12,7144.514237288128,7651.854915254228,7234.9993220339,278635.09118644067,3053.336949152539,6062.317627118647,3354.480000000003,15646.76237288136,7838.679661016947,63620.59564131846,664890.2298305087,0.005714063020136517,0.00486334303740211,0.005194239721729739,0.0005274312396363513,0.004599231647590877,0.010297923583586138,114867.75602182864,76149.79791918735,164198.37931785136,18331.702277487475,175933.84347798326,285082.44705016416,97969.25320728614,82030.66862548082,123279.91050277,3375.125889705359,158561.12072960983,245353.11056165828,0.0,0.0,0.0,0.0,0.0,0.0,0.00363303933553393,0.007649108848622416,0.008347046195763012,0.00810646632119525,0.3000353398899212,0.0032173495215094385,0.00635327770313489,0.0032956256281719333,0.016995672931879008,0.00807848548579083,0.06658741914775336,0.7162825260114666,0.002064150682666666,0.005378491975999996,0.0062924287374453765,0.006139403813736693,0.16958696569144477,0.0016498599909019601,0.003659712337142856,0.001956528690352942,0.0096784729607451,0.006666013448022407,0.03810852466184342,0.4187581120178559
2026-09-18 23:59:38.128999949,3741.12,7144.514237288128,7636.075932203382,7204.490847457623,278585.5240677966,3053.336949152539,6068.873898305085,3354.480000000003,15646.76237288136,7838.679661016947,63807.2749002803,665519.3511864408,0.005714063020136517,0.005014164713597008,0.005194239721729739,0.0005096775709641125,0.0046737364510985625,0.010606255953640134,114867.75602182864,78511.35047177257,164198.37931785136,18878.30613791914,183403.42104747068,285642.7930804681,97969.25320728614,84574.59835577845,123279.91050277,3475.7633980409273,165293.10911445346,250122.4469509826,0.0,0.0,0.0,0.0,0.0,0.0,0.0036361726328234334,0.00765570876846094,0.008354244767850674,0.008113457414909207,0.3002940977284449,0.003220125314185332,0.006358756830297522,0.0032984685854960394,0.017010330161982817,0.008085455206379065,0.06666525190198756,0.7169002471046039,0.002064150682666666,0.005378491975999996,0.0063006641595238074,0.006146850935747896,0.16978185926082442,0.0016498599909019601,0.0036667434364705885,0.001956528690352942,0.0096784729607451,0.006666013448022407,0.038136144276780914,0.4194222060581927
2026-09-18 23:59:53.128999949,3778.0749152542403,7135.08711864407,7636.075932203382,7204.490847457623,278523.20440677967,3087.314237288133,6068.873898305085,3373.505084745763,15643.763389830507,7828.2183050847525,64072.068232392536,665536.8050847457,0.005714063020136517,0.005148209842543221,0.005194239721729739,0.0005279386089716072,0.0046737364510985625,0.010663490616351945,114867.75602182864,95318.61941357522,164198.37931785136,19554.68957235113,183403.42104747068,287325.13603688986,97969.25320728614,100643.81476178343,123279.91050277,3600.2951630872517,165293.10911445346,251626.22159694706,0.0,0.0,0.0,0.0,0.0,0.0,0.003639305930112938,0.007662308688299463,0.00836144333993833,0.008120448508623165,0.30055285556696854,0.0032229011068612267,0.006364235957460152,0.003301311542820146,0.017024987392086622,0.0080924249269673,0.06674308465622177,0.7175179681977413,0.0020695405785882354,0.00538323512417367,0.0063006641595238074,0.006146850935747896,0.16987786911776948,0.0016572127177478981,0.0036667434364705885,0.001959866682487395,0.009699619385042014,0.006676932437815128,0.038171799898545515,0.41958420901339566
2026-09-19 00:00:08.128999949,3778.0749152542403,7135.08711864407,7626.636610169493,7185.783050847464,278463.8379661017,3087.314237288133,6074.777288135594,3373.505084745763,15643.763389830507,7828.2183050847525,64259.38718994048,664978.1766101695,0.005714063020136517,0.005148209842543221,0.005194239721729739,0.0005279386089716072,0.0046737364510985625,0.010700154112294323,114867.75602182864,95318.61941357522,164198.37931785136,19554.68957235113,183403.42104747068,286935.88548605226,97969.25320728614,100643.81476178343,123279.91050277,3600.2951630872517,165293.10911445346,255265.76262569384,0.0,0.0,0.0,0.0,0.0,0.0,0.003646536618252281,0.007668891644086226,0.00836666697207569,0.008124657143550441,0.30079296314030135,0.0032281779411931417,0.00637041510659161,0.0033047766441964173,0.017039979433851087,0.00809839166687454,0.06678818781463534,0.7181902676973804,0.0020695405785882354,0.00538323512417367,0.006309495318005601,0.006153698494117648,0.17007126497271205,0.0016572127177478981,0.0036743075841344517,0.001959866682487395,0.009699619385042014,0.006676932437815128,0.0381969813050489,0.41984246522925117
2026-09-19 00:00:23.128999949,3817.2386440677947,7131.017288135593,7626.636610169493,7185.783050847464,278417.8769491526,3124.2783050847434,6074.777288135594,3401.826101694916,15662.297288135589,7813.562033898305,64527.95136253259,665141.1620338984,0.005693706759189992,0.005148209842543221,0.005260202878961879,0.0005279386089716072,0.0047777871591469945,0.010962886259736305,102921.50472157846,95318.61941357522,158967.34082086637,19554.68957235113,199335.46208563706,283927.6258858028,100922.91072984696,100643.81476178343,119607.9308350378,3600.2951630872517,181595.76183738338,253107.4210240538,0.0,0.0,0.0,0.0,0.0,0.0,0.0036496734461258437,0.007675491548971284,0.008373863845351553,0.008131645843837796,0.3010517049371404,0.003230955888894291,0.0063758948359019536,0.003307620137587222,0.017054636951954538,0.008105360522909022,0.06686599087542176,0.7188080357407711,0.002075818577658263,0.005392798350543417,0.006309495318005601,0.006153698494117648,0.17017512897927708,0.0016636205971708674,0.0036743075841344517,0.001973687151579832,0.009726245742067223,0.00668715373827451,0.03824718309512377,0.42006137430704127
2026-09-19 00:00:38.128999949,3817.2386440677947,7131.017288135593,7620.278644067792,7143.498305084751,278360.4569491526,3124.2783050847434,6071.421355932199,3401.826101694916,15662.297288135589,7813.562033898305,64680.82008738784,666560.785423729,0.005998598440640648,0.005148209842543221,0.005229994946440165,0.0005279386089716072,0.0047777871591469945,0.011072135954202037,125065.60481887877,95318.61941357522,163790.49003480928,19554.68957235113,199335.46208563706,286190.7758300928,122604.581475383,100643.81476178343,123236.8957193307,3600.2951630872517,181595.76183738338,254662.4365502635,0.0,0.0,0.0,0.0,0.0,0.0,0.0036528102739994076,0.007682091453856341,0.008381060718627412,0.008138634544125153,0.30131044673397955,0.00323373383659544,0.006381374565212299,0.003310463630978026,0.017069294470057988,0.008112329378943508,0.06694379393620818,0.7194258037841619,0.002075818577658263,0.005392798350543417,0.006314684375882354,0.006155167430588233,0.17035696382183563,0.0016636205971708674,0.0036782268693669453,0.001973687151579832,0.009726245742067223,0.00668715373827451,0.03825404707343958,0.42099093132261134
2026-09-19 00:00:53.128999949,3849.9986440677962,7105.9240677966145,7620.278644067792,7143.498305084751,278277.05898305087,3162.423050847458,6071.421355932199,3412.9067796610157,15648.608135593224,7792.69728813559,64873.63505504842,667106.3715254237,0.005998598440640648,0.005148209842543221,0.0054328145422119336,0.0005098001700410848,0.004870255272184087,0.011121363686940099,125065.60481887877,95318.61941357522,170142.29750696206,18882.847171386493,209182.3012554292,288052.0757351399,122604.581475383,100643.81476178343,128016.0317662929,3476.599466584355,190566.28941947702,256463.41065009564,0.0,0.0,0.0,0.0,0.0,0.0,0.0036559471018729702,0.0076886913587413995,0.008388257591903274,0.008145623244412507,0.30156918853081854,0.00323651178429659,0.006386854294522643,0.0033133071243688322,0.017083951988161435,0.008119298234977989,0.06702159699699459,0.7200435718275529,0.002080564302162465,0.005393823398739497,0.006314684375882354,0.006155167430588233,0.1704472290416336,0.001673541494319328,0.0036782268693669453,0.001981001116145657,0.00974500098917647,0.006695149918336129,0.038272314429750105,0.42125981605575613
2026-09-19 00:01:08.128999949,3849.9986440677962,7105.9240677966145,7614.280677966109,7113.883728813552,278214.1352542373,3162.423050847458,6075.546101694918,3412.9067796610157,15648.608135593224,7792.69728813559,65055.56651422199,666679.240677966,0.005998598440640648,0.0050827910903400945,0.0054328145422119336,0.0005306630700038189,0.004870255272184087,0.011390408237753308,125065.60481887877,98427.43498398487,170142.29750696206,21892.774207560982,209182.3012554292,299089.3234122281,122604.581475383,103926.31151133557,128016.0317662929,3360.318432953354,190566.28941947702,266868.1371705288,0.0,0.0,0.0,0.0,0.0,0.0,0.0036636940969813473,0.007693673488126463,0.008394583407345285,0.008148712980913136,0.30180809972076333,0.003244066518142287,0.006391528016942688,0.0033203909645862168,0.01709987719618923,0.008124516460277873,0.06706279390784368,0.7208080129538224,0.002080564302162465,0.005393823398739497,0.006327444287809527,0.00615958124127731,0.17064854174598887,0.001673541494319328,0.0036845017483025204,0.001981001116145657,0.00974500098917647,0.006695149918336129,0.03829947343962721,0.42167048627584147
2026-09-19 00:01:23.128999949,3878.5728813559294,7098.913220338975,7614.280677966109,7113.883728813552,278156.65118644066,3188.7976271186453,6075.546101694918,3422.9044067796585,15652.980000000025,7774.8315254237195,65303.292390532384,667013.2657627118,0.005998598440640648,0.005095643933618454,0.0054328145422119336,0.0005306630700038189,0.004870255272184087,0.0115101781840069,125065.60481887877,98676.32823449527,170142.29750696206,21892.774207560982,209182.3012554292,304669.1811525757,122604.581475383,104189.10975950511,128016.0317662929,3360.318432953354,190566.28941947702,271944.89500370476,0.0,0.0,0.0,0.0,0.0,0.0,0.00366683488363656,0.007700272003590379,0.008401779533920314,0.008155698338874189,0.30206682452087796,0.0032468485676840973,0.006397007055316113,0.003323238099179572,0.01711453580100023,0.008131483812797918,0.06714050598412485,0.7214259067333183,0.002086480853949579,0.005403628540168063,0.006327444287809527,0.00615958124127731,0.17075003218691567,0.0016817447891596636,0.0036845017483025204,0.0019841149976470578,0.009772781210924373,0.006706108710453777,0.038345750488580674,0.42189101387281197
2026-09-19 00:01:38.128999949,3878.5728813559294,7098.913220338975,7598.443728813557,7081.941355932204,278066.80067796615,3188.7976271186453,6089.796610169497,3422.9044067796585,15652.980000000025,7774.8315254237195,65472.44764329253,667740.4810169492,0.005998598440640648,0.0050517875530053085,0.0054328145422119336,0.0005397276705126453,0.004870255272184087,0.011620467523994819,125065.60481887877,97827.056451589,170142.29750696206,23172.307987342985,209182.3012554292,306041.72362638166,122604.581475383,103292.39144227511,128016.0317662929,3556.7138694121563,190566.28941947702,273449.46514278644,0.0,0.0,0.0,0.0,0.0,0.0,0.003669975670291771,0.007706870519054299,0.008408975660495342,0.008162683696835243,0.3023255493209924,0.0032496306172259065,0.0064024860936895385,0.0033260852337729293,0.017129194405811225,0.008138451165317964,0.06721821806040601,0.7220438005128144,0.002086480853949579,0.005403628540168063,0.006337560745092435,0.006162579685731088,0.17094045600588154,0.0016817447891596636,0.0036921556711764715,0.0019841149976470578,0.009772781210924373,0.006706108710453777,0.038368702449698776,0.42272107396541386
2026-09-19 00:01:53.128999949,3902.8850847457647,7080.830847457629,7598.443728813557,7081.941355932204,277967.5718644068,3209.949152542374,6089.796610169497,3437.5698305084748,15621.464745762698,7727.848474576267,65647.36789325715,667818.8023728814,0.005998598440640648,0.005469879964198128,0.0054328145422119336,0.0005397276705126453,0.004711234402734105,0.01175549282622146,125065.60481887877,95162.50916309352,170142.29750696206,23172.307987342985,202352.19696722645,312599.64563448064,122604.581475383,100466.16728409668,128016.0317662929,3556.7138694121563,184344.024807513,279595.7854361404,0.0,0.0,0.0,0.0,0.0,0.0,0.003673116456946984,0.007713469034518215,0.00841617178707037,0.008169669054796295,0.302584274121107,0.0032524126667677167,0.006407965132062964,0.003328932368366285,0.017143853010622222,0.008145418517838008,0.06729593013668717,0.7226616942923103,0.0020907535768515404,0.005406235699467784,0.006337560745092435,0.006162579685731088,0.17103457640573705,0.0016841596796862742,0.0036921556711764715,0.0019931516426666667,0.009792897415338932,0.006713620372319327,0.0383932980215984,0.42284526511319
2026-09-19 00:02:08.128999949,3902.8850847457647,7080.830847457629,7567.401355932212,7058.584067796616,277882.77355932206,3209.949152542374,6094.653559322034,3437.5698305084748,15621.464745762698,7727.848474576267,65824.52922616937,667620.2959322036,0.006225924470825713,0.005469879964198128,0.005232738517783982,0.0005397276705126453,0.004953685408259592,0.011750662999010814,122912.18448861463,95162.50916309352,163876.41189505032,23172.307987342985,196286.95131777352,313148.6545283812,120488.90957606146,100466.16728409668,123301.5438153727,3556.7138694121563,178842.7219608853,279860.9545664138,0.0,0.0,0.0,0.0,0.0,0.0,0.0036806668086668756,0.007718931346744864,0.008421303925215394,0.00817460787000137,0.3028263353742235,0.003258573120314459,0.0064141081254452436,0.003336023606927207,0.01716023594071113,0.00815024170051973,0.06734093057395608,0.7233957135147107,0.0020907535768515404,0.005406235699467784,0.006347855424201679,0.006169577984011202,0.171222539958943,0.0016841596796862742,0.0036976076637983183,0.0019931516426666667,0.009792897415338932,0.006713620372319327,0.03842609190223977,0.4234227539500444
2026-09-19 00:02:23.128999949,3932.194576271187,7073.548474576275,7567.401355932212,7058.584067796616,277822.6291525424,3247.2610169491527,6094.653559322034,3434.101016949152,15633.808474576263,7698.792203389827,66059.58683409583,667884.3437288137,0.006225924470825713,0.005469879964198128,0.005508977115922143,0.0005397276705126453,0.005079058743464565,0.011963048725431856,122912.18448861463,95162.50916309352,159489.2639096296,23172.307987342985,207360.50789374692,328978.94870544266,120488.90957606146,100466.16728409668,120008.0108593646,3556.7138694121563,188930.44542550057,286915.8440041495,0.0,0.0,0.0,0.0,0.0,0.0,0.003683811368883771,0.007725528889553083,0.00842849828851448,0.00818159147959041,0.3030850459461413,0.003261358060953729,0.006419587731038851,0.003338874373479718,0.017174896018622092,0.008157207217928404,0.06741858767639262,0.7240137065038659,0.0020959118963305317,0.005414071002352941,0.006347855424201679,0.006169577984011202,0.1713282729756983,0.0016938981456806712,0.0036976076637983183,0.0019959796450196073,0.009823521129131648,0.006725870525938375,0.03846981665096154,0.42362228318286754
2026-09-19 00:02:38.128999949,3932.194576271187,7073.548474576275,7550.511864406785,7038.607118644063,277779.6213559322,3247.2610169491527,6104.211864406775,3434.101016949152,15633.808474576263,7698.792203389827,66275.70891081645,668147.6440677966,0.006225924470825713,0.005469879964198128,0.00561327123473621,0.0005363522221169346,0.005079058743464565,0.0121048171450165,122912.18448861463,95162.50916309352,166158.92013972186,21945.86057677122,207360.50789374692,334427.536755628,120488.90957606146,100466.16728409668,125026.60683045562,3368.4666513246066,188930.44542550057,292004.88061044895,0.0,0.0,0.0,0.0,0.0,0.0,0.003686955929100666,0.007732126432361302,0.008435692651813565,0.008188575089179452,0.3033437565180591,0.003264143001592998,0.006425067336632458,0.003341725140032229,0.017189556096533047,0.00816417273533708,0.06749624477882916,0.7246316994930211,0.0020959118963305317,0.005414071002352941,0.0063595820737983215,0.006180232074705881,0.171530493422197,0.0016938981456806712,0.0037048631147450963,0.0019959796450196073,0.009823521129131648,0.006725870525938375,0.038513710457140346,0.4242740280116316
2026-09-19 00:02:53.128999949,3951.2928813559324,7054.453220338989,7550.511864406785,7038.607118644063,277679.09593220335,3261.551186440677,6104.211864406775,3439.6016949152536,15594.36711864407,7645.9057627118655,66435.64505472148,668178.7840677967,0.006225924470825713,0.005448278322503826,0.00561327123473621,0.0005363522221169346,0.005079058743464565,0.012238379341195801,122912.18448861463,97849.07170668071,166158.92013972186,21945.86057677122,207360.50789374692,337610.6831956868,120488.90957606146,103302.45905799935,125026.60683045562,3368.4666513246066,188930.44542550057,287648.67176961486,0.0,0.0,0.0,0.0,0.0,0.0,0.0036901004893175613,0.007738723975169521,0.00844288701511265,0.008195558698768493,0.3036024670899769,0.0032669279422322672,0.006430546942226065,0.003344575906584742,0.017204216174444002,0.008171138252745755,0.0675739018812657,0.7252496924821763,0.002098813099764705,0.0054189511320392155,0.0063595820737983215,0.006180232074705881,0.17162480908788685,0.0017015251811764698,0.0037048631147450963,0.0020018718159999995,0.00983845611247059,0.006733191391899159,0.038544407548709934,0.42447175163877804
2026-09-19 00:03:08.128999949,3951.2928813559324,7054.453220338989,7534.986101694911,7028.127457627122,277612.41355932195,3261.551186440677,6104.336949152544,3439.6016949152536,15594.36711864407,7645.9057627118655,66663.108700574,668051.0542372882,0.006273073198423832,0.005612012478682871,0.00561327123473621,0.0005334828735266775,0.005079058743464565,0.012433856405035868,119488.32342661235,100789.67683741006,166158.92013972186,22904.26366173302,207360.50789374692,340907.5604319006,117149.3933524789,106406.95188378231,125026.60683045562,3515.9419265957827,188930.44542550057,290595.4122364141,0.0,0.0,0.0,0.0,0.0,0.0,0.003697104592496454,0.007743518812902277,0.00844762126773214,0.008202004038415622,0.30384370197161253,0.0032732564576324046,0.006436500484468108,0.0033486821973974217,0.01721984971413523,0.008175957604885608,0.06762049544162761,0.7259124094559573,0.002098813099764705,0.0054189511320392155,0.006371854750095234,0.006192800310812327,0.1718135237283516,0.0017015251811764698,0.0037107942842352954,0.0020018718159999995,0.00983845611247059,0.006733191391899159,0.03859239085607747,0.4249699537740439
2026-09-19 00:03:23.128999949,3974.766101694917,7054.733898305082,7534.986101694911,7028.127457627122,277559.12440677953,3281.024745762712,6104.336949152544,3447.213559322037,15593.875932203395,7620.449491525419,66906.71846460868,668513.0013559323,0.006394450678728855,0.005425908217206853,0.00561327123473621,0.0005334828735266775,0.005130849219615775,0.012491472694370615,123930.55468968273,97447.31285595382,166158.92013972186,22904.26366173302,222691.39512518322,342580.8166174642,121504.66994082049,102878.30912479595,125026.60683045562,3515.9419265957827,204583.19544282433,291922.17886936053,0.0,0.0,0.0,0.0,0.0,0.0,0.0037002524443167043,0.007750114818021729,0.008454813536503469,0.008208987189723928,0.30410239766302327,0.0032760444203741566,0.006441980493569361,0.0033515340347125516,0.017234510620847403,0.008182921291745677,0.06769810382482803,0.7265304405262077,0.0021033181981680673,0.005430899228739494,0.006371854750095234,0.006192800310812327,0.1719212620195294,0.0017060680588907558,0.0037107942842352954,0.0020136564671204486,0.009865014776212882,0.006747145352963583,0.03864773584735498,0.425285707820522
2026-09-19 00:03:38.128999949,3974.766101694917,7054.733898305082,7524.921355932199,7018.58745762711,277497.1189830508,3281.024745762712,6104.077627118644,3447.213559322037,15593.875932203395,7620.449491525419,67136.86033413476,668829.8349152541,0.006394450678728855,0.005379141446551163,0.00561327123473621,0.0005334828735266775,0.005130849219615775,0.012639534517199812,123930.55468968273,96607.39888230873,166158.92013972186,22904.26366173302,222691.39512518322,345233.5087346293,121504.66994082049,101991.58452576443,125026.60683045562,3515.9419265957827,204583.19544282433,294026.42190146225,0.0,0.0,0.0,0.0,0.0,0.0,0.003703400296136955,0.0077567108231411845,0.008462005805274802,0.008215970341032233,0.304361093354434,0.003278832383115908,0.006447460502670612,0.003354385872027683,0.017249171527559577,0.008189884978605745,0.0677757122080285,0.727148471596458,0.0021033181981680673,0.005430899228739494,0.006381529817747896,0.006204320440168063,0.17211885842556865,0.0017060680588907558,0.0037183611477478997,0.0020136564671204486,0.009865014776212882,0.006747145352963583,0.038689352469948514,0.42593036369220294
2026-09-19 00:03:53.128999949,3992.015593220343,7043.833220338983,7524.921355932199,7018.58745762711,277406.5850847457,3283.3830508474584,6104.077627118644,3447.488135593221,15549.778983050865,7580.016610169484,67333.40189554228,668896.8040677966,0.006394450678728855,0.005795545316480004,0.005850673567997237,0.0005334828735266775,0.005273937527428584,0.01263136314018548,123930.55468968273,113690.01427299707,189104.5581911888,22904.26366173302,235368.15252944425,341216.14003393403,121504.66994082049,118319.24660516364,147624.9763772914,3515.9419265957827,216229.13953581156,291086.02309559,0.0,0.0,0.0,0.0,0.0,0.0,0.0037065481479572056,0.007763306828260638,0.008469198074046131,0.008222953492340538,0.30461978904584464,0.0032816203458576605,0.006452940511771863,0.0033572377093428144,0.017263832434271747,0.008196848665465812,0.06785332059122892,0.7277665026667082,0.0021055777573669478,0.005441854325210085,0.006381529817747896,0.006204320440168063,0.17222123313128276,0.0017114312751260504,0.0037183611477478997,0.002022161977422969,0.009878730005770308,0.006753798207333329,0.03871982268099497,0.426140553432318
2026-09-19 00:04:08.128999949,3992.015593220343,7043.833220338983,7512.055932203393,7019.826101694907,277363.9830508475,3283.3830508474584,6095.861694915252,3447.488135593221,15549.778983050865,7580.016610169484,67603.74563802461,668476.0464406781,0.006394450678728855,0.005795545316480004,0.005850673567997237,0.0005440681299595236,0.005273937527428584,0.012835714966295377,123930.55468968273,113690.01427299707,189104.5581911888,21923.92522700876,235368.15252944425,342024.50156971044,121504.66994082049,118319.24660516364,147624.9763772914,3365.4540935964174,216229.13953581156,291738.4223397054,0.0,0.0,0.0,0.0,0.0,0.0,0.003712829702594898,0.007769395181379574,0.008475204376452118,0.008229775691266138,0.3048640172881071,0.003286366374049811,0.006457812840461772,0.003362551665868953,0.01727595724416521,0.008201968631106992,0.06790465399813576,0.728395285277241,0.0021055777573669478,0.005441854325210085,0.006392854491607842,0.006216787451058824,0.17241990596360773,0.0017114312751260504,0.0037215124819607822,0.002022161977422969,0.009878730005770308,0.006753798207333329,0.038765742053316316,0.4265532853515877
2026-09-19 00:04:23.128999949,4014.842033898307,7045.968813559322,7512.055932203393,7019.826101694907,277300.5071186441,3283.2915254237287,6095.861694915252,3435.0437288135618,15544.729830508448,7547.9979661017005,67839.92610322025,668709.0854237288,0.00639181579277161,0.005795545316480004,0.005850673567997237,0.0005393596960405671,0.005273937527428584,0.012920958745772489,127845.80788911988,113690.01427299707,189104.5581911888,22733.734553238188,235368.15252944425,342879.0659738866,125343.28382359976,118319.24660516364,147624.9763772914,3489.764685051724,216229.13953581156,292704.3259879739,0.0,0.0,0.0,0.0,0.0,0.0,0.003715980217901021,0.007775990754792273,0.008482395638923773,0.008236758706005367,0.3051227007016558,0.003289156001033938,0.0064632923339424985,0.003365405595857615,0.017290615998983808,0.008208930750721502,0.06798225029390141,0.7290133254733862,0.0021090500230924367,0.0054569351241008385,0.006392854491607842,0.006216787451058824,0.17252437995120407,0.0017212648069243692,0.0037215124819607822,0.002022279916285714,0.009903977751680665,0.006763803440067229,0.03880670816452363,0.42681713222503337
2026-09-19 00:04:38.128999949,4014.842033898307,7045.968813559322,7514.636949152547,7017.748474576272,277308.22576271184,3283.2915254237287,6093.561355932203,3435.0437288135618,15544.729830508448,7547.9979661017005,68134.83183233868,669470.1162711862,0.006261380416666668,0.005945490677208768,0.005850673567997237,0.0005393596960405671,0.005273937527428584,0.013066640542650613,125236.90666666668,120394.0225079899,189104.5581911888,22733.734553238188,235368.15252944425,346755.8136076124,122785.45066666667,125461.52042531924,147624.9763772914,3489.764685051724,216229.13953581156,296123.0210182475,0.0,0.0,0.0,0.0,0.0,0.0,0.003719130733207142,0.007782586328204971,0.008489586901395426,0.008243741720744593,0.30538138411520455,0.0032919456280180643,0.006468771827423223,0.003368259525846277,0.0173052747538024,0.008215892870336014,0.06805984658966709,0.7296313656695311,0.0021090500230924367,0.0054569351241008385,0.006402483453249298,0.006226313375333333,0.1727310287923527,0.0017212648069243692,0.003727067725983193,0.002022279916285714,0.009903977751680665,0.006763803440067229,0.03884109405146906,0.4274900375121378
2026-09-19 00:04:53.128999949,4037.8789830508467,7024.152203389829,7514.636949152547,7017.748474576272,277227.33254237287,3298.7196610169485,6093.561355932203,3406.588474576273,15509.172203389819,7522.0993220339005,68350.08548063155,669307.8966101694,0.006696715371551537,0.005945490677208768,0.005850673567997237,0.0005393596960405671,0.005273937527428584,0.013205102850442393,125511.54622522533,120394.0225079899,189104.5581911888,22733.734553238188,235368.15252944425,342932.7386694497,123055.55769839908,125461.52042531924,147624.9763772914,3489.764685051724,216229.13953581156,296367.38006190857,0.0,0.0,0.0,0.0,0.0,0.0,0.003722281248513265,0.007789181901617669,0.008496778163867081,0.008250724735483822,0.3056400675287533,0.0032947352550021917,0.0064742513209039496,0.0033711134558349395,0.017319933508620995,0.008222854989950528,0.06813744288543276,0.7302494058656763,0.0021111413154061625,0.005465726366106441,0.006402483453249298,0.006226313375333333,0.1728273584775377,0.0017330280499271706,0.003727067725983193,0.0020175989742072828,0.009915779125960778,0.006772055166750703,0.038876962390017804,0.42767425316498375
2026-09-19 00:05:08.128999949,4037.8789830508467,7024.152203389829,7506.326440677963,7023.810508474576,277155.35389830515,3298.7196610169485,6084.668135593219,3406.588474576273,15509.172203389819,7522.0993220339005,68608.35785684444,669086.240338983,0.006696715371551537,0.006046146586740852,0.005850673567997237,0.0005379958291133249,0.005084861080388815,0.013410226677093587,125511.54622522533,115948.20724264617,189104.5581911888,21963.098831045216,226929.94601009632,345299.2327844626,123055.55769839908,120925.56076188653,147624.9763772914,3371.4674769071303,208477.08763203572,298540.0677023403,0.0,0.0,0.0,0.0,0.0,0.0,0.0037286705226957442,0.007795914517089643,0.008503659710702787,0.008257842647902145,0.30588682165215286,0.003299832795363465,0.006478831908217778,0.003370908947092071,0.017331884757578585,0.008228605021027723,0.06819234102316704,0.730911962304244,0.0021111413154061625,0.005465726366106441,0.00641007373045378,0.006239389942857142,0.173018682012089,0.0017330280499271706,0.0037315926819495786,0.0020175989742072828,0.009915779125960778,0.006772055166750703,0.03891153441693975,0.42808897673798574
2026-09-19 00:05:23.128999949,4065.5471186440664,7013.632881355931,7506.326440677963,7023.810508474576,277108.70644067804,3296.3491525423715,6084.668135593219,3405.1545762711876,15499.589491525423,7510.100338983052,68873.01769976439,669471.4800000001,0.006696715371551537,0.006046146586740852,0.0059572366173180945,0.0005453100301713715,0.005306358437490523,0.013464916432903774,125511.54622522533,115948.20724264617,180419.97059767984,23284.692441714662,228845.7451694261,345616.91025945044,123055.55769839908,120925.56076188653,153056.5145006897,3574.3400273762877,210388.58419849823,298572.00234187423,0.0,0.0,0.0,0.0,0.0,0.0,0.003731823781452806,0.007802510206355179,0.008510850711267759,0.008264825776715707,0.30614549497616417,0.003302624377284369,0.006484310641551111,0.0033737602863576086,0.01734654122283282,0.008235566113683089,0.06826994941621455,0.7315300401480295,0.0021148324741008403,0.005476230339966385,0.00641007373045378,0.006239389942857142,0.17312073447076956,0.0017358134976414562,0.0037315926819495786,0.0020301181950308127,0.00993465822084594,0.006783469691921567,0.03895683278342752,0.4283420393070141
2026-09-19 00:05:38.128999949,4065.5471186440664,7013.632881355931,7495.297627118645,7020.72000000001,277076.3308474577,3296.3491525423715,6080.601355932203,3405.1545762711876,15499.589491525423,7510.100338983052,69121.50290208557,670536.0762711866,0.006696715371551537,0.006046146586740852,0.0060150353480601295,0.0005453100301713715,0.005462028526336326,0.013389000646662833,125511.54622522533,115948.20724264617,169921.06726211403,23284.692441714662,235559.28288124272,342786.72549134394,123055.55769839908,120925.56076188653,144218.09545821868,3574.3400273762877,216560.65304385347,296342.72098058404,0.0,0.0,0.0,0.0,0.0,0.0,0.003734977040209869,0.007809105895620715,0.008518041711832729,0.008271808905529266,0.3064041683001755,0.003305415959205273,0.006489789374884445,0.003376611625623145,0.017361197688087058,0.008242527206338458,0.06834755780926205,0.7321481179918147,0.0021148324741008403,0.005476230339966385,0.0064140603522464985,0.006246265939159665,0.17331551150112787,0.0017358134976414562,0.0037388794579047606,0.0020301181950308127,0.00993465822084594,0.006783469691921567,0.03898054653069791,0.4291362095369452
2026-09-19 00:05:53.128999949,4090.71661016949,6992.7681355932245,7495.297627118645,7020.72000000001,276998.80576271185,3310.6149152542353,6080.601355932203,3418.245762711865,15457.228474576259,7484.079661016948,69345.5546697341,670772.3247457626,0.006696715371551537,0.006046146586740852,0.0060150353480601295,0.0005453100301713715,0.005462028526336326,0.013630027765591997,125511.54622522533,115948.20724264617,169921.06726211403,23284.692441714662,235559.28288124272,349685.51705776755,123055.55769839908,120925.56076188653,144218.09545821868,3574.3400273762877,216560.65304385347,303126.09709788224,0.0,0.0,0.0,0.0,0.0,0.0,0.00373813029896693,0.007815701584886252,0.008525232712397702,0.008278792034342824,0.3066628416241868,0.0033082075411261765,0.006495268108217778,0.0033794629648886813,0.0173758541533413,0.008249488298993822,0.06842516620230957,0.7327661958356001,0.002117093539462184,0.005482014473120449,0.0064140603522464985,0.006246265939159665,0.1734112601964221,0.0017438496528403358,0.0037388794579047606,0.0020372352011092444,0.009941242444941172,0.0067903683504201675,0.03900549451167578,0.4293047558211033
2026-09-19 00:06:08.128999949,4090.71661016949,6992.7681355932245,7480.699322033897,7012.421694915248,276935.4549152542,3310.6149152542353,6070.85084745763,3418.245762711865,15457.228474576259,7484.079661016948,69585.2255992218,670718.4223728812,0.006696715371551537,0.006046146586740852,0.0060150353480601295,0.0005453100301713715,0.005462028526336326,0.013813188294530496,125511.54622522533,115948.20724264617,169921.06726211403,23284.692441714662,235559.28288124272,355970.14361176617,123055.55769839908,120925.56076188653,144218.09545821868,3574.3400273762877,216560.65304385347,308743.9551088151,0.0,0.0,0.0,0.0,0.0,0.0,0.003744885503935886,0.007822126079640505,0.008530800232714825,0.008285493043516157,0.30690834351089563,0.0033117311704265393,0.006500390144063383,0.0033848054244760327,0.017385372416655536,0.008254969825787465,0.06847915772861228,0.7334457748208346,0.002117093539462184,0.005482014473120449,0.006421556969927167,0.006255243992873948,0.1736099229728921,0.0017438496528403358,0.0037444009480336123,0.0020372352011092444,0.009941242444941172,0.0067903683504201675,0.039039716345969935,0.4297329384218317
2026-09-19 00:06:23.128999949,4118.509830508478,6997.5640677966,7480.699322033897,7012.421694915248,276914.5596610169,3335.3359322033903,6070.85084745763,3412.064745762711,15460.575254237307,7474.091186440668,69870.05395591102,671197.0271186441,0.0069123103246821905,0.006260445338249521,0.006042461142339295,0.0005453100301713715,0.005462028526336326,0.014096820684383437,124660.65345563162,104561.51364874709,175761.80508523886,23284.692441714662,235559.28288124272,365278.49663625273,122229.83225302408,122700.86134803192,149177.38093209986,3574.3400273762877,216560.65304385347,317384.1429616371,0.0,0.0,0.0,0.0,0.0,0.0,0.003748041803485436,0.007828721624122485,0.008537989865034646,0.008292475934563457,0.3071670057321794,0.003314523370313926,0.006505868576777346,0.0033876588667620684,0.01740002455150914,0.00826192966925593,0.06855674943097437,0.7340639044998887,0.0021202822233333343,0.0054959839429019565,0.006421556969927167,0.006255243992873948,0.1737154061948103,0.001753577426666666,0.0037444009480336123,0.002032456003333333,0.009954141063333337,0.006799878777075626,0.0390901483923212,0.42996167503193816
2026-09-19 00:06:38.128999949,4118.509830508478,6997.5640677966,7454.9776271186365,7013.648135593213,276915.1027118644,3335.3359322033903,6061.332203389829,3412.064745762711,15460.575254237307,7474.091186440668,70115.1498815036,671733.2074576272,0.0069123103246821905,0.006260445338249521,0.0062344510628188,0.000527672827188581,0.005462028526336326,0.014160664697748918,124660.65345563162,104561.51364874709,181346.366439751,22531.58535718642,235559.28288124272,368135.677535052,122229.83225302408,122700.86134803192,153917.26304765232,3458.7335703072017,216560.65304385347,325905.539650354,0.0,0.0,0.0,0.0,0.0,0.0,0.0037511981030349862,0.007835317168604469,0.008545179497354465,0.008299458825610754,0.3074256679534632,0.003317315570201314,0.00651134700949131,0.0033905123090481044,0.017414676686362745,0.0082688895127244,0.06863434113333644,0.7346820341789427,0.0021202822233333343,0.0054959839429019565,0.00642978120835294,0.0062608359872605,0.1739167011418914,0.001753577426666666,0.003750161293333332,0.002032456003333333,0.009954141063333337,0.006799878777075626,0.039118590948438614,0.43068641744236014
2026-09-19 00:06:53.128999949,4143.783050847457,6970.911864406771,7454.9776271186365,7013.648135593213,276842.8647457627,3339.52474576271,6061.332203389829,3390.672203389832,15432.815593220343,7458.27559322034,70323.47241037533,672060.8257627118,0.0069123103246821905,0.006260445338249521,0.006268451317601068,0.0005372779269813832,0.0052728579958623255,0.014163929502911964,124660.65345563162,104561.51364874709,174044.7506859393,21860.583654526865,227400.98156775447,368461.2469459795,122229.83225302408,122700.86134803192,147791.64619050577,3355.3775100852895,209060.34552649592,326293.68308749894,0.0,0.0,0.0,0.0,0.0,0.0,0.003754354402584535,0.00784191271308645,0.008552369129674284,0.00830644171665805,0.30768433017474695,0.0033201077700887012,0.006516825442205274,0.0033933657513341405,0.017429328821216346,0.008275849356192869,0.06871193283569853,0.7353001638579967,0.002122570082532213,0.005497449337512603,0.00642978120835294,0.0062608359872605,0.17400899462540692,0.0017504884745322123,0.003750161293333332,0.002027596297210085,0.009959251046095236,0.006806814652056017,0.03913549966895269,0.43087080024680124
2026-09-19 00:07:08.128999949,4143.783050847457,6970.911864406771,7434.378305084735,7004.550508474575,276789.37728813564,3339.52474576271,6051.9722033898315,3390.672203389832,15432.815593220343,7458.27559322034,70532.55233935676,671528.4803389829,0.0069123103246821905,0.006260445338249521,0.006268451317601068,0.0005346018096491693,0.005497403130896455,0.014268736634729199,124660.65345563162,104561.51364874709,174044.7506859393,19181.096428922632,239717.0892900611,368922.95082310983,122229.83225302408,122700.86134803192,147791.64619050577,3537.7657929625807,235412.59517515294,327382.3123127573,0.0,0.0,0.0,0.0,0.0,0.0,0.0037612141925973254,0.00784827393147013,0.008557105995798784,0.008312075162307071,0.30793066372093375,0.0033244105573320237,0.006521613670403517,0.0033938536975715488,0.017439883668511912,0.008281451428067526,0.06876108154151366,0.7359494349866593,0.002122570082532213,0.005497449337512603,0.006435341584425765,0.006266321782924368,0.17419144740149936,0.0017504884745322123,0.003751563736694678,0.002027596297210085,0.009959251046095236,0.006806814652056017,0.03915389773865461,0.431214103802471
2026-09-19 00:07:23.128999949,4171.713559322031,6958.1013559322,7434.378305084735,7004.550508474575,276734.4589830509,3336.425084745761,6051.9722033898315,3386.4742372881346,15427.690169491514,7444.50101694915,70778.24191738637,672300.0762711865,0.0069123103246821905,0.006260445338249521,0.006268451317601068,0.0005346018096491693,0.005658653698538249,0.014235655483028463,124660.65345563162,104561.51364874709,174044.7506859393,19181.096428922632,246748.50317786852,365487.1666189502,122229.83225302408,122700.86134803192,147791.64619050577,3537.7657929625807,242317.7490629362,324459.5822472686,0.0,0.0,0.0,0.0,0.0,0.0,0.0037643736081416574,0.007854869278552059,0.008564293567908771,0.008319056919882826,0.3081893155882176,0.0033272040281513275,0.006527091523377703,0.0033967051495917507,0.017454532361834023,0.008288410128965395,0.06883863194844626,0.7365675908258847,0.0021260528818823512,0.005506580642464986,0.006435341584425765,0.006266321782924368,0.17429566399016955,0.0017472590608571422,0.003751563736694678,0.0020280896970084022,0.009972497939983192,0.006816272743529409,0.0391903409948876,0.43147357933493363
2026-09-19 00:07:38.128999949,4171.713559322031,6958.1013559322,7410.337627118633,6992.502711864401,276673.27728813555,3336.425084745761,6038.99389830508,3386.4742372881346,15427.690169491514,7444.50101694915,70990.77796172039,673399.4918644069,0.007112978577807676,0.006260445338249521,0.006268451317601068,0.0005346018096491693,0.005658653698538249,0.014511250886272597,125221.14151173172,104561.51364874709,174044.7506859393,19181.096428922632,246748.50317786852,372412.86191331205,122781.66065484403,122700.86134803192,147791.64619050577,3537.7657929625807,242317.7490629362,330782.0348016644,0.0,0.0,0.0,0.0,0.0,0.0,0.0037675330236859894,0.00786146462563399,0.00857148114001876,0.008326038677458585,0.3084479674555016,0.0033299974989706316,0.006532569376351889,0.0033995566016119527,0.01746918105515613,0.008295368829863262,0.06891618235537887,0.7371857466651104,0.0021260528818823512,0.005506580642464986,0.006445672191058821,0.0062709301343137226,0.1744831016953849,0.0017472590608571422,0.003752305166571427,0.0020280896970084022,0.009972497939983192,0.006816272743529409,0.03922136504539574,0.43228585662554425
2026-09-19 00:07:53.128999949,4202.136610169492,6921.259322033897,7410.337627118633,6992.502711864401,276591.2033898305,3350.922711864408,6038.99389830508,3383.1061016949143,15411.050847457622,7441.505084745768,71187.19203102683,673743.3742372881,0.007112978577807676,0.006170372349987571,0.006268451317601068,0.0005346018096491693,0.005658653698538249,0.014711667510326704,125221.14151173172,104921.0140130775,174044.7506859393,19181.096428922632,246748.50317786852,374562.66156717716,122781.66065484403,123122.72789164809,147791.64619050577,3537.7657929625807,242317.7490629362,333131.5572661657,0.0,0.0,0.0,0.0,0.0,0.0,0.0037706924392303222,0.007868059972715917,0.008578668712128748,0.008333020435034344,0.30870661932278554,0.0033327909697899363,0.006538047229326075,0.0034024080536321556,0.01748382974847824,0.00830232753076113,0.0689937327623115,0.737803902504336,0.002130020839943978,0.005509744222571428,0.006445672191058821,0.0062709301343137226,0.1745760129934165,0.0017532756170756298,0.003752305166571427,0.0020237693825434174,0.009983902470577028,0.0068239873488963616,0.03923976004037516,0.4324768945957236
2026-09-19 00:08:08.128999949,4202.136610169492,6921.259322033897,7393.722711864406,6976.8122033898335,276491.7457627118,3350.922711864408,6026.894237288128,3383.1061016949143,15411.050847457622,7441.505084745768,71382.72436210583,673272.1006779661,0.007112978577807676,0.006524984201947089,0.006279676387510695,0.0005294746908186053,0.005693670144546727,0.0147922471663022,125221.14151173172,101380.64705872333,179548.56318296003,21931.477680456483,238162.53273842533,377775.5663639205,122781.66065484403,118966.56376877669,152461.6962507663,3371.227670859837,233894.7376802569,336669.8170435505,0.0,0.0,0.0,0.0,0.0,0.0,0.003777840004954158,0.007872424865642954,0.00858327784231974,0.008337605729404157,0.3089451596955074,0.003334544802369239,0.006541254505381152,0.0034044540080282065,0.01749518632970708,0.008307957680137397,0.06903448920613924,0.7385400144438787,0.002130020839943978,0.005509744222571428,0.00645140882460504,0.006275571462733891,0.1747604900023152,0.0017532756170756298,0.003752327354722688,0.0020237693825434174,0.009983902470577028,0.0068239873488963616,0.03926024723104307,0.4328667621020254
2026-09-19 00:08:23.128999949,4226.067457627117,6915.770847457634,7393.722711864406,6976.8122033898335,276443.1244067796,3366.253220338981,6026.894237288128,3379.2742372881344,15378.983389830528,7449.803389830508,71633.84910627585,673604.6461016948,0.007112978577807676,0.006524984201947089,0.006495626912413176,0.0005294746908186053,0.005693670144546727,0.014912016204113658,125221.14151173172,101380.64705872333,185723.02251369262,21931.477680456483,238162.53273842533,378885.0931031293,122781.66065484403,118966.56376877669,157704.67077702642,3371.227670859837,233894.7376802569,337495.0184852067,0.0,0.0,0.0,0.0,0.0,0.0,0.0037810027647416297,0.007879018342153023,0.008590463255910346,0.008344585480802368,0.309203794731022,0.003337337401362528,0.00654673045756236,0.003407304784594202,0.01750983226706726,0.008314915266826437,0.06911196065663845,0.7391582690316865,0.0021343396387338925,0.005515804127731094,0.00645140882460504,0.006275571462733891,0.17485429485909917,0.0017547820538207277,0.003752327354722688,0.0020257025087731086,0.009999445054123252,0.006832174905131652,0.03929982126531922,0.43304752890542514
2026-09-19 00:08:38.128999949,4226.067457627117,6915.770847457634,7391.998983050849,6971.454915254243,276441.2542372882,3366.253220338981,6018.952881355931,3379.2742372881344,15378.983389830528,7449.803389830508,71908.1481173175,674002.7938983049,0.007112978577807676,0.006524984201947089,0.006259893594880777,0.0005043697170544588,0.005693670144546727,0.015059637529328896,125221.14151173172,101380.64705872333,178982.93339994884,22602.93099703789,238162.53273842533,383540.83473237365,122781.66065484403,118966.56376877669,151981.39791454424,3474.441053630073,233894.7376802569,341453.58473232354,0.0,0.0,0.0,0.0,0.0,0.0,0.003784165524529102,0.007885611818663088,0.00859764866950095,0.008351565232200577,0.3094624297665365,0.0033401300003558163,0.006552206409743568,0.003410155561160198,0.01752447820442744,0.008321872853515473,0.06918943210713766,0.739776523619494,0.0021343396387338925,0.005515804127731094,0.006463519907109242,0.006283077333008405,0.17506100057733875,0.0017547820538207277,0.0037540684008459378,0.0020257025087731086,0.009999445054123252,0.006832174905131652,0.03933319534487611,0.433718127079165
2026-09-19 00:08:53.128999949,4245.428135593223,6890.799661016945,7391.998983050849,6971.454915254243,276333.06508474576,3377.3583050847474,6018.952881355931,3385.821355932201,15356.199661016932,7431.6569491525515,72096.4965450193,674316.0549152542,0.0072586259964171045,0.00671450043910018,0.00650666723069586,0.0005234488542603239,0.00570596626685111,0.015117114016524708,129804.58562273816,107700.7942405497,174076.77789438242,23457.947480314626,245926.9443092723,385033.41588496213,127278.22730934319,126383.03046679727,147853.70396232436,3605.8711045122536,241520.0135232854,342663.37046316377,0.0,0.0,0.0,0.0,0.0,0.0,0.0037873282843165733,0.007892205295173154,0.008604834083091555,0.008358544983598788,0.309721064802051,0.0033429225993491054,0.006557682361924776,0.0034130063377261935,0.017539124141787623,0.008328830440204512,0.06926690355763686,0.7403947782073015,0.0021357719865546213,0.0055196484758319305,0.006463519907109242,0.006283077333008405,0.17514646472189593,0.0017588188403361341,0.0037540684008459378,0.0020392932436974777,0.01000969763361344,0.0068412327109411775,0.039358382933544586,0.4338900905619489
2026-09-19 00:09:08.128999949,4245.428135593223,6890.799661016945,7378.8620338983055,6942.395593220344,275853.6627617404,3377.3583050847474,6004.91593220339,3385.821355932201,15356.199661016932,7431.6569491525515,72316.88171272076,673235.2673246814,0.007030626505014646,0.00671450043910018,0.00650666723069586,0.0005234488542603239,0.005895793708638233,0.015301925878066173,125727.31541783993,107700.7942405497,174076.77789438242,23457.947480314626,269387.14089968224,385931.9286347542,123280.3121243673,126383.03046679727,147853.70396232436,3605.8711045122536,264522.23783563165,347561.54149190686,0.0,0.0,0.0,0.0,0.0,0.0,0.0037932072351613342,0.00789631500878679,0.008611409548708697,0.008363070858421738,0.30995914182707995,0.003346564616584318,0.0065616372794876825,0.0034161911980834635,0.017549985636787918,0.008333890722722018,0.06931177152159561,0.7410404087329255,0.0021357719865546213,0.0055196484758319305,0.006469958610543419,0.006284492488380949,0.1753404623285412,0.0017588188403361341,0.003755180746218489,0.0020392932436974777,0.01000969763361344,0.0068412327109411775,0.039377142376730616,0.43469595080962925
2026-09-19 00:09:23.128999949,4268.901355932201,6884.194576271193,7378.8620338983055,6942.395593220344,275510.76990799984,3376.1349152542366,6004.91593220339,3401.0938983050846,15351.858305084743,7430.692881355925,72577.28428416565,673181.0147920981,0.007281625361643756,0.0068133027443109595,0.00650666723069586,0.0005234488542603239,0.005895793708638233,0.015454251694251249,145503.9725023629,103950.91216000648,174076.77789438242,23457.947480314626,269387.14089968224,389869.2506264772,142653.0406323462,121915.5951807788,147853.70396232436,3605.8711045122536,264522.23783563165,351558.51162637555,0.0,0.0,0.0,0.0,0.0,0.0,0.003796372264982962,0.007902906409288462,0.008618594453390969,0.008370048562435116,0.31021775971420373,0.0033493579253914534,0.0065671119625980495,0.0034190422538248237,0.017564628416609548,0.00834084672355814,0.06938917711181873,0.7416586861646425,0.002143542232733892,0.0055289905864537815,0.006469958610543419,0.006284492488380949,0.1753591328306375,0.0017630260657815128,0.003755180746218489,0.0020437154223081236,0.010029755443316524,0.006861167546442573,0.03943790230442591,0.43465565176749665
