timestamp,aggregator_energy,api-gateway_energy,authority_energy,clientone_energy,clientthree_energy,clienttwo_energy,kernel_processes_energy,orchestrator_energy,policy_energy,policy-enforcer_energy,rabbitmq_energy,server_energy,sidecar_energy,system_processes_energy,aggregator_cpu_usage,authority_cpu_usage,clientone_cpu_usage,clientthree_cpu_usage,clienttwo_cpu_usage,policy_cpu_usage,server_cpu_usage,sidecar_cpu_usage,aggregator_memory_usage,authority_memory_usage,clientone_memory_usage,clientthree_memory_usage,clienttwo_memory_usage,policy_memory_usage,server_memory_usage,sidecar_memory_usage,aggregator_memory_rss_usage,authority_memory_rss_usage,clientone_memory_rss_usage,clientthree_memory_rss_usage,clienttwo_memory_rss_usage,policy_memory_rss_usage,server_memory_rss_usage,sidecar_memory_rss_usage,aggregator_memory_cache_usage,authority_memory_cache_usage,clientone_memory_cache_usage,clientthree_memory_cache_usage,clienttwo_memory_cache_usage,policy_memory_cache_usage,server_memory_cache_usage,sidecar_memory_cache_usage,aggregator_carbon_coal,api-gateway_carbon_coal,authority_carbon_coal,clientone_carbon_coal,clientthree_carbon_coal,clienttwo_carbon_coal,kernel_processes_carbon_coal,orchestrator_carbon_coal,policy_carbon_coal,policy-enforcer_carbon_coal,rabbitmq_carbon_coal,server_carbon_coal,sidecar_carbon_coal,system_processes_carbon_coal,aggregator_carbon_emission,api-gateway_carbon_emission,authority_carbon_emission,clientone_carbon_emission,clientthree_carbon_emission,clienttwo_carbon_emission,kernel_processes_carbon_emission,orchestrator_carbon_emission,policy_carbon_emission,policy-enforcer_carbon_emission,rabbitmq_carbon_emission,server_carbon_emission,sidecar_carbon_emission,system_processes_carbon_emission
2026-08-19 22:05:43.312000036,9376.40506329114,5820.358481012658,9181.610126582278,9283.880506329117,9166.244050632911,8624.205569620253,360356.3453164557,2886.753417721519,7755.302278481015,4267.011645569621,19783.23341772152,9158.694683544305,119939.7303544286,884618.9255696203,0.008314676716201915,0.004615430272372613,0.003846236777134256,0.00418729078834704,0.0034463567537306532,0.000547811874556824,0.004203727890470367,0.017450570124276008,229291.1850262955,141009.80173264502,184051.91386861057,156958.73931650212,135919.68741115133,14606.09373068103,45536.35649239587,748093.0641702397,224653.85496841712,137939.89429604268,179518.1301660879,152963.41963537113,120299.11774103678,68.00190661184503,20140.650437252847,659365.0143850996,0.0,0.0,0.0,0.0,0.0,0.0,0.0,0.0,0.00222973177074129,0.0010766494253333333,0.002228498142689712,0.0022009192797068297,0.0022393741618238682,0.0020851519524521258,0.08464176799320758,0.0008366223812433471,0.001796913905023306,0.0008947485039144034,0.004680995610944173,0.0022257107410611795,0.022710131080630094,0.2052865756678146,0.0012995102525490193,0.0006746437586610644,0.001505533867119197,0.001406522317644281,0.0014593875882413507,0.0011769645095334683,0.04781294428647495,0.00042716927661064414,0.0010226303407899157,0.0005342293419047618,0.0026216566366386545,0.0012545563300150827,0.01391820522588011,0.11140526759219799
2026-08-19 22:05:58.312000036,9376.40506329114,5794.192405063292,9181.610126582278,9283.880506329117,9166.244050632911,8648.907341772154,360436.4627848101,2883.885569620254,7753.561518987343,4261.491645569621,19790.66126582279,9188.989367088607,119940.2430379747,884237.7873417722,0.008314676716201915,0.004630943065107993,0.003846236777134256,0.00418729078834704,0.0034463567537306532,0.000547811874556824,0.004203727890470367,0.017241576206371616,229291.1850262955,137927.36125602425,184051.91386861057,156958.73931650212,135919.68741115133,14606.09373068103,45536.35649239587,730658.8916330334,224653.85496841712,134747.55303820738,179518.1301660879,152963.41963537113,120299.11774103678,68.00190661184503,20140.650437252847,640422.0329144893,0.0,0.0,0.0,0.0,0.0,0.0,0.0,0.0,0.002236537772798903,0.0010799233759506172,0.0022352892105909467,0.0022076198157150602,0.0022462096463917694,0.002091491968913032,0.08489646757349215,0.0008391661765108368,0.0018023363765680214,0.0008974690347786009,0.004695078871106775,0.0022324781340652944,0.022796054614989993,0.20590520433854637,0.0012995102525490193,0.0006785193303138938,0.001505533867119197,0.001406522317644281,0.0014593875882413507,0.0011868445823558554,0.04797045040939993,0.0004275236385882352,0.001027412522352941,0.0005376232903529411,0.002636438601798319,0.0012649957098625887,0.013971739588395028,0.11175268603230663
2026-08-19 22:06:13.312000036,9372.586329113927,5794.192405063292,9164.958987341772,9296.79493670886,9173.981772151896,8648.907341772154,360437.02481012663,2883.885569620254,7753.561518987343,4261.491645569621,19790.66126582279,9188.989367088607,119581.19392405063,884545.2759493671,0.008314676716201915,0.004630943065107993,0.0038256263328582487,0.004165672830986474,0.0034463567537306532,0.000547811874556824,0.004204047540012009,0.017151498935566705,229291.1850262955,137927.36125602425,182008.5515124294,157992.20162995288,135919.68741115133,14606.09373068103,44754.03228069206,727759.0090628847,224653.85496841712,134747.55303820738,177356.75509359626,153809.26104320012,120299.11774103678,68.00190661184503,18674.62424733998,638142.946159803,0.0,0.0,0.0,0.0,0.0,0.0,0.0,0.0,0.0022433571360130082,0.0010805440547663958,0.002240134460439024,0.0022157883020503147,0.002249982364610298,0.0020983406920574523,0.08514529721071486,0.0008395536402970191,0.0018059343848578315,0.0009004339077539297,0.004710598523461312,0.002239509929004878,0.022761124818969643,0.20664193860512878,0.0013065875817361735,0.0006785668790588234,0.0015238064494809687,0.0014223124869411762,0.0014757811963636363,0.0011868445823558554,0.04809092256712356,0.0004275236385882352,0.001027412522352941,0.0005376232903529411,0.002636438601798319,0.0012649957098625887,0.01400926670359388,0.11200497373267057
2026-08-19 22:06:28.312000036,9372.586329113927,5759.27088607595,9164.958987341772,9296.79493670886,9173.981772151896,8645.283037974687,360432.9903797468,2880.1427848101275,7754.135696202532,4249.023797468355,19784.363544303793,9202.392911392406,119431.29721518987,884763.235443038,0.008314676716201915,0.004630943065107993,0.003735121700504883,0.004165672830986474,0.0034167221773452354,0.000547811874556824,0.004204047540012009,0.016947066165194324,229291.1850262955,137927.36125602425,177702.6900386315,157992.20162995288,135286.76057668147,14606.09373068103,44754.03228069206,715270.1630074971,224653.85496841712,134747.55303820738,173160.94334448088,153809.26104320012,119986.65720033931,68.00190661184503,18674.62424733998,626127.934752872,0.0,0.0,0.0,0.0,0.0,0.0,0.0,0.0,0.002250163178695935,0.0010838099805794037,0.0022469196128780487,0.0022224933020503143,0.002256808537374526,0.0021046822459192408,0.08539997915348595,0.0008420909187523035,0.001811351375821687,0.0009031551770628727,0.004724686099766533,0.0022462781210780486,0.022846258395835636,0.20726092216637376,0.0013065875817361735,0.0006821278246807297,0.0015238064494809687,0.0014223124869411762,0.0014757811963636363,0.0011949052283857728,0.04824495410588982,0.0004276958278375349,0.0010324399753389357,0.0005406289057254901,0.0026504376319999995,0.001274288140649087,0.014060455589043293,0.1123610275995797
2026-08-19 22:06:43.312000036,9364.67240506329,5759.27088607595,9164.840506329112,9317.018734177214,9178.395949367088,8645.283037974687,360433.83797468356,2880.1427848101275,7754.135696202532,4249.023797468355,19784.363544303793,9202.392911392406,119081.08556962026,885823.0875949368,0.008262454433354653,0.004571499474309258,0.003785112774487218,0.004165672830986474,0.0034167221773452354,0.000547811874556824,0.004204047540012009,0.016896647643209424,231368.50228406608,137698.57616556488,178127.95277081744,157992.20162995288,135286.76057668147,14606.09373068103,44754.03228069206,711872.8944038757,226560.873800292,134300.48397600974,173370.28934944564,153809.26104320012,119986.65720033931,68.00190661184503,18674.62424733998,623023.7231036344,0.0,0.0,0.0,0.0,0.0,0.0,0.0,0.0,0.0022569692213788616,0.0010870759063924121,0.002253704765317073,0.002229198302050315,0.0022636347101387534,0.0021110237997810297,0.08565466109625702,0.0008446281972075882,0.0018167683667855425,0.0009058764463718158,0.004738773676071754,0.0022530463131512192,0.022931391972701623,0.20787990572761875,0.001315759285604335,0.0006821724433333331,0.0015412731505050333,0.0014394594983489861,0.0014923597297602342,0.0011949052283857728,0.048366106766311846,0.0004276958278375349,0.0010324399753389357,0.0005406289057254901,0.0026504376319999995,0.001274288140649087,0.014100897839174282,0.11269074586836433
2026-08-19 22:06:58.312000036,9364.67240506329,5728.450632911393,9164.840506329112,9317.018734177214,9178.395949367088,8659.166582278482,360478.65417721524,2878.0070886075955,7755.669873417724,4241.635443037976,19801.473417721518,9210.820253164558,118917.48151898735,885812.9164556963,0.008045941266604734,0.004571499474309258,0.003785112774487218,0.004131244594027523,0.003413215024204166,0.0005432352504547964,0.004204047540012009,0.016783273485975348,231519.4740951531,137698.57616556488,178127.95277081744,158185.107348697,138434.5888483749,16823.168169515662,44754.03228069206,715682.7808931556,226551.0935380511,134300.48397600974,173370.28934944564,153830.1980833954,122573.57948371732,65.2726557526644,18674.62424733998,627111.7734062668,0.0,0.0,0.0,0.0,0.0,0.0,0.0,0.0,0.0022637752640617885,0.00109034183220542,0.0022604899177560973,0.0022359033020503145,0.002270460882902981,0.002117365353642818,0.08590934303902811,0.0008471654756628726,0.0018221853577493976,0.0009085977156807587,0.004752861252376974,0.00225981450522439,0.023016525549567613,0.20849888928886373,0.001315759285604335,0.000685962433560326,0.0015412731505050333,0.0014394594983489861,0.0014923597297602342,0.0012045938833082708,0.04852203285910363,0.0004279849428571429,0.0010376119533333334,0.0005438675133333333,0.0026662987150028,0.0012817680845138054,0.014151765528953687,0.11303852861049973
2026-08-19 22:07:13.312000036,9354.312911392406,5728.450632911393,9175.257721518987,9337.090632911391,9183.976708860759,8659.166582278482,360511.92607594945,2878.0070886075955,7755.669873417724,4241.635443037976,19801.473417721518,9210.820253164558,118540.76050632913,886356.1670886077,0.008045941266604734,0.004571499474309259,0.0037757779153554543,0.004131244594027523,0.003413215024204166,0.0005354248948215294,0.004093254077969068,0.01670422472913321,231519.4740951531,137698.5761655649,183313.33190140242,158185.107348697,138434.5888483749,17502.507908853335,44462.98182665236,722030.5061529587,226551.0935380511,134300.48397600977,178388.00070928506,153830.1980833954,122573.57948371732,53.655756924749646,17708.64812848721,631540.5277723359,0.0,0.0,0.0,0.0,0.0,0.0,0.0,0.0,0.002268373583631593,0.0010898986682998661,0.0022663508499373487,0.0022441943752599526,0.0022754763627651944,0.0021234198839496657,0.08615518925549842,0.0008469024959111111,0.0018268830896560847,0.0009103633346120481,0.004765816158489948,0.0022657631964380187,0.022981206268772217,0.2092869416472074,0.0013256683550968552,0.0006860025114285714,0.0015616606300907561,0.0014569753016607317,0.0015084188549019605,0.0012045938833082708,0.04864719531155804,0.0004279849428571429,0.0010376119533333334,0.0005438675133333333,0.0026662987150028,0.0012817680845138054,0.014194414128083118,0.11329761918150494
2026-08-19 22:07:28.312000036,9354.312911392406,5697.238481012658,9175.257721518987,9337.090632911391,9183.976708860759,8672.755443037975,360529.2243037975,2875.625316455697,7755.107848101266,4227.569620253165,19805.513924050632,9216.416202531647,118365.31139240507,886163.7721518988,0.008045941266604734,0.0044189916476742325,0.0037757779153554543,0.004131244594027523,0.003413215024204166,0.0005354248948215294,0.004158935470198836,0.016653058187994528,231519.4740951531,139790.53114100493,183313.33190140242,158185.107348697,138434.5888483749,17502.507908853335,49895.32164277633,724334.5185285747,226551.0935380511,136317.65163860505,178388.00070928506,153830.1980833954,122573.57948371732,53.655756924749646,23241.067753220257,633285.4642682507,0.0,0.0,0.0,0.0,0.0,0.0,0.0,0.0,0.0022751729942741632,0.0010931535126773764,0.002273133226443373,0.002250904140320194,0.002282297096700937,0.0021297605807368137,0.08640984498764126,0.0008494314125777778,0.0018322979458068782,0.0009130817502746986,0.004779900373767725,0.002272528941417938,0.023065581452061473,0.20990642721069946,0.0013256683550968552,0.0006901466135350609,0.0015616606300907561,0.0014569753016607317,0.0015084188549019605,0.0012129891224181906,0.04880061360121506,0.0004285255727394957,0.0010430781752268907,0.0005469244016470588,0.0026804522885714283,0.0012899940531209352,0.014244337408733803,0.11363953080905417
2026-08-19 22:07:43.312000036,9355.34582278481,5697.238481012658,9195.062278481015,9361.102784810126,9197.298227848101,8672.755443037975,360604.7726582279,2875.625316455697,7755.107848101266,4227.569620253165,19805.513924050632,9216.416202531647,118027.49468354431,886810.9093670887,0.008045941266604734,0.0045476741852660775,0.0037757779153554543,0.004131244594027523,0.003394797283929862,0.0005354248948215294,0.004158935470198836,0.01658834701916346,231519.4740951531,143861.27888455495,183313.33190140242,158185.107348697,134411.13463091318,17502.507908853335,49895.32164277633,722899.1675759366,226551.0935380511,140287.26795155942,178388.00070928506,153830.1980833954,119011.10864874917,53.655756924749646,23241.067753220257,632208.2035972954,0.0,0.0,0.0,0.0,0.0,0.0,0.0,0.0,0.002281972404916733,0.0010964083570548862,0.0022799156029493974,0.002257613905380435,0.0022891178306366803,0.0021361012775239626,0.08666450071978413,0.0008519603292444444,0.001837712801957672,0.0009158001659373494,0.004793984589045503,0.002279294686397858,0.023149956635350723,0.21052591277419155,0.0013362338928555569,0.0006901820504369747,0.001583481276210848,0.001475945451483157,0.0015247403099976436,0.0012129891224181906,0.048928457566837225,0.0004285255727394957,0.0010430781752268907,0.0005469244016470588,0.0026804522885714283,0.0012899940531209352,0.014289164926808255,0.1139202384707295
2026-08-19 22:07:58.312000036,9355.34582278481,5667.949367088608,9195.062278481015,9361.102784810126,9197.298227848101,8691.24759493671,360656.09924050636,2871.390379746835,7756.8698734177215,4216.268354430381,19841.726582278483,9216.695696202536,117923.33164556963,886846.1134177216,0.008045941266604734,0.0045476741852660775,0.0037757779153554543,0.004136443002460776,0.003394797283929862,0.0005354248948215294,0.004158935470198836,0.016457027059495984,231519.4740951531,143861.27888455495,183313.33190140242,164574.81051573306,134411.13463091318,17502.507908853335,49895.32164277633,722615.1791486178,226551.0935380511,140287.26795155942,178388.00070928506,160023.9745458535,119011.10864874917,53.655756924749646,23241.067753220257,632099.2061509361,0.0,0.0,0.0,0.0,0.0,0.0,0.0,0.0,0.002288771815559304,0.0010996632014323962,0.0022866979794554216,0.0022643236704406756,0.0022959385645724235,0.0021424419743111107,0.08691915645192698,0.0008544892459111113,0.0018431276581084657,0.0009185185816,0.00480806880432328,0.002286060431377778,0.02323433181863998,0.21114539833768362,0.0013362338928555569,0.0006945329702155569,0.001583481276210848,0.001475945451483157,0.0015247403099976436,0.0012230497381771168,0.049086135707256145,0.00042913579684033615,0.0010490583346330529,0.0005505471028795519,0.0026977739242689076,0.0012982258160302374,0.014343378105373283,0.11427791289189783
2026-08-19 22:08:13.312000036,9353.416708860761,5667.949367088608,9198.407088607595,9378.501265822786,9209.586835443039,8691.24759493671,360706.29265822785,2871.390379746835,7756.8698734177215,4216.268354430381,19841.726582278483,9216.695696202536,117599.8724050633,887460.221772152,0.008045941266604734,0.0045476741852660775,0.0037757779153554543,0.004136443002460776,0.003394797283929862,0.0005354248948215294,0.004158935470198836,0.016354295991758108,231519.4740951531,143861.27888455495,183313.33190140242,164574.81051573306,134411.13463091318,17502.507908853335,49895.32164277633,710858.399009799,226551.0935380511,140287.26795155942,178388.00070928506,160023.9745458535,119011.10864874917,53.655756924749646,23241.067753220257,621156.177342079,0.0,0.0,0.0,0.0,0.0,0.0,0.0,0.0,0.002294399779334391,0.0010998043949862434,0.002296891168697355,0.002273763345916981,0.002302231349467725,0.0021504073939523807,0.08717934187985672,0.0008548116958677249,0.0018476976320261438,0.000920433152173545,0.004822659711444706,0.0022917584321322754,0.023210702925787023,0.2118439002615205,0.001346282548851806,0.0006945669792717087,0.001602757880267535,0.0014941267229150968,0.0015416223036625967,0.0012230497381771168,0.04920953440770369,0.00042913579684033615,0.0010490583346330529,0.0005505471028795519,0.0026977739242689076,0.0012982258160302374,0.01438456143313824,0.11450979711165937
2026-08-19 22:08:28.312000036,9353.416708860761,5638.809113924051,9198.407088607595,9378.501265822786,9209.586835443039,8700.483037974682,360727.41873417725,2871.077468354431,7757.820759493671,4203.903797468353,19861.40050632912,9212.011139240507,117442.05873417722,887349.1260759494,0.008049479374420333,0.004485908377942384,0.0036796442498351826,0.004098592446916943,0.0034041128701327744,0.0005230737802758982,0.0041408740580210655,0.016159070676998403,225420.8115635347,137906.50069108783,182010.4620627012,164553.84567685658,137793.81933522716,17098.762244225392,48597.51735888666,710783.5073741436,220648.89962887907,134482.22944630965,177164.9885519799,159842.73230740608,121824.33696193925,52.418032630979134,22636.555019376276,621422.4337021321,0.0,0.0,0.0,0.0,0.0,0.0,0.0,0.0,0.0023011957148502643,0.0011030500457798941,0.0023036836706814812,0.0022804812149646,0.002309050517126455,0.0021567528850238095,0.08743401382495478,0.0008573341016216931,0.0018531100094771242,0.0009231491958243386,0.0048367454143858814,0.0022985210263783066,0.02329438466008338,0.21246361788112839,0.001346282548851806,0.0006987961343819358,0.001602757880267535,0.0014941267229150968,0.0015416223036625967,0.0012320360919267706,0.04936536093910488,0.0004295780600448178,0.0010550403933893555,0.0005538104939943975,0.0027131604265770303,0.00130731347333923,0.014436566008316918,0.11486513795050354
2026-08-19 22:08:43.312000036,9369.037974683544,5638.809113924051,9220.927594936713,9386.557974683545,9215.216202531648,8700.483037974682,360800.026329114,2871.077468354431,7757.820759493671,4203.903797468353,19861.40050632912,9212.011139240507,117171.14734177216,888436.6055696204,0.007837157263676132,0.004485908377942384,0.003727873192101775,0.004098592446916943,0.0034041128701327744,0.0005445189014346971,0.0041408740580210655,0.01620256424102671,219474.85900057314,137906.50069108783,177248.46312330672,164553.84567685658,137793.81933522716,17313.0256248102,48597.51735888666,716290.2647501145,214828.81637585963,134482.22944630965,172530.13673825562,159842.73230740608,121824.33696193925,51.3109599508938,22636.555019376276,627153.3796615592,0.0,0.0,0.0,0.0,0.0,0.0,0.0,0.0,0.0023079916503661374,0.001106295696573545,0.0023104761726656085,0.002287199084012219,0.0023158696847851846,0.0021630983760952383,0.0876886857700528,0.0008598565073756613,0.0018585223869281042,0.0009258652394751323,0.004850831117327058,0.0023052836206243384,0.023378066394379744,0.2130833355007362,0.001357689321430972,0.0006988270519943977,0.0016242246973923592,0.0015119829820621118,0.001558425369379752,0.0012320360919267706,0.049490717476183006,0.0004295780600448178,0.0010550403933893555,0.0005538104939943975,0.0027131604265770303,0.00130731347333923,0.014480997295270122,0.11514908808205351
2026-08-19 22:08:58.312000036,9369.037974683544,5612.445569620252,9220.927594936713,9386.557974683545,9215.216202531648,8718.397974683545,360848.0536708861,2871.521012658228,7760.694683544304,4198.046582278482,19895.951392405063,9211.992911392404,116991.8612658228,888524.4637974685,0.0078037806189224625,0.004485908377942384,0.003727873192101775,0.004098592446916943,0.0034041128701327744,0.0005445189014346971,0.0041408740580210655,0.016027735200594383,224513.9854183773,137906.50069108783,177248.46312330672,164553.84567685658,137793.81933522716,17313.0256248102,48597.51735888666,713954.0708274604,219605.52050734492,134482.22944630965,172530.13673825562,159842.73230740608,121824.33696193925,51.3109599508938,22636.555019376276,626513.0490223948,0.0,0.0,0.0,0.0,0.0,0.0,0.0,0.0,0.00231478758588201,0.0011095413473671957,0.0023172686746497357,0.0022939169530598377,0.002322688852443915,0.0021694438671666667,0.08794335771515084,0.0008623789131296297,0.0018639347643790848,0.0009285812831259259,0.004864916820268235,0.00231204621487037,0.023461748128676102,0.21370305312034407,0.001357689321430972,0.0007032196400651336,0.0016242246973923592,0.0015119829820621118,0.001558425369379752,0.0012431033876717148,0.04964985548879302,0.00043015411169747893,0.0010607598535126049,0.0005575650970084033,0.0027304960917815123,0.0013168343294798798,0.014536477778278165,0.11553143479305183
2026-08-19 22:09:13.312000036,9390.08506329114,5612.445569620252,9230.27240506329,9385.728607594936,9210.993417721522,8718.397974683545,360892.86683544307,2871.521012658228,7760.694683544304,4198.046582278482,19895.951392405063,9211.992911392404,116639.14329113925,888990.4648101266,0.0078037806189224625,0.004485908377942384,0.003727873192101775,0.004098592446916943,0.0033254611826796436,0.0005445189014346971,0.004136264275804127,0.016041775962364075,224513.9854183773,137906.50069108783,177248.46312330672,164553.84567685658,134610.10691886867,17313.0256248102,50476.18583393561,717740.1677140482,219605.52050734492,134482.22944630965,172530.13673825562,159842.73230740608,119009.59783886732,51.3109599508938,23363.159441007523,629604.8706122066,0.0,0.0,0.0,0.0,0.0,0.0,0.0,0.0,0.0023214966531095423,0.0011096982115973853,0.0023243260227607844,0.0023027416739765886,0.002328037345889673,0.0021774080247968625,0.08820088023196589,0.0008627277252977778,0.0018689642923472864,0.0009307562625202612,0.004880738905575194,0.0023173612421228756,0.02343616223341398,0.21441691454625633,0.001369540179904306,0.0007032447263865545,0.0016449377853781507,0.0015292512997316819,0.0015748733771170005,0.0012431033876717148,0.04977234380915655,0.00043015411169747893,0.0010607598535126049,0.0005575650970084033,0.0027304960917815123,0.0013168343294798798,0.014578638283359972,0.11577517419255046
2026-08-19 22:09:28.312000036,9390.08506329114,5585.441012658229,9230.27240506329,9385.728607594936,9210.993417721522,8714.992405063293,360912.0394936709,2873.4106329113924,7764.82329113924,4190.7736708860775,19905.852151898733,9212.214683544304,116483.61721518988,888978.154936709,0.0078037806189224625,0.004479408835390308,0.003727873192101775,0.004098592446916943,0.003374798710234649,0.0005445189014346971,0.004136264275804127,0.015872641776287444,224513.9854183773,129633.20356935325,177248.46312330672,164553.84567685658,131343.10939545292,17313.0256248102,50476.18583393561,707961.3848574775,219605.52050734492,126408.88960175199,172530.13673825562,159842.73230740608,116121.22585624481,51.3109599508938,23363.159441007523,620382.9215359483,0.0,0.0,0.0,0.0,0.0,0.0,0.0,0.0,0.0023282923374232677,0.0011129348488522874,0.0023311193021725496,0.002309465723976589,0.002334852199811242,0.0021837582365615686,0.08845556042673333,0.0008652437919644447,0.0018743755597891466,0.0009334707282065357,0.004894829643947288,0.0023241196146718953,0.02351917241294056,0.21503690549005477,0.001369540179904306,0.0007075976791806774,0.0016449377853781507,0.0015292512997316819,0.0015748733771170005,0.0012520448906570818,0.04992786143949579,0.00043058311274509793,0.001066746858823529,0.0005610067147058823,0.002746233236638655,0.0013266081205175872,0.01463209052299325,0.11613763640787032
2026-08-19 22:09:43.312000036,9397.248607594938,5585.441012658229,9239.620253164558,9382.326075949368,9213.724556962026,8714.992405063293,360932.7189873418,2873.4106329113924,7764.82329113924,4190.7736708860775,19905.852151898733,9212.214683544304,116136.30075949368,890002.7483544304,0.0078057931736895915,0.004479408835390308,0.003727873192101775,0.004064482194057259,0.003275498828978148,0.0005445189014346971,0.004136264275804127,0.015815413830348957,230540.67838875548,129633.20356935325,177248.46312330672,152314.66955585236,132904.9280716017,17313.0256248102,50476.18583393561,704674.5217344688,225478.54512402328,126408.88960175199,172530.13673825562,147933.36772429655,117363.42781873622,51.3109599508938,23363.159441007523,617734.2301792522,0.0,0.0,0.0,0.0,0.0,0.0,0.0,0.0,0.002335088021736993,0.0011161714861071894,0.0023379125815843143,0.0023161897739765887,0.0023416670537328103,0.0021901084483262746,0.08871024062150076,0.0008677598586311112,0.0018797868272310073,0.0009361851938928103,0.004908920382319381,0.0023308779872209147,0.023602182592467137,0.21565689643385322,0.0013790788996380088,0.0007076212460784313,0.0016670785623635557,0.001546934304519967,0.0015942333428767231,0.0012520448906570818,0.050050307036988484,0.00043058311274509793,0.001066746858823529,0.0005610067147058823,0.002746233236638655,0.0013266081205175872,0.01467411404067909,0.11644068500623454
2026-08-19 22:09:58.312000036,9397.248607594938,5559.347848101266,9239.620253164558,9382.326075949368,9213.724556962026,8720.998481012659,361011.27797468356,2873.8693670886073,7771.3427848101255,4184.570126582279,19933.85620253165,9235.503797468358,116000.77974683545,890222.3878481013,0.007669827527438817,0.004426997535065932,0.003725278917510197,0.004064482194057259,0.003361586711550252,0.0005445189014346971,0.004034147036610318,0.015739927453379446,224131.3245620015,124287.91495096977,169004.07660529003,152314.66955585236,136397.98498856946,17313.0256248102,49230.015763868454,694435.2692961668,219211.67087054334,121196.90223201306,164494.91944145138,147933.36772429655,120448.01722628945,51.3109599508938,22786.363283441737,608466.9930286043,0.0,0.0,0.0,0.0,0.0,0.0,0.0,0.0,0.0023418837060507195,0.0011194081233620915,0.002344705860996079,0.0023229138239765886,0.002348481907654379,0.0021964586600909802,0.08896492081626822,0.0008702759252977778,0.0018851980946728677,0.0009388996595790849,0.004923011120691473,0.0023376363597699345,0.023685192771993713,0.2162768873776517,0.0013790788996380088,0.0007111910065250158,0.0016670785623635557,0.001546934304519967,0.0015942333428767231,0.0012622441530084033,0.05020953121970743,0.00043099992497478974,0.001073024207865546,0.0005643701229355742,0.0027632366931372543,0.0013375699215058825,0.014727618178218358,0.11680896860585813
2026-08-19 22:10:13.312000036,9411.53924050633,5559.347848101266,9236.093164556964,9369.16253164557,9219.536202531646,8720.998481012659,361041.60911392403,2873.8693670886073,7771.3427848101255,4184.570126582279,19933.85620253165,9235.503797468358,115619.12810126583,890463.3630379747,0.007669827527438817,0.004426997535065932,0.00369361608888787,0.004064482194057259,0.003361586711550252,0.0005414959915637255,0.0040968971111878675,0.01564143523129238,224131.3245620015,124287.91495096977,162908.29043464304,152314.66955585236,136397.98498856946,17892.190952444118,48040.62902105466,693286.3309735513,219211.67087054334,121196.90223201306,158561.77347708057,147933.36772429655,120448.01722628945,42.077749683662034,22235.849577814297,605752.8126332292,0.0,0.0,0.0,0.0,0.0,0.0,0.0,0.0,0.002350046061729199,0.0011196027249385013,0.0023504500423844957,0.002329686970705611,0.002352797628360723,0.002201717943990697,0.08921637032645008,0.0008706556088630491,0.001890613957638825,0.0009412811575875967,0.004938651555052874,0.002346065482663566,0.02366009606197229,0.21703771105960767,0.0013879890131287293,0.0007112113618823526,0.0016875214860539959,0.0015636553815126053,0.0016149270263634866,0.0012622441530084033,0.05033118713093494,0.00043099992497478974,0.001073024207865546,0.0005643701229355742,0.0027632366931372543,0.0013375699215058825,0.014767790657032664,0.11702313342858468
2026-08-19 22:10:28.312000036,9411.53924050633,5531.842025316457,9236.093164556964,9369.16253164557,9219.536202531646,8725.178734177216,361119.52101265825,2872.3351898734168,7774.052658227849,4174.803037974683,19940.67037974684,9272.169113924052,115486.47493670887,890626.7848101266,0.007669827527438817,0.004426997535065932,0.00369361608888787,0.004064482194057259,0.003361586711550252,0.0005270684654341252,0.0040968971111878675,0.01545061827989784,224131.3245620015,124287.91495096977,162908.29043464304,152314.66955585236,136397.98498856946,17415.474491927518,48040.62902105466,687952.0189214008,219211.67087054334,121196.90223201306,158561.77347708057,147933.36772429655,120448.01722628945,40.956637353203774,22235.849577814297,600973.2724841909,0.0,0.0,0.0,0.0,0.0,0.0,0.0,0.0,0.0023568457119229978,0.001122830587341602,0.002357240280756589,0.0023364111635350688,0.002359605236887855,0.0022080650108511624,0.08947104126418953,0.0008731655168087854,0.0018960252382901656,0.0009439946634015504,0.004952746736087356,0.0023528286716170545,0.02374246193502446,0.21765810601937777,0.0013879890131287293,0.000714550231804814,0.0016875214860539959,0.0015636553815126053,0.0016149270263634866,0.0012722408472125432,0.05049004146092747,0.00043124310045378146,0.0010794475801512605,0.0005674718187899159,0.0027777536529747897,0.0013485685519717884,0.014820256706914102,0.11737224193382384
2026-08-19 22:10:43.312000036,9423.925063291137,5531.842025316457,9232.529620253163,9355.357974683546,9239.27088607595,8725.178734177216,361152.1640506329,2872.3351898734168,7774.052658227849,4174.803037974683,19940.67037974684,9272.169113924052,115101.86430379748,891709.488607595,0.007669827527438817,0.004426997535065932,0.00369361608888787,0.004064482194057259,0.003361586711550252,0.0005378252876370348,0.004087530723829399,0.015394544696511704,224131.3245620015,124287.91495096977,162908.29043464304,152314.66955585236,136397.98498856946,16984.695538912405,49217.52882381022,680225.2107069241,219211.67087054334,121196.90223201306,158561.77347708057,147933.36772429655,120448.01722628945,39.94355801584717,22735.828518725142,593704.3939067388,0.0,0.0,0.0,0.0,0.0,0.0,0.0,0.0,0.002363645362116796,0.001126058449744703,0.0023640305191286824,0.0023431353563645257,0.0023664128454149867,0.0022144120777116273,0.08972571220192899,0.0008756754247545219,0.0019014365189415066,0.0009467081692155039,0.00496684191712184,0.002359591860570542,0.023824827808076626,0.2182785009791479,0.001395367652978706,0.0007145673375966387,0.0017095171625481154,0.0015814125664864863,0.0016366108620384395,0.0012722408472125432,0.050611672630045436,0.00043124310045378146,0.0010794475801512605,0.0005674718187899159,0.0027777536529747897,0.0013485685519717884,0.014861342562471394,0.11768889191845856
2026-08-19 22:10:58.312000036,9423.925063291137,5507.951392405063,9232.529620253163,9355.357974683546,9239.27088607595,8737.102784810128,361232.4546835443,2872.5994936708867,7777.625316455698,4168.818227848102,19989.566582278487,9298.638987341774,114963.6030379747,891872.026329114,0.007622417636859055,0.004426997535065932,0.003691677459004969,0.0040385805401685826,0.003361586711550252,0.0005378252876370348,0.004087530723829399,0.015319471614247989,230083.83877702683,124287.91495096977,168837.2087672576,154010.65335736467,136397.98498856946,16984.695538912405,49217.52882381022,674062.7678134206,224974.52846880644,121196.90223201306,164308.23006684243,149427.93161961006,120448.01722628945,39.94355801584717,22735.828518725142,588188.0239023592,0.0,0.0,0.0,0.0,0.0,0.0,0.0,0.0,0.0023704450123105945,0.0011292863121478034,0.0023708207575007753,0.0023498595491939834,0.002373220453942119,0.0022207591445720927,0.08998038313966844,0.0008781853327002585,0.0019068477995928474,0.0009494216750294573,0.004980937098156322,0.002366355049524031,0.0239071936811288,0.21889889593891804,0.001395367652978706,0.0007178184595566026,0.0017095171625481154,0.0015814125664864863,0.0016366108620384395,0.0012832023190678967,0.05077160931110986,0.00043140575807282906,0.0010861040778487392,0.0005697863814565827,0.0027946114064873948,0.0013594689489181142,0.014914483030916375,0.11804037834169011
2026-08-19 22:11:13.312000036,9428.245063291142,5507.951392405063,9226.502278481013,9332.442531645573,9265.436962025318,8737.102784810128,361252.3230379747,2872.5994936708867,7777.625316455698,4168.818227848102,19989.566582278487,9298.638987341774,114547.75291139241,892285.4825316457,0.007622417636859055,0.004398804284545971,0.0036749187058899,0.0039360461303300145,0.0032721484475556357,0.0005378252876370348,0.004087530723829399,0.015256970997719282,230083.83877702683,124591.65823434014,164295.74222501967,157645.18593044774,132768.98474656307,16984.695538912405,49217.52882381022,671089.3339965385,224974.52846880644,121474.29411030869,159888.91735145447,152951.12798244634,117243.38129490068,39.94355801584717,22735.828518725142,584906.9722245462,0.0,0.0,0.0,0.0,0.0,0.0,0.0,0.0,0.002377059212215581,0.0011298851772689655,0.0023770865581915707,0.002355266136126943,0.0023808865893650065,0.002227721003135632,0.0902408379752313,0.0008785213868015327,0.00191295734870101,0.0009516820957997446,0.0049991695852030305,0.002376124891192848,0.023886561442250858,0.21962794131954744,0.0014039239570207008,0.0007178340153165265,0.0017302168926744605,0.0015979285848983955,0.0016584586540235294,0.0012832023190678967,0.050891222569734815,0.00043140575807282906,0.0010861040778487392,0.0005697863814565827,0.0027946114064873948,0.0013594689489181142,0.014953860248267928,0.1182643666347514
2026-08-19 22:11:28.312000036,9428.245063291142,5484.4617721519,9226.502278481013,9332.442531645573,9265.436962025318,8752.796962025317,361318.2227848102,2875.9048101265826,7781.68101265823,4159.567594936709,20029.218227848105,9308.00506329114,114486.90835443039,892065.2597468356,0.007455957961240735,0.004398804284545971,0.0036749187058899,0.004027484716942643,0.0033298202859401898,0.0005223689017958961,0.004062466347186489,0.015176968633444565,225059.22808361123,124591.65823434014,164295.74222501967,161307.4532185998,130085.68809994693,17415.985604788984,47798.97380198086,661830.8762517767,220061.49577820546,121474.29411030869,159888.91735145447,156504.34725387534,114873.86124119937,40.96202770325664,22080.533047956076,576246.3355859708,0.0,0.0,0.0,0.0,0.0,0.0,0.0,0.0,0.002383858333863091,0.001133105542211494,0.0023838752938237545,0.0023619865527936094,0.002387696659288378,0.002234069822101149,0.09049552528299648,0.0008810250994452109,0.0019183706081707071,0.0009543943103591314,0.005013276491453032,0.0023828966488556834,0.02396831979864668,0.22024864466803235,0.0014039239570207008,0.0007210732705608257,0.0017302168926744605,0.0015979285848983955,0.0016584586540235294,0.0012928448864612506,0.05104909851737689,0.0004315718148627451,0.001092808561882353,0.0005717952153389355,0.00281053111567507,0.0013697749622893476,0.015004612827244817,0.11857028656271407
2026-08-19 22:11:43.312000036,9433.139240506329,5484.4617721519,9229.6617721519,9315.284050632912,9285.393417721518,8752.796962025317,361346.08405063296,2875.9048101265826,7781.68101265823,4159.567594936709,20029.218227848105,9308.00506329114,114103.86227848101,892852.3443037976,0.007408317851010365,0.004398804284545971,0.0036749187058899,0.004027484716942643,0.0033210429317496156,0.0005309846409078867,0.004041124897660011,0.015110044946530966,223621.20409125477,124591.65823434014,164295.74222501967,161307.4532185998,124283.59398871216,17370.14843956984,49471.35938409281,658920.1309799522,218655.40497527536,121474.29411030869,159888.91735145447,156504.34725387534,108700.49274578462,40.85004234254666,22843.220576899388,573689.6167467757,0.0,0.0,0.0,0.0,0.0,0.0,0.0,0.0,0.0023906574555106,0.0011363259071540232,0.0023906640294559384,0.002368706969460276,0.00239450672921175,0.002240418641066667,0.0907502125907616,0.0008835288120888889,0.001923783867640404,0.0009571065249185185,0.005027383397703032,0.0023896684065185187,0.0240500781550425,0.2208693480165172,0.0014136298118306147,0.0007210872120896358,0.0017513792660892044,0.0016154287511679897,0.001680769516774467,0.0012928448864612506,0.05117045727050108,0.0004315718148627451,0.001092808561882353,0.0005717952153389355,0.00281053111567507,0.0013697749622893476,0.015045900093261101,0.11885018823868607
2026-08-19 22:11:58.312000036,9433.139240506329,5460.1701265822785,9229.6617721519,9315.284050632912,9285.393417721518,8766.452658227849,361417.82582278486,2878.6025316455693,7784.849620253165,4149.250632911394,20089.53417721519,9312.328101265824,114035.68101265823,892850.1782278483,0.007394870470092609,0.004398804284545971,0.0036749187058899,0.004027484716942643,0.0033210429317496156,0.0005309846409078867,0.004041124897660011,0.014987380957468698,218851.46965209756,124591.65823434014,164295.74222501967,161307.4532185998,124283.59398871216,17370.14843956984,49471.35938409281,643815.2891170016,213991.6652186334,121474.29411030869,159888.91735145447,156504.34725387534,108700.49274578462,40.85004234254666,22843.220576899388,559100.7467176813,0.0,0.0,0.0,0.0,0.0,0.0,0.0,0.0,0.00239745657715811,0.0011395462720965516,0.0023974527650881226,0.0023754273861269423,0.0024013167991351215,0.002246767460032184,0.09100489989852677,0.0008860325247325671,0.0019291971271101012,0.0009598187394779056,0.005041490303953031,0.0023964401641813535,0.024131836511438323,0.221490051365002,0.0014136298118306147,0.0007246210349081287,0.0017513792660892044,0.0016154287511679897,0.001680769516774467,0.0013028321968202928,0.05132868666444444,0.00043209476873949583,0.0010996236584873947,0.0005741280453781514,0.0028296628431540615,0.0013787956106011635,0.015097015821083658,0.11917555882647757
2026-08-19 22:12:13.312000036,9431.741772151896,5460.1701265822785,9230.776708860758,9284.901265822786,9299.340759493674,8766.452658227849,361425.7336708861,2878.6025316455693,7784.849620253165,4149.250632911394,20089.53417721519,9312.328101265824,113615.54430379748,893232.1124050634,0.007313268083221307,0.004369146799443016,0.0036749187058899,0.004027484716942643,0.0033210429317496156,0.0005309846409078867,0.004041124897660011,0.014749880535820787,226922.07750625565,121367.6999029495,164295.74222501967,161307.4532185998,124283.59398871216,17370.14843956984,49471.35938409281,646702.41895179,222022.92774606406,118331.0013080721,159888.91735145447,156504.34725387534,108700.49274578462,40.85004234254666,22843.220576899388,561459.8437716137,0.0,0.0,0.0,0.0,0.0,0.0,0.0,0.0,0.002403941372646464,0.0011403677454131312,0.002404192851838384,0.0023798080869018292,0.0024099750005101006,0.002254105048045454,0.09126454131141272,0.0008869743454656565,0.001935524904655181,0.0009614203932909091,0.005063602201447192,0.00240319777609899,0.024113186350143916,0.2221642964345928,0.00142478346217825,0.0007246333431932772,0.0017760838506666661,0.0016329997126735135,0.001701362139008746,0.0013028321968202928,0.051451936080234045,0.00043209476873949583,0.0010996236584873947,0.0005741280453781514,0.0028296628431540615,0.0013787956106011635,0.015138907322597076,0.11943159231586639
2026-08-19 22:12:28.312000036,9431.741772151896,5432.023291139241,9230.776708860758,9284.901265822786,9299.340759493674,8772.003037974684,361437.186835443,2887.3063291139233,7777.178734177215,4134.5437974683555,20143.379240506332,9314.014177215191,113536.14987341773,892930.3746835444,0.007313268083221307,0.004369146799443016,0.0035737729065742825,0.003995069211845187,0.0033210429317496156,0.0005309846409078867,0.004041124897660011,0.014686389878154934,226922.07750625565,121367.6999029495,155493.113780522,161092.1423914175,124283.59398871216,17370.14843956984,49471.35938409281,640475.8900275162,222022.92774606406,118331.0013080721,151337.48006615412,150359.4565216933,108700.49274578462,40.85004234254666,22843.220576899388,555504.1650966697,0.0,0.0,0.0,0.0,0.0,0.0,0.0,0.0,0.00241073960654798,0.0011435813457919195,0.0024109814503232322,0.0023865218738336478,0.0024167903082752524,0.002260456653159091,0.0915192424687161,0.0008894736570186871,0.0019409407267525593,0.0009641294785181818,0.005077731538525842,0.0024099694939020205,0.024194365113323846,0.2227851501546302,0.00142478346217825,0.0007274954082735819,0.0017760838506666661,0.0016329997126735135,0.001701362139008746,0.001312567837867647,0.051605834567250534,0.00043201564289075615,0.001106108888072829,0.000575624847439776,0.0028456650726050425,0.0013874462638655462,0.015188069735228531,0.11973570127507632
2026-08-19 22:12:43.312000036,9433.47341772152,5432.023291139241,9245.677974683544,9263.182784810124,9305.838987341773,8772.003037974684,361459.02379746834,2887.3063291139233,7777.178734177215,4134.5437974683555,20143.379240506332,9314.014177215191,113156.85265822786,893742.7108860761,0.007313268083221307,0.004236180160256167,0.0036630817393185798,0.003995069211845187,0.0033210429317496156,0.0005309846409078867,0.0040144083431038965,0.0146472849245938,226922.07750625565,123140.53163679974,159378.89747594605,161092.1423914175,124283.59398871216,17370.14843956984,48005.24400504127,644016.7645597784,222022.92774606406,120040.79148063036,155119.4141869003,150359.4565216933,108700.49274578462,40.85004234254666,22166.24712373757,558138.1303871087,0.0,0.0,0.0,0.0,0.0,0.0,0.0,0.0,0.002417537840449495,0.001146794946170707,0.002417770048808081,0.002393235660765466,0.0024236056160404037,0.002266808258272727,0.09177394362601947,0.0008919729685717171,0.001946356548849938,0.0009668385637454542,0.005091860875604494,0.0024167412117050507,0.02427554387650378,0.22340600387466766,0.0014359201247757716,0.000727506064302521,0.0017994200559267298,0.0016519022449069344,0.0017231654985705625,0.001312567837867647,0.051728804765181435,0.00043201564289075615,0.001106108888072829,0.000575624847439776,0.0028456650726050425,0.0013874462638655462,0.015229985527905323,0.12000661750484179
2026-08-19 22:12:58.312000036,9433.47341772152,5403.0774683544305,9245.677974683544,9263.182784810124,9305.838987341773,8775.818734177214,361490.89215189876,2890.581265822785,7772.400000000001,4118.919493670886,20201.067341772155,9326.667341772154,113013.14430379748,893860.0313924052,0.007313268083221307,0.0042634671206546685,0.003636666872754738,0.003980627259349167,0.003240174097242908,0.0005341232819518803,0.0040144083431038965,0.014578108300397501,226922.07750625565,123933.72991522722,152870.80309927635,167324.4640266886,121257.23461886293,19594.405664759077,48005.24400504127,639652.5673242105,222022.92774606406,120814.02307121943,148785.2993198661,156161.83649021015,106053.58864387788,39.491003355192674,22166.24712373757,554340.9576367841,0.0,0.0,0.0,0.0,0.0,0.0,0.0,0.0,0.00242433607435101,0.001150008546549495,0.0024245586472929287,0.002399949447697284,0.002430420923805555,0.0022731598633863636,0.09202864478332284,0.0008944722801247474,0.0019517723709473159,0.0009695476489727273,0.005105990212683147,0.002423512929508081,0.02435672263968371,0.2240268575947051,0.0014359201247757716,0.0007308680318406641,0.0017994200559267298,0.0016519022449069344,0.0017231654985705625,0.0013229603663358173,0.05188379320701213,0.0004321364941960784,0.0011130316752941175,0.0005772902128627451,0.00286664712859944,0.001396171604411189,0.01527794789756167,0.12034795660795652
2026-08-19 22:13:13.312000036,9449.112911392403,5403.0774683544305,9251.73873417722,9243.047088607596,9296.576202531647,8775.818734177214,361505.3043037975,2890.581265822785,7772.400000000001,4118.919493670886,20201.067341772155,9326.667341772154,112601.97873417722,894273.3721518988,0.007313268083221307,0.004365913663760367,0.003636666872754738,0.003980627259349167,0.003304310927011529,0.0005249755548382743,0.004006094257795894,0.014526567516634404,226922.07750625565,126911.72454839814,152870.80309927635,167324.4640266886,118826.49304708822,17181.43703185346,49400.18074787152,637357.0691359299,222022.92774606406,123717.05449425477,148785.2993198661,156161.83649021015,103924.61449544957,40.31144055214012,22778.833614926974,552517.3721075909,0.0,0.0,0.0,0.0,0.0,0.0,0.0,0.0,0.002430079000187765,0.001150049225314357,0.002431959612326592,0.00240466967213321,0.00243687626339975,0.0022791813923835206,0.09228042576840197,0.0008952330243066168,0.001957939458940247,0.0009702549544289637,0.005129541656288396,0.0024290501773752814,0.024333986000773987,0.22471890044890466,0.0014478589429424303,0.0007308738911372547,0.0018250364288655459,0.0016706685913936892,0.0017454116162464982,0.0013229603663358173,0.0520077151601027,0.0004321364941960784,0.0011130316752941175,0.0005772902128627451,0.00286664712859944,0.001396171604411189,0.015321410874360925,0.12061761313655678
2026-08-19 22:13:28.312000036,9449.112911392403,5374.411139240506,9251.73873417722,9243.047088607596,9296.576202531647,8785.755949367089,361538.74632911396,2895.961518987342,7768.58430379747,4101.116962025317,20223.241518987343,9335.38329113924,112430.52151898736,893679.4784810127,0.007137211193478273,0.004365913663760367,0.003636666872754738,0.003980627259349167,0.0033000903623407506,0.0005382146576600843,0.004006094257795894,0.0144012057862599,217786.17500037886,126911.72454839814,152870.80309927635,167324.4640266886,123341.90348183403,17614.727323934272,49400.18074787152,633347.9499880531,213086.4361321519,123717.05449425477,148785.2993198661,156161.83649021015,107940.94462728593,41.328035137252705,22778.833614926974,549231.479372245,0.0,0.0,0.0,0.0,0.0,0.0,0.0,0.0,0.002436874280150312,0.001153253979996005,0.0024387499269333335,0.002411377873444072,0.0024436905630252186,0.0022855320777767788,0.09253511884803159,0.0008977274915350809,0.0019633573626439507,0.0009729584619196001,0.005143697101658766,0.0024358184554651684,0.024414594527541304,0.2253399517109417,0.0014478589429424303,0.0007345640620893038,0.0018250364288655459,0.0016706685913936892,0.0017454116162464982,0.0013331344457504519,0.05216334442984624,0.0004338911433445377,0.0011198537113445374,0.0005798749049747897,0.0028849861009411764,0.0014052211633243385,0.01537074322390715,0.12091239212350312
2026-08-19 22:13:43.312000036,9476.570126582279,5374.411139240506,9262.572151898736,9228.10936708861,9301.108860759496,8785.755949367089,361601.25569620257,2895.961518987342,7768.58430379747,4101.116962025317,20223.241518987343,9335.38329113924,112036.35341772153,894162.5012658228,0.007137211193478273,0.004333367572132482,0.003636666872754738,0.003954255574101135,0.0033000903623407506,0.0005382146576600843,0.004006094257795894,0.014167032126612012,217786.17500037886,122808.08923863083,152870.80309927635,161874.66082445587,123341.90348183403,17614.727323934272,49400.18074787152,628166.0049164959,213086.4361321519,119716.8946985016,148785.2993198661,151076.7621540113,107940.94462728593,41.328035137252705,22778.833614926974,543618.1182168392,0.0,0.0,0.0,0.0,0.0,0.0,0.0,0.0,0.0024436695601128587,0.0011564587346776527,0.002445540241540075,0.002418086074754934,0.002450504862650686,0.0022918827631700374,0.09278981192766123,0.0009002219587635455,0.0019687752663476543,0.000975661969410237,0.005157852547029136,0.0024425867335550557,0.024495203054308617,0.22596100297297875,0.0014607497210218485,0.0007345699535798317,0.0018512480672268907,0.0016910592364465784,0.001768312583384343,0.0013331344457504519,0.0522898398255126,0.0004338911433445377,0.0011198537113445374,0.0005798749049747897,0.0028849861009411764,0.0014052211633243385,0.015416669745434031,0.1211846283877344
2026-08-19 22:13:58.312000036,9476.570126582279,5342.3635443037965,9262.572151898736,9228.10936708861,9301.108860759496,8805.964556962026,361651.17569620255,2896.2926582278483,7758.3220253164545,4085.8632911392415,20251.248607594935,9360.607594936708,111876.63189873418,894181.1392405063,0.006879650248599597,0.004333367572132482,0.003636666872754738,0.003954255574101135,0.0033000903623407506,0.0005382146576600843,0.003979847665268017,0.014178317963689091,207065.20369087593,122808.08923863083,152870.80309927635,161874.66082445587,123341.90348183403,17614.727323934272,47829.11548118565,631321.3842282379,202610.2906856953,119716.8946985016,148785.2993198661,151076.7621540113,107940.94462728593,41.328035137252705,22054.40237264715,546825.4969507743,0.0,0.0,0.0,0.0,0.0,0.0,0.0,0.0,0.002450464840075406,0.0011596634893593007,0.0024523305561468165,0.002424794276065795,0.0024573191622761547,0.0022982334485632957,0.09304450500729086,0.00090271642599201,0.001974193170051358,0.0009783654769008737,0.005172007992399506,0.002449355011644944,0.02457581158107593,0.2265820542350158,0.0014607497210218485,0.0007378263112062908,0.0018512480672268907,0.0016910592364465784,0.001768312583384343,0.0013446406530000536,0.05244844075291876,0.0004353849314957982,0.0011260825254901957,0.0005826929729971989,0.0029037288627563017,0.0014154648288425044,0.015470527969791061,0.12153744465019929
2026-08-19 22:14:13.312000036,9476.90734177215,5342.3635443037965,9261.080506329115,9223.692151898733,9313.236455696204,8805.964556962026,361690.2713924051,2896.2926582278483,7758.3220253164545,4085.8632911392415,20251.248607594935,9360.607594936708,111451.42481012658,894540.4891139241,0.007035020710319908,0.004333367572132482,0.0035422601147767807,0.003954255574101135,0.0033000903623407506,0.0005382146576600842,0.00385655444654126,0.014082014480042853,211741.57750947386,122808.08923863083,155092.61380957242,161874.66082445587,123341.90348183403,17614.72732393427,48807.557254734245,622340.7597427575,207186.0544637349,119716.8946985016,150917.74641801455,151076.7621540113,107940.94462728593,41.3280351372527,22496.21513018642,538481.7879881742,0.0,0.0,0.0,0.0,0.0,0.0,0.0,0.0,0.0024596282305866667,0.0011596519765491354,0.002459049222574815,0.002430701182341673,0.0024626219770587654,0.0023060050316869134,0.09330383706231404,0.0009034046521906172,0.001979105886860073,0.0009794866976325924,0.005190491840153358,0.002457180926238024,0.024560397919845284,0.22723064651015187,0.0014721462338583673,0.000737832234890756,0.0018753656811842875,0.001710648715184227,0.001793243816470588,0.0013446406530000536,0.052571768637130395,0.0004353849314957982,0.0011260825254901957,0.0005826929729971989,0.0029037288627563017,0.0014154648288425044,0.01551210075747789,0.1217777392455592
2026-08-19 22:14:28.312000036,9476.90734177215,5309.921012658228,9261.080506329115,9223.692151898733,9313.236455696204,8825.93012658228,361715.15240506333,2898.2369620253166,7743.4511392405075,4068.653164556963,20262.713924050637,9374.995443037975,111307.54329113926,894253.9169620253,0.007035020710319908,0.004333367572132482,0.0035986059489220663,0.0039456208444666055,0.0033000903623407506,0.0005382146576600842,0.003963527643965174,0.01402826614937162,211741.57750947386,122808.08923863083,152153.94110019348,154444.5696648582,123341.90348183403,17614.72732393427,50161.38241923367,617339.9361388143,207186.0544637349,119716.8946985016,148058.60856661422,143629.3397855927,107940.94462728593,41.3280351372527,23120.21567154285,533318.5520569532,0.0,0.0,0.0,0.0,0.0,0.0,0.0,0.0,0.002466430075031111,0.0011628478635861727,0.0024658393392414817,0.0024374071638231538,0.0024694320890958025,0.002312359632612839,0.09355854284711257,0.0009058941420054321,0.001984522406090842,0.0009821858448548146,0.005204659148761417,0.002463952118830617,0.024640476044140075,0.22785177361546324,0.0014721462338583673,0.0007410888948498888,0.0018753656811842875,0.001710648715184227,0.001793243816470588,0.0013549249063477696,0.05272476303312791,0.0004365104724369747,0.0011318960351540618,0.0005847719131932773,0.002921310671372549,0.0014251300523809524,0.01556062674350607,0.12209456617879395
2026-08-19 22:14:43.312000036,9482.600506329112,5309.921012658228,9271.652658227851,9209.146329113924,9322.347341772153,8825.93012658228,361741.29417721526,2898.2369620253166,7743.4511392405075,4068.653164556963,20262.713924050637,9374.995443037975,110928.20962025317,895261.6526582278,0.007035020710319908,0.004237427231725663,0.0035986059489220663,0.0039456208444666055,0.0032195850429619904,0.0005246997198262235,0.003963527643965174,0.013982301397122886,211741.57750947386,116156.8535990801,152153.94110019348,154444.5696648582,120332.99213628343,17172.409484099942,50161.38241923367,617312.388563476,207186.0544637349,113340.17723467159,148058.60856661422,143629.3397855927,105307.7378762135,40.29025993413228,23120.21567154285,530628.9859858082,0.0,0.0,0.0,0.0,0.0,0.0,0.0,0.0,0.0024732319194755554,0.0011660437506232095,0.0024726294559081485,0.002444113145304636,0.0024762422011328396,0.0023187142335387655,0.0938132486319111,0.0009083836318202467,0.001989938925321611,0.000984884992077037,0.005218826457369475,0.0024707233114232095,0.02472055416843487,0.2284729007207746,0.0014840474185756724,0.0007410948507282914,0.0018994365495758774,0.0017307993670588233,0.0018161824805602235,0.0013549249063477696,0.05284494381112728,0.0004365104724369747,0.0011318960351540618,0.0005847719131932773,0.002921310671372549,0.0014251300523809524,0.015602253092596165,0.12239242635899567
2026-08-19 22:14:58.312000036,9482.600506329112,5276.670379746836,9271.652658227851,9209.146329113924,9322.347341772153,8841.764050632912,361790.3696202532,2901.1321518987347,7741.916962025319,4050.5377215189883,20282.63392405063,9413.392405063294,110807.18582278481,895574.9832911392,0.006886262429253923,0.004338363321618737,0.0035986059489220654,0.0039456208444666055,0.0032749246723989558,0.0005329972701501269,0.003963527643965174,0.013872055376397264,213665.99998047066,118923.7255653507,152153.94110019345,154444.5696648582,121474.57879865714,17279.003740363434,50161.38241923367,609541.9235112318,208920.37847850352,116039.95558890585,148058.6085666142,143629.3397855927,106132.02418263447,40.544489494833606,23120.21567154285,523588.23075631715,0.0,0.0,0.0,0.0,0.0,0.0,0.0,0.0,0.0024800337639199997,0.0011692396376602467,0.002479419572574815,0.0024508191267861167,0.0024830523131698767,0.002325068834464691,0.09406795441670963,0.0009108731216350617,0.0019953554445523805,0.000987584139299259,0.005232993765977533,0.0024774945040158015,0.024800632292729663,0.22909402782608593,0.0014840474185756724,0.000744426212500412,0.0018994365495758774,0.0017307993670588233,0.0018161824805602235,0.001365299471570615,0.05300151087152629,0.000438055500235294,0.0011385714407394958,0.0005871687805042016,0.0029405401329411765,0.001438409411351964,0.01565366906346039,0.12277024454398588
2026-08-19 22:15:13.312000036,9495.469367088608,5276.670379746836,9273.007594936707,9214.75443037975,9339.782278481016,8841.764050632912,361852.58430379746,2901.1321518987347,7741.916962025319,4050.5377215189883,20282.63392405063,9413.392405063294,110469.12607594937,896100.0151898734,0.006886262429253923,0.004273160760598139,0.0035986059489220654,0.0039456208444666055,0.0032749246723989558,0.0005329972701501269,0.003963527643965174,0.013759344299073576,213665.99998047066,113754.4766628404,152153.94110019345,154444.5696648582,121474.57879865714,17279.003740363434,50161.38241923367,602167.2974733139,208920.37847850352,110996.5253696205,148058.6085666142,143629.3397855927,106132.02418263447,40.544489494833606,23120.21567154285,516107.4015478181,0.0,0.0,0.0,0.0,0.0,0.0,0.0,0.0,0.0024864358984341877,0.0011691107427653235,0.0024849034302495726,0.0024561233033704604,0.0024916387788893775,0.0023326066773352865,0.09432109816517874,0.0009114227182349206,0.0019996314756212563,0.0009888215266676433,0.005250589582485024,0.0024871334963086685,0.02478102301676871,0.2298371112420947,0.0014957066727603122,0.0007444304821512603,0.0019226799103721482,0.0017516137881034763,0.0018392066808914866,0.001365299471570615,0.05312080865535076,0.000438055500235294,0.0011385714407394958,0.0005871687805042016,0.0029405401329411765,0.001438409411351964,0.01569469141056226,0.12300966582763898
2026-08-19 22:15:28.312000036,9495.469367088608,5243.258734177216,9273.007594936707,9214.75443037975,9339.782278481016,8853.937215189873,361874.50025316456,2902.839493670885,7735.455189873417,4030.8881012658217,20249.10683544304,9436.590379746838,110315.7053164557,896238.5346835443,0.006886262429253923,0.004273160760598139,0.0035986059489220654,0.003841863219860066,0.0032749246723989558,0.0005329972701501269,0.003942545960725996,0.013631095461672377,213665.99998047066,113754.4766628404,152153.94110019345,150383.15517180614,121474.57879865714,17279.003740363434,48199.367189394325,589470.3181630801,208920.37847850352,110996.5253696205,148058.6085666142,139852.33238741392,106132.02418263447,40.544489494833606,22216.82787016469,504242.5845351162,0.0,0.0,0.0,0.0,0.0,0.0,0.0,0.0,0.0024932366502656896,0.0011722975632781445,0.0024916899677953604,0.002462825443480351,0.002498453759658608,0.002338964503342613,0.09457579973220771,0.0009139069206158731,0.0020050449031574886,0.0009915166896713064,0.005264766186651691,0.002493912505466178,0.024860577343074747,0.23045856918955843,0.0014957066727603122,0.0007482580301559442,0.0019226799103721482,0.0017516137881034763,0.0018392066808914866,0.0013758566037498634,0.05327652671116962,0.00043992767761904747,0.0011443094488571427,0.0005897373931428571,0.0029565761971428565,0.0014504277673980995,0.015745005282594513,0.12335273100968311
2026-08-19 22:15:43.312000036,9509.207088607598,5243.258734177216,9285.988860759497,9221.687088607594,9357.369113924053,8853.937215189873,361957.8835443038,2902.839493670885,7735.455189873417,4030.8881012658217,20249.10683544304,9436.590379746838,110002.33518987343,896956.9215189874,0.006898284599890793,0.004273160760598139,0.0035748922456643973,0.0037923041604040037,0.0032749246723989558,0.0005329972701501269,0.003942545960725996,0.013612861746126208,206649.7296968022,113754.4766628404,146955.42024086238,144987.96965174147,121474.57879865714,17279.003740363434,48199.367189394325,583966.7516007079,202080.77711010634,110996.5253696205,143000.0096274632,134451.8461516523,106132.02418263447,40.544489494833606,22216.82787016469,499391.19480004435,0.0,0.0,0.0,0.0,0.0,0.0,0.0,0.0,0.0025000374020971916,0.0011754843837909648,0.0024984765053411477,0.0024695275835902412,0.0025052687404278386,0.002345322329349939,0.0948305012992367,0.0009163911229968255,0.00201045833069372,0.0009942118526749695,0.005278942790818356,0.002500691514623687,0.02494013166938078,0.2310800271370222,0.001507485638580003,0.0007482623227619045,0.0019492436052728562,0.0017730310480638986,0.0018652815440871732,0.0013758566037498634,0.05340102689148085,0.00043992767761904747,0.0011443094488571427,0.0005897373931428571,0.0029565761971428565,0.0014504277673980995,0.015789500903367514,0.12363038812976625
2026-08-19 22:15:58.312000036,9509.207088607598,5206.65417721519,9285.988860759497,9221.687088607594,9357.369113924053,8874.455696202533,362027.68405063293,2902.2379746835454,7734.461772151902,4018.4567088607605,20247.95848101266,9463.613164556962,109837.52506329115,897028.3291139241,0.006898284599890793,0.004273160760598139,0.0034506027708830302,0.003889282260497032,0.0032749246723989558,0.0005329972701501269,0.003942545960725996,0.013509059172371081,206649.7296968022,113754.4766628404,149067.07554089656,148695.65164096083,121474.57879865714,17279.003740363434,48199.367189394325,581670.229932054,202080.77711010634,110996.5253696205,145028.15279245272,137890.09478421934,106132.02418263447,40.544489494833606,22216.82787016469,497530.447770951,0.0,0.0,0.0,0.0,0.0,0.0,0.0,0.0,0.0025068381539286935,0.0011786712043037853,0.002505263042886935,0.002476229723700131,0.0025120837211970695,0.002351680155357265,0.09508520286626569,0.000918875325377778,0.0020158717582299517,0.0009969070156786324,0.005293119394985024,0.0025074705237811967,0.025019685995686814,0.231701485084486,0.001507485638580003,0.0007516916026013923,0.0019492436052728562,0.0017730310480638986,0.0018652815440871732,0.0013874556589619374,0.05355923253403484,0.00044181048692436964,0.0011500594523697477,0.0005927843629803922,0.002975196087809524,0.001463090768460173,0.015841992384248754,0.12396388587331247
2026-08-19 22:16:13.312000036,9527.362025316457,5206.65417721519,9295.774177215191,9228.35240506329,9363.682025316457,8874.455696202533,362092.4962025317,2902.2379746835454,7734.461772151902,4018.4567088607605,20247.95848101266,9463.613164556962,109543.89265822785,897451.2789873418,0.006898284599890793,0.004273160760598139,0.0035493196747810136,0.003889282260497032,0.0032749246723989558,0.0005298497219964583,0.003949889063732776,0.013394855066616184,206649.7296968022,113754.4766628404,153331.67542318275,148695.65164096083,121474.57879865714,18004.65402508581,49474.593633260825,579976.038516859,202080.77711010634,110996.5253696205,149177.20476172672,137890.09478421934,106132.02418263447,38.58140148232673,22803.66329426226,496368.753469432,0.0,0.0,0.0,0.0,0.0,0.0,0.0,0.0,0.0025150156932811597,0.0011786705315932366,0.002511732598652174,0.00248303307122616,0.0025200432518405797,0.002359088677142029,0.09534569551087502,0.0009195308145043476,0.0020202519872411,0.0009990764335893719,0.005309122103750539,0.0025174141336444444,0.02500545973677698,0.23241028661513688,0.0015201340953484165,0.0007516959181624648,0.001975646126070916,0.0017945276756974784,0.0018892027187152195,0.0013874556589619374,0.053680680241466536,0.00044181048692436964,0.0011500594523697477,0.0005927843629803922,0.002975196087809524,0.001463090768460173,0.015884115923276508,0.12418797386742426
2026-08-19 22:16:28.312000036,9527.362025316457,5167.154430379747,9295.774177215191,9228.35240506329,9363.682025316457,8884.250126582276,362117.62329113926,2901.6425316455707,7734.908354430379,4002.1762025316457,20193.846075949365,9480.312911392404,109352.59746835443,897324.6774683545,0.006752390413510494,0.004152718477532162,0.0035493196747810136,0.003889282260497032,0.003178094201067906,0.0005298497219964583,0.003949889063732776,0.01336482917738944,199086.96665413553,110806.75078564223,153331.67542318275,148695.65164096083,112144.29343627629,18004.65402508581,49474.593633260825,578131.9728925385,194685.22408904025,107985.15321686419,149177.20476172672,137890.09478421934,96775.50563496129,38.58140148232673,22803.66329426226,498687.9181068038,0.0,0.0,0.0,0.0,0.0,0.0,0.0,0.0,0.0025218201796942032,0.0011818487535135266,0.0025185182780000006,0.0024897354860812324,0.0025268613360797105,0.002365449348337681,0.09560041260675317,0.0009220100862434782,0.0020256626440511355,0.0010017701790603867,0.00532330360643871,0.002524201675311111,0.025084522062997206,0.23303197901298636,0.0015201340953484165,0.0007552431884249917,0.001975646126070916,0.0017945276756974784,0.0018892027187152195,0.001398607844570986,0.053836383478936815,0.000443492030117647,0.0011566825941176468,0.0005952833417647057,0.0029902814908011202,0.001474851420967179,0.015930715760959748,0.12448781469065069
2026-08-19 22:16:43.312000036,9524.153924050632,5167.154430379747,9309.448101265825,9226.186329113925,9365.62329113924,8884.250126582276,362155.18784810125,2901.6425316455707,7734.908354430379,4002.1762025316457,20193.846075949365,9480.312911392404,109020.41316455697,897772.8182278482,0.006752390413510494,0.004216094230846527,0.0035493196747810136,0.003889282260497032,0.0031867954776517915,0.000526746532388725,0.003949889063732776,0.013257190883710626,199086.96665413553,109979.70407159324,153331.67542318275,148695.65164096083,112451.33232586161,17202.495471718972,49474.593633260825,567738.1597954195,194685.22408904025,107179.16652831978,149177.20476172672,137890.09478421934,97040.46645355257,36.85872920172415,22803.66329426226,494389.56044209044,0.0,0.0,0.0,0.0,0.0,0.0,0.0,0.0,0.002528624666107246,0.0011850269754338162,0.002525303957347826,0.002496437900936305,0.0025336794203188405,0.0023718100195333335,0.0958551297026313,0.0009244893579826085,0.0020310733008611715,0.0010044639245314008,0.005337485109126882,0.0025309892169777777,0.025163584389217432,0.23365367141083582,0.0015310726988477861,0.0007552475269411763,0.0020050736482290685,0.00181699950955946,0.0019137454943669143,0.001398607844570986,0.05395894307830688,0.000443492030117647,0.0011566825941176468,0.0005952833417647057,0.0029902814908011202,0.001474851420967179,0.015972892349050066,0.12474146289086085
2026-08-19 22:16:58.312000036,9524.153924050632,5131.758987341774,9309.448101265825,9226.186329113925,9365.62329113924,8888.600506329112,362191.93518987345,2901.7215189873427,7736.992405063291,3989.0308860759496,20156.387848101273,9492.789873417723,108851.92405063292,898137.1412658228,0.006752390413510494,0.004216094230846527,0.0035493196747810136,0.003889282260497032,0.0032470922803984736,0.000526746532388725,0.003926771864134796,0.013175039571157189,199086.96665413553,109979.70407159324,153331.67542318275,148695.65164096083,109563.85524768854,17202.495471718972,47430.86386734421,563649.5565377625,194685.22408904025,107179.16652831978,149177.20476172672,137890.09478421934,94548.70297912892,36.85872920172415,21861.67424445039,490667.13975017954,0.0,0.0,0.0,0.0,0.0,0.0,0.0,0.0,0.0025354291525202903,0.0011882051973541063,0.0025320896366956523,0.0025031403157913775,0.002540497504557971,0.0023781706907289855,0.09610984679850942,0.0009269686297217391,0.002036483957671207,0.0010071576700024154,0.005351666611815054,0.0025377767586444444,0.02524264671543765,0.2342753638086853,0.0015310726988477861,0.0007588746534520328,0.0020050736482290685,0.00181699950955946,0.0019137454943669143,0.0014102748522054646,0.054114947192075935,0.0004460617620728292,0.0011631698102521006,0.000598432386610644,0.003007771777058823,0.001485367985503206,0.01602185838727946,0.1250754403443975
2026-08-19 22:17:13.312000036,9514.046582278483,5131.758987341774,9310.271392405064,9237.536202531646,9361.285063291143,8888.600506329112,362213.60506329115,2901.7215189873427,7736.992405063291,3989.0308860759496,20156.387848101273,9492.789873417723,108502.05873417722,898413.0015189874,0.0066290339798434446,0.004216094230846527,0.0035493196747810136,0.0038616622080863317,0.0032470922803984736,0.000526746532388725,0.0039009944971246384,0.013061174904955414,203055.6624030716,109979.70407159324,153331.67542318275,148908.44029861418,109563.85524768854,17202.495471718972,49512.085948010026,560351.6534842231,198527.26594998135,107179.16652831978,149177.20476172672,138202.4921515811,94548.70297912892,36.85872920172415,22813.236049397157,487865.0913716866,0.0,0.0,0.0,0.0,0.0,0.0,0.0,0.0,0.0025434222490743133,0.0011884068133428914,0.0025386957955784947,0.0025088853469129187,0.0025445548652712068,0.002383494874427718,0.09636255187743831,0.000927572032813381,0.00204257621066383,0.001009235691143608,0.005365343931549882,0.0025449642138676218,0.025220007429205334,0.2348739722054118,0.001542586097928332,0.0007588754394957982,0.002032948157773109,0.0018410055891202193,0.001939396708326967,0.0014102748522054646,0.054237656981386856,0.0004460617620728292,0.0011631698102521006,0.000598432386610644,0.003007771777058823,0.001485367985503206,0.016064782129804427,0.1253222828067604
2026-08-19 22:17:28.312000036,9514.046582278483,5095.227341772151,9310.271392405064,9237.536202531646,9361.285063291143,8902.462784810126,362192.95291139244,2902.3443037974694,7707.4177215189875,3973.6982278481014,20096.181265822786,9496.280506329114,108273.1382278481,899103.3053164558,0.0066290339798434446,0.004216094230846527,0.003526446705483016,0.0037548259347798536,0.0032470922803984736,0.000526746532388725,0.0039009944971246384,0.013028825564303306,203055.6624030716,109979.70407159324,146647.24755455737,150971.19204757756,109563.85524768854,17202.495471718972,49512.085948010026,558985.7707410626,198527.26594998135,107179.16652831978,142673.88923921104,140051.13514813097,94548.70297912892,36.85872920172415,22813.236049397157,485451.56968237774,0.0,0.0,0.0,0.0,0.0,0.0,0.0,0.0,0.0025502299255976105,0.0011915770911206693,0.0025454809945032264,0.0025155851945831698,0.002551365546274791,0.002389852768692951,0.09661726363541702,0.0009300463007345281,0.002047988676089362,0.0010119277941902029,0.0053795240973300235,0.002551752822290561,0.025298571260757758,0.2354956037337806,0.001542586097928332,0.000762506257516641,0.002032948157773109,0.0018410055891202193,0.001939396708326967,0.0014228026096470587,0.05438693920974914,0.00044847910368067234,0.0011663862186106439,0.0006013948892717086,0.003022287592212885,0.0014946679041536613,0.016110419758237425,0.12571712122631692
2026-08-19 22:17:43.312000036,9508.019240506328,5095.227341772151,9329.480506329115,9249.867341772151,9366.999493670886,8902.462784810126,362247.22632911394,2902.3443037974694,7707.4177215189875,3973.6982278481014,20096.181265822786,9496.280506329114,107937.07139240507,900076.590379747,0.0066290339798434446,0.004216094230846527,0.003526446705483016,0.0038464489971305163,0.0032470922803984736,0.0005280104574144986,0.0039009944971246384,0.01296471582025921,203055.6624030716,109979.70407159324,146647.24755455737,154655.10261557574,109563.85524768854,17770.56457378201,49512.085948010026,556448.8576369914,198527.26594998135,107179.16652831978,142673.88923921104,143468.5808861877,94548.70297912892,36.262758032408954,22813.236049397157,483530.1655874379,0.0,0.0,0.0,0.0,0.0,0.0,0.0,0.0,0.002557037602120908,0.0011947473688984469,0.0025522661934279573,0.002522285042253421,0.002558176227278375,0.0023962106629581838,0.09687197539339575,0.0009325205686556751,0.002053401141514894,0.001014619897236798,0.005393704263110166,0.0025585414307135006,0.025377135092310182,0.23611723526214942,0.0015545217586554624,0.0007625070476974787,0.002065855818164025,0.0018652264186433329,0.001964806468289384,0.0014228026096470587,0.054511970197649535,0.00044847910368067234,0.0011663862186106439,0.0006013948892717086,0.003022287592212885,0.0014946679041536613,0.016155863635167342,0.12601812688953876
2026-08-19 22:17:58.312000036,9508.019240506328,5061.505822784809,9329.480506329115,9249.867341772151,9366.999493670886,8906.32405063291,362287.15746835445,2902.891139240506,7707.056202531646,3964.2470886075957,20069.69924050633,9508.444556962026,107754.9630379747,900367.2698734178,0.006469083463733261,0.004216094230846527,0.0035174204765254656,0.0038464489971305163,0.0032470922803984736,0.0005302089285058491,0.0039009944971246384,0.012751679602932942,198156.1765806692,109979.70407159324,136292.9474697459,154655.10261557574,109563.85524768854,19997.612050433905,49512.085948010026,544122.9406555055,193737.04481863737,107179.16652831978,132553.61181394148,143468.5808861877,94548.70297912892,34.982265460393435,22813.236049397157,469060.26346323686,0.0,0.0,0.0,0.0,0.0,0.0,0.0,0.0,0.0025638452786442053,0.0011979176466762245,0.0025590513923526882,0.002528984889923672,0.002564986908281959,0.0024025685572234166,0.09712668715137446,0.000934994836576822,0.002058813606940426,0.0010173120002833931,0.005407884428890307,0.0025653300391364395,0.02545569892386261,0.2367388667905182,0.0015545217586554624,0.0007661441113627619,0.002065855818164025,0.0018652264186433329,0.001964806468289384,0.0014347431525621786,0.05466545890929784,0.0004510024981512604,0.0011721456285042017,0.0006047983392268908,0.0030395955075630246,0.0015028041482529854,0.016203815927017206,0.1263523842775338
2026-08-19 22:18:13.312000036,9503.295189873417,5061.505822784809,9320.44253164557,9259.752911392407,9370.310886075951,8906.32405063291,362315.8967088608,2902.891139240506,7707.056202531646,3964.2470886075957,20069.69924050633,9508.444556962026,107354.29670886077,900782.7037974684,0.006358399780612434,0.004152752365824889,0.0035174204765254656,0.0038263340160788065,0.0032470922803984736,0.0005302089285058491,0.0039009944971246384,0.012687986548377623,198588.12659658515,105446.78569513699,136292.9474697459,150549.8879650179,109563.85524768854,19997.612050433905,49512.085948010026,541463.7427922293,194078.4929547518,102761.67497721303,132553.61181394148,139658.67972793398,94548.70297912892,34.982265460393435,22813.236049397157,466986.588512992,0.0,0.0,0.0,0.0,0.0,0.0,0.0,0.0,0.0025691655199952717,0.0011986480899621747,0.0025654387623924354,0.002536781486090031,0.0025693462092756503,0.002410066358603309,0.09737453697082199,0.0009359994997569737,0.00206058378370807,0.0010197484091886524,0.005421322341855438,0.0025714427294241133,0.025437188473044228,0.23751492213640324,0.0015668032100981126,0.0007661449056806721,0.002096717302378797,0.0018887549569607848,0.0019897698497791673,0.0014347431525621786,0.05478711557149268,0.0004510024981512604,0.0011721456285042017,0.0006047983392268908,0.0030395955075630246,0.0015028041482529854,0.016245763771505287,0.12662903605629305
2026-08-19 22:18:28.312000036,9503.295189873417,5027.0582278481015,9320.44253164557,9259.752911392407,9370.310886075951,8900.111392405064,362324.37873417727,2903.9544303797475,7704.164050632914,3949.7893670886074,20044.007088607596,9517.133164556963,107150.83443037975,900659.9301265824,0.006375231409992817,0.004131481050211248,0.0035174204765254656,0.0038263340160788065,0.003238442761759243,0.0005302089285058491,0.0038763150894165956,0.012582629152645929,194354.8963368545,96756.85840361912,136292.9474697459,150549.8879650179,112287.68399610938,19997.612050433905,47836.43080674557,536923.7793742522,189941.47225383524,94311.59789290375,132553.61181394148,139658.67972793398,96836.5545908147,34.982265460393435,22041.15958477007,461937.3967300054,0.0,0.0,0.0,0.0,0.0,0.0,0.0,0.0,0.0025759692522647755,0.0012018119241820329,0.002572222906895981,0.0025434842440687543,0.0025761503865806144,0.002416427275269976,0.09762923073222549,0.0009384698889413709,0.002065986686339649,0.0010224398373801418,0.005435500560276491,0.0025782295538921978,0.02551528010698649,0.23813695931447343,0.0015668032100981126,0.0007697767443741487,0.002096717302378797,0.0018887549569607848,0.0019897698497791673,0.0014455052654485578,0.05493550279672081,0.0004531427851372548,0.0011770630111372549,0.0006078360326890753,0.003055439302991596,0.001510486440950226,0.01628998008926103,0.1269298308988235
2026-08-19 22:18:43.312000036,9506.062784810129,5027.0582278481015,9331.029873417721,9266.840506329116,9370.389873417724,8900.111392405064,362372.1994936709,2903.9544303797475,7704.164050632914,3949.7893670886074,20044.007088607596,9517.133164556963,106770.41620253165,901749.3265822786,0.006375231409992817,0.004131481050211248,0.0035174204765254656,0.0038263340160788065,0.0032184968919901327,0.0005302089285058491,0.0038763150894165956,0.012497178120201414,194354.8963368545,96756.85840361912,136292.9474697459,150549.8879650179,107099.87348976015,19997.612050433905,47836.43080674557,525339.113437055,189941.47225383524,94311.59789290375,132553.61181394148,139658.67972793398,92362.6027073446,34.982265460393435,22041.15958477007,451286.7440750425,0.0,0.0,0.0,0.0,0.0,0.0,0.0,0.0,0.002582772984534279,0.0012049757584018913,0.002579007051399527,0.0025501870020474774,0.002582954563885579,0.0024227881919366427,0.09788392449362898,0.0009409402781257683,0.002071389588971228,0.0010251312655716314,0.005449678778697543,0.002585016378360284,0.025593371740928753,0.23875899649254362,0.0015794369514869524,0.0007697775428291314,0.002131455870566408,0.0019122943609588673,0.002014175969973307,0.0014455052654485578,0.05505823942919389,0.0004531427851372548,0.0011770630111372549,0.0006078360326890753,0.003055439302991596,0.001510486440950226,0.01633273792649404,0.12723617341278942
2026-08-19 22:18:58.312000036,9506.062784810129,5009.468354430381,9331.029873417721,9266.840506329116,9370.389873417724,8902.778734177215,362409.5665822785,2907.4329113924045,7702.10430379747,3939.402531645569,20063.22227848102,9523.531139240507,106609.44911392406,902033.8055696202,0.006375231409992817,0.004131481050211248,0.003422092156832834,0.0038263340160788065,0.0032184968919901327,0.0005323435974468214,0.0038716595246352167,0.012399026144797539,194354.8963368545,96756.85840361912,138673.56747535666,150549.8879650179,107099.87348976015,20724.205539558603,49396.50386087939,523759.850303355,189941.47225383524,94311.59789290375,134842.41545242246,139658.67972793398,92362.6027073446,36.256482749402736,22739.77272133182,449263.48651893786,0.0,0.0,0.0,0.0,0.0,0.0,0.0,0.0,0.0025895767168037827,0.0012081395926217492,0.0025857911959030733,0.002556889760026201,0.0025897587411905436,0.0024291491086033093,0.0981386182550325,0.0009434106673101652,0.002076792491602807,0.0010278226937631208,0.005463856997118597,0.002591803202828369,0.025671463374871018,0.2393810336706138,0.0015794369514869524,0.000774405781904762,0.002131455870566408,0.0019122943609588673,0.002014175969973307,0.001457051324781341,0.05521294131612884,0.00045541685740056016,0.0011823670114061624,0.0006109054728851538,0.0030729010466778706,0.0015219735009328948,0.01638172862833788,0.1275799739483618
2026-08-19 22:19:13.312000036,9515.89670886076,5009.468354430381,9322.611645569623,9275.538227848103,9380.630886075951,8902.778734177215,362452.28050632915,2907.4329113924045,7702.10430379747,3939.402531645569,20063.22227848102,9523.531139240507,106227.61215189873,902540.1539240506,0.006334015902426266,0.004131481050211248,0.003480719139963118,0.0037961160934401146,0.0032184968919901327,0.0005323435974468214,0.0038716595246352167,0.012344930808725608,185078.4439531195,96756.85840361912,136381.00476299468,142411.1737574549,107099.87348976015,20724.205539558603,49396.50386087939,524761.0293891627,180900.91747467575,94311.59789290375,132613.1896573481,131514.18591706463,92362.6027073446,36.256482749402736,22739.77272133182,449514.81078184646,0.0,0.0,0.0,0.0,0.0,0.0,0.0,0.0,0.0025955095901819885,0.0012098304500509941,0.0025928865401394154,0.002563221496389963,0.002595556757503626,0.0024347388363592983,0.09839060933092778,0.0009442364304832747,0.0020810558048435187,0.0010293959769291225,0.005478255044485186,0.0025984946770264325,0.025653633503043134,0.2400847533146574,0.0015927014063047444,0.000774405781904762,0.0021634427577708975,0.001936043703829787,0.0020394860506122445,0.001457051324781341,0.05533342819231869,0.00045541685740056016,0.0011823670114061624,0.0006109054728851538,0.0030729010466778706,0.0015219735009328948,0.016424015728609524,0.127841041210691
2026-08-19 22:19:28.312000036,9515.89670886076,4978.061772151898,9322.611645569623,9275.538227848103,9380.630886075951,8900.685569620253,362467.6162025317,2910.4708860759497,7698.568101265823,3927.593924050633,20054.15392405064,9534.759493670887,106007.52607594937,902324.8951898735,0.006334015902426266,0.004131481050211248,0.003480719139963118,0.0037961160934401146,0.0031958759494292895,0.0005323435974468214,0.0038716595246352167,0.012304488909271345,185078.4439531195,96756.85840361912,136381.00476299468,142411.1737574549,99972.87545453268,20724.205539558603,49396.50386087939,529396.5147077607,180900.91747467575,94311.59789290375,132613.1896573481,131514.18591706463,85075.15408482737,36.256482749402736,22739.77272133182,454341.07083491056,0.0,0.0,0.0,0.0,0.0,0.0,0.0,0.0,0.0026023110384276026,0.0012129904333843277,0.0025996715024201172,0.0025699232806004895,0.0026023582934685376,0.002441097728464561,0.09864529608092777,0.0009467025243429238,0.002086455746683796,0.0010320844848238594,0.005492433835283797,0.0026052812524650294,0.025731269073925207,0.24070700304556017,0.0015927014063047444,0.0007780720191596638,0.0021634427577708975,0.001936043703829787,0.0020394860506122445,0.0014694675117647056,0.05548617797167755,0.00045691696033613443,0.001186686491932773,0.0006139323521008402,0.003086557529557423,0.001533637035620462,0.016471189970626996,0.12814115615904664
2026-08-19 22:19:43.312000036,9524.880000000001,4978.061772151898,9328.080000000002,9285.451139240506,9389.05518987342,8900.685569620253,362521.0967088608,2910.4708860759497,7698.568101265823,3927.593924050633,20054.15392405064,9534.759493670887,105651.37822784811,903132.1306329115,0.006334015902426266,0.004131481050211248,0.003480719139963118,0.0037706614884330035,0.0031958759494292895,0.0005334673406111291,0.0038716595246352167,0.012220232696397665,185078.4439531195,96756.85840361912,136381.00476299468,143425.72662551253,99972.87545453268,19892.760760901936,49396.50386087939,527226.6809424162,180900.91747467575,94311.59789290375,132613.1896573481,126763.59573527529,85075.15408482737,34.79884677845173,22739.77272133182,452517.07098199154,0.0,0.0,0.0,0.0,0.0,0.0,0.0,0.0,0.0026091124866732163,0.0012161504167176609,0.0026064564647008182,0.0025766250648110154,0.00260915982943345,0.0024474566205698245,0.09889998283092777,0.0009491686182025729,0.0020918556885240742,0.0010347729927185963,0.005506612626082408,0.002612067827903625,0.025808904644807274,0.24132925277646292,0.0016051075416270333,0.0007780720191596638,0.0021983473636571424,0.001961124210618956,0.00206603729210489,0.0014694675117647056,0.05560739670665421,0.00045691696033613443,0.001186686491932773,0.0006139323521008402,0.003086557529557423,0.001533637035620462,0.0165153345404612,0.1284538198608444
2026-08-19 22:19:58.312000036,9524.880000000001,4945.005569620253,9328.080000000002,9285.451139240506,9389.05518987342,8901.843037974684,362567.52607594937,2912.5974683544314,7695.153417721519,3917.267848101267,20059.394430379743,9547.692151898731,105502.84253164557,903598.4749367089,0.006183313617933925,0.00392558622474947,0.003480719139963118,0.0037706614884330035,0.0031958759494292895,0.0005334673406111291,0.0037772007113829283,0.012025683192207572,180674.95890608346,92906.55349530908,136381.00476299468,143425.72662551253,99972.87545453268,19892.760760901936,48191.35265793358,512651.86192773574,176596.82636562895,90508.47906310805,132613.1896573481,126763.59573527529,85075.15408482737,34.79884677845173,22184.979116363123,438848.8099294857,0.0,0.0,0.0,0.0,0.0,0.0,0.0,0.0,0.002615913934918831,0.0012193104000509944,0.00261324142698152,0.0025833268490215422,0.002615961365398362,0.002453815512675088,0.09915466958092778,0.0009516347120622223,0.0020972556303643516,0.001037461500613333,0.005520791416881019,0.0026188544033422224,0.025886540215689348,0.24195150250736572,0.0016051075416270333,0.0007816820908235294,0.0021983473636571424,0.001961124210618956,0.00206603729210489,0.0014823179058962616,0.05576538062377279,0.00045831794509803924,0.0011919597759999997,0.0006171649350588235,0.0031024175360504194,0.0015473214423808155,0.016567010622378208,0.12880756686011552
2026-08-19 22:20:13.312000036,9533.197974683548,4945.005569620253,9311.845063291139,9270.87493670886,9370.292658227849,8901.843037974684,362531.47443037975,2912.5974683544314,7695.153417721519,3917.267848101267,20059.394430379743,9547.692151898731,105072.68962025316,904364.1083544304,0.006182148570239816,0.004031207661535584,0.003463881348834293,0.0037706614884330035,0.0031958759494292895,0.0005334673406111291,0.003837707944878376,0.012009979001776083,176884.6201272855,95406.28808403203,132849.6998201125,143425.72662551253,99972.87545453268,19892.760760901936,49148.14315460178,517548.1079117563,172892.119353456,92943.69129706721,129177.75633972124,126763.59573527529,85075.15408482737,34.79884677845173,22624.3403400817,442980.08023484034,0.0,0.0,0.0,0.0,0.0,0.0,0.0,0.0,0.00262213877262963,0.001219499753224074,0.002620491363410185,0.002590022984113277,0.002623646577296296,0.0024594050040212963,0.09940932235360365,0.0009522949528157406,0.0021016728746501715,0.0010388361713361111,0.005533861120832074,0.0026268329060999997,0.025873003268683487,0.24270679321467126,0.0016175703322482363,0.0007816820908235294,0.0022276693791233246,0.0019849570472415053,0.002092965832301701,0.0014823179058962616,0.05587868398122127,0.00045831794509803924,0.0011919597759999997,0.0006171649350588235,0.0031024175360504194,0.0015473214423808155,0.016605202770419693,0.12910303649957433
2026-08-19 22:20:28.312000036,9533.197974683548,4912.5296202531645,9311.845063291139,9270.87493670886,9370.292658227849,8906.074936708863,362573.70227848104,2915.106835443038,7689.657721518986,3902.4729113924054,20049.174683544305,9566.6582278481,104953.98683544305,904824.9326582279,0.006144810853117661,0.004031207661535584,0.003463881348834293,0.0036602193893969714,0.0031820143921086562,0.0005337442964221448,0.003837707944878376,0.011911412518256692,182469.51561005303,95406.28808403203,132849.6998201125,145456.47852629444,95532.85180756633,20631.342228770533,49148.14315460178,512747.612981796,178330.41481867986,92943.69129706721,129177.75633972124,128418.48245663477,81296.77225687113,34.289319659433176,22624.3403400817,435761.436563172,0.0,0.0,0.0,0.0,0.0,0.0,0.0,0.0,0.0026289387248865743,0.0012226520544393518,0.00262727753441713,0.0025967247540785556,0.0026304504097615744,0.0024657619041949072,0.09966400902456585,0.0009547563790310186,0.002107070289598625,0.0010415212833152778,0.0055480370606946165,0.00263362256235,0.02595020750124139,0.24332938497154408,0.0016175703322482363,0.0007851730345490195,0.0022276693791233246,0.0019849570472415053,0.002092965832301701,0.0014954257105462185,0.056034393816211635,0.0004594513307675069,0.0011963486842745095,0.0006193717468627449,0.0031170175789803915,0.0015602725564705883,0.016655407544154135,0.1294430634338052
2026-08-19 22:20:43.312000036,9552.552911392408,4912.5296202531645,9316.878987341774,9261.07746835443,9357.770126582278,8906.074936708863,362600.1053164557,2915.106835443038,7689.657721518986,3902.4729113924054,20049.174683544305,9566.6582278481,104597.19493670887,905586.1762025317,0.006144810853117661,0.004031207661535584,0.003349585053145417,0.0037414359201052025,0.0030855578898171913,0.0005337442964221448,0.003837707944878376,0.011834617147240337,182469.51561005303,95406.28808403203,121578.1997229342,148684.00925550796,96474.4714631285,20631.342228770533,49148.14315460178,500202.5044265168,178330.41481867986,92943.69129706721,118170.26015662948,131267.95745099077,81936.5737220612,34.289319659433176,22624.3403400817,424254.67535639234,0.0,0.0,0.0,0.0,0.0,0.0,0.0,0.0,0.0026357386771435187,0.0012258043556546295,0.0026340637054240745,0.0026034265240438333,0.0026372542422268518,0.002472118804368518,0.09991869569552807,0.0009572178052462962,0.002112467704547078,0.0010442063952944443,0.005562213000557158,0.002640412218599999,0.02602741173379929,0.24395197672841695,0.0016308250722327636,0.0007851730345490195,0.002262551793189824,0.002009303906440114,0.0021232436062081127,0.0014954257105462185,0.0561554491704351,0.0004594513307675069,0.0011963486842745095,0.0006193717468627449,0.0031170175789803915,0.0015602725564705883,0.016699901790382252,0.12974570671493654
2026-08-19 22:20:58.312000036,9552.552911392408,4889.7691139240505,9316.878987341774,9261.07746835443,9357.770126582278,8924.36658227848,362666.58531645575,2916.3068354430375,7684.623797468353,3890.439493670886,20057.911898734183,9595.315443037976,104513.84202531647,905929.2637974685,0.006144810853117661,0.004031207661535584,0.0034369099962353418,0.0037202418135068513,0.003167377915056285,0.0005337442964221448,0.003837707944878376,0.011767949199573849,182469.51561005303,95406.28808403203,124747.78915067871,143542.61338389077,99032.69398622273,20631.342228770533,49148.14315460178,503247.63922667847,178330.41481867986,92943.69129706721,121251.00331716189,126729.4152195165,84109.29346006007,34.289319659433176,22624.3403400817,423896.6794571395,0.0,0.0,0.0,0.0,0.0,0.0,0.0,0.0,0.002642538629400463,0.0012289566568699072,0.0026408498764310187,0.0026101282940091106,0.0026440580746921296,0.0024784757045421294,0.10017338236649026,0.0009596792314615738,0.002117865119495532,0.001046891507273611,0.005576388940419702,0.0026472018748499994,0.026104615966357183,0.2445745684852898,0.0016308250722327636,0.0007899585423529411,0.002262551793189824,0.002009303906440114,0.0021232436062081127,0.0015085020584873947,0.05631325554922564,0.00046111179085714285,0.0012011128045714282,0.0006223183127394955,0.0031347584827450974,0.0015742929856521917,0.016753347239647724,0.13009150136014894
2026-08-19 22:21:13.312000036,9556.778734177215,4889.7691139240505,9328.070886075951,9248.867848101267,9348.382784810125,8924.36658227848,362685.0744303798,2916.3068354430375,7684.623797468353,3890.439493670886,20057.911898734183,9595.315443037976,104139.99493670887,906110.9255696203,0.006054926328529938,0.004009101663795478,0.0034369099962353418,0.0037202418135068513,0.003167377915056285,0.0005337442964221448,0.003837707944878376,0.011666172491357948,186697.09238875846,91885.2477252185,124747.78915067871,143542.61338389077,99032.69398622273,20631.342228770533,49148.14315460178,488340.66934188845,182325.5116742503,89513.53491297399,121251.00331716189,126729.4152195165,84109.29346006007,34.289319659433176,22624.3403400817,410190.507799549,0.0,0.0,0.0,0.0,0.0,0.0,0.0,0.0,0.002649782262611684,0.0012299680212765178,0.0026451967158203898,0.002614509260625801,0.002646985586564032,0.002485697280855899,0.10042161282519274,0.0009602204348902633,0.0021219391829641722,0.0010479347092939289,0.005589152615694331,0.0026573157956132874,0.026087883883986248,0.2453883539956118,0.0016442514964306152,0.0007899585423529411,0.00229744968837535,0.0020333854678169934,0.0021535865844705877,0.0015085020584873947,0.056432510861910985,0.00046111179085714285,0.0012011128045714282,0.0006223183127394955,0.0031347584827450974,0.0015742929856521917,0.0167955399382548,0.13032648769468996
2026-08-19 22:21:28.312000036,9556.778734177215,4858.87594936709,9328.070886075951,9248.867848101267,9348.382784810125,8943.174683544303,362714.7220253165,2921.38329113924,7671.894683544304,3882.789873417723,20045.896708860757,9609.1382278481,104037.22329113925,906095.0946835444,0.006054926328529938,0.004009101663795477,0.0034244999396314028,0.0037202418135068513,0.003167377915056285,0.000529240683605884,0.0038151042137592192,0.011614827849162436,186697.09238875846,91885.24772521848,125741.51842703068,143542.61338389077,99032.69398622273,22538.416081375635,47677.08012227837,488984.7422923836,182325.5116742503,89513.53491297398,117351.94548006782,126729.4152195165,84109.29346006007,32.779386523739824,21947.16662468201,410083.784049158,0.0,0.0,0.0,0.0,0.0,0.0,0.0,0.0,0.002656583357972509,0.0012331148417232532,0.002651976614445819,0.002621205063031299,0.0026537794516843065,0.0024920563976943873,0.10067628306328798,0.0009626769486359679,0.0021273332297328798,0.0010506156208059563,0.005603324961782767,0.002664113956266208,0.026164661159473652,0.24601143238931922,0.0016442514964306152,0.0007941589868963585,0.00229744968837535,0.0020333854678169934,0.0021535865844705877,0.0015217413297194927,0.056586274951320244,0.0004623221858207282,0.0012051093416694677,0.0006257067946106443,0.0031485011751932763,0.0015880526563441218,0.016846406294166533,0.1306147947525035
2026-08-19 22:21:43.312000036,9562.237974683545,4858.87594936709,9348.161012658227,9244.259240506331,9349.929113924052,8943.174683544303,362765.6779746836,2921.38329113924,7671.894683544304,3882.789873417723,20045.896708860757,9609.1382278481,103683.25670886076,906737.7934177216,0.005965266967424113,0.004009101663795477,0.0034244999396314028,0.0037202418135068513,0.003167377915056285,0.0005086756590630488,0.003796898900524041,0.011499290628347576,188911.58163060615,91885.24772521848,125741.51842703068,143542.61338389077,99032.69398622273,23003.151406552384,40872.520786291905,486436.9898316057,184346.57203960896,89513.53491297398,117351.94548006782,126729.4152195165,84109.29346006007,21.140983141504833,22788.2367993237,407980.0373061707,0.0,0.0,0.0,0.0,0.0,0.0,0.0,0.0,0.0026633844533333335,0.0012362616621699888,0.0026587565130712486,0.0026279008654367976,0.002660573316804581,0.002498415514532875,0.10093095330138323,0.0009651334623816722,0.0021327272765015873,0.001053296532317984,0.005617497307871203,0.0026709121169191294,0.02624143843496106,0.24663451078302676,0.0016552518832298134,0.0007941589868963585,0.0023361856879062608,0.0020588674518704554,0.0021845839228847993,0.0015217413297194927,0.05670596734794895,0.0004623221858207282,0.0012051093416694677,0.0006257067946106443,0.0031485011751932763,0.0015880526563441218,0.01689164069942669,0.13085743857228802
2026-08-19 22:21:58.312000036,9562.237974683545,4829.307341772152,9348.161012658227,9244.259240506331,9349.929113924052,8976.322025316456,362830.07696202537,2925.6425316455698,7664.916455696203,3880.0344303797465,20068.787848101263,9611.61417721519,103595.85113924052,907065.7245569621,0.005965266967424113,0.003977647859505844,0.0034244999396314028,0.0037202418135068513,0.003167377915056285,0.0005224727167342518,0.003796898900524041,0.011409531190725498,188911.58163060615,81991.55940515907,125741.51842703068,143542.61338389077,99032.69398622273,23627.077086739646,40872.520786291905,481173.86127050425,184346.57203960896,79877.46754089619,117351.94548006782,126729.4152195165,84109.29346006007,21.714400324797104,22788.2367993237,403265.1345550529,0.0,0.0,0.0,0.0,0.0,0.0,0.0,0.0,0.002670185548694158,0.0012394084826167241,0.0026655364116966785,0.0026345966678422957,0.0026673671819248566,0.002504774631371363,0.10118562353947845,0.0009675899761273767,0.0021381213232702944,0.0010559774438300114,0.005631669653959638,0.00267771027757205,0.02631821571044847,0.24725758917673424,0.0016552518832298134,0.0007981763708683472,0.0023361856879062608,0.0020588674518704554,0.0021845839228847993,0.0015362866210191309,0.05686265481115157,0.00046377849747899157,0.001210265275070028,0.0006296659630252101,0.0031661685576190473,0.0015999703049793049,0.016944370436534895,0.13120154546195534
2026-08-19 22:22:13.312000036,9554.254177215189,4829.307341772152,9349.792405063292,9231.056202531645,9357.393417721518,8976.322025316456,362846.6825316456,2925.6425316455698,7664.916455696203,3880.0344303797465,20068.787848101263,9611.61417721519,103148.31797468355,907434.9630379748,0.005965266967424113,0.003977647859505844,0.0034244999396314028,0.003719920553545177,0.00309102425620226,0.0005224727167342518,0.003796898900524041,0.011316486508178137,188911.58163060615,81991.55940515907,125741.51842703068,148111.9634528515,96645.38538749976,23627.077086739646,40872.520786291905,478709.74740023597,184346.57203960896,79877.46754089619,117351.94548006782,130691.63521355127,82081.73234435772,21.714400324797104,22788.2367993237,401688.7305920548,0.0,0.0,0.0,0.0,0.0,0.0,0.0,0.0,0.002677047887385941,0.001239863083354195,0.002672191260801814,0.002638617725606777,0.0026714549394349207,0.0025143120288843536,0.10143765505739438,0.0009686827967283447,0.002141496957846914,0.0010588615282530612,0.005646055717679909,0.0026850101307183674,0.026309233986355804,0.24789904720965655,0.0016677863206539004,0.0007981763708683472,0.00237363780120048,0.0020844462374484335,0.0022155440192372327,0.0015362866210191309,0.05698114283147712,0.00046377849747899157,0.001210265275070028,0.0006296659630252101,0.0031661685576190473,0.0015999703049793049,0.016984753767144527,0.13144805975532264
2026-08-19 22:22:28.312000036,9554.254177215189,4798.836455696202,9349.792405063292,9231.056202531645,9357.393417721518,8988.48,362849.4136708861,2928.789873417722,7652.965063291138,3873.050126582279,20042.11746835443,9614.06582278481,102947.00658227848,907550.9529113924,0.005965266967424113,0.003961134025146265,0.003336078093283794,0.003639019763076554,0.0031479840029055195,0.0005224727167342518,0.003796898900524041,0.011179782736354386,188911.58163060615,79725.01224821863,127584.29818486587,144890.82613319127,94284.29739063926,23627.077086739646,40872.520786291905,473073.89634748705,184346.57203960896,77669.36163009399,119029.95710774456,127849.354997019,80076.44060463597,21.714400324797104,22788.2367993237,397588.6987340666,0.0,0.0,0.0,0.0,0.0,0.0,0.0,0.0,0.0026838491407873014,0.0012430030825038548,0.002678970841584127,0.0026453067205047358,0.002678241917326077,0.0025206792355170066,0.10169231864241123,0.0009711358571024943,0.0021468859191263743,0.0010615429542734692,0.005660228603201796,0.002691809561840816,0.026385616022037445,0.24852217196975757,0.0016677863206539004,0.000802239591327731,0.00237363780120048,0.0020844462374484335,0.0022155440192372327,0.0015487572626890751,0.05713363929791471,0.0004649559058991597,0.001214782513142857,0.0006336297751764706,0.0031805195193277303,0.0016107877092605039,0.017034540780211594,0.13176205780654107
2026-08-19 22:22:43.312000036,9556.717974683545,4798.836455696202,9362.172151898736,9214.854683544303,9363.867341772155,8988.48,362883.15037974686,2928.789873417722,7652.965063291138,3873.050126582279,20042.11746835443,9614.06582278481,102567.87645569621,908347.0146835444,0.005965266967424113,0.003961134025146265,0.0033990589383762148,0.0036897646504229675,0.003134143413827896,0.0005224727167342518,0.0037775985444031897,0.01112225183980737,188911.58163060615,79725.01224821863,125933.4515213498,141535.3241152234,96263.79008654231,23627.077086739646,39588.118885581964,471743.08738766663,184346.57203960896,77669.36163009399,117489.79730481129,124886.97719871646,81363.12610844056,21.714400324797104,22072.12597239628,396621.5962999035,0.0,0.0,0.0,0.0,0.0,0.0,0.0,0.0,0.002690650394188662,0.0012461430816535148,0.0026857504223664398,0.0026519957154026953,0.0026850288952172336,0.002527046442149659,0.10194698222742804,0.0009735889174766439,0.002152274880405836,0.0010642243802938775,0.00567440148872368,0.002698608992963265,0.0264619980577191,0.24914529672985855,0.0016820050062092528,0.000802239591327731,0.002416547219846547,0.0021107991787114844,0.0022459013114700427,0.0015487572626890751,0.05725523759006037,0.0004649559058991597,0.001214782513142857,0.0006336297751764706,0.0031805195193277303,0.0016107877092605039,0.017078163968957834,0.13203906184615904
2026-08-19 22:22:58.312000036,9556.717974683545,4771.4400000000005,9362.172151898736,9214.854683544303,9363.867341772155,9002.17518987342,362913.29316455696,2931.302278481013,7645.443037974684,3873.1929113924066,20087.316455696204,9614.42430379747,102432.60455696203,908827.1908860761,0.005811324454560957,0.003961134025146265,0.0033990589383762148,0.0036897646504229675,0.003134143413827896,0.0005224727167342518,0.0037775985444031897,0.011047850865681904,184036.43962204547,79725.01224821863,125933.4515213498,141535.3241152234,96263.79008654231,23627.077086739646,39588.118885581964,465107.1294975376,179589.2368369331,77669.36163009399,117489.79730481129,124886.97719871646,81363.12610844056,21.714400324797104,22072.12597239628,389315.0969365981,0.0,0.0,0.0,0.0,0.0,0.0,0.0,0.0,0.0026974516475900224,0.0012492830808031746,0.0026925300031487532,0.002658684710300655,0.0026918158731083896,0.002533413648782313,0.1022016458124449,0.0009760419778507937,0.0021576638416852976,0.0010669058063142857,0.005688574374245566,0.002705408424085714,0.02653838009340075,0.24976842148995956,0.0016820050062092528,0.0008063656615686273,0.002416547219846547,0.0021107991787114844,0.0022459013114700427,0.0015614915307659751,0.057408834081285394,0.0004667201976582633,0.0012197286840896359,0.0006386655976694678,0.0031993032329075627,0.0016211592166614584,0.017129750261682095,0.13236718933080782
2026-08-19 22:23:13.312000036,9559.102784810126,4771.4400000000005,9361.655696202532,9209.38936708861,9370.429367088605,9002.17518987342,362938.94582278485,2931.302278481013,7645.443037974684,3873.1929113924066,20087.316455696204,9614.42430379747,102083.4470886076,909053.4926582279,0.005832998821269847,0.00393773444846281,0.0033990589383762148,0.0036897646504229675,0.003134143413827896,0.000507508150238113,0.003772446770673705,0.01093092112846983,179811.12622231882,70360.93743743458,125933.4515213498,141535.3241152234,96263.79008654231,22950.354733878972,41094.71021906465,459503.4110062887,175466.02726815335,68585.64802490165,117489.79730481129,124886.97719871646,81363.12610844056,21.09246050444571,22909.729912488314,384191.6529518787,0.0,0.0,0.0,0.0,0.0,0.0,0.0,0.0,0.0027036971397943884,0.0012496248535955106,0.0027006979300211002,0.0026623886111362856,0.0026974912988291812,0.002539972403326599,0.1024521646890791,0.000977001653078339,0.002161035226931555,0.001070271817159147,0.005704745846841778,0.0027112616144035913,0.026529270974980413,0.2504663416360907,0.0016953897853233665,0.0008063656615686273,0.0024594830683638156,0.002137587549079539,0.0022763236298982744,0.0015614915307659751,0.057527511664752555,0.0004667201976582633,0.0012197286840896359,0.0006386655976694678,0.0031993032329075627,0.0016211592166614584,0.017171318683386734,0.13261168535367313
2026-08-19 22:23:28.312000036,9559.102784810126,4742.670379746835,9361.655696202532,9209.38936708861,9370.429367088605,8997.214177215192,362953.8956962026,2933.486582278482,7641.457215189872,3866.952911392405,20103.110886075952,9625.361012658228,101900.5275949367,908893.133164557,0.005685888844800769,0.00393773444846281,0.0033990589383762148,0.0036736451465935933,0.003134143413827896,0.000524974603166601,0.003772446770673705,0.010821933426981038,165377.34673050785,70360.93743743458,125933.4515213498,134426.6497330705,96263.79008654231,22470.86947498086,41094.71021906465,453087.77030695596,161231.2275715001,68585.64802490165,117489.79730481129,117464.94166703122,81363.12610844056,20.650209350572087,22909.729912488314,377955.7728497793,0.0,0.0,0.0,0.0,0.0,0.0,0.0,0.0,0.002710496995013244,0.0012527578342352414,0.0027074810091456784,0.002669070085042009,0.002704275476438608,0.002546340092720539,0.10270681794074576,0.0009794509695766555,0.002166419155264889,0.0010729549594150395,0.0057189237185084445,0.0027180586733261507,0.0266052687377423,0.2510896529785906,0.0016953897853233665,0.0008104702158823529,0.0024594830683638156,0.002137587549079539,0.0022763236298982744,0.001573913611421264,0.05768103255930532,0.00046783343721568625,0.0012248921752549017,0.0006431906360784312,0.00321230517880112,0.0016329905083473386,0.017220362201501856,0.13291796816759793
2026-08-19 22:23:43.312000036,9568.951898734176,4742.670379746835,9372.182278481012,9201.937215189875,9370.110379746837,8997.214177215192,362995.85620253166,2933.486582278482,7641.457215189872,3866.952911392405,20103.110886075952,9625.361012658228,101551.78329113925,909448.0769620255,0.005685888844800769,0.00390852403993406,0.0033990589383762148,0.0036736451465935933,0.003134143413827896,0.0005295013065796225,0.003772446770673705,0.010679678314013313,165377.34673050785,67833.83263634535,125933.4515213498,134426.6497330705,96263.79008654231,23182.336447828486,41094.71021906465,436994.0118758921,161231.2275715001,66122.30505759589,117489.79730481129,117464.94166703122,81363.12610844056,21.304031044106434,22909.729912488314,363197.16639073554,0.0,0.0,0.0,0.0,0.0,0.0,0.0,0.0,0.0027172968502320993,0.001255890814874972,0.0027142640882702584,0.0026757515589477324,0.002711059654048036,0.0025527077821144786,0.10296147119241245,0.0009819002860749716,0.002171803083598222,0.0010756381016709313,0.005733101590175111,0.002724855732248709,0.026681266500504182,0.25171296432109064,0.0017108802278842203,0.0008104702158823529,0.002506034037376144,0.002165634736336134,0.0023115811016963584,0.001573913611421264,0.05780545633754371,0.00046783343721568625,0.0012248921752549017,0.0006431906360784312,0.00321230517880112,0.0016329905083473386,0.01726878533664791,0.13321214278915441
2026-08-19 22:23:58.312000036,9568.951898734176,4715.33164556962,9372.182278481012,9201.937215189875,9370.110379746837,8997.83088607595,363034.8972151899,2932.973164556962,7641.062278481015,3862.3837974683556,20147.273924050634,9625.57670886076,101406.29772151899,909850.0951898736,0.005685888844800769,0.00390852403993406,0.0033990589383762148,0.0036736451465935933,0.0031168103637474803,0.0005295013065796225,0.003772446770673705,0.01064929171463608,165377.34673050785,67833.83263634535,125933.4515213498,134426.6497330705,92574.79732718367,23182.336447828486,41094.71021906465,439301.31857310905,161231.2275715001,66122.30505759589,117489.79730481129,117464.94166703122,78245.15222830365,21.304031044106434,22909.729912488314,362321.8886459104,0.0,0.0,0.0,0.0,0.0,0.0,0.0,0.0,0.0027240967054509547,0.0012590237955147025,0.0027210471673948375,0.0026824330328534566,0.0027178438316574636,0.0025590754715084174,0.10321612444407911,0.0009843496025732886,0.0021771870119315557,0.0010783212439268238,0.0057472794618417785,0.002731652791171268,0.026757264263266065,0.2523362756635907,0.0017108802278842203,0.0008144426274285712,0.002506034037376144,0.002165634736336134,0.0023115811016963584,0.0015869366838495978,0.057961376766988475,0.00046868551771428555,0.0012306715885714284,0.0006480011097142857,0.0032276026145882345,0.0016444351796476558,0.017319798016923023,0.13355607131127017
2026-08-19 22:24:13.312000036,9580.806075949371,4715.33164556962,9385.172658227848,9192.218734177217,9350.697721518987,8997.83088607595,363059.82987341774,2932.973164556962,7641.062278481015,3862.3837974683556,20147.273924050634,9625.57670886076,101021.17670886077,910015.9777215191,0.005685888844800769,0.00390852403993406,0.003374218796857194,0.0035934057013260437,0.0031168103637474803,0.0005295013065796225,0.003748702784931283,0.010545507528563673,165377.34673050785,67833.83263634535,124203.79227322189,131490.5142672489,92574.79732718367,23182.336447828486,39427.040630835996,434489.4551584064,161231.2275715001,66122.30505759589,115844.10723924909,114899.28238813017,78245.15222830365,21.304031044106434,21980.027290279177,357330.1407784732,0.0,0.0,0.0,0.0,0.0,0.0,0.0,0.0,0.0027309168212426667,0.0012595995515706667,0.0027291132039573337,0.0026873770022289812,0.0027245045068293333,0.002563305209463111,0.10347052256464245,0.0009849527550817776,0.0021820254023463144,0.0010814654549404445,0.0057628966563080305,0.0027388921174364444,0.02675173052280438,0.2530117172110847,0.00172618826674804,0.0008144426274285712,0.002551959266921313,0.0021932990420088032,0.002346406427417669,0.0015869366838495978,0.058083520122947395,0.00046868551771428555,0.0012306715885714284,0.0006480011097142857,0.0032276026145882345,0.0016444351796476558,0.017365279694922575,0.13384966970785886
2026-08-19 22:24:28.312000036,9580.806075949371,4682.64911392405,9385.172658227848,9192.218734177217,9350.697721518987,8988.896202531649,363072.2916455696,2930.1964556962025,7640.053670886076,3852.7534177215193,20152.517468354436,9620.160000000002,100831.84101265823,909676.435443038,0.005685888844800769,0.0038505125318402935,0.003374218796857194,0.0036497629844579145,0.003102806327894394,0.0005295013065796225,0.003748702784931283,0.010475815416654231,165377.34673050785,68392.12966186342,124203.79227322189,134254.17705136826,84435.13978505957,23182.336447828486,39427.040630835996,431890.70751787565,161231.2275715001,66740.21517185328,115844.10723924909,117754.10711788089,69866.19311969269,21.304031044106434,21980.027290279177,355210.8215215637,0.0,0.0,0.0,0.0,0.0,0.0,0.0,0.0,0.0027377167287426663,0.0012627261815706667,0.002735899483957334,0.0026940541422289807,0.0027312883768293335,0.002569667566129778,0.10372517518427943,0.0009873974892484444,0.002187407983204401,0.001084149741607111,0.00577707808370077,0.0027456902741031107,0.0268273636178551,0.2536351572564643,0.00172618826674804,0.0008182988123809522,0.002551959266921313,0.0021932990420088032,0.002346406427417669,0.0015998210517572913,0.058238053451453456,0.0004692652967226888,0.0012367852209243697,0.0006521045256862744,0.003240335769142856,0.0016562427651689244,0.017413706907070635,0.13415012452759079
2026-08-19 22:24:43.312000036,9599.234430379749,4682.64911392405,9395.516962025316,9199.421772151898,9347.176708860761,8988.896202531649,363132.75037974684,2930.1964556962025,7640.053670886076,3852.7534177215193,20152.517468354436,9620.160000000002,100517.8875949367,910208.3787341773,0.005685888844800769,0.0038505125318402935,0.003374218796857194,0.0036497629844579145,0.003102806327894394,0.0005295013065796225,0.003742543842543842,0.010277017723439093,165377.34673050785,68392.12966186342,124203.79227322189,134254.17705136826,84435.13978505957,23182.336447828486,40207.605007605,434250.5728571624,161231.2275715001,66740.21517185328,115844.10723924909,117754.10711788089,69866.19311969269,21.304031044106434,22261.236127902794,357526.7022968905,0.0,0.0,0.0,0.0,0.0,0.0,0.0,0.0,0.002744516636242666,0.0012658528115706666,0.002742685763957333,0.002700731282228981,0.0027380722468293333,0.0025760299227964444,0.1039798278039164,0.000989842223415111,0.0021927905640624864,0.001086834028273778,0.005791259511093509,0.002752488430769778,0.02690299671290582,0.2542585973018438,0.0017419089835067514,0.0008182988123809522,0.0025991309927860373,0.002224855076687253,0.002385282261079774,0.0015998210517572913,0.05836407840476065,0.0004692652967226888,0.0012367852209243697,0.0006521045256862744,0.003240335769142856,0.0016562427651689244,0.017463628212674415,0.1344636168110654
2026-08-19 22:24:58.312000036,9599.234430379749,4649.2162025316475,9395.516962025316,9199.421772151898,9347.176708860761,8986.01924050633,363172.02531645575,2925.369113924052,7643.036962025319,3842.700759493672,20175.156455696204,9631.956455696201,100362.46481012659,910660.7210126583,0.005393944261517248,0.0038505125318402935,0.003374218796857194,0.0036121053639577468,0.003102806327894394,0.0005274030718752533,0.003742543842543842,0.010226997107910026,150143.62016242085,68392.12966186342,124203.79227322189,127916.3357533929,84435.13978505957,21326.166656197052,40207.605007605,428890.6087688535,146335.25862587988,66740.21517185328,115844.10723924909,111061.13871650163,69866.19311969269,22.374016425455903,22261.236127902794,353265.762928003,0.0,0.0,0.0,0.0,0.0,0.0,0.0,0.0,0.002751316543742667,0.0012689794415706665,0.0027494720439573328,0.002707408422228981,0.0027448561168293335,0.0025823922794631113,0.10423448042355335,0.0009922869575817775,0.0021981731449205724,0.0010895183149404444,0.005805440938486248,0.0027592865874364442,0.02697862980795654,0.2548820373472233,0.0017419089835067514,0.0008222993320896356,0.0025991309927860373,0.002224855076687253,0.002385282261079774,0.001613029251585434,0.05852170149643884,0.00046936095389355745,0.0012436971986554623,0.000656053685254902,0.003255681219803921,0.0016696479001939235,0.017514781912127762,0.1348266700123467
2026-08-19 22:25:13.312000036,9619.136202531648,4649.2162025316475,9399.08658227848,9195.803544303797,9334.979240506329,8986.01924050633,363200.59746835445,2925.369113924052,7643.036962025319,3842.700759493672,20175.156455696204,9631.956455696201,100010.87392405064,911086.4141772152,0.005417245595282625,0.0038505125318402935,0.003351158022695791,0.0036121053639577468,0.003102806327894394,0.000526878109620236,0.003742543842543842,0.010143153094291731,146949.42632493668,68392.12966186342,117339.89645292926,127916.3357533929,84435.13978505957,20354.295897049822,40207.605007605,426690.674284977,143222.08484730846,66740.21517185328,109091.8450625753,111061.13871650163,69866.19311969269,23.131903720748987,22261.236127902794,351094.1992909451,0.0,0.0,0.0,0.0,0.0,0.0,0.0,0.0,0.0027587466306173824,0.0012696279379581959,0.0027571654042543455,0.0027137995901106004,0.0027505366575014305,0.0025868441410077003,0.10448991687658911,0.0009925700819388339,0.002203755792153377,0.001091983902950935,0.005820423689362963,0.0027662348493210118,0.02697436858064662,0.255582742166142,0.0017559623716469634,0.0008222993320896356,0.00264636810002626,0.0022542750318507885,0.002424402074696545,0.001613029251585434,0.058641782380634916,0.00046936095389355745,0.0012436971986554623,0.000656053685254902,0.003255681219803921,0.0016696479001939235,0.017560189927463932,0.13513854491695335
2026-08-19 22:25:28.312000036,9619.136202531648,4616.627848101267,9399.08658227848,9195.803544303797,9334.979240506329,8975.447088607594,363192.6987341773,2922.0820253164557,7636.411139240506,3829.1270886075954,20179.758987341775,9643.670886075948,99807.19291139241,911334.6562025317,0.005417245595282625,0.003827438410871676,0.003351158022695791,0.0036121053639577468,0.0030879195978200454,0.000526878109620236,0.003742543842543842,0.010027170093462127,146949.42632493668,65533.07145488556,117339.89645292926,127916.3357533929,81265.4653956608,20354.295897049822,40207.605007605,416221.88804975396,143222.08484730846,63950.21344408202,109091.8450625753,111061.13871650163,67243.43340637884,23.131903720748987,22261.236127902794,338845.8630853027,0.0,0.0,0.0,0.0,0.0,0.0,0.0,0.0,0.002765548096788999,0.0012727484742618262,0.002763953924881408,0.0027204760241039995,0.0027573178027159514,0.0025932017812717273,0.10474457140926885,0.0009950095035559953,0.002209138862414815,0.0010946676521258526,0.005834607077434859,0.0027730333748985695,0.027049650137859857,0.25620637126254725,0.0017559623716469634,0.0008251926416470588,0.00264636810002626,0.0022542750318507885,0.002424402074696545,0.0016261186161896394,0.058800861532063486,0.0004705472058655461,0.0012498996406890754,0.0006597999362016807,0.0032697545371092435,0.0016844935130208782,0.017613147457225645,0.13540426477397058
2026-08-19 22:25:43.312000036,9637.564556962026,4616.627848101267,9400.951898734176,9196.0982278481,9328.869873417721,8975.447088607594,363217.27291139244,2922.0820253164557,7636.411139240506,3829.1270886075954,20179.758987341775,9643.670886075948,99478.43902629017,912787.2303797468,0.005417245595282625,0.003684852111269129,0.003338915228706601,0.0036121053639577468,0.0030879195978200454,0.000526878109620236,0.003693591974266411,0.009981659969825026,146949.42632493668,66997.11350631627,112350.9956535435,127916.3357533929,81265.4653956608,20354.295897049822,39862.64315338624,413483.57661748334,143222.08484730846,65265.30862509752,104453.86671007359,111061.13871650163,67243.43340637884,23.131903720748987,21971.051001392196,336717.74120901217,0.0,0.0,0.0,0.0,0.0,0.0,0.0,0.0,0.0027723495629606164,0.0012758690105654563,0.002770742445508471,0.0027271524580973986,0.0027640989479304733,0.0025995594215357533,0.10499922594194858,0.0009974489251731572,0.0022145219326762527,0.00109735140130077,0.005848790465506754,0.0027798319004761272,0.027124931695073087,0.2568300003589525,0.0017744665048739494,0.0008251926416470588,0.002695888358799519,0.0022885769613362377,0.0024678416931802572,0.0016261186161896394,0.05893751999906754,0.0004705472058655461,0.0012498996406890754,0.0006597999362016807,0.0032697545371092435,0.0016844935130208782,0.017683202037551964,0.1356212200809167
2026-08-19 22:25:58.312000036,9637.564556962026,4580.4881012658225,9400.951898734176,9196.0982278481,9328.869873417721,8978.691645569621,363257.41063291143,2916.458734177215,7637.875443037974,3813.9250632911385,20197.2,9657.244556962027,99291.30122241702,913545.5414216163,0.005417245595282625,0.003774632596878212,0.003338915228706601,0.0035826243186506627,0.0029960261842197993,0.000526878109620236,0.003693591974266411,0.009926485457332431,146949.42632493668,68629.48115727532,112350.9956535435,129191.18354981687,81838.39621194355,20354.295897049822,39862.64315338624,411239.31155835354,143222.08484730846,66855.48129006501,104453.86671007359,106857.80386690714,67505.61763212208,23.131903720748987,21971.051001392196,334935.8096488229,0.0,0.0,0.0,0.0,0.0,0.0,0.0,0.0,0.0027791510291322336,0.0012789895468690868,0.002777530966135534,0.0027338288920907986,0.0027708800931449946,0.00260591706179978,0.10525388047462832,0.0009998883467903191,0.0022199050029376908,0.0011000351504756875,0.005862973853578649,0.002786630426053685,0.02720021325228632,0.2574536294553577,0.0017744665048739494,0.0008260320814789914,0.002695888358799519,0.0022885769613362377,0.0024678416931802572,0.0016427515480634358,0.0591033389372163,0.00047227263229131645,0.0012568443417815124,0.0006618486786330532,0.003285800413563025,0.0017009476260721904,0.017732481718444312,0.13603540563099673
2026-08-19 22:26:13.312000036,9636.987341772152,4580.4881012658225,9408.0,9206.901265822786,9350.570126582279,8978.691645569621,363332.86177215195,2916.458734177215,7637.875443037974,3813.9250632911385,20197.2,9657.244556962027,98875.62131565023,914541.2923076923,0.005187539165886419,0.003774632596878212,0.003331696832026574,0.0035826243186506627,0.0030727435210800816,0.0005261085716192318,0.003693591974266411,0.009730752431004621,148123.37584896458,68629.48115727532,112010.886746433,129191.18354981687,83933.979969978,19788.810195847545,39862.64315338624,404475.4981031956,144361.14015500253,66855.48129006501,103844.59867335223,106857.80386690714,69234.19104550617,22.489250157008314,21971.051001392196,333664.0725339823,0.0,0.0,0.0,0.0,0.0,0.0,0.0,0.0,0.002786892262893246,0.0012793421259555554,0.002782555407632244,0.002740046486066872,0.0027753173260932455,0.0026104687834457513,0.10549928156347617,0.0010002051655799563,0.002225590759971521,0.0011017380098553374,0.005876546660269256,0.0027943342109315902,0.027205100915437732,0.2583343947946789,0.001789570584370708,0.0008260320814789914,0.002743673561859582,0.0023255042187731094,0.002513207027755101,0.0016427515480634358,0.059233478492438214,0.00047227263229131645,0.0012568443417815124,0.0006618486786330532,0.003285800413563025,0.0017009476260721904,0.017792760318801046,0.13678430450331736
2026-08-19 22:26:28.312000036,9636.987341772152,4542.622784810127,9408.0,9206.901265822786,9350.570126582279,8972.23594936709,363356.2967088608,2916.449620253164,7631.635443037974,3792.540759493672,20193.751898734183,9684.236962025318,98671.0579765237,914385.4939865199,0.005187539165886419,0.003774632596878212,0.003331696832026574,0.0035826243186506627,0.0030727435210800816,0.0005261085716192318,0.003693591974266411,0.00970867315381273,148123.37584896458,68629.48115727532,112010.886746433,129191.18354981687,83933.979969978,19788.810195847545,39862.64315338624,403307.680478035,144361.14015500253,66855.48129006501,103844.59867335223,106857.80386690714,69234.19104550617,22.489250157008314,21971.051001392196,332734.62319033494,0.0,0.0,0.0,0.0,0.0,0.0,0.0,0.0,0.002793696029233115,0.001282455922524183,0.0027893396143315904,0.002746721798158375,0.002782092739491939,0.0026168220285437906,0.10575391368645351,0.0010026394212989107,0.00223097456336958,0.0011044193717834419,0.00589072857046343,0.0028011349396897603,0.02726984511589535,0.25895864796743406,0.001789570584370708,0.0008262478035798318,0.002743673561859582,0.0023255042187731094,0.002513207027755101,0.0016594423850267378,0.05939642058875815,0.00047462104239215673,0.0012631473082689072,0.0006630173259439775,0.003301031123182073,0.001718335681418067,0.01783804752187196,0.13729182217262761
2026-08-19 22:26:43.312000036,9659.355949367091,4542.622784810127,9421.46734177215,9215.009620253166,9385.348860759494,8972.23594936709,363474.8172151899,2916.449620253164,7631.635443037974,3792.540759493672,20193.751898734183,9684.236962025318,98335.20540902064,915295.0506185837,0.005187539165886419,0.0037572051766511364,0.003331696832026574,0.003564698009777617,0.0030727435210800816,0.0005212198685816967,0.003693591974266411,0.009705300871336508,148123.37584896458,66389.1880028141,112010.886746433,121516.90707259721,83933.979969978,20685.205634838043,39862.64315338624,408819.90600336203,144361.14015500253,64673.09735612403,103844.59867335223,98851.29865352072,69234.19104550617,12.664780848759406,21971.051001392196,338338.1364465038,0.0,0.0,0.0,0.0,0.0,0.0,0.0,0.0,0.0028004997955729844,0.0012855697190928103,0.0027961238210309366,0.002753397110249878,0.0027888681528906323,0.00262317527364183,0.10600854580943085,0.0010050736770178647,0.0022363583667676375,0.0011071007337115468,0.005904910480657605,0.00280793566844793,0.02733458931635297,0.2595829011401893,0.0018078261960784313,0.0008262478035798318,0.0027967022769196854,0.0023629774754175084,0.0025625192140397023,0.0016594423850267378,0.05953336575616556,0.00047462104239215673,0.0012631473082689072,0.0006630173259439775,0.003301031123182073,0.001718335681418067,0.017911430220645758,0.13803780100151658
2026-08-19 22:26:58.312000036,9659.355949367091,4509.888607594938,9421.46734177215,9215.009620253166,9385.348860759494,8973.302278481015,363532.41113924055,2919.426835443038,7632.5134177215195,3772.6025316455703,20233.96860759494,9703.971645569622,98154.94002811257,915472.7571594113,0.005187539165886419,0.0037572051766511364,0.003324831872726539,0.003564698009777617,0.0030727435210800816,0.0005212198685816967,0.0035674639986427435,0.009599423054832797,148123.37584896458,66389.1880028141,109065.35123576464,121516.90707259721,83933.979969978,20685.205634838043,40812.395840299636,408771.4132373112,144361.14015500253,64673.09735612403,101113.81096272638,98851.29865352072,69234.19104550617,12.664780848759406,22487.250097611814,337466.3984547101,0.0,0.0,0.0,0.0,0.0,0.0,0.0,0.0,0.0028073035619128536,0.0012886835156614377,0.0028029080277302827,0.0027600724223413816,0.002795643566289325,0.002629528518739869,0.10626317793240819,0.0010075079327368191,0.002241742170165696,0.0011097820956396513,0.00591909239085178,0.0028147363972060996,0.02739933351681059,0.26020715431294444,0.0018078261960784313,0.0008269206729411764,0.0027967022769196854,0.0023629774754175084,0.0025625192140397023,0.0016763024566245426,0.05969988645645191,0.0004773051364705882,0.001270395323529412,0.0006644443799999999,0.0033207206714061612,0.0017355237704782434,0.017956172935572067,0.1385713920395564
2026-08-19 22:27:13.312000036,9665.067341772152,4509.888607594938,9442.073924050634,9219.396455696202,9402.355443037975,8973.302278481015,363616.52658227854,2919.426835443038,7632.5134177215195,3772.6025316455703,20233.96860759494,9703.971645569622,97803.6797041158,915848.8704786985,0.005187539165886419,0.0037572051766511364,0.003324831872726539,0.0035478651282428663,0.002990771792798752,0.0005212198685816967,0.0036601511343648647,0.009470972184857252,148123.37584896458,66389.1880028141,109065.35123576464,118048.74269295216,81694.86910619488,20685.205634838043,41872.75246165138,406669.9572849331,144361.14015500253,64673.09735612403,101113.81096272638,96031.31658390068,67387.22716543426,12.664780848759406,23071.49672283567,332694.3293136384,0.0,0.0,0.0,0.0,0.0,0.0,0.0,0.0,0.002815510821931392,0.0012888585857026968,0.0028094634907572815,0.0027682937352977795,0.0028057780461005393,0.0026362644467805823,0.10653143847620768,0.0010087065660953612,0.0022477791073666673,0.0011100649840138077,0.005933774472161538,0.0028249375432724913,0.027447484434417135,0.26093319800454146,0.001822912200856851,0.0008269206729411764,0.0028524759789075624,0.0023995850719413917,0.002609448461492832,0.0016763024566245426,0.05983048388224462,0.0004773051364705882,0.001270395323529412,0.0006644443799999999,0.0033207206714061612,0.0017355237704782434,0.018020543113721716,0.13929313882327882
2026-08-19 22:27:28.312000036,9665.067341772152,4473.147341772153,9442.073924050634,9219.396455696202,9402.355443037975,8967.311392405065,363623.808607595,2922.167088607595,7614.938734177218,3751.85924050633,20237.644556962026,9721.187848101266,97572.385515294,915439.4071198737,0.005187539165886419,0.0037069324147197724,0.003324831872726539,0.0035478651282428663,0.003051568109288724,0.0005212198685816967,0.0036409445011574186,0.009413603938970658,148123.37584896458,66594.43167372532,109065.35123576464,118048.74269295216,79832.59116980621,20685.205634838043,46014.05764762617,406445.6479299868,144361.14015500253,64826.42199578895,101113.81096272638,96031.31658390068,65849.67575032123,12.664780848759406,22000.90081137552,331928.07746191614,0.0,0.0,0.0,0.0,0.0,0.0,0.0,0.0,0.00282231798940712,0.0012919652960586842,0.002816247143669903,0.002774972791932083,0.00281256159545329,0.002642618614256311,0.10678610326707308,0.0010111378436034521,0.0022531644775589743,0.0011127405649199568,0.005947957582738462,0.002831746468029774,0.027501766332158107,0.26155769537747714,0.001822912200856851,0.0008271421343137254,0.0028524759789075624,0.0023995850719413917,0.002609448461492832,0.001693240288307692,0.05999237334399003,0.000479544230885154,0.0012762156743417368,0.0006653861405826331,0.003337242874117646,0.0017515819197770897,0.018062797124594892,0.13978967749354712
2026-08-19 22:27:43.312000036,9667.57670886076,4473.147341772153,9456.619746835444,9220.617721518987,9415.892658227847,8967.311392405065,363691.77113924053,2922.167088607595,7614.938734177218,3751.85924050633,20237.644556962026,9721.187848101266,97260.63502708347,915951.9796581016,0.005093806473982359,0.003690260243769615,0.0032094548464287206,0.0035144752831038273,0.003051568109288724,0.0005222845159451608,0.0036409445011574186,0.00934931334500222,135712.311422858,64827.33598299067,97872.15321649138,122470.59165637878,79832.59116980621,19920.10106896596,46014.05764762617,404757.2455035909,132222.07079550574,63106.24077229333,90061.1459275848,99533.18511743158,65849.67575032123,12.196335824609614,22000.90081137552,330690.3879135209,0.0,0.0,0.0,0.0,0.0,0.0,0.0,0.0,0.0028291251568828483,0.0012950720064146709,0.0028230307965825246,0.002781651848566388,0.002819345144806041,0.0026489727817320388,0.10704076805793845,0.0010135691211115424,0.0022585498477512823,0.0011154161458261055,0.0059621406933153855,0.002838555392787054,0.027556048229899086,0.2621821927504128,0.0018393793624701968,0.0008271421343137254,0.002860869094610644,0.002436747085343228,0.0026590973257995735,0.001693240288307692,0.060124457227414864,0.000479544230885154,0.0012762156743417368,0.0006653861405826331,0.003337242874117646,0.0017515819197770897,0.01811359285165136,0.14042127594165948
2026-08-19 22:27:58.312000036,9667.57670886076,4442.497215189875,9456.619746835444,9220.617721518987,9415.892658227847,8983.440000000002,363758.4911392405,2922.1397468354426,7606.162025316456,3733.6465822784817,20272.857721518987,9741.64556962025,97075.75405039529,916079.5975741787,0.005005620306852612,0.003690260243769615,0.00327671528412788,0.0035144752831038273,0.00304050531714835,0.0005222845159451608,0.0036409445011574186,0.00922474169940611,139019.04362173766,64827.33598299067,97167.22720502561,122470.59165637878,81106.23275797223,19920.10106896596,46014.05764762617,405082.1412318043,135335.37131408977,63106.24077229333,89412.47884200083,99533.18511743158,66594.63544427359,12.196335824609614,22000.90081137552,330824.02314356057,0.0,0.0,0.0,0.0,0.0,0.0,0.0,0.0,0.0028359323243585762,0.0012981787167706581,0.002829814449495145,0.0027883309052006916,0.002826128694158792,0.0026553269492077675,0.10729543284880386,0.0010160003986196332,0.0022639352179435897,0.0011180917267322545,0.005976323803892307,0.0028453643175443367,0.027610330127640054,0.2628066901233485,0.0018393793624701968,0.000827682632605042,0.002860869094610644,0.002436747085343228,0.0026590973257995735,0.001711437143076021,0.060290758336436344,0.00048171006872829106,0.0012825380211764703,0.0006665928684369747,0.0033565326281624645,0.0017674343946431899,0.018163808447122485,0.14096934096102087
2026-08-19 22:28:13.312000036,9665.459240506329,4442.497215189875,9460.247088607597,9222.771645569623,9425.984810126582,8983.440000000002,363812.8344303798,2922.1397468354426,7606.162025316456,3733.6465822784817,20272.857721518987,9741.64556962025,96738.50251710042,916076.6860259405,0.005005620306852612,0.003690260243769615,0.00327671528412788,0.0035144752831038273,0.00304050531714835,0.0005222845159451608,0.0036409445011574186,0.009122729848569702,139019.04362173766,64827.33598299067,97167.22720502561,122470.59165637878,81106.23275797223,19920.10106896596,46014.05764762617,391476.58010712574,135335.37131408977,63106.24077229333,89412.47884200083,99533.18511743158,66594.63544427359,12.196335824609614,22000.90081137552,321141.40744397277,0.0,0.0,0.0,0.0,0.0,0.0,0.0,0.0,0.0028426329392487177,0.00129835363301453,0.0028382120738393163,0.0027936066435921944,0.002834514929082052,0.002662008704905128,0.10755680478339132,0.001017212495396581,0.0022685057786573544,0.0011187661899495726,0.005990219911091639,0.002853927636628204,0.027672909375630973,0.2634209057076141,0.0018562737422458105,0.000827682632605042,0.002868804929876751,0.002474768874878373,0.002710774733262031,0.001711437143076021,0.060423632099196996,0.00048171006872829106,0.0012825380211764703,0.0006665928684369747,0.0033565326281624645,0.0017674343946431899,0.018220734952814944,0.1416136811247026
2026-08-19 22:28:28.312000036,9665.459240506329,4410.30075949367,9460.247088607597,9222.771645569623,9425.984810126582,8991.366075949367,363838.7240506329,2920.3260759493674,7587.198987341771,3714.902278481013,20283.32050632912,9754.228860759493,96510.21013379765,915806.952850752,0.005005620306852612,0.003690260243769615,0.00327671528412788,0.003506657598938545,0.00304050531714835,0.00052748102472858,0.0036409445011574186,0.00903566916586449,139019.04362173766,64827.33598299067,97167.22720502561,125003.8539269361,81106.23275797223,20641.18761371166,46014.05764762617,385103.1427294725,135335.37131408977,63106.24077229333,89412.47884200083,96564.75930909724,66594.63544427359,10.834321203942784,22000.90081137552,315567.32122442755,0.0,0.0,0.0,0.0,0.0,0.0,0.0,0.0,0.0028494398527102566,0.0013014533413478633,0.0028449995986790594,0.002800282334297323,0.002841302323312821,0.0026683636544243593,0.10781148548418495,0.0010196408623837606,0.0022738892127843386,0.00112143699363547,0.006004402340456719,0.0028607407496089744,0.027727211148541417,0.264045378761838,0.0018562737422458105,0.0008280882500840334,0.002868804929876751,0.002474768874878373,0.002710774733262031,0.0017289990879753147,0.0605862820010557,0.00048413965305882346,0.00128799135507563,0.000667758267193277,0.003373400973960784,0.0017833850497550505,0.018266085282434903,0.1421313221897569
2026-08-19 22:28:43.312000036,9677.11594936709,4410.30075949367,9480.577215189873,9227.33164556962,9421.051139240508,8991.366075949367,363904.1711392405,2920.3260759493674,7587.198987341771,3714.902278481013,20283.32050632912,9754.228860759493,96181.46452043786,916450.9774543587,0.004848647663663836,0.003517614541083648,0.00327671528412788,0.003506657598938545,0.00304050531714835,0.00052748102472858,0.0036409445011574186,0.009011912256344583,141626.00222204928,65970.9543614364,97167.22720502561,125003.8539269361,81106.23275797223,20641.18761371166,46014.05764762617,384616.12194427627,137790.83015476505,64207.695195397944,89412.47884200083,96564.75930909724,66594.63544427359,10.834321203942784,22000.90081137552,315461.32194684836,0.0,0.0,0.0,0.0,0.0,0.0,0.0,0.0,0.002856246766171794,0.0013045530496811966,0.0028517871235188034,0.002806958025002451,0.0028480897175435903,0.0026747186039435896,0.10806616618497862,0.00102206922937094,0.0022792726469113224,0.0011241077973213676,0.006018584769821799,0.002867553862589743,0.027781512921451857,0.26466985181606184,0.001875643554696985,0.0008280882500840334,0.002881581387394957,0.0025127280829490193,0.002761552852405947,0.0017289990879753147,0.060721552945747895,0.00048413965305882346,0.00128799135507563,0.000667758267193277,0.003373400973960784,0.0017833850497550505,0.018330847534702988,0.14282364080242457
2026-08-19 22:28:58.312000036,9677.11594936709,4379.046075949367,9480.577215189873,9227.33164556962,9421.051139240508,9018.151898734177,363971.47746835445,2918.43341772152,7573.792405063292,3699.3630379746846,20316.577215189875,9764.074936708863,95989.08439278282,916816.7712056524,0.004848647663663836,0.003608497191316606,0.00327671528412788,0.003506657598938545,0.003030272607955899,0.0005300930930535516,0.003601732859992587,0.0088633389806298,141626.00222204928,65640.26066530008,97167.22720502561,125003.8539269361,78173.53258860958,22728.579189410408,47791.792078264894,382775.76356863824,137790.83015476505,63885.84021770231,89412.47884200083,96564.75930909724,64097.46906736104,10.438722836532643,22830.82390892469,312519.21891495504,0.0,0.0,0.0,0.0,0.0,0.0,0.0,0.0,0.0028630536796333335,0.00130765275801453,0.0028585746483585465,0.0028136337157075794,0.0028548771117743593,0.0026810735534628207,0.10832084688577229,0.0010244975963581197,0.002284656081038307,0.0011267786010072647,0.006032767199186879,0.002874366975570513,0.027835814694362304,0.26529432487028565,0.001875643554696985,0.0008288196394061624,0.002881581387394957,0.0025127280829490193,0.002761552852405947,0.0017487740312578572,0.06088641434278306,0.0004867980345658263,0.0012936324804817927,0.0006696375964705883,0.0033924281642520996,0.0017986201505882351,0.018373339958678153,0.14338786839550183
2026-08-19 22:29:13.312000036,9694.016202531644,4379.046075949367,9470.1782278481,9234.44658227848,9427.066329113924,9018.151898734177,364027.977721519,2918.43341772152,7573.792405063292,3699.3630379746846,20316.577215189875,9764.074936708863,95568.62651987476,916952.250426644,0.004848647663663836,0.003608497191316606,0.00327671528412788,0.003506657598938545,0.0030111531938039164,0.0005300930930535516,0.0035107997003752706,0.00880102169826446,141626.00222204928,65640.26066530008,97167.22720502561,125003.8539269361,67928.62338579346,22728.579189410408,46585.1899158104,370816.15831075347,137790.83015476505,63885.84021770231,89412.47884200083,96564.75930909724,53727.77807005225,10.438722836532643,22254.412765898003,301529.50205051515,0.0,0.0,0.0,0.0,0.0,0.0,0.0,0.0,0.002871639984469841,0.00130778826781291,0.002866025718815661,0.0028193095200410023,0.002862334594464339,0.002689217300269206,0.10858228968254842,0.0010256578366543915,0.002288362970241509,0.0011278955804706879,0.006046371085562264,0.0028824137265489945,0.02790032694186724,0.26594788327421726,0.0018947290366068317,0.0008288196394061624,0.002891034960380952,0.0025510799614444695,0.0028151239028571425,0.0017487740312578572,0.061020921555119824,0.0004867980345658263,0.0012936324804817927,0.0006696375964705883,0.0033924281642520996,0.0017986201505882351,0.018430196104471927,0.14402672820962792
2026-08-19 22:29:28.312000036,9694.016202531644,4349.2617721519,9470.1782278481,9234.44658227848,9427.066329113924,9038.700759493671,364101.715443038,2921.78430379747,7567.38835443038,3684.8870886075956,20335.288101265818,9782.169113924052,95388.72703306386,916853.5265954066,0.0047886471514940725,0.003608497191316606,0.0032407213675051303,0.00337752254570655,0.0030111531938039164,0.0005300930930535516,0.0035768817531701288,0.00867712569877654,146175.22394879613,65640.26066530008,96518.84438545641,127814.34271334937,67928.62338579346,22728.579189410408,45513.45619651068,361477.92772806395,142121.25118069694,63885.84021770231,88774.62943109994,98648.42480302184,53727.77807005225,10.438722836532643,21742.430210765553,291991.7511516136,0.0,0.0,0.0,0.0,0.0,0.0,0.0,0.0,0.002878451127326984,0.0013108809638446562,0.0028728148204029626,0.002825982835120367,0.002869123580972275,0.0026955764859834916,0.10883698628396353,0.0010280832049083598,0.0022937424584490566,0.001130562709835767,0.00606055215395849,0.0028892297567077244,0.027954652951650512,0.26657242478854143,0.0018947290366068317,0.0008297055990476189,0.002891034960380952,0.0025510799614444695,0.0028151239028571425,0.0017680912317166867,0.0611864456779085,0.0004898544028571429,0.0012994030930532211,0.0006715178024929972,0.00340924940680112,0.0018141243589048519,0.018479338408120907,0.14456555939630167
2026-08-19 22:29:43.312000036,9729.815696202533,4349.2617721519,9477.469367088608,9246.063797468356,9440.074936708863,9038.700759493671,364203.9706329114,2921.78430379747,7567.38835443038,3684.8870886075956,20335.288101265818,9782.169113924052,95059.09607628836,917092.2507974034,0.0047886471514940725,0.003608497191316606,0.0032407213675051303,0.0034353086296854936,0.0030111531938039164,0.0005300930930535516,0.0035768817531701288,0.008608439272754015,146175.22394879613,65640.26066530008,96518.84438545641,126192.23140030859,67928.62338579346,22728.579189410408,45513.45619651068,357872.93461433164,142121.25118069694,63885.84021770231,88774.62943109994,103322.96971808583,53727.77807005225,10.438722836532643,21742.430210765553,289283.29287204385,0.0,0.0,0.0,0.0,0.0,0.0,0.0,0.0,0.0028852622701841272,0.001313973659876402,0.0028796039219902646,0.0028326561501997322,0.0028759125674802117,0.002701935671697777,0.10909168288537861,0.001030508573162328,0.002299121946656604,0.0011332298392008465,0.006074733222354717,0.002896045786866455,0.028008978961433784,0.26719696630286566,0.0019158234035854345,0.0008297055990476189,0.002901339350274509,0.0025919716678024633,0.002871131430636255,0.0017680912317166867,0.0613235022597647,0.0004898544028571429,0.0012994030930532211,0.0006715178024929972,0.00340924940680112,0.0018141243589048519,0.018542084684819816,0.14524521103254862
2026-08-19 22:29:58.312000036,9729.815696202533,4316.916455696203,9477.469367088608,9246.063797468356,9440.074936708863,9059.325569620252,364272.0972151899,2920.848607594937,7560.826329113926,3668.2055696202538,20361.63645569621,9795.40860759494,94891.93388534944,917485.2453867181,0.0047886471514940725,0.003608497191316606,0.0032407213675051303,0.0034353086296854936,0.0030111531938039164,0.0005284518296702859,0.0035768817531701288,0.008546870956533406,146175.22394879613,65640.26066530008,96518.84438545641,126192.23140030859,67928.62338579346,23609.225530923428,45513.45619651068,344664.2707717713,142121.25118069694,63885.84021770231,88774.62943109994,103322.96971808583,53727.77807005225,7.229896043767702,21742.430210765553,276750.55209295696,0.0,0.0,0.0,0.0,0.0,0.0,0.0,0.0,0.00289207341304127,0.001317066355908148,0.002886393023577566,0.002839329465279097,0.0028827015539881484,0.002708294857412063,0.1093463794867937,0.001032933941416296,0.0023045014348641512,0.0011358969685659258,0.006088914290750943,0.0029028618170251846,0.02806330497121706,0.2678215078171898,0.0019158234035854345,0.0008304309003025209,0.002901339350274509,0.0025919716678024633,0.002871131430636255,0.0017874716818823528,0.061491610314361636,0.000492480043563025,0.0013053235450084032,0.0006731737266554623,0.003427142857871148,0.0018312809549852372,0.018590895616473504,0.14583436040116932
2026-08-19 22:30:13.312000036,9739.409620253164,4316.916455696203,9477.65164556962,9256.751392405064,9452.542784810126,9059.325569620252,364340.4729113924,2920.848607594937,7560.826329113926,3668.2055696202538,20361.63645569621,9795.40860759494,94593.6055643018,917521.9801225228,0.0047886471514940725,0.003608497191316606,0.0032407213675051303,0.0034353086296854936,0.0030111531938039164,0.0005284518296702859,0.0034633363277382016,0.00846457335344227,146175.22394879613,65640.26066530008,96518.84438545641,126192.23140030859,67928.62338579346,23609.225530923428,46425.92374996663,336250.40470559837,142121.25118069694,63885.84021770231,88774.62943109994,103322.96971808583,53727.77807005225,7.229896043767702,22149.487219211303,267711.5667283897,0.0,0.0,0.0,0.0,0.0,0.0,0.0,0.0,0.0029029929114465416,0.0013175545273710692,0.002892772015572327,0.002845710753925367,0.0028915383099194962,0.0027165585277165623,0.10961375838185004,0.0010344419650691824,0.002308452982671651,0.0011372433133509435,0.006102918173943096,0.0029115490500310273,0.028136376511251678,0.2685079635874661,0.0019345828483832335,0.0008304309003025209,0.002907999266168067,0.0026327938281512603,0.0029284185471401465,0.0017874716818823528,0.061623992707032046,0.000492480043563025,0.0013053235450084032,0.0006731737266554623,0.003427142857871148,0.0018312809549852372,0.0186461797538189,0.14649332634786524
2026-08-19 22:30:28.312000036,9739.409620253164,4288.930632911393,9477.65164556962,9256.751392405064,9452.542784810126,9060.653164556961,364380.0850632912,2922.322025316456,7557.833924050633,3653.790379746836,20376.15189873418,9815.407594936707,94372.51859737423,917498.9129398048,0.004574336452690933,0.003592796482876313,0.0032407213675051303,0.0034353086296854936,0.0029873927045531976,0.0005284518296702859,0.0035463246692462847,0.008361426912909163,128661.08727445219,63245.66696679926,96518.84438545641,126192.23140030859,71605.31922835663,23609.225530923428,47538.38007831479,329817.96951938263,124948.95031809906,61555.24876577635,88774.62943109994,103322.96971808583,52407.46655316783,7.229896043767702,22680.232441630193,261922.59901271007,0.0,0.0,0.0,0.0,0.0,0.0,0.0,0.0,0.0029098137251257865,0.0013206411193522013,0.0028995601523647795,0.002852383382070021,0.00289833211652327,0.002722922195955556,0.10986848453917092,0.001036865184408805,0.0023138291415501556,0.0011399073487283018,0.006117098829706335,0.00291836946355304,0.028190746594233113,0.26913264955874233,0.0019345828483832335,0.0008310446155294118,0.002907999266168067,0.0026327938281512603,0.0029284185471401465,0.0018060510785145023,0.06178963200262931,0.0004950583257647056,0.0013109803535294117,0.0006746206493725491,0.0034427590959327727,0.0018495335080562652,0.018694990286087877,0.1470684194798068
2026-08-19 22:30:43.312000036,9763.26075949367,4288.930632911393,9492.88101265823,9262.092151898736,9473.368101265822,9060.653164556961,364482.2126582279,2922.322025316456,7557.833924050633,3653.790379746836,20376.15189873418,9815.407594936707,94101.76046768349,917872.099710856,0.004574336452690933,0.0035516122551219574,0.0032407213675051303,0.0034353086296854936,0.0029873927045531976,0.0005156274872760982,0.0035463246692462847,0.008190108470720664,128661.08727445219,63597.66072105735,96518.84438545641,126192.23140030859,71605.31922835663,23036.28250211593,47538.38007831479,313882.2386082391,124948.95031809906,61848.475676578346,88774.62943109994,103322.96971808583,52407.46655316783,7.0544426587401405,22680.232441630193,247288.32508358627,0.0,0.0,0.0,0.0,0.0,0.0,0.0,0.0,0.002916634538805032,0.0013237277113333334,0.0029063482891572325,0.0028590560102146746,0.0029051259231270437,0.002729285864194549,0.11012321069649178,0.0010392884037484275,0.00231920530042866,0.0011425713841056603,0.006131279485469576,0.002925189877075052,0.028245116677214546,0.2697573355300185,0.001955408820872734,0.0008310446155294118,0.00291527632182633,0.002673477810680554,0.002986930658625154,0.0018060510785145023,0.061922235073115464,0.0004950583257647056,0.0013109803535294117,0.0006746206493725491,0.0034427590959327727,0.0018495335080562652,0.01874986858428215,0.14773700010927884
2026-08-19 22:30:58.312000036,9763.26075949367,4262.008101265823,9492.88101265823,9262.092151898736,9473.368101265822,9084.996455696206,364560.2096202532,2924.321012658228,7563.223291139242,3639.277974683544,20405.817721518983,9836.13265822785,93917.84220654648,918351.4052553035,0.004574336452690933,0.0035516122551219574,0.0032212603469530584,0.0034353086296854936,0.0029873927045531976,0.0005246311417728622,0.0035342963678078924,0.008101171618514686,128661.08727445219,63597.66072105735,83353.56317932886,126192.23140030859,71605.31922835663,22544.85081752653,45762.47912286899,311904.5736339364,124948.95031809906,61848.475676578346,75994.70160483703,103322.96971808583,52407.46655316783,6.903950640798203,21832.96237486582,245504.0683227954,0.0,0.0,0.0,0.0,0.0,0.0,0.0,0.0,0.0029234553524842767,0.0013268143033144655,0.0029131364259496854,0.002865728638359329,0.0029119197297308172,0.0027356495324335427,0.11037793685381266,0.0010417116230880502,0.0023245814593071657,0.001145235419483019,0.0061454601412328155,0.002932010290597065,0.028299486760195974,0.27038202150129476,0.001955408820872734,0.0008317865035966385,0.00291527632182633,0.002673477810680554,0.002986930658625154,0.0018259002554785815,0.06209087457528851,0.0004976901639327731,0.0013169031883921568,0.0006764313341064424,0.0034609846241176463,0.0018682591313404049,0.018799638654014506,0.1483574052957436
2026-08-19 22:31:13.312000036,9779.243544303801,4262.008101265823,9507.636455696205,9265.060253164558,9494.065822784813,9084.996455696206,364649.5959493671,2924.321012658228,7563.223291139242,3639.277974683544,20405.817721518983,9836.13265822785,93607.62916937046,918374.665309101,0.004574336452690933,0.0035516122551219574,0.0032212603469530584,0.003398371900890391,0.0029873927045531976,0.0005233448088326141,0.0035342963678078924,0.008011993292434322,128661.08727445219,63597.66072105735,83353.56317932886,113374.48772649861,71605.31922835663,23539.670554608067,45762.47912286899,311484.5309603484,124948.95031809906,61848.475676578346,75994.70160483703,90998.19892933013,52407.46655316783,5.406861010935165,21832.96237486582,243613.80458180225,0.0,0.0,0.0,0.0,0.0,0.0,0.0,0.0,0.0029316406819181722,0.0013273720771671855,0.002919725567085359,0.0028719821522663067,0.002920551689683904,0.0027428371504207684,0.11064144959964609,0.0010430849293831775,0.0023296159165868313,0.001146497250218899,0.006159212755344033,0.0029407056141939765,0.02836795782069795,0.2710790914802847,0.001975326746923351,0.0008317865035966385,0.0029224782326610645,0.0027138331108955585,0.003050960020212885,0.0018259002554785815,0.06222393180678181,0.0004976901639327731,0.0013169031883921568,0.0006764313341064424,0.0034609846241176463,0.0018682591313404049,0.01885076599494766,0.1490204231695013
2026-08-19 22:31:28.312000036,9779.243544303801,4231.768101265823,9507.636455696205,9265.060253164558,9494.065822784813,9098.396962025316,364695.7124050633,2925.6273417721522,7561.971645569621,3622.417215189874,20416.991392405067,9858.012151898734,93408.64207507137,918193.1244190057,0.004574336452690933,0.0035516122551219574,0.0032212603469530584,0.003398371900890391,0.0029873927045531976,0.0005233448088326141,0.0035342963678078924,0.007959565724055187,128661.08727445219,63597.66072105735,83353.56317932886,113374.48772649861,71605.31922835663,23539.670554608067,45762.47912286899,305611.47085335513,124948.95031809906,61848.475676578346,75994.70160483703,90998.19892933013,52407.46655316783,5.406861010935165,21832.96237486582,238146.7767112344,0.0,0.0,0.0,0.0,0.0,0.0,0.0,0.0,0.002938464678802907,0.0013304527975721702,0.002926513239982555,0.0028786538033566487,0.0029273497823630312,0.0027492027399846314,0.1108961960386893,0.001045505712093458,0.002334991286185597,0.0011491580313715472,0.006173392422782304,0.0029475303789914848,0.028422360740127207,0.27170394460684094,0.001975326746923351,0.0008325524918487394,0.0029224782326610645,0.0027138331108955585,0.003050960020212885,0.0018466116352252372,0.0623891327361718,0.0005005432652941176,0.0013225482092100837,0.0006782266369579831,0.0034777042593613443,0.001885794574730815,0.01891055399440588,0.14956387739507945
2026-08-19 22:31:43.312000036,9799.889620253167,4231.768101265823,9527.264810126586,9277.312405063296,9517.907848101268,9098.396962025316,364804.6268354431,2925.6273417721522,7561.971645569621,3622.417215189874,20416.991392405067,9858.012151898734,93092.27769895033,918429.4157110895,0.004421502207142954,0.0035472696784957423,0.0032212603469530584,0.003398371900890391,0.0029688924600187153,0.0005233448088326141,0.0035342963678078924,0.007876682791489396,132394.32127541816,61614.38195430436,83353.56317932886,113374.48772649861,74589.06633438419,23539.670554608067,45762.47912286899,305911.4302448431,128490.61300526925,59919.744852603515,75994.70160483703,90998.19892933013,54526.25490364002,5.406861010935165,21832.96237486582,237402.94099634496,0.0,0.0,0.0,0.0,0.0,0.0,0.0,0.0,0.002945288675687643,0.0013335335179771547,0.0029333009128797508,0.002885325454446992,0.0029341478750421596,0.002755568329548494,0.1111509424777325,0.0010479264948037382,0.002340366655784362,0.001151818812524195,0.006187572090220576,0.0029543551437889925,0.02847676365955647,0.27232879773339724,0.0019946316558311127,0.0008325524918487394,0.002930212801815126,0.0027575480515795885,0.0030641594493725486,0.0018466116352252372,0.0625224744688951,0.0005005432652941176,0.0013225482092100837,0.0006782266369579831,0.0034777042593613443,0.001885794574730815,0.018947864339480956,0.15011130976985776
2026-08-19 22:31:58.312000036,9799.889620253167,4202.138734177215,9527.264810126586,9277.312405063296,9517.907848101268,9117.53924050633,364892.1235443038,2927.5230379746836,7567.525063291138,3607.0481012658224,20441.286075949367,9879.183797468353,92928.51709307662,918576.038097711,0.004421502207142954,0.0035472696784957423,0.003104088713170682,0.003398371900890391,0.0029688924600187153,0.0005233448088326141,0.0035024898933117767,0.007805967098039703,132394.32127541816,61614.38195430436,72930.70522497741,113374.48772649861,74589.06633438419,23539.670554608067,47121.07982834669,297495.92578034836,128490.61300526925,59919.744852603515,65768.15624582935,90998.19892933013,54526.25490364002,5.406861010935165,22423.33451467765,229414.92127756384,0.0,0.0,0.0,0.0,0.0,0.0,0.0,0.0,0.0029521126725723774,0.0013366142383821392,0.002940088585776947,0.0028919971055373344,0.002940945967721287,0.0027619339191123572,0.11140568891677571,0.0010503472775140186,0.0023457420253831275,0.0011544795936768429,0.006201751757658847,0.0029611799085865,0.02853116657898573,0.2729536508599536,0.0019946316558311127,0.000833212500168067,0.002930212801815126,0.0027575480515795885,0.0030641594493725486,0.0018678206541454271,0.06269012706260503,0.0005031511380392156,0.00132849411372549,0.0006795740039215685,0.0034961013901848733,0.0019034996399832859,0.01900592540101907,0.15068329269308858
2026-08-19 22:32:13.312000036,9802.988354430383,4202.138734177215,9536.83746835443,9278.831392405065,9527.319493670888,9117.53924050633,364947.1291139241,2927.5230379746836,7567.525063291138,3607.0481012658224,20441.286075949367,9879.183797468353,92611.22994045111,918618.5970637639,0.004358749286451665,0.003518395799519817,0.0031827314572128195,0.003398371900890391,0.0028943513421766398,0.0005233448088326141,0.0034946943001991446,0.007696247439104636,136447.04847134915,48120.115289700356,74778.42006620757,113374.48772649861,72716.33013452645,23539.670554608067,45532.43659453593,293194.1386960533,122929.47860818684,46698.245356228195,67434.4063938417,90998.19892933013,53157.24337931096,5.406861010935165,21667.35271659525,225770.71174137507,0.0,0.0,0.0,0.0,0.0,0.0,0.0,0.0,0.002960964520091358,0.0013371694747020579,0.0029472208039646093,0.002897469565696405,0.0029510312383251034,0.0027697837638567904,0.11167179294751313,0.0010517404397563785,0.002350919139739042,0.0011554530470847734,0.006215746092543934,0.002970131736986008,0.02859719902794143,0.2735520356729253,0.0020118887906830953,0.000833212500168067,0.002934746591820727,0.0027986671408996534,0.0030754670560336136,0.0018678206541454271,0.06281714983903268,0.0005031511380392156,0.00132849411372549,0.0006795740039215685,0.0034961013901848733,0.0019034996399832859,0.01903486715606189,0.15120465201724814
2026-08-19 22:32:28.312000036,9802.988354430383,4174.909367088609,9536.83746835443,9278.831392405065,9527.319493670888,9128.062784810127,364999.3184810127,2933.2010126582286,7570.727088607593,3591.4329113924055,20450.035443037978,9899.92101265823,92427.869049421,918114.3924534569,0.004358749286451665,0.003518395799519817,0.003178177430525309,0.003370390248456576,0.0029568560916478854,0.0005200002201664882,0.0034946943001991446,0.007580743418580219,136447.04847134915,48120.115289700356,71851.7160276717,116331.7043299044,71002.71802226319,22650.83669616474,45532.43659453593,292348.63164852,122929.47860818684,46698.245356228195,64795.1349388633,93298.79167619807,51904.55507751143,5.2027034751163175,21667.35271659525,222944.73405316644,0.0,0.0,0.0,0.0,0.0,0.0,0.0,0.0,0.0029677932029617284,0.0013402443851958847,0.0029540092731004113,0.0029041384468692444,0.002957836925053498,0.002776152782375309,0.11192656537411866,0.001054158859509465,0.0023562940556411827,0.0011581099483193413,0.006229925336427727,0.0029769613928502052,0.028651628775367005,0.27417682820802874,0.0020118887906830953,0.000833966932190476,0.002934746591820727,0.0027986671408996534,0.0030754670560336136,0.0018891949212857136,0.06298074342619109,0.0005067976667619046,0.0013334181615238091,0.000680691383047619,0.003512823604929971,0.0019222471008851535,0.019093771741720323,0.1517150675390668
2026-08-19 22:32:43.312000036,9807.897721518988,4174.909367088609,9548.412151898736,9299.927088607594,9545.57164556962,9128.062784810127,365093.3043037975,2933.2010126582286,7570.727088607593,3591.4329113924055,20450.035443037978,9899.92101265823,92086.7300672866,918322.0859079848,0.004358749286451665,0.003518395799519817,0.003178177430525309,0.0032921929006855762,0.0029568560916478854,0.0005200002201664882,0.0034946943001991446,0.007431117663553797,136447.04847134915,48120.115289700356,71851.7160276717,113632.660578385,71002.71802226319,22650.83669616474,45532.43659453593,280745.2907457345,122929.47860818684,46698.245356228195,64795.1349388633,91134.14084306126,51904.55507751143,5.2027034751163175,21667.35271659525,212608.46702783476,0.0,0.0,0.0,0.0,0.0,0.0,0.0,0.0,0.002974621885832099,0.0013433192956897118,0.0029607977422362146,0.0029108073280420844,0.002964642611781893,0.002782521800893827,0.11218133780072415,0.0010565772792625514,0.0023616689715433227,0.0011607668495539094,0.006244104580311518,0.0029837910487144027,0.02870605852279259,0.27480162074313214,0.0020312175352629937,0.000833966932190476,0.0029449746272044823,0.002845056757130314,0.003087047417619047,0.0018891949212857136,0.06311457353887581,0.0005067976667619046,0.0013334181615238091,0.000680691383047619,0.003512823604929971,0.0019222471008851535,0.019133757563602114,0.15227769671382826
2026-08-19 22:32:58.312000036,9807.897721518988,4148.664303797468,9548.412151898736,9299.927088607594,9545.57164556962,9155.055189873417,365176.2379746836,2945.349873417721,7576.474936708861,3573.739746835444,20481.99797468355,9910.022278481012,91879.20343199083,918181.1212611725,0.004358749286451665,0.003506759842259029,0.003178177430525309,0.003271127961632722,0.0029568560916478854,0.0005216520883047287,0.0034946943001991446,0.007390301439847167,136447.04847134915,46417.212303524044,71851.7160276717,112905.58742632307,71002.71802226319,20587.512163291725,45532.43659453593,281674.99639016495,122929.47860818684,45045.66034084407,64795.1349388633,90551.02339508501,51904.55507751143,5.40307378968377,21667.35271659525,213167.5283349813,0.0,0.0,0.0,0.0,0.0,0.0,0.0,0.0,0.002981450568702469,0.001346394206183539,0.0029675862113720166,0.002917476209214923,0.002971448298510288,0.0027888908194123457,0.11243611022732965,0.0010589956990156378,0.0023670438874454636,0.0011634237507884772,0.00625828382419531,0.0029906207045786006,0.02876048827021817,0.2754264132782355,0.0020312175352629937,0.0008349494447731089,0.0029449746272044823,0.002845056757130314,0.003087047417619047,0.001912406144645152,0.06328356480731838,0.0005111199550924369,0.0013386175675294115,0.0006819056607394957,0.003531146245714285,0.0019412936638092107,0.019190035724092815,0.1528667273563775
2026-08-19 22:33:13.312000036,9805.099746835444,4148.664303797468,9549.521012658228,9326.327088607595,9557.386329113926,9155.055189873417,365247.6546835443,2945.349873417721,7576.474936708861,3573.739746835444,20481.99797468355,9910.022278481012,91499.69044613754,918314.4808278258,0.004358749286451665,0.003506759842259029,0.003178177430525309,0.0033585263860027195,0.0029568560916478854,0.0005216520883047287,0.0034700879399051374,0.00731529911341924,136447.04847134915,46417.212303524044,71851.7160276717,110691.20278720908,71002.71802226319,20587.512163291725,47341.02286988797,262749.22510005964,122929.47860818684,45045.66034084407,64795.1349388633,88684.22887649886,51904.55507751143,5.40307378968377,22525.134737307264,199971.81638440784,0.0,0.0,0.0,0.0,0.0,0.0,0.0,0.0,0.002987649531733333,0.0013475992854222222,0.0029732066538813457,0.0029237757201498044,0.002979771209677472,0.002798575093467074,0.11270066316619315,0.0010619170821153923,0.0023728483914949496,0.0011639751951592254,0.0062723897485099,0.0029996861128,0.02882365297032829,0.2759857071373243,0.0020501167388903385,0.0008349494447731089,0.0029514568079999992,0.002895582360906544,0.003094160273030812,0.001912406144645152,0.06341454326438156,0.0005111199550924369,0.0013386175675294115,0.0006819056607394957,0.003531146245714285,0.0019412936638092107,0.019223202175902978,0.1534061738516587
2026-08-19 22:33:28.312000036,9805.099746835444,4125.9767088607605,9549.521012658228,9326.327088607595,9557.386329113926,9165.873417721517,365282.7402531646,2963.0399999999995,7570.323037974685,3558.230886075949,20510.682531645565,9921.226329113924,91287.23789577199,917764.7431288428,0.004161219391471007,0.003506759842259029,0.003178177430525309,0.003214987238139997,0.0029291510229393467,0.0005216520883047287,0.0034700879399051374,0.007297710167789697,125143.23537317645,46417.212303524044,71851.7160276717,112579.44644744245,62859.042893316626,20587.512163291725,47341.02286988797,262666.47169162077,111431.22468220799,45045.66034084407,64795.1349388633,90105.78434736926,43130.1257466248,5.40307378968377,22525.134737307264,200324.32681480687,0.0,0.0,0.0,0.0,0.0,0.0,0.0,0.0,0.0029944767748526,0.0013506699329757389,0.0029799924497529054,0.0029304437560825265,0.002986580369463405,0.002804951700500714,0.112955457769981,0.0010643366478646275,0.002378224281646464,0.00116662729913476,0.006286568826540201,0.0030065208628,0.028878102665700074,0.2766103510833952,0.0020501167388903385,0.0008358774675686274,0.0029514568079999992,0.002895582360906544,0.003094160273030812,0.0019343564365902285,0.06357791731981699,0.0005157882660168066,0.0013432752417759102,0.0006825678522016806,0.0035485349643025197,0.001959479491458785,0.019272189394618677,0.15392438981267526
2026-08-19 22:33:43.312000036,9801.429873417725,4125.9767088607605,9551.571645569622,9346.75746835443,9568.930632911395,9165.873417721517,365337.6607594937,2963.0399999999995,7570.323037974685,3558.230886075949,20510.682531645565,9921.226329113924,90902.36902896201,918161.7647340267,0.00412010536475439,0.003461836108384117,0.0031576642985595505,0.0033062709142754904,0.0029291510229393467,0.0005292929412827008,0.0034700879399051374,0.007166725801373306,120491.40725110663,34375.9249739542,70912.22334989229,115775.93370160864,62859.042893316626,19848.708282162163,47341.02286988797,262365.68125931657,107290.06932437464,33296.868183282866,63628.28196499475,92664.17311442965,43130.1257466248,5.209178973535692,22525.134737307264,202231.17688313042,0.0,0.0,0.0,0.0,0.0,0.0,0.0,0.0,0.003001304017971865,0.0013537405805292557,0.0029867782456244655,0.0029371117920152477,0.002993389529249338,0.0028113283075343522,0.11321025237376887,0.001066756213613863,0.00238360017179798,0.0011692794031102954,0.006300747904570506,0.0030133556127999992,0.028932552361071857,0.277234995029466,0.002070370667529412,0.0008358774675686274,0.002961208629691877,0.0029470900027511304,0.0031043656319495795,0.0019343564365902285,0.06371348014787301,0.0005157882660168066,0.0013432752417759102,0.0006825678522016806,0.0035485349643025197,0.001959479491458785,0.019308250854258295,0.15450584450146207
2026-08-19 22:33:58.312000036,9801.429873417725,4100.482025316456,9551.571645569622,9346.75746835443,9568.930632911395,9171.168607594936,365379.30835443037,2977.880506329113,7569.852151898736,3542.2967088607593,20545.06632911392,9915.5817721519,90686.4330710563,917953.3209979075,0.00412010536475439,0.003461836108384117,0.00314586455012028,0.0033062709142754904,0.0029291510229393467,0.0005292929412827008,0.003372657326542237,0.007109839455466881,120491.40725110663,34375.9249739542,68298.89057950789,115775.93370160864,62859.042893316626,19848.708282162163,46011.815951988836,258954.53330022132,107290.06932437464,33296.868183282866,61283.38475930544,92664.17311442965,43130.1257466248,5.209178973535692,21892.69033487583,199772.7962644753,0.0,0.0,0.0,0.0,0.0,0.0,0.0,0.0,0.0030081312610911316,0.0013568112280827728,0.0029935640414960247,0.0029437798279479694,0.0030001986890352697,0.0028177049145679915,0.11346504697755676,0.0010691757793630987,0.0023889760619494947,0.0011719315070858308,0.006314926982600808,0.0030201903628000004,0.028987002056443653,0.27785963897553695,0.002070370667529412,0.0008365464018823527,0.002961208629691877,0.0029470900027511304,0.0031043656319495795,0.0019567835418228827,0.06387897401705445,0.0005200150525490195,0.001348591819294118,0.0006830315758431372,0.003567435097899159,0.001978334987266771,0.0193577773153943,0.1550658830014312
2026-08-19 22:34:13.312000036,9809.890632911392,4100.482025316456,9551.80253164557,9384.066835443038,9579.970632911396,9171.168607594936,365472.1974683544,2977.880506329113,7569.852151898736,3542.2967088607593,20545.06632911392,9915.5817721519,90318.58105722301,918414.613225143,0.00412010536475439,0.003461836108384117,0.00314586455012028,0.0033062709142754904,0.0029232531530003826,0.0005292929412827008,0.003451770489999874,0.007053341698510435,120491.40725110663,34375.9249739542,68298.89057950789,115775.93370160864,59988.49623763937,19848.708282162163,45055.705382340384,256183.26507104965,107290.06932437464,33296.868183282866,61283.38475930544,92664.17311442965,41159.32436807243,5.209178973535692,21437.76735054814,197840.2151636741,0.0,0.0,0.0,0.0,0.0,0.0,0.0,0.0,0.0030143119580517182,0.0013583172082553534,0.0029991948415361617,0.0029541914652721326,0.003007270903396363,0.0028254654530141415,0.11372894475636196,0.0010735159370157574,0.0023936019180820826,0.0011721211407402022,0.006331914095659659,0.003027989064081616,0.029051519722383845,0.27844049385633973,0.002091401379631098,0.0008365464018823527,0.002970286876504202,0.0030048695615231082,0.003113737318845938,0.0019567835418228827,0.0640172190289169,0.0005200150525490195,0.001348591819294118,0.0006830315758431372,0.003567435097899159,0.001978334987266771,0.019395893259259802,0.15565849581673344
2026-08-19 22:34:28.312000036,9809.890632911392,4075.172658227849,9551.80253164557,9384.066835443038,9579.970632911396,9170.34835443038,365521.9959493671,2994.4465822784805,7571.070379746833,3526.3351898734186,20556.595443037975,9924.23088607595,90138.28241959178,918155.5558233946,0.00412010536475439,0.003453834943273354,0.00314586455012028,0.0033062709142754904,0.0029232531530003826,0.0005267519208643556,0.003451770489999874,0.006811705673152331,120491.40725110663,33189.19707842297,68298.89057950789,115775.93370160864,59988.49623763937,20637.898885171322,45055.705382340384,244398.85331315888,107290.06932437464,32147.39155576325,61283.38475930544,92664.17311442965,41159.32436807243,5.416771360937355,21437.76735054814,186900.64409806553,0.0,0.0,0.0,0.0,0.0,0.0,0.0,0.0,0.00302113773608202,0.0013613843203765653,0.0030059780180513133,0.0029608679925448595,0.003014080660214545,0.0028318451992262626,0.11398375980966527,0.0010759398392884846,0.0023989761222862867,0.0011747676846795955,0.00634609948605005,0.0030348259905967675,0.029105992192706338,0.2790650392833005,0.002091401379631098,0.0008370451525210082,0.002970286876504202,0.0030048695615231082,0.003113737318845938,0.001978527309846421,0.06418285481471521,0.0005243834231092436,0.0013537429852941171,0.0006833736554621848,0.003583381424941177,0.0019980940323529412,0.01945044242232069,0.1562166983806604
2026-08-19 22:34:43.312000036,9837.034936708862,4075.172658227849,9568.939746835444,9436.134683544307,9573.135189873421,9170.34835443038,365643.9524050633,2994.4465822784805,7571.070379746833,3526.3351898734186,20556.595443037975,9924.23088607595,89818.6633584497,918594.463457551,0.00412010536475439,0.003453834943273354,0.00314586455012028,0.003297062164558952,0.0029232531530003826,0.0005267519208643556,0.00330705054553373,0.006800964665628863,120491.40725110663,33189.19707842297,68298.89057950789,117176.88153113016,59988.49623763937,20637.898885171322,46111.14758242126,240860.03008899142,107290.06932437464,32147.39155576325,61283.38475930544,94679.71166105047,41159.32436807243,5.416771360937355,21939.95290385995,180664.99245685493,0.0,0.0,0.0,0.0,0.0,0.0,0.0,0.0,0.0030279635141123233,0.0013644514324977776,0.0030127611945664646,0.0029675445198175873,0.0030208904170327274,0.002838224945438384,0.11423857486296857,0.001078363741561212,0.0024043503264904904,0.0011774142286189897,0.006360284876440439,0.003041662917111919,0.029160464663028823,0.2796895847102614,0.002114946632766726,0.0008370451525210082,0.002982258737277311,0.003065722390689609,0.003121817533260504,0.001978527309846421,0.06432398574396016,0.0005243834231092436,0.0013537429852941171,0.0006833736554621848,0.003583381424941177,0.0019980940323529412,0.019497717721221955,0.156815743091911
2026-08-19 22:34:58.312000036,9837.034936708862,4052.409113924051,9568.939746835444,9436.134683544307,9573.135189873421,9173.395443037976,365696.0384810127,3009.754936708861,7568.172151898735,3510.680506329113,20586.64101265823,9931.579746835447,89618.45622800072,918402.7511438293,0.003933395784543325,0.003453834943273354,0.0031207674117485805,0.003297062164558952,0.0029232531530003826,0.0005267519208643556,0.003395704465826027,0.006705999763235606,126399.78040411742,33189.19707842297,55882.55056926884,117176.88153113016,59988.49623763937,20637.898885171322,47347.27444110481,242711.52752849952,112832.85398398779,32147.39155576325,48972.86042345067,94679.71166105047,41159.32436807243,5.416771360937355,22528.109271346508,182581.2924987167,0.0,0.0,0.0,0.0,0.0,0.0,0.0,0.0,0.0030347892921426273,0.0013675185446189897,0.0030195443710816163,0.0029742210470903143,0.003027700173850909,0.0028446046916505052,0.11449338991627185,0.0010807876438339392,0.0024097245306946946,0.0011800607725583837,0.006374470266830832,0.0030484998436270706,0.029214937133351323,0.28031413013722223,0.002114946632766726,0.0008373804163585432,0.002982258737277311,0.003065722390689609,0.003121817533260504,0.002001120494737303,0.0644900599352493,0.0005288233760224088,0.001359018639585434,0.0006835974363249298,0.0036000389571428566,0.0020177555817642253,0.019553174929189364,0.15738890059501745
2026-08-19 22:35:13.312000036,9859.48556962025,4052.409113924051,9569.975696202531,9470.390886075953,9573.633417721521,9173.395443037976,365790.26734177215,3009.754936708861,7568.172151898735,3510.680506329113,20586.64101265823,9931.579746835447,89279.96902586657,918820.064031804,0.003933395784543325,0.003453834943273354,0.0031207674117485805,0.003297062164558952,0.0028983993753659977,0.0005267519208643556,0.003395704465826027,0.006682071562049171,126399.78040411742,33189.19707842297,55882.55056926884,117176.88153113016,61648.28162970737,20637.898885171322,47347.27444110481,243222.84397553257,112832.85398398779,32147.39155576325,48972.86042345067,94679.71166105047,41966.23609661055,5.416771360937355,22528.109271346508,184005.3655835836,0.0,0.0,0.0,0.0,0.0,0.0,0.0,0.0,0.003045647688575776,0.0013688255824288289,0.0030273237523667667,0.0029873215516547187,0.0030352405130434426,0.0028503086654798797,0.11476766131716508,0.0010849042071119119,0.0024144272171150796,0.0011801801453037036,0.0063891301618468265,0.0030572148656560563,0.02928780729990728,0.28096299359443877,0.0021376698482042495,0.0008373804163585432,0.0029914234869635845,0.0031278283101111412,0.003133643018823529,0.002001120494737303,0.06463151648043634,0.0005288233760224088,0.001359018639585434,0.0006835974363249298,0.0036000389571428566,0.0020177555817642253,0.019601439902895493,0.15799316050247564
2026-08-19 22:35:28.312000036,9859.48556962025,4028.34835443038,9569.975696202531,9470.390886075953,9573.633417721521,9169.008607594937,365817.715443038,3024.6106329113927,7557.812658227849,3503.7934177215197,20582.867848101265,9944.779746835442,89083.67141362416,918475.1371503588,0.003933395784543325,0.003413601214715596,0.0030432235183314293,0.003180373915847036,0.0028872264921755994,0.0005207030556320667,0.003395704465826027,0.006624392997794794,126399.78040411742,33104.13655570387,54493.99769957774,118811.4171758295,64820.717352167296,19749.71327481707,47347.27444110481,240346.61103153246,112832.85398398779,32016.481352440394,47755.99746381046,95765.48624099063,40566.126575266586,5.183198304999669,22528.109271346508,181480.23683412405,0.0,0.0,0.0,0.0,0.0,0.0,0.0,0.0,0.00305248253241962,0.0013718887536,0.003034109168282682,0.0029940125186216863,0.0030420519124428427,0.002856686892957357,0.11502251969067699,0.0010873318970518518,0.002419799925448413,0.0011828210341925925,0.006403316609763492,0.0030640559947851856,0.02934232108842762,0.2815875930785237,0.0021376698482042495,0.0008375273718375351,0.0029914234869635845,0.0031278283101111412,0.003133643018823529,0.002022187529615214,0.06479289116632679,0.0005328054967675067,0.0013641041908067223,0.0006838161136750699,0.0036102101737366943,0.002037527710762097,0.019653510520875876,0.15855674984931303
2026-08-19 22:35:43.312000036,9887.2617721519,4028.34835443038,9589.09670886076,9502.244050632911,9587.933164556962,9169.008607594937,365940.5589873418,3024.6106329113927,7557.812658227849,3503.7934177215197,20582.867848101265,9944.779746835442,88763.178725158,919119.215770612,0.003933395784543325,0.003413601214715596,0.0031171824949789476,0.0032645364648318915,0.0028872264921755994,0.0005207030556320667,0.003313219408646647,0.006507945136535562,126399.78040411742,33104.13655570387,53414.02859106518,121955.5354407278,64820.717352167296,19749.71327481707,46197.16179765593,237187.04603951043,112832.85398398779,32016.481352440394,46809.56291717563,98299.73775986252,40566.126575266586,5.183198304999669,21980.87896903623,179405.3482069908,0.0,0.0,0.0,0.0,0.0,0.0,0.0,0.0,0.0030593173762634637,0.001374951924771171,0.003040894584198598,0.0030007034855886526,0.0030488633118422427,0.002863065120434834,0.11527737806418888,0.0010897595869917918,0.002425172633781746,0.0011854619230814811,0.006417503057680157,0.003070897123914314,0.02939683487694796,0.28221219256260865,0.0021606848357164405,0.0008375273718375351,0.0030031589642577025,0.0031917733692960457,0.0031452710750252103,0.002022187529615214,0.0649340087691167,0.0005328054967675067,0.0013641041908067223,0.0006838161136750699,0.0036102101737366943,0.002037527710762097,0.019705124027793407,0.15919984315307095
2026-08-19 22:35:58.312000036,9887.2617721519,4001.9878481012665,9589.09670886076,9502.244050632911,9587.933164556962,9175.482531645568,366005.9817721519,3036.923544303798,7553.8298734177215,3501.5483544303797,20591.22227848101,9962.02329113924,88612.90265229937,919235.307675801,0.003933395784543325,0.0034007902663277935,0.0031171824949789476,0.0032645364648318915,0.0028872264921755994,0.0005227981847011861,0.0033828615199625145,0.006439409341143669,126399.78040411742,31780.648483754543,53414.02859106518,121955.5354407278,64820.717352167296,17560.236644977853,44991.154106641654,231093.91211686376,112832.85398398779,30736.477232579367,46809.56291717563,98299.73775986252,40566.126575266586,5.375034173546941,21407.053477158137,180194.79803694735,0.0,0.0,0.0,0.0,0.0,0.0,0.0,0.0,0.0030661522201073073,0.0013780150959423424,0.003047680000114515,0.0030073944525556198,0.0030556747112416415,0.0028694433479123124,0.11553223643770079,0.0010921872769317318,0.002430545342115079,0.0011881028119703702,0.006431689505596826,0.0030777382530434434,0.029451348665468297,0.2828367920466936,0.0021606848357164405,0.0008375020001344537,0.0030031589642577025,0.0031917733692960457,0.0031452710750252103,0.002045335724500632,0.06509964456742233,0.0005367728063865547,0.0013694273732436971,0.0006843198552605041,0.0036229059247282897,0.002057192847571768,0.019756771872309332,0.15980412181157813
2026-08-19 22:36:13.312000036,9889.066329113928,4001.9878481012665,9595.561518987346,9519.037974683544,9611.99088607595,9175.482531645568,366098.26025316457,3036.923544303798,7553.8298734177215,3501.5483544303797,20591.22227848101,9962.02329113924,88244.98516215272,919481.5747838324,0.003933395784543325,0.0034007902663277935,0.0031051274388496255,0.0032537514081475345,0.0028872264921755994,0.0005227981847011861,0.0033828615199625145,0.006323460609894115,126399.78040411742,31780.648483754543,41828.240672776476,117625.59902660594,64820.717352167296,17560.236644977853,44991.154106641654,236548.56398469716,112832.85398398779,30736.477232579367,35366.00745199199,94809.68204007174,40566.126575266586,5.375034173546941,21407.053477158137,183169.43811721922,0.0,0.0,0.0,0.0,0.0,0.0,0.0,0.0,0.0030764502331404766,0.0013793596608190476,0.003055738720265079,0.0030182486552130135,0.0030640738074801583,0.0028741298907825393,0.11580087795970816,0.0010959286196960316,0.0024343731725813174,0.0011890358751174602,0.0064429982991590935,0.0030862955224214284,0.02952107913838118,0.28350251193630194,0.0021796408805855243,0.0008375020001344537,0.0030120834842016805,0.003255699866095237,0.0031599082567507,0.002045335724500632,0.06523748178641393,0.0005367728063865547,0.0013694273732436971,0.0006843198552605041,0.0036229059247282897,0.002057192847571768,0.019807179875747,0.16040636652461346
2026-08-19 22:36:28.312000036,9889.066329113928,3969.8005063291143,9595.561518987346,9519.037974683544,9611.99088607595,9174.762531645569,366133.66177215194,3042.118481012658,7552.948860759496,3498.586329113923,20578.01924050634,9983.04,88041.33346841705,919047.1741592274,0.0038894341024151907,0.0034007902663277935,0.0031051274388496255,0.0032537514081475345,0.0028872264921755994,0.0005227981847011861,0.0033828615199625145,0.00620459625567692,130982.32310649724,31780.648483754543,41828.240672776476,117625.59902660594,64820.717352167296,17560.236644977853,44991.154106641654,220586.17572722843,108432.7554088564,30736.477232579367,35366.00745199199,94809.68204007174,40566.126575266586,5.375034173546941,21407.053477158137,168396.17351362572,0.0,0.0,0.0,0.0,0.0,0.0,0.0,0.0,0.0030832927934083335,0.001382419017961905,0.00306252697324127,0.003024948897028489,0.003070888744236111,0.0028805043498599204,0.11605576674805625,0.001098359223118651,0.0024397424697789574,0.0011916729763079366,0.006457178393554375,0.003093140457689285,0.029575626786051176,0.2841272022530486,0.0021796408805855243,0.0008365850309859944,0.0030120834842016805,0.003255699866095237,0.0031599082567507,0.002068763035069027,0.06539957068873202,0.0005400499828515403,0.0013746878993221288,0.0006847707305434172,0.003631446144941176,0.002077292853281219,0.01985901553682992,0.16099404425305033
2026-08-19 22:36:43.312000036,9898.529620253168,3969.8005063291143,9606.276455696205,9526.262278481016,9630.631898734178,9174.762531645569,366220.11949367094,3042.118481012658,7552.948860759496,3498.586329113923,20578.01924050634,9983.04,87657.97200194937,919759.5476988676,0.003764520787420092,0.0034007902663277935,0.0031051274388496255,0.0032537514081475345,0.0028826670805186857,0.0005227981847011861,0.0033556366109861666,0.0062218497027102795,118540.60858940308,31780.648483754543,41828.240672776476,117625.59902660594,62825.474549149476,17560.236644977853,37761.81025675594,217057.34581060722,95709.5984643353,30736.477232579367,35366.00745199199,94809.68204007174,39317.46294731147,5.375034173546941,13668.979270606174,166019.43269976054,0.0,0.0,0.0,0.0,0.0,0.0,0.0,0.0,0.0030901353536761907,0.001385478375104762,0.00306931522621746,0.003031649138843965,0.0030777036809920637,0.002886878808937301,0.11631065553640432,0.00110078982654127,0.002445111766976598,0.0011943100774984127,0.0064713584879496555,0.003099985392957142,0.029630174433721165,0.2847518925697953,0.0022000234936592816,0.0008365850309859944,0.0030224334077647063,0.003263524335708684,0.003173569419831933,0.002068763035069027,0.06553655982974167,0.0005400499828515403,0.0013746878993221288,0.0006847707305434172,0.003631446144941176,0.002077292853281219,0.019890591462552207,0.16150209449369968
2026-08-19 22:36:58.312000036,9898.529620253168,3941.99088607595,9606.276455696205,9526.262278481016,9630.631898734178,9191.781265822787,366269.94531645573,3046.6207594936714,7546.438481012659,3505.8774683544293,20580.188354430382,9990.786835443037,87480.23835638395,919789.183936447,0.003764520787420092,0.0032549959072843467,0.0031051274388496255,0.0032537514081475345,0.0028699670582063718,0.0005227981847011861,0.0033556366109861666,0.006144931875530849,118540.60858940308,31869.756368964925,41828.240672776476,117625.59902660594,63199.2089828078,17560.236644977853,37761.81025675594,215002.5168830029,95709.5984643353,30802.1768503103,35366.00745199199,94809.68204007174,39019.318144560806,5.375034173546941,13668.979270606174,164374.01509778446,0.0,0.0,0.0,0.0,0.0,0.0,0.0,0.0,0.003096977913944048,0.001388537732247619,0.00307610347919365,0.0030383493806594416,0.003084518617748016,0.002893253268014683,0.1165655443247524,0.0011032204299638887,0.002450481064174238,0.0011969471786888888,0.006485538582344935,0.003106830328225,0.029684722081391154,0.28537658288654194,0.0022000234936592816,0.0008357767496918767,0.0030224334077647063,0.003263524335708684,0.003173569419831933,0.0020929778359300476,0.06570373101429193,0.000542908943977591,0.0013806690242577032,0.000685898728907563,0.0036417874310588237,0.002098337148754238,0.019946264633082852,0.16213743879446701
2026-08-19 22:37:13.312000036,9889.236455696206,3941.99088607595,9613.087594936711,9508.274430379748,9657.867341772153,9191.781265822787,366318.4101265823,3046.6207594936714,7546.438481012659,3505.8774683544293,20580.188354430382,9990.786835443037,87083.7270640562,919780.0193182282,0.003764520787420092,0.0033436358270183732,0.003027774932461898,0.0032537514081475345,0.0028699670582063718,0.0005211465856706918,0.0033506958301301373,0.006041379976783053,118540.60858940308,32737.632313191498,40786.2482529655,117625.59902660594,63199.2089828078,19596.388655151884,36743.21770592206,205815.62543641985,95709.5984643353,31640.98051133324,34484.99713237942,94809.68204007174,39019.318144560806,5.141609757342632,13300.27023976592,155622.20546180842,0.0,0.0,0.0,0.0,0.0,0.0,0.0,0.0,0.0031027618603406103,0.0013890270555107177,0.0030824098085962637,0.003045431960762999,0.0030943309354005896,0.0028992193729463125,0.1168287328849458,0.0011053440041148476,0.0024557132006752438,0.0011983768776165189,0.006497293377178168,0.003115535329470206,0.02974743709000722,0.28598659713353536,0.002219021605536332,0.0008357767496918767,0.0030302759576694674,0.003270891207798319,0.0031866856913837535,0.0020929778359300476,0.06583732432476687,0.000542908943977591,0.0013806690242577032,0.000685898728907563,0.0036417874310588237,0.002098337148754238,0.019974695461275983,0.1625807563853739
2026-08-19 22:37:28.312000036,9889.236455696206,3911.5929113924053,9613.087594936711,9508.274430379748,9657.867341772153,9199.783291139242,366361.4825316456,3055.522025316456,7551.636455696204,3511.354936708861,20572.888101265828,10008.091139240505,86918.94012115424,919224.3648971808,0.003764520787420092,0.00326743562574245,0.0030543301799426394,0.00320306632121814,0.0028699670582063718,0.0005174541484716156,0.0033506958301301373,0.006034115406678629,118540.60858940308,31991.55400185013,28643.61621788172,104622.10644243739,63199.2089828078,20449.59301310044,36743.21770592206,197722.0448284905,95709.5984643353,30919.894481554344,22600.263928530436,82139.21392268146,39019.318144560806,5.365938864628821,13300.27023976592,148418.18377757428,0.0,0.0,0.0,0.0,0.0,0.0,0.0,0.0,0.0031096020845294003,0.0013920807605254672,0.003089196998124287,0.003052133047046185,0.0031011524907103246,0.002905592930468437,0.11708363982865927,0.0011077739325809242,0.0024610821977512675,0.0012010113245191738,0.006511468163727875,0.0031223843538064895,0.029802002729539197,0.28661125547666894,0.002219021605536332,0.0008347037056470588,0.0030302759576694674,0.003270891207798319,0.0031866856913837535,0.002116347976070282,0.06600106160052908,0.0005457195208235293,0.001387554560117647,0.0006870881755294116,0.0036507380187114843,0.002118646900302521,0.020021787553052013,0.16315857607382675
2026-08-19 22:37:43.312000036,9897.03493670886,3911.5929113924053,9635.170632911393,9504.063797468356,9685.078481012657,9199.783291139242,366453.29620253167,3055.522025316456,7551.636455696204,3511.354936708861,20572.888101265828,10008.091139240505,86597.35045124282,919643.7846184697,0.003746070969613715,0.0032465379018235857,0.0030543301799426394,0.00320306632121814,0.0028699670582063718,0.0005174541484716156,0.0033506958301301373,0.00584375590007735,115073.5339242312,31786.94379989269,28643.61621788172,104622.10644243739,63199.2089828078,20449.59301310044,36743.21770592206,169853.51613006444,92912.59354884022,30722.138353358514,22600.263928530436,82139.21392268146,39019.318144560806,5.365938864628821,13300.27023976592,128903.49235752925,0.0,0.0,0.0,0.0,0.0,0.0,0.0,0.0,0.003116442308718191,0.0013951344655402168,0.0030959841876523108,0.0030588341333293704,0.003107974046020059,0.00291196648799056,0.11733854677237271,0.001110203861047001,0.0024664511948272903,0.001203645771421829,0.006525642950277583,0.0031292333781427722,0.029856568369071176,0.28723591381980257,0.0022387567654842985,0.0008347037056470588,0.0030429434308571427,0.003278523354733894,0.003199615519047618,0.002116347976070282,0.06613792232806473,0.0005457195208235293,0.001387554560117647,0.0006870881755294116,0.0036507380187114843,0.002118646900302521,0.02005170745480991,0.16366757051937228
2026-08-19 22:37:58.312000036,9897.03493670886,3882.692658227847,9635.170632911393,9504.063797468356,9685.078481012657,9225.466329113926,366529.9807594937,3062.767594936709,7556.530632911394,3523.005569620255,20585.47443037974,10014.662278481015,86467.38019847675,919882.8532470114,0.003403138546380697,0.003302291318638487,0.0030543301799426394,0.00320306632121814,0.0028516894070419476,0.0005174541484716156,0.003318045688705977,0.005812302855769988,102881.3279569062,31112.185429841575,28643.61621788172,104622.10644243739,51812.5647016671,20449.59301310044,38441.516682878915,169880.62250141142,80495.72337728176,30069.983175109923,22600.263928530436,82139.21392268146,27181.28944768451,5.365938864628821,13915.018668230408,126349.89987946805,0.0,0.0,0.0,0.0,0.0,0.0,0.0,0.0,0.0031232825329069814,0.0013981881705549656,0.0031027713771803345,0.0030655352196125563,0.003114795601329793,0.002918340045512684,0.11759345371608615,0.0011126337895130776,0.002471820191903314,0.0012062802183244838,0.00653981773682729,0.0031360824024790554,0.02991113400860314,0.28786057216293615,0.0022387567654842985,0.0008341850435406161,0.0030429434308571427,0.003278523354733894,0.003199615519047618,0.0021420516289198978,0.06630714571305447,0.0005486355131876749,0.0013945069569075627,0.0006893868965378151,0.0036633439738823523,0.0021391938203132615,0.020106138545899203,0.16432829583175723
2026-08-19 22:38:13.312000036,9888.391898734175,3882.692658227847,9651.575696202532,9495.51189873418,9704.761518987343,9225.466329113926,366594.5711392405,3062.767594936709,7556.530632911394,3523.005569620255,20585.47443037974,10014.662278481015,86085.29156002418,920038.3691703589,0.0034900606294780644,0.003302291318638487,0.0030543301799426394,0.00320306632121814,0.0028470194995108473,0.0005174541484716156,0.003318045688705977,0.005765173827129124,105509.09618201958,31112.185429841575,28643.61621788172,104622.10644243739,49625.90510272201,20449.59301310044,38441.516682878915,166424.25492443636,82551.7242896819,30069.983175109923,22600.263928530436,82139.21392268146,26034.150180892495,5.365938864628821,13915.018668230408,122981.57547213252,0.0,0.0,0.0,0.0,0.0,0.0,0.0,0.0,0.0031286564952171542,0.0013989516916693956,0.003109853085306823,0.003070849811282283,0.0031244445883259263,0.0029258404606292395,0.1178582011416116,0.001114562517065107,0.002478677153543575,0.0012093697410994154,0.0065534558044390324,0.0031441889086144255,0.029978052246354032,0.28849157774637113,0.002257531805295786,0.0008341850435406161,0.003050962528369748,0.003285950219652661,0.003210761441546218,0.0021420516289198978,0.06643957356523124,0.0005486355131876749,0.0013945069569075627,0.0006893868965378151,0.0036633439738823523,0.0021391938203132615,0.0201265814510779,0.16474968467970297
2026-08-19 22:38:28.312000036,9888.391898734175,3861.1321518987343,9651.575696202532,9495.51189873418,9704.761518987343,9243.347848101266,366659.93316455703,3076.271392405064,7562.114430379749,3539.7539240506335,20593.446075949367,10026.902278481015,85914.09061654558,919825.5150654707,0.0034900606294780644,0.003302291318638487,0.0030543301799426394,0.00320306632121814,0.0028470194995108473,0.0005310440767006363,0.003318045688705977,0.005636921742181685,105509.09618201958,31112.185429841575,28643.61621788172,104622.10644243739,49625.90510272201,22618.99627047529,38441.516682878915,169157.48821259802,82551.7242896819,30069.983175109923,22600.263928530436,82139.21392268146,26034.150180892495,2595.36707053295,13915.018668230408,124962.27109360024,0.0,0.0,0.0,0.0,0.0,0.0,0.0,0.0,0.0031354935112990253,0.0014020004036576997,0.0031166409201021437,0.0030775478631828676,0.0031312723324779727,0.0029322164847520463,0.11811312942422028,0.001116991353322417,0.002484049378905894,0.0012120051796959065,0.006567629426902801,0.003151040673234308,0.030032644865997722,0.28911624997847624,0.002257531805295786,0.0008344478863305322,0.003050962528369748,0.003285950219652661,0.003210761441546218,0.0021677299002801115,0.06660871516260441,0.0005521971974005602,0.001401357792369748,0.0006920769042857141,0.0036773462145882345,0.002160504511656662,0.020185032413506148,0.165368724242474
2026-08-19 22:38:43.312000036,9892.672405063293,3861.1321518987343,9671.796455696203,9507.505822784811,9715.023797468355,9243.347848101266,366751.9473417722,3076.271392405064,7562.114430379749,3539.7539240506335,20593.446075949367,10026.902278481015,85519.6920092423,920065.8623425188,0.0034900606294780644,0.003302291318638487,0.003048950429965478,0.0031753811583938975,0.0028470194995108473,0.0005310440767006363,0.003238851873775838,0.005581738389948272,105509.09618201958,31112.185429841575,27713.391975870494,95632.59584768709,49625.90510272201,22618.99627047529,37524.009618952674,159241.03809699367,82551.7242896819,30069.983175109923,21866.302363682822,72692.15008010213,26034.150180892495,2595.36707053295,13582.900452706066,115499.84567176056,0.0,0.0,0.0,0.0,0.0,0.0,0.0,0.0,0.003142330527380897,0.0014050491156460039,0.0031234287548974654,0.003084245915083453,0.0031381000766300196,0.0029385925088748536,0.11836805770682897,0.0011194201895797268,0.002489421604268212,0.0012146406182923977,0.00658180304936657,0.0031578924378541902,0.030087237485641412,0.2897409222105814,0.0022799417511619037,0.0008344478863305322,0.00306061788907563,0.003297598303058823,0.003219424935607843,0.0021677299002801115,0.06674611935407405,0.0005521971974005602,0.001401357792369748,0.0006920769042857141,0.0036773462145882345,0.002160504511656662,0.02020805549423511,0.16586316436045656
2026-08-19 22:38:58.312000036,9892.672405063293,3837.1503797468367,9671.796455696203,9507.505822784811,9715.023797468355,9279.517974683546,366857.57164556964,3085.6101265822786,7571.480506329116,3553.0875949367096,20623.33974683545,10034.445569620253,85411.00485023754,920198.3873551349,0.0034900606294780644,0.003249237413302401,0.0030119626828874497,0.003103139990296232,0.0028470194995108473,0.0005166762975550392,0.0033199887542814757,0.00553363676214694,105509.09618201958,18013.74835189266,28568.389543179543,93456.91674409776,49625.90510272201,20249.224993499367,36693.17690272325,157088.5977974073,82551.7242896819,17287.067612572064,22457.570984112295,71038.3751247914,26034.150180892495,2654.67800115931,13282.156523899064,113372.65500317841,0.0,0.0,0.0,0.0,0.0,0.0,0.0,0.0,0.003149167543462768,0.001408097827634308,0.0031302165896927876,0.0030909439669840376,0.003144927820782066,0.002944968532997661,0.11862298598943766,0.001121849025837037,0.0024947938296305317,0.001217276056888889,0.006595976671830338,0.0031647442024740737,0.0301418301052851,0.29036559444268656,0.0022799417511619037,0.0008351302793949579,0.00306061788907563,0.003297598303058823,0.003219424935607843,0.0021971433225477103,0.06691825439262308,0.0005559190358319326,0.0014084810973781512,0.0006948691154621848,0.0036962163707955184,0.002180333886265788,0.020271841362156387,0.16655003189606926
2026-08-19 22:39:13.312000036,9908.302784810125,3837.1503797468367,9666.969113924051,9511.01164556962,9716.661265822788,9279.517974683546,366924.54987341777,3085.6101265822786,7571.480506329116,3553.0875949367096,20623.33974683545,10034.445569620253,84983.52479711558,920081.7077175983,0.0034710139663742764,0.003249237413302401,0.0030119626828874497,0.0031707041954553666,0.002832342019348073,0.0005310218718616409,0.0033199887542814757,0.00547940319070383,110854.22855525944,18013.74835189266,28568.389543179543,97350.04468218338,50771.309153437316,20811.44695562527,36693.17690272325,155228.69276122595,88468.18901694799,17287.067612572064,22457.570984112295,75140.93546024773,26507.672458562578,2728.385428238786,13282.156523899064,111946.02105444919,0.0,0.0,0.0,0.0,0.0,0.0,0.0,0.0,0.003154609175877874,0.0014102366882697585,0.0031385474981109177,0.0030974693579556285,0.0031526271767567146,0.0029557452334338166,0.11889522325052107,0.0011246102571942026,0.0025014519633264364,0.0012213466937878257,0.006612145062388506,0.003172918491784347,0.0302165210391813,0.29099388344357696,0.002305322054029665,0.0008351302793949579,0.0030663925254789904,0.003307170938980392,0.0032273947831932773,0.0021971433225477103,0.06705425850126673,0.0005559190358319326,0.0014084810973781512,0.0006948691154621848,0.0036962163707955184,0.002180333886265788,0.02029336494901283,0.16699691981585651
2026-08-19 22:39:28.312000036,9908.302784810125,3809.118987341772,9666.969113924051,9511.01164556962,9716.661265822788,9317.899746835443,366987.84,3095.9453164556953,7575.654683544307,3562.195443037975,20625.94329113924,10035.678987341773,84817.23753248194,919898.0563423309,0.0034710139663742764,0.0031713634244791263,0.0030119626828874497,0.0031707041954553666,0.0028281132077080714,0.0005310218718616409,0.0033199887542814757,0.005310780504040176,110854.22855525944,17582.015529884182,28568.389543179543,97350.04468218338,49313.75246132449,20811.44695562527,36693.17690272325,143643.1415104933,88468.18901694799,16872.751039539507,22457.570984112295,75140.93546024773,25746.682914890407,2728.385428238786,13282.156523899064,100663.45544396577,0.0,0.0,0.0,0.0,0.0,0.0,0.0,0.0,0.0031614431657329477,0.001413283432472657,0.0031453386814442514,0.0031041670354918596,0.003159456812263962,0.0029621308058975847,0.11915018876057853,0.001127039811542029,0.002506826954705747,0.001223985232918261,0.006626322976181609,0.0031797731135234787,0.030271157169247404,0.2916185599694391,0.002305322054029665,0.0008350371525770305,0.0030663925254789904,0.003307170938980392,0.0032273947831932773,0.002226494792097669,0.06722167502382818,0.0005596237404761903,0.001414869098627451,0.00069716055140056,0.0037111940324369747,0.002200074572076541,0.020348928991794635,0.16758672171952552
2026-08-19 22:39:43.312000036,9942.61670886076,3809.118987341772,9685.831898734179,9525.065316455697,9720.634936708862,9317.899746835443,367095.47240506334,3095.9453164556953,7575.654683544307,3562.195443037975,20625.94329113924,10035.678987341773,84446.47932284426,920188.9077220777,0.0034710139663742764,0.0031510556906459864,0.0030119626828874497,0.0031707041954553666,0.0028281132077080714,0.0005310218718616409,0.0032656545266754474,0.005153037072941755,110854.22855525944,17469.429602684853,28568.389543179543,97350.04468218338,49313.75246132449,20811.44695562527,37756.42864888599,134520.4384285957,88468.18901694799,16764.706866960933,22457.570984112295,75140.93546024773,25746.682914890407,2728.385428238786,13410.71355558281,92383.26768148427,0.0,0.0,0.0,0.0,0.0,0.0,0.0,0.0,0.0031682771555880196,0.0014163301766755556,0.0031521298647775847,0.0031108647130280924,0.003166286447771208,0.0029685163783613527,0.11940515427063601,0.0011294693658898548,0.0025122019460850574,0.0012266237720486954,0.0066405008899747126,0.003186627735262608,0.030325793299313508,0.2922432364953011,0.002334269613445377,0.0008350371525770305,0.0030750206009411752,0.0033180660457927166,0.0032368901799327728,0.002226494792097669,0.06736285926382571,0.0005596237404761903,0.001414869098627451,0.00069716055140056,0.0037111940324369747,0.002200074572076541,0.02037829032805719,0.16806987719372968
2026-08-19 22:39:58.312000036,9942.61670886076,3782.564050632913,9685.831898734179,9525.065316455697,9720.634936708862,9344.579240506331,367193.5321518988,3103.4400000000005,7579.710379746835,3571.853164556962,20655.8764556962,10049.838987341771,84310.91813748643,920111.7732829748,0.003241869004647042,0.003190736862853519,0.0030119626828874497,0.0031396652767818408,0.0028281132077080714,0.0005254375817483288,0.0032656545266754474,0.004851986367248404,114991.75878721468,17327.79220235536,28568.389543179543,99456.51785160985,49313.75246132449,19999.07933713982,37756.42864888599,133201.392871912,91552.55215816124,16607.959168900124,22457.570984112295,76300.27886224203,25746.682914890407,2621.8838487294556,13410.71355558281,88604.512559264,0.0,0.0,0.0,0.0,0.0,0.0,0.0,0.0,0.0031751111454430925,0.0014193769208784542,0.0031589210481109183,0.003117562390564323,0.0031731160832784537,0.0029749019508251207,0.11966011978069349,0.0011318989202376809,0.002517576937464368,0.0012292623111791305,0.006654678803767817,0.003193482357001739,0.03038042942937962,0.2928679130211633,0.002334269613445377,0.0008352136859159664,0.0030750206009411752,0.0033180660457927166,0.0032368901799327728,0.002256536681872749,0.06753517468215312,0.0005633999957647058,0.0014208741033725487,0.000699934124212885,0.003728535947422967,0.0022202548017478986,0.020444348628500184,0.1687011190008205
2026-08-19 22:40:13.312000036,9972.097215189875,3782.564050632913,9694.380759493672,9546.616708860762,9737.331645569624,9344.579240506331,367307.7630379747,3103.4400000000005,7579.710379746835,3571.853164556962,20655.8764556962,10049.838987341771,83936.24451290448,920389.238166266,0.003241869004647042,0.003190736862853519,0.003004423609917272,0.0031396652767818408,0.0028281132077080714,0.0005254375817483288,0.00326809925261996,0.004779888965548857,114991.75878721468,17327.79220235536,27451.73401315762,99456.51785160985,49313.75246132449,19999.07933713982,36545.28200755897,129750.55633395309,91552.55215816124,16607.959168900124,21579.76963684469,76300.27886224203,25746.682914890407,2621.8838487294556,12980.526134211801,85023.56508188584,0.0,0.0,0.0,0.0,0.0,0.0,0.0,0.0,0.003186881702225287,0.0014207054061256708,0.00316620683751954,0.00312490546406564,0.003179836119291188,0.0029867953090137933,0.1199355943295354,0.001134548618675862,0.002523150300360114,0.0012324500905655173,0.0066687035224547,0.0032002687364061306,0.030457443654104396,0.2934750481717196,0.002360989797532727,0.0008352136859159664,0.003083423203882353,0.003327912340336134,0.0032489273415686275,0.002256536681872749,0.06767624958884841,0.0005633999957647058,0.0014208741033725487,0.000699934124212885,0.003728535947422967,0.0022202548017478986,0.02047222079670753,0.1691695968213825
2026-08-19 22:40:28.312000036,9972.097215189875,3752.6156962025316,9694.380759493672,9546.616708860762,9737.331645569624,9350.415189873416,367376.4091139241,3115.7407594936717,7584.874936708861,3579.2020253164555,20665.11797468355,10079.222278481015,83751.64250304685,920387.7065087835,0.003241869004647042,0.003190736862853519,0.0029889790872156194,0.0031396652767818408,0.0027851989152116903,0.0005254375817483288,0.00326809925261996,0.004647243560482024,114991.75878721468,17327.79220235536,28186.73735646902,99456.51785160985,39095.46943989959,19999.07933713982,36545.28200755897,126895.47678950417,91552.55215816124,16607.959168900124,22128.750493144427,76300.27886224203,14686.735549230114,2621.8838487294556,12980.526134211801,81748.8299401536,0.0,0.0,0.0,0.0,0.0,0.0,0.0,0.0,0.0031937263121390802,0.0014237484679072796,0.0031729990853643676,0.003131604530157594,0.0031866655194348658,0.002993192729272414,0.12019060356600267,0.001136978644537931,0.0025285257148900285,0.0012350898060827582,0.006682881110061537,0.003207123211980842,0.030512127856059664,0.29409968744736065,0.002360989797532727,0.0008353676141344535,0.003083423203882353,0.003327912340336134,0.0032489273415686275,0.00228421469,0.06784434037542482,0.0005676359635462185,0.0014269342098823525,0.0007025497497310924,0.0037452603865322127,0.0022430173660955115,0.020541300075772553,0.16980522915034996
2026-08-19 22:40:43.312000036,9996.823291139244,3752.6156962025316,9710.129620253167,9581.32253164557,9764.898227848105,9350.415189873416,367516.9397468355,3115.7407594936717,7584.874936708861,3579.2020253164555,20665.11797468355,10079.222278481015,83432.65293237829,921185.6815563164,0.003241869004647042,0.003190736862853519,0.0029889790872156194,0.0031396652767818408,0.002781267673410801,0.0005254375817483288,0.00326809925261996,0.0045331216157842805,114991.75878721468,17327.79220235536,28186.73735646902,99456.51785160985,37913.14886548929,19999.07933713982,36545.28200755897,128414.49850429437,91552.55215816124,16607.959168900124,22128.750493144427,76300.27886224203,14242.581025456668,2621.8838487294556,12980.526134211801,83003.29270484,0.0,0.0,0.0,0.0,0.0,0.0,0.0,0.0,0.0032005709220528735,0.001426791529688889,0.003179791333209195,0.0031383035962495483,0.0031934949195785442,0.0029995901495310346,0.12044561280246989,0.0011394086703999998,0.002533901129419943,0.0012377295215999999,0.006697058697668375,0.0032139776875555557,0.03056681205801494,0.2947243267230017,0.0023871523323771154,0.0008353676141344535,0.0030933406606386557,0.0033397015654341735,0.0032618866979439772,0.00228421469,0.06798611464496732,0.0005676359635462185,0.0014269342098823525,0.0007025497497310924,0.0037452603865322127,0.0022430173660955115,0.020576451960335525,0.17033679208171948
2026-08-19 22:40:58.312000036,9996.823291139244,3724.6055696202534,9710.129620253167,9581.32253164557,9764.898227848105,9365.100759493673,367608.6501265823,3128.7037974683553,7583.838987341774,3584.9498734177223,20705.283037974685,10107.691139240509,83310.22989260216,921351.2155405462,0.0032319492255914444,0.0031753568432202235,0.0029889790872156194,0.0030541888959244286,0.002781267673410801,0.0005304636164946563,0.00326809925261996,0.004480102424067559,109832.95175662544,16830.23186180195,28186.73735646902,96748.84603018886,37913.14886548929,20670.251642721705,36545.28200755897,123014.45062324015,87446.69476861924,16131.14059811341,22128.750493144427,74223.02822543509,14242.581025456668,2709.8746906104457,12980.526134211801,77991.80279692315,0.0,0.0,0.0,0.0,0.0,0.0,0.0,0.0,0.003207415531966667,0.0014298345914704983,0.0031865835810540224,0.003145002662341502,0.003200324319722222,0.003005987569789655,0.12070062203893712,0.0011418386962620689,0.0025392765439498574,0.0012403692371172415,0.006711236285275213,0.003220832163130268,0.030621496259970207,0.29534896599864274,0.0023871523323771154,0.0008354326026666666,0.0030933406606386557,0.0033397015654341735,0.0032618866979439772,0.0023149317027918743,0.0681591207138288,0.0005718780986666667,0.001432524869333333,0.0007048277253333333,0.003764675691109243,0.0022674329229138528,0.020652781648996955,0.17099815080542494
2026-08-19 22:41:13.312000036,10002.10329113924,3724.6055696202534,9711.110886075949,9607.497721518988,9794.773670886074,9365.100759493673,367704.0607594937,3128.7037974683553,7583.838987341774,3584.9498734177223,20705.283037974685,10107.691139240509,82934.96163838304,921751.0171568436,0.0032319492255914444,0.0031753568432202235,0.0029889790872156194,0.0031403546714622674,0.002781267673410801,0.000529483647856142,0.0032599605516085792,0.004492665780208395,109832.95175662544,16830.23186180195,28186.73735646902,94546.99316929658,37913.14886548929,20067.101055636325,35516.56907690931,121857.82456050688,87446.69476861924,16131.14059811341,22128.750493144427,72535.03165417134,14242.581025456668,2630.801511491941,12615.137379566602,77538.00139029771,0.0,0.0,0.0,0.0,0.0,0.0,0.0,0.0,0.003217123844283381,0.001431179967185565,0.0031938705141014243,0.0031552741515845973,0.003211457199789554,0.0030146839326184237,0.12098159201944632,0.001145359641491358,0.0025442291597529195,0.001243590992951187,0.0067280759491540505,0.0032316862619661915,0.030707208169394345,0.29604034341144486,0.002409495342664735,0.0008354326026666666,0.0031022803959943977,0.0033501401052549013,0.003277812807529411,0.0023149317027918743,0.06829863794466043,0.0005718780986666667,0.001432524869333333,0.0007048277253333333,0.003764675691109243,0.0022674329229138528,0.020684265934879743,0.17148114749560894
2026-08-19 22:41:28.312000036,10002.10329113924,3693.9493670886072,9711.110886075949,9607.497721518988,9794.773670886074,9356.354430379746,367752.31898734183,3142.7665822784807,7573.971645569619,3586.7908860759485,20719.57367088608,10129.409620253167,82773.85749278351,921436.6513386079,0.0032319492255914444,0.0031753568432202235,0.0029889790872156194,0.0031403546714622674,0.002781267673410801,0.000529483647856142,0.0032157115883072068,0.004430507950816881,109832.95175662544,16830.23186180195,28186.73735646902,94546.99316929658,37913.14886548929,20067.101055636325,27584.67904972769,117524.55266976765,87446.69476861924,16131.14059811341,22128.750493144427,72535.03165417134,14242.581025456668,2630.801511491941,13062.783341502321,73342.72471194067,0.0,0.0,0.0,0.0,0.0,0.0,0.0,0.0,0.00322397456294435,0.0014342194216015194,0.003200663817520228,0.0031619808367697824,0.0032182957781371323,0.0030210862559802466,0.12123665614020905,0.0011477919840839504,0.002549603680233145,0.0012462319445181386,0.006742259166668173,0.0032385492313394106,0.03076195842436168,0.29666512400748996,0.002409495342664735,0.0008349933533725489,0.0031022803959943977,0.0033501401052549013,0.003277812807529411,0.002342700691250617,0.06846531331655772,0.0005761145357366946,0.0014374859401904757,0.0007068615932212883,0.0037810298013333326,0.0022904080062745094,0.02075253513103309,0.17209181412857857
2026-08-19 22:41:43.312000036,10005.964556962026,3693.9493670886072,9724.438481012656,9658.553924050631,9833.42582278481,9356.354430379746,367893.0410126583,3142.7665822784807,7573.971645569619,3586.7908860759485,20719.57367088608,10129.409620253167,82477.28479891784,922094.1721274579,0.002998236231472791,0.0030078550385873857,0.002967124978882117,0.0031114972520230612,0.0027839600515256824,0.000529483647856142,0.0032157115883072068,0.004450288935252414,113108.28927550149,16685.471364899782,17766.420183064973,85222.33678728263,36883.37620091971,20067.101055636325,27584.67904972769,115576.71427108372,89966.97561720983,15979.950848139188,12040.639904352232,62953.405823342975,13855.733162596007,2630.801511491941,13062.783341502321,71865.90882407,0.0,0.0,0.0,0.0,0.0,0.0,0.0,0.0,0.0032308252816053186,0.0014372588760174737,0.0032074571209390317,0.0031686875219549674,0.003225134356484711,0.003027488579342071,0.12149172026097173,0.001150224326676543,0.0025549782007133707,0.00124887289608509,0.0067564423841822985,0.00324541220071263,0.030816708679329015,0.2972899046035352,0.002433474563211951,0.0008349933533725489,0.0031130277514397754,0.0033674085195126045,0.003293393175142857,0.002342700691250617,0.06860950184298162,0.0005761145357366946,0.0014374859401904757,0.0007068615932212883,0.0037810298013333326,0.0022904080062745094,0.020789457513438605,0.17263937914320873
2026-08-19 22:41:58.312000036,10005.964556962026,3664.228860759493,9724.438481012656,9658.553924050631,9833.42582278481,9355.740759493672,367964.5336708861,3148.7574683544312,7567.139240506332,3582.750379746836,20744.454683544296,10150.192405063292,82311.1431911102,922060.0954540452,0.002998236231472791,0.003085111495899424,0.002967124978882117,0.0031114972520230612,0.0027839600515256824,0.000529483647856142,0.0032157115883072068,0.004398110635012238,113108.28927550149,17114.03603630064,17766.420183064973,85222.33678728263,36883.37620091971,20067.101055636325,27584.67904972769,108712.5032759696,89966.97561720983,16390.39429528335,12040.639904352232,62953.405823342975,13855.733162596007,2630.801511491941,13062.783341502321,64607.60208825214,0.0,0.0,0.0,0.0,0.0,0.0,0.0,0.0,0.003237676000266287,0.0014402983304334282,0.003214250424357835,0.0031753942071401525,0.0032319729348322893,0.0030338909027038934,0.12174678438173446,0.0011526566692691357,0.0025603527211935976,0.0012515138476520418,0.006770625601696422,0.00325227517008585,0.030871458934296353,0.29791468519958036,0.002433474563211951,0.0008350389203361342,0.0031130277514397754,0.0033674085195126045,0.003293393175142857,0.002371747943662534,0.06877849702110488,0.0005800862655462185,0.0014432128645378152,0.0007087313115966386,0.0037989425598207276,0.002312442202620178,0.020857810375724734,0.17326615130695427
2026-08-19 22:42:13.312000036,10004.469873417724,3664.228860759493,9741.609113924054,9701.71139240506,9860.065822784809,9355.740759493672,368093.7630379747,3148.7574683544312,7567.139240506332,3582.750379746836,20744.454683544296,10150.192405063292,82002.6787429683,922191.0473527794,0.002998236231472791,0.003085111495899424,0.002967124978882117,0.0031114972520230612,0.002767931548753007,0.0005259402088338823,0.003206393041798514,0.004323982062615812,113108.28927550149,17114.03603630064,17766.420183064973,85222.33678728263,25597.714808242887,20648.62228810716,26869.923778583034,100449.03255613068,89966.97561720983,16390.39429528335,12040.639904352232,62953.405823342975,14263.1636929709,2707.27585147141,12724.309465031694,56035.68804520229,0.0,0.0,0.0,0.0,0.0,0.0,0.0,0.0,0.003243565182903955,0.001441220403432768,0.0032198280125016947,0.0031872293418250784,0.003244752847175895,0.00303915041580113,0.12201949034501064,0.0011557925861129944,0.0025647693397975718,0.0012538873668775895,0.0067859846265486455,0.0032613443430516004,0.030950458110396636,0.2985186834876273,0.002455254596368337,0.0008350389203361342,0.0031218094427899155,0.003381509480448179,0.0033074960005490196,0.002371747943662534,0.06891768216266665,0.0005800862655462185,0.0014432128645378152,0.0007087313115966386,0.0037989425598207276,0.002312442202620178,0.020881140388342177,0.17373933225453042
2026-08-19 22:42:28.312000036,10004.469873417724,3642.8232911392415,9741.609113924054,9701.71139240506,9860.065822784809,9362.363544303797,368175.5787341772,3154.7574683544312,7568.910379746834,3578.615696202531,20738.706835443038,10168.05265822785,81889.40519997726,921681.4997468356,0.002997659725821068,0.003085111495899424,0.002967124978882117,0.0031114972520230612,0.002767931548753007,0.0005304127669376928,0.003206393041798514,0.004361158284799852,109246.60965955544,17114.03603630064,17766.420183064973,85222.33678728263,25597.714808242887,19980.445187656238,26869.923778583034,102580.48769893995,86895.3737207028,16390.39429528335,12040.639904352232,62953.405823342975,14263.1636929709,2624.4537535513487,12724.309465031694,55915.26637408304,0.0,0.0,0.0,0.0,0.0,0.0,0.0,0.0,0.0032504138693446333,0.001444255397076836,0.0032266187455525426,0.0031939468721923106,0.003251603989831261,0.003045550322580791,0.12227459144375014,0.0011582264102655367,0.002570141851702334,0.0012565277552956686,0.006800170310022034,0.003268211958164595,0.031005259587514072,0.2991434207411287,0.002455254596368337,0.0008348012811932772,0.0031218094427899155,0.003381509480448179,0.0033074960005490196,0.0024005129578285713,0.06908010714637783,0.000583838312840336,0.0014490890812941172,0.0007104460062184872,0.00381141470117647,0.002334123112193277,0.02093392005071291,0.1743735070269071
2026-08-19 22:42:43.312000036,10009.68303797468,3642.8232911392415,9762.145822784809,9753.846075949366,9890.931645569623,9362.363544303797,368369.0491139241,3154.7574683544312,7568.910379746834,3578.615696202531,20738.706835443038,10168.05265822785,81877.9017721519,920555.3529113926,0.002997659725821068,0.0030909614062169296,0.002967124978882117,0.0031084728070685397,0.002767931548753007,0.0005304127669376928,0.003114798037689842,0.004340386221925384,109246.60965955544,16346.634274965087,17766.420183064973,85562.05145914879,25597.714808242887,19980.445187656238,19847.824159724532,99952.58442521704,86895.3737207028,15653.773738070933,12040.639904352232,63201.726353529375,14263.1636929709,2624.4537535513487,5756.468638469955,53445.43579662453,0.0,0.0,0.0,0.0,0.0,0.0,0.0,0.0,0.0032572625557853105,0.001447290390720904,0.00323340947860339,0.003200664402559542,0.0032584551324866293,0.003051950229360452,0.12252969254248965,0.001160660234418079,0.002575514363607097,0.0012591681437137475,0.006814355993495425,0.0032750795732775888,0.0310600610646315,0.29976815799463,0.002479285014056101,0.0008348012811932772,0.0031296264894005595,0.0033948686658823524,0.0033186321757983192,0.0024005129578285713,0.06921781516270152,0.000583838312840336,0.0014490890812941172,0.0007104460062184872,0.00381141470117647,0.002334123112193277,0.020963611291750853,0.17489552735967054
2026-08-19 22:42:58.312000036,10009.68303797468,3633.2931645569615,9762.145822784809,9753.846075949366,9890.931645569623,9376.58430379747,368442.5681012658,3157.8896202531646,7574.16,3575.778227848101,20766.871898734178,10179.022784810131,81916.68759493671,920191.9625316457,0.002996062815023932,0.0030909614062169296,0.002970175373397644,0.0031084728070685397,0.002767931548753007,0.0005304127669376928,0.0032018650612392293,0.004337623539679171,113146.35453357133,16346.634274965087,17130.854635792977,85562.05145914879,25597.714808242887,19980.445187656238,20402.624487902638,96004.70581468128,89994.73207707361,15653.773738070933,11611.558718290586,63201.726353529375,14263.1636929709,2624.4537535513487,5917.377494980825,49864.903727532415,0.0,0.0,0.0,0.0,0.0,0.0,0.0,0.0,0.003264111242225989,0.0014503253843649718,0.0032402002116542366,0.0032073819329267736,0.003265306275141996,0.0030583501361401127,0.12278479364122913,0.0011630940585706214,0.0025808868755118584,0.0012618085321318268,0.006828541676968815,0.0032819471883905834,0.03111486254174894,0.30039289524813145,0.002479285014056101,0.0008345684776246497,0.0031296264894005595,0.0033948686658823524,0.0033186321757983192,0.0024316026920091667,0.06938347590992777,0.0005872488417591036,0.001455379296134453,0.0007126952426554619,0.0038325279312380937,0.0023556080952338667,0.02102446956459673,0.17556079767398852
2026-08-19 22:43:13.312000036,10002.136708860764,3633.2931645569615,9771.818734177217,9769.837974683545,9902.472911392406,9376.58430379747,368510.4972151899,3157.8896202531646,7574.16,3575.778227848101,20766.871898734178,10179.022784810131,81932.37265822786,919205.0430379747,0.002996062815023932,0.0030909614062169296,0.0029709274201477425,0.0031084728070685397,0.002767931548753007,0.0005149104774126307,0.0032018650612392293,0.004333358874204544,113146.35453357133,16346.634274965087,10191.472375346579,85562.05145914879,25597.714808242887,20419.945188881673,20402.624487902638,96244.43106652451,89994.73207707361,15653.773738070933,4757.452331168108,63201.726353529375,14263.1636929709,2679.079662671434,5917.377494980825,50012.93953559936,0.0,0.0,0.0,0.0,0.0,0.0,0.0,0.0,0.003269873910564332,0.0014508820726580767,0.0032476164766797387,0.003220063383078512,0.0032741123886662928,0.0030639846339309052,0.12305146170350222,0.0011655242307600372,0.002586570671754074,0.0012643554700817927,0.006844206132622963,0.0032889380863895426,0.031187960782492443,0.3009866508092429,0.0025030803605411525,0.0008345684776246497,0.0031366758624425768,0.0034048956935798314,0.003329344187159663,0.0024316026920091667,0.06951868142991721,0.0005872488417591036,0.001455379296134453,0.0007126952426554619,0.0038325279312380937,0.0023556080952338667,0.02105495660928108,0.1759967038979739
2026-08-19 22:43:28.312000036,10002.136708860764,3624.768607594938,9771.818734177217,9769.837974683545,9902.472911392406,9376.38683544304,368557.27291139244,3162.9691139240504,7577.753924050633,3573.1351898734183,20748.19443037975,10191.65772151899,81955.81974683545,918279.3022784811,0.002996062815023932,0.0030810102715906748,0.0029709274201477425,0.0031084728070685397,0.0027623396986379643,0.000518227886564732,0.0032018650612392293,0.004338972621234555,113146.35453357133,5632.400564569791,10191.472375346579,85562.05145914879,15733.733529294923,20551.50458809102,20402.624487902638,87924.9097426103,89994.73207707361,5271.302719096406,4757.452331168108,63201.726353529375,4862.1913486491885,2696.340145380611,5917.377494980825,44595.19781002154,0.0,0.0,0.0,0.0,0.0,0.0,0.0,0.0,0.0032767203209284773,0.0014539118891846873,0.0032544085214976657,0.003226793419493078,0.0032809676309632115,0.003070382935751634,0.12330658684516889,0.0011679580472866479,0.0025919438307818515,0.0012669956633591037,0.00685839489165074,0.0032958059589385624,0.031242800586497102,0.3016113237807707,0.0025030803605411525,0.0008342007171428571,0.0031366758624425768,0.0034048956935798314,0.003329344187159663,0.0024615686520905503,0.06968312897032429,0.0005908613216974788,0.0014616590899159659,0.0007147618703697477,0.0038501647480784305,0.002378435422486969,0.021112262694670657,0.17656563717147988
2026-08-19 22:43:43.312000036,9988.921518987345,3624.768607594938,9791.510886075948,9783.077468354433,9914.712911392406,9376.38683544304,368622.0546835443,3162.9691139240504,7577.753924050633,3573.1351898734183,20748.19443037975,10191.65772151899,81966.04860759494,917529.9858227848,0.002996062815023932,0.0030810102715906748,0.0029709274201477425,0.0031084728070685397,0.0027623396986379643,0.000530785464336202,0.003188074836666512,0.004332409719774881,113146.35453357133,5632.400564569791,10191.472375346579,85562.05145914879,15733.733529294923,21049.503873495043,19610.81768209179,85345.98767736167,89994.73207707361,5271.302719096406,4757.452331168108,63201.726353529375,4862.1913486491885,2761.6772334682555,5687.729599639915,41767.5595749523,0.0,0.0,0.0,0.0,0.0,0.0,0.0,0.0,0.003283566731292624,0.001456941705711298,0.0032612005663155926,0.0032335234559076435,0.003287822873260132,0.0030767812375723617,0.12356171198683555,0.0011703918638132586,0.0025973169898096293,0.0012696358566364147,0.006872583650678519,0.0033026738314875814,0.03129764039050175,0.3022359967522985,0.002529476607385354,0.0008342007171428571,0.0031462808,0.0034133827272324934,0.003336540347624649,0.0024615686520905503,0.06981880038511919,0.0005908613216974788,0.0014616590899159659,0.0007147618703697477,0.0038501647480784305,0.002378435422486969,0.02114016937199188,0.17702938523132195
2026-08-19 22:43:58.312000036,9988.921518987345,3615.4541772151892,9791.510886075948,9783.077468354433,9914.712911392406,9374.85569620253,368669.64455696207,3172.432405063291,7587.019746835443,3574.796962025316,20760.647088607602,10195.491645569622,82002.01518987342,917393.933164557,0.002996062815023932,0.0030810102715906748,0.0029709274201477425,0.0031084728070685397,0.0027623396986379643,0.0005184474990506011,0.003188074836666512,0.004306122215087978,113146.35453357133,5632.400564569791,10191.472375346579,85562.05145914879,15733.733529294923,20560.213820318677,19610.81768209179,84601.47999514188,89994.73207707361,5271.302719096406,4757.452331168108,63201.726353529375,4862.1913486491885,2697.4827893359584,5687.729599639915,41555.50946383092,0.0,0.0,0.0,0.0,0.0,0.0,0.0,0.0,0.0032904131416567695,0.0014599715222379087,0.0032679926111335196,0.0032402534923222093,0.0032946781155570497,0.0030831795393930902,0.12381683712850221,0.0011728256803398692,0.002602690148837407,0.0012722760499137252,0.006886772409706298,0.003309541704036601,0.0313524801945064,0.3028606697238263,0.002529476607385354,0.0008340669223529409,0.0031462808,0.0034133827272324934,0.003336540347624649,0.002493211259187386,0.06998518140812636,0.0005943965212324929,0.0014680350751596633,0.0007170854842801119,0.0038708082155798312,0.0023993459068115397,0.021201681613804875,0.17769027476298105
2026-08-19 22:44:13.312000036,9976.213670886078,3615.4541772151892,9755.72658227848,9791.866329113926,9936.680506329114,9374.85569620253,368673.6273417722,3172.432405063291,7587.019746835443,3574.796962025316,20760.647088607602,10195.491645569622,81963.46632911393,917730.4465822785,0.0029961676425877518,0.0030810102715906748,0.0029727169609580647,0.0031028991447807734,0.0027623396986379643,0.0005334189999819859,0.003188074836666512,0.004324434742521664,107325.72636616444,5632.400564569791,10029.03232803443,80977.08893089245,15733.733529294923,20197.87623342389,19610.81768209179,76647.2994067168,84593.83400836625,5271.302719096406,4630.392205647996,53031.51080449372,4862.1913486491885,2635.1930373258965,5687.729599639915,34742.12639211979,0.0,0.0,0.0,0.0,0.0,0.0,0.0,0.0,0.0032967771606044445,0.0014606415656274073,0.003275773482957037,0.0032481274030288325,0.0033017162284844437,0.0030893628593162965,0.12407978946544428,0.0011752823675170367,0.002608584634116437,0.001275442617582222,0.006901378400015428,0.0033166102865518515,0.031419215623170536,0.30335274305118826,0.0025569494320778667,0.0008340669223529409,0.0031475044222408956,0.0034212214356302523,0.0033435046415126045,0.002493211259187386,0.07011567010361032,0.0005943965212324929,0.0014680350751596633,0.0007170854842801119,0.0038708082155798312,0.0023993459068115397,0.021221284760882947,0.17824885075576086
2026-08-19 22:44:28.312000036,9976.213670886078,3609.037974683545,9755.72658227848,9791.866329113926,9936.680506329114,9383.602025316459,368725.80151898734,3179.1554430379747,7601.033924050635,3569.8116455696204,20747.708354430386,10194.777721518987,81987.15341772152,916883.8815189872,0.0029961676425877518,0.0029970392622698907,0.0029727169609580647,0.0031028991447807734,0.0027623396986379643,0.0005334189999819859,0.003188074836666512,0.004288663439125089,107325.72636616444,5478.893007432794,10029.03232803443,80977.08893089245,15733.733529294923,20197.87623342389,19610.81768209179,76678.94190057488,84593.83400836625,5127.6366580516315,4630.392205647996,53031.51080449372,4862.1913486491885,2635.1930373258965,5687.729599639915,34666.59769809037,0.0,0.0,0.0,0.0,0.0,0.0,0.0,0.0,0.0033036225689377775,0.0014636664934051852,0.0032825675843459255,0.003254859818306611,0.003308571851401111,0.003095760714177407,0.124334930734728,0.0011777162314059258,0.002613958868276217,0.0012780839009155554,0.006915568019850137,0.0033234785747462965,0.031474080108610546,0.3039771428376896,0.0025569494320778667,0.0008328426976470587,0.0031475044222408956,0.0034212214356302523,0.0033435046415126045,0.002523846961428571,0.07028021344687208,0.0005973841450980391,0.001474793904705882,0.0007187079652941175,0.00388675603610084,0.002421707027666451,0.021278838223157563,0.1788452000132187
2026-08-19 22:44:43.312000036,9976.046582278483,3609.037974683545,9769.743797468354,9800.849620253164,9972.823291139239,9383.602025316459,368803.5311392405,3179.1554430379747,7601.033924050635,3569.8116455696204,20747.708354430386,10194.777721518987,82024.58734177216,916594.8334177216,0.0029961676425877518,0.003079267312877442,0.0029727169609580647,0.0031028991447807734,0.0027623396986379643,0.0005334189999819859,0.0031876936753873516,0.004290778935939127,107325.72636616444,10722.608056420502,10029.03232803443,80977.08893089245,15733.733529294923,20197.87623342389,12502.570660313735,77232.66260135079,84593.83400836625,5018.394780715573,4630.392205647996,53031.51080449372,4862.1913486491885,2635.1930373258965,5854.862358000579,34756.9729096383,0.0,0.0,0.0,0.0,0.0,0.0,0.0,0.0,0.003310467977271111,0.0014666914211829629,0.0032893616857348146,0.0032615922335843886,0.0033154274743177775,0.0031021585690385184,0.12459007200401176,0.0011801500952948148,0.002619333102435996,0.0012807251842488889,0.006929757639684848,0.003330346862940741,0.031528944594050555,0.30460154262419104,0.0025851375583875284,0.0008328426976470587,0.003156692786969187,0.0034313365928571415,0.0033540579572549013,0.002523846961428571,0.07041842263514471,0.0005973841450980391,0.001474793904705882,0.0007187079652941175,0.00388675603610084,0.002421707027666451,0.02131292682778838,0.17934555619961304
2026-08-19 22:44:58.312000036,9976.046582278483,3606.04253164557,9769.743797468354,9800.849620253164,9972.823291139239,9401.243544303801,368893.8896202532,3188.169113924051,7614.66835443038,3568.7939240506334,20759.890632911396,10228.705822784812,82113.53924050633,916427.2556962026,0.0029961676425877518,0.003079267312877442,0.002896948421643381,0.0031028991447807734,0.0027632536404767257,0.0005334189999819859,0.0031876936753873516,0.004324482120825008,107325.72636616444,10722.608056420502,5242.937499344773,80977.08893089245,11009.617440970991,20197.87623342389,12502.570660313735,79205.54342396605,84593.83400836625,5018.394780715573,53.53578113694458,53031.51080449372,9.220785126441367,2635.1930373258965,5854.862358000579,35800.3656436041,0.0,0.0,0.0,0.0,0.0,0.0,0.0,0.0,0.0033173133856044448,0.0014697163489607408,0.0032961557871237033,0.0032683246488621667,0.0033222830972344445,0.003108556423899629,0.12484521327329551,0.0011825839591837037,0.002624707336595776,0.001283366467582222,0.006943947259519559,0.0033372151511351852,0.031583809079490564,0.3052259424106924,0.0025851375583875284,0.0008322599839999998,0.003156692786969187,0.0034313365928571415,0.0033540579572549013,0.0025581028983210964,0.07059083069638032,0.0006008013899159664,0.001481555283630252,0.0007209838988571429,0.003906901398235294,0.00244841614342315,0.02138190744755356,0.1800231433397199
2026-08-19 22:45:13.312000036,9996.71088607595,3606.04253164557,9773.358987341775,9793.670886075948,9988.523544303796,9401.243544303801,368937.44202531653,3188.169113924051,7614.66835443038,3568.7939240506334,20759.890632911396,10228.705822784812,82126.25620253166,916429.9321518987,0.003001337023518245,0.0030758132625537844,0.002972375312775796,0.0031028991447807734,0.002764912955254897,0.0005376840549723972,0.0031876936753873516,0.004323071583779747,104576.20365542229,5645.529609791269,10261.447453449915,80977.08893089245,10516.90101955765,18072.638454110427,12502.570660313735,77936.40347695656,82427.39293784177,61.18839870350754,54.959376478394496,53031.51080449372,8.808124806999707,2747.9936828348345,5854.862358000579,34789.84374866112,0.0,0.0,0.0,0.0,0.0,0.0,0.0,0.0,0.0033248151569329667,0.0014705410849344353,0.003298979141700642,0.0032762101180337858,0.003331347477155555,0.003116166360389348,0.125110450560416,0.0011850596153645547,0.0026313712716845173,0.00128643314033719,0.006959480974829144,0.0033473379204554637,0.03165311257947768,0.30592073258852165,0.0026165946073238057,0.0008322599839999998,0.003165666613915966,0.0034400783360224083,0.0033631205685154047,0.0025581028983210964,0.07073127817472391,0.0006008013899159664,0.001481555283630252,0.0007209838988571429,0.003906901398235294,0.00244841614342315,0.02141469064634904,0.1804880781360166
2026-08-19 22:45:28.312000036,9996.71088607595,3605.9908860759483,9773.358987341775,9793.670886075948,9988.523544303796,9395.103797468355,368953.55240506335,3196.6086075949374,7620.771645569621,3570.3858227848095,20752.116455696203,10231.658734177216,82141.50987341773,916171.3670886076,0.002997780795168615,0.0030758132625537844,0.002972375312775796,0.0030969105136627127,0.002764912955254897,0.0005376840549723972,0.0031895112397017115,0.004325977647211161,99064.52329337661,5645.529609791269,10261.447453449915,81511.97165165374,10516.90101955765,18072.638454110427,12019.912830841984,75113.2493450902,76345.2169952071,61.18839870350754,54.959376478394496,53351.297644687496,8.808124806999707,2747.9936828348345,5628.837228101612,32249.540973756662,0.0,0.0,0.0,0.0,0.0,0.0,0.0,0.0,0.0033316619200183654,0.0014735614919592285,0.003305765054235078,0.003282944911422215,0.003338207655530211,0.0031225667150725435,0.1253656124647876,0.0011874935650890725,0.0026367481439522767,0.0012890752973619833,0.006973673344364663,0.003354212892907254,0.031708006743647786,0.30654527647718294,0.0026165946073238057,0.0008314087596358541,0.003165666613915966,0.0034400783360224083,0.0033631205685154047,0.002590802919120329,0.07089708706544787,0.0006040585962521007,0.0014867167327563022,0.0007228288147002799,0.0039239349113949565,0.0024743754868187273,0.021473412574495088,0.1811379007805283
2026-08-19 22:45:43.312000036,10023.639493670886,3605.9908860759483,9774.358481012661,9795.934177215191,10000.584303797472,9395.103797468355,369008.9893670886,3196.6086075949374,7620.771645569621,3570.3858227848095,20752.116455696203,10231.658734177216,82170.60455696203,916452.8688607597,0.002997780795168615,0.0030758132625537844,0.002972375312775796,0.0030969105136627127,0.002764912955254897,0.0005349350260257485,0.0031892356702146,0.004297530884086345,99064.52329337661,5645.529609791269,10261.447453449915,81511.97165165374,10516.90101955765,20272.968175063837,6320.2806766380745,71580.46940815584,76345.2169952071,61.18839870350754,54.959376478394496,53351.297644687496,8.808124806999707,2644.7601550352892,1.7965550530523235,29587.258293650917,0.0,0.0,0.0,0.0,0.0,0.0,0.0,0.0,0.003338508683103765,0.0014765818989840218,0.0033125509667695126,0.003289679704810645,0.0033450678339048663,0.0031289670697557392,0.1256207743691592,0.0011899275148135905,0.002642125016220036,0.0012917174543867769,0.006987865713900182,0.0033610878653590444,0.0317629009078179,0.3071698203658441,0.002648466509441423,0.0008314087596358541,0.0031748868141624653,0.0034498254347058825,0.003373890042352941,0.002590802919120329,0.07103785085253034,0.0006040585962521007,0.0014867167327563022,0.0007228288147002799,0.0039239349113949565,0.0024743754868187273,0.02150561265742442,0.1816955689174153
2026-08-19 22:45:58.312000036,10023.639493670886,3622.7483544303795,9774.358481012661,9795.934177215191,10000.584303797472,9416.053670886075,369034.742278481,3206.4182278481017,7622.96506329114,3587.5929113924053,20771.255696202537,10225.37012658228,82214.30278481013,916583.0886075951,0.002997780795168615,0.0030863178465054034,0.002972375312775796,0.0030969105136627127,0.002764912955254897,0.0005349350260257485,0.0031892356702146,0.004288621001337669,99064.52329337661,5528.453015877608,10261.447453449915,81511.97165165374,10516.90101955765,20272.968175063837,6320.2806766380745,68158.07179115104,76345.2169952071,118.47929564439877,54.959376478394496,53351.297644687496,8.808124806999707,2644.7601550352892,1.7965550530523235,26632.756646172133,0.0,0.0,0.0,0.0,0.0,0.0,0.0,0.0,0.003345355446189164,0.0014796023060088153,0.0033193368793039482,0.003296414498199075,0.0033519280122795217,0.003135367424438935,0.12587593627353075,0.0011923614645381084,0.0026475018884877955,0.0012943596114115706,0.007002058083435701,0.0033679628378108354,0.03181779507198801,0.3077943642545053,0.002648466509441423,0.0008322619245714285,0.0031748868141624653,0.0034498254347058825,0.003373890042352941,0.002627047663128218,0.0712022786541058,0.0006069771823865546,0.0014925081731764708,0.0007261830353389354,0.003943067242924369,0.0024964880672268906,0.021563172413408382,0.18238996312399572
2026-08-19 22:46:13.312000036,10016.986329113926,3622.7483544303795,9743.395443037978,9777.654683544304,9986.554936708862,9416.053670886075,368911.17569620255,3206.4182278481017,7622.96506329114,3587.5929113924053,20771.255696202537,10225.37012658228,82160.70987341773,917104.1832911392,0.002997780795168615,0.0030863178465054034,0.002972375312775796,0.0030969105136627127,0.002764912955254897,0.0005349350260257485,0.0031892356702146,0.004315670072761047,99064.52329337661,5528.453015877608,10261.447453449915,81511.97165165374,10516.90101955765,20272.968175063837,6320.2806766380745,67044.53905589452,76345.2169952071,118.47929564439877,54.959376478394496,53351.297644687496,8.808124806999707,2644.7601550352892,1.7965550530523235,25904.066688776624,0.0,0.0,0.0,0.0,0.0,0.0,0.0,0.0,0.0033559581872459015,0.001482077296359927,0.003325378636456102,0.0033044383629399314,0.0033603147625398907,0.003143287061645173,0.12614128077469053,0.001194781869022951,0.002652845888820235,0.001298800386720583,0.007016825357149774,0.0033751863036743167,0.03189131396057749,0.3085163102903032,0.0026723463353376903,0.0008322619245714285,0.0031779047023809525,0.0034562965127058814,0.003378995419428571,0.002627047663128218,0.07131816207825022,0.0006069771823865546,0.0014925081731764708,0.0007261830353389354,0.003943067242924369,0.0024964880672268906,0.021546162654952197,0.18272871868116325
2026-08-19 22:46:28.312000036,10016.986329113926,3652.174177215189,9743.395443037978,9777.654683544304,9986.554936708862,9388.660253164555,368839.06025316456,3217.3184810126577,7625.222278481011,3601.5402531645573,20750.005063291144,10213.740759493669,82253.58243844938,917468.3665822785,0.003011339282268177,0.0030863178465054034,0.0029932765334701465,0.0030969105136627127,0.0027644699018508257,0.0005349350260257485,0.0031892356702146,0.004316612835276269,96614.35285505185,5528.453015877608,11552.802846160965,81511.97165165374,10835.945223641767,20272.968175063837,6320.2806766380745,63642.68486430388,74485.10921296006,118.47929564439877,1634.6518415098785,53351.297644687496,9.075331008075182,2644.7601550352892,1.7965550530523235,22693.898346440077,0.0,0.0,0.0,0.0,0.0,0.0,0.0,0.0,0.0033628126339672127,0.0014850965907588342,0.0033321630271664843,0.0033111757932678004,0.003367178063769399,0.003149690524076867,0.1263964633316011,0.0011972157911540984,0.002658222694375791,0.0013014462077588344,0.0070310188923801255,0.003382061986051366,0.0319462461555093,0.30914105190683433,0.0026723463353376903,0.0008344488962521008,0.0031779047023809525,0.0034562965127058814,0.003378995419428571,0.002654339956119839,0.07146932230007344,0.0006102019792773107,0.0014976231104201678,0.0007289781542016806,0.003957047446095238,0.0025176057788102602,0.021603286200431896,0.18330699922586913
2026-08-19 22:46:43.312000036,10019.377215189874,3652.174177215189,9718.903291139242,9763.248607594938,9976.824303797468,9388.660253164555,368771.2101265823,3217.3184810126577,7625.222278481011,3601.5402531645573,20750.005063291144,10213.740759493669,82939.54243661014,917164.3351898735,0.003011339282268177,0.003087618195117255,0.002906217715765017,0.0030969105136627127,0.0027850834839944698,0.0005349350260257485,0.0032158219718776255,0.004329999295307181,96614.35285505185,5763.105424921344,11762.336948418355,81511.97165165374,11987.8677017973,20272.968175063837,7937.4044647258115,63277.20325047834,74485.10921296006,119.91329068247437,1652.2404938739621,53351.297644687496,1590.8318621716476,2644.7601550352892,1851.1383559844417,22137.943233473303,0.0,0.0,0.0,0.0,0.0,0.0,0.0,0.0,0.003369667080688524,0.0014881158851577413,0.003338947417876867,0.0033179132235956693,0.003374041364998907,0.003156093986508561,0.12665164588851166,0.0011996497132852457,0.002663599499931346,0.0013040920287970853,0.007045212427610479,0.003388937668428415,0.032001178350441105,0.3097657935233655,0.0026991056175592627,0.0008344488962521008,0.0031851761297478983,0.003463610309215686,0.003387462654179271,0.002654339956119839,0.07159833490684095,0.0006102019792773107,0.0014976231104201678,0.0007289781542016806,0.003957047446095238,0.0025176057788102602,0.021703247326795592,0.18348551494380574
2026-08-19 22:46:58.312000036,10019.377215189874,3680.478987341773,9718.903291139242,9763.248607594938,9976.824303797468,9384.44658227848,368762.21164556965,3223.373164556962,7629.432911392408,3614.5215189873416,20741.984810126585,10199.589873417723,83365.47053272407,917232.7534177216,0.0029409342498700683,0.003087618195117255,0.0029249831164666956,0.0030947331469500837,0.0027850834839944698,0.0005264686966647417,0.0032158219718776255,0.004401219215408795,88811.82724431802,5763.105424921344,11838.286167510885,78207.01468980117,11987.8677017973,20562.739183189275,7937.4044647258115,67382.1517750528,66581.81691336403,119.91329068247437,1662.9089839718977,49267.80830895807,1590.8318621716476,2682.5629478851897,1851.1383559844417,25483.59817136092,0.0,0.0,0.0,0.0,0.0,0.0,0.0,0.0,0.003376521527409835,0.0014911351795566484,0.003345731808587249,0.0033246506539235388,0.003380904666228415,0.003162497448940255,0.12690682844542223,0.0012020836354163934,0.0026689763054869014,0.0013067378498353367,0.007059405962840832,0.003395813350805464,0.032056110545372905,0.3103905351398966,0.0026991056175592627,0.000837473893557423,0.0031851761297478983,0.003463610309215686,0.003387462654179271,0.002688272891258657,0.07175925086038905,0.0006134564047619047,0.0015030447086834735,0.0007321011820728291,0.003973816515176471,0.0025386204281150873,0.02181371407206097,0.18402747320379104
2026-08-19 22:47:13.312000036,10007.893670886078,3680.478987341773,9687.639493670888,9742.72101265823,9970.040506329116,9384.44658227848,368666.3969620253,3223.373164556962,7629.432911392408,3614.5215189873416,20741.984810126585,10199.589873417723,83586.3913627247,916800.1883544305,0.003021396118299362,0.003087618195117255,0.0030024641122685675,0.0030114840000349534,0.0027850834839944698,0.0005264686966647417,0.0032158219718776255,0.004658059592884056,91241.65564290027,5763.105424921344,12151.875054804796,76103.2251394416,11987.8677017973,20562.739183189275,7937.4044647258115,86182.54255888681,68403.44804724713,119.91329068247437,1706.958415669699,47942.491127364876,1590.8318621716476,2682.5629478851897,1851.1383559844417,43446.52731479982,0.0,0.0,0.0,0.0,0.0,0.0,0.0,0.0,0.003380525056577416,0.0014981201567031617,0.003347714840252213,0.0033300685460196013,0.0033837442000354103,0.0031662681011432703,0.12712753439337063,0.00120429725028654,0.0026743598567017923,0.0013117438239183378,0.007069015260901076,0.0033984633149976512,0.03212283860450134,0.31120899649435274,0.0027249685898174,0.000837473893557423,0.0031917032655294107,0.0034718613256246493,0.0033945067302857145,0.002688272891258657,0.07188704954019794,0.0006134564047619047,0.0015030447086834735,0.0007321011820728291,0.003973816515176471,0.0025386204281150873,0.021847363105021847,0.18417164615746817
2026-08-19 22:47:28.312000036,10007.893670886078,3709.771139240507,9687.639493670888,9742.72101265823,9970.040506329116,9364.289620253163,368615.48354430386,3230.8556962025323,7626.115443037975,3625.8531645569606,20704.714936708868,10186.61164556962,83825.54623764873,916650.0759493671,0.003021396118299362,0.0031521341480270806,0.0030024641122685675,0.00314704735918924,0.0027850834839944698,0.0005264686966647417,0.0032092101805769827,0.004849844435997421,91241.65564290027,13037.168594738345,12151.875054804796,80612.77340691428,11987.8677017973,20562.739183189275,8148.40214128937,99764.73076353861,68403.44804724713,7628.241752586747,1706.958415669699,53057.9381605446,1590.8318621716476,2682.5629478851897,1900.3466196991337,60226.80227377597,0.0,0.0,0.0,0.0,0.0,0.0,0.0,0.0,0.0033873737198565493,0.0015011474663237578,0.003354489489303704,0.003336803298729628,0.003390599336891779,0.003172666221739476,0.12738264758960716,0.0012067307272513098,0.002679736675922223,0.0013143944140267389,0.007083199569368818,0.003405330458629087,0.032183085304854524,0.31183412785927206,0.0027249685898174,0.0008401027146442577,0.0031917032655294107,0.0034718613256246493,0.0033945067302857145,0.002720631686823529,0.07204139089253157,0.0006169042944369747,0.0015065574013949578,0.0007347299349859943,0.003987917885154062,0.0025594792288806717,0.021925917363179614,0.18463475101708635
2026-08-19 22:47:43.312000036,10007.711392405063,3709.771139240507,9676.435443037974,9725.57164556962,9964.827341772152,9364.289620253163,368554.377721519,3230.8556962025323,7626.115443037975,3625.8531645569606,20704.714936708868,10186.61164556962,84100.99129527595,916490.2359493672,0.003021396118299362,0.0031521341480270806,0.0030024641122685675,0.00314704735918924,0.002785439730118261,0.0005264686966647417,0.0032092101805769827,0.005012719996405046,91241.65564290027,13037.168594738345,12151.875054804796,80612.77340691428,12585.049234035503,20562.739183189275,8148.40214128937,109534.86245013287,68403.44804724713,7628.241752586747,1706.958415669699,53057.9381605446,1670.0799346910487,2682.5629478851897,1900.3466196991337,69654.3514230839,0.0,0.0,0.0,0.0,0.0,0.0,0.0,0.0,0.0033942223831356817,0.0015041747759443544,0.003361264138355194,0.0033435380514396547,0.003397454473748148,0.0031790643423356816,0.1276377607858437,0.0012091642042160796,0.0026851134951426524,0.0013170450041351401,0.007097383877836559,0.0034121976022605236,0.032243332005207716,0.31245925922419143,0.0027516026438502666,0.0008401027146442577,0.0031983229874957973,0.0034798790121008394,0.0034016038280672263,0.002720631686823529,0.07216931436098348,0.0006169042944369747,0.0015065574013949578,0.0007347299349859943,0.003987917885154062,0.0025594792288806717,0.02197128496895861,0.18478277134975782
2026-08-19 22:47:58.312000036,10007.711392405063,3744.7989873417714,9676.435443037974,9725.57164556962,9964.827341772152,9351.64860759494,368529.88860759494,3241.136202531646,7622.281518987341,3636.4739240506333,20711.340759493673,10179.991898734177,84404.68098986699,916475.6688607596,0.003176321745983755,0.0031521341480270806,0.0030480740357224307,0.00314704735918924,0.002785439730118261,0.0005264686966647417,0.0032092101805769827,0.005185501709387875,93020.16856529629,13037.168594738345,18792.22283430689,80612.77340691428,12585.049234035503,20562.739183189275,8148.40214128937,118506.90388618315,71069.18840372711,7628.241752586747,8773.299366173824,53057.9381605446,1670.0799346910487,2682.5629478851897,1900.3466196991337,78842.06883312632,0.0,0.0,0.0,0.0,0.0,0.0,0.0,0.0,0.0034010710464148146,0.0015072020855649501,0.0033680387874066853,0.0033502728041496822,0.003404309610604516,0.003185462462931888,0.12789287398208027,0.0012115976811808492,0.0026904903143630827,0.0013196955942435412,0.0071115681863043005,0.0034190647458919605,0.03230357870556091,0.31308439058911075,0.0027516026438502666,0.0008441636964705881,0.0031983229874957973,0.0034798790121008394,0.0034016038280672263,0.0027559022278387307,0.07232964742895298,0.0006203321378823528,0.0015108979792941178,0.0007373351251764704,0.004008802470240896,0.002582366971744402,0.02206275296295828,0.1853239306589319
2026-08-19 22:48:13.312000036,9985.370126582278,3744.7989873417714,9651.569620253164,9707.234430379747,9958.174177215187,9351.64860759494,368426.57924050634,3241.136202531646,7622.281518987341,3636.4739240506333,20711.340759493673,10179.991898734177,84606.08322189863,915707.501772152,0.003176321745983755,0.0031521341480270806,0.0030480740357224307,0.00314704735918924,0.002785439730118261,0.0005264686966647417,0.0032092101805769827,0.005184789944264231,93020.16856529629,13037.168594738345,18792.22283430689,80612.77340691428,12585.049234035503,20562.739183189275,8148.40214128937,121553.96870628695,71069.18840372711,7628.241752586747,8773.299366173824,53057.9381605446,1670.0799346910487,2682.5629478851897,1900.3466196991337,81587.7139190189,0.0,0.0,0.0,0.0,0.0,0.0,0.0,0.0,0.003405297135916129,0.0015150457176437277,0.003371710376066667,0.0033553574553191316,0.0034085777190480285,0.0031895245319885305,0.12812387797041422,0.001214156643237276,0.0026944971564138664,0.0013242243611182797,0.0071237611919722655,0.003421457752870968,0.03254647439697047,0.3136642136672811,0.0027759543247058817,0.0008441636964705881,0.0032035763711932776,0.003487502258408963,0.0034069596942296913,0.0027559022278387307,0.07245355797079302,0.0006203321378823528,0.0015108979792941178,0.0007373351251764704,0.004008802470240896,0.002582366971744402,0.02209616955047577,0.18540542987153383
2026-08-19 22:48:28.312000036,9985.370126582278,3773.975696202533,9651.569620253164,9707.234430379747,9958.174177215187,9328.611645569621,368377.53721518995,3247.4521518987344,7614.373670886077,3641.4592405063304,20679.991898734173,10165.880506329115,84883.80747944,915765.8521518988,0.003176321745983755,0.0031495926710500004,0.0030480740357224307,0.0031470921387318617,0.002819136999578484,0.0005369629948274598,0.0031607334717907434,0.0052004439910693125,93020.16856529629,13579.122833702211,18792.22283430689,83680.14346859827,16885.53049638449,19766.82817303354,8732.876530139165,118871.00047420531,71069.18840372711,7939.318607024125,8773.299366173824,55075.585891485454,6394.489214426321,2580.225157641825,2574.8770045770116,78805.3706191267,0.0,0.0,0.0,0.0,0.0,0.0,0.0,0.0,0.003412140518980646,0.0015180826860577061,0.0033784787792924733,0.0033620888867707437,0.0034154276491555552,0.003195917950671326,0.12837894304374756,0.0012165903717318996,0.0026998712404138667,0.001326878715956989,0.007137941523972267,0.003428315928274193,0.03263374900787942,0.3142892544852811,0.0027759543247058817,0.0008475408282184872,0.0032035763711932776,0.003487502258408963,0.0034069596942296913,0.0027914331837433147,0.07261111478357173,0.0006231379298879553,0.0015145017583697476,0.0007396353190532212,0.004024682702117647,0.0026036786820985694,0.022182943052645388,0.1859196898226411
2026-08-19 22:48:43.312000036,9960.300759493672,3773.975696202533,9644.618734177217,9700.10734177215,9962.15088607595,9328.611645569621,368323.25468354434,3247.4521518987344,7614.373670886077,3641.4592405063304,20679.991898734173,10165.880506329115,85170.38535912735,915589.9989873418,0.003176321745983755,0.0031495926710500004,0.0030555834130134955,0.0031470921387318617,0.002819136999578484,0.0005250591417311047,0.0032387945715608196,0.0053642823600806785,93020.16856529629,13579.122833702211,19495.56596415935,83680.14346859827,16885.53049638449,20215.291353167042,8948.553667165443,126135.73497589155,71069.18840372711,7939.318607024125,9101.660725537455,55075.585891485454,6394.489214426321,2638.764442221387,2638.469120946155,85110.23131816296,0.0,0.0,0.0,0.0,0.0,0.0,0.0,0.0,0.0034189839020451612,0.0015211196544716846,0.0033852471825182792,0.003368820318222357,0.003422277579263083,0.0032023113693541217,0.12863400811708087,0.0012190241002265232,0.0027052453244138666,0.0013295330707956989,0.007152121855972266,0.0034351741036774187,0.03272102361878836,0.3149142953032811,0.0028019318119405297,0.0008475408282184872,0.0032107132728851533,0.003495942022341736,0.003411361325613445,0.0027914331837433147,0.07273652116388173,0.0006231379298879553,0.0015145017583697476,0.0007396353190532212,0.004024682702117647,0.0026036786820985694,0.022223379286172688,0.186066931726933
2026-08-19 22:48:58.312000036,9960.300759493672,3808.2987341772155,9644.618734177217,9700.10734177215,9962.15088607595,9328.165063291139,368318.51848101267,3255.8643037974684,7611.575696202534,3652.0435443037964,20683.719493670887,10156.365569620253,85494.6013394495,915517.6982278482,0.0031838174547662093,0.0031495926710500004,0.0030555834130134955,0.0030723899535697657,0.002819136999578484,0.0005405487926120672,0.0032387945715608196,0.005368844165049754,95690.27490003036,13579.122833702211,19495.56596415935,81693.83696843304,16885.53049638449,20811.658087179374,8948.553667165443,123183.30815407238,73107.39885359342,7939.318607024125,9101.660725537455,53768.26267570107,6394.489214426321,2716.610034686167,2638.469120946155,82894.86440108088,0.0,0.0,0.0,0.0,0.0,0.0,0.0,0.0,0.003425827285109677,0.0015241566228856628,0.0033920155857440864,0.0033755517496739705,0.0034291275093706096,0.0032087047880369184,0.1288890731904142,0.0012214578287211468,0.002710619408413867,0.0013321874256344082,0.007166302187972266,0.0034420322790806447,0.03280829822969732,0.3155393361212811,0.0028019318119405297,0.0008515137692997198,0.0032107132728851533,0.003495942022341736,0.003411361325613445,0.0028286958874529115,0.0728996505323909,0.0006260877902969187,0.0015192129822408965,0.0007424355525266104,0.004045101226633053,0.0026271175048122107,0.02231866738805733,0.1866151110255268
2026-08-19 22:49:13.312000036,9944.65518987342,3808.2987341772155,9629.760000000004,9698.421265822786,9965.25569620253,9328.165063291139,368283.715443038,3255.8643037974684,7611.575696202534,3652.0435443037964,20683.719493670887,10156.365569620253,85725.73139216553,914551.0541772152,0.0031838174547662093,0.0030643705736205246,0.0030555834130134955,0.003193382880441576,0.002819136999578484,0.0005405487926120672,0.0032387945715608196,0.005465852812733546,95690.27490003036,13211.697121870468,19495.56596415935,81114.34127332877,16885.53049638449,20811.658087179374,8948.553667165443,130338.24788079382,73107.39885359342,7724.495468124105,9101.660725537455,53795.05057186528,6394.489214426321,2716.610034686167,2638.469120946155,89821.94797262884,0.0,0.0,0.0,0.0,0.0,0.0,0.0,0.0,0.0034296324054478218,0.0015320252027889775,0.003395639522904177,0.003380816730475204,0.003433224133843911,0.0032126500373489773,0.12912151745923597,0.0012237052401130664,0.0027148645197975305,0.0013365136271523553,0.007178734192574955,0.003445532807350044,0.03289760936599186,0.3161499676483337,0.002827778489635854,0.0008515137692997198,0.0032120998476358542,0.003505398686924369,0.00341722513317647,0.0028286958874529115,0.07302328542994085,0.0006260877902969187,0.0015192129822408965,0.0007424355525266104,0.004045101226633053,0.0026271175048122107,0.022334305151785753,0.18668592439607418
2026-08-19 22:49:28.312000036,9944.65518987342,3841.7437974683544,9629.760000000004,9698.421265822786,9965.25569620253,9311.565569620254,368244.77164556965,3263.1675949367086,7611.335696202534,3662.1356962025316,20662.508354430378,10137.94329113924,85975.3942545416,914415.514936709,0.0034485256743127567,0.003219350806648598,0.0030848554373986157,0.003193382880441576,0.0028262941259960678,0.0005368306561870933,0.0032913895954090984,0.0057215663181413925,95407.18531754398,15968.168671004956,21338.336496358108,81114.34127332877,17724.962432778895,20226.309316881136,9439.034134160014,136828.01016749706,73718.69949546698,10612.096107164578,11334.471315429555,53795.05057186528,6712.379047065477,2639.973068229442,3317.921357401862,96704.83148473706,0.0,0.0,0.0,0.0,0.0,0.0,0.0,0.0,0.0034364697207811554,0.0015350717834556444,0.0034024016475708444,0.003387545233808537,0.0034400685665105786,0.003219038568015644,0.12937653775090263,0.0012261385981130666,0.0027202363676811295,0.0013391713064856887,0.007192911060961199,0.00345238430601671,0.03298539618925172,0.31677497969132307,0.002827778489635854,0.0008552668328571428,0.0032120998476358542,0.003505398686924369,0.00341722513317647,0.0028651863141606407,0.07318632443751011,0.0006292880985714285,0.0015253024842857143,0.0007454167442857142,0.004062194375899159,0.0026527384754921144,0.022421069602551334,0.18720587993844046
2026-08-19 22:49:43.312000036,9938.557974683545,3841.7437974683544,9631.44911392405,9697.977721518988,9953.450126582278,9311.565569620254,368203.25164556963,3263.1675949367086,7611.335696202534,3662.1356962025316,20662.508354430378,10137.94329113924,86254.78646806879,914162.3574683545,0.0034485256743127567,0.003219350806648598,0.0030848554373986157,0.0031942610357981478,0.0028262941259960678,0.0005368306561870933,0.0032913895954090984,0.005767101539719989,95407.18531754398,15968.168671004956,21338.336496358108,77210.05944535132,17724.962432778895,20226.309316881136,9439.034134160014,142923.74081973667,73718.69949546698,10612.096107164578,11334.471315429555,49412.72182892659,6712.379047065477,2639.973068229442,3317.921357401862,102143.78234219342,0.0,0.0,0.0,0.0,0.0,0.0,0.0,0.0,0.003443307036114489,0.001538118364122311,0.0034091637722375107,0.0033942737371418703,0.0034469129991772443,0.0032254270986823113,0.12963155804256932,0.0012285719561130667,0.002725608215564727,0.0013418289858190219,0.007207087929347442,0.003459235804683377,0.03307318301251157,0.31739999173431255,0.002858548023340336,0.0008552668328571428,0.003219859354084033,0.003514455554156862,0.00342272155917647,0.0028651863141606407,0.07331637735298224,0.0006292880985714285,0.0015253024842857143,0.0007454167442857142,0.004062194375899159,0.0026527384754921144,0.02245658580426681,0.18727464848666456
2026-08-19 22:49:58.312000036,9938.557974683545,3875.513924050633,9631.44911392405,9697.977721518988,9953.450126582278,9297.320506329115,368163.86126582284,3269.258734177216,7609.0693670886085,3675.1473417721522,20669.249620253162,10107.472405063294,86529.6031905263,914125.4946835444,0.0033792589735644734,0.0032187514447236743,0.0030848554373986157,0.0031942610357981478,0.0028262941259960678,0.0005368306561870933,0.0032913895954090984,0.005830922759568926,97599.62000045353,16522.79937509432,21338.336496358108,77210.05944535132,17724.962432778895,20226.309316881136,9439.034134160014,149004.8452059949,75411.9329227464,10975.897865777868,11334.471315429555,49412.72182892659,6712.379047065477,2639.973068229442,3317.921357401862,107901.03799369521,0.0,0.0,0.0,0.0,0.0,0.0,0.0,0.0,0.003450144351447822,0.0015411649447889773,0.003415925896904178,0.0034010022404752033,0.0034537574318439113,0.0032318156293489777,0.12988657833423597,0.0012310053141130664,0.002730980063448325,0.0013444866651523553,0.007221264797733686,0.0034660873033500444,0.03316096983577143,0.3180250037773019,0.002858548023340336,0.000859197969210084,0.003219859354084033,0.003514455554156862,0.00342272155917647,0.0029036057399901135,0.07348053939844443,0.0006320424400672268,0.0015314460052436975,0.0007486118808739495,0.004083191515714286,0.0026758101350147787,0.022550107710115206,0.18781630335855468
2026-08-19 22:50:13.312000036,9941.51088607595,3875.513924050633,9613.379240506332,9692.700759493673,9930.17012658228,9297.320506329115,368103.34177215194,3269.258734177216,7609.0693670886085,3675.1473417721522,20669.249620253162,10107.472405063294,86762.71680894747,913104.8081012659,0.0034735759389623363,0.0032187514447236743,0.0030852519052840827,0.0031942610357981478,0.0028569956015060886,0.0005368306561870933,0.003293592861162698,0.005870254160782411,100323.67875251702,16522.79937509432,21908.247495890562,77210.05944535132,17452.34276588861,20226.309316881136,9722.056032019294,153171.64021012466,77516.72119843104,10975.897865777868,11631.339674042087,49412.72182892659,6937.588193588798,2639.973068229442,3417.406578683275,111312.14687387507,0.0,0.0,0.0,0.0,0.0,0.0,0.0,0.0,0.0034542803755830687,0.001549457075789065,0.003419906786535449,0.003406749509483118,0.003458505349644444,0.0032345227411858905,0.13012455255126787,0.0012330701407873015,0.002736602922037446,0.001349574135035626,0.007235378490917936,0.0034709558448373897,0.03323874213063433,0.31861358613187196,0.002889984411100376,0.000859197969210084,0.00322580725307563,0.003520913298655461,0.0034268401033613447,0.0029036057399901135,0.07360783264183877,0.0006320424400672268,0.0015314460052436975,0.0007486118808739495,0.004083191515714286,0.0026758101350147787,0.02258972379649194,0.1878519247685816
2026-08-19 22:50:28.312000036,9941.51088607595,3902.457721518988,9613.379240506332,9692.700759493673,9930.17012658228,9274.332151898734,368030.1873417722,3273.432911392404,7604.922531645569,3684.8111392405062,20620.368607594934,10085.103797468355,87017.16484619363,913239.5118987341,0.0034735759389623363,0.0032187514447236743,0.0030852519052840827,0.0032415225566135566,0.0028569956015060886,0.0005368306561870933,0.003293592861162698,0.005883773148945058,100323.67875251702,16522.79937509432,21908.247495890562,75572.2625292435,17452.34276588861,20226.309316881136,9722.056032019294,150136.6894611364,77516.72119843104,10975.897865777868,11631.339674042087,48638.341421991114,6937.588193588798,2639.973068229442,3417.406578683275,108368.82456128915,0.0,0.0,0.0,0.0,0.0,0.0,0.0,0.0,0.0034611123378846566,0.0015525140089901234,0.0034266634016148143,0.003413476069006928,0.003465345629406349,0.003240903979942504,0.13037953936688468,0.0012355027717396824,0.0027419752632447947,0.0013522366079192238,0.007249555234356254,0.0034778034314776013,0.033326109071377716,0.31923852638187195,0.002889984411100376,0.0008627265654117646,0.00322580725307563,0.003520913298655461,0.0034268401033613447,0.0029397759038415354,0.07376471225138374,0.0006347452359271706,0.0015373679126274506,0.0007515842259103642,0.004099480429714286,0.0027002459427450973,0.02267344672614807,0.18834621740751817
2026-08-19 22:50:43.312000036,9947.286075949365,3902.457721518988,9605.890632911396,9694.335189873418,9906.528607594937,9274.332151898734,367987.6860759494,3273.432911392404,7604.922531645569,3684.8111392405062,20620.368607594934,10085.103797468355,87326.80949571037,913170.182278481,0.0034735759389623363,0.0032187514447236743,0.0030852519052840827,0.0032415225566135566,0.0028569956015060886,0.0005409952361112029,0.003293592861162698,0.00615237064449168,100323.67875251702,16522.79937509432,21908.247495890562,75572.2625292435,17452.34276588861,20766.192041373746,9722.056032019294,157163.6015133653,77516.72119843104,10975.897865777868,11631.339674042087,48638.341421991114,6937.588193588798,2710.6752112446297,3417.406578683275,115663.81128157336,0.0,0.0,0.0,0.0,0.0,0.0,0.0,0.0,0.003467944300186243,0.0015555709421911819,0.003433420016694179,0.003420202628530738,0.0034721859091682537,0.0032472852186991178,0.13063452618250146,0.0012379354026920634,0.0027473476044521435,0.0013548990808028216,0.007263731977794576,0.003484651018117813,0.0334134760121211,0.31986346663187193,0.002923385497366946,0.0008627265654117646,0.0032328821516078433,0.003529157316957983,0.003435594347675069,0.0029397759038415354,0.07389741004486772,0.0006347452359271706,0.0015373679126274506,0.0007515842259103642,0.004099480429714286,0.0027002459427450973,0.022727459659490287,0.188484745294522
2026-08-19 22:50:58.312000036,9947.286075949365,3929.9969620253164,9605.890632911396,9694.335189873418,9906.528607594937,9254.126582278483,367926.9539240507,3275.495696202531,7606.948860759491,3699.624303797469,20585.88455696202,10065.843037974684,87593.3623990798,913395.6698734178,0.0037093336307214403,0.0032187514447236743,0.0030852519052840827,0.0032431478293792125,0.0028569956015060886,0.0005409952361112029,0.003293592861162698,0.006264257992906595,97236.59423081261,16522.79937509432,21908.247495890562,72280.97399481393,17452.34276588861,20766.192041373746,9722.056032019294,163432.87335619674,75387.47641361861,10975.897865777868,11631.339674042087,50633.107194900214,6937.588193588798,2710.6752112446297,3417.406578683275,122656.75615638377,0.0,0.0,0.0,0.0,0.0,0.0,0.0,0.0,0.0034747762624878307,0.0015586278753922397,0.0034401766317735446,0.003426929188054547,0.003479026188930159,0.003253666457455732,0.13088951299811827,0.0012403680336444444,0.0027527199456594932,0.0013575615536864194,0.007277908721232896,0.003491498604758024,0.03350084295286449,0.3204884068818719,0.002923385497366946,0.0008667285373781512,0.0032328821516078433,0.003529157316957983,0.003435594347675069,0.002980735210602409,0.07405839053210456,0.0006377050940840333,0.0015449782852100834,0.0007549246738823529,0.004118618402218486,0.002724517210601163,0.022817276285377035,0.18903470056795582
2026-08-19 22:51:13.312000036,9956.636962025319,3929.9969620253164,9584.858734177213,9693.764050632912,9901.193924050634,9254.126582278483,367897.0450632912,3275.495696202531,7606.948860759491,3699.624303797469,20585.88455696202,10065.843037974684,87909.23573689796,912589.9777215191,0.0037093336307214403,0.003131719805675878,0.0030032687329188067,0.0032431478293792125,0.00286914556286702,0.0005384176712443003,0.0032060097611971146,0.006311358388744547,97236.59423081261,16522.612059087736,22218.410444528286,72280.97399481393,17265.951811282193,19851.20317668633,9463.527476360852,169066.2113022407,75387.47641361861,10975.773433996652,11795.159731752268,50633.107194900214,7039.0375311629905,2603.2385151316303,3326.531028905031,127547.06665453548,0.0,0.0,0.0,0.0,0.0,0.0,0.0,0.0,0.0034819193783664037,0.0015660041468934381,0.0034442526375125107,0.003431131581081985,0.003482750533300437,0.0032563380437522316,0.13112262674748196,0.0012419248575111109,0.0027587824575388883,0.001362402111945407,0.007289605604670138,0.0034945544142271213,0.033585583009866714,0.3210903392702806,0.0029564356316611764,0.0008667285373781512,0.0032391153114285707,0.003537266091383752,0.0034440275827899154,0.002980735210602409,0.07418985915697043,0.0006377050940840333,0.0015449782852100834,0.0007549246738823529,0.004118618402218486,0.002724517210601163,0.02286834964027397,0.18908755934226745
2026-08-19 22:51:28.312000036,9956.636962025319,3957.3387341772145,9584.858734177213,9693.764050632912,9901.193924050634,9240.255189873418,367809.80962025316,3275.7721518987337,7601.343797468356,3712.3199999999993,20526.179240506324,10050.680506329114,88162.74739516196,912301.968607595,0.0037093336307214403,0.0032649321345919933,0.0031258345898213446,0.0032712937390796406,0.002865889920903213,0.0005384176712443003,0.003355926695457316,0.006321218679570092,97236.59423081261,29885.9391317892,35317.872080800356,84065.77066349666,18053.28344656317,19851.20317668633,9621.677126887775,171776.36945663442,75387.47641361861,24126.642375216932,24774.404225777813,62735.388709266954,7361.480849387902,2603.2385151316303,3434.0525271951433,129694.78283524116,0.0,0.0,0.0,0.0,0.0,0.0,0.0,0.0,0.003488751949232545,0.001569069538625722,0.0034510039846253715,0.00343785318016335,0.0034895846894684164,0.003262711992571129,0.13137757094149236,0.0012443557741777776,0.002764156144387847,0.0013650688481658792,0.00730377751222222,0.003501394578925284,0.0336732782144802,0.32171523451572326,0.0029564356316611764,0.0008699458732156861,0.0032391153114285707,0.003537266091383752,0.0034440275827899154,0.003021987687230989,0.07434532987660256,0.0006401973506274509,0.0015512375872549018,0.000757468854980392,0.0041338861998991595,0.002749141712950645,0.02295579901259112,0.1895523321378381
2026-08-19 22:51:43.312000036,9963.906835443038,3957.3387341772145,9564.726075949367,9694.256202531646,9907.488607594934,9240.255189873418,367788.5559493671,3275.7721518987337,7601.343797468356,3712.3199999999993,20526.179240506324,10050.680506329114,88453.17244249076,912012.9356962026,0.0037093336307214403,0.0032649321345919933,0.0031258345898213446,0.0032712937390796406,0.002865889920903213,0.0005354121449297215,0.003355926695457316,0.006442032153086728,97236.59423081261,29885.9391317892,35317.872080800356,84065.77066349666,18053.28344656317,17624.91541147389,9621.677126887775,183571.39897828014,75387.47641361861,24126.642375216932,24774.404225777813,62735.388709266954,7361.480849387902,2693.2655550292757,3434.0525271951433,140784.83906858735,0.0,0.0,0.0,0.0,0.0,0.0,0.0,0.0,0.0034955845200986876,0.001572134930358005,0.0034577553317382327,0.003444574779244715,0.0034964188456363954,0.0032690859413900264,0.13163251513550278,0.001246786690844444,0.0027695298312368057,0.0013677355843863515,0.0073179494197743045,0.0035082347436234465,0.03376097341909368,0.322340129761166,0.0029915522645703437,0.0008699458732156861,0.00324746985510364,0.003545769678554622,0.003455535456739495,0.003021987687230989,0.07448062600679738,0.0006401973506274509,0.0015512375872549018,0.000757468854980392,0.0041338861998991595,0.002749141712950645,0.0230020239263103,0.18967968992708467
2026-08-19 22:51:58.312000036,9963.906835443038,3987.071392405063,9564.726075949367,9694.256202531646,9907.488607594934,9237.754936708863,367757.02784810134,3275.671898734178,7600.0435443038,3728.2906329113916,20479.08455696202,10042.444556962027,88749.51895577005,912050.8951898735,0.003741630263646029,0.0032649321345919933,0.0031258345898213446,0.0032712937390796406,0.002865889920903213,0.0005354121449297215,0.003355926695457316,0.006579330228522019,101351.40556189636,29885.9391317892,35317.872080800356,84065.77066349666,18053.28344656317,17624.91541147389,9621.677126887775,195359.15254152255,78570.96858364587,24126.642375216932,24774.404225777813,62735.388709266954,7361.480849387902,2693.2655550292757,3434.0525271951433,152158.73744647557,0.0,0.0,0.0,0.0,0.0,0.0,0.0,0.0,0.0035024170909648297,0.0015752003220902888,0.0034645066788510934,0.00345129637832608,0.003503253001804375,0.0032754598902089236,0.13188745932951318,0.0012492176075111108,0.002774903518085764,0.001370402320606824,0.007332121327326387,0.0035150749083216097,0.03384866862370716,0.3229650250066087,0.0029915522645703437,0.0008734894089635852,0.00324746985510364,0.003545769678554622,0.003455535456739495,0.0030661610320074696,0.07464243788567382,0.000642931734677871,0.0015580035306442576,0.0007607945282913163,0.004152298455764704,0.002773953674092616,0.023101390378222647,0.1902035018047488
2026-08-19 22:52:13.312000036,9964.866835443037,3987.071392405063,9543.429873417723,9689.149367088608,9908.33924050633,9237.754936708863,367711.00556962035,3275.671898734178,7600.0435443038,3728.2906329113916,20479.08455696202,10042.444556962027,89021.96699463892,911328.5802531646,0.003741630263646029,0.003261745674636272,0.0031258345898213446,0.0032712937390796406,0.002865889920903213,0.0005354121449297215,0.003355926695457316,0.006661469355770391,101351.40556189636,30869.028017092616,35317.872080800356,84065.77066349666,18053.28344656317,17624.91541147389,9621.677126887775,199951.15005644667,78570.96858364587,24918.89275261131,24774.404225777813,62735.388709266954,7361.480849387902,2693.2655550292757,3434.0525271951433,156438.54022697912,0.0,0.0,0.0,0.0,0.0,0.0,0.0,0.0,0.0035105310355270838,0.0015824406717604167,0.003467819125357639,0.0034556706848364255,0.0035105215309881943,0.0032802924803354166,0.13212354155658845,0.0012504581821243055,0.0027804624074446167,0.0013749302159118057,0.00734356671409199,0.0035177902825805555,0.033941694138478216,0.32350975087225703,0.00302386877780966,0.0008734894089635852,0.003254305021719887,0.003553270529344537,0.003464591627966387,0.0030661610320074696,0.07477208089524369,0.000642931734677871,0.0015580035306442576,0.0007607945282913163,0.004152298455764704,0.002773953674092616,0.023149612752720705,0.19026443688919814
2026-08-19 22:52:28.312000036,9964.866835443037,4014.966075949367,9543.429873417723,9689.149367088608,9908.33924050633,9225.903797468356,367655.86329113925,3278.327088607596,7593.7579746835445,3742.0283544303793,20407.166582278485,10029.490632911393,89303.36599687088,911172.7443037976,0.003741630263646029,0.003261745674636272,0.0031258345898213446,0.0032746192478779646,0.002885763938597911,0.0005354121449297215,0.003355926695457316,0.006706985034524553,101351.40556189636,30869.028017092616,35317.872080800356,86906.79647228935,28063.516481840874,17624.91541147389,9621.677126887775,198326.70624356158,78570.96858364587,24918.89275261131,24774.404225777813,64850.9597448039,17371.413855877392,2693.2655550292757,3434.0525271951433,155690.75968788363,0.0,0.0,0.0,0.0,0.0,0.0,0.0,0.0,0.003517366101933334,0.0015855141776197916,0.003474563767284722,0.0034623877069718417,0.0035173565335923605,0.003286663423694792,0.13237844928074866,0.001252886786942014,0.002785836452664255,0.001377600566823264,0.007357733343936953,0.0035246224362263886,0.03402970892388395,0.3241344908651511,0.00302386877780966,0.0008763780811260502,0.003254305021719887,0.003553270529344537,0.003464591627966387,0.0031070023500840336,0.07492847982845191,0.0006457777951260504,0.0015641584746554616,0.0007634922444201679,0.004166247996638655,0.0027990955819159665,0.023240451519858187,0.1907224502887755
2026-08-19 22:52:43.312000036,9951.442025316455,4014.966075949367,9528.410126582277,9688.699746835444,9916.778734177216,9225.903797468356,367615.7620253165,3278.327088607596,7593.7579746835445,3742.0283544303793,20407.166582278485,10029.490632911393,89590.71228277152,910957.7498734178,0.003647454240596616,0.003261745674636272,0.0031419123975177784,0.0032746192478779646,0.002885763938597911,0.0005354121449297215,0.0033617920210970067,0.00677185239273896,98800.41264337464,30869.028017092616,35505.41455075585,86906.79647228935,28063.516481840874,17624.91541147389,9943.930905882024,202637.4385179864,76593.35432810537,24918.89275261131,25280.51483108782,64850.9597448039,17371.413855877392,2693.2655550292757,3549.067445026972,159598.46920322542,0.0,0.0,0.0,0.0,0.0,0.0,0.0,0.0,0.003524201168339583,0.0015885876834791667,0.0034813084092118053,0.0034691047291072587,0.0035241915361965276,0.003293034367054167,0.13263335700490886,0.0012553153917597222,0.0027912104978838935,0.0013802709177347223,0.007371899973781912,0.0035314545898722225,0.034117723709289685,0.32475923085804514,0.003055771372751067,0.0008763780811260502,0.003262101237310924,0.0035630441983193276,0.0034733359649019606,0.0031070023500840336,0.075059236174643,0.0006457777951260504,0.0015641584746554616,0.0007634922444201679,0.004166247996638655,0.0027990955819159665,0.023282577534495787,0.1908408179573236
2026-08-19 22:52:58.312000036,9951.442025316455,4042.2167088607607,9528.410126582277,9688.699746835444,9916.778734177216,9218.387848101267,367574.94987341773,3278.594430379746,7590.792911392406,3755.7478481012645,20374.465822784816,10017.496708860761,89880.01297057307,911304.835443038,0.0039713262222679175,0.0032902134502800565,0.003149667508985977,0.0032746192478779646,0.002885763938597911,0.0005273569955792341,0.003389319022955427,0.006878204624400412,112280.13209675577,31226.949522406583,36988.292766938066,86906.79647228935,28063.516481840874,17273.647018438423,9562.91344456653,209316.43188653703,90292.54366318614,25511.287075220436,26331.71120206003,64850.9597448039,17371.413855877392,2641.337417502989,3422.05716510857,160294.0481534265,0.0,0.0,0.0,0.0,0.0,0.0,0.0,0.0,0.0035310362347458334,0.0015916611893385417,0.0034880530511388883,0.003475821751242675,0.003531026538800694,0.003299405310413542,0.1328882647290691,0.0012577439965774306,0.0027965845431035317,0.0013829412686461803,0.0073860666036268735,0.003538286743518056,0.03420573849469541,0.3253839708509392,0.003055771372751067,0.0008795937903081232,0.003262101237310924,0.0035630441983193276,0.0034733359649019606,0.0031525305044484623,0.07521904991057204,0.0006483982546330529,0.0015705780181176465,0.0007661990102072827,0.004184360467512606,0.0028232736711927935,0.023370896749142528,0.19133983331298132
2026-08-19 22:53:13.312000036,9926.55493670886,4042.2167088607607,9519.180759493669,9681.448101265822,9914.062784810127,9218.387848101267,367504.70582278486,3278.594430379746,7590.792911392406,3755.7478481012645,20374.465822784816,10017.496708860761,90154.66989318695,910887.7944303799,0.0039713262222679175,0.0032902134502800565,0.003149667508985977,0.003190328501800556,0.0028218107653165798,0.0005426198194255309,0.003389319022955427,0.006919567587461843,112280.13209675577,31226.949522406583,36988.292766938066,84669.76121434485,28833.714250854857,17773.58279976992,9562.91344456653,209975.43243096714,90292.54366318614,25511.287075220436,26331.71120206003,63181.655509122815,17842.56552417952,2717.783293939502,3422.05716510857,160985.01542706162,0.0,0.0,0.0,0.0,0.0,0.0,0.0,0.0,0.003536323952383807,0.0015982733938501295,0.0034913539749484926,0.0034805030577805466,0.00353739848824944,0.003303918018577089,0.13312214637395622,0.001259087477037726,0.0028018820297723078,0.0013867679840971576,0.007395734900655042,0.0035416228279124893,0.034289840786516694,0.32594219971674326,0.0030868998646017072,0.0008795937903081232,0.0032683239871708672,0.003570501573333333,0.0034832737374117643,0.0031525305044484623,0.07534720849838343,0.0006483982546330529,0.0015705780181176465,0.0007661990102072827,0.004184360467512606,0.0028232736711927935,0.023409976050108864,0.19142826229150164
2026-08-19 22:53:28.312000036,9926.55493670886,4073.0096202531663,9519.180759493669,9681.448101265822,9914.062784810127,9199.060253164556,367452.9326582279,3284.518481012658,7596.802025316458,3767.0369620253164,20331.903797468352,9996.805063291142,90413.19615441462,910641.4359493672,0.0040092860846897204,0.0032902134502800565,0.003149667508985977,0.0033356121757218225,0.002891012880405409,0.0005426198194255309,0.003389319022955427,0.007067535699148373,106556.84152442547,31226.949522406583,36988.292766938066,95538.6666329809,29540.832544027224,17773.58279976992,9562.91344456653,225128.0673668068,84109.30628513762,25511.287075220436,26331.71120206003,74171.2163510731,18280.13677738357,2717.783293939502,3422.05716510857,176015.95407523907,0.0,0.0,0.0,0.0,0.0,0.0,0.0,0.0,0.0035431560234432387,0.001601353723307494,0.0034980919542766577,0.0034872161411138797,0.0035442325941925923,0.003310285366768303,0.13337701374446906,0.0012615139906036175,0.0028072559278492313,0.0013894405635545219,0.007409892893603761,0.003548448243933161,0.03437804173344706,0.3265668118423843,0.0030868998646017072,0.0008829122403809525,0.0032683239871708672,0.003570501573333333,0.0034832737374117643,0.0031959755304848086,0.07550434892858512,0.0006515043484817926,0.001576348678252101,0.000769214750162465,0.004199377717445376,0.0028500160099378877,0.023496499886743422,0.19188429434783322
2026-08-19 22:53:43.312000036,9916.380759493672,4073.0096202531663,9514.651139240506,9684.300759493673,9892.863797468355,9199.060253164556,367389.28405063297,3284.518481012658,7596.802025316458,3767.0369620253164,20331.903797468352,9996.805063291142,90703.39221940166,910344.2065822786,0.0040092860846897204,0.003310170555816705,0.0031682619893579045,0.0032648810578366273,0.002891012880405409,0.0005426198194255309,0.003389319022955427,0.0071425652361509296,106556.84152442547,32603.463679169156,50220.79118712068,91317.96855089189,29540.832544027224,17773.58279976992,9562.91344456653,218135.22021142606,84109.30628513762,26632.212727790662,39523.4789113102,69832.7345376548,18280.13677738357,2717.783293939502,3422.05716510857,171632.9077101698,0.0,0.0,0.0,0.0,0.0,0.0,0.0,0.0,0.0035499880945026696,0.0016044340527648579,0.003504829933604823,0.0034939292244472136,0.0035510667001357452,0.003316652714959518,0.1336318811149819,0.001263940504169509,0.0028126298259261544,0.0013921131430118863,0.007424050886552476,0.003555273659953833,0.034466242680377436,0.32719142396802536,0.0031165032895014004,0.0008829122403809525,0.003274201429467787,0.0035791929678655465,0.0034894199361680672,0.0031959755304848086,0.07562729046503702,0.0006515043484817926,0.001576348678252101,0.000769214750162465,0.004199377717445376,0.0028500160099378877,0.023530729247068963,0.1919688432658697
2026-08-19 22:53:58.312000036,9916.380759493672,4103.927088607596,9514.651139240506,9684.300759493673,9892.863797468355,9179.978734177215,367368.17316455697,3287.355949367088,7604.892151898732,3777.724556962025,20303.665822784813,9977.21012658228,90986.65780381167,910494.2035443039,0.0040092860846897204,0.003310170555816705,0.0031682619893579045,0.003352484925229934,0.002891012880405409,0.0005426198194255309,0.0034101990572358047,0.007193690200073697,106556.84152442547,32603.463679169156,50220.79118712068,93768.22847333433,29540.832544027224,17773.58279976992,19019.792698862035,225620.99899906525,84109.30628513762,26632.212727790662,39523.4789113102,71706.49885181403,18280.13677738357,2717.783293939502,12464.290012799403,178416.6317124288,0.0,0.0,0.0,0.0,0.0,0.0,0.0,0.0,0.003556820165562101,0.0016075143822222222,0.0035115679129329885,0.0035006423077805467,0.0035579008060788973,0.003323020063150733,0.13388674848549473,0.0012663670177354006,0.0028180037240030775,0.0013947857224692506,0.007438208879501195,0.0035620990759745045,0.0345544436273078,0.32781603609366633,0.0031165032895014004,0.0008863429867563027,0.003274201429467787,0.0035791929678655465,0.0034894199361680672,0.0032412353023245654,0.07578590980320946,0.0006543172321344537,0.0015827634654117645,0.0007722282546554622,0.004215945851770309,0.0028720851756265714,0.023617618758457803,0.19245634609107806
2026-08-19 22:54:13.312000036,9897.61518987342,4103.927088607596,9505.403544303796,9687.612151898735,9872.867848101268,9179.978734177215,367317.42075949366,3287.355949367088,7604.892151898732,3777.724556962025,20303.665822784813,9977.21012658228,91241.48653121988,909663.7397468355,0.0040092860846897204,0.0033522526884612863,0.0031682619893579045,0.003352484925229934,0.0028107405951620272,0.0005395337216516016,0.0034101990572358047,0.007378005111529128,106556.84152442547,43673.4854908913,50220.79118712068,93768.22847333433,28720.597479571687,17131.81944259178,19019.792698862035,231768.5912551013,84109.30628513762,37541.84845216533,39523.4789113102,71706.49885181403,17772.567833769455,2619.119910733379,12464.290012799403,183495.34137741383,0.0,0.0,0.0,0.0,0.0,0.0,0.0,0.0,0.0035607519712560678,0.0016143333590550428,0.003515657930594188,0.0035062767261207412,0.00356270725158906,0.003327000406289231,0.13412125938146088,0.0012678713848,0.0028235202731908392,0.0013985295664547008,0.007447944072384054,0.003565907500947692,0.03463849126554367,0.3283716522017174,0.0031200437510924372,0.0008863429867563027,0.0032783629595294107,0.0035887843594733884,0.003495279317198879,0.0032412353023245654,0.07591014140709615,0.0006543172321344537,0.0015827634654117645,0.0007722282546554622,0.004215945851770309,0.0028720851756265714,0.02363310372184239,0.19239444452820445
2026-08-19 22:54:28.312000036,9897.61518987342,4133.602025316455,9505.403544303796,9687.612151898735,9872.867848101268,9165.098734177216,367259.23443037976,3288.966075949367,7607.744810126583,3785.331645569621,20253.12911392405,9941.204050632912,91498.8757184944,909105.2901265824,0.0040092860846897204,0.0033522526884612863,0.003177739414968629,0.003352484925229934,0.0029193214290857985,0.0005395337216516016,0.0034101990572358047,0.007403327818868754,106556.84152442547,43673.4854908913,52025.562486984316,93768.22847333433,29456.104605108765,17131.81944259178,19019.792698862035,231407.4898820005,84109.30628513762,37541.84845216533,40943.823727147974,71706.49885181403,18759.462978761618,2619.119910733379,12464.290012799403,183731.67251952607,0.0,0.0,0.0,0.0,0.0,0.0,0.0,0.0,0.0035675784718970944,0.0016174208423883761,0.003522390826107008,0.0035129877383002286,0.0035695374644095727,0.003333363171673846,0.134376087978153,0.0012702961348,0.002828894443038168,0.001401204194659829,0.007462093638541814,0.003572727147101539,0.0347267910075202,0.32899613264573774,0.0031200437510924372,0.0008897839544257702,0.0032783629595294107,0.0035887843594733884,0.003495279317198879,0.0032866557830030954,0.07606538356296295,0.0006573162600280112,0.0015888886048459386,0.0007749571562745099,0.004229085525915965,0.0028966453109243694,0.023723412712237168,0.19286300519894722
2026-08-19 22:54:43.312000036,9887.465316455695,4133.602025316455,9507.113924050633,9685.227341772152,9853.995949367087,9165.098734177216,367208.8526582279,3288.966075949367,7607.744810126583,3785.331645569621,20253.12911392405,9941.204050632912,91738.31444980607,908756.4546835445,0.0042534120435888684,0.0033522526884612863,0.003203831310898929,0.003397184182510806,0.0029193214290857985,0.0005395337216516016,0.0034101990572358047,0.007526748242142688,106942.4870238869,43673.4854908913,52728.98211231784,102965.20887756368,29456.104605108765,17131.81944259178,19019.792698862035,235749.33909121688,85478.64183001344,37541.84845216533,41975.64363229019,81260.48748786839,18759.462978761618,2619.119910733379,12464.290012799403,188367.00650038657,0.0,0.0,0.0,0.0,0.0,0.0,0.0,0.0,0.0035744049725381193,0.0016205083257217095,0.0035291237216198285,0.0035196987504797156,0.003576367677230086,0.003339725937058461,0.13463091657484513,0.0012727208848000002,0.0028342686128854967,0.0014038788228649575,0.007476243204699575,0.003579546793255384,0.03481509074949673,0.3296206130897581,0.0031264099827450977,0.0008897839544257702,0.003286892880761904,0.0036005731438207285,0.0034973890354285716,0.0032866557830030954,0.07619211121945096,0.0006573162600280112,0.0015888886048459386,0.0007749571562745099,0.004229085525915965,0.0028966453109243694,0.023741156786693196,0.19281007190681118
2026-08-19 22:54:58.312000036,9887.465316455695,4161.785316455696,9507.113924050633,9685.227341772152,9853.995949367087,9151.534177215191,367170.7989873418,3289.518987341773,7610.755443037973,3793.315443037975,20240.886075949376,9919.72253164557,92035.72005744494,908718.1974683545,0.004303483592516038,0.0033522526884612863,0.003203831310898929,0.003397184182510806,0.002840417029471099,0.0005431889728547721,0.0034101990572358047,0.007596293951656792,110933.72561298758,43673.4854908913,52728.98211231784,102965.20887756368,30095.341563581875,17920.83697712188,19019.792698862035,242851.0042526615,88668.82061966193,37541.84845216533,41975.64363229019,81260.48748786839,19166.568474138377,2740.0226645862735,12464.290012799403,195647.69019919433,0.0,0.0,0.0,0.0,0.0,0.0,0.0,0.0,0.0035812314731791446,0.0016235958090550428,0.0035358566171326492,0.003526409762659203,0.0035831978900505985,0.0033460887024430765,0.13488574517153723,0.0012751456348,0.0028396427827328246,0.0014065534510700856,0.0074903927708573365,0.0035863664394092305,0.03490339049147326,0.3302450935337784,0.0031264099827450977,0.0008934153295686274,0.003286892880761904,0.0036005731438207285,0.0034973890354285716,0.003335157537963025,0.07635132597799688,0.0006600800982745097,0.001594943452470588,0.0007778245899607841,0.004246704262464987,0.0029228944524668536,0.023834465441057787,0.19330159122587637
2026-08-19 22:55:13.312000036,9875.441012658226,4161.785316455696,9490.420253164557,9686.533670886078,9834.78075949367,9151.534177215191,367095.0865822785,3289.518987341773,7610.755443037973,3793.315443037975,20240.886075949376,9919.72253164557,92301.75888459152,908320.8151898735,0.004303483592516038,0.003375646214892841,0.003203831310898929,0.003397184182510806,0.002923461924285107,0.0005431889728547721,0.0034430525851240784,0.007651369946316182,110933.72561298758,45222.469466028546,52728.98211231784,102965.20887756368,30975.235061123913,17920.83697712188,18481.652058639986,243950.2438519665,88668.82061966193,38873.3593447769,41975.64363229019,81260.48748786839,19726.938886780452,2740.0226645862735,12111.095604096701,196411.28444887008,0.0,0.0,0.0,0.0,0.0,0.0,0.0,0.0,0.003585311599183036,0.0016304276812139102,0.003540834294081764,0.0035323837135777104,0.003586864780073282,0.003349796334800339,0.13511725940604577,0.0012763818714687024,0.0028446803406659933,0.001409876788198134,0.007499556814804714,0.0035903026993160305,0.03497768849939822,0.3308397551829508,0.0031352113334789907,0.0008934153295686274,0.0032915128771652665,0.0036116035737815124,0.0035007115854341735,0.003335157537963025,0.07647765412304139,0.0006600800982745097,0.001594943452470588,0.0007778245899607841,0.004246704262464987,0.0029228944524668536,0.023860892484136836,0.19322326233513157
2026-08-19 22:55:28.312000036,9875.441012658226,4193.589873417721,9490.420253164557,9686.533670886078,9834.78075949367,9133.394430379747,367036.83949367097,3294.4131645569614,7608.167088607593,3798.956962025315,20195.787341772146,9895.570632911391,92612.88031775106,908552.536708861,0.004303483592516038,0.003375646214892841,0.003203831310898929,0.003397184182510806,0.002923461924285107,0.0005431889728547721,0.003445333899973197,0.007809283739654863,110933.72561298758,45222.469466028546,52728.98211231784,102965.20887756368,30975.235061123913,17920.83697712188,19280.418089278133,243853.88791640094,88668.82061966193,38873.3593447769,41975.64363229019,81260.48748786839,19726.938886780452,2740.0226645862735,12634.529966548134,195591.2190420279,0.0,0.0,0.0,0.0,0.0,0.0,0.0,0.0,0.0035921328638140793,0.0016335222753614928,0.003547563844972349,0.0035390933210840713,0.0035936889651877867,0.0033561540421794735,0.13537204394139932,0.0012788043657435114,0.0028500538741255896,0.001412552647612892,0.007513696953693603,0.0035971168729801526,0.035065789841363514,0.3314641790630013,0.0031352113334789907,0.0008970453761176469,0.0032915128771652665,0.0036116035737815124,0.0035007115854341735,0.0033846209935680213,0.07663689398570432,0.0006632571022521009,0.0016000784660672265,0.0007817206644369747,0.004261027055764704,0.002951607430588236,0.023962765402742503,0.19374999514331115
2026-08-19 22:55:43.312000036,9862.411139240508,4193.589873417721,9478.687594936708,9685.871392405064,9839.109873417721,9133.394430379747,366995.51392405067,3294.4131645569614,7608.167088607593,3798.956962025315,20195.787341772146,9895.570632911391,92882.16006442861,908839.4734177216,0.004303483592516038,0.003375646214892841,0.0031301913780677304,0.003405850373165077,0.002923461924285107,0.0005431889728547721,0.003445333899973197,0.007839333393218928,110933.72561298758,45222.469466028546,53764.271480289266,100826.13113227928,30975.235061123913,17920.83697712188,19280.418089278133,245203.6146487518,88668.82061966193,38873.3593447769,42799.8002123224,78559.79794965222,19726.938886780452,2740.0226645862735,12634.529966548134,196841.37618863175,0.0,0.0,0.0,0.0,0.0,0.0,0.0,0.0,0.0035989541284451236,0.0016366168695090757,0.0035542933958629345,0.003545802928590433,0.0036005131503022906,0.003362511749558608,0.13562682847675286,0.0012812268600183208,0.002855427407585185,0.0014152285070276505,0.00752783709258249,0.0036039310466442747,0.0351538911833288,0.33208860294305187,0.0031450161942857134,0.0008970453761176469,0.0032976540278991597,0.0036221239790812315,0.0035082085408123247,0.0033846209935680213,0.07676772108030998,0.0006632571022521009,0.0016000784660672265,0.0007817206644369747,0.004261027055764704,0.002951607430588236,0.02398659755931316,0.19372891779323964
2026-08-19 22:55:58.312000036,9862.411139240508,4227.439712101629,9478.687594936708,9685.871392405064,9839.109873417721,9121.421772151902,366967.85840858304,3299.126963130425,7601.574683544305,3810.195683296603,20196.47570066367,9883.488607594938,93254.87705414026,909397.9044516499,0.004431167722344194,0.0034518769442608266,0.0032292730533065262,0.003405850373165077,0.002923461924285107,0.0005295260319827615,0.003445333899973197,0.008056893636565862,124815.31615649264,43602.75644179942,53684.46448948541,100826.13113227928,30975.235061123913,17470.07058046894,19280.418089278133,255674.57692520774,102867.72150301562,37533.69840911155,42742.80497744933,78559.79794965222,19726.938886780452,2671.1023264994024,12634.529966548134,207345.36864722593,0.0,0.0,0.0,0.0,0.0,0.0,0.0,0.0,0.003605775393076166,0.0016397114636566583,0.00356102294675352,0.003552512536096795,0.0036073373354167937,0.0033688694569377433,0.13588161301210638,0.0012836493542931295,0.002860800941044781,0.0014179043664424087,0.007541977231471381,0.003610745220308396,0.0352419925252941,0.33271302682310233,0.0031450161942857134,0.000900707715730211,0.0032976540278991597,0.0036221239790812315,0.0035082085408123247,0.003435392077983192,0.076931560569316,0.0006661132855966787,0.0016062514253669465,0.0007865300871063691,0.004278295359600537,0.0029810662046376437,0.02409733681358042,0.19429920425860783
2026-08-19 22:56:13.312000036,9868.766582278484,4227.439712101629,9465.065316455695,9684.346329113923,9844.578227848104,9121.421772151902,366929.8594212413,3299.126963130425,7601.574683544305,3810.195683296603,20196.47570066367,9883.488607594938,93559.92203178898,909434.8006541815,0.004431167722344194,0.0034518769442608266,0.0032292730533065262,0.0033233176782660576,0.0029576581092891955,0.0005418559262037586,0.003445333899973197,0.008090153496807126,124815.31615649264,43602.75644179942,53684.46448948541,98382.84930634992,30630.15854756491,17066.940286102195,19280.418089278133,261208.54292344503,102867.72150301562,37533.69840911155,42742.80497744933,76656.08782586253,19912.99346343083,2612.9215990873354,12634.529966548134,212299.2570406267,0.0,0.0,0.0,0.0,0.0,0.0,0.0,0.0,0.00361224850693468,0.0016469762064491582,0.0035650842904962963,0.0035588972775721993,0.0036120522265111117,0.0033720983171791246,0.1361202974934797,0.0012852524146141414,0.002865665514248956,0.0014219951505595957,0.007552563712209856,0.003616182208884848,0.035336507911340624,0.3334099660401691,0.003156115921988796,0.000900707715730211,0.0033044596150700275,0.0036306829676638645,0.0035158192701176465,0.003435392077983192,0.0770609932815937,0.0006661132855966787,0.0016062514253669465,0.0007865300871063691,0.004278295359600537,0.0029810662046376437,0.024124556872631465,0.1942574501008114
2026-08-19 22:56:28.312000036,9868.766582278484,4251.918987341772,9465.065316455695,9684.346329113923,9844.578227848104,9116.968101265824,366915.7579746836,3300.7655696202532,7599.33569620253,3815.8116455696218,20163.603037974677,9884.12658227848,93902.08323274624,909485.462278481,0.004390024860431584,0.0034518769442608266,0.0032292730533065262,0.003433660428513537,0.0029576581092891955,0.0005418559262037586,0.003445333899973197,0.008152719383805034,127995.85794237591,43602.75644179942,53684.46448948541,97800.53416427442,30630.15854756491,17066.940286102195,19280.418089278133,267064.897624193,105488.37374381318,37533.69840911155,42742.80497744933,76551.66472410936,19912.99346343083,2612.9215990873354,12634.529966548134,218545.44053810815,0.0,0.0,0.0,0.0,0.0,0.0,0.0,0.0,0.003619069112363973,0.0016500786597319868,0.003571808795546801,0.0035656062706277553,0.003618872423480808,0.003378450130941751,0.13637505184310375,0.001287673365371717,0.0028710380925697572,0.001424673675180808,0.007566697181508102,0.0036229937884303034,0.03542476395634505,0.33403452577011894,0.003156115921988796,0.0009033805570420167,0.0033044596150700275,0.0036306829676638645,0.0035158192701176465,0.0034879401006302512,0.07722223851667599,0.0006687123624537816,0.0016121715459663864,0.0007910162520784313,0.004290634021109243,0.00301263478722689,0.02422580607749032,0.19474229853041472
2026-08-19 22:56:43.312000036,9882.999493670886,4251.918987341772,9461.112911392407,9673.357974683546,9851.030886075947,9116.968101265824,366893.04000000004,3300.7655696202532,7599.33569620253,3815.8116455696218,20163.603037974677,9884.12658227848,94226.41170407424,909670.3048101267,0.004506742737211249,0.003485379320617553,0.0032292730533065262,0.003433660428513537,0.0029576581092891955,0.000540105818070383,0.0034748694927447515,0.008212490209340808,131398.89215074189,45493.481476976616,53684.46448948541,97800.53416427442,30630.15854756491,14761.644424879269,18495.731368863057,274828.7671406799,108293.00000442784,39161.25384450294,42742.80497744933,76551.66472410936,19912.99346343083,2707.3758333839705,12124.998532684249,223303.2577356163,0.0,0.0,0.0,0.0,0.0,0.0,0.0,0.0,0.003625889717793266,0.001653181113014815,0.003578533300597306,0.0035723152636833104,0.003625692620450505,0.003384801944704377,0.1366298061927278,0.001290094316129293,0.00287641067089056,0.0014273521998020202,0.007580830650806349,0.0036298053679757573,0.03551302000134949,0.33465908550006884,0.003166447649523809,0.0009033805570420167,0.003311765866498599,0.0036385937927058826,0.003522635019921568,0.0034879401006302512,0.07735126650849673,0.0006687123624537816,0.0016121715459663864,0.0007910162520784313,0.004290634021109243,0.00301263478722689,0.02424992641311245,0.19475342663815465
2026-08-19 22:56:58.312000036,9882.999493670886,4278.792911392406,9461.112911392407,9673.357974683546,9851.030886075947,9097.737721518988,366918.7837974684,3301.8774683544307,7633.582784810126,3824.497215189874,20164.241012658233,9887.185822784812,94584.60842384395,909101.1159493672,0.004506742737211249,0.003485379320617553,0.00324715277631218,0.003433660428513537,0.0028945548123689374,0.000540105818070383,0.0034854253650274695,0.008353360271724158,131398.89215074189,45493.481476976616,66921.87831078657,97800.53416427442,31351.49793534785,14761.644424879269,19139.871377056803,294374.9084063096,108293.00000442784,39161.25384450294,55964.172804592374,76551.66472410936,20381.943909493042,2707.3758333839705,12547.268758090993,241991.05651713457,0.0,0.0,0.0,0.0,0.0,0.0,0.0,0.0,0.0036327103232225593,0.001656283566297643,0.003585257805647812,0.0035790242567388664,0.003632512817420202,0.003391153758467003,0.13688456054235187,0.0012925152668868684,0.0028817832492113622,0.001430030724423232,0.007594964120104595,0.0036366169475212113,0.03560127604635392,0.3352836452300187,0.003166447649523809,0.0009068668411764703,0.003311765866498599,0.0036385937927058826,0.003522635019921568,0.003544124310190555,0.077512725279474,0.0006714880835294118,0.001618185724033613,0.0007964456157983194,0.004306189219955182,0.003041826906921547,0.024355734349432685,0.195291618976265
2026-08-19 22:57:13.312000036,9894.20658227848,4278.792911392406,9444.647088607597,9656.333164556965,9842.898227848103,9097.737721518988,366861.9220253165,3301.8774683544307,7633.582784810126,3824.497215189874,20164.241012658233,9887.185822784812,94864.05173232542,908548.6420253165,0.004506742737211249,0.003485379320617553,0.00324715277631218,0.003443007379823996,0.0029649708628287654,0.000540105818070383,0.0034854253650274695,0.00846347616246215,131398.89215074189,45493.481476976616,66921.87831078657,100450.90257295858,32114.188160170324,14761.644424879269,19139.871377056803,300483.41627741425,108293.00000442784,39161.25384450294,55964.172804592374,78627.59469798714,20877.77697669471,2707.3758333839705,12547.268758090993,247646.5634443242,0.0,0.0,0.0,0.0,0.0,0.0,0.0,0.0,0.0036404138273062655,0.001662819823822222,0.003589517966229574,0.00358405533364029,0.0036372550872481204,0.0033953309111057644,0.1371236937204524,0.001293914230988137,0.002887776840356219,0.001434025924997828,0.007604818763773798,0.0036428410374576437,0.03569821938316181,0.3359586916869022,0.00317540680327731,0.0009068668411764703,0.003319179302789916,0.0036409029934341727,0.003530230796997199,0.003544124310190555,0.07763916885275815,0.0006714880835294118,0.001618185724033613,0.0007964456157983194,0.004306189219955182,0.003041826906921547,0.02437672052267778,0.19520262185221857
2026-08-19 22:57:28.312000036,9894.20658227848,4302.735189873419,9444.647088607597,9656.333164556965,9842.898227848103,9082.760506329116,366816.7139240506,3302.57012658228,7639.865316455697,3829.777215189872,20131.248607594942,9882.28253164557,95164.91705465781,908436.6805063292,0.004694322389417575,0.00352657087924899,0.003195517726245005,0.003443007379823996,0.0029649708628287654,0.000540105818070383,0.0034854253650274695,0.008554660159420479,142258.5753465109,44444.57355402578,68204.92732927538,100450.90257295858,32114.188160170324,14761.644424879269,19139.871377056803,302140.03578693897,119630.74002969149,38347.339599395054,57037.13696519179,78627.59469798714,20877.77697669471,2707.3758333839705,12547.268758090993,249549.23715755346,0.0,0.0,0.0,0.0,0.0,0.0,0.0,0.0,0.0036472360867047617,0.001665928700388638,0.003596237845928822,0.0035907611776252522,0.0036440713842406016,0.0034016786592260644,0.13737841900092504,0.0012963332710883876,0.0028931505754308455,0.0014367069112133667,0.007618944262530016,0.0036496515186606516,0.03578664639678109,0.33658334534983747,0.00317540680327731,0.0009097422480112043,0.003319179302789916,0.0036409029934341727,0.003530230796997199,0.0036001862774981985,0.07779652356055398,0.0006749100006218487,0.0016240561238319328,0.0008010250869187672,0.0043185883235294115,0.003073001165626373,0.02448088006768615,0.1956487972169493
2026-08-19 22:57:43.312000036,9889.78329113924,4302.735189873419,9436.465822784812,9647.14329113924,9838.52658227848,9082.760506329116,366752.7858227848,3302.57012658228,7639.865316455697,3829.777215189872,20131.248607594942,9882.28253164557,95392.94893610595,908217.7336708863,0.004694322389417575,0.00352657087924899,0.003263594238021029,0.0034818100637235916,0.0029809930141899525,0.000540105818070383,0.0034854253650274695,0.008610488493779314,142258.5753465109,44444.57355402578,69657.94807154188,98085.809716309,31554.524679799197,14761.644424879269,19139.871377056803,304672.20891114057,119630.74002969149,38347.339599395054,58252.24188994034,77016.97019064796,20745.85059664931,2707.3758333839705,12547.268758090993,251863.76970134253,0.0,0.0,0.0,0.0,0.0,0.0,0.0,0.0,0.0036540583461032576,0.0016690375769550542,0.00360295772562807,0.0035974670216102145,0.0036508876812330823,0.003408026407346365,0.1376331442813977,0.001298752311188638,0.002898524310505472,0.0014393878974289056,0.007633069761286234,0.0036564619998636586,0.03587507341040036,0.33720799901277276,0.0031840296959551816,0.0009097422480112043,0.0033263653973333333,0.003646073346358542,0.003538564484285713,0.0036001862774981985,0.07792312731817988,0.0006749100006218487,0.0016240561238319328,0.0008010250869187672,0.0043185883235294115,0.003073001165626373,0.024499059004801087,0.19561112988689694
2026-08-19 22:57:58.312000036,9889.78329113924,4331.653670886076,9436.465822784812,9647.14329113924,9838.52658227848,9079.482531645572,366747.7093670886,3306.9994936708854,7649.690126582277,3845.5108860759506,20130.7017721519,9874.055696202533,95727.87496208421,908452.3139240507,0.004694322389417575,0.00352657087924899,0.003263594238021029,0.0034818100637235916,0.0029809930141899525,0.0005242050443267487,0.0034854253650274695,0.008649078443614339,142258.5753465109,44444.57355402578,69657.94807154188,98085.809716309,31554.524679799197,14967.742818725676,19139.871377056803,312481.06631925,119630.74002969149,38347.339599395054,58252.24188994034,77016.97019064796,20745.85059664931,2745.508569927602,12547.268758090993,258653.73396481495,0.0,0.0,0.0,0.0,0.0,0.0,0.0,0.0,0.0036608806055017542,0.0016721464535214702,0.003609677605327318,0.003604172865595177,0.0036577039782255635,0.003414374155466666,0.13788786956187032,0.0013011713512888889,0.002903898045580099,0.0014420688836444442,0.007647195260042453,0.0036632724810666665,0.03596350042401964,0.3378326526757081,0.0031840296959551816,0.0009130017706666663,0.0033263653973333333,0.003646073346358542,0.003538564484285713,0.003659822819846548,0.07808328802074072,0.000678403503238095,0.0016308234544761904,0.0008066373257142858,0.004335375804257702,0.0031018800921164755,0.024605809227801933,0.19612590434982682
2026-08-19 22:58:13.312000036,9882.759493670887,4331.653670886076,9408.495189873418,9641.16759493671,9830.251139240509,9079.482531645572,366653.78430379747,3306.9994936708854,7649.690126582277,3845.5108860759506,20130.7017721519,9874.055696202533,95965.7649212493,907703.7083544304,0.004694322389417575,0.0035503587600756023,0.003263594238021029,0.0034963024278216953,0.0029809930141899525,0.0005485577546126234,0.0034854253650274695,0.008682993080314921,142258.5753465109,46321.748252676865,69657.94807154188,95397.55809814659,31554.524679799197,14633.891022065265,19139.871377056803,312669.5517922222,119630.74002969149,39966.98964664013,58252.24188994034,79876.17855740464,20745.85059664931,2684.2706812280335,12547.268758090993,259522.95732091658,0.0,0.0,0.0,0.0,0.0,0.0,0.0,0.0,0.0036675668593691537,0.0016788310281379767,0.0036136685233127703,0.0036086190694121726,0.003661707307635157,0.0034184571092185736,0.13812084984813564,0.0013028609893731345,0.0029101353694874076,0.0014464634399820894,0.007658202431633909,0.003668084998636153,0.03604436936482351,0.3384641875861314,0.003189955302156862,0.0009130017706666663,0.003331854772907562,0.003651827300773109,0.0035469293665770308,0.003659822819846548,0.0782072984761139,0.000678403503238095,0.0016308234544761904,0.0008066373257142858,0.004335375804257702,0.0031018800921164755,0.024621929776084038,0.19604684158045738
2026-08-19 22:58:28.312000036,9882.759493670887,4351.455189873417,9408.495189873418,9641.16759493671,9830.251139240509,9068.740253164555,366601.71037974686,3318.18835443038,7656.261265822785,3862.2227848101265,20123.23139240506,9852.148860759497,96263.04766038309,907738.8091139242,0.004778751140053794,0.0035503587600756023,0.0032862731656079546,0.0034963024278216953,0.0029809930141899525,0.0005485577546126234,0.0035249914101326127,0.008823159348462138,148967.8845561756,46321.748252676865,81782.17307677623,95397.55809814659,31554.524679799197,14633.891022065265,19183.561665257104,317696.5175041186,125272.2754557646,39966.98964664013,70433.86703070422,79876.17855740464,20745.85059664931,2684.2706812280335,12582.651465099078,264619.58380619314,0.0,0.0,0.0,0.0,0.0,0.0,0.0,0.0,0.0036743888631004975,0.0016819465436852402,0.003620383319332671,0.003615320704362421,0.0036685183648490875,0.0034248006546165836,0.1383755349456665,0.0013052786759402983,0.0029155107009688885,0.0014491476060268654,0.007672322164349959,0.003674891772267993,0.03613277385711002,0.3390888538768721,0.003189955302156862,0.0009165592249411762,0.003331854772907562,0.003651827300773109,0.0035469293665770308,0.0037175798693821053,0.07836170678327044,0.0006830669452941175,0.0016371606267058824,0.0008127179350588232,0.004350799523047617,0.0031300096867594544,0.024714470733926096,0.19651145224034225
2026-08-19 22:58:43.312000036,9870.08202531646,4351.455189873417,9405.56658227848,9639.791392405063,9812.995443037971,9068.740253164555,366537.475443038,3318.18835443038,7656.261265822785,3862.2227848101265,20123.23139240506,9852.148860759497,96548.00107550599,907386.8202531646,0.004778751140053794,0.0035503587600756023,0.0032862731656079546,0.0034963024278216953,0.0029131051927989275,0.0005485577546126234,0.0035249914101326127,0.00890312225604667,148967.8845561756,46321.748252676865,81782.17307677623,95397.55809814659,32250.784800867623,14633.891022065265,19183.561665257104,321183.75384681206,125272.2754557646,39966.98964664013,70433.86703070422,79876.17855740464,21203.614058297575,2684.2706812280335,12582.651465099078,268138.4566831478,0.0,0.0,0.0,0.0,0.0,0.0,0.0,0.0,0.0036812108668318405,0.0016850620592325036,0.0036270981153525717,0.0036220223393126695,0.003675329422063019,0.003431144200014593,0.13863022004319733,0.0013076963625074625,0.00292088603245037,0.0014518317720716416,0.007686441897066009,0.0036816985458998338,0.036221178349396546,0.33971352016761286,0.003195689708168067,0.0009165592249411762,0.003340994074789915,0.003659879506907563,0.0035534168791876734,0.0037175798693821053,0.07848791488663802,0.0006830669452941175,0.0016371606267058824,0.0008127179350588232,0.004350799523047617,0.0031300096867594544,0.02473562973182344,0.19644363640853973
2026-08-19 22:58:58.312000036,9870.08202531646,4383.782278481014,9405.56658227848,9639.791392405063,9812.995443037971,9053.422784810127,366512.4546835443,3328.654177215189,7664.275443037974,3879.7215189873423,20144.74632911393,9834.452658227849,96865.01911019496,907719.253670886,0.004932684073408171,0.0036113186727310996,0.0032862731656079546,0.0034963024278216953,0.0029856117592085185,0.0005485577546126234,0.0035249914101326127,0.009103786575729467,150868.72991951884,44830.0986317445,81782.17307677623,95397.55809814659,33053.49995022301,14633.891022065265,19183.561665257104,323504.7874681456,128047.70171281716,38699.412104071285,70433.86703070422,79876.17855740464,21731.36748602881,2684.2706812280335,12582.651465099078,266245.835341795,0.0,0.0,0.0,0.0,0.0,0.0,0.0,0.0,0.0036880328705631835,0.0016881775747797677,0.0036338129113724707,0.003628723974262918,0.0036821404792769484,0.0034374877454126035,0.13888490514072824,0.0013101140490746266,0.0029262613639318515,0.0014545159381164179,0.007700561629782058,0.0036885053195316745,0.03630958284168306,0.34033818645835356,0.003195689708168067,0.0009205065121120447,0.003340994074789915,0.003659879506907563,0.0035534168791876734,0.0037778477648563896,0.07864891686584438,0.0006873718192156862,0.0016441467012885149,0.0008187331801232492,0.004371562660705882,0.003158942505752664,0.024838581409988864,0.19695270771762427
2026-08-19 22:59:13.312000036,9860.187341772154,4383.782278481014,9390.39493670886,9638.205569620257,9796.581265822782,9053.422784810127,366444.5741772152,3328.654177215189,7664.275443037974,3879.7215189873423,20144.74632911393,9834.452658227849,97123.07287113428,906655.8045569621,0.004932684073408171,0.0036113186727310996,0.0032983980126716564,0.0035264076603608,0.0030001511310284493,0.0005485577546126234,0.0035249914101326127,0.009205441640183136,150868.72991951884,44830.0986317445,83957.23620602854,103839.69773613733,32487.752789250146,14633.891022065265,19183.561665257104,321083.9483166808,128047.70171281716,38699.412104071285,72308.64909404794,88560.4279263914,21616.762713090444,2684.2706812280335,12582.651465099078,268664.1627795178,0.0,0.0,0.0,0.0,0.0,0.0,0.0,0.0,0.003692070738527737,0.0016957470097725101,0.0036382348924490536,0.00363432907247698,0.0036864335073020574,0.0034407976407486414,0.1391143920574497,0.0013134592559275718,0.002932290421188235,0.0014598753354561316,0.00771596383873072,0.0036913472440454316,0.03639115328715284,0.34094498712536603,0.0032003091385714288,0.0009205065121120447,0.0033452451993221275,0.0036676615835966376,0.0035588897392941172,0.0037778477648563896,0.07877196103396825,0.0006873718192156862,0.0016441467012885149,0.0008187331801232492,0.004371562660705882,0.003158942505752664,0.024849318763462063,0.1968037901943512
2026-08-19 22:59:28.312000036,9860.187341772154,4421.516962025316,9390.39493670886,9638.205569620257,9796.581265822782,9045.323544303797,366406.2106329114,3343.1058227848102,7670.074936708863,3898.8486075949368,20153.690126582278,9815.398481012657,97433.94547524703,906216.7655696203,0.004932684073408171,0.0036113186727310996,0.003316486437202169,0.0035264076603608,0.0030001511310284493,0.0005485577546126234,0.0035249914101326127,0.00926068113296131,150868.72991951884,44830.0986317445,95743.58690129004,103839.69773613733,32487.752789250146,14633.891022065265,19183.561665257104,323563.5799103467,128047.70171281716,38699.412104071285,84092.77357343432,88560.4279263914,21616.762713090444,2684.2706812280335,12582.651465099078,270872.50481419615,0.0,0.0,0.0,0.0,0.0,0.0,0.0,0.0,0.0036988875916141558,0.0016988707326120165,0.0036449454486218932,0.003641028679884388,0.0036932399085366253,0.0034471355981560495,0.13936903092938593,0.0013158786509893004,0.0029376669524382353,0.0014625644292832923,0.007730085924515033,0.0036981467144158032,0.03647954167481816,0.34156962044644446,0.0032003091385714288,0.0009245832357142855,0.0033452451993221275,0.0036676615835966376,0.0035588897392941172,0.0038394312471657756,0.0789288914587924,0.0006920717833333333,0.0016506281385154059,0.0008247126149859942,0.004389936723462183,0.0031900224758703477,0.024946377314684007,0.19729263355901858
2026-08-19 22:59:43.312000036,9847.221265822785,4421.516962025316,9400.450632911392,9643.342784810127,9810.847594936711,9045.323544303797,366415.2698734178,3343.1058227848102,7670.074936708863,3898.8486075949368,20153.690126582278,9815.398481012657,97796.9854651502,905519.0217721519,0.004932684073408171,0.0036113186727310996,0.003316486437202169,0.003540369871158871,0.0030001511310284493,0.0005408728871858483,0.0035249914101326127,0.009322881269320347,150868.72991951884,44830.0986317445,95743.58690129004,107483.95893962825,32487.752789250146,11999.85485892322,19183.561665257104,323508.8581233469,128047.70171281716,38699.412104071285,84092.77357343432,91667.67393726556,21616.762713090444,2744.4835193906983,12582.651465099078,270783.54554584716,0.0,0.0,0.0,0.0,0.0,0.0,0.0,0.0,0.0037057044447005773,0.0017019944554515225,0.003651656004794732,0.0036477282872917956,0.0037000463097711933,0.0034534735555634567,0.1396236698013222,0.0013182980460510285,0.002943043483688236,0.0014652535231104527,0.007744208010299346,0.003704946184786173,0.036567930062483454,0.3421942537675229,0.00320530473859944,0.0009245832357142855,0.003353396409478991,0.003675600584974789,0.0035648732249411764,0.0038394312471657756,0.07905350695442513,0.0006920717833333333,0.0016506281385154059,0.0008247126149859942,0.004389936723462183,0.0031900224758703477,0.024969041935148168,0.1972155086991534
2026-08-19 22:59:58.312000036,9847.221265822785,4454.032405063293,9400.450632911392,9643.342784810127,9810.847594936711,9025.014683544303,366355.2516455697,3353.677974683545,7681.042025316456,3915.2840506329126,20160.802025316465,9791.061265822786,98060.39631785626,905402.1448101267,0.004932684073408171,0.0036182502877597305,0.003316486437202169,0.003540369871158871,0.0030001511310284493,0.0005490505406130617,0.003549061521002661,0.009396479405224723,150868.72991951884,46565.17120317944,95743.58690129004,107483.95893962825,32487.752789250146,11702.265506410748,18461.1778376424,324342.097703929,128047.70171281716,40197.206900910845,84092.77357343432,91667.67393726556,21616.762713090444,2676.017157545833,12107.711181286011,272133.2300060759,0.0,0.0,0.0,0.0,0.0,0.0,0.0,0.0,0.003712521297786996,0.001705118178291029,0.0036583665609675716,0.0036544278946992028,0.0037068527110057613,0.003459811512970864,0.1398783086732585,0.0013207174411127571,0.0029484200149382353,0.001467942616937613,0.007758330096083659,0.0037117456551565434,0.036656318450148766,0.3428188870886013,0.00320530473859944,0.0009280000540504203,0.003353396409478991,0.003675600584974789,0.0035648732249411764,0.0039029169232424046,0.07921309869874198,0.0006958840818823528,0.0016580114246050415,0.0008298806531764704,0.004408666351540617,0.0032229101545842007,0.025064600525380606,0.19773501306630858
2026-08-19 23:00:13.312000036,9823.282025316457,4454.032405063293,9384.09417721519,9646.116455696203,9809.073417721522,9025.014683544303,366293.0035443039,3353.677974683545,7681.042025316456,3915.2840506329126,20160.802025316465,9791.061265822786,98321.51556170364,904646.4334177217,0.004989655279503106,0.0036182502877597305,0.0033251682162955707,0.003540369871158871,0.0030001511310284493,0.0005490505406130617,0.0035633661502380387,0.009607461000653055,145446.16149068324,46565.17120317944,93784.64119682618,107483.95893962825,32487.752789250146,11702.265506410748,19027.21406406771,326900.4720374468,122291.22271517303,40197.206900910845,86842.60197839841,91667.67393726556,21616.762713090444,2676.017157545833,12478.94443671398,275495.8012855243,0.0,0.0,0.0,0.0,0.0,0.0,0.0,0.0,0.003715907491302614,0.0017128261569627453,0.0036632130112098033,0.003660132968498027,0.003711337443084314,0.003462999677077778,0.14010936432516335,0.0013241073802241828,0.0029545062017686937,0.001472867473209804,0.0077728359927974056,0.0037163111155444437,0.036740156145410735,0.3434225079698758,0.003211872661260504,0.0009280000540504203,0.0033584216618823526,0.003683966261568627,0.0035686329647619053,0.0039029169232424046,0.07933626501047619,0.0006958840818823528,0.0016580114246050415,0.0008298806531764704,0.004408666351540617,0.0032229101545842007,0.025075613770827586,0.19761018889816978
2026-08-19 23:00:28.312000036,9823.282025316457,4474.921518987341,9384.09417721519,9646.116455696203,9809.073417721522,9008.867848101265,366224.9650632912,3364.623797468356,7677.800506329117,3927.5999999999995,20143.555443037978,9765.323544303797,98614.36051175019,904757.5048101266,0.00486861247949146,0.0037160674556298776,0.0033251682162955707,0.0035593493794118312,0.002926689684289396,0.0005490505406130617,0.0035633661502380387,0.009660920904826424,141917.81942062112,46209.188504117395,93784.64119682618,116234.43068370112,33200.85229045007,11702.265506410748,19027.21406406771,331440.05325056944,119324.59051613133,40087.30916254259,86842.60197839841,100541.36929885688,22091.246214865994,2676.017157545833,12478.94443671398,279221.96419957594,0.0,0.0,0.0,0.0,0.0,0.0,0.0,0.0,0.0037227180452241836,0.001715958267256863,0.0036699201454009813,0.0036668307503607716,0.0037181395827901964,0.003469331874994445,0.1403639602460879,0.0013265285499545754,0.0029598840259779397,0.0014755606551950984,0.007786958776860666,0.0037231065009611115,0.036828555909812016,0.3440471028470047,0.003211872661260504,0.00093079892405042,0.0033584216618823526,0.003683966261568627,0.0035686329647619053,0.003964135098256301,0.07949181154891752,0.0007000052800840335,0.0016636274161232491,0.0008343722849019605,0.004422944920739496,0.0032563858279208453,0.025168423428671,0.19813421109522464
2026-08-19 23:00:43.312000036,9803.66886075949,4474.921518987341,9382.61772151899,9652.356455696205,9804.273417721524,9008.867848101265,366176.5275949367,3364.623797468356,7677.800506329117,3927.5999999999995,20143.555443037978,9765.323544303797,98907.79716775016,904702.186329114,0.005221735451589815,0.0037160674556298776,0.0033251682162955707,0.0035593493794118312,0.0030124648081250207,0.0005490505406130617,0.0035633661502380387,0.009750948222418558,160907.60458478678,46209.188504117395,93784.64119682618,116234.43068370112,34173.89949526608,11702.265506410748,19027.21406406771,339378.06210249045,138457.27571831475,40087.30916254259,86842.60197839841,100541.36929885688,22738.694213857896,2676.017157545833,12478.94443671398,286341.89472914906,0.0,0.0,0.0,0.0,0.0,0.0,0.0,0.0,0.0037295285991457514,0.0017190903775509804,0.0036766272795921567,0.0036735285322235162,0.003724941722496078,0.0034756640729111106,0.1406185561670125,0.0013289497196849673,0.0029652618501871853,0.0014782538371803922,0.007801081560923926,0.003729901886377777,0.0369169556742133,0.3446716977241337,0.0032191853194285707,0.00093079892405042,0.0033673044817366946,0.0036938144554621846,0.003572507784907564,0.003964135098256301,0.07961875190936818,0.0007000052800840335,0.0016636274161232491,0.0008343722849019605,0.004422944920739496,0.0032563858279208453,0.02519008741785751,0.19807817121511045
2026-08-19 23:00:58.312000036,9803.66886075949,4504.872911392405,9382.61772151899,9652.356455696205,9804.273417721524,8987.668860759497,366136.1468354431,3373.285063291141,7684.2622784810155,3938.5397468354427,20146.717974683554,9751.8835443038,99200.60242142403,904913.319493671,0.005221735451589815,0.0037160674556298776,0.003250706616038658,0.003583341527781838,0.003028235032303381,0.0005490505406130617,0.0035633661502380387,0.009811441574978857,160907.60458478678,46209.188504117395,91684.49046495857,121612.20680484721,47558.14260777645,11702.265506410748,19027.21406406771,341959.56534106005,138457.27571831475,40087.30916254259,84897.90664476213,105194.6496009525,36228.07786192652,2676.017157545833,12478.94443671398,288675.0187831109,0.0,0.0,0.0,0.0,0.0,0.0,0.0,0.0,0.003736339153067321,0.0017222224878450983,0.0036833344137833335,0.0036802263140862618,0.0037317438622019605,0.0034819962708277775,0.14087315208793705,0.0013313708894153596,0.0029706396743964312,0.0014809470191656862,0.007815204344987186,0.003736697271794445,0.03700535543861458,0.3452962926012626,0.0032191853194285707,0.0009341556829691874,0.0033673044817366946,0.0036938144554621846,0.003572507784907564,0.004031977032893158,0.07977783728521133,0.0007041142292212887,0.0016694913695462187,0.0008396375767955182,0.004440789984358542,0.0032912209848903464,0.025293167203807716,0.19859639316528716
2026-08-19 23:01:13.312000036,9805.825822784813,4504.872911392405,9369.019746835447,9660.397974683547,9792.698734177215,8987.668860759497,366092.5518987342,3373.285063291141,7684.2622784810155,3938.5397468354427,20146.717974683554,9751.8835443038,99486.14322495995,904467.9797468355,0.005174157143825304,0.003725611894703431,0.0032299243146868112,0.003583341527781838,0.003028235032303381,0.0005490505406130617,0.0035633661502380387,0.009930368969832648,164366.0135630212,47522.58446926453,91098.33645747842,121612.20680484721,47558.14260777645,11702.265506410748,19027.21406406771,350365.3007050586,141433.15673202893,41226.70398448365,84355.14038239716,105194.6496009525,36228.07786192652,2676.017157545833,12478.94443671398,300637.9257457438,0.0,0.0,0.0,0.0,0.0,0.0,0.0,0.0,0.0037394226413268446,0.001729257657016058,0.0036877761689174367,0.00368568245590952,0.0037347097795549077,0.003485478405187996,0.14110180731759164,0.0013345543758935927,0.0029747264901256038,0.001485408072810381,0.00782682506294364,0.0037417811446825624,0.03708786935703787,0.3459063495839176,0.003228788601792717,0.0009341556829691874,0.003374212884313725,0.0037035083327058823,0.0035743321218151256,0.004031977032893158,0.0799030802905814,0.0007041142292212887,0.0016694913695462187,0.0008396375767955182,0.004440789984358542,0.0032912209848903464,0.025308190391031278,0.19849141780798765
2026-08-19 23:01:28.312000036,9805.825822784813,4533.414683544305,9369.019746835447,9660.397974683547,9792.698734177215,8960.42430379747,366029.60202531645,3380.2875949367085,7684.389873417721,3944.600506329113,20110.453670886087,9746.199493670892,99764.28126978278,904126.8668354432,0.005323993897786591,0.003725611894703431,0.0033668808529527102,0.003605344070750066,0.003028235032303381,0.0005340650167228464,0.003575952964067499,0.0100467516931763,169125.83612914302,47522.58446926453,92872.74576475708,118828.20634576172,47558.14260777645,12013.676035365601,19656.384195022347,355800.1778978306,145528.87406688317,41226.70398448365,86025.5144564969,102898.78452041521,36228.07786192652,2747.644556870789,12891.583884558846,306166.044608379,0.0,0.0,0.0,0.0,0.0,0.0,0.0,0.0,0.0037462264034922956,0.0017323968559211677,0.0036944791750001624,0.0036923779753742394,0.003741504929798216,0.0034918054295188967,0.14135635633510368,0.0013369769294215735,0.002980101979256039,0.0014881044639296025,0.00784094332079388,0.003748573423271371,0.03717625620956978,0.34653091810807213,0.003228788601792717,0.0009371258147394957,0.003374212884313725,0.0037035083327058823,0.0035743321218151256,0.004100407083870968,0.08005799214995206,0.0007081230898991596,0.0016737570261680667,0.000844253362285714,0.0044547153695574234,0.003325135957900538,0.025408729967380708,0.19896944157513463
2026-08-19 23:01:43.312000036,9815.501772151902,4533.414683544305,9370.681518987341,9668.992405063293,9785.292151898733,8960.42430379747,366007.4126582279,3380.2875949367085,7684.389873417721,3944.600506329113,20110.453670886087,9746.199493670892,100132.395757099,903915.3174683546,0.005323993897786591,0.003740534130215228,0.0033668808529527102,0.003605344070750066,0.003028235032303381,0.0005327348933290582,0.0034834836777528225,0.010063082467156322,169125.83612914302,46272.04618477812,92872.74576475708,118828.20634576172,47558.14260777645,11983.755199812489,19148.096799660932,355230.6737619572,145528.87406688317,40184.99011670848,86025.5144564969,102898.78452041521,36228.07786192652,2740.8013707633463,12558.225036372263,306203.49241516774,0.0,0.0,0.0,0.0,0.0,0.0,0.0,0.0,0.003753030165657745,0.0017355360548262774,0.0037011821810828873,0.0036990734948389595,0.0037483000800415246,0.0034981324538497973,0.14161090535261575,0.001339399482949554,0.002985477468386473,0.0014908008550488239,0.007855061578644122,0.0037553657018601794,0.03726464306210169,0.3471554866322268,0.003238851764705882,0.0009371258147394957,0.0033849203645042003,0.0037140200101904745,0.0035823113107787104,0.004100407083870968,0.08018985629220042,0.0007081230898991596,0.0016737570261680667,0.000844253362285714,0.0044547153695574234,0.003325135957900538,0.02544684006432091,0.19892185712056137
2026-08-19 23:01:58.312000036,9815.501772151902,4566.00911392405,9370.681518987341,9668.992405063293,9785.292151898733,8949.226329113924,365982.9691139241,3388.1316455696196,7692.14278481013,3955.816708860759,20112.650126582284,9746.943797468357,100439.702429426,904124.5792405065,0.005323993897786591,0.003740534130215228,0.0033668808529527102,0.003605344070750066,0.0030372790857296867,0.0005469661490383633,0.003604862236353713,0.010186567387049345,169125.83612914302,46272.04618477812,92872.74576475708,118828.20634576172,59653.38240433892,14628.868855912682,18744.432118057175,366735.0836637249,145528.87406688317,40184.99011670848,86025.5144564969,102898.78452041521,48333.6244467932,2679.124238146799,12295.221030419958,319819.2876715824,0.0,0.0,0.0,0.0,0.0,0.0,0.0,0.0,0.0037598339278231956,0.0017386752537313867,0.003707885187165612,0.0037057690143036796,0.003755095230284835,0.0035044594781806974,0.14186545437012785,0.0013418220364775344,0.0029908529575169087,0.0014934972461680452,0.007869179836494362,0.0037621579804489862,0.03735302991463361,0.34778005515638133,0.003238851764705882,0.000940454501960784,0.0033849203645042003,0.0037140200101904745,0.0035823113107787104,0.004173103306923818,0.0803505575541799,0.0007113519074509804,0.0016789211388235296,0.0008487571749019608,0.0044726477636470585,0.0033622250634071805,0.02555011999846739,0.1994640849316728
2026-08-19 23:02:13.312000036,9823.485569620258,4566.00911392405,9345.843037974686,9674.327088607593,9785.161518987337,8949.226329113924,365938.03746835445,3388.1316455696196,7692.14278481013,3955.816708860759,20112.650126582284,9746.943797468357,100768.02478793323,904141.3215189875,0.005202345473183292,0.003740534130215228,0.0033668808529527102,0.003605344070750066,0.0030372790857296867,0.0005469661490383633,0.003604862236353713,0.010277664765933116,165261.4643962266,46272.04618477812,92872.74576475708,118828.20634576172,59653.38240433892,14628.868855912682,18744.432118057175,372077.8596832098,142203.6714831822,40184.99011670848,86025.5144564969,102898.78452041521,48333.6244467932,2679.124238146799,12295.221030419958,324334.1435035504,0.0,0.0,0.0,0.0,0.0,0.0,0.0,0.0,0.0037669990326215774,0.0017456359081436394,0.0037134474605120776,0.0037113527884689943,0.003758084174751046,0.0035091398364354267,0.14209878992976116,0.0013444145938756842,0.0029951610895334936,0.00149827021201095,0.007880274277743887,0.003767393711546538,0.03744555616323441,0.34837360394625483,0.0032498926458487394,0.000940454501960784,0.003394260577361344,0.0037236854019383732,0.003591446515899158,0.004173103306923818,0.08048394775485901,0.0007113519074509804,0.0016789211388235296,0.0008487571749019608,0.0044726477636470585,0.0033622250634071805,0.02558622890956431,0.1994136471737525
2026-08-19 23:02:28.312000036,9823.485569620258,4592.697721518986,9345.843037974686,9674.327088607593,9785.161518987337,8937.211139240504,365878.742278481,3393.9827848101263,7696.040506329112,3957.2779746835427,20066.542784810128,9735.721518987342,101034.98018316332,903714.2582278482,0.00551235319639777,0.0037634736687950586,0.0033668808529527102,0.003605344070750066,0.0030514090892572792,0.0005469661490383633,0.003604862236353713,0.010358113021965376,179550.0674095474,47994.940763749415,92872.74576475708,118828.20634576172,62024.82056643782,14628.868855912682,18744.432118057175,376612.83676450676,156740.04127115145,41681.239090692005,86025.5144564969,102898.78452041521,50255.06120202645,2679.124238146799,12295.221030419958,328569.02722517296,0.0,0.0,0.0,0.0,0.0,0.0,0.0,0.0,0.0037738034468727854,0.00174878199751562,0.0037201484025410625,0.0037180462969231,0.00376487244045153,0.0035154638931987124,0.14235330087220718,0.0013468374537790662,0.00300053466207546,0.0015009703454650562,0.007894387105082014,0.0037741831849764903,0.03753400802381693,0.34899811670584713,0.0032498926458487394,0.0009447777907002802,0.003394260577361344,0.0037236854019383732,0.003591446515899158,0.004249565346487394,0.08064625767779893,0.0007148003932492998,0.001684403616173669,0.0008528558853053219,0.004486200789019607,0.0033986982218823522,0.025699094211388735,0.19982454508254183
2026-08-19 23:02:43.312000036,9829.163544303801,4592.697721518986,9332.92253164557,9673.154430379747,9786.094177215191,8937.211139240504,365841.0227848101,3393.9827848101263,7696.040506329112,3957.2779746835427,20066.542784810128,9735.721518987342,101386.78052042065,903986.5427848102,0.00551235319639777,0.0037994090833574274,0.003401889673849561,0.0035426890059469824,0.0030514090892572792,0.0005469661490383633,0.0036226585243144442,0.010455863032255281,179550.0674095474,47974.05365143862,95051.95132186318,111898.30126525325,62024.82056643782,14628.868855912682,19543.40112382868,383026.9447010545,156740.04127115145,41837.3492972508,88178.35613949322,96441.54899853855,50255.06120202645,2679.124238146799,12819.29668448857,334746.3648300977,0.0,0.0,0.0,0.0,0.0,0.0,0.0,0.0,0.003780607861123993,0.0017519280868876004,0.003726849344570049,0.003724739805377207,0.0037716607061520115,0.0035217879499619964,0.14260781181465323,0.0013492603136824476,0.003005908234617426,0.0015036704789191625,0.007908499932420144,0.003780972658406441,0.03762245988439943,0.3496226294654394,0.00325925530052661,0.0009447777907002802,0.00340285836310364,0.0037351055823529405,0.0036043642593837524,0.004249565346487394,0.08078740151036412,0.0007148003932492998,0.001684403616173669,0.0008528558853053219,0.004486200789019607,0.0033986982218823522,0.02579125949033663,0.19960940072501976
2026-08-19 23:02:58.312000036,9829.163544303801,4621.974683544303,9332.92253164557,9673.154430379747,9786.094177215191,8937.426835443037,365801.9058227848,3401.219240506328,7698.571139240506,3965.756962025316,20061.82177215189,9715.938227848104,101685.188090789,903923.3924050634,0.00551235319639777,0.0037994090833574274,0.003401889673849561,0.0036347544529000725,0.0030514090892572792,0.0005569625151799785,0.0036395655395134313,0.010571130529145222,179550.0674095474,47974.05365143862,95051.95132186318,114806.25257059885,62024.82056643782,14226.451841136344,19035.84113686212,381098.85444088647,156740.04127115145,41837.3492972508,88178.35613949322,98947.81875535153,50255.06120202645,2605.1102317788727,12486.36783464952,333195.38994121325,0.0,0.0,0.0,0.0,0.0,0.0,0.0,0.0,0.003787412275375201,0.0017550741762595813,0.003733550286599033,0.0037314333138313126,0.0037784489718524954,0.003528112006725281,0.14286232275709929,0.001351683173585829,0.003011281807159393,0.0015063706123732686,0.007922612759758273,0.0037877621318363926,0.03771091174498193,0.3502471422250318,0.00325925530052661,0.0009513062978823528,0.00340285836310364,0.0037351055823529405,0.0036043642593837524,0.0042576022452549015,0.08094901127844444,0.0007178650295798317,0.0016908472629915965,0.0008568593618487393,0.00450208037245378,0.003405042038666666,0.02589088129074066,0.199720162009418
2026-08-19 23:03:13.312000036,9817.588860759495,4621.974683544303,9315.621265822789,9671.705316455696,9772.037468354427,8937.426835443037,365731.13012658234,3401.219240506328,7698.571139240506,3965.756962025316,20061.82177215189,9715.938227848104,101970.83863943578,903545.799493671,0.005503972856292735,0.0037994090833574274,0.003401889673849561,0.0036347544529000725,0.0030514090892572792,0.0005569625151799785,0.0036395655395134313,0.010601423855945317,183814.6796524288,47974.05365143862,95051.95132186318,114806.25257059885,62024.82056643782,14226.451841136344,19035.84113686212,386588.3546435445,160462.87751732237,41837.3492972508,88178.35613949322,98947.81875535153,50255.06120202645,2605.1102317788727,12486.36783464952,338133.23869380075,0.0,0.0,0.0,0.0,0.0,0.0,0.0,0.0,0.003795386837744525,0.0017618050083082336,0.003738514099041407,0.0037362736460020336,0.0037841856498890486,0.0035319251974938446,0.1430957060620584,0.0013542124771453237,0.003016141378069206,0.0015110346919827338,0.007934062456605712,0.0037915166985055164,0.03780656761570619,0.3508929981997162,0.0032653516849411764,0.0009513062978823528,0.0034103245705714292,0.003742113369456583,0.0036121614373333323,0.0042576022452549015,0.08107536035227698,0.0007178650295798317,0.0016908472629915965,0.0008568593618487393,0.00450208037245378,0.003405042038666666,0.025988013221372216,0.19951666945290067
2026-08-19 23:03:28.312000036,9817.588860759495,4648.845569620254,9315.621265822789,9671.705316455696,9772.037468354427,8928.47088607595,365655.3721518988,3408.507341772152,7697.231392405063,3971.6718987341774,20031.827848101264,9703.698227848105,102217.85216755091,903206.1873417723,0.005645172932437766,0.0037994090833574274,0.003401889673849561,0.0036347544529000725,0.0030675753024635237,0.0005588615332886777,0.003639565539513432,0.010686411310972137,188530.3000672031,47974.05365143862,95051.95132186318,114806.25257059885,60204.325285368024,14882.654538701021,19035.841136862124,392765.8441362828,164579.4258934635,41837.3492972508,88178.35613949322,98947.81875535153,48858.85035579722,2723.79978294298,12486.367834649524,344856.1923512368,0.0,0.0,0.0,0.0,0.0,0.0,0.0,0.0,0.0038021933509339734,0.0017649575149029575,0.0037452119215833726,0.00374296382645767,0.0037909720269873695,0.0035382447616425262,0.14335017935432032,0.0013566355275050359,0.003021514034021587,0.0015137383394647483,0.00794817053517714,0.0037983007416709843,0.03789517480601621,0.35151754890150194,0.0032653516849411764,0.0009575736967394957,0.0034103245705714292,0.003742113369456583,0.0036121614373333323,0.004260307891725489,0.08122907724806722,0.0007208687503585433,0.0016965039748011203,0.0008605448637142857,0.004513727658386554,0.0034106499492268915,0.026077962169874295,0.199605896582893
2026-08-19 23:03:43.312000036,9809.699240506327,4648.845569620254,9299.726582278485,9671.140253164556,9766.0435443038,8928.47088607595,365591.7934177215,3408.507341772152,7697.231392405063,3971.6718987341774,20031.827848101264,9703.698227848105,102512.55083413198,903054.1427848102,0.005727727506455592,0.00382166823682229,0.003417297386012865,0.0036347544529000725,0.0030675753024635237,0.0005588615332886777,0.003639565539513432,0.010743031621443194,198903.3355798203,50106.12110895808,107830.79762062573,114806.25257059885,60204.325285368024,14882.654538701021,19035.841136862124,396672.758452702,175272.11404497607,43696.68875590146,100811.80681366267,98947.81875535153,48858.85035579722,2723.79978294298,12486.367834649524,348402.6181557354,0.0,0.0,0.0,0.0,0.0,0.0,0.0,0.0,0.003808999864123422,0.0017681100214976817,0.00375190974412534,0.003749654006913305,0.003797758404085691,0.0035445643257912074,0.1436046526465822,0.001359058577864748,0.0030268866899739676,0.0015164419869467625,0.00796227861374857,0.0038050847848364517,0.03798378199632624,0.3521420996032876,0.003267224859563025,0.0009575736967394957,0.003417912000336135,0.0037501110303137255,0.003618053738319328,0.004260307891725489,0.08135113630226329,0.0007208687503585433,0.0016965039748011203,0.0008605448637142857,0.004513727658386554,0.0034106499492268915,0.026170410125392413,0.1994305248313276
2026-08-19 23:03:58.312000036,9809.699240506327,4677.514936708862,9299.726582278485,9671.140253164556,9766.0435443038,8922.513417721517,365555.21924050635,3416.952911392407,7696.3169620253175,3982.900253164556,20029.07240506329,9693.879493670887,102824.39626086775,903176.5032911393,0.005727727506455592,0.0038393110060593377,0.003417297386012865,0.003671215060110338,0.0030816503473563785,0.0005588615332886777,0.003639565539513432,0.010845310124933092,198903.3355798203,50086.2561459396,107830.79762062573,112850.25479688174,62549.50327226767,14882.654538701021,19035.841136862124,403179.7479614968,175272.11404497607,43877.50892077538,100811.80681366267,97440.1733357153,50762.080726314925,2723.79978294298,12486.367834649524,354796.21833699144,0.0,0.0,0.0,0.0,0.0,0.0,0.0,0.0,0.00381580637731287,0.0017712625280924062,0.0037586075666673057,0.0037563441873689402,0.003804544781184013,0.0035508838899398877,0.14385912593884412,0.0013614816282244604,0.003032259345926349,0.001519145634428777,0.007976386692319998,0.0038118688280019187,0.03807238918663627,0.3527666503050733,0.003267224859563025,0.0009641857372773106,0.003417912000336135,0.0037501110303137255,0.003618053738319328,0.004261566201680671,0.08150923757515717,0.0007248635862857142,0.0017034149743193278,0.0008652385748795517,0.00453026008397759,0.003416824918857143,0.02627222963171212,0.1995918312392415
2026-08-19 23:04:13.312000036,9790.098227848099,4677.514936708862,9280.155949367092,9661.193924050634,9748.906329113925,8922.513417721517,365464.8637974684,3416.952911392407,7696.3169620253175,3982.900253164556,20029.07240506329,9693.879493670887,103060.20180205778,902568.221772152,0.005727727506455592,0.0038393110060593377,0.003362616641893157,0.003671215060110338,0.0030816503473563785,0.0005588615332886777,0.0036692807503401078,0.010981525715977892,198903.3355798203,50086.2561459396,110300.1704584698,112850.25479688174,62549.50327226767,14882.654538701021,19725.821785238688,407199.8204311604,175272.11404497607,43877.50892077538,103120.21211610087,97440.1733357153,50762.080726314925,2723.79978294298,13016.20836710451,357885.42093871045,0.0,0.0,0.0,0.0,0.0,0.0,0.0,0.0,0.003820860078570158,0.0017780922232774603,0.0037635337831987306,0.0037610890505468224,0.003808520471528889,0.003553875794128254,0.14408791019094722,0.0013637862027282542,0.0030371689781270297,0.0015239414241295236,0.007989044921623325,0.003815648955866032,0.038157103809421215,0.35336116217371344,0.0032683245499999995,0.0009641857372773106,0.0034216293472324934,0.003757497826554622,0.0036252461967955178,0.004261566201680671,0.081628109051939,0.0007248635862857142,0.0017034149743193278,0.0008652385748795517,0.00453026008397759,0.003416824918857143,0.026357722778314534,0.1993876031401629
2026-08-19 23:04:28.312000036,9790.098227848099,4707.961518987341,9280.155949367092,9661.193924050634,9748.906329113925,8913.59088607595,365406.5255696203,3428.6794936708857,7691.264810126582,3993.8734177215174,20018.491139240512,9675.639493670891,103347.80558494637,902140.8881012659,0.005727727506455592,0.0038393110060593377,0.003432989373563691,0.003704318947135332,0.0030816503473563785,0.0005588615332886777,0.003580747549385072,0.011154677252455348,198903.3355798203,50086.2561459396,112608.52883693724,110924.593102706,62549.50327226767,14882.654538701021,19249.872883276395,412280.1664499893,175272.11404497607,43877.50892077538,105278.30855999682,101289.1099118937,50762.080726314925,2723.79978294298,12702.150471444531,362946.00064571656,0.0,0.0,0.0,0.0,0.0,0.0,0.0,0.0,0.0038276634648796814,0.0017812512655393652,0.0037702284462939684,0.003767775762451584,0.0038153018370050795,0.0035601894465092064,0.14434233802487156,0.0013662090426092063,0.003042540814415446,0.0015266487884152379,0.00800315043285264,0.003822427662413651,0.0382457531233196,0.35398565954605393,0.0032683245499999995,0.0009712551914285711,0.0034216293472324934,0.003757497826554622,0.0036252461967955178,0.004265911275871149,0.08178412279633986,0.0007286589587394955,0.0017101905460504198,0.000868904222352941,0.004544038816515406,0.0034195091746498604,0.02645472644440113,0.1994636142677562
2026-08-19 23:04:43.312000036,9773.349873417721,4707.961518987341,9269.31341772152,9654.15797468355,9744.820253164555,8913.59088607595,365351.5837974684,3428.6794936708857,7691.264810126582,3993.8734177215174,20018.491139240512,9675.639493670891,103606.68042465282,901729.5918987342,0.005727727506455592,0.0038393110060593377,0.003432989373563691,0.003704318947135332,0.0030816503473563785,0.0005433778739914828,0.0037049625369737467,0.011227829187782652,198903.3355798203,50086.2561459396,112608.52883693724,110924.593102706,62549.50327226767,14470.31992880389,19206.011176946675,418024.00103133736,175272.11404497607,43877.50892077538,105278.30855999682,101289.1099118937,50762.080726314925,2648.3349579000337,12824.427585299214,368545.38869349717,0.0,0.0,0.0,0.0,0.0,0.0,0.0,0.0,0.003834466851189207,0.0017844103078012699,0.003776923109389206,0.003774462474356346,0.00382208320248127,0.0035665030988901586,0.1445967658587959,0.0013686318824901586,0.003047912650703862,0.0015293561527009523,0.008017255944081954,0.0038292063689612703,0.038334402437217974,0.35461015691839437,0.0032720400260840333,0.0009712551914285711,0.003428710937882353,0.003763002674380952,0.0036345755478431347,0.004265911275871149,0.08190679890961966,0.0007286589587394955,0.0017101905460504198,0.000868904222352941,0.004544038816515406,0.0034195091746498604,0.02654501268404775,0.19930456119287823
2026-08-19 23:04:58.312000036,9773.349873417721,4738.693670886076,9269.31341772152,9654.15797468355,9744.820253164555,8908.961012658232,365338.4536708861,3436.988354430381,7692.10936708861,4006.9093670886077,20036.20253164557,9665.820759493676,103930.20748461025,901620.3220253165,0.005888617555568599,0.0038393110060593377,0.003432989373563691,0.0037076112459321687,0.0030816503473563785,0.0005543874037511676,0.0037049625369737467,0.011279641211915086,193738.08345980025,50086.2561459396,112608.52883693724,109079.55946208254,62549.50327226767,17004.23821910939,19206.011176946675,421192.3522627173,170791.73283473213,43877.50892077538,105278.30855999682,99725.42190234463,50762.080726314925,2595.031203825299,12824.427585299214,371452.8793943165,0.0,0.0,0.0,0.0,0.0,0.0,0.0,0.0,0.0038412702374987307,0.0017875693500631748,0.003783617772484445,0.0037811491862611082,0.00382886456795746,0.003572816751271111,0.14485119369272023,0.001371054722371111,0.003053284486992278,0.0015320635169866663,0.008031361455311267,0.0038359850755088896,0.03842305175111635,0.35523465429073475,0.0032720400260840333,0.0009786769036862746,0.003428710937882353,0.003763002674380952,0.0036345755478431347,0.004269694557803922,0.082064851824305,0.0007322535676638656,0.0017174825951596635,0.0008727859676750698,0.004561314522184873,0.0034275074189467794,0.026650799501493485,0.19947887845750434
2026-08-19 23:05:13.312000036,9753.183797468359,4738.693670886076,9264.033417721519,9647.118987341773,9741.311392405063,8908.961012658232,365284.5994936709,3436.988354430381,7692.10936708861,4006.9093670886077,20036.20253164557,9665.820759493676,104142.29735251353,900186.1488607596,0.0059764728463995425,0.0038755602094240837,0.0033554946193552516,0.0037076112459321687,0.0030967554461524003,0.0005559533008161492,0.0037049625369737467,0.011369798005137124,199333.24275303716,65613.20209424084,110066.55468135353,109079.55946208254,72348.03641210277,17486.536643923035,19206.011176946675,427646.6233094274,175724.20111413766,59258.61193717278,102901.80349180079,99725.42190234463,60714.00844711066,2668.6351751305633,12824.427585299214,377363.0135254696,0.0,0.0,0.0,0.0,0.0,0.0,0.0,0.0,0.0038450767991804573,0.0017947163818162332,0.003787282295367061,0.0037862907937972023,0.00383236012187297,0.003575641690880378,0.14507951504461844,0.0013735167355927503,0.00305844227816964,0.0015366667474754924,0.008046521004791234,0.0038404816651347526,0.03850406741144238,0.3558437633280207,0.0032773209757254902,0.0009786769036862746,0.003432952459439775,0.003764115619047618,0.0036396497774789914,0.004269694557803922,0.08217794609874635,0.0007322535676638656,0.0017174825951596635,0.0008727859676750698,0.004561314522184873,0.0034275074189467794,0.026724437231482212,0.19933380144830748
2026-08-19 23:05:28.312000036,9753.183797468359,4768.985316455698,9264.033417721519,9647.118987341773,9741.311392405063,8909.422784810127,365256.5529113924,3447.0410126582283,7687.707341772151,4018.064810126584,20023.87139240506,9661.008607594937,104473.40726193339,899929.8774683545,0.0059764728463995425,0.0038966433048938554,0.0033340384357704784,0.0037076112459321687,0.003036115607998422,0.0005559533008161492,0.0037049625369737467,0.011475945827985617,199333.24275303716,67792.35358140523,109362.75137612266,109079.55946208254,74002.31959723815,17486.536643923035,19206.011176946675,424903.96230011806,175724.20111413766,61226.71421245438,102243.8140633008,99725.42190234463,62103.7487390735,2668.6351751305633,12824.427585299214,377558.00461315195,0.0,0.0,0.0,0.0,0.0,0.0,0.0,0.0,0.003851874878376674,0.0017978824621944839,0.0037939715938304177,0.003792974770156541,0.003839135670336328,0.003581949189107328,0.14533389700119123,0.0013759396445762015,0.0030638137382635374,0.001539377456104334,0.008060628368054146,0.0038472563459858154,0.03859272874273508,0.356468233447739,0.0032773209757254902,0.0009862126831764702,0.003432952459439775,0.003764115619047618,0.0036396497774789914,0.004272408516705881,0.08233190182381199,0.0007359933056470586,0.0017243400307843132,0.0008767640867843138,0.004574609411921567,0.003433083354470588,0.02682558030037438,0.19949051520468591
2026-08-19 23:05:43.312000036,9748.08303797468,4768.985316455698,9253.178734177218,9632.521518987343,9730.772658227852,8909.422784810127,365187.2718987342,3447.0410126582283,7687.707341772151,4018.064810126584,20023.87139240506,9661.008607594937,104751.5956562498,899236.2805063293,0.0059764728463995425,0.0038966433048938554,0.003471027271479078,0.0037076112459321687,0.0031201663634826677,0.0005559533008161492,0.0036338959830525606,0.011612157513938782,199333.24275303716,67792.35358140523,124538.68808567604,109079.55946208254,76050.97375696398,17486.536643923035,13453.094846956164,436380.8222628493,175724.20111413766,61226.71421245438,117043.13321662719,99725.42190234463,63823.007052614514,2668.6351751305633,13107.822598889337,388204.91908057284,0.0,0.0,0.0,0.0,0.0,0.0,0.0,0.0,0.0038586729575728917,0.0018010485425727343,0.003800660892293774,0.0037996587465158787,0.0038459112187996854,0.0035882566873342786,0.145588278957764,0.0013783625535596531,0.0030691851983574332,0.0015420881647331755,0.008074735731317057,0.0038540310268368803,0.03868139007402777,0.35709270356745726,0.0032844167052773093,0.0009862126831764702,0.00343824545362465,0.0037689082724033612,0.003648044543619048,0.004272408516705881,0.08245403717156675,0.0007359933056470586,0.0017243400307843132,0.0008767640867843138,0.004574609411921567,0.003433083354470588,0.026917287412378716,0.199371732699124
2026-08-19 23:05:58.312000036,9748.08303797468,4798.724050632912,9253.178734177218,9632.521518987343,9730.772658227852,8899.85924050633,365140.51139240514,3451.4491139240517,7690.514430379748,4033.357974683544,20030.74329113924,9637.695189873419,105074.99586260121,899454.2491139242,0.0059764728463995425,0.0038966433048938554,0.003471027271479078,0.003729429247036936,0.0031201663634826677,0.0005559533008161492,0.0037271283596424496,0.011627342045400687,199333.24275303716,67792.35358140523,124538.68808567604,112325.67221677488,76050.97375696398,17486.536643923035,13798.251673381696,441245.89543902606,175724.20111413766,61226.71421245438,117043.13321662719,102692.54394148104,63823.007052614514,2668.6351751305633,13444.12101208347,385933.79197361856,0.0,0.0,0.0,0.0,0.0,0.0,0.0,0.0,0.003865471036769109,0.0018042146229509848,0.0038073501907571307,0.003806342722875216,0.003852686767263042,0.0035945641855612293,0.14584266091433676,0.0013807854625431046,0.00307455665845133,0.001544798873362017,0.008088843094579967,0.003860805707687943,0.03877005140532047,0.3577171736871756,0.0032844167052773093,0.0009941921844705882,0.00343824545362465,0.0037689082724033612,0.003648044543619048,0.0042803728501512595,0.08261370895282849,0.0007398901157647059,0.0017310426804705876,0.0008812171385546216,0.004591690226509804,0.0034397216577254906,0.02702623229150064,0.19948969868156785
