timestamp,aggregator_energy,api-gateway_energy,authority_energy,clientone_energy,clientthree_energy,clienttwo_energy,kernel_processes_energy,orchestrator_energy,policy_energy,policy-enforcer_energy,rabbitmq_energy,server_energy,sidecar_energy,system_processes_energy,aggregator_cpu_usage,authority_cpu_usage,clientone_cpu_usage,clientthree_cpu_usage,clienttwo_cpu_usage,policy_cpu_usage,server_cpu_usage,sidecar_cpu_usage,aggregator_memory_usage,authority_memory_usage,clientone_memory_usage,clientthree_memory_usage,clienttwo_memory_usage,policy_memory_usage,server_memory_usage,sidecar_memory_usage,aggregator_memory_rss_usage,authority_memory_rss_usage,clientone_memory_rss_usage,clientthree_memory_rss_usage,clienttwo_memory_rss_usage,policy_memory_rss_usage,server_memory_rss_usage,sidecar_memory_rss_usage,aggregator_memory_cache_usage,authority_memory_cache_usage,clientone_memory_cache_usage,clientthree_memory_cache_usage,clienttwo_memory_cache_usage,policy_memory_cache_usage,server_memory_cache_usage,sidecar_memory_cache_usage,aggregator_carbon_coal,api-gateway_carbon_coal,authority_carbon_coal,clientone_carbon_coal,clientthree_carbon_coal,clienttwo_carbon_coal,kernel_processes_carbon_coal,orchestrator_carbon_coal,policy_carbon_coal,policy-enforcer_carbon_coal,rabbitmq_carbon_coal,server_carbon_coal,sidecar_carbon_coal,system_processes_carbon_coal,aggregator_carbon_emission,api-gateway_carbon_emission,authority_carbon_emission,clientone_carbon_emission,clientthree_carbon_emission,clienttwo_carbon_emission,kernel_processes_carbon_emission,orchestrator_carbon_emission,policy_carbon_emission,policy-enforcer_carbon_emission,rabbitmq_carbon_emission,server_carbon_emission,sidecar_carbon_emission,system_processes_carbon_emission
2026-07-03 07:30:42.632999897,4762.667692307693,3438.1599999999985,4699.787692307691,4615.313846153846,4128.147692307693,4244.784615384618,176899.32,2318.1015384615384,4000.833846153845,2325.8861538461533,10676.080000000009,4346.341538461537,63669.05107529743,461523.25230769237,0.024006034245332472,0.01124021311991853,0.006027724403203575,0.0073225950974491,0.0071767010007820955,0.0005926241559666417,0.008079267510680548,0.04426535413216371,213802.7056926026,205362.3710427244,223099.30688991988,201297.0970611831,107533.19328426836,62013.807541465656,58826.75461535034,1011852.7682268212,209260.13391216402,201441.4147244831,188155.01079148275,196030.52734430137,104627.18677079772,0.0,55220.40259079942,946872.4453261734,0.0,0.0,0.0,0.0,0.0,0.0,0.0,0.0,0.0043962543434626295,0.0024980397394860246,0.00448030770304503,0.004389200530587371,0.003944271837297722,0.004118219865222463,0.1645372716803578,0.0019269241933327118,0.003561546796488066,0.0019164097127505175,0.009951859715104013,0.004249101663013871,0.047606641209447374,0.41791878468634,0.003698593033333332,0.001627528676521008,0.003439774154621849,0.0036805940700336123,0.0027462785737142853,0.003394153730196079,0.0922997577962689,0.001115987431932773,0.0020495374108739496,0.001174099032436975,0.005513866819126052,0.0035488074639719886,0.031037340097278168,0.23885671760236085
2026-07-03 07:30:57.632999897,4762.667692307693,3408.987692307689,4717.559999999996,4615.313846153846,4128.147692307693,4244.784615384618,176975.31692307693,2320.956923076925,3998.1353846153856,2341.3815384615373,10746.707692307687,4364.735384615387,63559.809230769235,461014.3692307692,0.024006034245332472,0.01100220472816297,0.006027724403203575,0.0073225950974491,0.007521226194790786,0.0005926241559666417,0.007797020031818262,0.043582869587303924,213802.7056926026,217636.65398877035,223099.30688991988,201297.0970611831,112695.43903960903,62013.807541465656,68611.17060403374,968674.9252765306,209260.13391216402,213274.78574128237,188155.01079148275,196030.52734430137,109649.92658075556,0.0,64235.386694493405,902547.0620472258,0.0,0.0,0.0,0.0,0.0,0.0,0.0,0.0,0.004403037707334265,0.0025018909739580745,0.004487212860912525,0.004395965196218841,0.003950353481190062,0.004124567514808384,0.16478943551677758,0.0019298943040987574,0.003567011212125926,0.0019193633721708077,0.00996711208187356,0.004255650407320289,0.04769801743472524,0.4185594473870114,0.003698593033333332,0.001626624374991596,0.0034518005210364133,0.0036805940700336123,0.0027462785737142853,0.003394153730196079,0.09247625697825831,0.0011197975346554623,0.002057159767753502,0.001180489870028011,0.005538320149949578,0.003557279331361344,0.031084607559984274,0.23943684337271232
2026-07-03 07:31:12.632999897,4775.732307692307,3408.987692307689,4717.559999999996,4630.144615384622,4145.516923076927,4258.950769230763,177111.12307692308,2320.956923076925,3998.1353846153856,2341.3815384615373,10746.707692307687,4364.735384615387,63219.77538461538,460238.8984615384,0.02229067900915606,0.01100220472816297,0.005986971597112483,0.0073225950974491,0.007521226194790786,0.0005926241559666417,0.007797020031818262,0.0431491979461051,217032.35752785404,217636.65398877035,238312.18945774058,201297.0970611831,112695.43903960903,62013.807541465656,68611.17060403374,952449.0610771306,212199.16156231656,213274.78574128237,200177.56864593358,196030.52734430137,109649.92658075556,0.0,64235.386694493405,886643.9859089011,0.0,0.0,0.0,0.0,0.0,0.0,0.0,0.0,0.00440712778649074,0.0025031793654546296,0.004494283969065844,0.0044041959349361125,0.00395625752479784,0.004129794219343005,0.16504298682052435,0.001931657069539506,0.0035733176783353787,0.0019228891798385803,0.009987739414958688,0.004260387931547223,0.047652917743717466,0.41919522407974164,0.0037107433680168057,0.001626624374991596,0.0034518005210364133,0.0036922789688067217,0.002756530691843138,0.0034030212458543404,0.09262324586904201,0.0011197975346554623,0.002057159767753502,0.001180489870028011,0.005538320149949578,0.003557279331361344,0.03110919675995721,0.24020217275713465
2026-07-03 07:31:27.632999897,4775.732307692307,3376.772307692307,4725.4215384615345,4630.144615384622,4145.516923076927,4258.950769230763,177191.05538461535,2321.335384615385,4006.6492307692315,2353.9569230769225,10763.418461538458,4377.2553846153805,63048.098461538444,459970.9784615385,0.020857913301136243,0.010899396521698327,0.005986971597112483,0.0073225950974491,0.007521226194790786,0.0005873907332339987,0.00783476849505807,0.04237953062011975,218134.91198246792,229022.84519085175,238312.18945774058,201297.0970611831,112695.43903960903,66687.5083891142,73660.20620008394,957536.9204885477,213054.97300414284,224399.21966501896,200177.56864593358,196030.52734430137,109649.92658075556,0.0,68920.78741047416,890509.3122596971,0.0,0.0,0.0,0.0,0.0,0.0,0.0,0.0,0.004413906999453703,0.0025070266540348765,0.004501189380588477,0.004410962853145988,0.003962338895682613,0.0041361401421825105,0.16529515279598447,0.001934625322625926,0.003578783383856851,0.0019258437173900204,0.010003000016185683,0.004266933892966974,0.047742533856878065,0.4198358794122139,0.0037107433680168057,0.001625819307372549,0.003463879286050419,0.0036922789688067217,0.002756530691843138,0.0034030212458543404,0.09279253389130221,0.0011237128166666664,0.0020643032030196076,0.0011868628350196076,0.005558158113837534,0.003564497849619048,0.031155938310327726,0.24064756669552462
2026-07-03 07:31:42.632999897,4779.926153846158,3376.772307692307,4725.4215384615345,4643.612307692301,4163.824615384613,4268.289230769224,177299.27999999997,2321.335384615385,4006.6492307692315,2353.9569230769225,10763.418461538458,4377.2553846153805,62681.159999999996,458892.5415384615,0.022104182262860844,0.010899396521698327,0.005733027083863997,0.007307029949442013,0.007194576448371717,0.0005873907332339987,0.00783476849505807,0.04153286811377269,231168.56335244788,229022.84519085175,236737.50536538847,189139.15777791478,107801.0327777192,66687.5083891142,73660.20620008394,943422.4932197828,225785.09591541564,224399.21966501896,200661.53410888722,184372.40273753004,104887.78809630469,0.0,68920.78741047416,877671.8808774648,0.0,0.0,0.0,0.0,0.0,0.0,0.0,0.0,0.004420686212416667,0.0025108739426151234,0.00450809479211111,0.004417729771355863,0.003968420266567387,0.004142486065022016,0.16554731877144457,0.0019375935757123455,0.0035842490893783227,0.001928798254941461,0.010018260617412678,0.004273479854386728,0.04783214997003866,0.4204764884961438,0.0037213367809747896,0.001625819307372549,0.003463879286050419,0.0036997804743809505,0.00276455288095238,0.0034111384738151245,0.09293092657807842,0.0011237128166666664,0.0020643032030196076,0.0011868628350196076,0.005558158113837534,0.003564497849619048,0.03115396714680786,0.24145881156226764
2026-07-03 07:31:57.632999897,4779.926153846158,3345.8892307692277,4722.039999999996,4643.612307692301,4163.824615384613,4268.289230769224,177400.15384615384,2324.9753846153862,4009.5876923076926,2369.599999999998,10852.49846153847,4384.240000000002,62499.126153846155,458439.71999999986,0.022104182262860844,0.010899396521698327,0.005733027083863997,0.006881508513485162,0.007154816199612363,0.0005873907332339987,0.00783476849505807,0.04117309701731048,231168.56335244788,229022.84519085175,236737.50536538847,190282.59077380045,118476.53364499865,66687.5083891142,73660.20620008394,931599.5825591509,225785.09591541564,224399.21966501896,200661.53410888722,185262.01720717293,114983.75693539785,0.0,68920.78741047416,866602.5471971718,0.0,0.0,0.0,0.0,0.0,0.0,0.0,0.0,0.004427465425379629,0.0025147212311953703,0.004515000203633745,0.00442449668956574,0.0039745016374521614,0.004148831987861523,0.16579948474690467,0.0019405618287987652,0.003589714794899796,0.0019317527924929013,0.010033521218639672,0.00428002581580648,0.047921766083199265,0.42111713814440555,0.0037213367809747896,0.0016249268791596633,0.0034719327193109234,0.0036997804743809505,0.00276455288095238,0.0034111384738151245,0.09309673692123624,0.0011277776400000002,0.002070378344201681,0.0011935184448739493,0.005588306133960785,0.0035713999057030805,0.031182993169397405,0.2418663891333779
2026-07-03 07:32:12.632999897,4776.535384615386,3345.8892307692277,4722.039999999996,4648.089230769232,4167.636923076927,4262.735384615387,177453.9415384615,2324.9753846153862,4009.5876923076926,2369.599999999998,10852.49846153847,4384.240000000002,62040.11692307692,457975.32307692297,0.022104182262860844,0.010899396521698327,0.005733027083863997,0.006881508513485162,0.007154816199612363,0.0005873907332339987,0.00783476849505807,0.04094353112276315,231168.56335244788,229022.84519085175,236737.50536538847,190282.59077380045,118476.53364499865,66687.5083891142,73660.20620008394,930326.7625079099,225785.09591541564,224399.21966501896,200661.53410888722,185262.01720717293,114983.75693539785,0.0,68920.78741047416,865894.3924805367,0.0,0.0,0.0,0.0,0.0,0.0,0.0,0.0,0.004433295895897546,0.0025165069945759714,0.004524124507332312,0.004431021216221679,0.003981179701499079,0.004154695177809815,0.1660684085585433,0.0019431193138630877,0.0035960921351260162,0.0019360914784139064,0.010060223582928556,0.004284950896467178,0.047890232156756196,0.4216534594580936,0.0037316259792380935,0.0016249268791596633,0.0034719327193109234,0.003705126588537815,0.0027727487908403366,0.0034204947011428574,0.09323401201714283,0.0011277776400000002,0.002070378344201681,0.0011935184448739493,0.005588306133960785,0.0035713999057030805,0.031151675102274862,0.24228261628755154
2026-07-03 07:32:27.632999897,4776.535384615386,3314.436923076924,4711.876923076925,4648.089230769232,4167.636923076927,4262.735384615387,177443.35076923075,2325.1784615384595,4019.566153846153,2383.4892307692303,10868.886153846153,4384.249230769231,61834.60923076922,458192.2,0.020808719752297568,0.00948016,0.005733027083863997,0.006881508513485162,0.007130179116228717,0.0005576443542674206,0.0074775410608248424,0.040438430353020464,215791.2624691736,199616.69818181815,236737.50536538847,190282.59077380045,124665.47839050544,63310.34939656809,81545.58753250676,914203.9429619813,210765.90254197756,195621.23636363633,200661.53410888722,185262.01720717293,120962.83903232036,0.0,63830.05112708672,848963.725456524,0.0,0.0,0.0,0.0,0.0,0.0,0.0,0.0,0.004440073655611248,0.0025203511269890587,0.004531033305900817,0.004437787764278937,0.0039872619872864,0.004161040361858896,0.1663206000250067,0.0019460869370737214,0.0036015592286219515,0.0019390481287206542,0.010075501604778152,0.004291494382663497,0.04797827281523438,0.4222939505607358,0.0037316259792380935,0.0016239649819775907,0.0034801584638991592,0.003705126588537815,0.0027727487908403366,0.0034204947011428574,0.09338797130925924,0.0011313830187787111,0.0020772121568571424,0.0011999527043361346,0.0056080145647058825,0.0035755052115126053,0.031178022959119065,0.24283146926169955
2026-07-03 07:32:42.632999897,4759.987692307692,3314.436923076924,4711.876923076925,4644.40615384615,4168.910769230772,4255.587692307688,177442.6676923077,2325.1784615384595,4019.566153846153,2383.4892307692303,10868.886153846153,4384.249230769231,61353.643076923065,458471.08615384606,0.020808719752297568,0.009919474515596426,0.005733027083863997,0.0068130044749278584,0.007130179116228717,0.0005847840267397617,0.0074775410608248424,0.0399154095992977,215791.2624691736,208867.01812016347,236737.50536538847,199811.99980229716,124665.47839050544,43695.65506142267,81545.58753250676,910329.4754032309,210765.90254197756,204686.40495714796,200661.53410888722,194322.5521916501,120962.83903232036,0.0,63830.05112708672,844964.5826792548,0.0,0.0,0.0,0.0,0.0,0.0,0.0,0.0,0.00444685141532495,0.0025241952594021472,0.004537942104469324,0.004444554312336198,0.003993344273073721,0.004167385545907974,0.1665727914914701,0.0019490545602843558,0.003607026322117886,0.0019420047790274031,0.010090779626627744,0.004298037868859816,0.04806631347371257,0.4229344416633781,0.0037379812333445364,0.0016239649819775907,0.0034801584638991592,0.0037105706952100825,0.0027792221011316526,0.0034267138425546203,0.09351542732019606,0.0011313830187787111,0.0020772121568571424,0.0011999527043361346,0.0056080145647058825,0.0035755052115126053,0.031138648849704943,0.2433862604438015
2026-07-03 07:32:57.632999897,4759.987692307692,3277.070769230768,4712.575384615386,4644.40615384615,4168.910769230772,4255.587692307688,177479.94153846154,2318.92,4020.166153846152,2392.6276923076903,10891.633846153834,4384.895384615389,61140.35076923076,457842.75999999995,0.020808719752297568,0.009718297761113324,0.005695325780771009,0.0068130044749278584,0.00689845152303776,0.0005847840267397617,0.0073870083028598705,0.039174843633498845,215791.2624691736,212552.82114143568,224284.10543198689,199811.99980229716,128060.71661933223,43695.65506142267,87806.00725435057,910638.0822730061,210765.90254197756,207934.35483289475,186495.15964825865,194322.5521916501,123868.07427386355,0.0,68680.96047897979,844158.7389006683,0.0,0.0,0.0,0.0,0.0,0.0,0.0,0.0,0.004453629175038651,0.0025280393918152345,0.0045448509030378325,0.004451320860393456,0.003999426558861043,0.0041737307299570545,0.16682498295793355,0.0019520221834949895,0.003612493415613821,0.0019449614293341516,0.010106057648477336,0.004304581355056135,0.048154354132190755,0.42357493276602043,0.0037379812333445364,0.0016231675387114843,0.003489017882745098,0.0037105706952100825,0.0027792221011316526,0.0034267138425546203,0.09368087920197198,0.0011344000048851537,0.0020830203109243692,0.0012061839679775907,0.00563253335017927,0.0035828841566834745,0.031164130182447066,0.24377200941865856
2026-07-03 07:33:12.632999897,4751.603076923078,3277.070769230768,4712.575384615386,4647.184615384614,4179.190769230766,4258.233846153847,177534.3107692308,2318.92,4020.166153846152,2392.6276923076903,10891.633846153834,4384.895384615389,60691.65846153846,457739.3938461538,0.020808719752297568,0.009718297761113324,0.005432120887845029,0.0068130044749278584,0.00689845152303776,0.0005847840267397617,0.0073870083028598705,0.03822571280091065,215791.2624691736,212552.82114143568,220144.31911555986,199811.99980229716,128060.71661933223,43695.65506142267,87806.00725435057,919421.946025048,210765.90254197756,207934.35483289475,184598.60920261065,194322.5521916501,123868.07427386355,0.0,68680.96047897979,852405.6754091858,0.0,0.0,0.0,0.0,0.0,0.0,0.0,0.0,0.004459598859787602,0.00252932176833689,0.004552125603543292,0.004456722996910671,0.004004479888701931,0.004178714958222154,0.16707731750492305,0.0019534720902422763,0.0036188857075946466,0.0019487660755293694,0.01012612092218717,0.004308996381102947,0.04812000503110178,0.42414011724348877,0.0037477768003361346,0.0016231675387114843,0.003489017882745098,0.0037182020541848726,0.0027875870674509795,0.003435986829831932,0.09382061861537254,0.0011344000048851537,0.0020830203109243692,0.0012061839679775907,0.00563253335017927,0.0035828841566834745,0.031134687172297452,0.24423853508938115
2026-07-03 07:33:27.632999897,4751.603076923078,3237.2215384615383,4721.815384615387,4647.184615384614,4179.190769230766,4258.233846153847,177603.14153846155,2312.547692307693,4026.8461538461515,2399.7630769230773,10856.44,4395.449230769234,60504.03076923077,458022.6523076922,0.019633968157820224,0.009718297761113322,0.005432120887845029,0.0064901940474024755,0.006852105183158535,0.0005847840267397617,0.0073870083028598705,0.03729805121331156,200706.95087114387,212552.82114143562,220144.31911555986,193351.20290588005,133394.89467216792,43695.65506142267,87806.00725435057,887660.8246701366,195594.30969781475,207934.3548328947,184598.60920261065,187611.0277905684,128931.77085908613,0.0,68680.96047897979,822616.9701409589,0.0,0.0,0.0,0.0,0.0,0.0,0.0,0.0,0.0044663753892591465,0.0025331620046173784,0.00455903495618557,0.004463487474044817,0.004010560608722256,0.0041850580710270325,0.16732950920088263,0.001956437407315447,0.0036243542010289892,0.0019517240120131099,0.010141406186328585,0.004315536636692378,0.048206606578562454,0.424780494557125,0.0037477768003361346,0.0016216948051260504,0.0034986857556974786,0.0037182020541848726,0.0027875870674509795,0.003435986829831932,0.09398728133180578,0.0011374378045714284,0.0020889882577310916,0.0012120434155966384,0.005649395842554622,0.0035917395802352948,0.03116188569544817,0.24479660448158747
2026-07-03 07:33:42.632999897,4751.304615384615,3237.2215384615383,4721.815384615387,4653.806153846149,4180.387692307694,4261.781538461542,177650.4923076923,2312.547692307693,4026.8461538461515,2399.7630769230773,10856.44,4395.449230769234,60054.33538461537,457930.1046153845,0.019633968157820224,0.009718297761113322,0.005432120887845029,0.0064901940474024755,0.006852105183158535,0.0005847840267397617,0.0073870083028598705,0.03737267470704771,200706.95087114387,212552.82114143562,220144.31911555986,193351.20290588005,133394.89467216792,43695.65506142267,87806.00725435057,887024.7214447143,195594.30969781475,207934.3548328947,184598.60920261065,187611.0277905684,128931.77085908613,0.0,68680.96047897979,822162.4999285993,0.0,0.0,0.0,0.0,0.0,0.0,0.0,0.0,0.00447315191873069,0.002537002240897866,0.004565944308827847,0.004470251951178964,0.004016641328742582,0.00419140118383191,0.1675817008968422,0.0019594027243886175,0.0036298226944633336,0.00195468194849685,0.01015669145047,0.0043220768922818086,0.04829320812602312,0.4254208718707614,0.003755859210577031,0.0016216948051260504,0.0034986857556974786,0.003726544699176468,0.002794451537647059,0.003447691292862745,0.09412524059223527,0.0011374378045714284,0.0020889882577310916,0.0012120434155966384,0.005649395842554622,0.0035917395802352948,0.031130285413842638,0.24526773931110463
2026-07-03 07:33:57.632999897,4751.304615384615,3193.6492307692283,4720.824615384611,4653.806153846149,4180.387692307694,4261.781538461542,177749.38153846154,2304.0861538461527,4030.990769230771,2406.732307692308,10864.935384615379,4407.15692307692,59848.123076923046,457248.5353846152,0.019633968157820224,0.009718297761113322,0.005432120887845029,0.0064901940474024755,0.006852105183158535,0.0005847840267397617,0.007049927749372217,0.03723010961727294,200706.95087114387,212552.82114143562,220144.31911555986,193351.20290588005,133394.89467216792,43695.65506142267,83799.28405716954,877722.4267019274,195594.30969781475,207934.3548328947,184598.60920261065,187611.0277905684,128931.77085908613,0.0,65546.94258930783,813465.8385689533,0.0,0.0,0.0,0.0,0.0,0.0,0.0,0.0,0.004479928448202236,0.0025408424771783534,0.004572853661470123,0.00447701642831311,0.004022722048762906,0.004197744296636788,0.16783389259280182,0.0019623680414617884,0.003635291187897677,0.001957639884980589,0.010171976714611414,0.0043286171478712394,0.04837980967348379,0.4260612491843978,0.003755859210577031,0.0016201632107114838,0.0035074617918039205,0.003726544699176468,0.002794451537647059,0.003447691292862745,0.09428972900513538,0.0011402170326274509,0.0020947923277198875,0.0012180745657366947,0.005671921776907563,0.0036009995019495793,0.031156112624895992,0.24566778273554365
2026-07-03 07:34:12.632999897,4762.683076923072,3193.6492307692283,4720.824615384611,4658.344615384613,4190.246153846154,4277.756923076926,177830.4430769231,2304.0861538461527,4030.990769230771,2406.732307692308,10864.935384615379,4407.15692307692,59454.42153846152,457171.9046153845,0.019633968157820224,0.009285923771005553,0.005347361805494047,0.0064901940474024755,0.006852105183158535,0.0005847840267397617,0.00697344619117458,0.03652465541600441,200706.95087114387,199420.91507905538,235144.07129409944,193351.20290588005,133394.89467216792,43695.65506142267,90884.42068410842,854929.5957155916,195594.30969781475,194871.16485647726,196584.41110568796,187611.0277905684,128931.77085908613,0.0,72474.99645171972,790390.9704986977,0.0,0.0,0.0,0.0,0.0,0.0,0.0,0.0,0.004486880416706465,0.002541330176729091,0.004579799007419494,0.004483397687042425,0.004028960217079698,0.004204727699263939,0.16810300203645362,0.001963059325841414,0.003641153869740964,0.0019606552644973736,0.010186736713697289,0.004335966851935757,0.04835489027707469,0.42659914244795805,0.0037666038374901947,0.0016201632107114838,0.0035074617918039205,0.0037339472419495785,0.0028025712832773103,0.003457534099450981,0.09442986885058824,0.0011402170326274509,0.0020947923277198875,0.0012180745657366947,0.005671921776907563,0.0036009995019495793,0.03112469937789582,0.24612393572779018
2026-07-03 07:34:27.632999897,4762.683076923072,3156.876923076921,4735.944615384615,4658.344615384613,4190.246153846154,4277.756923076926,177969.19999999998,2285.726153846154,4039.6861538461517,2407.3169230769226,10833.827692307694,4417.083076923073,59296.43999999999,457581.2953846154,0.019633968157820224,0.008602749736717583,0.005347361805494047,0.006462980660484052,0.006520065782345536,0.0005906783543516113,0.006919278814844497,0.03560446346540466,200706.95087114387,208065.6011839296,235144.07129409944,183344.1001281761,126930.84315595304,62985.192801337325,97942.27057650183,835403.7622191595,195594.30969781475,203287.87935191666,196584.41110568796,177912.56880042222,122683.99345382511,0.0,78094.90534330982,769329.8529455615,0.0,0.0,0.0,0.0,0.0,0.0,0.0,0.0,0.004493657211655959,0.0025451653474361613,0.00458670841297505,0.004490161586032323,0.004035041176170606,0.004211071781587172,0.16835521915392349,0.0019660212096797975,0.0036466229560863463,0.001963613286719596,0.010202021189098895,0.0043425083287034335,0.04844018863384896,0.4272393658606086,0.0037666038374901947,0.0016186102795238088,0.003517680392268906,0.0037339472419495785,0.0028025712832773103,0.003457534099450981,0.09459961953900528,0.0011424257437815126,0.002102212974565825,0.0012242124504761906,0.005686561606308121,0.0036112897307450974,0.031155172994770802,0.24671403121146357
2026-07-03 07:34:42.632999897,4765.156923076922,3156.876923076921,4735.944615384615,4678.81846153846,4190.889230769229,4289.950769230768,178042.16923076924,2285.726153846154,4039.6861538461517,2407.3169230769226,10833.827692307694,4417.083076923073,58882.603076923064,457334.3907692307,0.019633968157820224,0.009062615813096855,0.0051190088994618925,0.006462980660484052,0.005878614444444446,0.0005906783543516113,0.006919278814844497,0.03518584728591995,200706.95087114387,219187.8951683244,216918.86878878137,183344.1001281761,110282.52444444447,62985.192801337325,97942.27057650183,813591.6375130904,195594.30969781475,214154.77683401154,181349.58570871057,177912.56880042222,106614.32888888891,0.0,78094.90534330982,748746.194601947,0.0,0.0,0.0,0.0,0.0,0.0,0.0,0.0,0.004500434006605455,0.0025490005181432315,0.004593617818530605,0.004496925485022222,0.004041122135261516,0.004217415863910404,0.1686074362713934,0.0019689830935181816,0.0036520920424317274,0.001966571308941818,0.010217305664500501,0.00434904980547111,0.048525486990623215,0.42787958927325925,0.003774778624638656,0.0016186102795238088,0.003517680392268906,0.003745751257563025,0.0028093271052549006,0.003467742259831933,0.09473805279862743,0.0011424257437815126,0.002102212974565825,0.0012242124504761906,0.005686561606308121,0.0036112897307450974,0.03112317952511914,0.24715916653837003
2026-07-03 07:34:57.632999897,4765.156923076922,3118.639999999997,4739.406153846157,4678.81846153846,4190.889230769229,4289.950769230768,178317.58461538464,2217.3907692307707,4043.61538461538,2380.9261538461533,10844.203076923077,4429.895384615379,58672.71384615384,456884.99999999994,0.019164473613959957,0.009062615813096855,0.0051190088994618925,0.006462980660484052,0.006246558950550441,0.0005906783543516113,0.006919278814844497,0.03473873215246576,216655.43267125956,219187.8951683244,216918.86878878137,183344.1001281761,111190.86973059442,62985.192801337325,97942.27057650183,808965.0785122671,211116.6814056635,214154.77683401154,181349.58570871057,177912.56880042222,107493.45276985597,0.0,78094.90534330982,745444.2088428127,0.0,0.0,0.0,0.0,0.0,0.0,0.0,0.0,0.0045072108015549485,0.002552835688850303,0.004600527224086162,0.0045036893840121215,0.0040472030943524235,0.004223759946233636,0.16885965338886325,0.0019719449773565657,0.003657561128777109,0.001969529331164041,0.010232590139902109,0.004355591282238788,0.04861078534739749,0.4285198126859099,0.003774778624638656,0.0016167596894117644,0.0035282775960000005,0.003745751257563025,0.0028093271052549006,0.003467742259831933,0.09494940844023653,0.0011337019952941175,0.0021099569072941166,0.0012230772574117644,0.005705536983025209,0.003623765851540615,0.031150069811475084,0.2475689497338336
2026-07-03 07:35:12.632999897,4766.692307692309,3118.639999999997,4739.406153846157,4698.710769230775,4191.218461538457,4314.929230769232,178402.01230769232,2217.3907692307707,4043.61538461538,2380.9261538461533,10844.203076923077,4429.895384615379,58284.24307692306,456474.6615384616,0.01778360023289821,0.009062615813096855,0.0051190088994618925,0.006150625294782606,0.006246558950550441,0.0005906783543516113,0.006919278814844497,0.033776681617161,198410.89465800853,219187.8951683244,216918.86878878137,174483.09365868592,111190.86973059442,62985.192801337325,97942.27057650183,795953.0269869803,193338.9335573423,214154.77683401154,181349.58570871057,169314.06782852273,107493.45276985597,0.0,78094.90534330982,733450.7203920366,0.0,0.0,0.0,0.0,0.0,0.0,0.0,0.0,0.004514675955363252,0.0025529664273262046,0.0046071580435653615,0.004512810065401305,0.0040541511765632525,0.004231209307527611,0.1691301506351015,0.001972019647236245,0.0036638288645970047,0.001971955923785241,0.010244073698436424,0.004363170608769276,0.048593529455961154,0.42908741501056336,0.0037823917289243687,0.0016167596894117644,0.0035282775960000005,0.00375916668627451,0.0028175830349243683,0.0034817102773557424,0.09509133420611765,0.0011337019952941175,0.0021099569072941166,0.0012230772574117644,0.005705536983025209,0.003623765851540615,0.031127788128111934,0.2480344725740979
2026-07-03 07:35:27.632999897,4766.692307692309,3080.6000000000004,4739.13846153846,4698.710769230775,4191.218461538457,4314.929230769232,178605.96615384615,2165.390769230768,4052.036923076927,2355.5600000000004,10802.969230769218,4446.421538461538,58079.55999999999,457223.1292307692,0.01778360023289821,0.009062615813096855,0.0051190088994618925,0.006122145972047904,0.006246558950550441,0.0005898211874669053,0.006919278814844497,0.03395057394640011,198410.89465800853,219187.8951683244,216918.86878878137,165530.365674658,111190.86973059442,69676.1953397322,97942.27057650183,796167.8159555802,193338.9335573423,214154.77683401154,181349.58570871057,160626.56257312428,107493.45276985597,0.0,78094.90534330982,733981.1529366124,0.0,0.0,0.0,0.0,0.0,0.0,0.0,0.0,0.004521453785684537,0.0025567960352579316,0.004614067030011145,0.004519577498634237,0.0040602334406194774,0.004237555053009538,0.1693823950697322,0.0019749771989430722,0.0036692991450361263,0.0019749131481828315,0.010259352492348599,0.004369713641901807,0.0486776419691898,0.42972753006245956,0.0037823917289243687,0.0016147426968851537,0.0035355050164705866,0.00375916668627451,0.0028175830349243683,0.0034817102773557424,0.09528590287063803,0.0011274123813333331,0.0021173996931428576,0.0012222512271820728,0.005717483759058821,0.0036384313744873952,0.03115277415457224,0.2487099857575192
2026-07-03 07:35:42.632999897,4764.735384615384,3080.6000000000004,4739.13846153846,4706.350769230769,4196.313846153843,4323.113846153853,178635.22461538462,2165.390769230768,4052.036923076927,2355.5600000000004,10802.969230769218,4446.421538461538,57668.93846153846,457857.31384615373,0.01778360023289821,0.008635677240838502,0.0050460925688658185,0.006122145972047904,0.006246558950550441,0.0005898211874669053,0.006603855695209092,0.03306136644519371,198410.89465800853,208861.98386970785,200424.60250474818,165530.365674658,111190.86973059442,69676.1953397322,90550.30306296537,795404.8058657838,193338.9335573423,204065.97504108024,163420.46359149195,160626.56257312428,107493.45276985597,0.0,72200.87205336738,726683.9736062769,0.0,0.0,0.0,0.0,0.0,0.0,0.0,0.0,0.0045282316160058225,0.0025606256431896586,0.0046209760164569276,0.004526344931867168,0.004066315704675702,0.004243900798491465,0.16963463950436297,0.001977934750649899,0.003674769425475249,0.001977870372580422,0.010274631286260775,0.004376256675034337,0.04876175448241843,0.43036764511435577,0.0037881515938375343,0.0016147426968851537,0.0035355050164705866,0.0037692537939999987,0.002823166166733893,0.003491890229691877,0.09541539426549019,0.0011274123813333331,0.0021173996931428576,0.0012222512271820728,0.005717483759058821,0.0036384313744873952,0.031117935746527922,0.24930475575579575
2026-07-03 07:35:57.632999897,4764.735384615384,3041.144615384615,4735.113846153849,4706.350769230769,4196.313846153843,4323.113846153853,178800.99692307695,2127.904615384615,4056.396923076923,2329.6430769230765,10817.027692307694,4482.676923076922,57483.012307692305,457288.9107692307,0.01778360023289821,0.00852239454317479,0.0050460925688658185,0.006029054010778367,0.0060469849442167335,0.0005898211874669053,0.006521692680790141,0.0323733017307122,198410.89465800853,206122.1351801038,200424.60250474818,172436.52932941724,104712.52443383347,69676.1953397322,95253.01539480573,799369.5536817382,193338.9335573423,201389.0403306551,163420.46359149195,167159.73392623497,101230.53113005354,0.0,76086.45022061259,730528.5526842701,0.0,0.0,0.0,0.0,0.0,0.0,0.0,0.0,0.004535009446327109,0.0025644552511213856,0.004627885002902711,0.004533112365100101,0.004072397968731928,0.004250246543973393,0.1698868839389937,0.0019808923023567266,0.0036802397059143704,0.0019808275969780123,0.010289910080172953,0.004382799708166867,0.04884586699564707,0.431007760166252,0.0037881515938375343,0.0016126181928963585,0.0035442872246722688,0.0037692537939999987,0.002823166166733893,0.003491890229691877,0.09559146351084967,0.0011240459623641458,0.0021241897176918767,0.001221173087551821,0.005736603584683471,0.0036540855551596627,0.031142513991628085,0.24972854329095612
2026-07-03 07:36:12.632999897,4763.058461538462,3041.144615384615,4735.113846153849,4713.495384615383,4212.670769230768,4342.713846153841,178890.52615384612,2127.904615384615,4056.396923076923,2329.6430769230765,10817.027692307694,4482.676923076922,57095.80307692307,457141.646153846,0.01778360023289821,0.008447061124265702,0.0050460925688658185,0.006029054010778367,0.0060469849442167335,0.0005743993671761635,0.006521692680790141,0.03127185139506441,198410.89465800853,211118.2521425483,200424.60250474818,172436.52932941724,104712.52443383347,63885.80793229069,95253.01539480573,771246.5035862116,193338.9335573423,192891.4956407246,163420.46359149195,167159.73392623497,101230.53113005354,0.0,76086.45022061259,701584.9291184467,0.0,0.0,0.0,0.0,0.0,0.0,0.0,0.0,0.0045401001643001,0.0025642623802527944,0.004633473292861378,0.004539796378638423,0.0040783559016512975,0.004258236293813474,0.1701460822186748,0.0019806122105016965,0.003685968483081349,0.0019827561604623756,0.010299843850951984,0.004393833635628143,0.04882628885990121,0.4316995630372136,0.0037960964533949562,0.0016126181928963585,0.0035442872246722688,0.0037809524828795503,0.0028336202866162457,0.003505800328134453,0.09573421324730531,0.0011240459623641458,0.0021241897176918767,0.001221173087551821,0.005736603584683471,0.0036540855551596627,0.031122259667061503,0.25016950448346603
2026-07-03 07:36:27.632999897,4763.058461538462,3003.7815384615387,4726.240000000004,4713.495384615383,4212.670769230768,4342.713846153841,179000.5569230769,2093.787692307693,4062.387692307689,2306.2707692307686,10785.876923076921,4508.941538461536,56880.116923076916,457181.9938461538,0.01688861699974413,0.007607374002938129,0.004782421091276515,0.006029054010778367,0.005946930118391532,0.0005743993671761635,0.006521692680790141,0.030772342597556405,210301.46151819165,194825.677189118,189951.89508480608,172436.52932941724,109581.09631867844,63885.80793229069,95253.01539480573,758701.3919347824,204853.96656877385,176228.66415852815,154881.31879471254,167159.73392623497,105850.85221137526,0.0,76086.45022061259,689329.432256451,0.0,0.0,0.0,0.0,0.0,0.0,0.0,0.0,0.004546875472184331,0.0025680859845442112,0.0046403803093284434,0.0045465636875206585,0.004084437980493612,0.00426458449790529,0.17039833699149223,0.0019835649335555885,0.0036914391477638887,0.001985711850582136,0.010315114702142457,0.004400383363173053,0.048909304690048415,0.4323397549146937,0.0037960964533949562,0.001610735470789916,0.0035556041425882346,0.0037809524828795503,0.0028336202866162457,0.003505800328134453,0.09591158622196201,0.0011214153862016804,0.002132293074689075,0.0012206900263697477,0.005749130141310924,0.003668054614313725,0.031150312419985803,0.2507111879524724
2026-07-03 07:36:42.632999897,4760.670769230765,3003.7815384615387,4726.240000000004,4728.116923076923,4217.34769230769,4336.452307692304,179055.6523076923,2093.787692307693,4062.387692307689,2306.2707692307686,10785.876923076921,4508.941538461536,56445.27999999999,456941.89538461535,0.01688861699974413,0.007990958023200047,0.004685135318459223,0.005862381256523832,0.005946930118391532,0.0005743993671761635,0.006342824584125274,0.030493253577011478,210301.46151819165,204649.30574709206,190276.32221779876,162442.76135631962,109581.09631867844,63885.80793229069,89979.99764519873,753061.0251504179,204853.96656877385,185114.58188220096,154739.3354087218,157471.78902384045,105850.85221137526,0.0,71874.45545220595,684184.8937436962,0.0,0.0,0.0,0.0,0.0,0.0,0.0,0.0,0.004553650780068562,0.002571909588835629,0.0046472873257955094,0.004553330996402895,0.004090520059335928,0.004270932701997107,0.17065059176430974,0.0019865176566094805,0.003696909812446428,0.001988667540701896,0.010330385553332934,0.0044069330907179636,0.048992320520195615,0.43297994679217383,0.0038021342449187667,0.001610735470789916,0.0035556041425882346,0.0037941303723305294,0.002840768649411764,0.003512914133221287,0.09604606773863865,0.0011214153862016804,0.002132293074689075,0.0012206900263697477,0.005749130141310924,0.003668054614313725,0.031116987765227328,0.25117076822837436
2026-07-03 07:36:57.632999897,4760.670769230765,2962.292307692307,4718.083076923073,4728.116923076923,4217.34769230769,4336.452307692304,179134.11384615384,2057.0153846153826,4059.513846153851,2279.9723076923074,10804.876923076918,4536.720000000006,56232.24307692309,456387.10769230756,0.015541366247203285,0.007990958023200047,0.004685135318459223,0.005862381256523832,0.005946930118391532,0.0005743993671761635,0.006182452911012614,0.029516306009417063,190427.54833511423,204649.30574709206,190276.32221779876,162442.76135631962,109581.09631867844,63885.80793229069,77025.79341964,723409.6257558897,185494.85266910805,185114.58188220096,154739.3354087218,157471.78902384045,105850.85221137526,0.0,58760.43180812034,656889.4922972149,0.0,0.0,0.0,0.0,0.0,0.0,0.0,0.0,0.004560426087952795,0.002575733193127046,0.0046541943422625754,0.00456009830528513,0.0040966021381782436,0.004277280906088923,0.17090284653712717,0.001989470379663373,0.0037023804771289673,0.0019916232308216566,0.01034565640452341,0.004413482818262873,0.04907533635034282,0.433620138669654,0.0038021342449187667,0.0016084814400000001,0.003568820356739494,0.0037941303723305294,0.002840768649411764,0.003512914133221287,0.09622267677941361,0.001118193373333333,0.0021385021676190476,0.0012195440285714283,0.0057694453319831925,0.0036794445430588236,0.031144900605983433,0.2516855086752441
2026-07-03 07:37:12.632999897,4762.759999999997,2962.292307692307,4718.083076923073,4736.599999999994,4227.738461538459,4343.301538461539,179204.58769230766,2057.0153846153826,4059.513846153851,2279.9723076923074,10804.876923076918,4536.720000000006,55823.36923076924,456170.7169230769,0.015541366247203285,0.007717938706408949,0.004685135318459223,0.0054529721029012365,0.005946930118391532,0.000560780034117272,0.006182452911012614,0.02904270011187181,190427.54833511423,207686.12762769795,190276.32221779876,140633.2907093152,109581.09631867844,68008.43208686597,77025.79341964,705435.5687275276,185494.85266910805,188577.94734577887,154739.3354087218,136154.0030324867,105850.85221137526,0.0,58760.43180812034,640023.3919557063,0.0,0.0,0.0,0.0,0.0,0.0,0.0,0.0,0.0045660620715354166,0.002575453016630159,0.004661935316485516,0.00456757034672619,0.004103210795987102,0.004284315630954167,0.17116775634561043,0.0019892142797508926,0.003708454523340829,0.0019935333337505958,0.010356140442564693,0.004424119180441369,0.04906300174117087,0.4342049713917613,0.003811918016280112,0.0016084814400000001,0.003568820356739494,0.0038045899397647046,0.00284972701837535,0.0035224854167675073,0.09636241530285714,0.001118193373333333,0.0021385021676190476,0.0012195440285714283,0.0057694453319831925,0.0036794445430588236,0.031118019467569594,0.2521312460178018
2026-07-03 07:37:27.632999897,4762.759999999997,2922.7107692307723,4727.679999999997,4736.599999999994,4227.738461538459,4343.301538461539,179303.23999999996,2023.039999999998,4065.9384615384615,2255.1292307692306,10765.824615384621,4549.027692307692,55625.338461538464,456345.9384615385,0.015541366247203285,0.007717938706408949,0.004685135318459223,0.005728977758808919,0.005692305634136889,0.000560780034117272,0.006182452911012614,0.028277724754579986,190427.54833511423,207686.12762769795,190276.32221779876,147751.53428588304,104889.25875228232,68008.43208686597,77025.79341964,682486.6866605097,185494.85266910805,188577.94734577887,154739.3354087218,143045.5246104981,101318.72923100203,0.0,58760.43180812034,617869.6598319632,0.0,0.0,0.0,0.0,0.0,0.0,0.0,0.0,0.004572835686118751,0.002579270532503174,0.004668843567477579,0.004574338699900793,0.0041092936580902776,0.004290664856152579,0.17142002981207988,0.0019921622455247017,0.0037139260795538464,0.0019964874736315475,0.010371404222643588,0.004430674963675495,0.04914501323936837,0.4348450815865345,0.003811918016280112,0.0016058888524257706,0.0035836714706106425,0.0038045899397647046,0.00284972701837535,0.0035224854167675073,0.09653702699516338,0.0011153989742577026,0.002146333224711485,0.001218635558935574,0.005782519055238095,0.003684343095490195,0.031141905205007803,0.25269592634280624
2026-07-03 07:37:42.632999897,4757.981538461536,2922.7107692307723,4727.679999999997,4750.1692307692265,4235.421538461535,4351.430769230774,179361.17846153845,2023.039999999998,4065.9384615384615,2255.1292307692306,10765.824615384621,4549.027692307692,55209.16615384615,456488.80615384615,0.014494696972559918,0.007717938706408949,0.004685135318459223,0.005540803183804496,0.0056179690076569935,0.000560780034117272,0.006182452911012614,0.028016422904412815,171296.79947697202,207686.12762769795,190276.32221779876,138143.25338786942,103519.49504829882,68008.43208686597,77025.79341964,687139.3199900198,166641.427291932,188577.94734577887,154739.3354087218,133743.27547782898,99995.59357835983,0.0,58760.43180812034,620116.4783795993,0.0,0.0,0.0,0.0,0.0,0.0,0.0,0.0,0.004579609300702083,0.002583088048376191,0.004675751818469643,0.0045811070530753974,0.004115376520193452,0.004297014081350992,0.1716723032785493,0.001995110211298512,0.0037193976357668642,0.0019994416135125,0.010386668002722484,0.004437230746909624,0.049227024737565864,0.4354851917813076,0.0038194012941176465,0.0016058888524257706,0.0035836714706106425,0.003816381343249298,0.0028575577536246485,0.0035311775802352938,0.09667679352318767,0.0011153989742577026,0.002146333224711485,0.001218635558935574,0.005782519055238095,0.003684343095490195,0.031110008975618848,0.2532060670466745
2026-07-03 07:37:57.632999897,4757.981538461536,2880.107692307691,4754.486153846148,4750.1692307692265,4235.421538461535,4351.430769230774,179499.75076923074,1984.1415384615377,4067.2984615384603,2226.2400000000016,10774.772307692305,4553.393846153847,55020.41230769229,456320.1169230768,0.014494696972559918,0.007717938706408949,0.004569354052442575,0.005540803183804496,0.005534331088194179,0.0005699475066742063,0.006182452911012614,0.02680702478415968,171296.79947697202,207686.12762769795,202223.72675946375,138143.25338786942,84232.1940983237,61781.45247257201,77025.79341964,685102.3216201843,166641.427291932,188577.94734577887,163267.38876685567,133743.27547782898,81373.13790177485,0.0,58760.43180812034,618541.9659160388,0.0,0.0,0.0,0.0,0.0,0.0,0.0,0.0,0.004586382915285418,0.0025869055642492064,0.004682660069461705,0.00458787540625,0.004121459382296626,0.004303363306549404,0.1719245767450187,0.0019980581770723213,0.0037248691919798817,0.002002395753393452,0.010401931782801379,0.004443786530143749,0.049309036235763354,0.4361253019760808,0.0038194012941176465,0.0016030727535126048,0.0035982783879831915,0.003816381343249298,0.0028575577536246485,0.0035311775802352938,0.09684961073460191,0.0011119475141848738,0.0021540008964705884,0.0012172208601680674,0.005801922549915965,0.003688401025355742,0.03113222036754197,0.2537186216681867
2026-07-03 07:38:12.632999897,4770.870769230771,2880.107692307691,4754.486153846148,4758.476923076922,4244.076923076922,4376.707692307691,179602.7815384615,1984.1415384615377,4067.2984615384603,2226.2400000000016,10774.772307692305,4553.393846153847,54648.06461538461,456416.763076923,0.013716905527003614,0.00680094365002135,0.004569354052442575,0.005540803183804496,0.005534331088194179,0.0005699475066742063,0.005878811795657123,0.025903976132120355,159885.43169464442,216411.53102561118,202223.72675946375,138143.25338786942,84232.1940983237,61781.45247257201,83714.92519731417,690940.1379184782,155540.18885428167,196385.78553154683,163267.38876685567,133743.27547782898,81373.13790177485,0.0,63964.314603212,617152.745602293,0.0,0.0,0.0,0.0,0.0,0.0,0.0,0.0,0.004592884065839645,0.0025860821300860946,0.004692814728571893,0.004594956322040829,0.004127680129077811,0.004309973195593787,0.17218835789592882,0.0019976702219274157,0.0037313378200962742,0.002003952062189152,0.010413139050328334,0.004449986691511439,0.04929821912160715,0.4367262413628703,0.0038311860562184885,0.0016030727535126048,0.0035982783879831915,0.0038260676516302513,0.0028660319690420157,0.0035425273800560216,0.0969938404794958,0.0011119475141848738,0.0021540008964705884,0.0012172208601680674,0.005801922549915965,0.003688401025355742,0.031104698244730042,0.25423929062115647
2026-07-03 07:38:27.632999897,4770.870769230771,2835.556923076924,4761.526153846156,4758.476923076922,4244.076923076922,4376.707692307691,179790.41538461533,1941.2184615384592,4070.5907692307655,2194.0615384615385,10761.221538461541,4553.581538461535,54426.60615384615,456323.3046153845,0.013716905527003614,0.0071880382274173244,0.004332329888194061,0.005540803183804496,0.005534331088194179,0.0005766991607014813,0.0056203559369548415,0.025983736392575143,159885.43169464442,228729.19375844556,191733.86117315418,138143.25338786942,84232.1940983237,45205.97729621272,76135.8681386965,697970.574804581,155540.18885428167,207563.6273971638,154798.28877430537,133743.27547782898,81373.13790177485,0.0,58173.36168829894,622828.1323802021,0.0,0.0,0.0,0.0,0.0,0.0,0.0,0.0,0.004599657277871203,0.002589892802176825,0.004699727760623176,0.004601725135650297,0.0041337631956458575,0.004316322806540532,0.17244064825573274,0.002000613271237081,0.00373681084068451,0.0020069041420708094,0.010428396873367548,0.004456541950880277,0.04937930070504093,0.4373662941457135,0.0038311860562184885,0.0016013584409803924,0.0036081658261288524,0.0038260676516302513,0.0028660319690420157,0.0035425273800560216,0.09717961596143915,0.001109930450313725,0.002162020827921568,0.0012172104565490195,0.005822351335361344,0.003690131973848739,0.031126362325240242,0.25472761045569003
2026-07-03 07:38:42.632999897,4768.667692307695,2835.556923076924,4761.526153846156,4768.310769230766,4248.396923076923,4400.627692307691,179862.9292307692,1941.2184615384592,4070.5907692307655,2194.0615384615385,10761.221538461541,4553.581538461535,54026.79692307692,456493.2923076922,0.013716905527003614,0.0068392858439327645,0.0043534892320202185,0.005540803183804496,0.005534331088194179,0.0005766991607014813,0.0056203559369548415,0.025352939592056208,159885.43169464442,217631.610666651,182470.10393829946,138143.25338786942,84232.1940983237,45205.97729621272,76135.8681386965,685610.1526913572,155540.18885428167,197492.96451402118,147319.09986733893,133743.27547782898,81373.13790177485,0.0,58173.36168829894,611517.7416802465,0.0,0.0,0.0,0.0,0.0,0.0,0.0,0.0,0.0046064304899027615,0.002593703474267554,0.004706640792674457,0.004608493949259764,0.004139846262213905,0.004322672417487278,0.17269293861553667,0.002003556320546745,0.0037422838612727453,0.0020098562219524655,0.010443654696406762,0.004463097210249112,0.049460382288474714,0.43800634692855667,0.003839815461859944,0.0016013584409803924,0.0036081658261288524,0.0038378032621008387,0.002872974169904761,0.0035535117182745085,0.09731911717568625,0.001109930450313725,0.002162020827921568,0.0012172104565490195,0.005822351335361344,0.003690131973848739,0.031095347283939728,0.255219521674344
2026-07-03 07:38:57.632999897,4768.667692307695,2787.6399999999994,4770.747692307697,4768.310769230766,4248.396923076923,4400.627692307691,180150.06769230767,1878.5999999999995,4068.8923076923083,2154.0584615384614,10775.812307692295,4563.396923076926,53803.57846153846,456147.1999999999,0.013716905527003614,0.006804308381955306,0.0043534892320202185,0.005540803183804496,0.005424918001348075,0.0005792862187185303,0.0056203559369548415,0.02511730496644075,159885.43169464442,207911.19965846022,182470.10393829946,138143.25338786942,85813.93333126514,42512.08249334945,76135.8681386965,675829.0196740241,155540.18885428167,188679.32261277927,147319.09986733893,133743.27547782898,82768.12783610987,0.0,58173.36168829894,602732.20988522,0.0,0.0,0.0,0.0,0.0,0.0,0.0,0.0,0.0046132037019343194,0.002597514146358284,0.00471355382472574,0.004615262762869231,0.004145929328781952,0.0043290220284340234,0.1729452289753406,0.00200649936985641,0.00374775688186098,0.002012808301834123,0.01045891251944598,0.004469652469617949,0.04954146387190849,0.4386463997113998,0.003839815461859944,0.001597547956168067,0.003615465172991596,0.0038378032621008387,0.002872974169904761,0.0035535117182745085,0.09752880602163459,0.0011023824154173668,0.002169178175372549,0.0012127446784985995,0.0058431367023921545,0.003695931625232492,0.031105767842115845,0.25572072579817196
2026-07-03 07:39:12.632999897,4778.473846153842,2787.6399999999994,4770.747692307697,4777.643076923078,4273.892307692307,4440.28923076923,180269.47076923074,1878.5999999999995,4068.8923076923083,2154.0584615384614,10775.812307692295,4563.396923076926,53444.74153846154,456342.0830769229,0.013716905527003614,0.006804308381955306,0.0043534892320202185,0.0052954507103599195,0.005424918001348075,0.0005792862187185303,0.0056203559369548415,0.024061252894056914,159885.43169464442,207911.19965846022,182470.10393829946,136860.10402061683,85813.93333126514,42512.08249334945,76135.8681386965,664152.4126683007,155540.18885428167,188679.32261277927,147319.09986733893,132488.68663148658,82768.12783610987,0.0,58173.36168829894,592981.4143813652,0.0,0.0,0.0,0.0,0.0,0.0,0.0,0.0,0.00462037188775451,0.0025961975986891176,0.004719738817459608,0.0046222964244197065,0.004151855479829118,0.004338292651329411,0.17320461433071596,0.002006879099150784,0.0037539623986123784,0.0020146610497967644,0.010473409685549315,0.0044748935548463735,0.049528814206012815,0.43926195950416,0.0038510461163025187,0.001597547956168067,0.003615465172991596,0.003847908294745097,0.002883823904761905,0.003566024526016807,0.09767372681712043,0.0011023824154173668,0.002169178175372549,0.0012127446784985995,0.0058431367023921545,0.003695931625232492,0.03107462603461958,0.25625916896293616
2026-07-03 07:39:27.632999897,4778.473846153842,2743.6215384615384,4792.258461538461,4777.643076923078,4273.892307692307,4440.28923076923,180593.04923076922,1819.0615384615385,4065.926153846155,2123.7876923076947,10767.412307692312,4572.48615384615,53256.58153846153,456478.8676923077,0.011872860867504144,0.006804308381955306,0.0043534892320202185,0.0052954507103599195,0.005424918001348075,0.0005792862187185303,0.0056203559369548415,0.023811534376382056,131590.7305777891,207911.19965846022,182470.10393829946,136860.10402061683,85813.93333126514,42512.08249334945,76135.8681386965,668284.1556226821,127808.16453042098,188679.32261277927,147319.09986733893,132488.68663148658,82768.12783610987,0.0,58173.36168829894,594395.730340653,0.0,0.0,0.0,0.0,0.0,0.0,0.0,0.0,0.004627145679911373,0.0026000007550616667,0.00472665078216549,0.0046290656258902935,0.004157938316593823,0.004344646553290195,0.17345691505488753,0.0020098183922880384,0.0037594364887683232,0.0020176115189144118,0.010488666398999608,0.004481446889650294,0.04960902738321869,0.43990197661624575,0.0038510461163025187,0.001594142709915966,0.003624650967731091,0.003847908294745097,0.002883823904761905,0.003566024526016807,0.09788874067932461,0.0010947519918487396,0.0021760631721848738,0.0012112559811764706,0.005860177540257702,0.0037043755969075613,0.03109434852392137,0.2568706314500968
2026-07-03 07:39:42.632999897,4772.852307692307,2743.6215384615384,4792.258461538461,4793.7076923076975,4288.855384615383,4473.621538461536,180685.91999999998,1819.0615384615385,4065.926153846155,2123.7876923076947,10767.412307692312,4572.48615384615,52884.94769230768,456764.16923076916,0.011872860867504144,0.006804308381955306,0.004160237336719035,0.0052954507103599195,0.005120093554139202,0.0005792862187185303,0.005479493649971811,0.02346808572424951,131590.7305777891,207911.19965846022,166768.99589509514,136860.10402061683,80992.07523423551,42512.08249334945,62273.01518992448,668216.7989148077,127808.16453042098,188679.32261277927,128491.52925231535,132488.68663148658,78117.41259803879,0.0,44047.91843376537,593849.916889675,0.0,0.0,0.0,0.0,0.0,0.0,0.0,0.0,0.0046339194720682346,0.002603803911434216,0.004733562746871374,0.004635834827360882,0.004164021153358529,0.004351000455250979,0.17370921577905907,0.0020127576854252933,0.003764910578924268,0.002020561988032059,0.010503923112449902,0.004488000224454216,0.04968924056042458,0.44054199372833147,0.0038580966118319316,0.001594142709915966,0.003624650967731091,0.0038593612920616244,0.0028948893506218474,0.0035767468395294113,0.09803039002546217,0.0010947519918487396,0.0021760631721848738,0.0012112559811764706,0.005860177540257702,0.0037043755969075613,0.031063242359884443,0.2574115931024156
2026-07-03 07:39:57.632999897,4772.852307692307,2698.7569230769213,4801.452307692307,4793.7076923076975,4288.855384615383,4473.621538461536,181065.0615384615,1756.470769230771,4063.830769230769,2088.867692307693,10788.996923076918,4603.649230769223,52713.439999999995,456132.49230769224,0.011872860867504144,0.006804308381955306,0.0040277763546399566,0.0052954507103599195,0.005163702111604287,0.0005792862187185303,0.005479493649971811,0.022276909578557866,131590.7305777891,207911.19965846022,153960.10480286548,136860.10402061683,77395.91923251387,42512.08249334945,62273.01518992448,615296.2170348587,127808.16453042098,188679.32261277927,118624.27453676867,132488.68663148658,74648.89544570069,0.0,44047.91843376537,542436.3454657855,0.0,0.0,0.0,0.0,0.0,0.0,0.0,0.0,0.004640693264225098,0.0026076070678067646,0.004740474711577255,0.004642604028831471,0.004170103990123235,0.0043573543572117636,0.17396151650323058,0.0020156969785625487,0.003770384669080214,0.002023512457149706,0.010519179825900194,0.004494553559258137,0.049769453737630455,0.44118201084041725,0.0038580966118319316,0.0015906030315294111,0.00362950867145098,0.0038593612920616244,0.0028948893506218474,0.0035767468395294113,0.09824398996540927,0.0010866127770868348,0.002182158308862745,0.0012084096036414564,0.005882050932100839,0.0037186337457142836,0.031079671477346072,0.25793189864596444
2026-07-03 07:40:12.632999897,4774.403076923072,2698.7569230769213,4801.452307692307,4803.707692307693,4301.172307692312,4516.479999999996,181175.5446153846,1756.470769230771,4063.830769230769,2088.867692307693,10788.996923076918,4603.649230769223,52363.10153846154,456040.33538461535,0.011872860867504144,0.006517110646474857,0.0040277763546399566,0.004525755009979266,0.00500999538062811,0.0005907603384705296,0.005173531471990529,0.022396580084863487,131590.7305777891,195033.92507131436,153960.10480286548,117269.75054067573,81211.96408280157,46520.615925782084,58795.83489296971,622332.5340883215,127808.16453042098,174951.0522600364,118624.27453676867,103269.90077039014,78275.69966308416,0.0,41588.38514101193,549244.192151172,0.0,0.0,0.0,0.0,0.0,0.0,0.0,0.0,0.0046467576820522416,0.002606291849384113,0.004747394705039279,0.004649742619644737,0.004178994458415691,0.004368255802434113,0.17423412587472306,0.0020160479275840157,0.0037756181017452512,0.0020253299288436645,0.010534130145402228,0.004503234693157894,0.04977189789618946,0.4418369386694043,0.00386644178717647,0.0015906030315294111,0.00362950867145098,0.003869622331428572,0.0029048714122352944,0.0035891388038935563,0.09838608424497478,0.0010866127770868348,0.002182158308862745,0.0012084096036414564,0.005882050932100839,0.0037186337457142836,0.031049738120733462,0.2584181882607811
2026-07-03 07:40:27.632999897,4774.403076923072,2654.6123076923063,4801.1876923076925,4803.707692307693,4301.172307692312,4516.479999999996,181387.70461538463,1714.5907692307696,4064.609230769228,2066.655384615384,10767.224615384604,4629.230769230763,52165.45230769231,456318.6276923077,0.011872860867504144,0.006190437307280408,0.0040277763546399566,0.004792048830721278,0.00500999538062811,0.0005907603384705296,0.005240238785728558,0.021416232188490862,131590.7305777891,185257.7547689567,153960.10480286548,124169.86109904251,81211.96408280157,46520.615925782084,56070.1826613953,591409.7043855392,127808.16453042098,166181.54571985168,118624.27453676867,109346.26513018382,78275.69966308416,0.0,39660.434377602855,520458.9238908582,0.0,0.0,0.0,0.0,0.0,0.0,0.0,0.0,0.004653530438387524,0.002610087546752534,0.004754306680185477,0.0046565123589234906,0.004185081395550194,0.004374616345319102,0.1744864560694905,0.00201898345000117,0.0037810918425398247,0.0020282787475571157,0.01054938641526657,0.004509791125906432,0.049851322006727414,0.4424769775448889,0.00386644178717647,0.0015872230380728288,0.0036302415574229687,0.003869622331428572,0.0029048714122352944,0.0035891388038935563,0.09859515441416807,0.0010792581477198882,0.0021891087952044808,0.0012062207627338934,0.005896078885378148,0.0037321739243137237,0.03106118051454183,0.25905380377227405
2026-07-03 07:40:42.632999897,4769.729230769233,2654.6123076923063,4801.1876923076925,4808.566153846152,4299.87692307692,4529.104615384619,181421.26153846152,1714.5907692307696,4064.609230769228,2066.655384615384,10767.224615384604,4629.230769230763,51749.22769230768,457093.59076923074,0.011872860867504144,0.006108973424199472,0.0040277763546399566,0.004792048830721278,0.00500999538062811,0.0005833481778924828,0.005240238785728558,0.020905582092466558,131590.7305777891,182819.83070556528,153960.10480286548,124169.86109904251,81211.96408280157,63219.871760558875,56070.1826613953,583732.3714037371,127808.16453042098,163994.65756660124,118624.27453676867,109346.26513018382,78275.69966308416,0.0,39660.434377602855,505216.7115467291,0.0,0.0,0.0,0.0,0.0,0.0,0.0,0.0,0.004660303194722807,0.0026138832441209552,0.004761218655331677,0.004663282098202242,0.004191168332684698,0.004380976888204093,0.17473878626425796,0.0020219189724183235,0.003786565583334399,0.0020312275662705656,0.01056464268513091,0.004516347558654971,0.049930746117265376,0.4431170164203733,0.003875128702857142,0.0015872230380728288,0.0036302415574229687,0.003877497431882352,0.0029116872825322125,0.003595694091537307,0.09872601016779615,0.0010792581477198882,0.0021891087952044808,0.0012062207627338934,0.005896078885378148,0.0037321739243137237,0.0310223385717015,0.25974956761234647
2026-07-03 07:40:57.632999897,4769.729230769233,2611.012307692307,4809.827692307689,4808.566153846152,4299.87692307692,4529.104615384619,181412.1169230769,1705.8399999999983,4053.907692307692,2057.166153846152,10779.932307692314,4639.520000000002,51555.85846153844,456832.0153846153,0.011872860867504144,0.006142639494444047,0.0040277763546399566,0.004792048830721278,0.00500999538062811,0.0005833481778924828,0.005240238785728558,0.020548755612658464,131590.7305777891,189033.31673121924,153960.10480286548,124169.86109904251,81211.96408280157,63219.871760558875,56070.1826613953,565640.9077118596,127808.16453042098,170379.2481055031,118624.27453676867,109346.26513018382,78275.69966308416,0.0,39660.434377602855,503182.1765155951,0.0,0.0,0.0,0.0,0.0,0.0,0.0,0.0,0.004667075951058089,0.002617678941489376,0.004768130630477874,0.004670051837480994,0.0041972552698191995,0.0043873374310890835,0.17499111645902538,0.0020248544948354777,0.0037920393241289724,0.0020341763849840155,0.010579898954995252,0.004522903991403508,0.05001017022780333,0.44375705529585785,0.003875128702857142,0.0015831807833949576,0.003631848932420168,0.003877497431882352,0.0029116872825322125,0.003595694091537307,0.09888655531842147,0.0010804235496470586,0.0021964856174789917,0.0012078138450420163,0.00591286595864986,0.0037437741434621836,0.031033478474082235,0.2602665084938697
2026-07-03 07:41:12.632999897,4777.827692307694,2611.012307692307,4809.827692307689,4821.295384615384,4307.21538461539,4549.289230769233,181504.91999999995,1705.8399999999983,4053.907692307692,2057.166153846152,10779.932307692314,4639.520000000002,51181.83384615383,457022.51999999996,0.010055783673160713,0.006142639494444047,0.00393417606282073,0.004792048830721278,0.004839043254684626,0.0005833481778924828,0.005037989697646728,0.020120727514554838,104824.72703039694,189033.31673121924,145204.19957651614,124169.86109904251,75622.22699136085,63219.871760558875,59652.97375089949,563829.5193039167,101616.92044357398,170379.2481055031,111880.3530953483,109346.26513018382,72888.5612210117,0.0,42194.66994005937,495302.40075710596,0.0,0.0,0.0,0.0,0.0,0.0,0.0,0.0,0.004672455645517926,0.0026167879327454457,0.00477316709438188,0.0046761786412045534,0.004202611154025097,0.004396408917261144,0.17524720611626202,0.00202548662856124,0.003797701299089595,0.0020362462009567827,0.010593516334468978,0.004532188249059786,0.050005962623570155,0.44447289063991485,0.003886163679843137,0.0015831807833949576,0.003631848932420168,0.003887962304179271,0.0029207613152605044,0.0036040703008627458,0.09902773650890755,0.0010804235496470586,0.0021964856174789917,0.0012078138450420163,0.00591286595864986,0.0037437741434621836,0.03100229979317106,0.26079271051966385
2026-07-03 07:41:27.632999897,4777.827692307694,2572.599999999997,4823.030769230771,4821.295384615384,4307.21538461539,4549.289230769233,181585.33538461535,1705.240000000001,4050.273846153848,2055.3876923076923,10774.658461538449,4663.273846153844,51030.21538461538,456990.2646153846,0.009785103057527606,0.005823725575704834,0.003418480556247727,0.004792048830721278,0.004564605354641732,0.0005833481778924828,0.005037989697646728,0.01954304535803036,112844.85871775997,191056.30968065522,129654.19098979159,124169.86109904251,80257.73804998117,63219.871760558875,59652.97375089949,564857.4365733364,109119.31808479181,171124.39944792082,95503.66756175781,109346.26513018382,77282.31092171399,0.0,42194.66994005937,495108.6525819115,0.0,0.0,0.0,0.0,0.0,0.0,0.0,0.0,0.004679226379529554,0.002620576839237694,0.004780076353587306,0.004682947449828586,0.004208697030478585,0.004402773396427811,0.1754995417617341,0.002028418814607752,0.0038031753116136804,0.0020391937464994186,0.010608770240056646,0.0045387486303582365,0.050084639294154,0.4451130388749824,0.003886163679843137,0.001579621853081232,0.0036373335976694677,0.003887962304179271,0.0029207613152605044,0.0036040703008627458,0.09919924749748893,0.0010823098120280113,0.0022036765777198883,0.0012097314149915963,0.00592346445768067,0.0037601482999159662,0.031027786349757794,0.26141254736193886
2026-07-03 07:41:42.632999897,4785.313846153844,2572.599999999997,4823.030769230771,4836.529230769232,4308.830769230767,4561.249230769234,181670.43076923073,1705.240000000001,4050.273846153848,2055.3876923076923,10774.658461538449,4663.273846153844,50641.12615384615,457147.4553846153,0.009785103057527606,0.005823725575704834,0.003463897177315791,0.004792048830721278,0.004564605354641732,0.0005689262423513369,0.005037989697646728,0.01869925886701588,112844.85871775997,191056.30968065522,131376.72682557625,124169.86109904251,80257.73804998117,69038.31679420405,59652.97375089949,533657.7724305583,109119.31808479181,171124.39944792082,96772.49264614668,109346.26513018382,77282.31092171399,0.0,42194.66994005937,477257.7922369482,0.0,0.0,0.0,0.0,0.0,0.0,0.0,0.0,0.0046859971135411824,0.002624365745729942,0.004786985612792733,0.004689716258452616,0.004214782906932074,0.004409137875594477,0.1757518774072062,0.002031351000654263,0.0038086493241377647,0.002042141292042054,0.010624024145644315,0.004545309011656686,0.050163315964737845,0.4457531871100498,0.0038953499708235285,0.001579621853081232,0.0036373335976694677,0.0038982196288739495,0.0029270358168627447,0.00361230192582633,0.09933551004511483,0.0010823098120280113,0.0022036765777198883,0.0012097314149915963,0.00592346445768067,0.0037601482999159662,0.030989513609981208,0.26193948862172917
2026-07-03 07:41:57.632999897,4785.313846153844,2533.9507692307693,4849.716923076922,4836.529230769232,4308.830769230767,4561.249230769234,181756.30153846156,1704.4430769230778,4039.2676923076892,2051.8307692307703,10815.578461538467,4674.021538461531,50470.14769230768,456317.30153846147,0.009785103057527606,0.005823725575704834,0.0036333296854451176,0.004633297661243328,0.004564605354641732,0.0005689262423513369,0.004807350179428064,0.018240595085223094,112844.85871775997,191056.30968065522,137802.86686277212,113277.20587181156,80257.73804998117,69038.31679420405,56922.05647001567,510657.08107256907,109119.31808479181,171124.39944792082,101506.006751109,99753.99244898597,77282.31092171399,0.0,40262.99502001803,463911.9119729659,0.0,0.0,0.0,0.0,0.0,0.0,0.0,0.0,0.00469276784755281,0.00262815465222219,0.004793894871998159,0.004696485067076648,0.004220868783385562,0.004415502354761144,0.17600421305267822,0.002034283186700775,0.00381412333666185,0.0020450888375846896,0.010639278051231984,0.0045518693929551355,0.0502419926353217,0.44639333534511727,0.0038953499708235285,0.0015763149941176468,0.0036463626548011215,0.0038982196288739495,0.0029270358168627447,0.00361230192582633,0.09950664481527544,0.0010840037549019609,0.0022101351117647045,0.0012116262117647057,0.005944589855949579,0.003772675539865545,0.031016064591768346,0.26243770463392874
2026-07-03 07:42:12.632999897,4797.81538461538,2533.9507692307693,4849.716923076922,4842.2861538461475,4324.904615384615,4569.6861538461535,181850.8123076923,1704.4430769230778,4039.2676923076892,2051.8307692307703,10815.578461538467,4674.021538461531,50085.71999999999,456294.236923077,0.009785103057527606,0.005823725575704834,0.0036333296854451176,0.004280586004844676,0.004564605354641732,0.0005689262423513369,0.004467363884036448,0.01727923897372553,112844.85871775997,191056.30968065522,137802.86686277212,93784.45621605347,80257.73804998117,69038.31679420405,60120.114680668004,519903.29971522436,109119.31808479181,171124.39944792082,101506.006751109,79991.85963308494,77282.31092171399,0.0,42512.85802912183,472606.0209448776,0.0,0.0,0.0,0.0,0.0,0.0,0.0,0.0,0.004700074630457612,0.0026282290601963385,0.004802183911518498,0.004703293135125626,0.0042266657062201346,0.004421932528018016,0.17627239507999987,0.002035563375015222,0.003819758456956991,0.002047822882092004,0.010656435227630268,0.0045617990307512514,0.05024732963002002,0.44695411550269465,0.0039065326516134445,0.0015763149941176468,0.0036463626548011215,0.0039045472330084025,0.002935180821630251,0.003619820799831932,0.09964443373137252,0.0010840037549019609,0.0022101351117647045,0.0012116262117647057,0.005944589855949579,0.003772675539865545,0.030974307798436167,0.2629277157616188
2026-07-03 07:42:27.632999897,4797.81538461538,2500.1446153846146,4892.855384615384,4842.2861538461475,4324.904615384615,4569.6861538461535,181920.24615384612,1711.295384615383,4033.467692307689,2056.218461538462,10823.507692307694,4672.273846153845,49954.34461538461,456190.39076923084,0.009785103057527606,0.0055346930643191345,0.0036333296854451176,0.004280586004844676,0.004564605354641732,0.0005689262423513369,0.004538096856039715,0.01703585921972305,112844.85871775997,181574.15186170608,137802.86686277212,93784.45621605347,80257.73804998117,69038.31679420405,57171.394153337,504602.14715176885,109119.31808479181,162631.4657942234,101506.006751109,79991.85963308494,77282.31092171399,0.0,40427.72333149476,458279.7553455234,0.0,0.0,0.0,0.0,0.0,0.0,0.0,0.0,0.004706846138164741,0.002632012614146242,0.004809095155256455,0.004710062000250866,0.0042327511662394015,0.0044282971026808286,0.1765247534655363,0.0020384931813736025,0.0038252327007309364,0.0020507701195679193,0.010671691865561302,0.0045683642610017325,0.05032531882280858,0.447594150112369,0.0039065326516134445,0.0015737936543697472,0.0036591878501512614,0.0039045472330084025,0.002935180821630251,0.003619820799831932,0.09981652908245252,0.001086723610033613,0.0022167742156638643,0.001214589944722689,0.005956829821568627,0.0037816598037254895,0.030998214061563376,0.26353916297551955
2026-07-03 07:42:42.632999897,4807.763076923082,2500.1446153846146,4892.855384615384,4844.406153846153,4324.963076923074,4572.550769230775,181992.4338461538,1711.295384615383,4033.467692307689,2056.218461538462,10823.507692307694,4672.273846153845,49513.350769230754,456355.8400000001,0.009785103057527608,0.005218879103339043,0.0035312030756259787,0.004280586004844676,0.004564605354641732,0.0005798067671306597,0.004538096856039715,0.016344590022889748,112844.85871775998,169221.93662275796,127222.71810361945,93784.45621605347,80257.73804998117,62334.68777472433,57171.394153337,486454.3527194026,109119.31808479183,150178.56054346505,93712.63731095246,79991.85963308494,77282.31092171399,0.0,40427.72333149476,440309.314178262,0.0,0.0,0.0,0.0,0.0,0.0,0.0,0.0,0.00471361764587187,0.0026357961680961465,0.004816006398994413,0.0047168308653761076,0.004238836626258671,0.004434661677343642,0.1767771118510727,0.0020414229877319845,0.0038307069445048846,0.0020537173570438346,0.010686948503492336,0.004574929491252215,0.05040330801559714,0.44823418472204335,0.00391660305837535,0.0015737936543697472,0.0036591878501512614,0.0039118496889075614,0.0029415841508571424,0.0036284799149243693,0.09995110557473949,0.001086723610033613,0.0022167742156638643,0.001214589944722689,0.005956829821568627,0.0037816598037254895,0.03095384316877434,0.2641426275468096
2026-07-03 07:42:57.632999897,4807.763076923082,2463.3323076923093,4919.40923076923,4844.406153846153,4324.963076923074,4572.550769230775,182005.63076923075,1712.2923076923082,4032.0615384615394,2056.1846153846154,10863.326153846163,4666.861538461537,49317.09230769229,455666.93846153846,0.00741184326148236,0.005218879103339043,0.0035312030756259787,0.004280586004844676,0.004174742166353579,0.0005798067671306597,0.004538096856039715,0.015524954660067647,97528.08545387782,169221.93662275796,127222.71810361945,93784.45621605347,57406.851985803376,62334.68777472433,57171.394153337,456017.1162410603,93749.2322560255,150178.56054346505,93712.63731095246,79991.85963308494,55248.453353570214,0.0,40427.72333149476,403907.0259965002,0.0,0.0,0.0,0.0,0.0,0.0,0.0,0.0,0.004720389153578999,0.00263957972204605,0.00482291764273237,0.004723599730501349,0.004244922086277938,0.004441026252006455,0.1770294702366091,0.0020443527940903657,0.0038361811882788306,0.00205666459451975,0.010702205141423372,0.004581494721502697,0.05048129720838568,0.44887421933171767,0.00391660305837535,0.001570546972145658,0.003670430569747898,0.0039118496889075614,0.0029415841508571424,0.0036284799149243693,0.10011388545877124,0.0010882872207058825,0.0022235747770084032,0.0012166222065658262,0.005975388579478991,0.0037890044686386543,0.030973103210779982,0.2646477462993873
2026-07-03 07:43:12.632999897,4823.926153846151,2463.3323076923093,4919.40923076923,4853.519999999994,4331.790769230764,4583.406153846156,182112.91076923077,1712.2923076923082,4032.0615384615394,2056.1846153846154,10863.326153846163,4666.861538461537,48926.658461538456,455543.48615384614,0.00741184326148236,0.005218879103339043,0.0035312030756259787,0.004280586004844676,0.004174742166353579,0.0005798067671306597,0.004538096856039715,0.015232094799959038,97528.08545387782,169221.93662275796,127222.71810361945,93784.45621605347,57406.851985803376,62334.68777472433,57171.394153337,460999.60536981723,93749.2322560255,150178.56054346505,93712.63731095246,79991.85963308494,55248.453353570214,0.0,40427.72333149476,408471.1310755523,0.0,0.0,0.0,0.0,0.0,0.0,0.0,0.0,0.004729572879185441,0.0026404267031228928,0.004835277558744635,0.00473021618192385,0.004251561245527872,0.004446886149725191,0.1772952703146676,0.0020461318375979884,0.0038419214982475234,0.0020602075089760532,0.010719058119616667,0.004587367548070114,0.05049004233088811,0.4494198746981326,0.0039278644924369745,0.001570546972145658,0.003670430569747898,0.003920489388773107,0.0029510809935126047,0.0036370178933333337,0.10025540022444818,0.0010882872207058825,0.0022235747770084032,0.0012166222065658262,0.005975388579478991,0.0037890044686386543,0.03093634999767443,0.26517437264815064
2026-07-03 07:43:27.632999897,4823.926153846151,2432.0769230769233,4948.920000000001,4853.519999999994,4331.790769230764,4583.406153846156,182192.7107692308,1720.3846153846155,4032.990769230766,2062.480000000001,10856.670769230772,4668.883076923079,48773.993846153855,455297.2215384615,0.00741184326148236,0.005218879103339043,0.003356804838406511,0.003787519562782679,0.004174742166353579,0.0005871744028146219,0.003907461701194852,0.014914415769482839,97528.08545387782,169221.93662275796,124233.06023314869,70798.72930053837,57406.851985803376,46322.0788840195,60025.54193122811,443811.593162394,93749.2322560255,150178.56054346505,88749.76135982515,57632.978845179976,55248.453353570214,0.0,42375.67776405686,391672.2472357618,0.0,0.0,0.0,0.0,0.0,0.0,0.0,0.0,0.0047363478485341,0.0026442060484294064,0.0048421965980166674,0.004736984828954502,0.004257647500796073,0.0044532500007788325,0.17754764789085808,0.0020490599951650387,0.003847396121580857,0.0020631555980565137,0.010734317036283332,0.004593931787533716,0.050567390594990394,0.45005977488765636,0.0039278644924369745,0.0015688262084817925,0.0036817024613333333,0.003920489388773107,0.0029510809935126047,0.0036370178933333337,0.10043043095229132,0.001091659334554622,0.0022306730337422966,0.001220358908442577,0.0059870120077983174,0.003793398329809523,0.030960179531835087,0.2657839707228172
2026-07-03 07:43:42.632999897,4825.787692307694,2432.0769230769233,4948.920000000001,4857.766153846152,4340.78769230769,4587.9199999999955,182256.8123076923,1720.3846153846155,4032.990769230766,2062.480000000001,10856.670769230772,4668.883076923079,48355.17538461538,455361.5599999999,0.00741184326148236,0.00479412335641817,0.003356804838406511,0.003787519562782679,0.004174742166353579,0.0005901660836773221,0.004099016017167737,0.01449078086042063,97528.08545387782,173084.14644126117,124233.06023314869,70798.72930053837,57406.851985803376,43728.475675596936,62968.15596171806,449843.74961309927,93749.2322560255,152512.67001996376,88749.76135982515,57632.978845179976,55248.453353570214,0.0,44453.04782900188,397322.6352195062,0.0,0.0,0.0,0.0,0.0,0.0,0.0,0.0,0.004743122817882759,0.0026479853937359196,0.004849115637288699,0.004743753475985154,0.004263733756064272,0.004459613851832472,0.17780002546704857,0.002051988152732088,0.0038528707449141902,0.0020661036871369733,0.010749575952950001,0.0046004960269973175,0.05064473885909268,0.4506996750771801,0.003937604524840337,0.0015688262084817925,0.0036817024613333333,0.0039292831341792706,0.0029588232647058824,0.003644253497815126,0.10056748101431373,0.001091659334554622,0.0022306730337422966,0.001220358908442577,0.0059870120077983174,0.003793398329809523,0.03091917676738763,0.26628801857114043
2026-07-03 07:43:57.632999897,4825.787692307694,2401.864615384612,4972.47384615385,4857.766153846152,4340.78769230769,4587.9199999999955,182342.33538461538,1726.5476923076924,4034.7199999999984,2067.9292307692317,10893.396923076918,4672.716923076923,48183.65538461538,455169.05846153846,0.007164581491572274,0.00479412335641817,0.003356804838406511,0.003787519562782679,0.004174742166353579,0.0005901660836773221,0.003907547097361876,0.01293277194893527,92005.01131336734,173084.14644126117,124233.06023314869,70798.72930053837,57406.851985803376,43728.475675596936,60026.853767810644,434365.579834005,88433.37176259334,152512.67001996376,88749.76135982515,57632.978845179976,55248.453353570214,0.0,42376.60386921997,377625.9140709994,0.0,0.0,0.0,0.0,0.0,0.0,0.0,0.0,0.004749897787231417,0.0026517647390424336,0.004856034676560728,0.004750522123015805,0.004269820011332471,0.004465977702886111,0.17805240304323905,0.002054916310299138,0.0038583453682475236,0.002069051776217433,0.010764834869616666,0.004607060266460919,0.05072208712319495,0.451339575266704,0.003937604524840337,0.0015669800559999997,0.003691593205109244,0.0039292831341792706,0.0029588232647058824,0.003644253497815126,0.10073487695195019,0.001094643533882353,0.0022378554136134447,0.0012238704564705885,0.00600691343820168,0.0037973077393725478,0.03093765789931651,0.2668280825414761
2026-07-03 07:44:12.632999897,4828.012307692308,2401.864615384612,4972.47384615385,4860.664615384621,4356.895384615385,4596.286153846157,182430.46461538458,1726.5476923076924,4034.7199999999984,2067.9292307692317,10893.396923076918,4672.716923076923,47773.43076923076,455602.2369230769,0.007164581491572274,0.0046465308913052105,0.0032714701884189283,0.003787519562782679,0.0034776183753709644,0.0005901660836773221,0.004002584125630443,0.012265333735692295,92005.01131336734,159437.586722239,126921.37263123723,70798.72930053837,59461.40139119611,43728.475675596936,57082.802604119206,409898.4286286586,88433.37176259334,140488.0374806614,93689.95414643384,57632.978845179976,57171.612133040544,0.0,40298.21924461434,353792.2224321214,0.0,0.0,0.0,0.0,0.0,0.0,0.0,0.0,0.004758545129210096,0.0026534527951040956,0.00486505714780143,0.004756545166803905,0.004276320223215047,0.004472154170685428,0.1783178736217398,0.0020573867898237143,0.003864289077074809,0.002073387328251524,0.010779714619723295,0.004611874471163238,0.050728161144765575,0.4519085065336659,0.0039491797908403365,0.0015669800559999997,0.003691593205109244,0.003936490735137255,0.002969028458739496,0.0036486348657647056,0.10087525663378151,0.001094643533882353,0.0022378554136134447,0.0012238704564705885,0.00600691343820168,0.0037973077393725478,0.030894212079187237,0.2674396920491978
2026-07-03 07:44:27.632999897,4828.012307692308,2371.6276923076944,4985.42153846154,4860.664615384621,4356.895384615385,4596.286153846157,182474.4615384615,1735.7230769230762,4035.5169230769216,2074.870769230767,10881.030769230765,4682.089230769236,47602.06769230769,456053.2276923077,0.007164581491572274,0.0046465308913052105,0.0029793473276749464,0.003787519562782679,0.0036692090443085482,0.0005901660836773221,0.004002584125630443,0.01197208661870521,92005.01131336734,159437.586722239,109624.37733528044,70798.72930053837,62737.27828130778,43728.475675596936,57082.802604119206,388705.52208498167,88433.37176259334,140488.0374806614,74169.09225842451,57632.978845179976,60321.33882254277,0.0,40298.21924461434,337582.45895941736,0.0,0.0,0.0,0.0,0.0,0.0,0.0,0.0,0.004765322770162477,0.0026572291584374286,0.004871979178753809,0.004763312752994381,0.004282407069881714,0.004478517754971142,0.17857026976378523,0.002060314294109428,0.0038697643659005676,0.002076337390632476,0.010794972999458143,0.004618436220687047,0.05080490239931869,0.4525483061506167,0.0039491797908403365,0.0015653949753781516,0.003702877558207282,0.003936490735137255,0.002969028458739496,0.0036486348657647056,0.10103989747543166,0.0010978922137535013,0.0022431358051820723,0.0012274594196638653,0.006016420188235294,0.0038018835798487396,0.030914603824788653,0.2681193010470211
2026-07-03 07:44:42.632999897,4820.344615384616,2371.6276923076944,4985.42153846154,4869.553846153846,4364.421538461542,4610.164803700524,182547.2931531112,1735.7230769230762,4035.5169230769216,2074.870769230767,10881.030769230765,4682.089230769236,47175.56612673237,456351.5135775038,0.005854663800453947,0.0046465308913052105,0.0029793473276749464,0.0037095922302960165,0.003585996974886557,0.0005901660836773221,0.004002584125630443,0.01154604505740236,96911.81776947188,159437.586722239,109624.37733528044,65882.61761374919,56508.63335946527,43728.475675596936,57082.802604119206,385777.67771690927,93086.35127857167,140488.0374806614,74169.09225842451,53631.06858994735,54332.551756405155,0.0,40298.21924461434,334904.04102977586,0.0,0.0,0.0,0.0,0.0,0.0,0.0,0.0,0.004772100411114858,0.0026610055217707617,0.004878901209706191,0.004770080339184858,0.0042884939165483815,0.0044848813392568574,0.17882266590583068,0.0020632417983951425,0.003875239654726325,0.0020792874530134293,0.010810231379192993,0.0046249979702108574,0.050881643653871815,0.45318810576756746,0.00396029152345098,0.0015653949753781516,0.003702877558207282,0.003946481312117648,0.0029760604950588234,0.0036538566818823536,0.10117736157535012,0.0010978922137535013,0.0022431358051820723,0.0012274594196638653,0.006016420188235294,0.0038018835798487396,0.030869188959459226,0.26869682165182646
2026-07-03 07:44:57.632999897,4820.344615384616,2345.756923076925,4991.156923076925,4869.553846153846,4364.421538461542,4610.164803700524,182546.94853772665,1741.9969230769232,4039.729230769233,2080.1507692307687,10914.203076923071,4693.880000000001,46992.27689596312,455922.23665442684,0.005685596538151778,0.0046465308913052105,0.0029793473276749464,0.0037095922302960165,0.003585996974886557,0.000596228732416526,0.004002584125630443,0.011151843620644924,91639.44089124771,159437.586722239,109624.37733528044,65882.61761374919,56508.63335946527,41078.794295972744,57082.802604119206,377848.40352611983,88029.39146871738,140488.0374806614,74169.09225842451,53631.06858994735,54332.551756405155,0.0,40298.21924461434,327601.7385269678,0.0,0.0,0.0,0.0,0.0,0.0,0.0,0.0,0.00477887805206724,0.0026647818851040952,0.004885823240658571,0.0047768479253753335,0.004294580763215047,0.00449124492354257,0.17907506204787613,0.002066169302680857,0.0038807149435520823,0.0020822375153943815,0.010825489758927841,0.004631559719734667,0.05095838490842494,0.4538279053845181,0.00396029152345098,0.001564055976336134,0.003711634196526611,0.003946481312117648,0.0029760604950588234,0.0036538566818823536,0.10133228534080296,0.0011004921339607843,0.0022491711614789915,0.0012300540619607837,0.006034096185910364,0.0038085964333893557,0.030888573794329934,0.26917716208186643
2026-07-03 07:45:12.632999897,4814.280000000001,2345.756923076925,4991.156923076925,4873.476923076926,4379.381538461541,4632.655384615388,182627.1723076923,1741.9969230769232,4039.729230769233,2080.1507692307687,10914.203076923071,4693.880000000001,46599.12923076921,455976.55692307686,0.005685596538151778,0.004172649338796751,0.0029793473276749464,0.0033406227394568995,0.003585996974886557,0.000596228732416526,0.003525257325060659,0.01076143499133116,91639.44089124771,137711.47306883955,109624.37733528044,71083.63645916505,56508.63335946527,41078.794295972744,62421.9490955075,379636.0886373284,88029.39146871738,118141.48334787265,74169.09225842451,57590.92695988795,54332.551756405155,0.0,44023.06470413679,323374.8858467881,0.0,0.0,0.0,0.0,0.0,0.0,0.0,0.0,0.004786942666986174,0.0026668581124664774,0.004892313853978978,0.00478348664864839,0.004301999004708428,0.004497561999590151,0.17933360435925563,0.002068156116630113,0.003887176933255178,0.002085984390930019,0.010837161945348867,0.004636941727442234,0.05096372969445239,0.4544415057282029,0.003969424569210084,0.001564055976336134,0.003711634196526611,0.003956615485042016,0.0029845318043753492,0.00366452355117647,0.10147493999771427,0.0011004921339607843,0.0022491711614789915,0.0012300540619607837,0.006034096185910364,0.0038085964333893557,0.03085285461880793,0.26972915095111966
2026-07-03 07:45:27.632999897,4814.280000000001,2313.7815384615374,5000.772307692301,4873.476923076926,4379.381538461541,4632.655384615388,182663.70461538457,1749.5076923076908,4042.529230769231,2084.606153846154,10900.556923076927,4702.941538461539,46404.65538461538,456729.04923076904,0.005685596538151778,0.00409963054837178,0.0029313328855361527,0.0033406227394568995,0.003585996974886557,0.0006090982998126451,0.003525257325060659,0.00906002781737925,91639.44089124771,129291.23695923718,115687.20333436671,71083.63645916505,56508.63335946527,44676.37653038255,62421.9490955075,337919.8067191132,88029.39146871738,110919.37158037332,81839.57838172988,57590.92695988795,54332.551756405155,0.0,44023.06470413679,283419.8425615937,0.0,0.0,0.0,0.0,0.0,0.0,0.0,0.0,0.004793722133842234,0.0026706320641710227,0.004899235273486554,0.004790254052530966,0.0043080877409773675,0.004503925518529546,0.17958600918270196,0.0020710822880316286,0.0038926536140461384,0.0020889355798504737,0.010852415266911957,0.00464350180793466,0.051039897223334976,0.4550812684104062,0.003969424569210084,0.0015620009539999997,0.0037212801048739485,0.003956615485042016,0.0029845318043753492,0.00366452355117647,0.10164035096648051,0.0011032477659999997,0.002255219076,0.0012331509919999999,0.0060432324738823534,0.003814087738436974,0.030869908990396343,0.27041797255725747
2026-07-03 07:45:42.632999897,4799.270769230764,2313.7815384615374,5000.772307692301,4870.741538461541,4380.372307692302,4639.907692307688,182698.89538461535,1749.5076923076908,4042.529230769231,2084.606153846154,10900.556923076927,4702.941538461539,45933.91692307691,456681.9753846152,0.005685596538151778,0.00409963054837178,0.0029313328855361527,0.0033406227394568995,0.003585996974886557,0.0006090982998126451,0.003525257325060659,0.00813080102767281,91639.44089124771,129291.23695923718,115687.20333436671,71083.63645916505,56508.63335946527,44676.37653038255,62421.9490955075,327561.56333787786,88029.39146871738,110919.37158037332,81839.57838172988,57590.92695988795,54332.551756405155,0.0,44023.06470413679,271251.1711685586,0.0,0.0,0.0,0.0,0.0,0.0,0.0,0.0,0.004800501600698295,0.002674406015875569,0.004906156692994129,0.004797021456413543,0.004314176477246307,0.00451028903746894,0.1798384140061483,0.002074008459433144,0.0038981302948370997,0.0020918867687709283,0.010867668588475049,0.004650061888427084,0.051116064752217555,0.45572103109260964,0.003977055473165264,0.0015620009539999997,0.0037212801048739485,0.00396537995064986,0.00299153083512605,0.003671225664985994,0.10177701516799999,0.0011032477659999997,0.002255219076,0.0012331509919999999,0.0060432324738823534,0.003814087738436974,0.03082235938825929,0.27099796358309597
2026-07-03 07:45:57.632999897,4799.270769230764,2275.883076923076,4997.039999999996,4870.741538461541,4380.372307692302,4639.907692307688,182714.32615384614,1756.7753846153862,4035.227692307694,2088.1815384615356,10918.473846153844,4697.898461538459,45694.72923076921,456676.3999999998,0.0037361894172496368,0.00409963054837178,0.0029313328855361527,0.0032912352532052567,0.0035247475912366984,0.0006090982998126451,0.0034694732681962892,0.007529324689951912,94928.5826401386,129291.23695923718,115687.20333436671,66282.3528382522,53274.19748576124,44676.37653038255,56531.904709627845,323650.3698657969,91377.95638766466,110919.37158037332,81839.57838172988,53700.99689863479,51222.670238073195,0.0,39869.11230651005,267446.56107693556,0.0,0.0,0.0,0.0,0.0,0.0,0.0,0.0,0.004807281067554356,0.0026781799675801134,0.0049130781125017045,0.004803788860296118,0.004320265213515246,0.004516652556408335,0.18009081882959463,0.0020769346308346587,0.0039036069756280597,0.0020948379576913824,0.010882921910038132,0.004656621968919508,0.05119223228110012,0.45636079377481303,0.003977055473165264,0.0015588103929747895,0.0037286041940224083,0.00396537995064986,0.00299153083512605,0.003671225664985994,0.10193364552721072,0.0011054163371316528,0.002261171258834734,0.0012355670827002797,0.006058034972,0.003818412544436973,0.030835032648777752,0.271621024796761
2026-07-03 07:46:12.632999897,4794.704615384614,2275.883076923076,4997.039999999996,4861.107692307694,4392.603076923071,4642.129230769228,182732.0861538462,1756.7753846153862,4035.227692307694,2088.1815384615356,10918.473846153844,4697.898461538459,45251.49230769231,457053.0769230767,0.0039355706174989185,0.00409963054837178,0.002706141925228102,0.0032912352532052567,0.0030895454071458036,0.0006090982998126451,0.0034694732681962892,0.00691195858802024,99994.43252916455,129291.23695923718,96711.3403194673,66282.3528382522,52653.88800041343,44676.37653038255,56531.904709627845,308391.0951582353,96254.32762751226,110919.37158037332,61454.92771512397,53700.99689863479,50416.19225768229,0.0,39869.11230651005,252743.3298940669,0.0,0.0,0.0,0.0,0.0,0.0,0.0,0.0,0.0048122929001319205,0.0026790151421533896,0.00491903945680452,0.0048097678295395485,0.0043263848759199615,0.004523777441597645,0.18034405736759765,0.0020785098182690208,0.00390942198577191,0.0020979418646497176,0.010893250772654586,0.004661365798759321,0.051191085131451756,0.4570235834347596,0.003984765607607843,0.0015588103929747895,0.0037286041940224083,0.003970052248941176,0.003000285965697478,0.003678350143215684,0.10206711322021288,0.0011054163371316528,0.002261171258834734,0.0012355670827002797,0.006058034972,0.003818412544436973,0.030786839551902062,0.27228390575601763
2026-07-03 07:46:27.632999897,4794.704615384614,2242.369230769229,4997.120000000004,4861.107692307694,4392.603076923071,4642.129230769228,182768.5630769231,1766.5692307692307,4037.390769230771,2096.3876923076928,10903.99692307693,4709.203076923074,45052.6,457648.046153846,0.0039355706174989185,0.0034726520720375444,0.002706141925228102,0.0032912352532052567,0.0030895454071458036,0.0006090982998126451,0.0034694732681962892,0.006501541768970595,99994.43252916455,104266.40924253891,96711.3403194673,66282.3528382522,52653.88800041343,44676.37653038255,56531.904709627845,305029.21206094965,96254.32762751226,86478.67993001502,61454.92771512397,53700.99689863479,50416.19225768229,0.0,39869.11230651005,249208.1405755264,0.0,0.0,0.0,0.0,0.0,0.0,0.0,0.0,0.004819069873295763,0.0026827849533586634,0.0049259595246011305,0.004816534124266479,0.004332473656522599,0.0045301420352887945,0.18059646336619317,0.0020814340871014125,0.003914899141202621,0.0021008932676629,0.01090849718698043,0.004667923324183051,0.05126670107763266,0.4576633783968383,0.003984765607607843,0.0015566180086218485,0.0037354870980616252,0.003970052248941176,0.003000285965697478,0.003678350143215684,0.10222867220930283,0.0011090169152156864,0.0022680611039047616,0.001239264269215686,0.006070283649579832,0.0038267192127563023,0.030802958254049138,0.2729358009753458
2026-07-03 07:46:42.632999897,4798.35076923077,2242.369230769229,4997.120000000004,4856.7476923076865,4395.913846153842,4637.587692307693,182805.85538461542,1766.5692307692307,4037.390769230771,2096.3876923076928,10903.99692307693,4709.203076923074,44579.12307692307,457475.45538461534,0.0037327129965375135,0.0034726520720375444,0.002706141925228102,0.0032912352532052567,0.0030895454071458036,0.000597501042146618,0.0034694732681962892,0.005261671925962209,94840.25422473784,104266.40924253891,96711.3403194673,66282.3528382522,52653.88800041343,40529.54211369272,56531.904709627845,280216.64606300363,91292.9317315937,86478.67993001502,61454.92771512397,53700.99689863479,50416.19225768229,0.0,39869.11230651005,218256.06712262047,0.0,0.0,0.0,0.0,0.0,0.0,0.0,0.0,0.0048258468464596055,0.0026865547645639355,0.00493287959239774,0.0048233004189934085,0.004338562437125235,0.004536506628979943,0.18084886936478867,0.0020843583559338043,0.003920376296633333,0.0021038446706760825,0.01092374360130627,0.004674480849606778,0.05134231702381356,0.4583031733589169,0.003994795733243697,0.0015566180086218485,0.0037354870980616252,0.003979556539966386,0.0030085531820728275,0.0036855410765042015,0.10236861470114285,0.0011090169152156864,0.0022680611039047616,0.001239264269215686,0.006070283649579832,0.0038267192127563023,0.030758048395304955,0.27352535125633476
2026-07-03 07:46:57.632999897,4798.35076923077,2206.8338461538465,5003.864615384615,4856.7476923076865,4395.913846153842,4637.587692307693,182799.94153846157,1771.5753846153834,4034.2338461538507,2100.4430769230794,10914.843076923067,4725.415384615383,44365.46461538461,457087.91384615394,0.0038473435671797546,0.0034726520720375444,0.002706141925228102,0.002920704426191565,0.0030895454071458036,0.0005859081133556699,0.0028298980743478104,0.005290819358634916,104183.56465749779,104266.40924253891,96711.3403194673,46117.2068708987,52653.88800041343,44619.22549898508,40678.86911744097,278073.04252662713,100112.07252905858,86478.67993001502,61454.92771512397,33202.82829706835,50416.19225768229,0.0,24142.867025240044,217102.7190140381,0.0,0.0,0.0,0.0,0.0,0.0,0.0,0.0,0.004832623819623446,0.0026903245757692092,0.00493979966019435,0.00483006671372034,0.004344651217727871,0.004542871222671091,0.18110127536338416,0.002087282624766196,0.003925853452064044,0.0021067960736892654,0.010938990015632115,0.004681038375030509,0.051417932969994466,0.45894296832099557,0.003994795733243697,0.001554514148571428,0.0037430777922352943,0.003979556539966386,0.0030085531820728275,0.0036855410765042015,0.10252859636555493,0.0011128155489075627,0.0022753513915966393,0.00124327103394958,0.006090969525859943,0.0038392674184873936,0.030777802636491436,0.27398034707387386
2026-07-03 07:47:12.632999897,4807.800000000002,2206.8338461538465,5003.864615384615,4856.79692307692,4402.646153846159,4646.763076923075,182875.13538461537,1771.5753846153834,4034.2338461538507,2100.4430769230794,10914.843076923067,4725.415384615383,43935.10769230771,456910.24923076923,0.0038473435671797546,0.0034726520720375444,0.0023705010072507565,0.0029100207505142824,0.0030895454071458036,0.0005859081133556699,0.002970662701403616,0.004361233567917045,104183.56465749779,104266.40924253891,90024.39219507939,43396.55891039632,52653.88800041343,44619.22549898508,42702.3150826064,252162.29883545387,100112.07252905858,86478.67993001502,55022.974044202674,31244.053834811562,50416.19225768229,0.0,25343.780126553436,184380.67031089042,0.0,0.0,0.0,0.0,0.0,0.0,0.0,0.0,0.004839135586799625,0.0026910581185150746,0.004947149240749626,0.004837110599904963,0.004351568709112359,0.004548153000807022,0.18135671314703908,0.0020891660856895127,0.003931932996376629,0.0021100361928125476,0.010950333479949255,0.004689072670370505,0.05142456676118634,0.4595993470593789,0.004007179911540614,0.001554514148571428,0.0037430777922352943,0.003989590645042016,0.0030189656922352936,0.003695784729999998,0.10267652866084033,0.0011128155489075627,0.0022753513915966393,0.00124327103394958,0.006090969525859943,0.0038392674184873936,0.030742648718673656,0.27457147509166174
2026-07-03 07:47:27.632999897,4807.800000000002,2172.4369230769257,5037.523076923075,4856.79692307692,4402.646153846159,4646.763076923075,182949.59076923082,1780.9938461538477,4028.2400000000034,2108.196923076923,10899.898461538449,4739.1076923076935,43778.363076923095,457433.6892307692,0.0038473435671797546,0.0034726520720375444,0.0023705010072507565,0.0029100207505142824,0.003044617516324358,0.0005859081133556699,0.002970662701403616,0.003932017633259617,104183.56465749779,104266.40924253891,90024.39219507939,43396.55891039632,48354.24179120922,44619.22549898508,42702.3150826064,234920.5574297974,100112.07252905858,86478.67993001502,55022.974044202674,31244.053834811562,46299.27329584699,0.0,25343.780126553436,165566.27207877906,0.0,0.0,0.0,0.0,0.0,0.0,0.0,0.0,0.004845912187923221,0.0026948236760993443,0.0049540699083526225,0.004843877282957397,0.004357658652932583,0.004554516076181555,0.18160912338912477,0.002092088896550936,0.003937410992186685,0.0021129879989923222,0.010965574450619645,0.004695632261662639,0.051499670680096477,0.460239165187405,0.004007179911540614,0.0015518845870868348,0.00375510004127731,0.003989590645042016,0.0030189656922352936,0.003695784729999998,0.1028480808730003,0.0011165557387394956,0.002280673648140057,0.0012471377953333332,0.006102113158991597,0.0038515301176470593,0.03076473773305619,0.2752337736243899
2026-07-03 07:47:42.632999897,4820.932307692311,2172.4369230769257,5037.523076923075,4873.821538461531,4412.972307692307,4641.310769230767,183032.85230769234,1780.9938461538477,4028.2400000000034,2108.196923076923,10899.898461538449,4739.1076923076935,43367.849230769236,457468.3292307691,0.0026469352192406296,0.0029124882070850158,0.0023705010072507565,0.0029100207505142824,0.003044617516324358,0.0005859081133556699,0.0029790227823319774,0.003932017633259617,78477.7252597302,102139.73708132165,90024.39219507939,43396.55891039632,48354.24179120922,44619.22549898508,38463.298640287554,234920.5574297974,74933.06172993167,82876.95317914047,55022.974044202674,31244.053834811562,46299.27329584699,0.0,22827.928223462277,165566.27207877906,0.0,0.0,0.0,0.0,0.0,0.0,0.0,0.0,0.004852688789046817,0.0026985892336836145,0.0049609905759556185,0.004850643966009833,0.004363748596752808,0.004560879151556087,0.1818615336312104,0.0020950117074123595,0.003942888987996741,0.0021159398051720977,0.010980815421290037,0.004702191852954775,0.051574774599006626,0.460878983315431,0.004018720676907562,0.0015518845870868348,0.00375510004127731,0.003999812961764704,0.003026365021333333,0.003703043147294115,0.10298999546262745,0.0011165557387394956,0.002280673648140057,0.0012471377953333332,0.006102113158991597,0.0038515301176470593,0.03071811147115674,0.27590030217736844
2026-07-03 07:47:57.632999897,4820.932307692311,2135.830769230768,5055.086153846156,4873.821538461531,4412.972307692307,4641.310769230767,183120.6738461538,1782.1046153846157,4021.62461538461,2110.544615384616,10924.606153846156,4747.747692307696,43176.55076923076,457155.2338461537,0.0027948442991892176,0.0029124882070850158,0.0023705010072507565,0.0029100207505142824,0.0028031054208662505,0.0005963481927501853,0.0029790227823319774,0.003823382485351947,82863.01132765098,102139.73708132165,90024.39219507939,43396.55891039632,26182.236492490993,41671.46401985112,38463.298640287554,226457.7360346234,79120.27422294635,82876.95317914047,55022.974044202674,31244.053834811562,24740.87821695076,0.0,22827.928223462277,156826.45359751658,0.0,0.0,0.0,0.0,0.0,0.0,0.0,0.0,0.004859465390170412,0.002702354791267884,0.0049679112435586145,0.004857410649062266,0.004369838540573033,0.004567242226930618,0.18211394387329607,0.002097934518273782,0.003948366983806797,0.0021188916113518727,0.010996056391960428,0.00470875144424691,0.051649878517916775,0.4615188014434571,0.004018720676907562,0.0015486506422408958,0.003766224143445378,0.003999812961764704,0.003026365021333333,0.003703043147294115,0.1031583326080585,0.0011189737525714282,0.00228539234257703,0.0012501700602689074,0.006122004737507003,0.0038613765200000002,0.03073944012299337,0.2764445213637556
2026-07-03 07:48:12.632999897,4834.861538461536,2135.830769230768,5055.086153846156,4882.56923076923,4431.710769230769,4644.895384615385,183212.03692307687,1782.1046153846157,4021.62461538461,2110.544615384616,10924.606153846156,4747.747692307696,42783.98153846153,457066.26769230777,0.0027948442991892176,0.0029259853962451195,0.0023705010072507565,0.002900560522418779,0.0028031054208662505,0.0005963481927501853,0.0029790227823319774,0.0037069283411015675,82863.01132765098,107200.93536518535,90024.39219507939,41086.35270056392,26182.236492490993,41671.46401985112,38463.298640287554,222090.06209873327,79120.27422294635,89008.18008916288,55022.974044202674,29580.783543299403,24740.87821695076,0.0,22827.928223462277,153226.3990102138,0.0,0.0,0.0,0.0,0.0,0.0,0.0,0.0,0.004868419144682775,0.002702823096133333,0.004978028977243482,0.004865759187670578,0.0043766650866934815,0.00457313028676946,0.1823856130593775,0.002099352206131843,0.003953672835417129,0.00212191733645149,0.011008615582564168,0.004716240344727094,0.051665444872984224,0.46215821129052614,0.004030664123529412,0.0015486506422408958,0.003766224143445378,0.004008303952661064,0.003035471452408963,0.003713094008823529,0.10330354074340616,0.0011189737525714282,0.00228539234257703,0.0012501700602689074,0.006122004737507003,0.0038613765200000002,0.030696761953005185,0.2770346526220162
2026-07-03 07:48:27.632999897,4834.861538461536,2120.0030769230766,5090.94153846154,4882.56923076923,4431.710769230769,4644.895384615385,183327.92,1791.046153846154,4024.529230769228,2119.6123076923077,10904.883076923084,4766.846153846154,42741.82461538461,456940.7723076924,0.0026525039465067637,0.0029259853962451195,0.0023705010072507565,0.0028536584238160537,0.0028031054208662505,0.0005963481927501853,0.0029790227823319774,0.003758249120100542,78642.82980980053,107200.93536518535,90024.39219507939,42610.562759033935,26182.236492490993,41671.46401985112,38463.298640287554,223515.9285923723,75090.70887632087,89008.18008916288,55022.974044202674,30073.58829393151,24740.87821695076,0.0,22827.928223462277,151216.01317712755,0.0,0.0,0.0,0.0,0.0,0.0,0.0,0.0,0.0048751987829509305,0.0027065840607515823,0.0049849540913030725,0.00487252807128324,0.004382756058760521,0.004579492700177281,0.18263805000706268,0.002102272921215642,0.003959150592361573,0.002124869244738268,0.011023852833953055,0.004722801228805307,0.0517400754080294,0.4627980288530261,0.004030664123529412,0.0015466705586218482,0.003778492478823529,0.004008303952661064,0.003035471452408963,0.003713094008823529,0.10347988657039962,0.0011226921490252101,0.0022914707719495792,0.0012543487146050416,0.006136383970677871,0.003874146773714286,0.030730513053015895,0.2776176975543718
2026-07-03 07:48:42.632999897,4874.141538461537,2120.0030769230766,5090.94153846154,4904.400000000001,4441.015384615389,4654.624615384617,183462.9876923077,1791.046153846154,4024.529230769228,2119.6123076923077,10904.883076923084,4766.846153846154,42681.655384615384,456025.17538461543,0.002812844145318229,0.0029259853962451195,0.0023705010072507565,0.0028536584238160537,0.0027990511296316933,0.0005689616464111622,0.002981381720285164,0.003795386272169603,74615.10134685147,107200.93536518535,90024.39219507939,42610.562759033935,24738.707902527283,43856.74300553224,40765.16035351305,225964.48315584482,71245.38709247754,89008.18008916288,55022.974044202674,30073.58829393151,23376.81731798128,0.0,24194.080785187925,153838.4223441436,0.0,0.0,0.0,0.0,0.0,0.0,0.0,0.0,0.004881978421219088,0.002710345025369832,0.004991879205362662,0.004879296954895904,0.0043888470308275605,0.004585855113585101,0.18289048695474788,0.0021051936362994406,0.003964628349306018,0.0021278211530250464,0.011039090085341943,0.004729362112883519,0.05181470594307457,0.4634378464155261,0.004045550976257701,0.0015466705586218482,0.003778492478823529,0.004021721166571428,0.003043486429378151,0.0037220387604929976,0.10362962370421848,0.0011226921490252101,0.0022914707719495792,0.0012543487146050416,0.006136383970677871,0.003874146773714286,0.030725011528051484,0.2780160578694764
2026-07-03 07:48:57.632999897,4874.141538461537,2123.944615384613,5109.741538461538,4904.400000000001,4441.015384615389,4654.624615384617,183468.50461538462,1789.6738461538494,4021.947692307689,2119.233846153844,10887.701538461535,4772.553846153848,42695.84923076922,455808.3292307693,0.002812844145318229,0.0029259853962451195,0.002229272000744162,0.0028536584238160537,0.0028025751579513086,0.0006032353542033631,0.0029992117071593123,0.0037405479812050793,74615.10134685147,107200.93536518535,59780.66640734931,42610.562759033935,26615.054560046923,46498.63144207374,38537.39249952984,210840.50812230405,71245.38709247754,89008.18008916288,56783.37131203964,30073.58829393151,25149.869217492993,0.0,22871.902852794003,137822.96747959996,0.0,0.0,0.0,0.0,0.0,0.0,0.0,0.0,0.004888758059487244,0.0027141059899880816,0.004998804319422253,0.004886065838508566,0.004394938002894599,0.004592217526992923,0.18314292390243306,0.00210811435138324,0.003970106106250462,0.002130773061311825,0.011054327336730835,0.004735922996961732,0.051889336478119746,0.4640776639780262,0.004045550976257701,0.0015502792382745092,0.0037887448442801117,0.004021721166571428,0.003043486429378151,0.0037220387604929976,0.10378165801782757,0.0011249406704313728,0.0022954293807058816,0.0012571463289411764,0.006152337944268905,0.0038800992863193273,0.03077236726948273,0.2782737364612454
2026-07-03 07:49:12.632999897,4892.344615384615,2123.944615384613,5109.741538461538,4912.636923076919,4448.71384615385,4655.670769230767,183523.51076923078,1789.6738461538494,4021.947692307689,2119.233846153844,10887.701538461535,4772.553846153848,42731.13230769231,455360.05846153846,0.002812844145318229,0.0029189213120655133,0.002354843686872516,0.0028536584238160537,0.0028025751579513086,0.0006032353542033631,0.0029992117071593123,0.0037955910333705408,74615.10134685147,93904.1754451142,56834.75214560983,42610.562759033935,26615.054560046923,46498.63144207374,38537.39249952984,218006.52006793613,71245.38709247754,74508.3507939823,53985.34305230892,30073.58829393151,25149.869217492993,0.0,22871.902852794003,143757.18929395475,0.0,0.0,0.0,0.0,0.0,0.0,0.0,0.0,0.0048985066134319445,0.0027146012067992592,0.005007058582553333,0.00489432036251,0.004401041674604536,0.004597748859663333,0.18340780167671333,0.0021096862818342594,0.0039756332281211774,0.0021341428148943515,0.011067014885524126,0.0047417226850541665,0.051904093589225334,0.46471440790638585,0.004055959261238096,0.0015502792382745092,0.0037887448442801117,0.004031174065747899,0.0030532612684033614,0.0037277228971428567,0.10391640611733333,0.0011249406704313728,0.0022954293807058816,0.0012571463289411764,0.006152337944268905,0.0038800992863193273,0.030801419393242557,0.2784627193503193
2026-07-03 07:49:27.632999897,4892.344615384615,2127.956923076925,5122.5138461538445,4912.636923076919,4448.71384615385,4655.670769230767,183567.3692307692,1792.7753846153853,4025.4184615384565,2123.0676923076912,10838.818461538463,4783.039999999997,42749.75076923077,455536.17230769224,0.002812844145318229,0.0029189213120655133,0.002354843686872516,0.0028536584238160537,0.0028025751579513086,0.0006032353542033631,0.0029992117071593123,0.0037947433130247894,74615.10134685147,93904.1754451142,56834.75214560983,42610.562759033935,26615.054560046923,46498.63144207374,38537.39249952984,218808.79495383415,71245.38709247754,74508.3507939823,53985.34305230892,30073.58829393151,25149.869217492993,0.0,22871.902852794003,143757.18929395475,0.0,0.0,0.0,0.0,0.0,0.0,0.0,0.0,0.004905290370376389,0.0027183576475399997,0.005013985534405185,0.004901091301398889,0.004407132664882314,0.004604110120774445,0.18366025579135425,0.0021126051290564817,0.003981111053167219,0.0021370953005425005,0.011082248620330755,0.004748282516072685,0.05197827361105506,0.4653542212562938,0.004055959261238096,0.0015542645298879552,0.003797176056380952,0.004031174065747899,0.0030532612684033614,0.0037277228971428567,0.10408198547330158,0.001127759764229692,0.0023011510350700267,0.001260414270252101,0.006163828340392157,0.003884078083994396,0.03085010076770997,0.2788591802893686
2026-07-03 07:49:42.632999897,4906.258461538462,2127.956923076925,5122.5138461538445,4921.332307692304,4450.332307692312,4653.8092307692295,183616.86153846147,1792.7753846153853,4025.4184615384565,2123.0676923076912,10838.818461538463,4783.039999999997,42772.23692307691,455236.2984615384,0.0028181943047974785,0.0029092401358051436,0.002354843686872516,0.0028508063177093597,0.002796520020163821,0.0005705164855366213,0.0029992117071593123,0.0037883776164458847,55311.002585463946,86165.71582465421,56834.75214560983,39236.622891606276,25217.743475575455,43976.593228074176,38537.39249952984,205171.3053397384,52531.111749497264,68371.25134105369,53985.34305230892,27692.33651194256,23829.481504166102,0.0,22871.902852794003,133380.5501517457,0.0,0.0,0.0,0.0,0.0,0.0,0.0,0.0,0.0049120741273208325,0.0027221140882807402,0.005020912486257037,0.004907862240287778,0.004413223655160093,0.004610471381885555,0.18391270990599515,0.0021155239762787035,0.0039865888782132574,0.002140047786190648,0.011097482355137384,0.004754842347091203,0.05205245363288479,0.46599403460620165,0.004064951423731092,0.0015542645298879552,0.003797176056380952,0.0040429520168235285,0.0030605977033277315,0.003733619399529411,0.1042176870722969,0.001127759764229692,0.0023011510350700267,0.001260414270252101,0.006163828340392157,0.003884078083994396,0.030877978562936944,0.27902152358853005
2026-07-03 07:49:57.632999897,4906.258461538462,2127.3415384615414,5123.70153846154,4921.332307692304,4450.332307692312,4653.8092307692295,183644.6184615384,1794.5230769230793,4021.2646153846113,2126.5569230769242,10835.603076923067,4783.916923076927,42768.99999999999,454869.36307692307,0.0028181943047974785,0.0029092401358051436,0.002354843686872516,0.0028508063177093597,0.002796520020163821,0.0005993913803195714,0.002976604371315613,0.003727335378634762,55311.002585463946,86165.71582465421,56834.75214560983,39236.622891606276,25217.743475575455,41708.51216457743,26504.20383620532,196308.3281658336,52531.111749497264,68371.25134105369,53985.34305230892,27692.33651194256,23829.481504166102,0.0,10893.871976079185,124964.9421666228,0.0,0.0,0.0,0.0,0.0,0.0,0.0,0.0,0.004918857884265278,0.0027258705290214816,0.005027839438108889,0.0049146331791766655,0.00441931464543787,0.004616832642996667,0.18416516402063599,0.0021184428235009258,0.003992066703259299,0.002143000271838796,0.011112716089944014,0.004761402178109723,0.05212663365471451,0.46663384795610957,0.004064951423731092,0.0015584514157983194,0.003806446462571429,0.0040429520168235285,0.0030605977033277315,0.003733619399529411,0.10437710943058823,0.0011306359780504204,0.0023065300295462172,0.0012639597227899163,0.006184115405462183,0.0038884802464986003,0.03092795205177951,0.2792198832524025
2026-07-03 07:50:12.632999897,4924.375384615381,2127.3415384615414,5123.70153846154,4910.4861538461555,4448.926153846154,4654.261538461537,183657.8369230769,1794.5230769230793,4021.2646153846113,2126.5569230769242,10835.603076923067,4783.916923076927,42775.01230769231,454832.56615384616,0.0028181943047974785,0.0029092401358051436,0.002354843686872516,0.0027135217946291203,0.0027804959079870315,0.0005993913803195714,0.002976604371315613,0.0037414782188043556,55311.002585463946,86165.71582465421,56834.75214560983,21355.560023104164,11227.588917640345,41708.51216457743,26504.20383620532,182037.5689258253,52531.111749497264,68371.25134105369,53985.34305230892,9939.989092912698,10472.43868999434,0.0,10893.871976079185,110963.57713411695,0.0,0.0,0.0,0.0,0.0,0.0,0.0,0.0,0.004926355776524862,0.0027268723542536837,0.0050353784112362795,0.004922457816160957,0.00442634999792652,0.0046215938920558,0.1844313039283162,0.0021203624150465928,0.0039975415334588815,0.0021468146920536834,0.011126530819770787,0.004766397567555985,0.052140103611645394,0.467224713362946,0.004075137763781511,0.0015584514157983194,0.003806446462571429,0.004049189699887955,0.0030664579436638657,0.003737143808599439,0.10450129603280671,0.0011306359780504204,0.0023065300295462172,0.0012639597227899163,0.006184115405462183,0.0038884802464986003,0.0309495926797808,0.2795098524629657
2026-07-03 07:50:27.632999897,4924.375384615381,2120.3815384615395,5128.544615384619,4910.4861538461555,4448.926153846154,4654.261538461537,183671.11999999997,1793.3384615384607,4010.8492307692277,2125.119999999999,10783.181538461535,4781.4615384615345,42782.06461538461,455259.12,0.0028181943047974785,0.0029092401358051436,0.00234481819432962,0.0028466093584602024,0.0027804959079870315,0.0005993913803195714,0.002976604371315613,0.003768503005364907,55311.002585463946,86165.71582465421,44198.44684899365,22402.966188534225,11227.588917640345,41708.51216457743,26504.20383620532,181536.87148057405,52531.111749497264,68371.25134105369,41892.33808992647,10427.50643495199,10472.43868999434,0.0,10893.871976079185,110963.57713411695,0.0,0.0,0.0,0.0,0.0,0.0,0.0,0.0,0.004933140518697975,0.002730624999281308,0.005042306204053961,0.00492923020474291,0.00443244229166501,0.004627952946383611,0.1846837768143052,0.0021232798855806627,0.004003019354429578,0.0021497683628639965,0.011141762608690198,0.004772955246193186,0.05221385343756907,0.4678644595992097,0.004075137763781511,0.0015618937199887949,0.0038177575635294117,0.004049189699887955,0.0030664579436638657,0.003737143808599439,0.10466121395695174,0.0011340544769467787,0.0023107286207170864,0.0012676173955294113,0.006199026085680671,0.0038940448747058812,0.031002542021364914,0.2799286590538838
2026-07-03 07:50:42.632999897,4927.581538461538,2120.3815384615395,5128.544615384619,4923.679999999999,4437.8338461538415,4657.101538461541,183694.17846153845,1793.3384615384607,4010.8492307692277,2125.119999999999,10783.181538461535,4781.4615384615345,42790.581538461534,455373.1261538461,0.0028181943047974785,0.0029092401358051436,0.00234481819432962,0.0028466093584602024,0.002773620519519741,0.0005638078138168351,0.002990046886845174,0.003756048279259411,55311.002585463946,86165.71582465421,44198.44684899365,22402.966188534225,10532.604306036952,43911.81142447876,23907.51624662109,181110.95918284784,52531.111749497264,68371.25134105369,41892.33808992647,10427.50643495199,9824.19766612938,0.0,9830.643432042778,110121.53921455513,0.0,0.0,0.0,0.0,0.0,0.0,0.0,0.0,0.004939925260871086,0.0027343776443089322,0.005049233996871641,0.004936002593324862,0.004438534585403499,0.004634312000711417,0.1849362497002942,0.002126197356114733,0.004008497175400274,0.00215272203367431,0.011156994397609614,0.004779512924830387,0.052287603263492737,0.4685042058354735,0.004083092481568626,0.0015618937199887949,0.0038177575635294117,0.004063281738,0.0030734139156078427,0.0037414446713725487,0.10479688710709241,0.0011340544769467787,0.0023107286207170864,0.0012676173955294113,0.006199026085680671,0.0038940448747058812,0.031030142170143528,0.28013007964169095
2026-07-03 07:50:57.632999897,4927.581538461538,2121.381538461539,5098.532307692311,4923.679999999999,4437.8338461538415,4657.101538461541,183576.9076923077,1787.3661538461536,3999.4523076923083,2126.0892307692325,10761.46153846155,4780.673846153844,42762.56,456274.99999999994,0.0028181943047974785,0.0027479660867345706,0.002369721401041445,0.0029077059134430053,0.002773620519519741,0.0005974703094675364,0.002989387908934658,0.0037883979002129057,55311.002585463946,76008.78337507132,40175.802333093015,28157.51272922638,10532.604306036952,46533.59339497685,11641.448422524543,178291.50252179103,52531.111749497264,57858.23192152171,38079.70456671441,17043.833193496455,9824.19766612938,0.0,10601.101174002972,107335.83256194902,0.0,0.0,0.0,0.0,0.0,0.0,0.0,0.0,0.0049467100030441994,0.0027381302893365565,0.005056161789689319,0.004942774981906814,0.004444626879141989,0.0046406710550392265,0.18518872258628322,0.002129114826648803,0.00401397499637097,0.0021556757044846227,0.011172226186529027,0.0047860706034675874,0.05236135308941641,0.46914395207173715,0.004083092481568626,0.0015667300837647058,0.0038209319293445376,0.004063281738,0.0030734139156078427,0.0037414446713725487,0.10492911416473574,0.0011362571317422969,0.0023145032572773113,0.0012715002221176473,0.006218482744722687,0.0038929184792156858,0.03105148078016397,0.2802594691080896
2026-07-03 07:51:12.632999897,4909.070769230763,2121.381538461539,5098.532307692311,4915.9907692307725,4423.409230769231,4629.326153846154,183402.60923076922,1787.3661538461536,3999.4523076923083,2126.0892307692325,10761.46153846155,4780.673846153844,42690.67076923077,458425.4707692308,0.0032406462427408867,0.0029015152636392926,0.002369721401041445,0.0029077059134430053,0.002773620519519741,0.0005974703094675364,0.002989387908934658,0.003894406007278291,66880.28726607331,80255.9559224736,40175.802333093015,28157.51272922638,10532.604306036952,46533.59339497685,11641.448422524543,184748.02225211912,64136.09124299246,61091.19899909915,38079.70456671441,17043.833193496455,9824.19766612938,0.0,10601.101174002972,115143.86193056867,0.0,0.0,0.0,0.0,0.0,0.0,0.0,0.0,0.004954118831008882,0.002739401155991575,0.005061529941154487,0.004950013629413004,0.004449491188919507,0.004646515828753205,0.18543818978431464,0.0021308598335465197,0.0040181917302255,0.0021597923488462455,0.01118697448354927,0.004790520704651281,0.05237265725039604,0.4699536620280686,0.004085846260235293,0.0015667300837647058,0.0038209319293445376,0.004066897112941177,0.0030746569277086827,0.0037374402039327716,0.1050186789094902,0.0011362571317422969,0.0023145032572773113,0.0012715002221176473,0.006218482744722687,0.0038929184792156858,0.03101481317512237,0.28050544822879164
2026-07-03 07:51:27.632999897,4909.070769230763,2150.116923076925,5070.818461538464,4915.9907692307725,4423.409230769231,4629.326153846154,183260.7507692307,1781.6861538461533,3991.1846153846145,2104.556923076926,10657.064615384601,4771.926153846149,42901.16178084615,459513.7876923078,0.0032406462427408867,0.0027543276589501,0.002369721401041445,0.0029077059134430053,0.002773620519519741,0.0005974703094675364,0.002989387908934658,0.003856698146684063,66880.28726607331,76184.74455843135,40175.802333093015,28157.51272922638,10532.604306036952,46533.59339497685,11641.448422524543,174705.92535699694,64136.09124299246,57992.174375327246,38079.70456671441,17043.833193496455,9824.19766612938,0.0,10601.101174002972,105037.29533253783,0.0,0.0,0.0,0.0,0.0,0.0,0.0,0.0,0.004960904429452105,0.0027431503995813187,0.00506845559912152,0.00495678665596978,0.004455581798351741,0.00465287417811218,0.18569065860262068,0.0021337756980153843,0.00402366783040765,0.0021627476102931325,0.011202205613330692,0.004797075499523076,0.05244599431365154,0.47059363996340564,0.004085846260235293,0.0015770167722857144,0.003823884679999999,0.004066897112941177,0.0030746569277086827,0.0037374402039327716,0.1051581861897846,0.0011384707593277313,0.0023201473854957987,0.001270937432621849,0.006228021821759102,0.003893357398739494,0.031106710156421646,0.2810257728371607
2026-07-03 07:51:42.632999897,4889.215384615383,2150.116923076925,5070.818461538464,4898.006153846152,4417.083076923075,4613.981538461533,183130.15999999995,1781.6861538461533,3991.1846153846145,2104.556923076926,10657.064615384601,4771.926153846149,43668.04225164615,460662.09230769234,0.0032406462427408867,0.00337098447624454,0.0023748758961480054,0.0029077059134430053,0.002773620519519741,0.0005643589801773189,0.002989387908934658,0.003989908466415926,66880.28726607331,93573.83082434471,29105.48780141871,28157.51272922638,10532.604306036952,43954.73866438562,11641.448422524543,159191.15744516946,64136.09124299246,76283.4104211862,27587.277393147764,17043.833193496455,9824.19766612938,0.0,10601.101174002972,89193.68202471832,0.0,0.0,0.0,0.0,0.0,0.0,0.0,0.0,0.004967690027895329,0.002746899643171062,0.005075381257088554,0.004963559682526557,0.004461672407783975,0.004659232527471154,0.18594312742092667,0.0021366915624842484,0.0040291439305897995,0.0021657028717400185,0.011217436743112113,0.004803630294394871,0.052519331376907036,0.4712336178987426,0.004087153431686274,0.0015770167722857144,0.003823884679999999,0.004069836493630251,0.00307316025882353,0.0037333274323137246,0.10524937578806721,0.0011384707593277313,0.0023201473854957987,0.001270937432621849,0.006228021821759102,0.003893357398739494,0.031258609627769704,0.28080253963105506
2026-07-03 07:51:57.632999897,4889.215384615383,2176.5353846153844,5060.3415384615355,4898.006153846152,4417.083076923075,4613.981538461533,183110.9692307692,1778.067692307693,3980.3815384615414,2084.2707692307695,10609.384615384612,4780.790769230762,43941.448413292295,461041.14461538446,0.0032406462427408867,0.00337098447624454,0.0023748758961480054,0.0029010244662154745,0.0030428578028957797,0.0005785487472759805,0.002989387908934658,0.004806167323782037,66880.28726607331,93573.83082434471,29105.48780141871,19406.756428513596,11497.60399749285,41749.95936242028,11641.448422524543,186358.7386877746,64136.09124299246,76283.4104211862,27587.277393147764,8049.082933659741,11494.033313021579,0.0,10601.101174002972,116798.97102998532,0.0,0.0,0.0,0.0,0.0,0.0,0.0,0.0,0.004974475626338553,0.002750648886760806,0.005082306915055587,0.004970332709083334,0.004467763017216209,0.004665590876830128,0.18619559623923268,0.002139607426953113,0.004034620030771948,0.002168658133186905,0.011232667872893532,0.004810185089266666,0.05259266844016253,0.4718735958340795,0.004087153431686274,0.0015861746507002804,0.0038278690774285725,0.004069836493630251,0.00307316025882353,0.0037333274323137246,0.10539486068067971,0.0011410855842016805,0.002325665414621849,0.0012705681517086837,0.006241653857243698,0.003897846144974788,0.031351773567739584,0.2810256706248194
2026-07-03 07:52:12.632999897,4899.00923076923,2176.5353846153844,5060.3415384615355,4907.892307692312,4426.71692307692,4620.720000000003,183120.26461538457,1778.067692307693,3980.3815384615414,2084.2707692307695,10609.384615384612,4780.790769230762,44365.21048714614,460876.5230769229,0.0032406462427408867,0.00337098447624454,0.0026101342733649796,0.0031259314878177087,0.0030428578028957797,0.0005785487472759805,0.003357132843544998,0.005130270411048191,66880.28726607331,93573.83082434471,43617.770849571316,24592.979726904457,11497.60399749285,41749.95936242028,17623.32631815057,197525.58028611908,64136.09124299246,76283.4104211862,42195.649401261246,13867.390844959606,11494.033313021579,0.0,16648.892793450304,126908.30610743022,0.0,0.0,0.0,0.0,0.0,0.0,0.0,0.0,0.004976662879812841,0.002758782419749453,0.005085930287076685,0.0049750396382251365,0.00447137968688561,0.004666861344641892,0.18640890500903395,0.0021411652532,0.00403880721670625,0.002168510164578233,0.011243189095852266,0.004814700818014207,0.052695772186825,0.4728634028170837,0.00409837928860504,0.0015861746507002804,0.0038278690774285725,0.004077870121647059,0.0030813623630028004,0.0037390647349131653,0.10552025888543416,0.0011410855842016805,0.002325665414621849,0.0012705681517086837,0.006241653857243698,0.003897846144974788,0.0314679387200842,0.28127004435094394
2026-07-03 07:52:27.632999897,4899.00923076923,2208.9538461538473,5046.78769230769,4907.892307692312,4426.71692307692,4620.720000000003,183059.50461538456,1782.0553846153834,3969.8153846153873,2069.012307692311,10561.356923076934,4786.150769230766,44674.065193941016,462078.33846153837,0.0032617978540482435,0.003370984476244539,0.0026101342733649796,0.0031259314878177087,0.0030428578028957797,0.0005785487472759805,0.0034225963182956524,0.00635368028849142,56647.1193338389,93573.83082434468,43617.770849571316,24592.979726904457,11497.60399749285,41749.95936242028,7421.403320076762,221867.01749974067,54455.81576951666,76283.41042118618,42195.649401261246,13867.390844959606,11494.033313021579,0.0,7417.585725776311,153541.92891344853,0.0,0.0,0.0,0.0,0.0,0.0,0.0,0.0,0.004983442203583332,0.002762537637873315,0.005092851453743351,0.0049818098531613855,0.004477466920036794,0.004673212750834972,0.18666132071782018,0.0021440792677719484,0.004044281567702627,0.002171461202374226,0.011258413832718205,0.004821252838050637,0.05277638014264433,0.4735038569544556,0.00409837928860504,0.0015959494786274508,0.0038382368894453777,0.004077870121647059,0.0030813623630028004,0.0037390647349131653,0.10567565450692498,0.001144863082470588,0.002331102229882353,0.0012711464277254906,0.006253540481904763,0.003904683209355741,0.03156667047376947,0.2815752314756859
2026-07-03 07:52:42.632999897,4891.812307692303,2208.9538461538473,5046.78769230769,4917.723076923075,4426.901538461544,4611.196923076928,183006.96923076911,1782.0553846153834,3969.8153846153873,2069.012307692311,10561.356923076934,4786.150769230766,45014.82997819486,462461.5138461539,0.004641886195164628,0.003370984476244539,0.0026101342733649796,0.0031259314878177087,0.0030428578028957797,0.0005713793831043989,0.0034225963182956524,0.00803285557992022,57347.28827017561,93573.83082434468,43617.770849571316,24592.979726904457,11497.60399749285,23036.66078416328,7421.403320076762,274816.9115893227,55297.50413231831,76283.41042118618,42195.649401261246,13867.390844959606,11494.033313021579,0.0,7417.585725776311,204306.69316269972,0.0,0.0,0.0,0.0,0.0,0.0,0.0,0.0,0.004990221527353825,0.002766292855997177,0.005099772620410018,0.004988580068097633,0.004483554153187978,0.00467956415702805,0.1869137364266064,0.0021469932823438976,0.0040497559186990035,0.002174412240170219,0.01127363856958415,0.0048278048580870665,0.052856988098463675,0.4741443110918274,0.00410498995932773,0.0015959494786274508,0.0038382368894453777,0.0040895601651540605,0.0030857481241904766,0.0037421498471260513,0.10579179203776468,0.001144863082470588,0.002331102229882353,0.0012711464277254906,0.006253540481904763,0.003904683209355741,0.03167680101256647,0.2819067359461738
2026-07-03 07:52:57.632999897,4891.812307692303,2245.759999999998,5025.683076923073,4917.723076923075,4426.901538461544,4611.196923076928,182877.09230769225,1785.7353846153835,3962.2615384615387,2056.2399999999984,10567.784615384613,4776.29538461538,45294.89616589614,462751.68615384627,0.004641886195164628,0.003408901979318727,0.0026101342733649796,0.0031259314878177087,0.002883940652793355,0.0005829106765270163,0.0034225963182956524,0.00836439536595838,57347.28827017561,99955.5577577631,43617.770849571316,24592.979726904457,12092.59151407322,43253.00692700885,7421.403320076762,287912.36524817295,55297.50413231831,81689.5675076135,42195.649401261246,13867.390844959606,12088.826697288017,0.0,7417.585725776311,217157.12402832744,0.0,0.0,0.0,0.0,0.0,0.0,0.0,0.0,0.004997000851124317,0.0027700480741210385,0.005106693787076686,0.00499535028303388,0.004489641386339162,0.004685915563221128,0.18716615213539267,0.002149907296915847,0.00405523026969538,0.0021773632779662115,0.01128886330645009,0.004834356878123496,0.052937596054283026,0.4747847652291993,0.00410498995932773,0.0016059992398655457,0.003841953944621847,0.0040895601651540605,0.0030857481241904766,0.0037421498471260513,0.10593051580741238,0.0011483458897478989,0.002337234540235294,0.0012716562288403357,0.00627102955054902,0.003909609911170867,0.031765884980840244,0.2821463932867628
2026-07-03 07:53:12.632999897,4887.473846153841,2245.759999999998,5025.683076923073,4926.138461538461,4429.13846153846,4597.701538461536,182837.51999999996,1785.7353846153835,3962.2615384615387,2056.2399999999984,10567.784615384613,4776.29538461538,45633.960080851924,463156.9538461539,0.004641886195164628,0.003408901979318727,0.0028295508269949423,0.0031259314878177087,0.0030516219827929998,0.0005829106765270163,0.0034225963182956524,0.00870068956013073,57347.28827017561,99955.5577577631,72228.80163170966,24592.979726904457,12795.692608146775,43253.00692700885,7421.403320076762,292029.6879320054,55297.50413231831,81689.5675076135,70047.46956394154,13867.390844959606,12791.708893138013,0.0,7417.585725776311,219978.02845501556,0.0,0.0,0.0,0.0,0.0,0.0,0.0,0.0,0.00500311945795625,0.0027784395880938407,0.005111290441623461,0.005003832892180435,0.00449652097877029,0.004690820492306069,0.18740278298098964,0.002151715318495018,0.004059544603965135,0.002177476713180254,0.011299751760281081,0.0048398099237804346,0.053132992337330334,0.475543844524178,0.0041108968193557405,0.0016059992398655457,0.003841953944621847,0.004099090742677869,0.003092651848151261,0.0037469836631092426,0.10604883082110925,0.0011483458897478989,0.002337234540235294,0.0012716562288403357,0.00627102955054902,0.003909609911170867,0.031877402939467635,0.28253751870737476
2026-07-03 07:53:27.632999897,4887.473846153841,2277.381538461541,5026.886153846156,4926.138461538461,4429.13846153846,4597.701538461536,182759.5999999999,1791.7846153846153,3954.3015384615355,2042.747692307692,10514.806153846155,4769.603076923076,45950.28273301116,464032.07692307694,0.004810652476873412,0.003213175223673443,0.0028295508269949423,0.0032109681891513155,0.0033262665296800403,0.0005829106765270163,0.0034225963182956524,0.01010115992291745,62528.52328144385,94216.47310606782,72228.80163170966,23897.06575247752,33548.53121218846,43253.00692700885,7421.403320076762,320231.0913268441,60292.98469314603,76999.24959429908,70047.46956394154,13563.679180067826,32808.05882310826,0.0,7417.585725776311,248198.82002888358,0.0,0.0,0.0,0.0,0.0,0.0,0.0,0.0,0.0050098978850395826,0.002782201089905435,0.005118208463815489,0.0050106054247891305,0.004502609286741305,0.004697169934787953,0.18765517741116983,0.002154627834346467,0.004065017389100269,0.0021804239097382243,0.011314970643163962,0.00484636045638913,0.05322998597276857,0.47618445870090476,0.0041108968193557405,0.001615214734543417,0.0038471660388571436,0.004099090742677869,0.003092651848151261,0.0037469836631092426,0.10620039274016121,0.0011521803288851537,0.002342905363994397,0.001272066375904762,0.006280467730554621,0.003916080676840335,0.03197047134395302,0.2828463736991099
2026-07-03 07:53:42.632999897,4874.129230769233,2277.381538461541,5026.886153846156,4936.46153846154,4422.046153846156,4584.276923076917,182697.5323076922,1791.7846153846153,3954.3015384615355,2042.747692307692,10514.806153846155,4769.603076923076,46259.322736173846,464256.646153846,0.004810652476873412,0.004321185432447461,0.0028295508269949423,0.003253754542276826,0.0033262665296800403,0.0005829106765270163,0.003817653830188763,0.01048772150377957,62528.52328144385,91396.17409166772,72228.80163170966,24215.49565701647,33548.53121218846,43253.00692700885,7470.441581116299,338793.23837126204,60292.98469314603,74992.54161852183,70047.46956394154,13744.416058446217,32808.05882310826,0.0,7466.935977371054,263876.2835777311,0.0,0.0,0.0,0.0,0.0,0.0,0.0,0.0,0.0050166763121229155,0.002785962591717029,0.005125126486007518,0.005017377957397825,0.004508697594712318,0.0047035193772698375,0.18790757184134999,0.0021575403501979157,0.004070490174235406,0.0021833711062961953,0.011330189526046846,0.004852910988997825,0.053326979608206794,0.47682507287763154,0.004116068751372549,0.001615214734543417,0.0038471660388571436,0.004110458822554622,0.0030988368440672265,0.0037497409566834717,0.10631552922997756,0.0011521803288851537,0.002342905363994397,0.001272066375904762,0.006280467730554621,0.003916080676840335,0.03207797307486665,0.2831839629809873
2026-07-03 07:53:57.632999897,4874.129230769233,2309.52,5026.335384615384,4936.46153846154,4422.046153846156,4584.276923076917,182598.51076923072,1797.0338461538447,3940.5569230769224,2030.621538461538,10510.178461538457,4753.418461538462,46550.73469050051,464231.403076923,0.006222527908199162,0.004321185432447461,0.0028295508269949423,0.0034229082500408783,0.0033262665296800403,0.0005829106765270163,0.003817653830188763,0.011129294035281397,70842.41155350444,91396.17409166772,72228.80163170966,25474.392363115985,33548.53121218846,43253.00692700885,7470.441581116299,332595.4863763649,68758.70388353839,74992.54161852183,70047.46956394154,14458.950270271269,32808.05882310826,0.0,7466.935977371054,259966.8214120817,0.0,0.0,0.0,0.0,0.0,0.0,0.0,0.0,0.00502345473920625,0.0027897240935286236,0.005132044508199547,0.005024150490006522,0.004514785902683333,0.004709868819751722,0.1881599662715302,0.0021604528660493657,0.00407596295937054,0.0021863183028541667,0.011345408408929732,0.004859461521606521,0.053423973243645034,0.47746568705435816,0.004116068751372549,0.0016244790257142852,0.0038493271124705867,0.004110458822554622,0.0030988368440672265,0.0037497409566834717,0.10645478003282413,0.001155900185523809,0.0023472197885714284,0.0012727592407619046,0.0062948722894509805,0.003919902483238096,0.032165660634914536,0.2833410199301341
2026-07-03 07:54:12.632999897,4873.723076923077,2309.52,5026.335384615384,4930.01538461538,4415.249230769233,4575.972307692302,182540.50769230764,1797.0338461538447,3940.5569230769224,2030.621538461538,10510.178461538457,4753.418461538462,46866.37529286538,464354.4892307692,0.006222527908199162,0.004264246119366502,0.003029936379509308,0.0034229082500408783,0.0033262665296800403,0.0005942767611670815,0.003907188437394561,0.01136313159088176,70842.41155350444,81944.66960263568,73045.89855899372,25474.392363115985,33548.53121218846,40567.5060919215,8091.0948212253015,321498.504437497,68758.70388353839,79301.41275198967,70979.45697358654,14458.950270271269,32808.05882310826,0.0,8087.29796771933,255653.38716894086,0.0,0.0,0.0,0.0,0.0,0.0,0.0,0.0,0.0050292877164887385,0.002797300669737207,0.005137998334832522,0.005032386826195226,0.004520555743744865,0.004714563906814774,0.18839919626945187,0.0021623256558751347,0.004079356954542742,0.0021864634669018918,0.011353025052168817,0.004864304055446666,0.05350879773352174,0.4781802140832322,0.004122211246554621,0.0016244790257142852,0.0038493271124705867,0.0041198951491876745,0.003105659590392157,0.003755716791025208,0.10657148559619045,0.001155900185523809,0.0023472197885714284,0.0012727592407619046,0.0062948722894509805,0.003919902483238096,0.032276771610724696,0.28367486139329995
2026-07-03 07:54:27.632999897,4873.723076923077,2344.8492307692327,5031.929230769226,4930.01538461538,4415.249230769233,4575.972307692302,182488.91692307687,1806.7476923076924,3930.1107692307723,2021.5169230769252,10478.69846153846,4732.870769230772,47181.330245107514,464832.8892307692,0.006222527908199162,0.0044846762824814436,0.003029936379509308,0.0034229082500408783,0.0033262665296800403,0.0006106107593514368,0.003907188437394561,0.011659401732686845,70842.41155350444,86180.60636174385,73045.89855899372,25474.392363115985,33548.53121218846,44054.52412465959,8091.0948212253015,323533.77611839736,68758.70388353839,83400.71257166407,70979.45697358654,14458.950270271269,32808.05882310826,0.0,8087.29796771933,257137.9281373012,0.0,0.0,0.0,0.0,0.0,0.0,0.0,0.0,0.00503606486738964,0.002801067315232703,0.005144915060508198,0.005039161329348379,0.004526643621222341,0.004720911115823783,0.1886515730405092,0.0021652367702895492,0.004084826948718369,0.0021894068907757657,0.011368233727796056,0.004870852288780001,0.05360580860684915,0.4788209273242715,0.004122211246554621,0.0016337227331932776,0.0038513803987563016,0.0041198951491876745,0.003105659590392157,0.003755716791025208,0.10671298594850917,0.0011598332878151262,0.002352624779411764,0.0012732758592436974,0.006304249553904759,0.0039224526366666655,0.03236633192863223,0.28393467745780765
2026-07-03 07:54:42.632999897,4870.203076923075,2344.8492307692327,5031.929230769226,4932.775384615385,4404.446153846154,4555.492307692309,182426.9569230769,1806.7476923076924,3930.1107692307723,2021.5169230769252,10478.69846153846,4732.870769230772,47475.65364124397,464954.64615384606,0.006222527908199162,0.0044846762824814436,0.0029207972931131637,0.0036199432335643927,0.0034810739202046563,0.0006106107593514368,0.003907188437394561,0.012103154965318965,70842.41155350444,86180.60636174385,76435.15574434189,27042.465225556552,34563.602540903936,44054.52412465959,8091.0948212253015,339060.2584383206,68758.70388353839,83400.71257166407,74272.83332059046,16667.279621232352,33874.06300149142,0.0,8087.29796771933,271632.06513502606,0.0,0.0,0.0,0.0,0.0,0.0,0.0,0.0,0.0050428420182905415,0.0028048339607281985,0.005151831786183873,0.005045935832501531,0.004532731498699819,0.004727258324832792,0.18890394981156655,0.0021681478847039633,0.004090296942893996,0.0021923503146496397,0.011383442403423297,0.004877400522113333,0.05370281948017655,0.479461640565311,0.004128712233770308,0.0016337227331932776,0.0038513803987563016,0.004131920546901961,0.003109206601411764,0.0037581063796078436,0.10682907546218486,0.0011598332878151262,0.002352624779411764,0.0012732758592436974,0.006304249553904759,0.0039224526366666655,0.03247188168730436,0.2842685095844287
2026-07-03 07:54:57.632999897,4870.203076923075,2381.184615384614,5040.4338461538455,4932.775384615385,4404.446153846154,4555.492307692309,182326.5446153846,1822.3353846153832,3929.830769230767,2018.141538461538,10493.258461538462,4701.218461538457,47783.65031012857,464227.39076923067,0.006222527908199162,0.0044846762824814436,0.00295964915508514,0.0036199432335643927,0.00352134439148738,0.0006106107593514368,0.003907188437394561,0.013606963970689697,70842.41155350444,86180.60636174385,77451.88091311265,27042.465225556552,36672.85995099228,44054.52412465959,8091.0948212253015,374125.1263886521,68758.70388353839,83400.71257166407,75260.79570854636,16667.279621232352,35941.24099056647,0.0,8087.29796771933,307669.3514038061,0.0,0.0,0.0,0.0,0.0,0.0,0.0,0.0,0.005049619169191442,0.0028086006062236937,0.005158748511859549,0.005052710335654684,0.004538819376177297,0.0047336055338418,0.1891563265826239,0.002171058999118378,0.004095766937069624,0.0021952937385235137,0.011398651079050536,0.004883948755446666,0.05379983035350394,0.48010235380635047,0.004128712233770308,0.0016433311729747895,0.003851805620128849,0.004131920546901961,0.003109206601411764,0.0037581063796078436,0.10695995567094925,0.001164982205669467,0.002359152990117647,0.001275018807887955,0.006320192626050417,0.00392546807697479,0.03255954197744774,0.2843490086856885
2026-07-03 07:55:12.632999897,4874.670769230775,2381.184615384614,5040.4338461538455,4939.60923076923,4399.326153846152,4551.80615384615,182319.22461538462,1822.3353846153832,3929.830769230767,2018.141538461538,10493.258461538462,4701.218461538457,48117.18954924422,463623.0338461539,0.00783120670553451,0.0044846762824814436,0.0032920565940121956,0.0036199432335643927,0.00352134439148738,0.0006106107593514368,0.003907188437394561,0.014257748254055333,104807.88741296428,86180.60636174385,105707.14893042715,27042.465225556552,36672.85995099228,44054.52412465959,8091.0948212253015,383578.3442027587,102089.07538780221,83400.71257166407,102817.82756371325,16667.279621232352,35941.24099056647,0.0,8087.29796771933,315023.82147502113,0.0,0.0,0.0,0.0,0.0,0.0,0.0,0.0,0.005055335850739516,0.0028164311528194445,0.005165958507126524,0.005061313117267472,0.00454350587632276,0.004738853591365232,0.18939076447578557,0.002173716317825089,0.0041007500694196074,0.002195954442445251,0.011407323194943758,0.004887151657710484,0.05388351393872526,0.48072342930440315,0.004138268137019608,0.0016433311729747895,0.003851805620128849,0.004143725001680672,0.003116403973148458,0.0037628228798039206,0.10708574921357981,0.001164982205669467,0.002359152990117647,0.001275018807887955,0.006320192626050417,0.00392546807697479,0.03267344358388642,0.28457593202182885
2026-07-03 07:55:27.632999897,4874.670769230775,2417.424615384615,5038.399999999994,4939.60923076923,4399.326153846152,4551.80615384615,181997.02153846153,1889.6123076923072,3927.615384615383,2043.64923076923,10472.59384615384,4660.796923076929,48398.552569407475,464465.61846153846,0.00821814018837489,0.005244052289821296,0.0032920565940121956,0.003648936976156336,0.00352134439148738,0.0006106107593514368,0.004327235499150804,0.0145978157258098,109986.35893475165,109138.71194339266,105707.14893042715,28722.375792694645,36672.85995099228,44054.52412465959,7406.796468615978,383976.0878066284,107133.21264341056,106008.83375880205,102817.82756371325,17702.67114074118,35941.24099056647,0.0,7403.3337306689855,315760.89946032583,0.0,0.0,0.0,0.0,0.0,0.0,0.0,0.0,0.005062111577890053,0.0028202032473534943,0.005172875627198207,0.005068090068432347,0.004549591871842472,0.004745199324340143,0.18964311731624903,0.0021766270920186375,0.0041062194134481285,0.0021988948093807346,0.01142252314102219,0.0048936954117427415,0.053980448403555016,0.4813641161716047,0.004138268137019608,0.001652777476745098,0.003855875792717086,0.004143725001680672,0.003116403973148458,0.0037628228798039206,0.1071910275344793,0.001180180577187675,0.0023649999714677864,0.0012823493132885153,0.006331343361927169,0.003930063091691878,0.032763938030855304,0.2848329759075421
2026-07-03 07:55:42.632999897,4869.640000000004,2417.424615384615,5038.399999999994,4937.243076923082,4384.876923076923,4527.473846153849,181913.11076923073,1889.6123076923072,3927.615384615383,2043.64923076923,10472.59384615384,4660.796923076929,48658.23296349231,464493.0769230768,0.00821814018837489,0.005244052289821296,0.0032920565940121956,0.003648936976156336,0.0036861583016838868,0.0006106107593514368,0.0043883219716128585,0.015163543203955975,109986.35893475165,109138.71194339266,105707.14893042715,28722.375792694645,53931.419392602875,44054.52412465959,7843.252122769246,394242.81513301365,107133.21264341056,106008.83375880205,102817.82756371325,17702.67114074118,52547.93700058534,0.0,7839.585338233122,325963.8907812073,0.0,0.0,0.0,0.0,0.0,0.0,0.0,0.0,0.005068887305040591,0.0028239753418875446,0.005179792747269893,0.005074867019597222,0.004555677867362187,0.004751545057315054,0.18989547015671246,0.0021795378662121862,0.004111688757476649,0.002201835176316219,0.011437723087100622,0.004900239165775,0.05407738286838476,0.482004803038806,0.004144026361008404,0.001652777476745098,0.003855875792717086,0.004149828081383754,0.0031207013923585433,0.0037608710914285703,0.10730009802243695,0.001180180577187675,0.0023649999714677864,0.0012823493132885153,0.006331343361927169,0.003930063091691878,0.03285804446960497,0.2850998600213019
2026-07-03 07:55:57.632999897,4869.640000000004,2453.4123076923065,5030.203076923073,4937.243076923082,4384.876923076923,4527.473846153849,181682.4246153846,1941.7199999999984,3921.3230769230768,2067.067692307691,10487.095384615379,4627.883076923079,48937.22046569469,464519.5507692307,0.00821814018837489,0.005244052289821296,0.0032920565940121956,0.0035006672005000734,0.0035439133593798016,0.0006075817295574837,0.0043883219716128585,0.015404489288834892,109986.35893475165,109138.71194339266,105707.14893042715,27555.279664993468,56246.112116722856,40218.70135394607,7843.252122769246,409102.2648864876,107133.21264341056,106008.83375880205,102817.82756371325,16983.346281006514,54803.251783927626,0.0,7839.585338233122,340213.40932909906,0.0,0.0,0.0,0.0,0.0,0.0,0.0,0.0,0.0050756630321911285,0.002827747436421595,0.0051867098673415764,0.005081643970762096,0.0045617638628819,0.004757890790289963,0.19014782299717592,0.0021824486404057345,0.004117158101505169,0.0022047755432517027,0.011452923033179054,0.004906782919807257,0.05417431733321451,0.48264548990600736,0.004144026361008404,0.0016624694498823525,0.003857354652420167,0.004149828081383754,0.0031207013923585433,0.0037608710914285703,0.1074134086136931,0.001192978243058823,0.002371054438588235,0.0012898301654117638,0.006347549665294115,0.003933449488717087,0.0329447431268178,0.28525450544074943
2026-07-03 07:56:12.632999897,4871.467692307691,2453.4123076923065,5030.203076923073,4927.507692307694,4382.692307692308,4520.206153846159,181613.5846153846,1941.7199999999984,3921.3230769230768,2067.067692307691,10487.095384615379,4627.883076923079,49232.73558457769,464541.4246153846,0.00821814018837489,0.005368494316124821,0.0032920565940121956,0.003917691833462088,0.003591061740143126,0.0006023465971215479,0.0043883219716128585,0.016017992657787455,109986.35893475165,100627.963217725,105707.14893042715,51173.992719033195,56994.41289092688,44167.39022683404,7843.252122769246,404707.2265056792,107133.21264341056,97988.44399391788,102817.82756371325,40361.21600455887,55532.356680168414,0.0,7839.585338233122,337464.14711736835,0.0,0.0,0.0,0.0,0.0,0.0,0.0,0.0,0.005080652174755614,0.0028356712654237963,0.005192158506091979,0.005087781697580035,0.004566169275107575,0.004762484264429857,0.19034046753360406,0.002195307904090374,0.0041225189660164,0.002212188067707932,0.011462431134873757,0.0049103570834401955,0.0542463734940598,0.48328554214742003,0.004148959211137254,0.0016624694498823525,0.003857354652420167,0.0041548116955294105,0.003125728612285714,0.003763436422218488,0.1075201085625882,0.001192978243058823,0.002371054438588235,0.0012898301654117638,0.006347549665294115,0.003933449488717087,0.0330432070475952,0.2855283122389301
2026-07-03 07:56:27.632999897,4871.467692307691,2492.403076923077,5011.381538461542,4927.507692307694,4382.692307692308,4520.206153846159,181524.16307692305,1977.9169230769232,3925.7384615384544,2092.787692307691,10457.510769230776,4603.87384615384,49517.38209631111,465033.03692307696,0.00821814018837489,0.005368494316124821,0.0032920565940121956,0.003917691833462088,0.0037718704610659806,0.0006023465971215479,0.0045156269740931135,0.01657325277017047,109986.35893475165,100627.963217725,105707.14893042715,51173.992719033195,59864.06193632224,44167.39022683404,25465.003701225854,419589.48594027327,107133.21264341056,97988.44399391788,102817.82756371325,40361.21600455887,58328.39169926357,0.0,24489.05361393119,356263.09610528336,0.0,0.0,0.0,0.0,0.0,0.0,0.0,0.0,0.00508742551611034,0.002839448896885472,0.00519907367186738,0.005094557797401782,0.004572253025998841,0.004768827657032353,0.1905927410770438,0.0021982319477623882,0.004127988165927748,0.0022151343925742423,0.01147762351785248,0.004916896882459804,0.054342862906022575,0.4839262279767838,0.004148959211137254,0.0016723829906162462,0.0038603598159439767,0.0041548116955294105,0.003125728612285714,0.003763436422218488,0.10765592274044568,0.0012023882245322122,0.002377998251837534,0.001297764033154061,0.006357042916941178,0.003937840870268905,0.03313369449689791,0.2858452152195146
2026-07-03 07:56:42.632999897,4861.9661538461505,2492.403076923077,5011.381538461542,4926.363076923083,4378.301538461535,4506.69846153846,181447.46461538458,1977.9169230769232,3925.7384615384544,2092.787692307691,10457.510769230776,4603.87384615384,49799.370838155926,465045.78769230767,0.007849197584096893,0.005368494316124821,0.003065687986111113,0.003989125236953217,0.0037718704610659806,0.0006023465971215479,0.0046559489318909394,0.018055562278187116,105048.66588373226,100627.963217725,106063.36,54551.326079272774,59864.06193632224,44167.39022683404,27860.611002724658,443976.62681213126,102323.60784581407,97988.44399391788,103164.30222222222,43024.937829440685,58328.39169926357,0.0,26792.848906193612,380618.80688172544,0.0,0.0,0.0,0.0,0.0,0.0,0.0,0.0,0.005094198857465063,0.002843226528347147,0.00520598883764278,0.005101333897223529,0.004578336776890107,0.004775171049634849,0.19084501462048353,0.0022011559914344022,0.004133457365839094,0.0022180807174405526,0.011492815900831205,0.004923436681479411,0.054439352317985336,0.48456691380614747,0.004151671793882351,0.0016723829906162462,0.0038603598159439767,0.004161874776235295,0.0031274129601120437,0.0037665320078095242,0.10776130679113163,0.0012023882245322122,0.002377998251837534,0.001297764033154061,0.006357042916941178,0.003937840870268905,0.03322907795473424,0.28612507950691296
2026-07-03 07:56:57.632999897,4861.9661538461505,2531.86769230769,4987.796923076927,4926.363076923083,4378.301538461535,4506.69846153846,181324.64307692304,2010.5538461538474,3920.412307692305,2116.215384615383,10468.492307692293,4590.809230769229,50068.094575315954,465306.7415384614,0.010593583528826535,0.005368494316124821,0.003065687986111113,0.003989125236953217,0.003966689665273223,0.0006023465971215479,0.0046559489318909394,0.018583058948623322,112957.4925336812,100627.963217725,106063.36,54551.326079272774,61841.03433733132,44167.39022683404,27860.611002724658,463976.5445704138,110161.31543206231,97988.44399391788,103164.30222222222,43024.937829440685,60391.86096371808,0.0,26792.848906193612,399722.85438045126,0.0,0.0,0.0,0.0,0.0,0.0,0.0,0.0,0.005100972198819787,0.002847004159808824,0.005212904003418182,0.005108109997045276,0.004584420527781372,0.0047815144422373446,0.1910972881639232,0.0022040800351064167,0.004138926565750442,0.002221027042306863,0.011508008283809927,0.00492997648049902,0.054535841729948104,0.4852075996355111,0.004151671793882351,0.0016822027338935569,0.003862662842991597,0.004161874776235295,0.0031274129601120437,0.0037665320078095242,0.1078944462367233,0.001211740236190476,0.002383915391820728,0.001305722364145658,0.006374404286789913,0.003943549909333333,0.033317233435829874,0.28635252244558873
2026-07-03 07:57:12.632999897,4855.049230769227,2531.86769230769,4987.796923076927,4918.60307692308,4383.569230769234,4488.138461538455,181259.77846153843,2010.5538461538474,3920.412307692305,2116.215384615383,10468.492307692293,4590.809230769229,50356.43383911602,465336.12307692296,0.010593583528826535,0.005613110182145717,0.0037118816843271702,0.003989125236953217,0.003966689665273223,0.0005969509023455052,0.0046559489318909394,0.018923894476950514,112957.4925336812,110899.14208682072,130155.96173173662,54551.326079272774,61841.03433733132,41365.79182153572,27860.611002724658,463220.79251744435,110161.31543206231,107982.03379585438,126557.14553397961,43024.937829440685,60391.86096371808,0.0,26792.848906193612,400302.46547041787,0.0,0.0,0.0,0.0,0.0,0.0,0.0,0.0,0.005106494775532801,0.002855017418277039,0.005217668307100178,0.005114359715601773,0.0045897882575828,0.004785156423401329,0.19132068168290625,0.002211356741913386,0.004144704269820987,0.00222809852782367,0.011517475018483596,0.004934813338037854,0.05461042956186766,0.4858798309734784,0.0041560172755294115,0.0016822027338935569,0.003862662842991597,0.00416704508952381,0.003132339887058823,0.0037718439146386547,0.10800443664291315,0.001211740236190476,0.002383915391820728,0.001305722364145658,0.006374404286789913,0.003943549909333333,0.03341848357887689,0.28663317467416133
2026-07-03 07:57:27.632999897,4855.049230769227,2572.83076923077,4961.443076923082,4918.60307692308,4383.569230769234,4488.138461538455,181118.00307692305,2047.6246153846175,3920.1723076923076,2143.1507692307678,10451.307692307695,4580.584615384615,50630.43672133782,465873.33538461546,0.010593583528826535,0.0062941136715075115,0.0037118816843271702,0.003989125236953217,0.003966689665273223,0.0005969509023455052,0.004861136806402327,0.01894864740438943,112957.4925336812,129868.1113502096,130155.96173173662,54551.326079272774,61841.03433733132,41365.79182153572,44598.80306661621,463372.4634119557,110161.31543206231,126572.04133640436,126557.14553397961,43024.937829440685,60391.86096371808,0.0,42582.34873649245,399486.9987116635,0.0,0.0,0.0,0.0,0.0,0.0,0.0,0.0,0.00511326645549734,0.002858800669606826,0.0052245806253625885,0.005121135118084041,0.004595871056341665,0.004791496227036081,0.19157291708281807,0.002214286552640336,0.004150173877404762,0.0022310503190470744,0.011532659835062081,0.004941350881034308,0.05470672657807949,0.48652055828735397,0.0041560172755294115,0.0016918002547899162,0.0038671466569411765,0.00416704508952381,0.003132339887058823,0.0037718439146386547,0.10813762904623403,0.0012218713777647056,0.002391138420638655,0.0013142711583865546,0.006389109848291316,0.003946588509663865,0.033506230712885575,0.28702007833053683
2026-07-03 07:57:42.632999897,4837.772307692307,2572.83076923077,4961.443076923082,4916.6,4387.000000000001,4464.507692307695,181033.5969230769,2047.6246153846175,3920.1723076923076,2143.1507692307678,10451.307692307695,4580.584615384615,50913.896403315375,465772.116923077,0.010593583528826535,0.0062941136715075115,0.0037118816843271702,0.0038830538935236,0.003966689665273223,0.0005969509023455052,0.004861136806402327,0.020021248066800123,112957.4925336812,129868.1113502096,130155.96173173662,56068.494415657646,61841.03433733132,41365.79182153572,44598.80306661621,472712.9690845067,110161.31543206231,126572.04133640436,126557.14553397961,44227.54090760585,60391.86096371808,0.0,42582.34873649245,408858.8870751866,0.0,0.0,0.0,0.0,0.0,0.0,0.0,0.0,0.005120038135461878,0.002862583920936614,0.005231492943625001,0.0051279105205663126,0.00460195385510053,0.004797836030670834,0.19182515248272988,0.002217216363367287,0.004155643484988535,0.0022340021102704786,0.011547844651640564,0.004947888424030763,0.054803023594291345,0.4871612856012294,0.00415811587352381,0.0016918002547899162,0.0038671466569411765,0.004172735902436975,0.003134399860705882,0.0037772101638095246,0.10824360211971426,0.0012218713777647056,0.002391138420638655,0.0013142711583865546,0.006389109848291316,0.003946588509663865,0.033605292677221094,0.2873475800409364
2026-07-03 07:57:57.632999897,4837.772307692307,2613.7323076923058,4952.452307692304,4916.6,4387.000000000001,4464.507692307695,180950.84615384616,2076.62153846154,3917.390769230771,2164.889230769229,10442.756923076931,4575.424615384619,51208.2492420945,465956.4000000001,0.011303653782723378,0.0062941136715075115,0.0037118816843271702,0.004440645117125507,0.003992664262047268,0.000595526656475588,0.004861136806402327,0.020610471923038696,136563.3943492187,129868.1113502096,130155.96173173662,77687.22256647515,62868.53387173831,43912.14224588761,44598.80306661621,492935.1863976905,133267.04846937268,126572.04133640436,126557.14553397961,65626.65815566771,61462.08690075442,0.0,42582.34873649245,426757.43558815296,0.0,0.0,0.0,0.0,0.0,0.0,0.0,0.0,0.0051268098154264195,0.002866367172266401,0.005238405261887413,0.005134685923048582,0.004608036653859396,0.0048041758343055855,0.1920773878826417,0.0022201461740942374,0.00416111309257231,0.0022369539014938833,0.011563029468219044,0.004954425967027216,0.05489932061050318,0.48780201291510483,0.00415811587352381,0.0017010015788571427,0.0038696345947619036,0.004172735902436975,0.003134399860705882,0.0037772101638095246,0.10837700749616928,0.0012314181853781507,0.0023976796430028005,0.001322399831596638,0.006406941724268909,0.003949863561647058,0.03369088386395952,0.28754371663107137
2026-07-03 07:58:12.632999897,4844.129230769231,2613.7323076923058,4952.452307692304,4907.664615384615,4386.719999999997,4446.541538461541,180881.3323076923,2076.62153846154,3917.390769230771,2164.889230769229,10442.756923076931,4575.424615384619,51516.43938042526,465765.69846153853,0.011891500882925435,0.0062941136715075115,0.0037118816843271702,0.004440645117125507,0.004045667359387523,0.000595526656475588,0.004861136806402327,0.021166284492717402,146212.38082764664,129868.1113502096,130155.96173173662,77687.22256647515,63703.12120534353,43912.14224588761,44598.80306661621,512345.63955479825,142682.86131070394,126572.04133640436,126557.14553397961,65626.65815566771,62278.00348199622,0.0,42582.34873649245,446737.8737362419,0.0,0.0,0.0,0.0,0.0,0.0,0.0,0.0,0.0051314363884975315,0.0028742704500358024,0.005242823453806702,0.0051403559086595245,0.004615056922711199,0.00480785632352337,0.19229967350980282,0.002227373125679453,0.004167210683671667,0.00224398322255485,0.01157364939164035,0.004957689073824604,0.05497259764852289,0.4884785383672499,0.00416448065767507,0.0017010015788571427,0.0038696345947619036,0.0041775676922352935,0.0031393674873333322,0.003785157604453781,0.1084890967765714,0.0012314181853781507,0.0023976796430028005,0.001322399831596638,0.006406941724268909,0.003949863561647058,0.03379864785089472,0.2878169614157372
2026-07-03 07:58:27.632999897,4844.129230769231,2654.8984615384607,4948.196923076917,4907.664615384615,4386.719999999997,4446.541538461541,180830.1507692308,2109.003076923076,3915.8769230769253,2189.7600000000016,10414.209230769244,4566.907692307693,51819.47704035062,466203.59692307696,0.011891500882925435,0.0062941136715075115,0.003898182508630419,0.004440645117125507,0.004240247787220441,0.0006112750646482373,0.004795005447875168,0.021482387545456498,146212.38082764664,129868.1113502096,123840.07285760254,77687.22256647515,66766.98668841786,41372.882027533866,46993.35684755429,515941.33844710694,142682.86131070394,126572.04133640436,120464.21181129948,65626.65815566771,65273.32649934416,0.0,44868.6370930631,449727.8478599718,0.0,0.0,0.0,0.0,0.0,0.0,0.0,0.0,0.0051382052341765435,0.0028780591387483245,0.0052497324873164025,0.005147129854426721,0.004621140959307319,0.004814192613205907,0.19255186957646944,0.0022303085996653437,0.0041726811165664025,0.0022469403883396827,0.011588828207429824,0.004964222301778749,0.05506870885815084,0.4891193126217386,0.00416448065767507,0.0017102764068235288,0.0038849625422296905,0.0041775676922352935,0.0031393674873333322,0.003785157604453781,0.10863527227285961,0.001241206462543417,0.0024038852463921572,0.001330630120039216,0.006421516991619047,0.0039533374239047615,0.033895137777002225,0.2878871880419159
2026-07-03 07:58:42.632999897,4836.879999999998,2654.8984615384607,4948.196923076917,4906.56923076923,4369.489230769225,4409.8676923076855,180711.92,2109.003076923076,3915.8769230769253,2189.7600000000016,10414.209230769244,4566.907692307693,52095.8763677518,465892.8553846155,0.011891500882925435,0.00676852974412617,0.004011297415018203,0.004440645117125507,0.004240247787220441,0.0006112750646482373,0.005061259523391983,0.022684963550630433,146212.38082764664,126775.42166042842,133416.99509217337,77687.22256647515,66766.98668841786,41372.882027533866,49602.77469262095,522583.1491248393,142682.86131070394,123698.86619029017,129779.86650566725,65626.65815566771,65273.32649934416,0.0,47360.0748231718,456050.8652043005,0.0,0.0,0.0,0.0,0.0,0.0,0.0,0.0,0.005144974079855556,0.0028818478274608463,0.005256641520826102,0.005153903800193916,0.00462722499590344,0.004820528902888447,0.19280406564313612,0.002233244073651234,0.00417815154946114,0.002249897554124515,0.0116040070232193,0.004970755529732892,0.05516482006777878,0.4897600868762272,0.004170722155294116,0.0017102764068235288,0.0038849625422296905,0.004181602555619047,0.0031438917663193272,0.0037894271327058803,0.10874128975329411,0.001241206462543417,0.0024038852463921572,0.001330630120039216,0.006421516991619047,0.0039533374239047615,0.03399659651337612,0.2882147502271718
2026-07-03 07:58:57.632999897,4836.879999999998,2697.396923076924,4939.4553846153885,4906.56923076923,4369.489230769225,4409.8676923076855,180536.3046153846,2145.479999999999,3915.698461538457,2215.843076923075,10410.923076923082,4550.615384615385,52375.405509873,465939.45846153854,0.011891500882925435,0.00720125523793525,0.004011297415018203,0.004708151307948053,0.004240247787220441,0.0005911595495093572,0.005061259523391983,0.023034876335467948,146212.38082764664,125699.96360276618,133416.99509217337,74418.84616188862,66766.98668841786,21683.59953259525,49602.77469262095,523343.1347152966,142682.86131070394,122962.9513490308,129779.86650566725,63072.044831984604,65273.32649934416,0.0,47360.0748231718,467078.1757166398,0.0,0.0,0.0,0.0,0.0,0.0,0.0,0.0,0.005151742925534567,0.002885636516173369,0.005263550554335802,0.005160677745961111,0.00463330903249956,0.004826865192570988,0.1930562617098028,0.002236179547637125,0.004183621982355878,0.0022528547199093473,0.011619185839008773,0.004977288757687038,0.055260931277406715,0.4904008611307158,0.004170722155294116,0.0017196476450420173,0.0038940172691260496,0.004181602555619047,0.0031438917663193272,0.0037894271327058803,0.10886146355943478,0.00125181316302521,0.002409062813042016,0.0013391805805714285,0.006438712831042018,0.003955749742857141,0.03408587907649797,0.2882592993882787
2026-07-03 07:59:12.632999897,4855.569230769232,2697.396923076924,4939.4553846153885,4900.618461538457,4344.329230769233,4384.267692307697,180440.0553846154,2145.479999999999,3915.698461538457,2215.843076923075,10410.923076923082,4550.615384615385,52664.73240480432,465762.21230769233,0.012880930761648864,0.00720125523793525,0.004011297415018203,0.004816482140235365,0.004334716799191309,0.0006213744427511715,0.005305321396522124,0.023838937570516174,137977.23559672173,125699.96360276618,133416.99509217337,68157.86429302997,87572.05019462535,22791.875032025797,63191.87693873079,553815.2877797099,134679.7186179334,122962.9513490308,129779.86650566725,66694.2851937218,85466.47725949559,0.0,60145.700698826324,493840.7696232411,0.0,0.0,0.0,0.0,0.0,0.0,0.0,0.0,0.005158248430330615,0.002893454911876491,0.0052689954922161405,0.005167004910707982,0.004638637705097105,0.004831345188276052,0.1932745142521601,0.0022440643623228068,0.004188821066440576,0.0022602281027695615,0.011630742964457154,0.0049808359484372795,0.05533952936468411,0.4910506927955349,0.004183778441943977,0.0017196476450420173,0.0038940172691260496,0.004184761460280111,0.003147885100840336,0.0037946043917815126,0.10897226043159662,0.00125181316302521,0.002409062813042016,0.0013391805805714285,0.006438712831042018,0.003955749742857141,0.03419783867758491,0.2886340813127903
2026-07-03 07:59:27.632999897,4855.569230769232,2746.2276923076956,4942.609230769237,4900.618461538457,4344.329230769233,4384.267692307697,180060.85538461542,2207.2584615384612,3913.3723076923106,2261.8615384615387,10401.421538461536,4519.590769230776,52975.655430521474,466434.8923076923,0.013136437686607175,0.00720125523793525,0.004011297415018203,0.004816482140235365,0.004334716799191309,0.0006213744427511715,0.005305321396522124,0.024396611561010712,130191.25733813188,125699.96360276618,133416.99509217337,68157.86429302997,87572.05019462535,22791.875032025797,63191.87693873079,556679.557072812,127436.85838175392,122962.9513490308,129779.86650566725,66694.2851937218,85466.47725949559,0.0,60145.700698826324,496856.7287552965,0.0,0.0,0.0,0.0,0.0,0.0,0.0,0.0,0.005165016929892017,0.0028972488908238594,0.005275902608005614,0.005173778270795701,0.004644720747640965,0.004837679037837455,0.19352666595591228,0.0022470063272350873,0.004194291144538306,0.002263191060225702,0.011645917043427488,0.004987365262033771,0.055435586247667604,0.4916914787078023,0.004183778441943977,0.0017301785427450984,0.0039008722409859956,0.004184761460280111,0.003147885100840336,0.0037946043917815126,0.10905352626062868,0.0012667022845098041,0.0024137829660784314,0.0013508582719607845,0.006453592347966383,0.003958081819815126,0.03428852497875984,0.2889790563423254
2026-07-03 07:59:42.632999897,4865.378461538466,2746.2276923076956,4942.609230769237,4897.953846153843,4331.966153846154,4348.036923076928,179970.32,2207.2584615384612,3913.3723076923106,2261.8615384615387,10401.421538461536,4519.590769230776,53254.97188709502,466396.90461538464,0.013311221314970059,0.007428796189503517,0.004011297415018203,0.004816482140235365,0.004334716799191309,0.0006213744427511715,0.005305321396522124,0.025046472630990104,131923.4849695151,151159.0283586163,133416.99509217337,68157.86429302997,87572.05019462535,22791.875032025797,63191.87693873079,579329.6158761999,129132.43803786102,147931.44628062792,129779.86650566725,66694.2851937218,85466.47725949559,0.0,60145.700698826324,519374.81525057164,0.0,0.0,0.0,0.0,0.0,0.0,0.0,0.0,0.00517178542945342,0.002901042869771228,0.0052828097237950875,0.00518055163088342,0.004650803790184825,0.004844012887398858,0.19377881765966448,0.002249948292147368,0.004199761222636037,0.002266154017681842,0.011661091122397816,0.004993894575630262,0.0555316431306511,0.4923322646200696,0.004193031738128852,0.0017301785427450984,0.0039008722409859956,0.004189797121058823,0.003150541778005603,0.003798773457411765,0.10916450551039215,0.0012667022845098041,0.0024137829660784314,0.0013508582719607845,0.006453592347966383,0.003958081819815126,0.03439616395804368,0.2893136527441322
2026-07-03 07:59:57.632999897,4865.378461538466,2792.430769230769,4950.270769230762,4897.953846153843,4331.966153846154,4348.036923076928,179638.52923076923,2268.3046153846144,3910.3846153846143,2290.5723076923073,10409.760000000007,4490.833846153852,53564.32438368048,466340.2369230769,0.013982690269030644,0.007428796189503517,0.003931147078021326,0.004816482140235365,0.00447186109819449,0.0005903103377709306,0.005305321396522124,0.025548678620719727,138578.2105106558,151159.0283586163,135641.68559872702,68157.86429302997,94220.43524224006,21652.45063671815,63191.87693873079,591302.792920742,135646.37248856857,147931.44628062792,131943.6006236742,66694.2851937218,91954.6436265051,0.0,60145.700698826324,537116.2652642505,0.0,0.0,0.0,0.0,0.0,0.0,0.0,0.0,0.005178553929014824,0.0029048368487185968,0.005289716839584562,0.005187324990971141,0.0046568868327286845,0.004850346736960262,0.19403096936341668,0.002252890257059649,0.004205231300733769,0.0022691169751379824,0.011676265201368148,0.005000423889226754,0.05562770001363461,0.4929730505323369,0.004193031738128852,0.0017402757798095237,0.003907557723591035,0.004189797121058823,0.003150541778005603,0.003798773457411765,0.10925329851846248,0.0012824865548123248,0.0024185440074621844,0.0013601434512268906,0.00647182994764706,0.003964420323809524,0.03449100331142322,0.289475569895261
2026-07-03 08:00:12.632999897,4879.852307692308,2792.430769230769,4950.270769230762,4903.587692307698,4342.040000000002,4337.37846153846,179627.54769230768,2268.3046153846144,3910.3846153846143,2290.5723076923073,10409.760000000007,4490.833846153852,53921.4585687953,465720.5600000001,0.013982690269030644,0.007428796189503517,0.004275169246136062,0.004760238100399223,0.00447186109819449,0.0006096031510526708,0.005305321396522124,0.026138037946663476,138578.2105106558,151159.0283586163,131510.08893925045,71431.31363298812,94220.43524224006,41072.541425550306,63191.87693873079,599847.9668228198,135646.37248856857,147931.44628062792,127986.85528259474,69897.44254190025,91954.6436265051,0.0,60145.700698826324,544920.3035515402,0.0,0.0,0.0,0.0,0.0,0.0,0.0,0.0,0.005186591494419198,0.00291385688487644,0.00529603851949232,0.0051935361603552355,0.004660743186373299,0.004854509282428971,0.19420611428486492,0.002266556415981326,0.004210235866433593,0.002278999545587521,0.011690175553342187,0.005005124169364748,0.055714840958595524,0.49367228229499416,0.004206453159781512,0.0017402757798095237,0.003907557723591035,0.004197203836694678,0.003157154517719888,0.003803130872621849,0.10937116877171986,0.0012824865548123248,0.0024185440074621844,0.0013601434512268906,0.00647182994764706,0.003964420323809524,0.03461105606867258,0.2897781997952208
2026-07-03 08:00:27.632999897,4879.852307692308,2834.3046153846135,4954.341538461543,4903.587692307698,4342.040000000002,4337.37846153846,179367.53230769228,2329.4215384615377,3910.698461538461,2323.996923076926,10387.126153846142,4480.79384615385,54252.73227404439,466271.68923076935,0.013982690269030644,0.007428796189503517,0.004275169246136062,0.005309770311531174,0.0045980055188368655,0.0006096031510526708,0.005310815158259128,0.026690741224391284,138578.2105106558,151159.0283586163,131510.08893925045,71422.58111390198,109739.89693990251,41072.541425550306,66916.16811062413,624441.8070803965,135646.37248856857,147931.44628062792,127986.85528259474,69925.36862160744,106907.11700003833,0.0,63690.46171861947,569530.8320652047,0.0,0.0,0.0,0.0,0.0,0.0,0.0,0.0,0.005193361653232462,0.002917657689413962,0.005302944872895461,0.005200308787318586,0.00466682331639075,0.0048608402929001746,0.19445816584910103,0.002269512387185514,0.004215705339089842,0.0022819715364252183,0.011705347984765796,0.005011651097811518,0.05581090430281868,0.4943131440075438,0.004206453159781512,0.001750327808218487,0.003917748502857144,0.004197203836694678,0.003157154517719888,0.003803130872621849,0.10946716566836598,0.0012978502332100835,0.0024234880507563025,0.0013698340608907563,0.0064842795552268895,0.003970590554577031,0.03471059029828478,0.2900585428060424
2026-07-03 08:00:42.632999897,4877.926153846152,2834.3046153846135,4954.341538461543,4888.215384615388,4334.895384615379,4329.15384615384,179288.6276923077,2329.4215384615377,3910.698461538461,2323.996923076926,10387.126153846142,4480.79384615385,54536.328287786244,466090.3323076924,0.014705864809312812,0.007428796189503517,0.004275169246136062,0.005309770311531174,0.0045980055188368655,0.0005692002011658991,0.005596472691647333,0.02717772293590656,136833.25586607377,151159.0283586163,131510.08893925045,71422.58111390198,109739.89693990251,42955.1627170621,70515.44749743247,666459.5836181426,134100.7341803281,147931.44628062792,127986.85528259474,69925.36862160744,106907.11700003833,0.0,67116.23716979532,601840.9625113031,0.0,0.0,0.0,0.0,0.0,0.0,0.0,0.0,0.005200131812045724,0.0029214584939514835,0.005309851226298603,0.0052070814142819374,0.004672903446408202,0.004867171303371378,0.19471021741333716,0.0022724683583897026,0.004221174811746094,0.0022849435272629145,0.011720520416189411,0.00501817802625829,0.05590696764704184,0.4949540057200934,0.004214363704201679,0.001750327808218487,0.003917748502857144,0.004203296752179272,0.003163072868974789,0.003808091916526609,0.10958451604436974,0.0012978502332100835,0.0024234880507563025,0.0013698340608907563,0.0064842795552268895,0.003970590554577031,0.034819695345969355,0.290278535788716
2026-07-03 08:00:57.632999897,4877.926153846152,2874.3938461538464,4947.338461538461,4888.215384615388,4334.895384615379,4329.15384615384,178974.61846153848,2378.775384615383,3904.7846153846117,2348.9784615384606,10392.858461538468,4451.935384615385,54784.60710429266,466217.3815384615,0.014705864809312812,0.008095157495812013,0.004275169246136062,0.005309770311531174,0.0045980055188368655,0.0006020263572110039,0.005670295586225962,0.02778215884589129,136833.25586607377,172664.21764624392,131510.08893925045,71422.58111390198,109739.89693990251,45432.415661465355,82639.09322196706,680306.309280416,134100.7341803281,168969.24749274235,127986.85528259474,69925.36862160744,106907.11700003833,0.0,78513.38962692181,621850.2677623115,0.0,0.0,0.0,0.0,0.0,0.0,0.0,0.0,0.005206901970858988,0.002925259298489005,0.005316757579701746,0.005213854041245289,0.004678983576425654,0.004873502313842583,0.19496226897757327,0.002275424329593891,0.004226644284402344,0.002287915518100611,0.01173569284761302,0.005024704954705061,0.056003030991264996,0.4955948674326431,0.004214363704201679,0.0017598308610196076,0.003923420363490195,0.004203296752179272,0.003163072868974789,0.003808091916526609,0.10968223638371116,0.0013107411130980388,0.002429199735910363,0.0013777769164593835,0.006501405236016807,0.003976558357109243,0.034907473067668636,0.29048792556039005
2026-07-03 08:01:12.632999897,4875.0030769230725,2874.3938461538464,4947.338461538461,4875.947692307694,4338.086153846152,4327.75692307692,178914.80307692313,2378.775384615383,3904.7846153846117,2348.9784615384606,10392.858461538468,4451.935384615385,55098.42812992423,466047.66769230756,0.014705864809312812,0.008095157495812013,0.004440539895183164,0.005309770311531174,0.0045199886419481725,0.0006020263572110039,0.005670295586225962,0.027796940926204522,136833.25586607377,173395.9960088245,142538.4168262512,71422.58111390198,114357.43487125442,45432.415661465355,82639.09322196706,680133.7798270625,134100.7341803281,170032.6873609725,138719.72769312584,69925.36862160744,111405.45973266811,0.0,78513.38962692181,622173.3373228628,0.0,0.0,0.0,0.0,0.0,0.0,0.0,0.0,0.005214749341077605,0.002933833087408941,0.005322976150957901,0.005218057353609636,0.004684434607504512,0.004878219148603298,0.1951472498052634,0.0022882911741230034,0.004231796825184714,0.002296560918494011,0.0117489777673538,0.005030029067754168,0.05608631704291809,0.4962560604306884,0.0042221493576302515,0.0017598308610196076,0.003923420363490195,0.0042087460923697475,0.0031688783167058815,0.0038159888817030797,0.10979556631462185,0.0013107411130980388,0.002429199735910363,0.0013777769164593835,0.006501405236016807,0.003976558357109243,0.03502084982906084,0.2907736844468354
2026-07-03 08:01:27.632999897,4875.0030769230725,2913.196923076923,4931.889230769228,4875.947692307694,4338.086153846152,4327.75692307692,178822.21538461535,2389.0861538461522,3907.8492307692322,2342.492307692306,10353.56615384615,4440.972307692309,55387.561490863016,466743.96615384595,0.015706601222172153,0.008095157495812013,0.004440539895183164,0.005505273620007138,0.004579456757138371,0.0006020263572110039,0.005670295586225962,0.029060635515610944,133693.70125079466,173395.9960088245,142538.4168262512,67460.58206901238,115862.00084442203,45432.415661465355,82639.09322196706,698455.9191822016,131465.02148578272,170032.6873609725,138719.72769312584,66054.86331741959,112871.1874671838,0.0,78513.38962692181,639827.8430314577,0.0,0.0,0.0,0.0,0.0,0.0,0.0,0.0,0.005221520900973438,0.0029376400930513015,0.005329881613197484,0.005224826647446442,0.004690513918268403,0.004884548059193576,0.19539921459369172,0.0022912600226473088,0.0042372658877926584,0.002299540276566927,0.011764147753105095,0.005036554435809723,0.05618232497857781,0.49689694834754505,0.0042221493576302515,0.001769550772677871,0.003930526011518207,0.0042087460923697475,0.0031688783167058815,0.0038159888817030797,0.10994178280301525,0.001315955328644257,0.002436431915854341,0.001379481386616246,0.00651279450205042,0.003982912701176469,0.03511489776520288,0.2910943558384817
2026-07-03 08:01:42.632999897,4866.969230769232,2913.196923076923,4931.889230769228,4864.741538461542,4331.867692307691,4325.9384615384615,178746.85538461534,2389.0861538461522,3907.8492307692322,2342.492307692306,10353.56615384615,4440.972307692309,55685.16341431245,466678.87999999983,0.015706601222172153,0.008095157495812013,0.004577789142448612,0.005505273620007138,0.004564704700030189,0.0006020263572110039,0.005670295586225962,0.029700157120436103,133693.70125079466,173395.9960088245,158455.38815859283,67460.58206901238,115488.76817867825,45432.415661465355,82639.09322196706,725087.3219916598,131465.02148578272,170032.6873609725,154265.9159025955,66054.86331741959,112507.5892738416,0.0,78513.38962692181,664941.1496158545,0.0,0.0,0.0,0.0,0.0,0.0,0.0,0.0,0.005228292460869271,0.002941447098693663,0.005336787075437066,0.005231595941283247,0.004696593229032292,0.004890876969783854,0.19565117938212007,0.002294228871171614,0.0042427349504006034,0.002302519634639843,0.01177931773885639,0.005043079803865278,0.05627833291423753,0.4975378362644016,0.004227518267159664,0.001769550772677871,0.003930526011518207,0.004214412860588234,0.0031728436397759096,0.0038210004771764687,0.11005031173414005,0.001315955328644257,0.002436431915854341,0.001379481386616246,0.00651279450205042,0.003982912701176469,0.035222371473710844,0.29132903383022646
2026-07-03 08:01:57.632999897,4866.969230769232,2948.132307692307,4897.523076923072,4864.741538461542,4331.867692307691,4325.9384615384615,178642.88615384616,2394.5600000000013,3899.550769230768,2332.2246153846145,10357.366153846146,4434.535384615384,55947.82678383664,466745.1938461538,0.015706601222172153,0.008095157495812013,0.004577789142448612,0.005718613488230977,0.004505236584839991,0.0005697661059416775,0.005670295586225962,0.030321947117703255,133693.70125079466,173395.9960088245,158455.38815859283,72574.68096228574,113984.20220551064,42997.86918778389,82639.09322196706,753720.1169996336,131465.02148578272,170032.6873609725,154265.9159025955,71062.39650237428,111041.86153932592,0.0,78513.38962692181,693102.5340039706,0.0,0.0,0.0,0.0,0.0,0.0,0.0,0.0,0.005235064020765106,0.002945254104336024,0.00534369253767665,0.005238365235120054,0.00470267253979618,0.004897205880374131,0.19590314417054835,0.00229719771969592,0.004248204013008549,0.0023054989927127605,0.011794487724607686,0.005049605171920834,0.056374340849897245,0.4981787241812583,0.004227518267159664,0.0017793536057142852,0.00393721056030252,0.004214412860588234,0.0031728436397759096,0.0038210004771764687,0.11019351976183504,0.0013210905642016804,0.002441048034285713,0.0013815640494117647,0.006534312254056021,0.003990133519899158,0.03531738334923159,0.2915473722084336
2026-07-03 08:02:12.632999897,4857.627692307693,2948.132307692307,4897.523076923072,4855.815384615383,4334.98769230769,4324.218461538454,178572.2523076923,2394.5600000000013,3899.550769230768,2332.2246153846145,10357.366153846146,4434.535384615384,56263.70519272693,466491.24,0.014871123305911409,0.008095157495812013,0.004577789142448612,0.005718613488230977,0.004869502111878206,0.0005821696595400474,0.005670295586225962,0.030588172276122122,126582.16048152104,173395.9960088245,158455.38815859283,72574.68096228574,112011.33296322532,41015.82573586427,82639.09322196706,759377.4445778922,124472.0304077979,170032.6873609725,154265.9159025955,71062.39650237428,109181.37788088208,0.0,78513.38962692181,698575.3662993014,0.0,0.0,0.0,0.0,0.0,0.0,0.0,0.0,0.005241921100939465,0.0029538985470571673,0.005349732068421934,0.005242630836477634,0.004708624829577807,0.0049028095604501725,0.1961375941569646,0.0023005899038906733,0.004253303719740635,0.0023069491986209847,0.011809013863827832,0.005055390018111312,0.056460025826172114,0.49877005651796796,0.004233192740588237,0.0017793536057142852,0.00393721056030252,0.004219421705333333,0.0031786445182857134,0.003828317114784312,0.11030383735865545,0.0013210905642016804,0.002441048034285713,0.0013815640494117647,0.006534312254056021,0.003990133519899158,0.03543003540751844,0.2918147750085478
2026-07-03 08:02:27.632999897,4857.627692307693,2986.366153846153,4876.21230769231,4855.815384615383,4334.98769230769,4324.218461538454,178548.09230769228,2403.04923076923,3896.196923076924,2324.683076923077,10338.676923076913,4445.1969230769255,56590.049747578516,467018.6061538461,0.016713845055896834,0.008095157495812013,0.004577789142448612,0.005718613488230977,0.004869502111878206,0.0005821696595400474,0.005943048106066613,0.03092710479755634,151673.98870907165,173395.9960088245,158455.38815859283,72574.68096228574,112011.33296322532,41015.82573586427,91298.2845898726,769120.7615133343,148998.4764315284,170032.6873609725,154265.9159025955,71062.39650237428,109181.37788088208,0.0,86740.2764333434,713113.010381778,0.0,0.0,0.0,0.0,0.0,0.0,0.0,0.0,0.005248692771492142,0.0029577118035338515,0.005356636414708636,0.005249396899085579,0.004714703975087305,0.004909137532384543,0.19638953641985119,0.002303559296809499,0.004258772306939948,0.002309926582472453,0.011824183020185222,0.00506191443046019,0.05655605421580742,0.49941088062403394,0.004233192740588237,0.0017895478856190478,0.003945514547652661,0.004219421705333333,0.0031786445182857134,0.003828317114784312,0.11044894665768441,0.001325986204190476,0.0024462074207619046,0.0013834191405714283,0.00654525943445378,0.003997946588655462,0.03553058419767639,0.2921289274797968
2026-07-03 08:02:42.632999897,4834.876923076923,2986.366153846153,4876.21230769231,4843.412307692312,4329.470769230771,4315.246153846149,178464.30769230766,2403.04923076923,3896.196923076924,2324.683076923077,10338.676923076913,4445.1969230769255,56850.15765824749,466945.8307692307,0.016713845055896834,0.00896192865408259,0.0047869598605564485,0.005718613488230977,0.004869502111878206,0.000578930623178264,0.006033274078616037,0.03156022248043022,151673.98870907165,201142.27145690797,158606.90260810393,72574.68096228574,112011.33296322532,43289.262067983414,100890.60646889398,782102.5560756557,148998.4764315284,196827.26130614016,154788.00435666073,71062.39650237428,109181.37788088208,0.0,95742.71440391638,726381.2124723705,0.0,0.0,0.0,0.0,0.0,0.0,0.0,0.0,0.005255464442044819,0.002961525060010535,0.005363540760995336,0.005256162961693523,0.004720783120596804,0.004915465504318911,0.1966414786827378,0.0023065286897283248,0.00426424089413926,0.002312903966323921,0.01183935217654261,0.005068438842809067,0.05665208260544272,0.5000517047301,0.004235259761490194,0.0017895478856190478,0.003945514547652661,0.004224984266134454,0.0031810753979159656,0.003832910597971987,0.1105564225575238,0.001325986204190476,0.0024462074207619046,0.0013834191405714283,0.00654525943445378,0.003997946588655462,0.03563118422963926,0.2923486567955671
2026-07-03 08:02:57.632999897,4834.876923076923,3020.981538461538,4862.479999999999,4843.412307692312,4329.470769230771,4315.246153846149,178397.14769230766,2405.6984615384604,3891.778461538464,2312.0276923076894,10371.147692307693,4451.966153846155,57165.424098215044,466877.83692307706,0.017525018291984287,0.00896192865408259,0.0047869598605564485,0.005474707815084725,0.004806337008388183,0.000578930623178264,0.006033274078616037,0.031771573871073766,160671.72316356146,201663.6435958632,158606.90260810393,69479.28442081453,117148.12722713595,43289.262067983414,100890.60646889398,788090.3099961434,157844.7522530041,197679.3230635713,154788.00435666073,68031.50069345694,114188.39155340489,0.0,95742.71440391638,731658.9191692927,0.0,0.0,0.0,0.0,0.0,0.0,0.0,0.0,0.005262236112597496,0.0029653383164872193,0.005370445107282037,0.005262929024301468,0.004726862266106304,0.004921793476253281,0.19689342094562437,0.00230949808264715,0.004269709481338573,0.002315881350175389,0.011854521332899999,0.005074963255157945,0.05674811099507803,0.5006925288361658,0.004235259761490194,0.0017992389772549017,0.003950980384285713,0.004224984266134454,0.0031810753979159656,0.003832910597971987,0.11069995394579271,0.0013304706745098037,0.0024520535221960785,0.001384596255686274,0.006566108106285713,0.004003909823551821,0.03572860564435943,0.29248195894794565
2026-07-03 08:03:12.632999897,4823.683076923073,3020.981538461538,4862.479999999999,4834.073846153848,4320.307692307689,4318.618461538461,178332.33538461535,2405.6984615384604,3891.778461538464,2312.0276923076894,10371.147692307693,4451.966153846155,57456.78454208333,466475.65846153855,0.017525018291984287,0.00896192865408259,0.0047869598605564485,0.005958432077556043,0.004869935201780816,0.000578930623178264,0.006033274078616037,0.03316772469871232,160671.72316356146,201663.6435958632,158606.90260810393,68117.27159316679,118698.24933425689,43289.262067983414,100890.60646889398,801185.7260721294,157844.7522530041,197679.3230635713,154788.00435666073,66727.12319330625,115699.34998110833,0.0,95742.71440391638,745244.9585760643,0.0,0.0,0.0,0.0,0.0,0.0,0.0,0.0,0.005268201893915293,0.0029742017832400346,0.0053770968779756866,0.005266937439764692,0.0047330479458451025,0.004927111953953865,0.19713141133872258,0.0023124894651621987,0.0042745453942032476,0.0023173314899667527,0.011871440420646067,0.005081615819103522,0.05683603930593711,0.5012341437025599,0.004239529277058823,0.0017992389772549017,0.003950980384285713,0.0042266810944985985,0.003183968674179271,0.0038398996024369744,0.11080522416847058,0.0013304706745098037,0.0024520535221960785,0.001384596255686274,0.006566108106285713,0.004003909823551821,0.035832057910585864,0.29269130536950416
2026-07-03 08:03:27.632999897,4823.683076923073,3054.8738461538487,4844.221538461533,4834.073846153848,4320.307692307689,4318.618461538461,178213.91384615382,2409.5938461538476,3885.1261538461567,2298.541538461538,10359.615384615385,4449.147692307691,57737.08849891904,466855.4492307691,0.017525018291984287,0.00896192865408259,0.004911467633807815,0.006200424572158778,0.004869778326237114,0.000578930623178264,0.006033274078616037,0.03376936147570939,160671.72316356146,201663.6435958632,144567.834189536,73122.73904954636,118694.425699726,43289.262067983414,100890.60646889398,812576.598305213,157844.7522530041,197679.3230635713,141089.78226340457,71630.43825261683,115695.62295031999,0.0,95742.71440391638,756313.0453626963,0.0,0.0,0.0,0.0,0.0,0.0,0.0,0.0,0.005274972527076804,0.0029780215315218213,0.005384000901601117,0.005273699961671908,0.004739127227202492,0.004933438626204725,0.19738333574641487,0.0023154588844061853,0.004280013171126324,0.0023203069122176116,0.011886611817654616,0.005088140395993555,0.056932080485365716,0.5018748407811924,0.004239529277058823,0.0018086128472941177,0.0039551630624537785,0.0042266810944985985,0.003183968674179271,0.0038398996024369744,0.11094381086271272,0.0013358392590252103,0.00245786513092437,0.0013860697471092438,0.006580995732705881,0.004005785203512604,0.03592131913797007,0.292962948277158
2026-07-03 08:03:42.632999897,4808.966153846154,3054.8738461538487,4844.221538461533,4825.350769230763,4301.163076923078,4320.661538461536,178135.97538461536,2409.5938461538476,3885.1261538461567,2298.541538461538,10359.615384615385,4449.147692307691,58013.52028373448,466172.649230769,0.017525018291984287,0.009198457231992129,0.004911467633807815,0.006200424572158777,0.005213759682056192,0.000595939990308483,0.006033274078616037,0.03411852646419436,160671.72316356146,218310.96220004704,144567.834189536,73122.73904954633,133583.83879740437,42470.93070553656,100890.60646889398,829087.6991784484,157844.7522530041,213889.28823265457,141089.78226340457,71630.43825261682,129998.47169548269,0.0,95742.71440391638,773015.0144448235,0.0,0.0,0.0,0.0,0.0,0.0,0.0,0.0,0.005281743160238316,0.002981841279803608,0.005390904925226547,0.005280462483579124,0.00474520650855988,0.004939765298455585,0.19763526015410715,0.0023184283036501714,0.004285480948049402,0.002323282334468471,0.011901783214663161,0.005094664972883591,0.05702812166479432,0.5025155378598248,0.004245679212683473,0.0018086128472941177,0.0039551630624537785,0.004231242570941174,0.0031876467815798322,0.0038448049912605036,0.1110542743802521,0.0013358392590252103,0.00245786513092437,0.0013860697471092438,0.006580995732705881,0.004005785203512604,0.03602882655367643,0.29316045246308464
2026-07-03 08:03:57.632999897,4808.966153846154,3087.2430769230755,4829.123076923079,4825.350769230763,4301.163076923078,4320.661538461536,178065.6369230769,2411.861538461539,3881.1353846153825,2286.3630769230767,10399.883076923074,4446.18769230769,58301.45737792953,466052.2369230768,0.018599861136134915,0.009198457231992129,0.004911467633807815,0.006200424572158777,0.005213759682056192,0.000595939990308483,0.006033274078616037,0.03448929543499375,164256.87002605892,218310.96220004704,144567.834189536,73122.73904954633,133583.83879740437,42470.93070553656,100890.60646889398,832054.649527914,161495.73608834553,213889.28823265457,141089.78226340457,71630.43825261682,129998.47169548269,0.0,95742.71440391638,781345.2851305454,0.0,0.0,0.0,0.0,0.0,0.0,0.0,0.0,0.0052885137933998275,0.002985661028085395,0.005397808948851977,0.00528722500548634,0.004751285789917268,0.004946091970706444,0.1978871845617995,0.0023213977228941575,0.00429094872497248,0.00232625775671933,0.011916954611671709,0.005101189549773625,0.05712416284422292,0.5031562349384574,0.004245679212683473,0.001816467525770308,0.0039591650042969185,0.004231242570941174,0.0031876467815798322,0.0038448049912605036,0.11119226302071458,0.001339334538913165,0.00246417733415126,0.001386309675619047,0.006599215191848739,0.004006194136134454,0.036113933246445955,0.29329044594148646
2026-07-03 08:04:12.632999897,4799.169230769234,3087.2430769230755,4829.123076923079,4809.236923076923,4295.553846153846,4310.159999999998,177978.96,2411.861538461539,3881.1353846153825,2286.3630769230767,10399.883076923074,4446.18769230769,58571.99523004999,465704.06461538456,0.018599861136134915,0.009591777719615831,0.005097574975951586,0.006200424572158777,0.005213759682056192,0.000595939990308483,0.006363579820729223,0.034574249052676885,164256.87002605892,232108.00671770377,140481.8940240512,73122.73904954633,133583.83879740437,42470.93070553656,111643.26782291952,835139.4079585285,161495.73608834553,227406.66099587778,137501.2281122438,71630.43825261682,129998.47169548269,0.0,105946.72666166708,783651.5629009891,0.0,0.0,0.0,0.0,0.0,0.0,0.0,0.0,0.005294030875194445,0.002994508561130513,0.005402024567865299,0.005291207680539488,0.004755423820725555,0.004952600932319487,0.1981152161313193,0.002324250521245128,0.004295863838019133,0.002327510446675812,0.011933646945484863,0.005105826633004102,0.0571996260770164,0.5036842280308101,0.004247745697708683,0.001816467525770308,0.0039591650042969185,0.00423220843805042,0.0031938762473389362,0.003849738461294118,0.11129689253949578,0.001339334538913165,0.00246417733415126,0.001386309675619047,0.006599215191848739,0.004006194136134454,0.03621697924990941,0.2934911006594956
2026-07-03 08:04:27.632999897,4799.169230769234,3113.464615384616,4823.304615384613,4809.236923076923,4295.553846153846,4310.159999999998,177936.15076923076,2413.455384615385,3872.3046153846167,2274.4492307692317,10376.412307692304,4440.750769230765,58852.49212767907,466134.2615384615,0.018599861136134915,0.009591777719615831,0.005097574975951586,0.006200424572158777,0.005213759682056192,0.000595939990308483,0.0063713729428731235,0.03592852824773639,164256.87002605892,232108.00671770377,140481.8940240512,73122.73904954633,133583.83879740437,42470.93070553656,101272.93554618741,868705.4352669547,161495.73608834553,227406.66099587778,137501.2281122438,71630.43825261682,129998.47169548269,0.0,96138.10382448234,815883.8767804314,0.0,0.0,0.0,0.0,0.0,0.0,0.0,0.0,0.005300799902972223,0.0029983347393356414,0.0054089251593182905,0.005297966651479658,0.00476150061517,0.004958927837447692,0.1983671101215404,0.0023272197896211963,0.004301330910723214,0.0023304836676159824,0.011948820279668537,0.005112348798816068,0.057295554650532765,0.5043247815408136,0.004247745697708683,0.0018238151728851536,0.003965931080862743,0.00423220843805042,0.0031938762473389362,0.003849738461294118,0.11143224498343166,0.0013426543318487392,0.002470853055238095,0.0013863844985994394,0.006603632552324928,0.004005610964296917,0.036300257895046546,0.29377083005482063
2026-07-03 08:04:42.632999897,4796.430769230769,3113.464615384616,4823.304615384613,4805.661538461539,4288.689230769232,4292.384615384617,177859.68,2413.455384615385,3872.3046153846167,2274.4492307692317,10376.412307692304,4440.750769230765,59135.488127096876,465758.82769230765,0.018599861136134915,0.009591777719615831,0.005097574975951586,0.006671694661225568,0.005385960202236772,0.000595939990308483,0.0063713729428731235,0.036220779982193724,164256.87002605892,232108.00671770377,140481.8940240512,96149.01741906781,142110.34407661416,42470.93070553656,101272.93554618741,875028.9067435637,161495.73608834553,227406.66099587778,137501.2281122438,93822.71370834364,138296.12704944963,0.0,96138.10382448234,822024.4809913164,0.0,0.0,0.0,0.0,0.0,0.0,0.0,0.0,0.00530756893075,0.0030021609175407693,0.005415825750771283,0.005304725622419829,0.004767577409614444,0.004965254742575896,0.19861900411176148,0.0023301890579972644,0.004306797983427295,0.002333456888556154,0.01196399361385221,0.005118870964628034,0.057391483224049133,0.5049653350508172,0.004250349527596639,0.0018238151728851536,0.003965931080862743,0.004238309445591036,0.00319955272,0.0038520019523697485,0.11153697444798316,0.0013426543318487392,0.002470853055238095,0.0013863844985994394,0.006603632552324928,0.004005610964296917,0.03640587785800213,0.29390128852141884
2026-07-03 08:04:57.632999897,4796.430769230769,3145.4861538461523,4814.01538461539,4805.661538461539,4288.689230769232,4292.384615384617,177795.67076923078,2414.449230769233,3870.6492307692265,2264.5353846153853,10398.538461538448,4429.8307692307735,59414.294608973796,465200.15692307684,0.019143987210058926,0.009591777719615831,0.005097574975951586,0.006671694661225568,0.005467199579903404,0.0006079844214056614,0.0063713729428731235,0.036883271490710315,157513.48309293392,232108.00671770377,140481.8940240512,96149.01741906781,135313.42119656003,47046.97870873201,101272.93554618741,912176.5477829113,155339.43067208916,227406.66099587778,137501.2281122438,93822.71370834364,131761.94409819235,0.0,96138.10382448234,859704.1876619242,0.0,0.0,0.0,0.0,0.0,0.0,0.0,0.0,0.0053143379585277786,0.0030059870957458977,0.005422726342224273,0.00531148459336,0.004773654204058888,0.004971581647704101,0.19887089810198255,0.002333158326373333,0.004312265056131376,0.002336430109496325,0.011979166948035885,0.00512539313044,0.0574874117975655,0.5056058885608207,0.004250349527596639,0.0018302085630252094,0.003972270773932773,0.004238309445591036,0.00319955272,0.0038520019523697485,0.11167526479375037,0.0013463510490756302,0.002477507052705881,0.0013872417428571423,0.006621289199775908,0.004006034356078432,0.036491092193569004,0.29397557501941673
2026-07-03 08:05:12.632999897,4802.27384615385,3145.4861538461523,4814.01538461539,4803.156923076921,4292.880000000006,4285.655384615381,177742.27076923073,2414.449230769233,3870.6492307692265,2264.5353846153853,10398.538461538448,4429.8307692307735,59746.408022028314,464999.1876923077,0.020351665784816373,0.009839452345330447,0.005216912551688519,0.006671694661225568,0.005467199579903404,0.0005932532977940201,0.0063713729428731235,0.03747716676004581,179426.33059222635,223375.2359852617,154272.72511051234,96149.01741906781,135313.42119656003,43279.47109141911,101272.93554618741,921088.7573382041,176125.16350935065,218958.98331301357,150856.04003927816,93822.71370834364,131761.94409819235,0.0,96138.10382448234,868326.1991469383,0.0,0.0,0.0,0.0,0.0,0.0,0.0,0.0,0.005319359333152722,0.003013918158624745,0.005427440024986224,0.005317413348333164,0.004779213489212331,0.004976050577281634,0.1991007633921658,0.002335024315134949,0.004317503899952283,0.002337415122957568,0.011990482652301184,0.005129356724366156,0.057560518122578966,0.5061362017086144,0.004253568144464986,0.0018302085630252094,0.003972270773932773,0.004241301245490195,0.0032065361326386555,0.0038577096200336125,0.1117821161015798,0.0013463510490756302,0.002477507052705881,0.0013872417428571423,0.006621289199775908,0.004006034356078432,0.03660275487359567,0.2941561454676623
2026-07-03 08:05:27.632999897,4802.27384615385,3180.3907692307694,4813.550769230772,4803.156923076921,4292.880000000006,4285.655384615381,177663.26769230762,2417.4584615384615,3866.372307692306,2254.6615384615384,10380.507692307689,4427.427692307691,60047.076219052935,465338.4984615386,0.020351665784816373,0.010275372878527117,0.0052423945335298965,0.006671694661225568,0.005467199579903404,0.0005932532977940201,0.0063713729428731235,0.037806557650496224,180261.6650550092,237397.44696429948,161433.2044895248,96149.01741906781,135313.42119656003,43279.47109141911,101272.93554618741,924731.7603119434,177388.2099655166,232703.9673808682,157857.93595527325,93822.71370834364,131761.94409819235,0.0,96138.10382448234,871499.5427500379,0.0,0.0,0.0,0.0,0.0,0.0,0.0,0.0,0.00532612613417313,0.0030177495604104586,0.005434337838761735,0.0053241712641494895,0.004785289623140902,0.004982375114696599,0.19935262946661592,0.002337992179505697,0.004322970683370219,0.002340385816409949,0.012005651095617593,0.005135875638481803,0.057656349499382614,0.506776615457502,0.004253568144464986,0.0018382146790028014,0.003978107440448178,0.004241301245490195,0.0032065361326386555,0.0038577096200336125,0.11191402199535636,0.0013508882826442578,0.0024831371133669463,0.0013879767009915961,0.006629870051495796,0.004004835365142856,0.03668863627280931,0.2943946373849103
2026-07-03 08:05:42.632999897,4803.541538461533,3180.3907692307694,4813.550769230772,4810.304615384616,4283.510769230771,4277.200000000005,177634.10769230765,2417.4584615384615,3866.372307692306,2254.6615384615384,10380.507692307689,4427.427692307691,60351.236692664716,464619.4153846155,0.020351665784816373,0.010275372878527117,0.005507474240763185,0.006671694661225568,0.005467199579903404,0.0005932532977940201,0.0063713729428731235,0.03879218682226454,180261.6650550092,237397.44696429948,169596.0137382596,96149.01741906781,135313.42119656003,43279.47109141911,101272.93554618741,920349.2878631073,177388.2099655166,232703.9673808682,165834.0110495251,93822.71370834364,131761.94409819235,0.0,96138.10382448234,883671.7819091546,0.0,0.0,0.0,0.0,0.0,0.0,0.0,0.0,0.005332892935193538,0.0030215809621961737,0.005441235652537246,0.005330929179965816,0.004791365757069473,0.0049886996521115645,0.19960449554106596,0.0023409600438764454,0.004328437466788155,0.0023433565098623303,0.012020819538934007,0.00514239455259745,0.057752180876186256,0.5074170292063896,0.00425589916235294,0.0018382146790028014,0.003978107440448178,0.004249808008285713,0.003211605586946779,0.003862815491764706,0.11202918141794957,0.0013508882826442578,0.0024831371133669463,0.0013879767009915961,0.006629870051495796,0.004004835365142856,0.03679761078802979,0.29447712488774325
2026-07-03 08:05:57.632999897,4803.541538461533,3213.907692307692,4814.310769230762,4810.304615384616,4283.510769230771,4277.200000000005,177574.95692307688,2414.7446153846145,3859.972307692306,2241.7200000000016,10388.2,4407.338461538459,60638.89368834156,464172.21846153843,0.020351665784816373,0.010275372878527117,0.005507474240763185,0.006916818135751031,0.0054953433241699155,0.0005932532977940201,0.006419024492770463,0.038906720678200564,180261.6650550092,237397.44696429948,169596.0137382596,102142.8775747771,141535.39424978665,43279.47109141911,107229.58090423331,932786.3820211673,177388.2099655166,232703.9673808682,165839.96309570275,99671.5537744454,137820.61335930586,0.0,101792.72997695785,895673.9981058275,0.0,0.0,0.0,0.0,0.0,0.0,0.0,0.0,0.0053396597362139475,0.0030254123639818875,0.005448133466312757,0.005337687095782143,0.004797441890998046,0.0049950241895265314,0.19985636161551606,0.002343927908247194,0.004333904250206091,0.0023463272033147115,0.01203598798225042,0.005148913466713096,0.05784801225298989,0.5080574429552772,0.00425589916235294,0.0018458674460952382,0.003986639001019607,0.004249808008285713,0.003211605586946779,0.003862815491764706,0.11217100325016495,0.0013544083904313726,0.0024871070056582635,0.0013882610597086838,0.006645826634711485,0.0040075537886274494,0.03688924524267871,0.2945259207556522
2026-07-03 08:06:12.632999897,4793.1969230769255,3213.907692307692,4814.310769230762,4801.440000000001,4272.172307692312,4265.095384615386,177489.56307692302,2414.7446153846145,3859.972307692306,2241.7200000000016,10388.2,4407.338461538459,60903.53292488053,463977.8492307691,0.020351665784816373,0.010275372878527117,0.0055074742407631855,0.006579015591424512,0.005735868965865343,0.0005932532977940201,0.006705464533739354,0.03928068588036297,180261.6650550092,237397.44696429948,169596.01373825964,97154.43877930698,147730.2558837843,43279.47109141911,102671.91911922267,929133.1329482701,177388.2099655166,232703.9673808682,165839.96309570278,94803.80912637404,143852.8827757234,0.0,97479.81009436514,892321.5324406376,0.0,0.0,0.0,0.0,0.0,0.0,0.0,0.0,0.005345428267359222,0.0030333472473837563,0.005453998114703469,0.005343284176419036,0.004803059279648393,0.004998887386118358,0.2000833915860127,0.0023456593211371407,0.004338653151968518,0.0023469973888706436,0.012046239347906058,0.005152019793234518,0.057922347871391014,0.508643368460742,0.004261368800857143,0.0018458674460952382,0.003986639001019607,0.004248492885882352,0.003217083529955182,0.0038689511362857156,0.1122774701663081,0.0013544083904313726,0.0024871070056582635,0.0013882610597086838,0.006645826634711485,0.0040075537886274494,0.03699259494186717,0.29470344184118324
2026-07-03 08:06:27.632999897,4793.1969230769255,3248.2769230769245,4812.572307692305,4801.440000000001,4272.172307692312,4265.095384615386,177468.97846153844,2418.4769230769234,3852.003076923075,2229.8953846153836,10363.126153846155,4383.1538461538485,61212.80576778465,464466.6092307691,0.020351665784816373,0.010939651429804036,0.0055074742407631855,0.006964643467096261,0.0054747467746916545,0.0005911757546353325,0.006705464533739354,0.03975844930228211,180261.6650550092,249830.74495507032,169596.01373825964,94728.94362992354,141004.9195226173,40455.29211297904,102671.91911922267,954365.1892364105,177388.2099655166,244854.07887781842,165839.96309570278,92577.86552647199,137304.0616327387,0.0,97479.81009436514,916764.137656901,0.0,0.0,0.0,0.0,0.0,0.0,0.0,0.0,0.005352193802892216,0.0030371838446764804,0.005460894622740693,0.005350040624388579,0.004809134831255837,0.0050052088027850265,0.20033522635916087,0.0023486256202065146,0.004344119029914647,0.0023499651727115906,0.012061401588646799,0.005158534392219289,0.058018094668458135,0.5092837134331326,0.004261368800857143,0.001853635983176471,0.003992952675529411,0.004248492885882352,0.003217083529955182,0.0038689511362857156,0.11242010055621161,0.0013589924688235293,0.0024920623752941176,0.001388416678,0.006652341982789915,0.004011062498728291,0.0370880484926531,0.2949164355192944
2026-07-03 08:06:42.632999897,4780.006153846154,3248.2769230769245,4812.572307692305,4789.615384615385,4255.224615384613,4251.892307692312,177366.0769230769,2418.4769230769234,3852.003076923075,2229.8953846153836,10363.126153846155,4383.1538461538485,61463.113642134216,464337.22461538453,0.02068164320304551,0.010939651429804036,0.005598534058685945,0.006964643467096261,0.005403048412618338,0.0005807067692451274,0.006705464533739354,0.040640249721889114,174574.4907623747,253052.282803306,159780.76596684166,94728.94362992354,139158.29132407,43227.78115786025,102671.91911922267,967935.463482885,171852.38190376753,248016.06217287979,156276.5539081419,92577.86552647199,135505.90059804218,0.0,97479.81009436514,929851.7052904735,0.0,0.0,0.0,0.0,0.0,0.0,0.0,0.0,0.00535895933842521,0.0030410204419692045,0.0054677911307779185,0.005356797072358121,0.004815210382863282,0.0050115302194516905,0.20058706113230898,0.0023515919192758877,0.004349584907860773,0.002352932956552538,0.012076563829387542,0.00516504899120406,0.05811384146552526,0.5099240584055232,0.004266106450745099,0.001853635983176471,0.003992952675529411,0.004251745689467787,0.003221125595966386,0.0038704017847731097,0.11252523114741175,0.0013589924688235293,0.0024920623752941176,0.001388416678,0.006652341982789915,0.004011062498728291,0.03718652701270823,0.295123819304402
2026-07-03 08:06:57.632999897,4780.006153846154,3286.3907692307694,4792.1938461538475,4789.615384615385,4255.224615384613,4251.892307692312,177266.71999999997,2419.184615384616,3843.0061538461505,2217.2830769230777,10367.950769230772,4361.901538461541,61725.55165807926,464174.6153846153,0.021452714837275715,0.010939651429804036,0.005598534058685945,0.006964643467096261,0.0058575035630783305,0.0005807067692451274,0.006705464533739354,0.04173279198172431,183600.40240110728,256273.82065154173,159780.76596684166,94728.94362992354,135506.2895329461,43227.78115786025,102671.91911922267,978157.7214655044,180737.38565188443,251178.04546794124,156276.5539081419,92577.86552647199,132003.64101393797,0.0,97479.81009436514,944877.3602778927,0.0,0.0,0.0,0.0,0.0,0.0,0.0,0.0,0.005365724873958206,0.0030448570392619285,0.005474687638815143,0.005363553520327666,0.004821285934470726,0.005017851636118358,0.20083889590545714,0.0023545582183452617,0.004355050785806901,0.002355900740393486,0.012091726070128282,0.0051715635901888315,0.058209588262592364,0.5105644033779138,0.004266106450745099,0.0018626841210084035,0.003996172519523811,0.004251745689467787,0.003221125595966386,0.0038704017847731097,0.11266119597903763,0.001363553929411765,0.0024961760537815115,0.0013898074509803922,0.006667968358117647,0.004015302303260505,0.03727561854680565,0.2952754131609828
2026-07-03 08:07:12.632999897,4767.892307692303,3286.3907692307694,4792.1938461538475,4774.4892307692335,4252.181538461536,4250.800000000002,177180.23999999996,2419.184615384616,3843.0061538461505,2217.2830769230777,10367.950769230772,4361.901538461541,62024.12386773582,463881.1353846154,0.022555503274740808,0.010939651429804036,0.0056189559512718435,0.00720752614591948,0.0058575035630783305,0.0005807067692451274,0.006705464533739354,0.04181338219737985,192134.015203869,257723.02785885715,167161.29520382735,100165.1968354106,135506.2895329461,43227.78115786025,102671.91911922267,984988.9498839658,188692.62028944676,252958.6636049137,163495.13693091282,97890.67382919707,132003.64101393797,0.0,97479.81009436514,951535.9991170416,0.0,0.0,0.0,0.0,0.0,0.0,0.0,0.0,0.005371312682980894,0.0030531645749257577,0.005482207347916498,0.005368783384320456,0.004825349902734932,0.005021446943574495,0.2010714466251566,0.002356735588384175,0.0043590218880910385,0.0023563910489829126,0.01210107979251608,0.005175276775929546,0.05828421534475669,0.51116778152793,0.004275859263333332,0.0018626841210084035,0.003996172519523811,0.004251143563764705,0.0032279049077366946,0.003876960144095238,0.11277059466666668,0.001363553929411765,0.0024961760537815115,0.0013898074509803922,0.006667968358117647,0.004015302303260505,0.037386899215655654,0.29552557265623985
2026-07-03 08:07:27.632999897,4767.892307692303,3322.20923076923,4787.953846153849,4774.4892307692335,4252.181538461536,4250.800000000002,177066.4646153846,2425.455384615383,3841.1846153846195,2205.8092307692295,10333.510769230765,4348.513846153844,62332.7631311632,464275.89538461535,0.022555503274740808,0.010939651429804036,0.005934182616534247,0.00720752614591948,0.006043981012554274,0.0005807067692451274,0.006705464533739354,0.04210106441515048,193038.4806311907,257723.02785885715,175673.7411223193,100165.1968354106,143584.74361290722,43227.78115786025,102671.91911922267,989448.037312053,190028.28895370068,252958.6636049137,171434.66939555353,97890.67382919707,139873.27832741116,0.0,97479.81009436514,956047.9541311887,0.0,0.0,0.0,0.0,0.0,0.0,0.0,0.0,0.005378076733065067,0.0030570068047237374,0.005489104640845792,0.005375537911677357,0.004831422916623821,0.005027764921268098,0.20132325720723365,0.0023597008930979803,0.00436448589018484,0.0023593557152287044,0.012116234743102345,0.005181787850424495,0.05837985807068713,0.5118080800641527,0.004275859263333332,0.0018712952529355738,0.004006016580190477,0.004251143563764705,0.0032279049077366946,0.003876960144095238,0.11291023024540303,0.0013685038943025206,0.002501779463294117,0.0013910886007002798,0.006677161929411765,0.00401848472308123,0.03748801960973907,0.2957976777583718
2026-07-03 08:07:42.632999897,4746.747692307693,3322.20923076923,4787.953846153849,4764.947692307693,4243.6738461538425,4242.836923076925,176970.77538461538,2425.455384615383,3841.1846153846195,2205.8092307692295,10333.510769230765,4348.513846153844,62601.57733945593,464149.4738461536,0.022555503274740808,0.010939651429804036,0.005934182616534247,0.00720752614591948,0.006043981012554274,0.0005807067692451274,0.00690788417359782,0.04275041085494942,193038.4806311907,257723.02785885715,176539.14014602156,100165.1968354106,143584.74361290722,43227.78115786025,108788.43651984312,999166.2493136994,190028.28895370068,252958.6636049137,172667.30828236934,97890.67382919707,139873.27832741116,0.0,103287.0158013025,965638.2326053807,0.0,0.0,0.0,0.0,0.0,0.0,0.0,0.0,0.005384840783149243,0.003060849034521718,0.0054960019337750845,0.00538229243903426,0.004837495930512711,0.005034082898961702,0.20157506778931072,0.0023626661978117846,0.004369949892278643,0.0023623203814744954,0.01213138969368861,0.005188298924919445,0.05847550079661756,0.5124483786003755,0.004279415901109243,0.0018712952529355738,0.004006016580190477,0.004255133801932772,0.0032331569105210067,0.003879523906890757,0.1130154188878039,0.0013685038943025206,0.002501779463294117,0.0013910886007002798,0.006677161929411765,0.00401848472308123,0.03759089275262862,0.296029182480015
2026-07-03 08:07:57.632999897,4746.747692307693,3358.3538461538465,4777.596923076918,4764.947692307693,4243.6738461538425,4242.836923076925,176889.4215384615,2430.203076923076,3836.8153846153837,2195.150769230768,10347.347692307685,4337.8646153846175,62890.10240088632,464171.46769230755,0.022555661605431515,0.010939651429804036,0.0059678068392714735,0.006834447497833138,0.006043981012554274,0.0005634427578428365,0.006545819984428097,0.043069490904790446,181649.79694143307,257723.02785885715,165088.21474691448,94980.4086759096,143584.74361290722,41893.75675939126,103086.48841681285,989376.7352311246,178918.167700653,252958.6636049137,161540.26151816017,92823.62037519967,139873.27832741116,0.0,97873.41466265141,956543.980852009,0.0,0.0,0.0,0.0,0.0,0.0,0.0,0.0,0.0053916048332334175,0.003064691264319697,0.005502899226704377,0.005389046966391161,0.004843568944401599,0.0050404008766553035,0.2018268783713878,0.002365631502525589,0.004375413894372445,0.002365285047720286,0.012146544644274875,0.005194809999414394,0.058571143522548,0.5130886771365982,0.004279415901109243,0.0018808088298487393,0.0040120535441176474,0.004255133801932772,0.0032331569105210067,0.003879523906890757,0.1131600117483859,0.0013736801545546219,0.0025058156521008397,0.0013938699548235293,0.0066971715894789926,0.0040207549538375355,0.03768902748258532,0.2961927802044211
2026-07-03 08:08:12.632999897,4728.17230769231,3358.3538461538465,4777.596923076918,4750.372307692304,4241.003076923075,4247.319999999998,176814.61230769227,2430.203076923076,3836.8153846153837,2195.150769230768,10347.347692307685,4337.8646153846175,63189.99322836358,464078.94461538456,0.022555661605431515,0.011101708433008983,0.0059678068392714735,0.007123944957359723,0.006082552284869394,0.0005964783816326841,0.006950639995119594,0.04327626723213844,181649.79694143307,260185.3672727273,165088.21474691448,102409.46366011126,154816.50111242596,44350.060204918336,97578.6952983966,1004018.5780907137,178918.167700653,255017.27030303035,161540.26151816017,100083.97847655331,150672.333427062,0.0,92637.46727419733,970429.5623926439,0.0,0.0,0.0,0.0,0.0,0.0,0.0,0.0,0.0053975034349361805,0.0030727314224203517,0.0055100697859207706,0.005394824909732998,0.004848879875961557,0.005045140710938024,0.20206043552959116,0.00236806143765268,0.004380495543737417,0.002366003915040871,0.01215798208016075,0.005199441756173199,0.05865593011170163,0.5137159768503666,0.004282446734397757,0.0018808088298487393,0.0040120535441176474,0.004252459385344539,0.003238866913529412,0.0038847784638095235,0.11326199622497479,0.0013736801545546219,0.0025058156521008397,0.0013938699548235293,0.0066971715894789926,0.0040207549538375355,0.03779251332403954,0.29643996525117605
2026-07-03 08:08:27.632999897,4728.17230769231,3396.6738461538475,4781.907692307694,4750.372307692304,4241.003076923075,4247.319999999998,176813.2523076922,2441.719999999998,3836.187692307698,2185.2215384615406,10338.301538461546,4352.984615384619,63542.970191771674,464585.88615384605,0.022555661605431515,0.011473059133617323,0.0059678068392714735,0.007699573671418832,0.006082552284869394,0.0005964783816326841,0.006950639995119594,0.04414753135115587,181649.79694143307,256201.8272060099,165088.21474691448,98156.13469232082,154816.50111242596,44350.060204918336,97578.6952983966,1023135.4362571072,178918.167700653,251212.34675059697,161540.26151816017,95931.71597030616,150672.333427062,0.0,92637.46727419733,988058.4440813243,0.0,0.0,0.0,0.0,0.0,0.0,0.0,0.0,0.005404266398922781,0.003076578913626382,0.005516967421599162,0.00540157821459062,0.0048549519324942204,0.00505145670758794,0.2023122233437578,0.0023710260703997486,0.004385959068320749,0.0023689657693122274,0.012173132388077415,0.005205950478116248,0.0587515628514242,0.5143562591326839,0.004282446734397757,0.0018909713947282908,0.0040212333332324945,0.004252459385344539,0.003238866913529412,0.0038847784638095235,0.11340237673827824,0.0013797826920392156,0.0025091744784257702,0.001396495822246499,0.006710531805445378,0.004024168607647059,0.03789353425977095,0.29675456150395757
