timestamp,api-gateway_energy,clientone_energy,clientthree_energy,clienttwo_energy,kernel_processes_energy,orchestrator_energy,policy_energy,policy-enforcer_energy,rabbitmq_energy,server_energy,sidecar_energy,system_processes_energy,clientone_cpu_usage,clientthree_cpu_usage,clienttwo_cpu_usage,policy_cpu_usage,server_cpu_usage,sidecar_cpu_usage,clientone_memory_usage,clientthree_memory_usage,clienttwo_memory_usage,policy_memory_usage,server_memory_usage,sidecar_memory_usage,clientone_memory_rss_usage,clientthree_memory_rss_usage,clienttwo_memory_rss_usage,policy_memory_rss_usage,server_memory_rss_usage,sidecar_memory_rss_usage,clientone_memory_cache_usage,clientthree_memory_cache_usage,clienttwo_memory_cache_usage,policy_memory_cache_usage,server_memory_cache_usage,sidecar_memory_cache_usage,api-gateway_carbon_coal,clientone_carbon_coal,clientthree_carbon_coal,clienttwo_carbon_coal,kernel_processes_carbon_coal,orchestrator_carbon_coal,policy_carbon_coal,policy-enforcer_carbon_coal,rabbitmq_carbon_coal,server_carbon_coal,sidecar_carbon_coal,system_processes_carbon_coal,api-gateway_carbon_emission,clientone_carbon_emission,clientthree_carbon_emission,clienttwo_carbon_emission,kernel_processes_carbon_emission,orchestrator_carbon_emission,policy_carbon_emission,policy-enforcer_carbon_emission,rabbitmq_carbon_emission,server_carbon_emission,sidecar_carbon_emission,system_processes_carbon_emission
2026-08-13 16:03:56.608000040,0.0,0.0,0.0,0.0,0.0,0.0,0.0,0.0,0.0,0.0,0.0,0.0,0.0001377685633461312,0.00016057844083104496,0.00014946923251343684,0.00015892613847680174,0.00012781564046690947,0.00022883093768515323,3966.2012449067524,4333.292354209112,3483.328452274311,6352.928755055591,3048.91004428086,10212.932463985142,3763.6594406025347,4095.7663519059847,3269.9418652334025,2925.3020779093185,2859.3845155360204,9858.921149348163,0.0,0.0,0.0,0.0,0.0,0.0,0.0,0.0,0.0,0.0,0.0,0.0,0.0,0.0,0.0,0.0,0.0,0.0,0.0,0.0,0.0,0.0,0.0,0.0,0.0,0.0,0.0,0.0,0.0,0.0
2026-08-13 16:04:11.608000040,0.0,0.0,0.0,0.0,2536.714149699999,0.0,167.12041919999993,0.0,0.0,212.83806560000005,302.1093029000001,5767.573343899999,0.0001510316395847157,0.00017619850424085393,0.00016439863463596098,0.000137689166666668,0.0001406988545367285,0.00024930721550808413,4295.331617987555,4710.674466589896,3776.1919936299396,5504.0,3299.412856874849,10973.030594513995,4086.898458556592,4463.699738388402,3558.02786105305,2534.4,3104.7034598231344,10601.23393494728,0.0,0.0,0.0,0.0,0.0,0.0,0.0,0.0,0.0,0.0,0.0,0.0,0.0,0.0,0.0,0.0,0.0,0.0,0.0,0.0,0.0,0.0,0.00015953113430335547,0.0,1.0510017474133329e-05,0.0,0.0,1.3385149458844448e-05,1.8999318382377783e-05,0.0003627162791830444
2026-08-13 16:04:26.608000040,79.44594130000003,229.24593720000018,216.913614,215.85166950000013,7040.0905576,78.25276679999992,214.49641919999996,86.21538030000006,392.3401260999999,283.7100656000001,1334.5181662000005,17193.0469634,0.0001546089282422492,0.0001918185676506629,0.00017932803675848512,0.000137689166666668,0.00015358206860654753,0.00025997835449459916,2603.860512748258,5088.056578970679,4069.0555349855676,5504.0,3549.9156694688377,10742.840030855892,2559.120641395195,4831.6331248708175,3846.113856872698,2534.4,3350.0224041102483,10500.502487695081,0.0,0.0,0.0,0.0,0.0,0.0,0.0,0.0,0.0,0.0,0.0,0.0,0.0,0.0,0.0,0.0,0.0,0.0,4.99626697508889e-06,1.4417022272800011e-05,1.3641456169333332e-05,1.3574671659666672e-05,0.0004427434728446222,4.921229556533328e-06,1.3489441474133328e-05,5.421989472200004e-06,2.4673834596955547e-05,1.7842210792177783e-05,8.392636467435557e-05,0.001081251620142711
2026-08-13 16:04:41.608000040,103.91544130000004,288.0249372000002,273.61811399999993,270.57616950000016,8834.0711955,102.3547667999999,260.6038503,112.76988030000008,513.1816260999999,366.4357392500001,1705.6982796000002,21726.280634349998,0.00016706790662040545,0.0001847157384845762,0.00019425743888100923,0.000137689166666668,0.00015836134321946764,0.00026875570813219565,2778.7984299359505,3032.1003720874514,4361.919076341195,5504.0,2526.728218283145,10421.90376572148,2731.052752445642,2829.094442168314,4134.199852692345,2534.4,2476.044584406079,10196.641832688929,0.0,0.0,0.0,0.0,0.0,0.0,0.0,0.0,0.0,0.0,0.0,0.0,0.0,0.0,0.0,0.0,0.0,0.0,6.5351266417555575e-06,1.811356827280001e-05,1.720753916933333e-05,1.7016234659666672e-05,0.0005555649218503333,6.4369775565333265e-06,1.638908658553333e-05,7.091972472200004e-06,3.227342226362221e-05,2.3044736490611117e-05,0.00010726946958373333,0.0013663416487824554
2026-08-13 16:04:56.608000040,127.91273530000004,354.9284207999999,325.16282499999994,332.80390424999996,10623.27959245,126.07113189999997,307.7503502999999,136.67609165000002,636.9665435000002,439.6769892500002,2073.0205298,26397.7440651,0.0001795268849985617,0.00019858330362383946,0.0002091868410035334,0.00013208046383814419,0.0001705995480202417,0.00026764808046411204,2953.736347123643,3221.811782689428,4654.782617696825,4410.383560795177,2689.4617455075954,9051.625696333125,2902.984863496089,3014.205673075771,4422.285848511993,2030.827779156849,2635.5138402879743,8869.578545684983,0.0,0.0,0.0,0.0,0.0,0.0,0.0,0.0,0.0,0.0,0.0,0.0,0.0,0.0,0.0,0.0,0.0,0.0,8.044289797755557e-06,2.2321054019199994e-05,2.0449128772222215e-05,2.092966775616666e-05,0.0006680862499251888,7.928473406155552e-06,1.9354077585533326e-05,8.595407541544445e-06,4.005811818011112e-05,2.7650797323944452e-05,0.00013036995776297776,0.0016601247934273998
2026-08-13 16:05:11.608000040,152.29223530000004,415.0844207999999,380.98157499999996,388.79065425,12364.157786783335,150.09963189999996,344.8927584999999,162.72584165,758.3690435000003,483.7484381333334,2403.0560505666667,30743.82835858333,0.00019198586337671795,0.0002124508687631027,0.00021340846083153358,0.00013837532872950105,0.00018283775282101577,0.00026906082536083046,3128.674264311336,3411.523193291404,2815.7395632516373,4620.579435548376,2852.1952727320454,8944.390630986409,3074.9169745465365,3199.3169039832283,2727.8880150523796,2127.6156470664614,2794.9830961698685,8758.731144234765,0.0,0.0,0.0,0.0,0.0,0.0,1.8349275822222226e-05,4.52765248e-05,4.201208555555555e-05,4.213853106666667e-05,0.0013419718543111112,1.8085095022222215e-05,3.548490053333332e-05,1.960639257777778e-05,9.137381644444448e-05,5.5125162444444464e-05,0.0002711211908888889,0.003358727517022222,9.577489464422225e-06,2.610419801919999e-05,2.3959507938888882e-05,2.4450612256166662e-05,0.0007775681452577073,9.439599072822219e-06,2.168992236788888e-05,1.0233647374877778e-05,4.769298651344446e-05,3.0422401775940738e-05,0.00015112552495785925,0.0019334452056620182
2026-08-13 16:05:26.608000040,182.41114809999996,470.2593867333334,432.05230399999994,457.31952050000007,14137.8437732,174.5774293666666,390.7102584999999,184.57792136666666,880.0215557999999,552.8244381333335,2758.8059411,35083.399097299996,0.0002044448417548742,0.00022631843390236595,0.00022760726883087093,0.00014467019362085794,0.00019507595762178982,0.00029283216426670595,3303.612181499029,3601.234603893381,2970.925180244177,4830.775310301576,3014.9287999564963,8710.063763490403,3246.8490855969835,3384.428134890686,2880.7087435043077,2224.4035149760743,2954.452352051764,8523.29908357117,0.0,0.0,0.0,0.0,0.0,0.0,2.105810915555556e-05,5.196052479999999e-05,4.8214168888888886e-05,4.835928106666667e-05,0.001540082020977778,2.075492835555555e-05,4.072340053333333e-05,2.2500809244444447e-05,0.00010486298311111116,6.326307911111113e-05,0.0003111457742222222,0.0038545636003555553,1.1471634424955552e-05,2.957409032122963e-05,2.7171289340444437e-05,2.876031651144445e-05,0.0008891132861812443,1.0978980557948142e-05,2.457133403455555e-05,1.1607900388170368e-05,5.534357784253332e-05,3.476651466482964e-05,0.0001734982402958444,0.002206355987674644
2026-08-13 16:05:41.608000040,207.5826481,529.7848867333335,487.264304,514.8850205,15903.432550216668,198.66792936666658,443.85204975,210.04842136666667,1001.4585557999998,607.3333683999999,3094.0378135833334,39405.52922306667,0.00021457116603571156,0.00024018599904162923,0.00024180607683020838,0.0001509650585122148,0.0002073141624225639,0.0003062996405620136,2486.332722545441,3790.9460144953578,3126.1107972367163,5040.971185054775,3177.662327180947,10434.299873686552,2437.5537733923634,3569.539365798143,3033.529471956236,2321.191382885687,3113.9216079336597,10032.34116959184,0.0,0.0,0.0,0.0,0.0,0.0,2.3766942488888897e-05,5.86445248e-05,5.4416252222222216e-05,5.4580031066666664e-05,0.0017381921876444444,2.342476168888888e-05,4.596190053333333e-05,2.539522591111111e-05,0.00011835214977777781,7.140099577777781e-05,0.0003511703575555555,0.004350399683688888,1.3054642091622221e-05,3.3317582876785195e-05,3.064351067377777e-05,3.238054684477777e-05,0.0010001492026025147,1.249400533572592e-05,2.791336223983333e-05,1.3209711832614815e-05,6.298061584253331e-05,3.819452072382221e-05,0.00019458060027646295,0.0024781699489173034
2026-08-13 16:05:56.608000040,221.009640925,596.4137324000001,541.8978374999999,584.935631,17692.302641125,228.40240422499997,490.43829975,234.248651375,1139.5708835249998,674.7913683999999,3454.90126245,43924.8398447,0.00022689329600603548,0.00025405356418089245,0.00025600488482954584,0.0001519181092354384,0.00021262064879760384,0.00031548000121633035,2612.3501032445597,3980.6574250973345,3281.2964142292562,4214.298821580047,5255.405286916212,13745.746732598873,2561.0988400082592,3754.6505967056,3186.3502004081643,1940.537596913603,4892.972343126767,12960.237977356752,0.0,0.0,0.0,0.0,0.0,0.0,2.6475775822222227e-05,6.532852479999999e-05,6.0618335555555545e-05,6.0800781066666653e-05,0.0019363023543111113,2.6094595022222216e-05,5.1200400533333325e-05,2.8289642577777778e-05,0.0001318413164444445,7.953891244444447e-05,0.00039119494088888886,0.004846235767022223,1.3899050751505556e-05,3.750779694871112e-05,3.407935289166666e-05,3.67859519051111e-05,0.0011126492549863054,1.4363973421261107e-05,3.0843119739833326e-05,1.4731637408694442e-05,7.166634667501664e-05,4.243687939048888e-05,0.00021727490161629998,0.0027623843724555773
2026-08-13 16:06:11.608000040,244.91101592500002,656.6567324000001,597.0509624999999,643.7566310000001,19453.180174434998,253.10327922499994,535.52539404,259.58177637500006,1262.8112585249999,724.84681272,3795.18455866,48168.9497976,0.00023921542597635944,0.0002541682462365104,0.00027020369282888324,0.00015805163000720248,0.00022446420020988392,0.0003316679760132564,2738.367483943678,2883.0840629373806,3436.482031221796,4384.446340468153,5517.435768228728,14401.827129969608,2684.6439066241555,2814.0446936141675,3339.1709288600923,2018.88459398301,5142.33569664108,13579.89380947427,0.0,0.0,0.0,0.0,0.0,0.0,2.861224748888889e-05,7.211667217777778e-05,6.602360166666666e-05,7.041440124444444e-05,0.0021269350086,2.9569325977777768e-05,5.576822733333332e-05,3.0326190111111113e-05,0.00014753059646666663,8.075372195555554e-05,0.00042412942213333337,0.005301864228866667,1.540218166817222e-05,4.1296412282044454e-05,3.754787164166666e-05,4.048513923844444e-05,0.0012233888865255788,1.591738400459444e-05,3.367859700295999e-05,1.632480949202778e-05,7.941679692501665e-05,4.558481066661333e-05,0.00023867494002239556,0.0030292917317157326
2026-08-13 16:06:26.608000040,260.6767852,725.10011428,653.9752267999999,730.6492031999999,21261.86798358,282.31437545999995,581.9815940400001,279.87158497999997,1399.79992152,790.72321272,4171.25753008,52661.5821906,0.0002515375559466834,0.0002673106778165811,0.00028440250082822064,0.00016418515077896653,0.00023630775162216406,0.0003425492988261504,2864.384864642797,3014.2206967173406,3591.6676482143353,4554.593859356259,5779.466249541243,17755.76030474354,2808.1889732400514,2942.041082332347,3491.991657312021,2097.2315910524167,5391.699050155395,16528.565248651492,0.0,0.0,0.0,0.0,0.0,0.0,3.1267955822222224e-05,7.881033884444446e-05,7.215172666666665e-05,7.695006791111112e-05,0.0023243511335999997,3.231386764444444e-05,6.0944477333333326e-05,3.314098177777778e-05,0.00016122397146666663,8.824905528888889e-05,0.0004634959221333334,0.005793968353866667,1.6393673380355552e-05,4.560074052027555e-05,4.11277753743111e-05,4.594971655679999e-05,0.0013371352531895864,1.7754437390039995e-05,3.660017580296e-05,1.7600813010964443e-05,8.803186173114666e-05,4.972770426661332e-05,0.00026232575133614217,0.0033118283910977325
2026-08-13 16:06:41.608000040,283.8547852,786.0322142800001,709.2781268,791.8204031999999,23036.395151620003,307.41627545999995,628.6312377666668,304.75628498,1524.26272152,853.7987378000003,4528.532635986667,57190.23516793334,0.0002601223979644263,0.00028045310939665185,0.0002986013088275581,0.0001703186715507306,0.0002481513030344441,0.00035848624319586713,2366.5334355764285,3145.3573304972997,3746.853265206875,4724.741378244365,6041.496730853757,18526.52178085171,2326.8042788515863,3070.0374710505253,3644.8123857639484,2175.578588121824,5641.062403669709,17247.447526806303,0.0,0.0,0.0,0.0,0.0,0.0,3.392366415555556e-05,8.550400551111113e-05,7.827985166666666e-05,8.348573457777779e-05,0.0025217672586,3.50584093111111e-05,6.612072733333333e-05,3.595577344444445e-05,0.00017491734646666663,9.574438862222222e-05,0.0005028624221333334,0.006286072478866665,1.785131204702222e-05,4.9432692586942214e-05,4.460571330764444e-05,4.979670535679999e-05,0.0014487332950907689,1.9333067990039996e-05,3.953392006399259e-05,1.9165784144297777e-05,9.585918893114667e-05,5.3694453954977786e-05,0.00028479438577427255,0.003596630345005585
2026-08-13 16:06:56.608000040,301.3300665,845.7049622,774.7855053333333,859.901717583333,24817.9061792,332.3042407166666,675.1017377666668,324.28996705000003,1658.9314672166665,919.4597378000001,4884.763364349999,61793.606164100005,0.00027226694688259123,0.0002935955409767226,0.0002529388888888889,0.0001764521923224947,0.0002599948544467242,0.0003744231875655838,2466.905438082042,3276.4939642772592,3247.7866666666673,4894.88889713247,6303.527212166273,19297.283256959887,2425.4912449413255,3198.033859768704,3153.3511111111115,2253.9255851912303,5890.4257571840235,17966.329804961115,0.0,0.0,0.0,0.0,0.0,0.0,3.657937248888889e-05,9.219767217777778e-05,8.440797666666667e-05,9.002140124444443e-05,0.0027191833836000003,3.7802950977777775e-05,7.129697733333331e-05,3.877056511111112e-05,0.00018861072146666665,0.00010323972195555554,0.0005422289221333333,0.006778176603866666,1.8950313071e-05,5.318544540057777e-05,4.8725399557629616e-05,5.407826357246294e-05,0.0015607705441585775,2.089824447173703e-05,4.24563981751037e-05,2.039423570558889e-05,0.00010432835671607036,5.7823801288311106e-05,0.0003071973404691222,0.003886131232097844
2026-08-13 16:07:11.608000040,324.0775665,906.5464622000001,830.8265053333332,921.5684675833332,26578.153791257144,357.38999071666655,716.2108023285716,348.77071705000003,1784.1647172166665,979.8610679142859,5231.9253023833335,66078.98828705239,0.0002844114958007561,0.0003067379725567933,0.00031556464815357254,0.00018258571309425875,0.0002660493684195896,0.00039036013193530054,2567.2774405876567,3407.6305980572192,5786.238278114083,5065.036416020575,5262.398973578668,20068.04473306806,2524.1782110310646,3326.0302484868835,5375.949551519885,2332.272582260637,4986.307444238202,18685.212083115926,0.0,0.0,0.0,0.0,0.0,0.0,3.7340948e-05,9.987380097777777e-05,9.199358465185185e-05,0.00010122848247407404,0.0029187878876,4.1179280637037026e-05,7.62832189925926e-05,4.0186148488888894e-05,0.00020557548197037035,0.0001077852065777778,0.0005830178171851852,0.007288625151837038,2.0380878070999995e-05,5.701169973391111e-05,5.2249755779851836e-05,5.795641696135184e-05,0.0016714705606501712,2.247585941618147e-05,4.50417015686635e-05,2.1933802872255554e-05,0.0001122041366605148,6.162237382660952e-05,0.00032902996901655184,0.004155634152274627
2026-08-13 16:07:26.608000040,339.86928894285717,975.108612657143,896.1196734285712,976.896775642857,28359.61498372857,387.2920748714285,762.3360166142859,371.8482230571428,1938.306318142857,1045.1714964857144,5591.820405657143,70445.58346294286,0.00029655604471892107,0.000319880404136864,0.0003292587712089653,0.00016534131944444407,0.00027763635980991385,0.00038660585863810337,2667.6494430932703,3538.7672318371783,6012.704463103995,4586.666666666667,5470.709683735367,19064.735550054564,2622.8651771208038,3454.026637205062,5591.688664974289,2112.0,5184.5505062066595,17746.702726645053,0.0,0.0,0.0,0.0,0.0,0.0,3.9868448e-05,0.00010663396764444442,9.822036242962962e-05,0.00010808034358518516,0.0031163521375999997,4.396658619259258e-05,8.144660788148149e-05,4.2906231822222225e-05,0.00021949028752592592,0.00011508087324444446,0.0006224805949629629,0.007781970957392592,2.1374001949073016e-05,6.132349719599365e-05,5.6355970573396804e-05,6.143595277931745e-05,0.0017835046756433744,2.4356368264136503e-05,4.7942465044853974e-05,2.3385121583371423e-05,0.00012189793067431744,6.57296741123238e-05,0.00035166337217799366,0.004430244471113962
2026-08-13 16:07:41.608000040,362.1605746571429,1036.4356840857145,952.7453162857142,1038.1659899285714,30135.867169075,412.69371772857136,808.4541885875002,396.23693734285706,2065.4356038571427,1109.6170424625,5949.053518292857,74890.38026563215,0.000308700593637086,0.00028267958333333333,0.00034295289426435814,0.00016534131944444407,0.000289223351200238,0.00039475674786614,2768.021445598885,3167.5733333333333,6239.170648093905,4586.666666666667,5679.020393892068,18693.00548557944,2721.552143210543,3091.7214814814815,5807.427778428692,2112.0,5382.793568175118,15667.536503811947,0.0,0.0,0.0,0.0,0.0,0.0,4.2395948e-05,0.00011339413431111111,0.0001044471402074074,0.00011493220469629628,0.0033139163876000004,4.675389174814814e-05,8.660999677037038e-05,4.562631515555556e-05,0.0002334050930814814,0.00012237653991111112,0.0006619433727407407,0.008275316762948149,2.2775876139549204e-05,6.518028857694603e-05,5.991709433530157e-05,6.528910558884126e-05,0.0018952112019662722,2.5953849359374595e-05,5.084278563783612e-05,2.4918900726228566e-05,0.00012989295019812696,6.978258289264166e-05,0.000374129365705973,0.004709772803371977
2026-08-13 16:07:56.608000040,377.5029667250001,1103.0901228750001,1032.9691540000001,1090.9627551874999,31923.842886000002,440.61954319999995,854.5790010875002,415.95887037500006,2211.7415631625004,1174.8766049625,6313.154976375,79368.42838513751,0.00028129388888888893,0.00033475217080676403,0.00035664701731975097,0.00017740315944569126,0.00030081034259056214,0.0004159318739729963,2541.5111111111114,2697.0669803588285,6465.636833083816,4159.278363805771,5887.331104048767,18713.394064105538,2498.8444444444444,2632.543846857421,6023.166891883096,1915.2025954268431,5581.036630143577,15625.546586466124,0.0,0.0,0.0,0.0,0.0,0.0,4.4923447999999995e-05,0.00012015430097777778,0.00011067391798518518,0.00012178406580740737,0.0035114806375999997,4.954119730370369e-05,9.177338565925927e-05,4.8346398488888894e-05,0.00024731989863703704,0.0001296722065777778,0.0007014061505185186,0.008768662568503704,2.3740742129594448e-05,6.937211217191667e-05,6.496228235155557e-05,6.860943549290277e-05,0.002007655008164,2.771007349457777e-05,5.374352384616945e-05,2.615919118136111e-05,0.00013909396941666388,7.388668426764167e-05,0.0003970273018475833,0.0049913922739986466
2026-08-13 16:08:11.608000040,399.3913417250001,1164.714810375,1090.918654,1151.7598176875,33704.84578550278,466.16754319999995,896.6132021777778,440.0769953750001,2339.9827506625,1249.2058087444445,6674.741219613889,83836.73547791806,0.00028129388888888893,0.0003474550623540904,0.0003703411403751438,0.000182781859670225,0.0003080697838642,0.0004310072321228512,2541.5111111111114,2789.4887063048495,6692.103018073727,4285.383848844491,5063.595416892095,19357.940616553467,2498.8444444444444,2722.7545267281785,6238.906005337499,1973.269772258626,4820.042980572179,16162.769332037515,0.0,0.0,0.0,0.0,0.0,0.0,4.565882597777778e-05,0.0001285481851666667,0.00012088179848888888,0.00012682177167777775,0.003708374895233333,5.32927495111111e-05,9.621567554444445e-05,5.0310051444444446e-05,0.0002675092172555556,0.00013613048056666666,0.0007417503874111112,0.009240438113877779,2.511727771292778e-05,7.324762029691667e-05,6.860666201822221e-05,7.24328952012361e-05,0.002119660301621619,2.9316758827911106e-05,5.638700804806913e-05,2.767595326469445e-05,0.00014715891520833055,7.856116530548394e-05,0.00041976705892238453,0.005272399142277957
2026-08-13 16:08:26.608000040,415.97964753333343,1241.7119362888893,1150.2394062222222,1194.9946481666666,35483.08002555556,496.45665517777786,942.5285355111112,464.5680258333334,2493.0229530888887,1314.942642077778,7042.313614400001,88097.13184964444,0.00034079193400130757,0.00036015795390141673,0.0003840352634305366,0.00018816055989475872,0.00031949386532921075,0.0004440103939207936,5175.494837346208,2881.9104322508706,6918.569203063638,4411.489333883212,5237.205275623685,19496.510682945656,4942.240163310252,2812.9652065989358,6454.645118791902,2031.336949090409,4985.302428067876,16226.893264618826,0.0,0.0,0.0,0.0,0.0,0.0,4.8090867644444446e-05,0.0001353953726666667,0.00012732063182222222,0.0001335770008444444,0.0039059034577333335,5.613141617777777e-05,0.00010134065471111112,5.2989843111111115e-05,0.0002817582380888889,0.00014338154306666666,0.0007812601165777778,0.009732634968044445,2.6160497833762963e-05,7.808988399327904e-05,7.233727821353086e-05,7.515188565137036e-05,0.0022314914771627155,3.122160742562469e-05,5.9274572344365426e-05,2.9216166957962964e-05,0.00015678344349425675,8.269528171289134e-05,0.00044288327841671105,0.005540330736322084
2026-08-13 16:08:41.608000040,437.59264753333343,1304.109102955556,1208.258072888889,1254.9111481666666,37274.39525123778,522.2509885111111,997.2522179000001,488.7055258333334,2622.5526197555555,1388.68306942,7405.194440267778,92631.58548164224,0.00035278165233241745,0.0003728608454487431,0.0003935013936480845,0.00019353926011929248,0.00033091794679422155,0.00045901046098656753,5343.291038349957,2974.3321581968917,5602.979429696653,4537.5948189219325,5410.815134355276,20125.018119170552,5102.473947694979,2903.175886469693,5236.873466518073,2089.404125922192,5150.561875563571,16749.120578914633,0.0,0.0,0.0,0.0,0.0,0.0,5.0522909311111104e-05,0.00014224256016666668,0.00013375946515555554,0.00014033223001111108,0.004103432020233334,5.8970082844444446e-05,0.0001064656338777778,5.5669634777777785e-05,0.00029600725892222225,0.00015063260556666668,0.0008207698457444445,0.010224831822211112,2.7519715389318522e-05,8.201397247476051e-05,7.598600769501234e-05,7.891996776248146e-05,0.0023441453013556203,3.2843784388587656e-05,6.271608392571112e-05,3.0734147513518525e-05,0.00016492942030907158,8.733273525463555e-05,0.000465704450354618,0.00582549748695661
2026-08-13 16:08:56.608000040,453.90989925,1380.0270469400002,1269.9626746,1306.2978858000001,39057.12383009,551.29217681,1043.5767179000002,508.79658547,2768.4281066,1454.80096942,7774.21780482,96990.86955613,0.0003647713706635272,0.00038556373699606943,0.0004070479750544892,0.00019891796034382622,0.00034234202825923234,0.000469721891070944,5511.087239353705,3066.7538841429127,5776.874202634704,4663.700303960653,5584.4249930868655,19547.926714254274,5262.707732079707,2993.386566340451,5402.588242105892,2147.4713027539756,5315.821323059267,16150.539524931533,0.0,0.0,0.0,0.0,0.0,0.0,5.2954950977777775e-05,0.00014908974766666668,0.0001401982984888889,0.00014708745917777776,0.0043009605827333324,6.18087495111111e-05,0.00011159061304444444,5.834942644444445e-05,0.0003102562797555556,0.0001578836680666667,0.0008602795749111112,0.010717028676377777,2.8545889219500003e-05,8.678836761867111e-05,7.986654153595555e-05,8.215162259586667e-05,0.0024562591208701044,3.467015245271777e-05,6.562938025904446e-05,3.1997651930668885e-05,0.0001741033675928444,9.14908165213022e-05,0.0004889119197253466,0.006099648018752175
2026-08-13 16:09:11.608000040,475.2736492500001,1443.0415969400003,1328.1502246,1365.8256858000002,40846.956850148184,577.23932681,1094.8901244,532.7436354700001,2898.7271066000003,1525.4371030454547,8136.39052203,101521.10397354637,0.0003767610889946371,0.00039826662854339565,0.0004205945564608938,0.00020429666056835996,0.0003537661097242431,0.00046934482769876024,5678.883440357453,3159.1756100889347,5950.768975572752,4789.805788999374,5758.0348518184555,18715.26873970659,5422.941516464434,3083.597246211209,5568.303017693713,2205.5384795857585,5481.080770554964,15543.936928271383,0.0,0.0,0.0,0.0,0.0,0.0,5.4059466000000014e-05,0.00015945388441777778,0.00014723950059555556,0.00015063090890666666,0.004501039154062222,6.565743716444444e-05,0.00011722088737777778,6.059632486222223e-05,0.0003297124503111111,0.00016730669320888888,0.0009042340986133333,0.011197725012551112,2.9889431719500008e-05,9.075128265200445e-05,8.352589190262222e-05,8.589525979586667e-05,0.0025688197307982075,3.63019398860511e-05,6.885642337893334e-05,3.3503655297335554e-05,0.00018229772692617777,9.593304448041413e-05,0.0005116885594965533,0.006384549427669694
2026-08-13 16:09:26.608000040,492.3784920363636,1532.775301,1382.1054207272725,1412.684103681818,42636.1219839,608.2962144636363,1141.4266698545457,557.1766478636364,3054.4559195272727,1591.7514212272729,8516.351723145455,105751.27960929999,0.00038875080732574693,0.000410969520090722,0.0004341411378672985,0.0001866250699923717,0.00036519019118925393,0.0004932635041805355,5846.679641361201,3251.5973360349553,6124.663748510802,3994.6568004913265,5931.644710550045,18538.325404480067,5583.175300849163,3173.807926081966,5734.017793281533,1839.4001081332156,5646.340218050659,15563.8724752583,0.0,0.0,0.0,0.0,0.0,0.0,5.643321600000001e-05,0.00016645550108444445,0.0001537047839288889,0.00015724510890666667,0.004698679687395555,6.85404538311111e-05,0.00012236805404444443,6.325710819555556e-05,0.00034419011697777775,0.0001746531265422222,0.0009439389986133333,0.01168941687921778,3.0965136276953534e-05,9.63945355962222e-05,8.691907423684847e-05,8.884213363154543e-05,0.0026813383380985996,3.8255073042935346e-05,7.178305501529697e-05,3.50402202989798e-05,0.00019209133893915956,0.00010010347826829293,0.0005355838972555918,0.006650580473207088
2026-08-13 16:09:41.608000040,513.5590374909092,1596.9078009999998,1440.1153298181816,1471.6827855000001,44435.64758569318,634.463169009091,1194.4237118416665,581.144602409091,3185.848828618183,1673.2565635416668,8882.584353691667,110481.18053194016,0.0004019688186768206,0.0003726013888888889,0.0004476877192737031,0.0001914026181057692,0.00033163675,0.0005079274725289153,5199.929905642465,2972.4444444444443,6298.558521448853,4096.918865612791,5421.738666666666,19067.99631894847,4965.80089028311,2901.3333333333335,5899.732568869354,1886.4882218403084,5160.96,16008.656686183043,0.0,0.0,0.0,0.0,0.0,0.0,5.880696600000001e-05,0.00017345711775111112,0.00016017006726222222,0.00016385930890666666,0.004896320220728889,7.142347049777777e-05,0.00012751522071111112,6.591789152888891e-05,0.0003586677836444445,0.00018199955987555555,0.0009836438986133332,0.012181108745884444,3.229715724665051e-05,0.00010042775726288886,9.05672529641212e-05,9.255249517699998e-05,0.002794508503722482,3.990068373990505e-05,7.511598010026481e-05,3.654753832928283e-05,0.00020035449299976566,0.0001052292461071759,0.000558615860465498,0.006948038686786458
2026-08-13 16:09:56.608000040,532.4346709500002,1676.6710314666668,1490.1055925,1526.4640390416666,46211.03901980833,659.0880645583335,1241.2133368416667,600.5850717416668,3316.2057609583335,1740.1784385416668,9236.497437908334,114907.4770214,0.00041399570672183926,0.00042755377077865266,0.0004612343006801078,0.00019618016621916664,0.00037969797524750273,0.0005123395821580227,5345.433682420442,5892.343127262939,6472.453294386902,4199.180930734255,4962.65778888554,19269.90880976071,5104.753298752999,5530.397340332458,6065.447344457173,1933.5763355474007,4724.739205131238,16146.141101007754,0.0,0.0,0.0,0.0,0.0,0.0,6.118071599999999e-05,0.00018045873441777777,0.00016663535059555556,0.00017047350890666668,0.005093960754062222,7.430648716444444e-05,0.00013266238737777778,6.857867486222221e-05,0.00037314545031111106,0.00018934599320888886,0.0010233487986133331,0.012672800612551112,3.3484224861966666e-05,0.00010544397820112592,9.371108503944442e-05,9.599762734417591e-05,0.0029061608983568347,4.1449316060001856e-05,7.805852762804258e-05,3.777012784508704e-05,0.00020855249563360182,0.00010943788846828702,0.0005808730610951241,0.007226403554901377
2026-08-13 16:10:11.608000040,553.5239209500002,1741.4070314666667,1547.8049675000002,1585.3001640416667,47997.79472334872,685.1939395583332,1293.9772306384616,624.3736967416667,3447.557635958333,1802.7489143923078,9585.662871347437,119491.22171399552,0.00042602259476685796,0.00043999694577393514,0.0004747808820865124,0.0002009577143325641,0.00039087356540320323,0.0005223623621598433,5490.937459198416,6050.170759291589,6646.348067324952,4301.442995855718,5099.259697474188,22278.486033104953,5243.705707222888,5680.590330914518,6231.1621200449945,1980.6644492544935,4854.792176837248,18780.77380585261,0.0,0.0,0.0,0.0,0.0,0.0,6.273786306666667e-05,0.00019258144805925928,0.0001716483747777778,0.00017503006288148147,0.005296010273888889,7.766169071851853e-05,0.00013919324234814816,7.076816377037038e-05,0.0003907552875185185,0.00019908415092592595,0.0010667883555259261,0.013188190921066668,3.4810504361966675e-05,0.00010951515331223704,9.733973462277778e-05,9.96977658719537e-05,0.0030185279792683747,4.309108553222406e-05,8.137679028237436e-05,3.926616803953148e-05,0.00021681306910582404,0.0001133728761717829,0.0006028316872425164,0.00751467016556905
2026-08-13 16:10:26.608000040,572.2505647846156,1809.3612045384614,1602.4117172307692,1650.6846673846155,49776.11037745385,710.8473615923078,1340.9838844846154,647.1780335000001,3580.69548193077,1869.5096451615382,9947.045463784616,123859.93529401539,0.00043804948281187656,0.0004524401207692176,0.00048558999397673726,0.00020573526244596163,0.000402049155558904,0.000547093497607025,5636.441235976391,6207.9983913202395,8501.831658395888,4403.705060977183,5235.861606062838,22000.58925875891,5382.658115692777,5830.783321496578,7894.427308889286,2027.7525629615868,4984.84514854326,18472.52730483227,0.0,0.0,0.0,0.0,0.0,0.0,6.508111306666668e-05,0.00019977433694814818,0.00017805941644444446,0.0001815674101037037,0.005493815482222222,8.05623434962963e-05,0.00014439208957037035,7.341134432592595e-05,0.0004053499402962963,0.0002065199148148148,0.001106632744414815,0.013680767921066667,3.5988202185343597e-05,0.00011378871575208544,0.00010077389243917947,0.00010380972463774359,0.0031303642748487636,4.470440074013846e-05,8.433298651314357e-05,4.070030744011111e-05,0.0002251859603080906,0.00011757138435127005,0.0006255586369446768,0.0077894137084903005
2026-08-13 16:10:41.608000040,593.253103246154,1874.212550692307,1659.9999480000001,1709.7551289230769,51560.611775144505,736.9366308230768,1391.2403516285715,670.9305335,3712.112905007692,1944.479856242857,10289.195536147801,128334.1935502,0.0004500763708568952,0.0004648832957645001,0.000499059801514981,0.00021051281055935907,0.0004132247457146046,0.0005616230021628775,5781.945012754366,6365.826023348891,8721.890357522994,4505.967126098647,5372.463514651487,22563.712469150996,5521.6105241626665,5980.976312078637,8102.141725865711,2074.8406766686794,5114.89812024927,18945.385089970423,0.0,0.0,0.0,0.0,0.0,0.0,6.742436306666668e-05,0.00020696722583703702,0.00018447045811111114,0.0001881047573259259,0.005691620690555555,8.346299627407408e-05,0.0001495909367925926,7.605452488148149e-05,0.00041994459307407396,0.00021395567870370372,0.0011464771333037037,0.014173344921066665,3.7309028493035905e-05,0.00011786714485464954,0.00010439555228533333,0.00010752460033005126,0.0032425895849701983,4.6345125893984606e-05,8.749355989130794e-05,4.219407577344445e-05,0.0002334506560260393,0.00012228617762593966,0.0006470760748288505,0.008070794838823687
2026-08-13 16:10:56.608000040,612.1884440285713,1951.9992366714284,1721.821819285714,1776.2743256428573,53355.76950220714,761.65074115,1438.3570659142858,690.5122404214286,3843.6067391928573,2011.523641957143,10653.644797814286,132806.5471157857,0.00046198291062348287,0.00047732647075978253,0.0005125296090532246,0.00021450788421620607,0.00042440033587030527,0.0005720681437843949,5133.448767741584,6523.653655377541,8941.9490566501,3945.7326138530375,5509.065423240136,23981.28519110285,4902.313093377039,6131.169302660696,8309.856142842136,1818.1916321039562,5244.95109195528,20484.756221008556,0.0,0.0,0.0,0.0,0.0,0.0,6.976761306666669e-05,0.00021416011472592594,0.0001908814997777778,0.00019464210454814816,0.005889425898888889,8.636364905185186e-05,0.0001547897840148148,7.869770543703705e-05,0.00043453924585185185,0.0002213914425925926,0.0011863215221925927,0.014665921921066664,3.849985103557459e-05,0.00012275906310622539,0.00010828346107952378,0.00011170791870153968,0.0033554850598054714,4.789936883232222e-05,9.045667770083175e-05,4.342554756428095e-05,0.0002417201571536841,0.00012650248681641586,0.0006699958839514316,0.008352056185281634
2026-08-13 16:11:11.608000040,633.1203011714285,2017.283200957143,1779.5519978571424,1835.5935399285713,55138.35042486857,787.6929911500001,1482.73358716,714.1221332785715,3975.026774907143,2089.7289985733337,11003.173982835715,137087.23379420952,0.00047400663539891677,0.000489769645755065,0.0005259994165914682,0.00021926750003390625,0.0004355759260260059,0.0005843518852649176,5259.553533087384,6681.481287406193,9162.007755777207,4033.282642281743,5645.667331828784,23978.939750119273,5022.739939005018,6281.362293242756,8517.570559818561,1858.5346417951507,5375.00406366129,20446.181020440177,0.0,0.0,0.0,0.0,0.0,0.0,7.157268675555554e-05,0.00022322666804444445,0.00019739786866666663,0.00020283128791111107,0.006089890299022222,8.904674768888888e-05,0.00016110705368888888,8.072974386666667e-05,0.0004493669618222222,0.00022924405804444444,0.0012241547412,0.015176596519155552,3.9816232273669834e-05,0.00012686469908241587,0.00011191404786523806,0.00011543843817773014,0.003467589593386179,4.9537136998988885e-05,9.324746781472887e-05,4.4910347492852386e-05,0.0002499850171774937,0.00013142073479916743,0.0006919773860316683,0.008621263814169175
2026-08-13 16:11:26.608000040,654.2409778599999,2097.45609676,1845.9552617333331,1899.9243637666668,56943.81237716,812.4306900333332,1529.7633871599999,737.8072414866667,4097.76847682,2157.1327985733333,11380.894726713334,141357.7035249333,0.00048603036017435066,0.0004982825050034807,0.000539469224129712,0.00022402711585160648,0.0004433876056478756,0.0005987204047431865,5385.658298433186,5820.086601843431,9382.066454904314,4120.83267071045,4916.248580240832,24549.702378564794,5143.166784632999,5538.54987838097,8725.284976794988,1898.8776514863462,4680.554935957198,20932.918893307316,0.0,0.0,0.0,0.0,0.0,0.0,7.389844866031745e-05,0.00023048044185396827,0.0002038123329523809,0.00020942231172063494,0.006287781918069842,9.194033102222222e-05,0.0001663422441650794,8.33530652952381e-05,0.0004639691880126984,0.00023669336756825394,0.0012639337769142858,0.01566976160248889,4.1144488163195554e-05,0.0001319066834184622,0.00011609007534900738,0.0001194841322102148,0.003581133089496951,5.1092863395429626e-05,9.620511968139555e-05,4.639987763127259e-05,0.0002577041064311244,0.00013565968488805626,0.0007157318239244163,0.008889828910568028
2026-08-13 16:11:41.608000040,675.1788778600001,2163.2067967599996,1903.957961733333,1959.400463766667,58748.899796626254,838.4311900333335,1574.64574865,761.4195414866668,4228.910776820001,2243.664389575,11740.679430432085,145834.70171717915,0.0004980540849497845,0.00051062733851483,0.0005529390316679556,0.00022878673166930663,0.00045447817141611445,0.0006074626229753855,5511.763063778988,5954.628757351328,9602.12515403142,4208.382699139155,5032.325362016428,23777.736439964563,5263.59363026098,5666.583787496576,8932.999393771413,1939.2206611775407,4791.066791698873,20174.352760192967,0.0,0.0,0.0,0.0,0.0,0.0,7.622421056507935e-05,0.00023773421566349205,0.0002102267972380952,0.0002160133355301587,0.006485673537117459,9.483391435555556e-05,0.00017157743464126985,8.597638672380953e-05,0.0004785714142031745,0.0002441426770920635,0.0013037128126285715,0.016162926685822223,4.246124942986222e-05,0.00013604167188512885,0.00011973780070456294,0.00012322451805465927,0.003694653031654495,5.272800595098518e-05,9.90277215262111e-05,4.7884828942383706e-05,0.00026595149996445775,0.00014110156049993886,0.0007383582841805065,0.009171382352435933
2026-08-13 16:11:56.608000040,694.0577661062499,2229.4602781125,1969.3130207499999,2019.0747138124998,60536.18655038125,862.47532756875,1621.61149865,781.3990124937501,4347.99012300625,2311.647764575,12098.50788029375,150217.79113180624,0.0005100778097252182,0.0005229721720261796,0.000561586309965673,0.0002335463474870068,0.0004655687371843534,0.000609237959660092,5637.867829124789,6089.170912859225,8502.968564205963,4295.932727567861,5148.402143792023,23182.63404216816,5384.0204758889595,5794.617696612182,7906.092073626018,1979.5636708687355,4901.578647440548,19782.9477846313,0.0,0.0,0.0,0.0,0.0,0.0,7.854997246984126e-05,0.00024498798947301584,0.00021664126152380945,0.00022260435933968257,0.00668356515616508,9.772749768888889e-05,0.00017681262511746033,8.859970815238096e-05,0.0004931736403936509,0.00025159198661587294,0.0013434918483428574,0.016656091769155553,4.364852173512638e-05,0.00014020827971240833,0.00012384790774938888,0.0001269773653353194,0.0038070535097239756,5.424011504487916e-05,0.00010198134535954443,4.914131567460695e-05,0.00027344026773572634,0.00014537695941660553,0.0007608617178051402,0.00944702997562248
2026-08-13 16:12:11.608000040,714.9337348562499,2295.2258093624996,2027.5330832500001,2078.5566513124995,62332.52354878382,888.4169838187499,1668.5662769117646,804.90204374375,4478.7695917562505,2382.8238886117647,12447.83305600147,154468.00405615845,0.0005221015345006521,0.0005353170055375289,0.0005749403479060524,0.000238305963304707,0.00047665930295259226,0.0006328352930112158,5763.972594470591,6223.713068367122,8691.61766989702,4383.482755996567,5264.47892556762,23397.916233995733,5504.44732151694,5922.651605727788,8084.168171186993,2019.9066805599305,5012.090503182224,19941.221199500204,0.0,0.0,0.0,0.0,0.0,0.0,8.06597948722222e-05,0.0002541024238833333,0.00022494852118888888,0.00022982410707777774,0.00688786298045,0.00010023241061666664,0.00018146452537777776,9.081014166111112e-05,0.0005053008676722222,0.00026267164642222214,0.0013847210888388887,0.01711045863521111,4.496138821429305e-05,0.0001443442008999083,0.00012750930279105554,0.00013071811829365275,0.003920023147623515,5.587155698237915e-05,0.00010493427919245096,5.0619395195440274e-05,0.00028166484321489303,0.00014985314677269543,0.0007828303899663145,0.009714321143976185
2026-08-13 16:12:26.608000040,735.9860020647059,2352.5441844235297,2089.7696661176465,2119.860402970588,64095.93825965295,913.5891079882354,1715.5317180882353,829.0902481647058,4602.317324952941,2450.898476847059,12796.003652988236,158522.97369208236,0.0005311625238765966,0.0005476618390488785,0.0005882943858464318,0.0002430655791224072,0.0004889168614744578,0.0006462396515929861,5105.205319932549,6358.2552238750195,8880.266775588078,4471.032784425273,7559.474018089242,23270.661438805535,4875.563677971859,6050.685514843394,8262.244268747969,2060.2496902511252,7137.685183987101,19791.80533253931,0.0,0.0,0.0,0.0,0.0,0.0,8.297934695555553e-05,0.0002614097051333333,0.00023141741702222218,0.00023643321124444433,0.007085938824199999,0.00010311481686666666,0.00018668294204444443,9.342158957777778e-05,0.0005198319197555556,0.00027022535475555547,0.001424541828422222,0.017602507989377774,4.628534190762483e-05,0.00014794888982041306,0.0001314232923358431,0.0001333156653423725,0.004030922339440396,5.745460390237125e-05,0.00010788788360421568,5.2140564495691495e-05,0.00028943462288037383,0.00015413428198838173,0.0008047264519545934,0.009969333678857623
2026-08-13 16:12:41.608000040,756.8669726529411,2418.074419717647,2148.1018425882353,2178.836608852941,65894.80765026601,939.508931517647,1764.4320347333332,852.6127187529411,4732.891619070588,2525.2418312000004,13160.22066906928,162984.3915512559,0.0005431189833659669,0.0005600066725602278,0.0006016484237868112,0.00023750716559541526,0.0005000342152090854,0.0006603809983801632,5214.436847204057,6492.797379382917,9068.915881279134,3949.6121097135247,7722.818594538853,23765.798657929412,4979.881767740949,6178.719423959,8440.320366308944,1820.6390394218477,7291.915777335145,20212.876393544266,0.0,0.0,0.0,0.0,0.0,0.0,8.529889903888888e-05,0.0002687169863833333,0.0002378863128555555,0.00024304231541111108,0.007284014667949999,0.00010599722311666666,0.00019190135871111113,9.603303749444443e-05,0.0005343629718388888,0.0002777790630888888,0.0014643625680055554,0.01809455734354444,4.7598522946840515e-05,0.00015207001350668758,0.000135091738100549,0.00013702461340119607,0.004144051236672284,5.908467280433202e-05,0.00011096317018434073,5.361986653490717e-05,0.0002976462951548836,0.00015880965293991109,0.0008276316554103569,0.01024990729089009
2026-08-13 16:12:56.608000040,778.1401294333333,2483.0493437444443,2212.640155,2228.7932235,67667.93804451112,965.4384318944444,1811.4490347333333,874.5315714055556,4866.561956605555,2593.4858312,13527.627148744445,167499.12963673333,0.0005550754428553372,0.0005723515060715772,0.0006150024617271905,0.000242065771118703,0.0005111515689437132,0.0006745223451673404,5323.668374475565,6627.3395348908125,9257.56498697019,4025.41918497817,7886.163170988463,24260.93587705328,5084.199857510037,6306.753333074605,8618.39646386992,1855.583564822651,7446.146370683191,20633.94745454922,0.0,0.0,0.0,0.0,0.0,0.0,8.76184511222222e-05,0.0002760242676333333,0.0002443552086888889,0.0002496514195777777,0.007482090511699999,0.00010887962936666665,0.00019711977537777777,9.86444854111111e-05,0.0005488940239222221,0.0002853327714222222,0.001504183307588889,0.018586606697711106,4.893636813991851e-05,0.0001561562142843728,0.00013915048085888886,0.00014016632938899996,0.004255561437021476,6.0715350272472835e-05,0.00011392001707322962,5.4998318823949376e-05,0.0003060526741598604,0.00016310144227324444,0.000850737440687706,0.010533834152710118
2026-08-13 16:13:11.608000040,799.0316294333335,2548.5649270777776,2271.1364049999993,2287.5317235,69470.1759887,991.3585152277778,1864.873655926316,898.0109880722223,4997.219373272223,2662.3826204842103,13881.992472227485,171720.13321312368,0.0005670319023447074,0.0005823729661246206,0.0006283564996675699,0.0002466243766419907,0.0005222689226783408,0.000682922595421328,5432.899901747072,5727.2790912686005,9446.214092661246,4101.2262602428145,8049.507747438072,24038.723916343755,5188.517947279127,5450.2317722132275,8796.472561430895,1890.5280902234533,7600.376964031235,20390.83464417017,0.0,0.0,0.0,0.0,0.0,0.0,9.000491505185184e-05,0.0002822547214172839,0.0002520139775555555,0.0002530576407999999,0.00768026001408395,0.00011166909501728394,0.00020255898767407404,0.00010115419680493826,0.0005628992503160493,0.00029400930631111105,0.0015435125973876538,0.019029990092232094,5.0250211362140736e-05,0.00016027641652511355,0.0001428292450255555,0.000143860328389,0.00436890217884491,6.234543551321359e-05,0.00011727983213936607,5.647491324987531e-05,0.00031426957391911974,0.00016743428479934033,0.0008730230821423061,0.010799288377625333
2026-08-13 16:13:26.608000040,822.4091001473686,2612.0580286526315,2322.9215623157897,2331.1838795,71234.2781467737,1017.6130564684211,1912.052761189474,922.6122072000002,5129.5284233,2730.6433573263157,14232.580916721052,175878.44072240527,0.0005789883618340776,0.0005946683303718575,0.0006417105376079495,0.00025118298216527833,0.0005333862764129684,0.0006837316406013935,5542.131429018581,5841.13989254731,9634.863198352305,4177.033335507458,8212.852323887682,23224.89281565092,5292.836037048217,5558.5847521972055,8974.54865899187,1925.472615624256,7754.60755737928,19841.258755675146,0.0,0.0,0.0,0.0,0.0,0.0,9.232619282962965e-05,0.0002895342306765432,0.0002585135608888888,0.0002595841408,0.00787833827334321,0.00011454910427654321,0.00020778309878518518,0.00010376302087901236,0.00057741674105679,0.00030159197297777775,0.001583320662202469,0.019520784323713583,5.172039452037895e-05,0.00016426942713526548,0.00014608595603008188,0.0001466055639774444,0.004479844603452656,6.399655444012513e-05,0.00012024687364813803,5.8022056586133336e-05,0.00032259034306531106,0.00017172712669407715,0.0008950711998737905,0.011060799716542374
2026-08-13 16:13:41.608000040,843.3639422526315,2677.522923389474,2381.2492991578947,2389.5446952894736,73029.1248154242,1043.5416617315789,1966.6889546849998,946.1202072000001,5260.2279233,2789.08438325,14586.798367972367,180235.64132390078,0.0005863186570652888,0.0006069636946190945,0.0006540443323978602,0.0002557415876885661,0.0005445036301475961,0.0007076066685994523,5046.397604291668,5955.000693826021,8389.428167746915,4252.8404107721035,8376.196900337292,25252.867300928567,4819.510982488852,5666.937732181184,7885.833245639973,1960.417141025059,7908.838150727323,21632.089516461332,0.0,0.0,0.0,0.0,0.0,0.0,9.46474706074074e-05,0.0002968137399358024,0.00026501314422222214,0.0002661106408,0.008076416532602469,0.00011742911353580244,0.00021300720989629623,0.00010637184495308641,0.0005919342317975307,0.0003091746396444444,0.0016231287270172838,0.02001157855519506,5.3038221257221044e-05,0.00016838644162649354,0.00014975412259148537,0.00015027581083709352,0.004592720516170011,6.562717561556373e-05,0.00012368288315018995,5.950044858613334e-05,0.0003308098893986444,0.00017540241787994442,0.0009173475418080399,0.011334819221036425
2026-08-13 16:13:56.608000040,869.8038943550001,2743.10640653,2438.5507744,2439.672224775,74800.684915555,1067.2870665450002,2014.0476296850002,965.9252817150002,5378.284268365001,2857.10563325,14941.44457531,184685.40068157003,0.0005981807926897983,0.0006192590588663314,0.0006673774019569733,0.0002603001932118538,0.0005177668576388889,0.000712381354329869,5143.957932823775,6068.861495104731,8550.49592579099,4328.647486036748,7983.360000000001,24903.585502338825,4912.68498733061,5775.2907121651615,8037.873816891638,1995.3616664258616,7537.92,21272.25298009015,0.0,0.0,0.0,0.0,0.0,0.0,9.69687483851852e-05,0.00030409324919506174,0.0002715127275555555,0.00027263714079999997,0.008274494791861728,0.00012030912279506173,0.00021823132100740736,0.0001089806690271605,0.0006064517225382715,0.0003167573063111111,0.0016629367918320989,0.020502372786676545,5.470100046721445e-05,0.00017251091401066442,0.00015335774870115556,0.00015342827546918332,0.0047041319624671245,6.712049774049668e-05,0.00012666121760018998,6.074596771674334e-05,0.00033823432176606553,0.00017968019871327778,0.0009396508477361622,0.011614659642863179
2026-08-13 16:14:11.608000040,890.8917193550001,2808.57413153,2496.8539743999995,2497.836749775,76585.62972773881,1093.1627415450002,2065.0487819476193,989.343506715,5508.677243365,2909.9575279666665,15296.395792351666,188967.5080831469,0.0006100429283143078,0.0006315544231135686,0.0006807104715160861,0.00024912009014451325,0.0005643362725150148,0.0007323422106900375,5241.518261355882,6182.722296383441,8711.563683835062,3935.4312943601976,7591.1931111389995,24974.909709722655,5005.858992172368,5883.6436921491395,8189.914388143302,1814.1021579950352,7168.244791786395,21307.25515557397,0.0,0.0,0.0,0.0,0.0,0.0,0.0001002230905377778,0.0003111453044577778,0.00027709481144888885,0.0002764357374533333,0.00847275408755111,0.00012297807470666668,0.00022507929444,0.00011129867041333333,0.0006197124141022223,0.00032328131977777774,0.0017005663202488887,0.02093901894665778,5.602719035054779e-05,0.00017662810649399777,0.0001570243721678222,0.0001570861778191833,0.004816385158433351,6.874779019049666e-05,0.00012986862339803916,6.221871386674334e-05,0.0003464345910827322,0.00018300399564768146,0.0009619733353856714,0.011883956619451238
2026-08-13 16:14:26.608000040,916.8492809809525,2870.1562243714284,2550.765876,2547.52833647619,78356.698746,1118.8177037523812,2112.4911390904767,1011.9148680047621,5633.850801009524,2977.6260279666667,15635.800325380953,193137.2657977524,0.0006219050639388172,0.0006438497873608055,0.0006940435410751993,0.00025340902926583646,0.0005754061208716106,0.0007462313641320836,5339.0785898879885,6296.583097662151,8872.631441879135,4003.185064149979,7733.515212517649,25437.28393490242,5099.0329970141265,5991.9966721331175,8341.954959394965,1845.3343790133733,7302.637323635782,21701.67945632899,0.0,0.0,0.0,0.0,0.0,0.0,0.00010256618220444445,0.0003184194961244444,0.00028357294478222213,0.0002828984624533333,0.008670836579217777,0.00012585314970666668,0.00023034136943999998,0.00011390069541333333,0.0006342005224355554,0.0003308392364444444,0.0017403234535822221,0.02142854726332444,5.7659632559468786e-05,0.00018050093588824762,0.0001604148317573333,0.00016021122649394705,0.004927765721137333,7.036120225820529e-05,0.0001328522205250233,6.363820169896615e-05,0.00035430661704126555,0.00018725959242545923,0.0009833181093517355,0.012146188049058648
2026-08-13 16:14:41.608000040,938.0497095523809,2935.5354386571425,2608.968876,2605.5000507619043,80145.81482166256,1144.6882751809526,2169.7139338,1035.3135108619047,5764.123086723808,3036.821665318181,15995.271527791558,197666.53259384632,0.0006337671995633267,0.0006537647275981585,0.0007073766106343122,0.00025769796838715967,0.0005864759692282062,0.0007563976986103731,5436.638918420096,5672.762497692015,9033.699199923209,4070.9388339397615,7875.8373138963,25240.078147538094,5192.207001855885,5398.528417589685,8493.99553064663,1876.5666000317117,7437.029855485171,21648.734977083812,0.0,0.0,0.0,0.0,0.0,0.0,0.0001049092738711111,0.00032569368779111107,0.0002900510781155555,0.00028936118745333326,0.008868919070884444,0.00012872822470666665,0.00023560344443999994,0.00011650272041333331,0.0006486886307688887,0.0003383971531111111,0.0017800805869155553,0.021918075579991106,5.899290395629418e-05,0.00018461256203110472,0.0001640751537573333,0.00016385700319235973,0.005040281243229,7.198817375026879e-05,0.00013645089850342223,6.510971634975977e-05,0.0003624992963428528,0.00019098234028556562,0.0010059248538588912,0.012431028605346334
2026-08-13 16:14:56.608000040,963.9189252409092,2999.4558334454546,2671.8460599999994,2665.8969694999996,81936.83096670455,1170.5062546272727,2217.3711156181816,1055.997055909091,5895.965052131818,3104.3018925909096,16348.086026745454,202151.73984528182,0.0006456293351878362,0.0006660151493537993,0.0007207096801934252,0.00026198690750848293,0.0005975458175848018,0.0007667373787865073,5534.199246952203,5773.587896122093,9194.76695796728,4138.692603729544,8018.159415274949,25013.471013023263,5285.381006697644,5494.479689806886,8646.036101898295,1907.79882105005,7571.422387334558,21408.38932392881,0.0,0.0,0.0,0.0,0.0,0.0,0.00010725236553777779,0.00033296787945777775,0.0002965292114488888,0.0002958239124533333,0.00906700156255111,0.00013160329970666665,0.00024086551943999993,0.00011910474541333332,0.0006631767391022223,0.00034595506977777774,0.0018198377202488889,0.022407603896657777,6.0619790187372725e-05,0.0001886324446366808,0.0001680294299955555,0.00016765529830411107,0.005152916258572752,7.361183779100404e-05,0.0001394480057155434,6.64104815160606e-05,0.00037079069105628985,0.00019522609680071719,0.0010281129656819917,0.0127130983058255
2026-08-13 16:15:11.608000040,985.2225388772728,3064.8032652636366,2730.1510599999997,2723.9214694999996,83710.93533565849,1196.3756637181818,2267.1780260043474,1079.3356922727273,6026.272029404545,3163.3282440565213,16705.250112365018,206627.61311631027,0.0006506006672597547,0.0006782655711094402,0.0007340427497525381,0.0002662758466298061,0.0006086156659413975,0.0007809609317094229,5027.716544049289,5874.413294552172,9355.834716011352,4206.446373519326,8160.481516653596,24840.7018171469,4801.77905257957,5590.430962024089,8798.076673149959,1939.0310420683882,7705.814919183943,21222.3339828256,0.0,0.0,0.0,0.0,0.0,0.0,0.00011071693152727273,0.0003396168958747475,0.00030301669955555555,0.0003015589140444444,0.009265636871713131,0.00013444581017373736,0.00024767896311919186,0.0001212931406060606,0.0006772179089656566,0.0003507012392323231,0.0018567974220080807,0.022879428375660604,6.195955077828181e-05,0.00019274207201546868,0.00017169616666222218,0.0001713043946374444,0.005264487711109189,7.523873618494342e-05,0.00014258030696871784,6.78782224251515e-05,0.0003789855520714414,0.00019893819845955455,0.0010505746181776222,0.012994581002647955
2026-08-13 16:15:26.608000040,1005.4587591695654,3122.3129194347825,2792.9225302608693,2774.6573885652165,85479.66483427827,1218.3648648043477,2314.8804390478263,1099.2969341869568,6143.235959608696,3230.628613621739,17031.272429830435,211031.16280426955,0.0006623376191838744,0.000690515992865081,0.0006913057539682541,0.00027056478575112936,0.0006196855142979932,0.0007946172677019423,5114.776349681805,5975.238692982252,8839.558095238095,4274.200143309108,8302.803618032245,26538.81213310946,4884.926530633529,5686.382234241291,8310.735238095238,1970.2632630867265,7840.207451033331,21158.771747335788,0.0,0.0,0.0,0.0,0.0,0.0,0.0001130839997090909,0.00034687772163232317,0.0003094950328888888,0.000308006080711111,0.00946373118231919,0.0001373201889616161,0.0002529742055434343,0.0001238863224242424,0.0006916964619959595,0.00035819904226262614,0.0018964947477656563,0.02336857819384242,6.323218418777489e-05,0.0001963587902666763,0.00017564379468085022,0.0001744951202142125,0.005375721144022388,7.662161260880675e-05,0.00014558025872234105,6.91335627499797e-05,0.00038634128368205794,0.00020317064392332267,0.0010710777994760027,0.013271515349690729
2026-08-13 16:15:41.608000040,1026.739780908696,3187.4967237826086,2851.3209215652173,2832.5298668260866,87263.696790675,1244.1521474130436,2362.2714208083335,1122.5640863608699,6273.260524826088,3294.364271558333,17392.146626675545,215390.00008597737,0.0006740745711079942,0.0007027664146207216,0.0007636189497475707,0.00025832407407407434,0.0006288098431571064,0.0008040611544231634,5201.836155314321,6076.064091412331,8416.549697629573,4080.8296296296294,7543.445501021764,26620.458788810767,4968.074008687488,5782.333506458494,7871.769389928458,1881.125925925926,7123.426455524873,21172.32226536653,0.0,0.0,0.0,0.0,0.0,0.0,0.0001154510678909091,0.00035413854738989897,0.0003159733662222221,0.0003144532473777777,0.009661825492925252,0.0001401945677494949,0.0002582694479676767,0.00012647950424242424,0.0007061750150262626,0.0003656968452929292,0.0019361920735232322,0.023857728012024237,6.45705239993691e-05,0.00020045812729566182,0.0001793164046228792,0.00017813465606928496,0.00548791693150245,7.82433461595314e-05,0.00014856062490861298,7.059680809780581e-05,0.0003945183841168406,0.00020717890863355737,0.0010937727767442618,0.013545637783184798
2026-08-13 16:15:56.608000040,1049.3247705,3252.6123222416663,2904.5179813333334,2893.5873820833326,89036.45089184583,1265.7149167666666,2409.967545808333,1139.4001236875001,6383.306172091667,3361.5918965583332,17732.509046779167,219750.8967951625,0.000685811523032114,0.0007150168363763624,0.0007770033827488592,0.0002760459749958455,0.000639845296541556,0.0008177458930315404,5288.8959609468375,6176.8894898424105,8556.47527471326,5777.63168698497,7670.520698564129,27063.634977768193,5051.221486741447,5878.284778675697,8002.637966022729,3552.616133486311,7243.426106068078,21525.102649625333,0.0,0.0,0.0,0.0,0.0,0.0,0.00011781813607272725,0.0003613993731474747,0.0003224516995555555,0.0003209004140444444,0.009859919803531313,0.00014306894653737373,0.00026356469039191913,0.00012907268606060604,0.0007206535680565656,0.0003731946483232322,0.0019758893992808074,0.024346877830206056,6.599086890033334e-05,0.000204553174932087,0.00018266190860385183,0.00018197449536212957,0.0055994034671983045,7.959940476554814e-05,0.0001515601812141685,7.165560777856946e-05,0.0004014390326004314,0.00021140677927244627,0.001115177791164112,0.013819889731784663
2026-08-13 16:16:11.608000040,1070.6322705000002,3317.794759741666,2962.8119813333333,2951.523632083333,90821.92702707484,1291.4164167666668,2452.4313074359998,1162.5366861875004,6512.925047091668,3439.479941472,18090.378915872665,224301.93821950167,0.0006975484749562337,0.0007272672581320033,0.0007903878157501475,0.00028028139140289345,0.0006508807499260051,0.0008279970717913632,5375.9557665793545,6277.714888272489,8696.400851796949,5866.2787902122645,7797.595896106496,26778.71516020469,5134.368964795406,5974.236050892899,8133.506542117001,3607.124476380778,7363.4257566112865,21383.57094488435,0.0,0.0,0.0,0.0,0.0,0.0,0.00012020712933333335,0.000367729376737037,0.0003288679759407407,0.0003268497147407407,0.010054397277492593,0.00014499605934814813,0.0002690796323629629,0.0001305258599444445,0.0007312501640814815,0.00037926738534074073,0.0020104875094555555,0.02483487260702963,6.733087390033334e-05,0.00020865242600153142,0.00018632795349274073,0.00018561804175101847,0.005711690077480483,8.121574354332592e-05,0.0001542306800009751,7.31106404869028e-05,0.00040959061962820924,0.00021630507187479463,0.0011376838295982144,0.014106099670248659
2026-08-13 16:16:26.608000040,1094.8300862600001,3383.721574904,3012.9383087999995,3013.8382699399995,92597.14413345601,1314.6201509840002,2500.0258874359997,1181.511885824,6627.481738464001,3506.916581472,18436.129583864,228553.25623673602,0.0007044536589240258,0.0007358307960819062,0.0008037722487514358,0.0002845168078099413,0.0006619162033104545,0.0008392126685021195,4956.888239829087,5698.385367248066,8836.32642888064,5954.925893439558,7924.671093648862,26216.8034564432,4734.187463836765,5422.912620082705,8264.375118211274,3661.632819275245,7483.425407154494,20812.37782339279,0.0,0.0,0.0,0.0,0.0,0.0,0.00012257462933333333,0.00037497186979259254,0.0003353450870518518,0.0003332870758518518,0.010252420353881481,0.00014785178157037033,0.0002743792018074073,0.0001330965891111111,0.0007456522613037037,0.0003867371214518518,0.002050084405288889,0.02532399967647407,6.885264764701777e-05,0.00021279849015507375,0.00018948034253119997,0.00018953694008733772,0.005823331508837344,8.267500060632711e-05,0.0001572238502543084,7.43039697084871e-05,0.00041679496266340267,0.00022054608723479465,0.0011594277049407804,0.01437346033666584
2026-08-13 16:16:41.608000040,1116.19398626,3448.918354904,3071.0747088,3071.8588099399994,94384.31076862507,1340.2729109840002,2546.1791768384614,1204.567245824,6756.806698464001,3589.83596675,18794.026100792616,233052.4322934683,0.000716110142448781,0.0007480197349338059,0.000817156681752724,0.0002887522242169892,0.0006729516566949037,0.0008527989324585145,5035.874617093675,5788.484409945738,8976.252005964328,6043.572996666853,8051.746291191226,26632.43554728009,4809.625177774973,5508.656072694885,8395.243694305547,3716.141162169711,7603.425057697699,21142.61860906281,0.0,0.0,0.0,0.0,0.0,0.0,0.00012494212933333336,0.0003822143628481481,0.00034182219816296296,0.0003397244369629629,0.01045044343027037,0.00015070750379259258,0.0002796787712518518,0.0001356673182777778,0.0007600543585259259,0.00039420685756296294,0.0020896813011222217,0.025813126745918513,7.01961995803511e-05,0.00021689864320840706,0.00019313647613119995,0.00019318578738067104,0.005935724432782421,8.428827417966044e-05,0.00016012637934339656,7.575389568182044e-05,0.00042492806570340266,0.00022576079524227777,0.0011819354192276245,0.014656408519789227
2026-08-13 16:16:56.608000040,1146.1420788538462,3515.7305218999995,3126.9765293846153,3145.7316392115385,96182.46293171539,1363.0784862346154,2593.7468306846154,1222.516326015385,6869.132720765386,3657.56471675,19174.168477342308,237565.7436664308,0.0007277666259735359,0.0007602086737857056,0.0008305411147540125,0.000292987640624037,0.000682208424574178,0.0008668082524512429,5114.860994358261,5878.583452643407,9116.177583048016,6132.220099894146,7538.978120564152,26768.899453140184,4885.06289171318,5594.399525307063,8526.112270399817,3770.649505064177,7119.20781881114,21210.910709125117,0.0,0.0,0.0,0.0,0.0,0.0,0.00012730962933333331,0.00038945685590370364,0.00034829930927407406,0.00034616179807407405,0.01064846650665926,0.00015356322601481483,0.0002849783406962963,0.00013823804744444445,0.0007744564557481482,0.000401676593674074,0.0021292781969555557,0.026302253815362966,7.207960184791966e-05,0.0002211003861550444,0.00019665207951463244,0.00019783156753263675,0.006048808224372323,8.572249146764358e-05,0.00016311785624083247,7.68826933916342e-05,0.0004319921244392454,0.00023002018107561107,0.0012058421509084163,0.014940245657244423
2026-08-13 16:17:11.608000040,1167.6671942384617,3580.9572719,3185.0714139999995,3204.0460430576923,97968.06137434744,1388.6777746961538,2638.0822600370366,1245.4757875538464,6998.138432303847,3734.3124527518517,19531.947599950854,242233.40731302506,0.0007394231094982912,0.0007723976126376053,0.0008419874808495126,0.0002972230570310849,0.000693214986340489,0.0008672188289977237,5193.847371622848,5968.6824953410805,11247.488289275443,6220.86720312144,7656.185221849401,26246.53784216171,4960.500605651388,5680.142977919244,10436.21573665708,3825.1578479586437,7229.888828696827,20906.6874050951,0.0,0.0,0.0,0.0,0.0,0.0,0.00013100153334017097,0.0003969690341777777,0.0003535646071042735,0.00035490059789059826,0.01084842565782564,0.0001557968903282051,0.0002894960366017094,0.000139730942782906,0.0007851268492273505,0.00041219616911111106,0.00217068868711453,0.02681472865510769,7.343329243766324e-05,0.00022520242398837772,0.0002003056022582222,0.0002014988955967393,0.006161102526431182,8.733240227533588e-05,0.00016590606213121804,7.832658841727521e-05,0.00044010515029821966,0.00023484676091750534,0.0012283424823969092,0.015233789837685797
2026-08-13 16:17:26.608000040,1197.383936374074,3656.6699552444447,3240.0000002222223,3262.48393087037,99762.76984391482,1412.216997466667,2685.5917044814814,1266.930365851852,7116.156772677778,3802.205174974074,19909.155420555555,246812.80379445927,0.0007510795930230463,0.0007845865514895049,0.0008553409821178891,0.00030145847343813277,0.0007042215481068003,0.0008869053109202532,5272.833748887435,6058.78153803875,11417.601972332557,6309.514306348736,7773.392323134651,26214.07430734023,5035.938319589594,5765.886430531423,10594.988507510385,3879.666190853111,7340.5698385825135,20934.962305038927,0.0,0.0,0.0,0.0,0.0,0.0,0.00013339321282735043,0.0004042164508444444,0.00036001959428376055,0.0003613799760957264,0.011046484080902563,0.0001586412557128205,0.0002947813314735043,0.0001422819940649573,0.0007994608171760685,0.0004197215857777777,0.002210318693524786,0.027304281982030765,7.530214533196953e-05,0.00022996391051870616,0.0002037600000139753,0.00020517398943029213,0.006273969747961753,8.881275784068149e-05,0.0001688938783040576,7.967584300801645e-05,0.0004475271925928469,0.00023911645878170286,0.0012520646631149382,0.015521782994184882
2026-08-13 16:17:41.608000040,1219.057325262963,3722.0842885777774,3298.0381668888886,3320.8005419814813,101561.53742968108,1437.7789974666669,2736.836443625,1289.8625880740742,7244.9636060111125,3881.751531817857,20270.062643882935,251313.70756487976,0.0007627360765478016,0.0007967754903414047,0.0008686944833862654,0.0003027638966122168,0.0007152281098731112,0.0009003886107082517,5351.820126152023,6148.880580736423,11587.715655389671,5818.773891855326,7890.599424419899,26605.00242594702,5111.376033527801,5851.629883143603,10753.761278363694,3577.9141221273803,7451.2508484681985,21247.41880391861,0.0,0.0,0.0,0.0,0.0,0.0,0.00013578489231452992,0.00041146386751111106,0.0003664745814632479,0.0003678593543008547,0.011244542503979486,0.0001614856210974359,0.0003000666263452991,0.00014483304534700857,0.0008137947851247864,0.00042724700244444434,0.0022499486999350425,0.027793835308953848,7.666516067764857e-05,0.0002340777452594469,0.00020740995582879006,0.00020884145630683534,0.006387092242799943,9.042032361845927e-05,0.00017211660301019442,8.11180249833251e-05,0.00045562771122247654,0.0002441190407787674,0.001274761717381971,0.015804839831302438
2026-08-13 16:17:56.608000040,1249.0112723928573,3792.332593757143,3359.954417071429,3388.4428566607144,103359.6219195,1458.7367244857144,2784.410818625,1307.3446713964286,7342.163427457143,3949.8486925321426,20654.388550564287,255875.7844878643,0.0007312726136363637,0.0008120118395300564,0.0008820479846546421,0.00030695879100129146,0.0007268727944883706,0.0009019040504495414,5138.618181818183,5644.680220179492,11757.829338446789,5899.39493757235,7475.114646711733,26484.903493789585,4907.752727272728,5372.211674737252,10912.534049217002,3627.4873111484167,7058.037906231733,21086.385875253865,0.0,0.0,0.0,0.0,0.0,0.0,0.00013817657180170942,0.00041871128417777777,0.000372929568642735,0.0003743387325059829,0.011442600927056408,0.00016432998648205127,0.00030535192121709397,0.00014738409662905987,0.0008281287530735043,0.00043477241911111104,0.002289578706345299,0.028283388635876924,7.854893113048414e-05,0.00023849558311850473,0.0002113038000069365,0.0002130954063188849,0.006500171778492999,9.17383317843238e-05,0.00017510850259352774,8.221745377893094e-05,0.0004617404999934158,0.0002484015955525769,0.001298931546624376,0.016091743780014572
2026-08-13 16:18:11.608000040,1270.8293081071429,3857.830415185714,3418.0596492142854,3446.920410232143,105159.41453554742,1484.2182959142858,2834.1089410103446,1330.1816892535712,7470.418141742857,4030.122552224137,21018.580273366133,260201.92763099223,0.0007834338643232335,0.0008242469750641369,0.0008962239734039077,0.00031115368539036604,0.0007378890890684223,0.0009106526637189014,4962.179087677784,5726.212015989481,11178.15084573915,5980.015983289373,7584.604214371942,25824.540456336126,4739.240606927044,5449.807933201437,10426.455456023206,3677.0605001694535,7161.418463641997,20550.673919617853,0.0,0.0,0.0,0.0,0.0,0.0,0.0001424811468888889,0.00042772891373333335,0.0003794521296222222,0.00038188354851111106,0.011645957017644442,0.00016640560906666665,0.0003106811081111111,0.00014913553806666664,0.000837558386311111,0.0004447037160222222,0.002335256096911111,0.02885042518742222,7.992104315429365e-05,0.00024261466833279041,0.0002149579734950317,0.0002167729946879325,0.0066133587363466475,9.334083949860953e-05,0.0001782339622902061,8.365364845750237e-05,0.0004698062964696063,0.00025344992939542904,0.0013218351594139143,0.016363810115460176
2026-08-13 16:18:26.608000040,1305.1708044896552,3920.4554645793096,3482.604909034483,3502.1608590689652,106944.04978141034,1506.8109324172415,2881.718992734482,1350.283105941379,7568.177715999999,4098.426086706896,21387.144887606897,264606.7839447138,0.0007950513418300771,0.0008364821105982178,0.0009095898139094187,0.0003153485797794407,0.000748905383648474,0.0009354630146335152,5033.263799575238,5807.74381179947,11337.899229173052,6060.637029006397,7694.093782032151,25931.55202966371,4807.131657855191,5527.4041916656215,10575.553947228183,3726.63368919049,7264.799021052259,20604.041427865977,0.0,0.0,0.0,0.0,0.0,0.0,0.00014490537307936509,0.0004350064494476191,0.0003859082665269841,0.0003883810544634921,0.011844105577168253,0.0001692368947809524,0.00031596714977777775,0.0001516729844952381,0.000851808910120635,0.00045227006721269836,0.0023749889957206355,0.029341296842184124,8.208074170457165e-05,0.00024655308810576546,0.00021901715316816856,0.00022024700513700377,0.006725592464030917,9.476166530535094e-05,0.00018122810554307964,8.491780421809117e-05,0.0004759542874728888,0.00025774546278623363,0.001345013778487278,0.016640826634745334
2026-08-13 16:18:41.608000040,1327.200218282759,3985.905326648275,3540.8177883448275,3560.584410793103,108729.43043929391,1532.2437427620691,2928.26451205,1373.0739507689655,7695.917716,4160.1666306433335,21737.948081788963,269030.3931668747,0.0008066688193369209,0.0008487172461322986,0.0009229556544149295,0.00031954347416851526,0.0007599216782285257,0.0009488669377737256,5104.348511472692,5889.275607609458,11497.647612606956,6141.258074723421,7803.583349692359,26296.370669023476,4875.022708783339,5605.000450129805,10724.652438433159,3776.206878211526,7368.179578462521,20894.130225309942,0.0,0.0,0.0,0.0,0.0,0.0,0.0001473295992698413,0.00044228398516190477,0.000392364403431746,0.000394878560415873,0.012042254136692063,0.00017206818049523808,0.0003212531914444444,0.0001542104309238095,0.0008660594339301588,0.00045983641840317466,0.0024147218945301586,0.02983216849694603,8.346614706089348e-05,0.0002506691572092137,0.00022267809646701913,0.00022392119738987734,0.006837873069848927,9.6361106489259e-05,0.00018415530153558887,8.635109512613717e-05,0.0004839877141395556,0.0002616282569937919,0.0013670754015880613,0.016919022503605673
2026-08-13 16:18:56.608000040,1359.42024372,4054.3008879933323,3615.764973266666,3618.245940416667,110531.79453982,1555.8354551833334,2975.85726205,1390.0834207633334,7799.351949876667,4228.362580643333,22124.833884686668,273642.97268634,0.0008182862968437647,0.0008609523816663792,0.0009363214949204404,0.0003237383685575898,0.0007709379728085775,0.0009622708609139358,5175.433223370145,5970.807403419447,11657.395996040861,6221.879120440442,7913.072917352565,26661.18930838324,4942.913759711487,5682.596708593989,10873.750929638134,3825.7800672325616,7471.560135872782,21184.21902275391,0.0,0.0,0.0,0.0,0.0,0.0,0.00014975382546031748,0.00044956152087619045,0.00039882054033650794,0.00040137606636825394,0.01224040269621587,0.00017489946620952382,0.0003265392331111111,0.00015674787735238093,0.0008803099577396824,0.00046740276959365075,0.0024544547933396826,0.030323040151707933,8.549242866061333e-05,0.0002549704780671362,0.00022739144165210363,0.00022754746691953703,0.006951221745504234,9.78447630704185e-05,0.00018714835670225553,8.742080179467185e-05,0.0004904925781811326,0.000265917024516014,0.0013914062198591836,0.01720910250449649
2026-08-13 16:19:11.608000040,1381.6160437199999,4119.798337993333,3674.248523266667,3676.6571904166667,112322.38399322076,1581.2382051833333,3025.9321967193546,1412.7798707633333,7926.695099876667,4290.482894612903,22471.186546366665,277897.31417086796,0.0008299037743506085,0.0008691358607305454,0.0009496873354259511,0.00031225909090909195,0.0007819542673886291,0.00096475994405698,5246.517935267599,5590.079800199219,11817.144379474763,6001.260606060606,8022.562485012775,26350.002163355624,5010.8048106396345,5320.246815396779,11022.849420843111,3690.1236363636363,7574.940693283045,20948.728074614195,0.0,0.0,0.0,0.0,0.0,0.0,0.0001548129099733333,0.0004568364659229629,0.00040791539665481475,0.0004074111132592593,0.012442918672782223,0.0001771809823851852,0.00033195343808888885,0.0001583048806785185,0.000888202435445926,0.0004756581636118518,0.0024987291073896296,0.030825035385463703,8.688829786061332e-05,0.0002590895399226918,0.0002310694071298815,0.0002312208855306481,0.007063829926684771,9.944231379264072e-05,0.00019029751370479495,8.884815631689405e-05,0.0004985010473922436,0.00026982370203898926,0.001413187953915948,0.01747665331341236
2026-08-13 16:19:26.608000040,1412.6249699774196,4185.363913780645,3744.832018193548,3730.771278080645,114118.54954089355,1603.1455530580647,3073.5640193,1433.000619196774,8032.311670835484,4358.582410741935,22842.04153445484,282353.65420700324,0.0008403302707015433,0.0008813139033402691,0.000963053175931462,0.00031498328561061607,0.0007504923726851851,0.000985326162160837,4930.697308546387,5665.438986319607,11976.892762908665,5771.690298067729,7709.866666666667,26082.408804418174,4709.173226568216,5391.968415856507,11171.947912048088,3548.962824437509,7279.691851851852,20745.45306545605,0.0,0.0,0.0,0.0,0.0,0.0,0.00015727910997333333,0.00046411396036740734,0.00041441356887703703,0.00041390125214814817,0.012641136806115555,0.00018000351016296296,0.0003372415214222222,0.0001608267084562963,0.0009023516743348148,0.0004832354913896296,0.002538534351834074,0.031316084241019254,8.883841477857994e-05,0.0002632128861333161,0.00023550832469972755,0.00023462406037707165,0.007176788782238416,0.00010082004255898494,0.0001932930261026444,9.011981671837489e-05,0.0005051431561880982,0.000274106404942215,0.0014365106120557154,0.01775690758679598
2026-08-13 16:19:41.608000040,1434.9601151387099,4250.862429909677,3803.5051472258056,3789.1153264677428,115905.7757948628,1628.4930369290323,3122.7146009999997,1455.657925648387,8159.311299867742,4423.489630856249,23199.521486890826,286777.30829759146,0.0008519312172577396,0.0008934919459499931,0.0009716302452039831,0.00031895939998613753,0.0008015021864751822,0.0009968230253413902,4996.621285481951,5740.798172439993,11220.408527836957,5844.547817223759,7401.830607732222,26054.54988807763,4772.135401641458,5463.690016316235,10472.381292647826,3593.7622876124583,6990.289298978298,20677.399442227063,0.0,0.0,0.0,0.0,0.0,0.0,0.0001597453099733333,0.00047139145481185174,0.00042091174109925916,0.00042039139103703695,0.01283935493944889,0.00018282603794074075,0.0003425296047555555,0.00016334853623407408,0.0009165009132237038,0.0004908128191674073,0.0025783395962785186,0.03180713309657481,9.024304724094551e-05,0.00026733201503654184,0.00023919821259220066,0.0002382932527534158,0.007289185455543593,0.00010241411765575914,0.00019638405157399995,9.154470954633189e-05,0.0005131300217472379,0.0002781883478960708,0.0014589921290644673,0.01803510627738186
2026-08-13 16:19:56.608000040,1464.6963906343751,4311.04565519375,3866.8176683124993,3840.7422265624996,117684.1903290125,1650.2275158281252,3170.369601,1473.1040439125004,8261.190673475001,4491.540037106251,23555.995207809377,291184.3908399344,0.0008635321638139358,0.0009056699885597167,0.0009849301757549546,0.00032293551436165906,0.0008124842400019455,0.0010103166114879489,5062.545262417517,5816.157358560381,11368.209448059824,5917.40533637979,7500.0601146425415,25769.40457509621,4835.097576714701,5535.411616775963,10610.32881818917,3638.5617507874076,7083.057251582052,20523.273040176322,0.0,0.0,0.0,0.0,0.0,0.0,0.0001622115099733333,0.0004786689492562962,0.00042740991332148145,0.00042688152992592594,0.013037573072782221,0.0001856485657185185,0.00034781768808888887,0.00016587036401185184,0.0009306501521125928,0.0004983901469451852,0.002618144840722963,0.03229818195213038,9.21131285665618e-05,0.0002711168712044069,0.00024317986669609716,0.0002415400111371527,0.007401027969580119,0.00010378097488430207,0.00019938102157399996,9.264187653938611e-05,0.0005195371023540944,0.0002824679623335708,0.0014814103652911227,0.018312262801711426
2026-08-13 16:20:11.608000040,1487.1449687593754,4376.46351456875,3925.5612776874996,3898.9844140624996,119481.67230480028,1675.519625203125,3226.7847637333325,1495.6814814125005,8387.805298475001,4556.7034077787885,23913.788694806062,295418.7174094581,0.0008751331103701319,0.0009178480311694405,0.0009982301063059262,0.0003269116287371806,0.000823466293528709,0.0010236449567596674,5128.469239353081,5891.516544680769,11516.010368282694,5990.2628555358215,7598.289621552859,26103.73351080455,4898.059751787943,5607.133217235691,10748.276343730515,3683.3612139623574,7175.825204185804,20789.74989905969,0.0,0.0,0.0,0.0,0.0,0.0,0.0001665531513972222,0.00048535593550277776,0.0004358375488805555,0.0004321173402777778,0.013237651275638888,0.0001876502154583333,0.00035356762399999994,0.00016750920014444446,0.0009393942319777775,0.0005048876392833333,0.002657763697975,0.03277410017409444,9.352489470197849e-05,0.0002752309276939902,0.0002468741870190139,0.00024520279759548605,0.007514069613835217,0.00010537156754055208,0.00020292890847478515,9.406174649771945e-05,0.0005274997554374278,0.00028656601431142155,0.0015039116001400253,0.018578554894861477
2026-08-13 16:20:26.608000040,1513.0392733212122,4444.011258381818,3981.2268308484854,3948.084614303031,121254.64849611514,1696.521985221212,3274.56949100606,1514.3353012727273,8493.399970136361,4624.710725960606,24264.403800390908,299791.86194014846,0.0008867340569263282,0.0009300260737791642,0.0010115300368568978,0.000330887743112702,0.0008344483470554724,0.0010369733020313859,5194.393216288648,5966.875730801155,11663.811288505565,6063.120374691851,7696.5191284631765,26438.062446512893,4961.021926861186,5678.854817695419,10886.22386927186,3728.160677137306,7268.593156789557,21056.226757943063,0.0,0.0,0.0,0.0,0.0,0.0,0.00016904743785555557,0.0004926245865444445,0.0004423646165888888,0.00043858869444444434,0.013435897265222221,0.0001904604498333333,0.000358862624,0.00017001780431111113,0.0009534625236444442,0.0005124487955333333,0.0026975661511,0.03326492243451111,9.51533587444229e-05,0.00027947893024934543,0.00025037493180669364,0.000248290654632835,0.007625570116533463,0.00010669238262613398,0.00020593403687882555,9.523486450226263e-05,0.0005341404870107978,0.0002908429189881892,0.0015259613945579169,0.018853577095347115
2026-08-13 16:20:41.608000040,1535.5390915030305,4509.460485654546,4039.9250581212127,4006.192250666667,123039.50051692879,1721.7503034030306,3330.128567691176,1536.8543921818184,8619.702015590909,4680.936128126471,24610.98707717041,304332.760138503,0.0008983350034825244,0.000942204116388888,0.001026506407413925,0.00033277102165797754,0.0008454304005822358,0.00104967884989398,5260.317193224211,6042.234916921544,11084.586278576837,5771.056919023269,7794.748635373495,26391.63597369328,5023.984101934428,5750.576418155148,10345.613860005047,3549.4923163312437,7361.3611093933105,20970.144799553345,0.0,0.0,0.0,0.0,0.0,0.0,0.00017154172431388889,0.000499893237586111,0.00044889168429722206,0.00044506004861111107,0.013634143254805553,0.00019327068420833333,0.00036415762399999994,0.0001725264084777778,0.000967530815311111,0.0005200099517833333,0.002737368604225,0.03375574469492778,9.656834731007947e-05,0.0002835949594311636,0.00025406639809962293,0.00025194497931970366,0.00773781747695352,0.0001082789635251239,0.00020942808547924505,9.665106510832324e-05,0.0005420834823138282,0.00029437887205773134,0.0015477576317420502,0.019139149137599183
2026-08-13 16:20:56.608000040,1559.9578218352942,4580.2792206294125,4093.607716764706,4072.648697,124827.90325515,1742.900562961765,3378.025111808823,1552.451679608824,8722.604682608824,4748.772701655882,24973.926528126474,308766.9518733147,0.0009083337406499507,0.000951672444642811,0.0010398282075403265,0.00033672506875014497,0.0008564124541089989,0.0010611326318769468,4923.751244131932,5652.96705406811,11223.426672733482,5839.629689319506,7892.978142283813,25844.274022888323,4702.539231714411,5307.693160706747,10475.198227884583,3591.6680433585966,7454.129061997063,20550.77003648322,0.0,0.0,0.0,0.0,0.0,0.0,0.00017403601077222222,0.0005071618886277779,0.00045541875200555545,0.00045153140277777773,0.013832389244388888,0.00019608091858333332,0.00036945262399999993,0.00017503501264444445,0.0009815991069777776,0.0005275711080333333,0.00277717105735,0.03424656695534444,9.810401412875294e-05,0.0002880486709862497,0.0002574424408543137,0.00025612435138911105,0.0078502881380461,0.00010960907984848432,0.00021244024592042152,9.763196118428825e-05,0.0005485549167062882,0.00029864503879302543,0.0015705824905466203,0.019418010528921788
2026-08-13 16:21:11.608000040,1582.485351247059,4645.8052647470595,4152.23411382353,4130.875697,126601.23770485833,1768.0699894323532,3431.7643434171428,1574.870811961765,8848.568814961765,4799.667778405714,25316.021714471684,312946.36947047745,0.0009199141580442547,0.0009638157321752472,0.0010531500076667285,0.00034067911584231245,0.0008657865820072408,0.0010628455565634858,4984.683913428873,5722.585563209244,11362.267066890125,5908.202459615744,7377.196131101804,26005.957776954823,4760.734346303808,5373.059486265125,10604.782595764116,3633.84377038595,6967.0244976741915,20657.02773343743,0.0,0.0,0.0,0.0,0.0,0.0,0.00017715115143529406,0.0005152812788418301,0.0004610240898431371,0.0004578833260444444,0.014031380137592154,0.00019792640367843133,0.00037664706968627447,0.00017629874265882352,0.0009905520786588234,0.0005334507344549018,0.002815278949061438,0.03472750893244966,9.952074542287059e-05,0.0002921695310940928,0.0002611293898249019,0.00025978618272244446,0.007961811171216646,0.00011119195711319019,0.0002158198464860114,9.904187550781765e-05,0.0005564766610298177,0.0003018457736197371,0.001592096476710108,0.019680849457810023
2026-08-13 16:21:26.608000040,1607.042334877143,4720.134875988571,4208.834221657143,4198.935431814286,128394.11457108,1794.7306579285716,3479.7425719885714,1590.6393012428575,8966.807496379999,4867.265749834286,25695.719530228573,317404.47160871426,0.0009314945754385586,0.0009759590197076833,0.00106647180779313,0.0003446331629344799,0.0008767481691083628,0.001073207473643942,5045.616582725814,5792.204072350379,11501.10746104677,5976.775229911982,7467.859235305268,25855.27476815086,4818.929460893205,5438.425811823503,10734.366963643652,3676.019497413303,7052.646739078038,20557.58319812876,0.0,0.0,0.0,0.0,0.0,0.0,0.00017965421025882352,0.0005225619504104575,0.00046753813396078423,0.00046435299271111114,0.014229636652298039,0.00020072300661960787,0.00038196890792156866,0.0001787897573647059,0.0010045480933647058,0.0005409881315137254,0.0028550574588653596,0.03521819158931242,0.0001010651068378292,0.00029684403775661456,0.0002646889077175492,0.00026406638382298726,0.00807456320524792,0.00011286861693195239,0.00021883714397172567,0.00010003353827816191,0.0005639125603278977,0.00030609693493402284,0.0016159752504565966,0.01996121454783692
2026-08-13 16:21:41.608000040,1629.5983491628574,4785.783361702858,4267.432407371428,4257.299103242857,130162.8328418446,1819.9210150714287,3530.724750427778,1612.965086957143,9092.663196380001,4923.738912827777,26048.28883891373,321687.010918539,0.0009430749928328625,0.0009881023072401197,0.0010797936079195317,0.00035181518676065014,0.0008877097562094848,0.0010982732772071313,5106.549252022754,5861.822581491515,11639.947855203414,5738.197719343467,7558.522339508731,25897.64472087115,4877.124575482601,5503.792137381882,10863.951331523185,3529.2822441692815,7138.268980481884,20622.669098788323,0.0,0.0,0.0,0.0,0.0,0.0,0.00018215726908235293,0.000529842621979085,0.00047405217807843127,0.00047082265937777767,0.01442789316700392,0.00020351960956078432,0.0003872907461568627,0.00018128077207058823,0.0010185441080705882,0.0005485255285725489,0.002894835968669281,0.03570887424617516,0.00010248362951401968,0.0003009725980804242,0.00026837408250802536,0.00026773681027060633,0.008185795932053782,0.00011445281050338094,0.0002220433565269024,0.00010143758213530476,0.0005718274854612311,0.00030964846940672463,0.00163814794253613,0.020230538686654784
2026-08-13 16:21:56.608000040,1654.4209138527776,4867.093573055557,4333.162559722223,4326.815692833334,131971.1967703389,1846.644757697222,3578.743833761111,1626.5749473972223,9207.956717433333,4991.1844961611105,26442.68381971667,326259.09369514446,0.0009545248247436242,0.0010002455947725557,0.0010931154080459334,0.00035580899468600066,0.0008986713433106068,0.0011109679392198174,4902.094895237846,5931.441090632649,11778.78824936006,5803.337771254682,7649.185443712194,25864.51675034329,4681.855849219914,5569.15846294026,10993.53569940272,3569.3466755184368,7223.8912218857295,20639.143108648335,0.0,0.0,0.0,0.0,0.0,0.0,0.00018466032790588236,0.0005371232935477124,0.0004805662221960783,0.0004772923260444443,0.014626149681709803,0.0002063162125019608,0.0003926125843921568,0.00018377178677647058,0.0010325401227764704,0.0005560629256313724,0.002934614478473203,0.0361995569030379,0.00010404469302674134,0.00030608610692771604,0.0002725077787558642,0.00027210863134929627,0.008299521930223534,0.00011613343698406976,0.00022506322332319873,0.00010229349113631419,0.000579078166896363,0.0003138900472030209,0.0016629510046621814,0.020518071892383524
2026-08-13 16:22:11.608000040,1677.007872186111,4932.953989722222,4391.8573513888905,4385.330192833333,133731.25242425676,1871.8560493638886,3628.799949102702,1648.7817390638888,9333.668217433333,5041.150126278379,26785.407134600828,330381.6410476994,0.0009661036505158345,0.001012388882304992,0.001106437208172335,0.00035980280261135124,0.0009096329304117287,0.0011145717266563997,4959.929628819578,6001.0595997737855,11917.628643516704,5868.477823165897,7739.848547915657,25954.27926732924,4737.092210713191,5634.524788498638,11123.120067282256,3609.411106867592,7309.513463289574,20683.50763853875,0.0,0.0,0.0,0.0,0.0,0.0,0.00018765713453580246,0.0005471820016049383,0.0004876485029012346,0.00048615060234074073,0.014825080138651851,0.0002094606401753086,0.0003989525038469135,0.00018449863101975306,0.0010444372154962962,0.0005603518950469134,0.0029785183187037035,0.036670828166370364,0.00010546516173970429,0.0003102279953536419,0.00027619902898734576,0.0002757885432381852,0.008410209874681034,0.00011771894710444011,0.00022821119679912547,0.0001036900515900179,0.0005869840234519183,0.0003170323301637291,0.001684504493131563,0.020777334314777535
2026-08-13 16:22:26.608000040,1700.738868972973,5003.214733713514,4458.674078000002,4448.765680378378,135523.2366738973,1897.5721211999999,3676.8460031567565,1664.959047272973,9446.168831494595,5108.362653305406,27165.437781921624,334851.84330736485,0.0009776824762880445,0.0010286463783996294,0.0011168473133909564,0.00036379661053670176,0.0009205945175128507,0.0011364735851057655,5017.764362401311,8780.071510200021,11112.866090536614,5933.6178750771105,7830.511652119121,26067.361575986033,4792.328572206469,5328.281893883977,10372.008351167506,3649.475538216747,7395.135704693422,20749.465028271436,0.0,0.0,0.0,0.0,0.0,0.0,0.00019016679657283948,0.0005544998256790123,0.0004941701464197531,0.0004926522134518518,0.015023345666429627,0.00021226189480493823,0.0004042879575506173,0.00018696605231604939,0.0010584051599407407,0.0005678458487506172,0.0030183519992592594,0.03716125122192592,0.00010695757775985584,0.00031464661547576093,0.00028040105868311116,0.00027977793056601795,0.00852290577304732,0.00011933620228879998,0.00023123275975408045,0.0001047074245285003,0.0005940590620695489,0.00032125925130787323,0.001708404198285293,0.021058460367996502
2026-08-13 16:22:41.608000040,1723.3410311351354,5069.1331256054045,4517.475983405406,4507.344977675676,137314.0191534207,1922.7901212,3725.8447195105255,1687.0857094351354,9571.70476392703,5180.437468155264,27541.39998743599,338996.1973517794,0.0009892613020602548,0.001040838664438154,0.0011301343080565864,0.0003677904184620523,0.0009315561046139726,0.0011386224309145898,5075.599095983043,8880.809970139688,11240.833016959014,5998.757926988325,7921.174756322584,26118.249158012568,4847.564933699748,5389.4161239971045,10491.444149161745,3689.5399695659016,7480.7579460972665,20759.75553750178,0.0,0.0,0.0,0.0,0.0,0.0,0.00019267645860987655,0.0005618176497530864,0.0005006917899382717,0.000499153824562963,0.015221611194207408,0.00021506314943456792,0.000409623411254321,0.00018943347361234569,0.0010723731043851851,0.0005753398024543209,0.0030581856798148153,0.03765167427748148,0.00010837900262472071,0.0003187921498991843,0.0002840990451786066,0.0002834619174849369,0.008635526093426235,0.00012092213428879996,0.00023431423458255085,0.0001060989457266985,0.0006019538773758554,0.0003257919563306532,0.0017320480436543075,0.0213190941890119
2026-08-13 16:22:56.608000040,1748.4706613605263,5142.998577721052,4591.929166684212,4565.19242425,139114.97387972104,1949.3589226289475,3773.903061615789,1700.6925403894738,9685.892678742108,5247.713139207895,27919.35234811842,343546.9725076105,0.0009989583235258867,0.0010530309504766782,0.0011434213027222164,0.00037178422638740286,0.0008963540376984126,0.0011615363224597554,4858.519863828442,8981.548430079356,11368.799943381413,6063.89797889954,7630.019047619048,25558.682158251642,4640.238536612961,5450.550354110233,10610.879947155985,3729.604400915057,7205.7904761904765,20314.195912579504,0.0,0.0,0.0,0.0,0.0,0.0,0.0001951861206469136,0.0005691354738271606,0.0005072134334567902,0.0005056554356740741,0.015419876721985186,0.0002178644040641975,0.0004149588649580247,0.00019190089490864198,0.0010863410488296296,0.0005828337561580247,0.0030980193603703707,0.038142097333037035,0.0001099593771477842,0.00032343746611001277,0.0002887813231492515,0.0002870998791250555,0.008748786135102457,0.00012259301668977605,0.0002373365703193929,0.0001069546642067158,0.0006091350284631147,0.0003300228485324076,0.0017558170476705583,0.021605287382145285
2026-08-13 16:23:11.608000040,1771.1055429394737,5209.018985615789,4650.932179842106,4623.762332144737,140512.41258824716,1974.5944094710528,3748.550684210526,1722.7089088105265,9811.281705057896,5314.988810260526,28284.917700067002,347022.6361167909,0.0010105152794318332,0.0010652232365152025,0.0011567082973878461,0.0003757780343127534,0.000950262920089204,0.0011747630746799349,4913.273663140454,9082.286890019019,11496.76686980381,6129.038030810753,7433.5035279416925,25845.558515413166,4692.532382622549,5511.684584223358,10730.315745150223,3769.6688322642117,7020.3332312281145,20542.3515614782,0.0,0.0,0.0,0.0,0.0,0.0,0.00019811523816842103,0.0005778536454198829,0.0005164328323812866,0.0005126420127976607,0.015618843498409357,0.0002208774306409357,0.00042063793702456137,0.00019270160783157894,0.0010974864933847954,0.0005888405268233917,0.003142638841242105,0.03859144476928421,0.0001113828597004158,0.000327589416206504,0.00029249195708784797,0.0002907832755548801,0.008836669502771987,0.0001241800484178462,0.00023574218747368417,0.0001083392491540842,0.0006170206050069742,0.00033425374073416196,0.0017788070464708802,0.02182386800467818
2026-08-13 16:23:26.608000040,1800.0224927384618,5149.591815789474,4602.2350263157905,4682.013676435898,140486.67818950568,2001.3000515512824,3748.550684210526,1742.8520705410256,9856.51362311795,5247.502342105264,28323.478931923215,347411.3208302737,0.0010220722353377798,0.001077415522553727,0.001169995292053476,0.00036630766308819916,0.000961187351372088,0.0011796086579665415,4968.027462452467,9183.025349958687,11624.733796226208,5694.3645434928785,7516.633278920576,25858.1832086613,4744.826228632139,5572.818814336486,10849.75154314446,3502.3226208168935,7098.842449809514,20586.428767330945,0.0,0.0,0.0,0.0,0.0,0.0,0.00020063022501052628,0.0005851892462970759,0.0005229887227321637,0.0005191497803415205,0.015817117928233915,0.0002236813736233918,0.000425977752814035,0.0001951478709894737,0.001111418607419883,0.0005963156013847953,0.0031825332754526307,0.03908134638770526,0.00011320141454332992,0.0003238521075263158,0.0002894294472105264,0.00029444663787363533,0.008835051095028912,0.0001258595365753362,0.00023574218747368417,0.0001096060302140245,0.0006198651900760843,0.0003300095917368421,0.001781232119496504,0.021848311954437212
2026-08-13 16:23:41.608000040,1822.7366465846155,5149.591815789474,4602.2350263157905,4740.57959951282,142844.4978744278,2026.5540900128208,3910.460438707308,1764.8448013102563,9980.891161579488,5410.888851159616,28592.547442497616,352918.28590277315,0.0010336291912437265,0.0010896078085922513,0.0011832822867191058,0.00037015795134374925,0.0009721117826549719,0.0011905645498076897,5022.7812617644795,9283.763809898353,11752.700722648606,5754.218450833474,7599.763029899459,25783.923416571226,4797.120074641728,5633.953044449613,10969.187341138699,3539.135805505393,7177.351668390913,20499.291304486193,0.0,0.0,0.0,0.0,0.0,0.0,0.0002031452118526316,0.000592524847174269,0.0005295446130830411,0.0005256575478853802,0.016015392358058482,0.000226485316605848,0.00043131756860350864,0.00019759413414736847,0.0011253507214549709,0.0006037906759461989,0.0032224277096631576,0.039571248006126325,0.00011462988244076582,0.0003238521075263158,0.0002894294472105264,0.0002981297837026951,0.008983331755214014,0.0001274477349941396,0.00024592451203425957,0.00011098912861573387,0.0006276871552726655,0.00034028478775070467,0.0017981535391615165,0.02219463886899662
2026-08-13 16:23:56.608000040,1831.9482964475003,5385.125542792693,4841.419652553848,4679.166884525,146094.70782045423,2031.9980655974998,3958.410263707308,1771.3179216975002,10037.90390856,5477.666226159615,29148.383974162505,360698.42416850943,0.0010451861471496731,0.0011018000946307759,0.0011965692813847358,0.0003740082395992992,0.000983036213937856,0.00120150028696996,5077.535061076492,9384.50226983802,11880.667649071003,5814.072358174069,7682.892780878343,25992.724164451618,4849.413920651316,5695.087274562741,11088.623139132937,3575.948990193892,7255.860886972311,20674.252519568272,0.0,0.0,0.0,0.0,0.0,0.0,0.0002056601986947368,0.0005998604480514621,0.0005361005034339181,0.0005321653154292397,0.016213666787883038,0.0002292892595883041,0.0004366573843929824,0.00020004039730526311,0.0011392828354900586,0.0006112657505076023,0.003262322143873684,0.04006114962454736,0.00011520919286547611,0.0003386645619134071,0.00030447150259394195,0.0002942676062934611,0.00918773384737523,0.0001277901005697983,0.00024894002325092626,0.00011139621596453167,0.0006312726235827733,0.0003444843426673713,0.0018331094810417749,0.022683923119930702
2026-08-13 16:24:11.608000040,1854.4962589475,5450.857305292694,4900.568852553848,4736.268659525,147699.5446628067,2057.0082780975,3958.8036007999995,1793.1196341975,10161.452308560001,5485.524988907317,29458.52118286143,363442.2596447411,0.00105674310305562,0.0011174389867886292,0.0011480793482905984,0.00037785852785484925,0.0009939606452207396,0.0012124360241322304,5132.288860388505,11739.05706190062,11413.661538461538,5873.926265514665,7766.0225318572275,26201.524912332006,4901.707766660906,5264.33119222945,10652.75076923077,3612.7621748823917,7334.370105553711,20849.213734650348,0.0,0.0,0.0,0.0,0.0,0.0,0.0002073757823977778,0.0006045413494377779,0.0005440008882488889,0.0005251705233644445,0.016391105601446663,0.0002300213327533333,0.0004409991579155555,0.0002005124492866667,0.0011362865320533335,0.0006141579482888888,0.0032784348838000004,0.040477462371155556,0.00011662720917380945,0.0003427983594217405,0.00030819133006060865,0.00029785867347679437,0.009288660253238731,0.00012936296504479833,0.0002489647597836444,0.00011276730143953166,0.0006390424451827734,0.0003449785715246157,0.001852613665499952,0.022856479884324824
2026-08-13 16:24:26.608000040,1863.2964041390246,5466.697935953659,4915.8280481707325,4676.4589605121955,149312.4830252951,2075.7887669926827,4006.1846129951214,1811.7067791658537,10278.743193743901,5551.5932572,29708.207967363414,366400.66855601704,0.0010298338628472222,0.0011296691617759843,0.0011480793482905984,0.00038170881611039934,0.0010048850765036236,0.0012326248619381902,5004.799999999999,11863.665215670915,11413.661538461538,5933.78017285526,7849.152282836109,25543.16581952435,4779.946666666666,5320.2111992215005,10652.75076923077,3649.575359570891,7412.879324135109,20351.570077582266,0.0,0.0,0.0,0.0,0.0,1.1419949777610219,0.0002098811115644444,0.0006118448786044444,0.0005505730215822223,0.000531515165031111,0.016589128313946665,0.0002328002452533333,0.00044632691624888875,0.00020293486178666665,0.0011500141320533333,0.0006215776566222222,0.0033180420088,0.040966474954488886,0.00011718064052696532,0.00034379455908330783,0.0003091509639182927,0.00029409730796110025,0.009390096154701892,0.00013054404912420648,0.0002519444989950265,0.0001139362263342081,0.0006464187386287831,0.00034913353150835556,0.0018683161899475213,0.02304253093363396
2026-08-13 16:24:41.608000040,1885.6792212121954,5531.835728636585,4974.454267682927,4732.168009292683,151093.0876827179,2100.724145041463,4058.891852514111,1833.4698767268292,10402.216425451219,5610.674757923809,30062.01347693403,370717.9661792881,0.0010810143652502633,0.0011418993367633395,0.0011480793482905984,0.0003855591043659493,0.0009719504166666666,0.0012436615827603962,4960.11021692801,11988.273369441215,11413.661538461538,5993.634080195856,7598.535111111111,25742.783929705434,4665.21662495845,5376.091206213553,10652.75076923077,3686.38854425939,7176.192,20519.407061606376,0.0,0.0,0.0,0.0,0.0,1.1544645223596146,0.00021238644073111112,0.0006191484077711111,0.0005571451549155556,0.0005378598066977778,0.01678715102644666,0.00023557915775333327,0.0004516546745822222,0.00020535727428666668,0.0011637417320533331,0.0006289973649555554,0.0033576491337999996,0.041455487537822217,0.00011858827102290027,0.0003478910024898119,0.00031283790172317074,0.00029760078813996206,0.00950207640315759,0.00013211220734371868,0.0002552591987247763,0.00011530488335859838,0.0006541838329783765,0.000352849101442764,0.0018905666253271841,0.02331404098416412
2026-08-13 16:24:56.608000040,1907.4809050666663,5592.296348835888,5021.571088464576,4898.026587761906,152853.1516956576,2129.9474783309515,4106.335459656968,1850.0824527976188,10557.427357559522,5676.661329352381,30459.727465563356,374951.799965473,0.0010925837596940022,0.0011541295117506944,0.0011480793482905984,0.00038940939262149934,0.001027821161112573,0.001254698303582602,5011.906296808528,12112.88152321151,11413.661538461538,6053.487987536451,7411.730140718136,25942.402039886514,4713.933270838937,5431.971213205605,10652.75076923077,3723.20172894789,6999.770056231646,20687.24404563049,0.0,0.0,0.0,0.0,0.0,1.1669340669582073,0.00021489176989777779,0.0006264519369377778,0.0005637172882488889,0.0005442044483644444,0.016985173738946664,0.00023835807025333325,0.0004569824329155555,0.00020777968678666666,0.0011774693320533332,0.0006364170732888888,0.0033972562587999996,0.041944500121155553,0.00011995935469641477,0.00035169330371567916,0.0003158010262301056,0.00030803144985258206,0.009612764873304688,0.0001339500303039243,0.0002582428744628715,0.00011634962980927245,0.0006639448760420765,0.0003569989236014941,0.0019155784161676507,0.02358030208671752
2026-08-13 16:25:11.608000040,1929.8569050666667,5657.38017026446,5080.063659893148,5009.236730619048,154630.5802858114,2154.9331569023807,4160.867388897009,1871.7851313690476,10681.27289327381,5734.783083280066,30797.038620476327,379269.4441370289,0.0011041531541377406,0.0011663596867380495,0.0012660331247500382,0.00037762696296296435,0.0010387572124765621,0.001265735024404808,5063.702376689046,12237.489676981806,14286.677405969716,5870.326518518518,7488.566441912663,26142.020150067598,4762.649916719424,5487.8512201976555,13304.371205000596,3610.548148148148,7072.335628658294,20855.0810296546,0.0,0.0,0.0,0.0,0.0,1.1794036115567998,0.00021573911561481482,0.0006275083158666667,0.0005639585104592593,0.0005243324666962963,0.017141843349481482,0.00024090043788148148,0.00045742947115555557,0.00020924725962962961,0.001194061778148148,0.0006362122167703705,0.0034221973645185188,0.042058038395674076,0.00012136655647419256,0.00035578635292996485,0.00031947955905550237,0.0003150253321700423,0.009724545382418804,0.00013552135186741638,0.0002616723269017452,0.00011771448715054232,0.0006717333841769973,0.0003606541361262797,0.0019367915399099553,0.023851833931284257
2026-08-13 16:25:26.608000040,1950.5579706860467,5713.776276685713,5127.321351867111,5007.568554098837,156386.1221965103,2180.9715209348838,4208.392272617941,1889.3777206813954,10816.918984455815,5800.679722814951,31192.471431522594,383565.9235542797,0.0011157225485814795,0.0011785898617254044,0.0012797718644280763,0.0003931463905183314,0.0010496932638405512,0.0013060899963158296,5115.498456569564,12362.097830752105,14567.396954444708,5749.590822475593,7565.402743107189,27365.106846491708,4811.366562599911,5543.731227189708,13575.83782718204,3548.1229813385266,7144.90120108494,22033.853955937237,0.0,0.0,0.0,0.0,0.0,1.1918731561553926,0.00021822533783703702,0.0006347398515809524,0.0005704576850624339,0.0005303749825693122,0.01733938950027513,0.00024367662438941795,0.00046270098306031737,0.00021165866835978834,0.0012078223932275134,0.0006435440580402118,0.0034660078208677246,0.042542723935356616,0.00012266842348981137,0.00035933304140045705,0.00032245154279519824,0.00031492042240221574,0.009834949462580534,0.00013715887564990487,0.00026466111403352825,0.00011882086554507442,0.0006802640161335545,0.00036479830256814025,0.001961659870026865,0.024122034747969142
2026-08-13 16:25:41.608000040,1972.914773011628,5778.7617185461795,5185.686421634552,5117.235734331395,158174.40206646305,2205.9692651209302,4269.365418897622,1911.0332904488373,10940.89977515349,5860.01739773779,31535.908924016705,387778.54079821805,0.0011272919430252183,0.0011908200367127593,0.0012935106041061144,0.000396956850027048,0.00106062931520454,0.0013206225126212708,5167.294536450083,12486.705984522401,14848.1165029197,5805.317095307062,7642.2390443017175,27692.454887291584,4860.083208480399,5599.611234181759,13847.304449363484,3582.512153612275,7217.466773511588,22325.659897120662,0.0,0.0,0.0,0.0,0.0,1.2043427007539855,0.00022071156005925926,0.0006419713872952381,0.0005769568596656084,0.000536417498442328,0.017536935651068782,0.0002464528108973545,0.00046797249496507927,0.00021407007708994707,0.001221583008306878,0.0006508758993100528,0.003509818277216931,0.043027409475039156,0.0001240744179471757,0.00036341990363301523,0.00032612205718279515,0.00032181726951461886,0.009947412396624233,0.00013873095600649407,0.0002684956474551171,0.00012018276026600463,0.0006880610303040971,0.00036852998301328767,0.001983258272332606,0.0243869615657546
2026-08-13 16:25:56.608000040,1994.119882093182,5838.338373645983,5234.2112413107825,5126.468704871212,159939.44598160314,2231.0030240431815,4317.040771170349,1927.3947647500001,11079.059050977272,5925.840772737791,31939.104999375373,392193.59311736695,0.0011388613374689572,0.0012036533926304536,0.0013072493437841527,0.0004007673095357645,0.0010694621226078743,0.001335155028926712,5219.090616330601,14861.799289993542,15128.83605139469,5861.043368138529,7339.859051724927,28019.802928091456,4908.7998543608865,5285.512663325983,14118.771071544928,3616.9013258860223,6931.893718710987,22617.465838304088,0.0,0.0,0.0,0.0,0.0,1.216812245352578,0.00022319778228148147,0.0006492029230095237,0.000583456034268783,0.0005424600143153439,0.017734481801862434,0.00024922899740529095,0.0004732440068698413,0.00021648148582010577,0.0012353436233862433,0.0006582077405798941,0.0035536287335661367,0.0435120950147217,0.00012540798369608234,0.0003671666132759584,0.00032917372917576695,0.0003223979207730118,0.010058414047287486,0.00014030530128982677,0.00027149389738693525,0.0001212117152053889,0.0006967497136503484,0.00037266954192995437,0.002008614825516273,0.024664619300492185
2026-08-13 16:26:11.608000040,2016.4637798204544,5903.264066827801,5292.4671504016915,5235.954409416667,161709.98629253116,2256.001171770454,4370.82305860808,1948.9910147499997,11203.198710068182,5983.090373096767,32271.24267858151,396455.26901563397,0.0011505711601977051,0.001215889724661378,0.0013209880834621909,0.0004045777690444811,0.0010803766164042823,0.0013514887592467027,7727.482821808919,15008.65021591184,15409.55559986968,5916.769640969998,7412.942727549078,29336.54221080826,4660.049091932329,5337.739342842839,14390.237693726373,3651.2904981597712,7000.9152448486975,23899.60403866529,0.0,0.0,0.0,0.0,0.0,1.1447722530144728,0.00022536022145656565,0.000654839579569697,0.0005875682360404039,0.00056718583099798,0.017929309959755554,0.0002521309476343434,0.0004808528967212122,0.00021781945755555557,0.0012520707624848484,0.0006638935850888889,0.0035862243567818183,0.04397382732449899,0.00012681316659759743,0.0003712497179805039,0.00033283737856970634,0.0003292833550810926,0.010169761360174737,0.00014187740702467522,0.000274876205685797,0.00012256987937205553,0.0007045567188776211,0.00037626990568586326,0.0020295025951196813,0.024932631362538753
2026-08-13 16:26:26.608000040,2037.0681138777777,5967.702584738586,5339.602311343435,5252.803113994445,163486.2071766612,2282.3393330777776,4418.565391941414,1968.2498275977778,11345.320750004445,6048.819939763434,32688.42376556,400405.6087714636,0.0011621419724568696,0.0012281260566923027,0.0013347268231402292,0.00040838822855319756,0.00109129111020069,0.0013660394941044087,7803.409056679487,15155.50114183014,15690.27514834467,5972.495913801466,7486.026403373225,29673.600734489562,4705.836315278056,5389.966022359694,14661.704315907817,3685.6796704335184,7069.936770986405,24201.13467350307,0.0,0.0,0.0,0.0,0.0,1.1563845527986927,0.000227842876759596,0.000662053545478788,0.0005940411148282829,0.0005793924370585859,0.01812682616808889,0.0002549085196040404,0.0004861501580848484,0.00022021904088888886,0.001265864057939394,0.0006712072934222223,0.003630585936327273,0.044458260002529296,0.00012810895027275804,0.00037530218477355994,0.0003358016564689315,0.0003303429513912062,0.010281465917998917,0.0001435337847246691,0.00027787866798209337,0.00012378104471337135,0.0007134946160558349,0.00038040356510067814,0.0020557386501452177,0.02518106384051649
2026-08-13 16:26:41.608000040,2059.3929472111117,6032.623351405252,5397.737478010101,5362.485497327778,165270.91437198065,2307.3521664111113,4470.257782854347,1989.8204609311115,11469.65748333778,6111.501951110869,33028.29620209235,404776.56285949145,0.001173712784716034,0.0012403623887232277,0.0013484655628182673,0.000412198688061914,0.001102205603997098,0.0013729451626018508,7879.335291550053,15302.352067748438,15970.994696819664,6028.222186632933,7559.110079197374,29035.365172715112,4751.623538623782,5442.192701876548,14933.17093808926,3720.0688427072655,7138.958297124113,23574.36298425713,0.0,0.0,0.0,0.0,0.0,1.1679968525829127,0.00023032553206262624,0.0006692675113878788,0.0006005139936161616,0.0005915990431191919,0.01832434237642222,0.0002576860915737373,0.0004914474194484848,0.00022261862422222217,0.0012796573533939391,0.0006785210017555555,0.0036749475158727274,0.044942692680559594,0.000129512934235721,0.0003793849796550414,0.00033945771250596854,0.00033724075460972463,0.010393704170504559,0.00014510681402096542,0.0002811295450106178,0.00012513759787633432,0.0007213140150632426,0.0003843455671476391,0.0020771128500426967,0.0254559482864969
2026-08-13 16:26:56.608000040,2083.623595119565,6104.667260463768,5450.0937605942045,5388.899825966667,167073.51857781812,2332.3916899326086,4518.042598071737,2007.1298536913043,11610.626122963044,6177.199114154348,33464.777029865945,409231.96139645,0.0011852835969751985,0.001252598720754152,0.0013577137013488483,0.00042510040463228333,0.0011131200977935057,0.001386973535245659,7955.261526420618,15449.202993666737,14332.385764675588,7625.034368849125,7632.193755021523,29329.55039032817,4797.410761969507,5494.4193813934035,13352.297590526558,5294.053138063815,7207.979823261822,23834.825517957637,0.0,0.0,0.0,0.0,0.0,1.1796091523671326,0.00023280818736565656,0.0006764814772969698,0.0006069868724040404,0.000603805649179798,0.018521858584755555,0.00026046366354343434,0.0004967446808121213,0.00022501820755555554,0.0012934506488484847,0.0006858347100888889,0.0037193090954181817,0.0454271253585899,0.00013103677275974152,0.0003839157410469436,0.0003427503409440355,0.0003389019223885704,0.010507067946116114,0.00014668152183353958,0.00028413467894540035,0.00012622616635436424,0.0007301793761774536,0.0003884771887345956,0.00210456264432268,0.025736143350043407
2026-08-13 16:27:11.608000040,2105.9688668586955,6169.664216985508,5508.167662768117,5449.116125966667,168843.5788204673,2357.404809497826,4565.204980336633,2028.6547884739132,11735.141220789132,6240.980897695652,33795.960019186175,413496.7915975493,0.001196854409234363,0.0012624762764252466,0.0013711567668297886,0.0004289938852411332,0.0011240345915899137,0.0013896255953153012,8031.187761291185,14836.896304407226,14486.731162153998,7694.871807565769,7705.277430845674,29504.90534777532,4843.1979853152325,5276.656061032902,13501.800779456626,5342.541196439346,7277.001349399531,23983.78741463724,0.0,0.0,0.0,0.0,0.0,1.1912214521513527,0.0002353053116038647,0.0006844458767922706,0.0006115431401603865,0.0006037416472646465,0.01872213199150338,0.0002633988953990337,0.0005031946340115942,0.000226666811010628,0.001311197475484058,0.000691819352295652,0.003755627177759742,0.04586668771468212,0.0001324420420713357,0.00038800332742375526,0.00034640254412519493,0.00034268885858857037,0.010618385068042718,0.00014825456913064103,0.00028710066876339263,0.0001275798455862483,0.0007380099923296275,0.00039248835423285987,0.0021253903745399303,0.02600435378269032
2026-08-13 16:27:26.608000040,2126.995332591489,6237.166690138761,5553.197880902869,5533.800547666667,170647.66767419167,2384.061199542553,4612.983522889825,2048.574846638298,11880.5455528617,6306.658238121185,34227.1201109826,417600.7909820859,0.0012077811993575875,0.0012746897001528494,0.0013845998323107288,0.0004328873658499829,0.0011326601392685751,0.001411725232215399,7712.403689981578,14976.66290129861,14641.076559632409,7764.709246282411,7349.731197149881,29022.54812448984,4650.955639873037,5326.363240047005,13651.303968386694,5391.0292548148755,6941.217148817641,23612.6530747474,0.0,0.0,0.0,0.0,0.0,1.148653361027545,0.0002377881195748792,0.0006916677608502416,0.000617995795957488,0.0006105264805979798,0.01891967729222802,0.0002661781309062801,0.0005085040579246375,0.00022905847043091788,0.0013250324863536232,0.0006991190370782608,0.0038001339072283413,0.04635064694656618,0.00013376437313853141,0.0003922484829576153,0.0003492344445101137,0.0003480145677754815,0.010731842211510276,0.00014993095988234277,0.00029010540821729333,0.0001288325959108085,0.0007471543092133024,0.0003966187291973989,0.002152505553646239,0.026262449743984513
2026-08-13 16:27:41.608000040,2149.3267581234045,6302.19009439408,5611.135987285848,5595.771547666667,172431.30281787275,2409.0915718829788,4665.473029278634,2070.082931744681,12005.27996775532,6372.360099283555,34567.226254153706,422100.60147284326,0.0012193458218062397,0.0012869031238804524,0.0013980428977916693,0.00043678084645883266,0.0011435525313245687,0.0014257217562956338,7784.641171735199,15116.429498189997,14795.421957110819,7834.546684999054,7418.788476463279,29308.362961702118,4694.518365150068,5376.0704190611095,13800.807157316762,5439.517313190407,7006.436074321574,23866.167056441296,0.0,0.0,0.0,0.0,0.0,1.1597425968882276,0.0002402709275458937,0.0006988896449082126,0.0006244484517545895,0.0006173113139313131,0.01911722259295266,0.0002689573664135265,0.0005138134818376811,0.00023145012985120776,0.0013388674972231885,0.0007064187218608696,0.003844640636696941,0.04683460617845024,0.00013516877167753854,0.0003963377326030054,0.0003528781076448655,0.0003519118551088148,0.010844013043879552,0.0001515050921873073,0.00029340641495241186,0.0001301852154852766,0.0007549987179721678,0.00040075064624383244,0.002173894451094555,0.026545437825958806
2026-08-13 16:27:56.608000040,2170.7871658729164,6378.505781414272,5670.914317898937,5663.967670952381,174241.6080525504,2434.0705405312497,4713.300091778635,2086.6717805000003,12145.484889566667,6438.0380055335545,35010.52850229344,426408.8283184298,0.0012309104442548924,0.0012991165476080554,0.0014114859632726095,0.00044067432706768246,0.0011544449233805618,0.0014369817019390762,7856.878653488822,15256.196095081377,14949.767354589228,7904.384123715697,7487.845755776678,31051.676093291517,4738.0810904271,5425.777598075212,13950.31034624683,5488.005371565937,7071.654999825506,25383.414077799225,0.0,0.0,0.0,0.0,0.0,1.1708318327489105,0.0002427537355169082,0.0007061115289661835,0.0006309011075516908,0.0006240961472646464,0.019314767893677295,0.0002717366019207729,0.0005191229057507244,0.00023384178927149756,0.0013527025080927535,0.0007137184066434781,0.0038891473661655388,0.047318565410334294,0.00013651839287600785,0.00040113714136449756,0.00035663750043675533,0.0003562006335287831,0.010957861128638169,0.00015307599177118744,0.0002964142057718563,0.00013122846975144442,0.0007638160497216369,0.00040488105679244347,0.0022017732369220095,0.026816377425359028
2026-08-13 16:28:11.608000040,2193.1096346229165,6443.644812664273,5728.871505398937,5726.32909952381,176023.12871176167,2459.1003842812497,4757.1238926979595,2108.1292805000003,12270.378389566667,6505.080397369388,35343.41746122766,430700.04179173,0.001242475066703545,0.0013113299713356581,0.0014249290287535498,0.00044456780767653225,0.001165337315436555,0.0014508230313616884,7929.116135242443,15395.962691972763,15104.11275206764,7974.22156243234,7556.903035090075,31409.882601493497,4781.643815704132,5475.484777089317,14099.813535176898,5536.493429941467,7136.873925329438,25699.820515875756,0.0,0.0,0.0,0.0,0.0,1.1819210686095933,0.00024498628355370367,0.0007148926652759259,0.0006360728345,0.0006345256114276094,0.019518759352299995,0.00027469938324999987,0.0005248959882703701,0.00023549336044444442,0.0013706904351703704,0.0007208067505425924,0.003927350411048147,0.04777506832556111,0.00013792222813295227,0.00040523366266310865,0.00036028236356175537,0.00036012247448116404,0.011069898983428566,0.00015465009083368746,0.00029917023591856054,0.00013257790808477777,0.0007716704631660816,0.0004090972783234526,0.0022227082536727615,0.027086247072679905
2026-08-13 16:28:26.608000040,2213.3186163367345,6506.020334743877,5790.507117142858,5799.318219729167,177828.25178968775,2485.811662642857,4804.910953922449,2127.8003393,12414.864004904082,6570.772376961224,35782.00533316599,434823.6992525959,0.0012540396891521977,0.001323206910184713,0.0014383720942344903,0.000448461288285382,0.001174429493346949,0.001461884993859704,8001.353616996065,14782.175613591993,15258.45814954605,8044.059001148982,7322.260869233672,31206.102020092872,4825.206540981164,5257.194964929646,14249.316724106966,5584.9814883169975,6915.338674648344,25562.095049822958,0.0,0.0,0.0,0.0,0.0,1.193010304470276,0.00024746655785925917,0.0007221303354148148,0.000642512522,0.0006415571392053872,0.019716369914799997,0.00027748047699999986,0.0005302101063259257,0.00023787752711111108,0.0013845674907259258,0.0007281042956814814,0.00397186869577037,0.04825874958597778,0.00013919314853851018,0.00040915638994055937,0.0003641585587003175,0.0003647126791518565,0.011183421168107029,0.00015632993345065076,0.000302175511102234,0.00013381499911597775,0.0007807570029750788,0.0004132285739288947,0.0022502905576191052,0.02734557930855214
2026-08-13 16:28:41.608000040,2235.6197898061223,6571.131998009185,5848.501402857143,5862.2719072291675,179619.38621421639,2510.858448357143,4852.372929349958,2149.2398393,12539.95491306735,6634.928186049184,36125.44391162421,439242.3810655267,0.0012665228484463945,0.0013354172173304423,0.0014518151597154305,0.00043588852941176567,0.0011853051491991023,0.0014775450216724991,7707.7894914522385,14915.205490758575,15412.803547024461,7818.541176470589,7388.591264589344,31437.521004997787,4648.17305307699,5304.5062686718575,14398.819913037034,5428.4047058823535,6977.982871092523,25760.189437699617,0.0,0.0,0.0,0.0,0.0,1.2040995403309587,0.0002499468321648148,0.0007293680055537036,0.0006489522095000001,0.000648588666983165,0.019913980477300003,0.00028026157074999996,0.0005355242243814814,0.00024026169377777782,0.0013984445462814814,0.0007354018408203705,0.004016386980492593,0.04874243084639445,0.00014059564455891834,0.000413251190097022,0.00036780575489079367,0.0003686717666101898,0.011296063621916274,0.00015790509797446032,0.0003051603420013418,0.0001351633054493111,0.0007886238311995688,0.0004172632614782042,0.002271889028219922,0.027623465298120896
2026-08-13 16:28:56.608000040,2253.442468996,6645.248862535265,5915.992007533879,5926.395246777778,181432.10733938537,2538.854985328,4900.156989349958,2169.819754534,12694.703200322001,6700.605236049184,36572.242353994414,443673.45668895997,0.001278095894319808,0.001347627524476172,0.0014584375669772316,0.0004444099051224089,0.0011961808050512555,0.0014804219411786402,7776.762458120261,15048.235367925157,17254.14962094797,7621.252911275066,7454.921659945018,31536.4574770674,4689.767116512768,5351.817572414069,16050.409063797139,5290.612481621545,7040.627067536704,25839.717544215127,0.0,0.0,0.0,0.0,0.0,1.1712418300653595,0.00025242710647037034,0.0007366056756925926,0.0006553918970000001,0.0006556201947609427,0.020111591039799998,0.00028304266449999995,0.0005408383424370368,0.00024264586044444442,0.001412321601837037,0.0007426993859592591,0.004060905265214815,0.049226112106811104,0.00014171649305019286,0.0004179123173549955,0.0003720501640293527,0.00037270441218624695,0.01141006363934357,0.00015966576907729422,0.00030816542844134176,0.00013645755345180488,0.0007983557790424724,0.0004213936181782042,0.0022999876858178702,0.027902130720661257
2026-08-13 16:29:11.608000040,2275.699408996,6710.449152535266,5974.079777533878,5989.407580111112,183214.91372923623,2563.9309053280003,4944.382534603921,2191.250764534,12820.087030322,6756.829771417646,36912.79656262505,448098.2058266792,0.0012896689401932216,0.0013598378316219011,0.0014715864821964319,0.0004482008820346094,0.001207056460903409,0.0015067277341380334,7845.735424788283,15181.265245091738,17481.24924163894,7686.2649497010025,7521.252055300693,31680.57653211429,4731.361179948543,5399.12887615628,16264.691774678387,5335.743315876247,7103.271263980884,25960.715472535318,0.0,0.0,0.0,0.0,0.0,1.1478826600967977,0.00025415908710755555,0.0007445428790097778,0.0006633227476604444,0.0006636982352313132,0.02031788436678044,0.0002863499176248888,0.000545661401248,0.0002447275293635555,0.0014317978918417776,0.0007499871533066665,0.0041008294355057776,0.049693352588954666,0.0001431162072768595,0.00042201269114832893,0.00037570323934268604,0.00037666718781587653,0.0115221823523053,0.00016124276582396089,0.00031094672384286877,0.00013780532585847157,0.0008062410287958058,0.00042492951673582085,0.0023214047616050863,0.028180398277544486
2026-08-13 16:29:26.608000040,2293.799271111765,6778.340463917647,6043.474646901961,6058.722691716667,185031.1016245804,2595.820259460784,4992.132416956862,2215.8236940960787,12988.320623256863,6822.415330241176,37376.49298699608,452274.55970708036,0.0013012419860666347,0.0013720481387676307,0.0014847353974156321,0.00045199185894680995,0.0012179321167555617,0.0015157859414430994,7914.708391456306,15314.295122258321,17708.34886232991,7751.27698812694,7587.582450656368,30864.383894639155,4772.955243384321,5446.440179898493,16478.974485559636,5380.874150130949,7165.915460425065,25187.64359732171,0.0,0.0,0.0,0.0,0.0,1.1582629665469621,0.00025663208044088883,0.0007517873556764444,0.000669776944327111,0.0006707855060646465,0.02051557941344711,0.00028913613095822214,0.000550970741248,0.0002471087526968888,0.0014457294285084442,0.0007572846033066667,0.0041454188421724434,0.05017687387895467,0.0001442544874943621,0.0004262823002863764,0.0003800674055718344,0.00038102633816795926,0.011636400391056944,0.00016324825187275598,0.0003139496608886203,0.0001393506900953756,0.0008168210525292648,0.00042905411965738947,0.0023505661145155313,0.028443044532689723
2026-08-13 16:29:41.608000040,2316.015947582353,6843.566905094117,6101.671529254903,6122.022241716667,186826.98330927652,2620.96217122549,5036.778588533484,2237.2851352725493,13114.119476198039,6894.7409385671945,37738.89629325245,456918.25197459996,0.001313669706260992,0.00138425844591336,0.0014978843126348326,0.0004557828358590104,0.0012288077726077152,0.0015295963396332773,7662.016449347542,15447.324999424902,17935.448483020882,7816.289026552875,7653.912846012041,32451.986531820912,4620.569675856536,5493.751483640703,16693.25719644089,5426.00498438565,7228.5596568692445,25098.63435026256,0.0,0.0,0.0,0.0,0.0,1.1686432729971263,0.00025910507377422217,0.0007590318323431111,0.0006762311409937779,0.0006778727768979799,0.020713274460113774,0.0002919223442915555,0.000556280081248,0.0002494899760302222,0.0014596609651751108,0.0007645820533066666,0.004190008248839111,0.05066039516895467,0.0001456516695924013,0.00043038431869814103,0.0003837273428398083,0.00038500717653462593,0.011749341394783388,0.0001648293987681808,0.00031675740901221687,0.00014070037628491808,0.0008247324026142321,0.0004336025968032257,0.002373357255775654,0.02873508117973595
2026-08-13 16:29:56.608000040,2333.0013018365385,6912.182780286651,6162.908207884618,6180.666686803031,188623.3369539898,2652.594139469231,5084.4992423796375,2258.817534653846,13284.149578453846,6960.390919336425,38179.54115240589,461006.8841901282,0.001325250312577492,0.001396459239789912,0.001511033227854033,0.00045957381277121086,0.0012388796013978957,0.0015432415086988154,7728.222571568831,14763.681183860974,18162.54810371185,7881.30106497881,7306.725181734748,32766.777696096935,4660.495197122911,5250.617528332846,16907.539907322138,5471.13581864035,6900.666356560092,25362.012944859387,0.0,0.0,0.0,0.0,0.0,1.1790235794472907,0.0002615780671075555,0.0007662763090097777,0.0006826853376604445,0.0006849600477313131,0.020910969506780442,0.00029470855762488883,0.0005615894212479998,0.0002518711993635555,0.0014735925018417775,0.0007718795033066666,0.004234597655505778,0.051143916458954664,0.00014671985964883117,0.00043469949484913826,0.00038757844951807697,0.00038869526052561274,0.011862312079550914,0.0001668186981043983,0.0003197585079096527,0.00014205452495711962,0.0008354254068227639,0.0004377312511493796,0.002401068921362414,0.028992210716845837
2026-08-13 16:30:11.608000040,2355.168272990385,6977.441462978959,6221.134025192309,6243.771823166667,190412.6888695998,2677.7977163923074,5133.024424034832,2280.279650038461,13410.368693838462,7020.846801928302,38525.715693473874,465441.8071498929,0.0013368309188939917,0.0014086694634610159,0.0015241821430732332,0.0004633647896834113,0.0012497481790686702,0.001546155724899213,7794.4286937901215,14889.749601482248,18389.64772440282,7946.313103404745,7369.496851329387,32982.124034284796,4700.420718389287,5295.453029390336,17121.82261820339,5516.266652895052,6959.949597374959,25532.080614765968,0.0,0.0,0.0,0.0,0.0,1.189403885897455,0.0002629836913760684,0.0007742135427367523,0.0006907772948632479,0.0006919143761179797,0.021117079306056413,0.000299009262434188,0.000566146525668376,0.0002546214496068376,0.0014974336663179488,0.0007788558103692307,0.004279389595413676,0.051619294024010255,0.00014811391583472865,0.00043880354089401006,0.0003912402064732052,0.0003926638724347037,0.01197484243335483,0.0001684037230531162,0.00032281020266707944,0.00014340425354686322,0.0008433631867458409,0.0004415332544323798,0.0024228394536118013,0.02927111809409326
2026-08-13 16:30:26.608000040,2374.5610521113204,7049.420126580551,6285.865907139332,6298.250173875001,192208.2096094788,2709.289236222641,5180.752725921624,2303.274350816981,13581.178946288679,7086.448481173584,38969.494020209284,469506.6067915038,0.0013484115252104917,0.00142087968713212,0.0015373310582924335,0.00046715576659561183,0.0012606167567394448,0.0015686996248098187,7860.634816011409,15015.818019103526,18616.74734509379,8011.325141830682,7432.268520924026,33209.97284792221,4740.346239655661,5340.288530447828,17336.10532908464,5561.397487149754,7019.232838189826,25713.87958926631,0.0,0.0,0.0,0.0,0.0,1.1997841923476191,0.0002654466881709402,0.000781464507480342,0.0006972468301196582,0.0006989958094513132,0.021314853161825645,0.0003018096598700855,0.0005714488205401709,0.0002570061290940171,0.001511458012471795,0.000786150252676923,0.004324128912721367,0.052102739043241024,0.0001493335061661119,0.00044333019907162125,0.0003953111226045402,0.00039608995537924996,0.012087760737662776,0.00017038418974466831,0.00032581178254129323,0.0001448503647291568,0.0008541052537332657,0.0004456588711493609,0.0024507481794931616,0.029526748827110122
2026-08-13 16:30:41.608000040,2396.7021558849056,7114.741305825835,6344.152256195936,6361.022798875,193996.8168858537,2734.551443769811,5236.299722392243,2324.750756477358,13707.813842515096,7153.357476977639,39320.09281456462,474130.79431501875,0.0013599921315269913,0.0014330899108032237,0.0015474406224008596,0.00047092331158057795,0.001271485334410219,0.001583993472560311,7926.8409382327,15141.886436724804,20080.611806841298,7609.189082930869,7495.040190518665,34915.38523570149,4780.271760922037,5385.124031505319,18657.187398822913,5283.4101366152245,7078.516079004693,27222.953169535816,0.0,0.0,0.0,0.0,0.0,1.1396266054083666,0.0002679096849658119,0.0007887154722239316,0.0007037163653760684,0.0007060772427846464,0.02151262701759487,0.0003046100573059829,0.0005767511154119658,0.00025939080858119654,0.001525482358625641,0.0007934446949846154,0.00436886823002906,0.052586184062471786,0.00015072593558120628,0.0004474381754552692,0.00039897668633409996,0.0004000376560181389,0.012200244261932575,0.0001719729019081903,0.0003293050714304454,0.000146200992018465,0.0008620691816515048,0.0004498667035521492,0.0024727969481159523,0.029817558842477845
2026-08-13 16:30:56.608000040,2417.460269303703,7188.012635200698,6401.839047192872,6420.940534051282,195792.5214160913,2764.8072233055555,5284.0995557255765,2344.2467501814813,13889.829961677777,7218.971365866526,39754.04951655776,478246.4851406706,0.0013688308819345407,0.0014413002628589026,0.0015604888557374773,0.0004747135535247259,0.0012823539120809934,0.0015947674213019067,7696.927250939148,14668.144264593815,20348.68063706783,7670.431894475446,7557.811860113306,34475.7092748281,4641.622592182206,5216.640377467828,18908.134068236577,5325.93383891555,7137.799319819561,26789.26746146435,0.0,0.0,0.0,0.0,0.0,1.1494018660565275,0.0002703726817606837,0.0007959664369675215,0.0007101859006324786,0.0007131586761179797,0.0217104008733641,0.00030741045474188037,0.0005820534102837607,0.0002617754880683761,0.001539506704779487,0.0008007391372923076,0.004413607547336751,0.05306962908170257,0.00015203139026954396,0.0004520461279470661,0.0004026045445234628,0.00040380581580811396,0.012313174124611963,0.00017387565426566046,0.00033231114983785286,0.00014742707340030203,0.0008735159731455134,0.0004539930881200503,0.0025000880029301875,0.030076390065513284
2026-08-13 16:31:11.608000040,2439.5887137481477,7253.406357422921,6460.120130526207,6483.610995589744,197577.18299735544,2790.115139972222,5339.7328254135355,2365.7050279592595,14016.97179501111,7279.924875970303,40098.16477083837,482536.7241303811,0.001380388261146791,0.0014534765795431168,0.0015735370890740952,0.0004785037954688738,0.0012911572073534923,0.0015870994816897426,7760.693280158154,14789.304830396923,20616.749467294372,7731.674706020021,7302.97713034917,34353.68146954897,4680.076618339277,5259.73042951013,19159.08073765024,5368.457541215874,6897.1265967558265,26756.806144557984,0.0,0.0,0.0,0.0,0.0,1.1591771267046884,0.00027236148382551436,0.0008048794962534979,0.0007173356615950617,0.0007185279950498316,0.021913785470189295,0.00031149508738271604,0.0005883302627061729,0.00026411293349465017,0.0015648880548246914,0.0008075893532510288,0.004454329765410935,0.05353475769993909,0.0001534230235534946,0.0004561586664779303,0.00040626977709753694,0.00040774709150042163,0.012425409508500353,0.00017546724102491973,0.0003358098643537845,0.00014877656064721565,0.0008815117817751431,0.00045782638664435465,0.002521729028921613,0.030346198428643965
2026-08-13 16:31:26.608000040,2459.289057774545,7329.894370387072,6510.605499410102,6550.367871452381,199376.19788626223,2822.1526412272724,5387.603034504444,2388.396571290909,14188.561080758182,7345.496994152121,40540.12666087293,486671.49423612125,0.0013919456403590409,0.0014656528962273309,0.0015865853224107129,0.0004822940374130217,0.001302008365898419,0.001619073972091281,7824.459309377165,14910.46539620003,20884.818297520913,7792.917517564597,7363.141563657002,34275.036403218444,4718.530644496351,5302.820481552432,19410.027407063906,5410.9812435161975,6953.947494006309,26755.183153708756,0.0,0.0,0.0,0.0,0.0,1.1689523873528491,0.00027482019987489707,0.0008121454653893005,0.0007238113375209877,0.0007255454811609428,0.022111609976362138,0.0003143070781234568,0.0005936413552987655,0.00026649718658106996,0.0015790149251950617,0.0008148797853497942,0.0044990780722892415,0.05401803736969218,0.0001546619563000436,0.0004609689126265647,0.00040944474585179083,0.00041194535724911645,0.012538547555958268,0.00017748204388162622,0.00033882036861439057,0.00015020360659451714,0.0008923028413010142,0.0004619501442989,0.0025495235211171192,0.030606229526404953
2026-08-13 16:31:41.608000040,2481.395675956364,7395.387424932525,6568.817063046466,6613.17480002381,201170.7334308156,2847.521050318182,5448.965600426623,2409.865934927273,14316.102453485457,7414.093325575325,40891.96197100459,491064.03831938904,0.0014035030195712912,0.0014778292129115455,0.0015996335557473306,0.0004860842793571696,0.001312859524443346,0.0016325974942391435,7888.225338596174,15031.62596200314,21152.887127747446,7854.160329109172,7423.305996964832,34569.812594063565,4756.9846706534245,5345.910533594734,19660.97407647757,5453.504945816521,7010.76839125679,27001.42553061407,0.0,0.0,0.0,0.0,0.0,1.1787276480010103,0.0002772789159242798,0.0008194114345251029,0.0007302870134469135,0.0007325629672720539,0.022309434482534977,0.00031711906886419753,0.0005989524478913579,0.0002688814396674897,0.001593141795565432,0.0008221702174485597,0.004543826379167549,0.05450131703944527,0.0001560522169545891,0.00046508769805686767,0.00041310560640936655,0.0004158952152014973,0.012651403902426847,0.00017907743494223233,0.00034267939220460763,0.00015155379101875963,0.0009003237765191966,0.00046626409136395924,0.0025716500528431773,0.03088247174319713
2026-08-13 16:31:56.608000040,2502.247240892857,7464.004293313313,6624.420990412338,6684.580230433334,202970.2290978521,2877.3204216928575,5496.954778998052,2429.849210951786,14482.31480963036,7479.692397003896,41329.364446537504,495215.38620489085,0.0014150603987835414,0.0014900055295957594,0.0016126817890839483,0.0004898745213013175,0.0013237106829882728,0.0016379240638933837,7951.9913678151825,15152.786527806247,21420.955957973987,7915.403140653749,7483.470430272664,34436.619336085336,4795.438696810497,5389.000585637036,19911.920745891235,5496.028648116846,7067.589288507272,26854.93657955054,0.0,0.0,0.0,0.0,0.0,1.1432982350454548,0.00027973763197366254,0.0008266774036609054,0.0007367626893728396,0.0007395804533831649,0.022507258988707823,0.0003199310596049383,0.0006042635404839506,0.0002712656927539095,0.0016072686659358026,0.0008294606495473253,0.004588574686045856,0.054984596709198356,0.00015736354870503965,0.0004694029366683704,0.00041660247561926475,0.0004203858233805852,0.012764572185487143,0.00018095148429757301,0.00034569737832365523,0.0001528105170443012,0.0009107766869167536,0.00047038954407824495,0.0025991578085266917,0.031143545399107575
2026-08-13 16:32:11.608000040,2524.3427766071427,7529.524962956169,6682.609820769481,6747.656330433334,204745.40264656837,2902.727957407143,5543.968177097243,2451.3054520232145,14610.197657844645,7541.823432006015,41673.192661338035,499480.82395329076,0.0013880719570707072,0.0015021818462799734,0.0016246012831015462,0.0004928399464192354,0.0013345618415331996,0.001661332144752545,7803.086868686868,15273.947093609358,20004.350319045327,7579.099916523542,7543.634863580495,35991.257921359815,4705.64202020202,5432.090637679339,18587.397836035994,5262.517843748514,7124.4101857577525,28210.902687773894,0.0,0.0,0.0,0.0,0.0,1.1527016939388401,0.00028177667444444443,0.0008355622890555555,0.000742061895211111,0.0007478461739313131,0.022711429166366662,0.00032401345737777774,0.0006119892869777777,0.0002736239724333333,0.0016308454411,0.0008365621197333333,0.004629390504761111,0.05541993368256666,0.00015875311239551586,0.0004735234587814657,0.00042026190650616956,0.00042435260922502966,0.012876210877550852,0.0001825493359880492,0.0003486539986930043,0.00015415987620501546,0.0009188190971488964,0.00047429689583504495,0.0026207807829241475,0.03141179403972917
2026-08-13 16:32:26.608000040,2547.289448440351,7598.918452410528,6727.925573951128,6832.315510479167,206549.8286911326,2931.8526335298247,5591.949045518296,2470.586681789474,14763.882939045614,7607.392537269174,42112.8869959237,503664.5044483494,0.0014382477667825766,0.001514358162964188,0.001637618325167132,0.0004966238716510475,0.0013428114263457252,0.0016738151501989808,7685.146535169779,15395.107659412464,20225.865319629487,7637.290709735265,7336.965629537925,36167.175780191654,4634.98320982576,5475.180689721641,18794.808413615363,5302.922389273894,6929.2262429075845,28345.619511280744,0.0,0.0,0.0,0.0,0.0,1.1621051528322257,0.000284231733968254,0.0008428423634603175,0.0007485273208063491,0.0007549042215503608,0.022909308961009525,0.00032683651690158734,0.0006173214179301585,0.0002760079992190476,0.0016450546464571428,0.000843850905447619,0.0046741039705349196,0.0559027956379238,0.0001601962030908043,0.00047788753822937315,0.00042311176387292644,0.0004296767309923564,0.01298968922657567,0.0001843809545086534,0.00035167146219592835,0.0001553724513214269,0.0009284841937222018,0.00047842046401048354,0.002648432671076979,0.03167490105752952
2026-08-13 16:32:41.608000040,2569.392369492982,7664.47271556842,6786.003442372182,6896.027447979167,208328.44585181974,2957.2924230035082,5637.871283306351,2492.024050210526,14891.989675887718,7666.410932906806,42458.2336243465,507916.7179903771,0.00144980573134097,0.0014759250292397659,0.0016506353672327174,0.0005004077968828595,0.0013536415304384753,0.0016873323439387143,7745.792530183756,15012.6783625731,20447.380320213648,7695.481502946987,7395.032989721587,36493.08729956683,4671.559372342192,5339.171929824562,19002.21899119473,5343.326934799271,6984.066608306207,28619.222313489954,0.0,0.0,0.0,0.0,0.0,1.1715086117256113,0.0002866867934920634,0.0008501224378650792,0.0007549927464015872,0.0007619622691694083,0.023107188755652375,0.00032965957642539683,0.0006226535488825396,0.0002783920260047619,0.0016592638518142856,0.0008511396911619047,0.00471881743630873,0.05638565759328094,0.00016158623123700306,0.0004820101730013029,0.0004267642164869616,0.0004336835039506898,0.013101544483569995,0.0001859808346022206,0.0003545594607057105,0.00015672062360212865,0.0009365406840613831,0.00048213206533613903,0.0026701511368200136,0.031942318042505934
2026-08-13 16:32:56.608000040,2594.396296039655,7740.204769205265,6838.429274716879,6953.682897460784,210116.9592232119,2984.9461755206894,5685.834766064972,2507.4861442086203,15037.9487706,7731.924234630944,42882.83504197877,512279.4220210259,0.0014613636958993633,0.0015411836327847506,0.0016636524092983032,0.0005041917221146717,0.0013644716345312252,0.001701767167147548,7806.438525197731,14661.643550310375,20668.895320797805,7753.672296158711,7453.10034990525,36430.31556613558,4708.135534858622,5214.328436161441,19209.6295687741,5383.731480324651,7038.906973704831,28684.266053205603,0.0,0.0,0.0,0.0,0.0,1.1809120706189966,0.000289141853015873,0.0008574025122698413,0.0007614581719968254,0.000769020316788456,0.023305068550295238,0.0003324826359492064,0.0006279856798349206,0.0002807760527904762,0.0016734730571714288,0.0008584284768761906,0.00476353090208254,0.0568685195486381,0.00016315870039538272,0.00048677287770779767,0.00043006121883219485,0.0004373093911069782,0.013214022102259769,0.00018771994837163443,0.0003575758308436416,0.00015769301751356437,0.0009457198893510666,0.00048625212408901256,0.0026968538481955536,0.032216683651544516
2026-08-13 16:33:11.608000040,2616.5239598327585,7805.845519205263,6896.459335061707,7017.226338637255,211883.19814866575,3010.404847934483,5731.511411936411,2528.872549381034,15166.207770599998,7788.174876512332,43215.34581124454,516463.6268151155,0.0014729216604577571,0.0015533795804523424,0.001676669451363889,0.0005079756473464837,0.0013753017386239753,0.001712981185818465,7867.084520211706,14775.206674004066,20890.410321381965,7811.863089370434,7511.167710088912,36058.8533525406,4744.711697375053,5254.716502011179,19417.04014635347,5424.13602585003,7093.747339103454,28320.21170800354,0.0,0.0,0.0,0.0,0.0,1.1903155295123824,0.00029202090988965514,0.0008662672987111112,0.0007658282944505747,0.000777781352431313,0.02350561067627433,0.00033598055142068965,0.0006329787006712644,0.000282238448491954,0.0016926463738666667,0.0008645853515417625,0.004802001281081993,0.057315783657258236,0.0001645502845850379,0.0004909009515411309,0.0004337106648494362,0.0004413055675187429,0.013325098905793866,0.0001893210159923241,0.00036044838435066753,0.000159037984772185,0.0009537859553510664,0.00048978966445622,0.002717765081018267,0.03247982364192837
2026-08-13 16:33:26.608000040,2641.1201041847457,7887.952512569607,6955.197884633548,7070.1475985,213675.22690994144,3032.6303727254235,5779.455886512682,2546.1431127813557,15289.300759576272,7853.61052058013,43649.86508804362,520632.2242968456,0.0014844796250161505,0.0015655755281199343,0.0016871627753961063,0.000511759572578296,0.0013861318427167253,0.0017249032902761732,7927.730515225683,14888.769797697756,23031.633171728135,7870.053882582158,7569.235070272577,36206.15609082108,4781.287859891484,5295.104567860917,21381.736818806257,5464.54057137541,7148.587704502079,28429.77226745688,0.0,0.0,0.0,0.0,0.0,1.199718988405768,0.0002944795392,0.0008735607153777776,0.0007722760789333333,0.0007848883732646464,0.023703512886044442,0.0003388092928,0.0006383079765333332,0.0002846147157333333,0.0017068973738666665,0.0008718646072888889,0.0048466592006222225,0.05779834590151111,0.0001660971087742851,0.0004960645691238219,0.0004374046669669542,0.00044463372675011104,0.013437797603447425,0.00019071875455139883,0.00036346355908513085,0.00016012411131491636,0.0009615271366577965,0.0004939048394053726,0.002745091515536965,0.0327419821057794
2026-08-13 16:33:41.608000040,2663.268468591525,7953.730741383168,7013.2340032776165,7133.411098500001,215454.80816658013,3058.0619320474575,5828.887476290706,2567.4950026118645,15417.516437542374,7913.572780298841,44000.504556497486,524860.5745839104,0.0014581400120772946,0.0015777714757875254,0.0017001185438271888,0.0005065305249810263,0.0013969619468094754,0.001740137602852219,7789.5234782608695,15002.332921391442,23299.75697550812,7643.813444454992,7627.302430456239,36039.54176666762,4697.933913043478,5335.492633710654,21631.812743492934,5255.631913677902,7203.428069900701,28255.04630453943,0.0,0.0,0.0,0.0,0.0,1.145920909481492,0.0002969381685103448,0.0008808541320444445,0.0007787238634160919,0.0007919953940979797,0.023901415095814556,0.00034163803417931027,0.0006436372523954022,0.00028699098297471263,0.0017211483738666666,0.0008791438630360152,0.004891317120162452,0.05828090814576398,0.00016748999480253367,0.0005002012888469859,0.0004410544939839034,0.00044861229797233326,0.013549713491364928,0.0001923181170598734,0.00036657225684228216,0.00016146690794203498,0.0009695904781832203,0.0004976757992943492,0.002767142842108619,0.03300789835716592
2026-08-13 16:33:56.608000040,2690.5013866866666,8034.222962517911,7080.1453771999995,7183.055683166667,217251.51902012405,3074.0229912300006,5876.8443012907055,2586.453502476667,15526.271655178336,7978.963355298841,44441.140713922265,529285.6756484648,0.0015061794047982785,0.0015899674234551174,0.0017130743122582715,0.0005102485142066324,0.0014034672137434344,0.0017423343379324655,7675.297329946403,15115.896045085134,23567.880779288105,7699.919867715646,7279.830267466738,36248.77503326541,4629.043062734022,5375.880699560393,21881.88866817961,5294.208824377486,6875.266081411416,28420.858103533912,0.0,0.0,0.0,0.0,0.0,1.154832844076247,0.0002993967978206896,0.000888147548711111,0.0007851716478988505,0.0007991024149313132,0.02409931730558467,0.00034446677555862067,0.0006489665282574711,0.0002893672502160919,0.0017353993738666665,0.0008864231187831416,0.004935975039702682,0.058763470390016864,0.00016920264276273924,0.0005052633551983485,0.00044526247594391094,0.0004517343907413703,0.013662706640598911,0.00019332189033735334,0.000369588208281171,0.0001626591869335326,0.0009764299729812152,0.0005017881398999048,0.002794853960453333,0.03328618804633678
2026-08-13 16:34:11.608000040,2712.691686686667,8100.12203751791,7138.2544772,7245.978235798246,219032.6372271446,3099.37644123,5923.915022936065,2607.7856524766667,15654.326830178336,8040.703197954099,44799.42025335023,533386.0905081199,0.0015177264797144184,0.0016090467920723361,0.001726030080689354,0.0005139665034322385,0.001414263937924068,0.0017680802626086666,7733.12151765358,14676.19545950813,23836.00458306809,7756.026290976301,7334.821935042458,36108.98394672912,4663.9173670713635,5219.841712845717,22131.964592866287,5332.785735077069,6927.201680587847,28406.547375218273,0.0,0.0,0.0,0.0,0.0,1.163744778671002,0.00030270988149925924,0.0008989649163896297,0.0007926976550577779,0.0008031849844103254,0.02429842252284889,0.0003458601210933333,0.0006542049820340741,0.0002910033933125926,0.0017468698868251854,0.0008920281929229628,0.00497519238547852,0.05920526559536296,0.00017059816607385036,0.0005094076748039041,0.0004489168926772444,0.00045569152016242294,0.013774719185618204,0.00019491634063735334,0.00037254843366464586,0.0001640007421446437,0.0009844832206534373,0.0005056708900046689,0.0028173857625995806,0.033544058580843986
2026-08-13 16:34:26.608000040,2747.690959068853,8174.06303087213,7203.502387524591,7301.893877166667,220836.7736362754,3115.5945806983605,5971.864785231148,2636.244595342623,15790.315912614755,8106.064247134427,45255.21118743162,537579.3017742607,0.0015292735546305588,0.001621295298579242,0.0017389858491204367,0.0005176844926578447,0.0014250606621047015,0.0017815544387837306,7790.945705360753,14785.663327449747,24104.12838684808,7812.1327142369555,7389.813602618179,36406.494880917024,4698.791671408703,5258.775845664706,22382.040517552963,5371.362645776653,6979.137279764278,28656.293029609507,0.0,0.0,0.0,0.0,0.0,1.1726567132657568,0.00030517547038814806,0.0009062870358340742,0.0007991542217244444,0.0008102140029288439,0.02449633453118222,0.00034867717109333333,0.0006595335181451851,0.00029337363220148147,0.0017610982396029631,0.0008992938123674074,0.005019766963256296,0.0596874957898074,0.00017279923142588563,0.0005140577417192917,0.0004530202612598798,0.00045920799271959256,0.01388817931979243,0.00019593628140836356,0.0003755639409378699,0.00016579049344043605,0.0009930354229488833,0.0005097813737642318,0.0028460499480095877,0.033807764978247945
2026-08-13 16:34:41.608000040,2769.985188577049,8240.02715382295,7261.66926457377,7364.649377166667,222634.79260082732,3140.8739085672128,6024.963403139583,2657.6345707524592,15918.435461795083,8178.255182692174,45625.36790303648,541846.8568350055,0.0015408206295466989,0.0016335438050861476,0.0017519416175515194,0.0005214024818834508,0.001435857386285335,0.0017937615565501732,7848.769893067929,14895.131195391361,24372.252190628067,7868.23913749761,7444.8052701939,36023.16272010024,4733.665975746044,5297.709978483695,22632.11644223964,5409.939556476236,7031.072878940709,28282.482041930416,0.0,0.0,0.0,0.0,0.0,1.181568647860512,0.000307641059277037,0.0009136091552785185,0.0008056107883911111,0.0008172430214473625,0.024694246539515557,0.0003514942210933333,0.0006648620542562963,0.00029574387109037036,0.0017753265923807406,0.0009065594318118518,0.005064341541034074,0.06016972598425185,0.00017420129074828994,0.0005182061521181988,0.00045667831152763926,0.0004631546163862592,0.014001254734674248,0.00019752607024989358,0.00037890325401966705,0.0001671356852273213,0.0010010927190417795,0.0005143213814893078,0.0028693286925687385,0.03407614677429034
2026-08-13 16:34:56.608000040,2801.7643743951608,8318.60019771983,7332.455413896881,7427.323266261905,224453.55615606334,3158.290311425806,6072.9542821718405,2680.869965045161,16042.58539822258,8243.671005272818,46093.75576906943,546304.910430431,0.0015523677044628386,0.0016457923115930535,0.0017634479936330417,0.0005251204711090568,0.0014466541104659685,0.0018060428703507785,7906.594080775104,15004.599063332977,22987.4417523541,7924.345560758263,7499.796937769621,36101.14698158436,4768.5402800833845,5336.644111302683,21340.597861145077,5448.516467175818,7083.008478117141,28329.10275334167,0.0,0.0,0.0,0.0,0.0,1.190480582455267,0.0003101066481659259,0.000920931274722963,0.0008120673550577776,0.000824272039965881,0.02489215854784889,0.0003543112710933333,0.0006701905903674073,0.0002981141099792592,0.0017895549451585183,0.0009138250512562961,0.005108916118811852,0.06065195617869629,0.00017619984843418452,0.0005231475235454915,0.0004611299738072926,0.0004670961076338042,0.014115634753814648,0.00019862136847411175,0.0003819213470788068,0.00016859693335728455,0.001008900370599331,0.0005184353098871572,0.0028987850850325887,0.03435650881151377
2026-08-13 16:35:11.608000040,2824.1343340725807,8384.664600945636,7390.722696154945,7490.076909119048,226235.3801678378,3183.5068598129033,6126.839203086841,2702.274674722581,16170.673253061292,8305.741177795597,46450.913954087504,550690.2040767755,0.0015615799311944193,0.0016580408180999597,0.0017763730465731506,0.0005288384603346631,0.0014569864575709115,0.0018223034685528215,7624.104165697238,15114.06693127459,23220.536609826355,7980.451984018919,7320.261631023773,35967.04705028332,4598.167990194173,5375.578244121672,21558.004348780094,5487.093377875403,6913.450540701787,28184.971366704143,0.0,0.0,0.0,0.0,0.0,1.1437260294769698,0.0003151029206093189,0.0009305822051068098,0.0008207520746681002,0.0008302972192024241,0.025098781113587095,0.00035519992700215044,0.0006759988110724013,0.00030150642340931894,0.001804243625660215,0.00092144630774767,0.005158937062770544,0.061096310522137626,0.00017760667034278673,0.00052730224045947,0.0004647943384470776,0.0004710426145068201,0.014227691686110688,0.00020020720918378923,0.00038531010988301684,0.00016994305176588675,0.001016955673470299,0.0005223388340702563,0.002921246366445947,0.03463229505638388
2026-08-13 16:35:26.608000040,2854.283594136508,8446.036697723503,7444.683193265745,7542.155505462121,228010.5828639321,3199.6645549285713,6174.876393563031,2729.3636582126983,16299.882384222221,8371.130796843214,46869.36448362544,554782.6057141991,0.0015731097167702387,0.0016702893246068656,0.00178929809951326,0.0005248662085155208,0.0014677797307776916,0.0018357615466711732,7679.45442261575,15223.534799216204,23453.631467298605,9544.374518743767,7373.558393050122,36245.677358365036,4631.550243909544,5414.51237694066,21775.410836415118,5256.812410604687,6963.785425822169,28417.420314809304,0.0,0.0,0.0,0.0,0.0,1.1522243412674147,0.00031758847168458776,0.0009379226943541215,0.0008272262171412184,0.000837302769202424,0.02529676183132903,0.00035800176571182786,0.0006813311309648746,0.00030388472448458775,0.0018184756095311824,0.0009287147324788529,0.005203531749231932,0.06157824194955698,0.00017950272380902926,0.0005311618634346113,0.00046818785415426794,0.00047431777956572895,0.014339332211220619,0.00020122334867661904,0.0003883311154174084,0.00017164664783870967,0.0010250814921633085,0.0005264511145570287,0.002947562255303555,0.03488966164824852
2026-08-13 16:35:41.608000040,2876.7146893746026,8512.064554866362,7502.916907551459,7604.676800916667,229809.17381210125,3224.8099120714287,6234.742989229985,2750.813039165079,16427.979050888887,8437.743227100369,47244.810958488626,559133.4127468938,0.0015846395023460583,0.0016838928218284458,0.0018022231524533689,0.0005285302304620623,0.0014785730039844716,0.001837532646573778,7734.804679534259,17729.79830593572,23686.726324770858,9611.002541533797,7426.8551550764705,36099.61371012337,4664.9324976249145,5224.502421766282,21992.817324050135,5293.509526419751,7014.12031094255,28390.40634541962,0.0,0.0,0.0,0.0,0.0,1.1607226530578598,0.00032007402275985655,0.0009452631836014334,0.0008337003596143367,0.0008443083192024241,0.02549474254907096,0.0003608036044215053,0.0006866634508573477,0.00030626302555985656,0.0018327075934021506,0.0009359831572100358,0.00524812643569332,0.062060173376976335,0.00018091339046511388,0.0005353142820060399,0.0004718501077415695,0.0004782496743687593,0.014452443597516589,0.00020280471224804757,0.0003920960591004635,0.00017299557557415939,0.0010331373492003455,0.0005306402962820898,0.0029711736669449512,0.03516327906830465
2026-08-13 16:35:56.608000040,2906.5762697078126,8584.20011952381,7562.418474613096,7665.4944143840585,231606.17126383408,3239.6753937109374,6282.871590792484,2775.268656821875,16550.39963185,8503.142453662871,47683.93432148043,563289.5662754384,0.0015961692879218781,0.0016961512212336969,0.0018151482053934782,0.0005321942524086036,0.0014893662771912513,0.001848295403230991,7790.154936452771,17856.388161700826,23919.821182243108,9677.630564323823,7480.151917102821,36354.997548745516,4698.3147513402855,5261.8051026317735,22210.223811685155,5330.206642234812,7064.455196062932,28602.036768730155,0.0,0.0,0.0,0.0,0.0,1.1692209648483047,0.0003225595738351255,0.0009526036728487457,0.0008401745020874553,0.000851313869202424,0.025692723266812906,0.00036360544313118276,0.0006919957707498209,0.00030864132663512554,0.0018469395772731185,0.0009432515819412187,0.005292721122154709,0.0625421048043957,0.00018279135207273573,0.0005398508075167195,0.0004755920951812235,0.00048207442650459735,0.014565454770592231,0.0002037395858711545,0.00039512281337650507,0.0001745335621956868,0.0010408362435141221,0.0005347531809747982,0.0029987896473286577,0.03542465494576645
2026-08-13 16:36:11.608000040,2929.0648556453125,8650.27511952381,7620.662068363095,7727.980175253623,233385.9077631449,3264.7412140234374,6334.971784118268,2796.7412974468753,16678.45238185,8566.380327212884,48052.57124166889,567593.7366199167,0.0016076990734976975,0.001708409620638947,0.0018299084757169939,0.000535858274355145,0.0015001595503980317,0.0018654957786372762,7845.50519337128,17982.97801746593,22965.277748485994,9744.25858711385,7533.448679129169,36149.12551695085,4731.697005055656,5299.107783497264,21320.003285251943,5366.903758049874,7114.790081183312,28390.070603841737,0.0,0.0,0.0,0.0,0.0,1.1777192766387494,0.0003267688154347222,0.0009600981377777776,0.0008463044403611112,0.0008567239342626262,0.02589359476372778,0.0003642171381597222,0.000699329258176389,0.00031200669356388886,0.0018606614727555558,0.000950278859398611,0.005335677944657871,0.06298330046896249,0.0001842056342550274,0.000544006190850053,0.00047925497007705685,0.0004860040865770612,0.014677380421548888,0.00020531594745969617,0.00039839933664565993,0.00017588395270610346,0.0010488893386807886,0.0005387301405780547,0.0030219728136427326,0.03569533943631921
2026-08-13 16:36:26.608000040,2957.9581086461535,8713.569589369614,7671.373049513462,7786.685231520833,235160.97465462846,3281.2884745738456,6383.130668733655,2823.7563046323075,16806.427898195383,8631.76318105904,48472.41544595892,571738.8724766481,0.001619228859073517,0.0017206680200441975,0.0018428686943868745,0.0005395222963016863,0.0015109528236048114,0.0018850508626977358,7900.8554502897905,18109.56787323104,23175.615537725724,9810.886609903877,7586.745441155519,35889.42544781386,4765.079258771026,5336.410464362755,21516.18584997922,5403.600873864936,7165.124966303696,28128.511540147018,0.0,0.0,0.0,0.0,0.0,1.1862175884291943,0.0003292675472055555,0.0009674398044444444,0.0008527759507777777,0.0008636953736565656,0.026091597586644446,0.0003670022293055555,0.0007046768805722222,0.0003143925425222223,0.001874889556088889,0.0009575454401277776,0.005380246747609259,0.06346492039865,0.00018602269883263587,0.0005479867097314668,0.00048244412733606883,0.0004896959823378657,0.014789012406057745,0.00020635658628986628,0.00040142799538924975,0.00017758289649132065,0.0010569375767087317,0.000542841995608824,0.0030483763491569718,0.035956022424642534
2026-08-13 16:36:41.608000040,2980.495493261538,8779.62363552346,7729.5596187442325,7849.0952940208335,236941.41321018484,3306.289389958461,6430.783494351049,2845.271173863077,16934.480059733847,8698.43157385035,48844.873188697886,576173.5545360977,0.0015906290722222224,0.0017329264194494488,0.001855828913056755,0.0005431863182482278,0.0015208118908942607,0.0018886622749200491,7763.5584,18236.157728996146,23385.953326965457,9877.514632693905,7292.669858562381,35638.381505574696,4682.274133333333,5373.7131452282465,21712.368414706503,5440.297989679999,6887.392134068656,27985.0177264361,0.0,0.0,0.0,0.0,0.0,1.1636363636363636,0.00033176627897638886,0.000974781471111111,0.0008592474611944444,0.0008706668130505049,0.02628960040956111,0.00036978732045138884,0.0007100245029680555,0.0003167783914805556,0.001889117639422222,0.0009648120208569444,0.005424815550560649,0.0639465403283375,0.00018744004990955892,0.0005521407753006976,0.00048610341602324834,0.0004936208818239767,0.014900982208551622,0.00020792886607960988,0.0004044248286447437,0.00017893594271183348,0.0010649906348677062,0.0005470346967554775,0.003071799802755889,0.0362349146519368
2026-08-13 16:36:56.608000040,3003.3298876409094,8847.040430781584,7783.841554102565,7910.988899986667,238727.49373173196,3323.6398928999997,6478.938676169231,2868.959642078788,17064.364037727275,8763.824210213987,49261.043247236834,580493.0720960387,0.0016404582136427125,0.0017410337736449475,0.0018687891317266357,0.000546850340194769,0.0015315985179791727,0.0019172341353175162,7638.879077142892,17614.724626480463,23596.29111620519,9944.14265548393,7343.53758556568,35681.40009275541,4607.078876429572,5190.593253335737,21908.55097943378,5476.995105495061,6935.432973656249,28004.059825246364,0.0,0.0,0.0,0.0,0.0,1.1439084528508436,0.0003342650107472222,0.0009821231377777776,0.0008657189716111111,0.0008776382524444444,0.026487603232477775,0.00037257241159722223,0.0007153721253638888,0.0003191642404388889,0.0019033457227555558,0.000972078601586111,0.005469384353512037,0.06442816025802499,0.00018887607960052828,0.0005563805426469307,0.0004895171466246724,0.0004975133019324947,0.01501330682801781,0.00020902001993126663,0.00040745325452353165,0.0001804256841573993,0.0010731588939281817,0.0005511471669979018,0.003097972275326227,0.03650656431181754
2026-08-13 16:37:11.608000040,3025.869501277273,8913.104771690676,7841.999054102565,7973.389019986666,240512.42144761694,3348.5833929,6523.257736140163,2890.4908238969697,17192.42994681818,8829.334331825643,49639.83067248456,584812.8623372689,0.001651975114500938,0.0017532629333363954,0.0018817493503965163,0.0005568050274960537,0.0015423851450640847,0.0019306646588340807,7691.6461158393995,17736.16528978147,23806.628905444923,9515.522815159264,7394.405312568978,35935.8221139161,4638.9031672575065,5226.378603432168,22104.73354416106,5240.28119842654,6983.4738132438415,28215.98911364805,0.0,0.0,0.0,0.0,0.0,1.1519878875807674,0.00033752787588282824,0.0009893051859003366,0.000870901238962963,0.000883985500231313,0.02668490942595421,0.0003735257714666666,0.0007211177837414141,0.000322426736393266,0.0019177708618181813,0.0009792464949171717,0.0055109343020403,0.06489476952496565,0.00019029357085810402,0.0005605352556418802,0.000493174607180228,0.0005014375761458281,0.015125558948816798,0.00021058868893126663,0.00041024043096170353,0.0001817797562584094,0.0010812128166554544,0.0005552670257570349,0.00312179379562514,0.036778231120321574
2026-08-13 16:37:26.608000040,3050.9270989567162,8974.562330533243,7888.791193476255,8037.164471512821,242290.9632695026,3368.2341028283577,6571.38469882673,2918.2894164119402,17336.079692871645,8894.72795122863,50054.79373051586,588707.2082192264,0.001663492015359164,0.0017654920930278428,0.001894709569066397,0.0005605104034009124,0.0015531717721489968,0.0019443011442177491,7744.413154535906,17857.60595308248,24016.96669468465,9578.845858631019,7445.2730395722765,36073.89149716657,4670.727458085441,5262.163953528599,22300.916108888337,5275.153749370723,7031.514652831434,28318.742563943022,0.0,0.0,0.0,0.0,0.0,1.1600673223106912,0.0003400322773979798,0.000996645668223569,0.0008773631834074075,0.0008909446460646464,0.026882907079994613,0.0003762972714666666,0.0007264683594989898,0.0003248190899286195,0.0019320004072727272,0.00098651234340202,0.005555477647805646,0.06537627807799595,0.00019186941533438904,0.0005644002532313127,0.0004961173128341734,0.0005054483434306952,0.015237409467837606,0.0002118245002445389,0.00041326708217065877,0.00018352797885435088,0.0010902467895739277,0.0005593795578217115,0.003147890361274664,0.03702314220578691
2026-08-13 16:37:41.608000040,3073.4853303,9040.592890234737,7946.8651263120755,8099.590086897436,244084.27899479918,3393.1384684999994,6617.918103841396,2939.8669388,17464.2608272,8962.332077761259,50438.19443283826,592990.9984984614,0.00167500891621739,0.0017777212527192907,0.0019124918144764547,0.0005642157793057712,0.0015659917874035608,0.0019577331027839746,7797.180193232413,17979.046616383483,22906.288896315415,9642.168902102776,7276.457359535729,36327.5213674203,4702.551748913376,5297.94930362503,21264.984240167505,5310.026300314909,6872.1451830838,28529.928562456935,0.0,0.0,0.0,0.0,0.0,1.1681467570406145,0.00034253667891313134,0.0010039861505468015,0.0008838251278518519,0.0008979037918979797,0.027080904734035023,0.0003790687714666667,0.0007318189352565657,0.00032721144346397317,0.0019462299527272728,0.0009937781918868689,0.005600020993570993,0.06585778663102627,0.00019328807743886666,0.0005685528417636511,0.000499769517943626,0.0005093742210204388,0.01535018910122848,0.00021339070813011104,0.00041619351630824776,0.00018488496526231107,0.0010983079586883555,0.0005636311062236525,0.003172002005442939,0.037292545016681014
2026-08-13 16:37:56.608000040,3093.7371477617653,9113.382459745568,7997.759382416156,8164.679035074074,245874.67749563095,3412.9175453014705,6666.03355972375,2963.2276143676468,17599.883289023528,9027.741938055378,50859.55150473111,597337.8428086987,0.0016865258170756159,0.0017899504124107382,0.001925534903400745,0.0005679211552106299,0.0015767924801426605,0.0019602692721256312,7849.947231928919,18100.487279684487,23093.92401223476,9705.491945574531,7325.843219680359,35876.44439111182,4734.37603974131,5333.73465372146,21439.991966582285,5344.898851259092,6918.786946257276,28093.354275698464,0.0,0.0,0.0,0.0,0.0,1.176226191770538,0.0003450410804282829,0.0010113266328700338,0.0008902870722962965,0.0009048629377313132,0.027278902388075423,0.0003818402714666667,0.0007371695110141415,0.0003296037969993267,0.0019604594981818186,0.0010010440403717172,0.005644564339336338,0.06633929518405658,0.00019456169173701765,0.0005731304969128877,0.0005029702011608381,0.0005134675926502139,0.01546278527361412,0.00021463459229340354,0.0004192194438670713,0.0001863540921924542,0.001106837104620813,0.0005677446596599271,0.003198500683519756,0.03756591322552482
2026-08-13 16:38:11.608000040,3116.278574232353,9179.462136216156,8055.781323592627,8227.152257296297,247653.36194838822,3437.7845673602937,6709.524549453537,2984.8181290735297,17728.118641964702,9088.548119515344,51233.21403122917,601722.015529873,0.0016982274546159474,0.0018021795721021856,0.0019385779923250354,0.0005716265311154886,0.0015875931728817595,0.001983811405560633,7621.415295744154,18221.927942985494,23281.5591281541,9768.814989046286,7375.229079824991,36000.63436246186,4596.54630776705,5369.52000381789,21614.999692997066,5379.771402203276,6965.428709430755,28184.76510742401,0.0,0.0,0.0,0.0,0.0,1.184305626500462,0.00034757343461176466,0.0010189035791006535,0.0008946587920627453,0.0009121753925603728,0.027479111632084965,0.0003834325337320261,0.0007419075399137255,0.0003329110232287582,0.0019773017523346402,0.0010085754701267976,0.005688554690684407,0.06676611743360784,0.00019597929700172352,0.0005772861743442604,0.000506619136572603,0.0005173964641810782,0.01557464476253197,0.00021619845168065844,0.0004219545438878557,0.0001877118956728464,0.001114901683483558,0.0005715686928495204,0.003221999904630634,0.03784162897665645
2026-08-13 16:38:26.608000040,3137.873674917391,9247.266761577834,8105.3870730136405,8291.876570880953,249443.43364038304,3458.07456532029,6757.606940757885,3012.149010231884,17871.758209297102,9153.92496734143,51655.07710589347,605738.245497483,0.0017097456117971498,0.0018144087317936335,0.001951621081249326,0.0005753319070203474,0.0015983938656208589,0.001973764099578571,7672.30548687142,18343.368606286498,23469.19424407345,9832.138032518043,7424.614939969622,35783.85494255751,4627.238654404848,5405.30535391432,21790.00741941185,5414.643953147461,7012.070472604234,28057.187538480033,0.0,0.0,0.0,0.0,0.0,1.1625120772946862,0.0003500780375529412,0.0010262457653751635,0.0009011056744156863,0.0009191409887142192,0.02767712522277124,0.00038619553618300645,0.0007472537016784313,0.0003353099693071896,0.00199155012488366,0.0010158432323816992,0.005733111978849674,0.06724723191890196,0.0001973373888892492,0.0005815503318947838,0.000509738787036191,0.0005214669043465132,0.015687220382272975,0.0002174744671079204,0.00042497839205210693,0.00018943070442124956,0.0011239350162735732,0.0005756801701683611,0.0032485304046595224,0.0380942052168417
2026-08-13 16:38:41.608000040,3160.408305352174,9313.358870273485,8163.348920839728,8354.388642309525,251240.13217065658,3482.908717494203,6806.1069632306835,3033.7807493623186,18000.104187557972,9230.811342631865,52042.15265539887,610072.6846954096,0.0017212637689783517,0.0018272564013381456,0.001964664170173616,0.0005790372829252062,0.001609194558359958,0.001995541483604701,7723.195677998686,17629.101941714936,23656.82935999279,9895.461075989799,7474.000800114252,35694.29176073083,4657.931001042646,5195.651533737435,21965.01514582663,5449.5165040916445,7058.712235777711,28023.02683060608,0.0,0.0,0.0,0.0,0.0,1.1625120772946862,0.00035258264049411764,0.0010335879516496732,0.0009075525567686275,0.0009261065848680651,0.027875138813457517,0.00038895853863398687,0.0007525998634431373,0.0003377089153856209,0.0020057984974326793,0.0010231109946366012,0.005777669267014939,0.06772834640419609,0.00019875456675881446,0.000585706791174977,0.0005133839432439206,0.0005253982190607989,0.01580021275651018,0.0002190362593446354,0.00042802850457650737,0.0001907911004598969,0.0011320065522397566,0.0005805154688810706,0.0032728731558839728,0.038366793281955754
2026-08-13 16:38:56.608000040,3179.2954801585715,9382.032696459131,8217.498429480747,8418.74333758046,253027.6005122922,3498.9469267442855,6854.192377516399,3056.4622763257144,18124.264261851426,9296.26990691758,52453.87535755429,614258.488072268,0.001732781926159554,0.0018394897130498734,0.0019754950149570892,0.0005763512750717277,0.0016199952510990577,0.0020243941897597167,7774.085869125953,17745.037079891208,22788.383445672207,9553.396350435927,7523.386660258884,37156.45716905553,4688.623347680445,5229.819954821568,21186.319179706617,5261.138483799453,7105.353998951189,27733.385028944023,0.0,0.0,0.0,0.0,0.0,1.144634645065188,0.00035508724343529414,0.0010409301379241832,0.0009139994391215687,0.0009330721810219115,0.028073152404143792,0.0003917215410849674,0.0007579460252078433,0.0003401078614640523,0.0020200468699816993,0.0010303787568915034,0.005822226555180206,0.06820946088949022,0.00019994236019663903,0.0005900256117995409,0.0005167893456762335,0.0005294454143411711,0.015912624654439704,0.00022004488450414058,0.00043105254285269787,0.00019221751648892827,0.0011398148413564342,0.000584632085257261,0.0032987659391528583,0.03863003380543374
2026-08-13 16:39:11.608000040,3201.8042873014283,9448.143096459133,8275.433486623604,8481.286147925288,254794.31682080726,3523.7188053157142,6896.730530049698,3078.101447754286,18252.580604708568,9358.173597344065,52819.25666223617,618582.0021017372,0.0017443000833407569,0.0018517230247616014,0.001988503093186136,0.0005800160873905932,0.0015930051923076923,0.002037802788871483,7824.976060253218,17860.972218067483,22959.836343767467,9614.142992538393,7399.975384615385,37414.43296956354,4719.315694318241,5263.988375905701,21346.23371242007,5294.592188095129,6988.800000000001,27924.604036230954,0.0,0.0,0.0,0.0,0.0,1.152286829375221,0.00035707438109333335,0.001048759714986667,0.0009190680137600001,0.0009404071590868686,0.028273947335733338,0.0003929752098044445,0.0007628156142044445,0.00034327868625777785,0.0020355800473600004,0.0010384191477244445,0.005865709085425186,0.06864594704355557,0.00020135791406806756,0.0005941832213995408,0.0005204328170476622,0.0005333786621917458,0.0160237314800641,0.0002216027604231882,0.0004337277200009032,0.00019357837993654728,0.0011478845135850053,0.0005885251395663045,0.003321744363425074,0.03890193479884258
2026-08-13 16:39:26.608000040,3221.74412136338,9516.837565617707,8321.029782993965,8542.52438925,256569.38422650384,3542.3242578845066,6944.777368077866,3104.8668923211267,18391.110151429577,9423.607400160967,53225.03783634678,622653.0778448366,0.0017525311105469237,0.0018639563364733294,0.002001511171415183,0.0005836808997094587,0.0015930051923076923,0.002051211387983249,7646.8474008444055,17976.90735624376,23131.28924186273,9674.88963464086,7399.975384615385,37672.408770071546,4612.347152170399,5298.156796989834,21506.14824513353,5328.045892390805,6988.800000000001,28115.823043517885,0.0,0.0,0.0,0.0,0.0,1.159939013685254,0.0003595753596647619,0.0010561053149866668,0.0009255052423314287,0.0009473790400392495,0.02847198040716191,0.00039572764075682543,0.0007681584380139683,0.0003456830386387302,0.0020498374187885716,0.0010456923215339685,0.005910266360822012,0.06912674894831748,0.00020261190807685257,0.0005985033402377357,0.0005233003174638426,0.0005372298671461667,0.016135363496911238,0.0002227728366625145,0.0004367493322591191,0.00019526162900597305,0.001156596482856571,0.000592640198721234,0.0033472634905969195,0.039157960228908606
2026-08-13 16:39:41.608000040,3244.2349946028166,9582.966016321932,8378.879142148895,8605.04613925,258368.0214831525,3567.053088870422,6994.157083288205,3126.5418500676055,18519.497792274648,9501.49185859695,53612.29482592925,627031.2796105273,0.0017640276483493586,0.0018761896481850574,0.0020145192496442295,0.0005873457120283241,0.0016508753780036026,0.0020641481647975545,7696.263678070841,18092.84249442003,23302.74213995799,9735.636276743324,7303.219970088142,37751.66870800824,4642.153556507831,5332.325218073966,21666.062777846986,5361.499596686481,6897.420744542768,28141.56087384747,0.0,0.0,0.0,0.0,0.0,1.167591197995287,0.0003620763382361905,0.0010634509149866668,0.0009319424709028572,0.0009543509209916306,0.02867001347859048,0.0003984800717092064,0.0007735012618234921,0.0003480873910196825,0.002064094790217143,0.0010529654953434922,0.005954823636218836,0.06960755085307936,0.00020402633410502154,0.0006026620850264681,0.0005269383993840304,0.0005411617905350556,0.016248477795496034,0.00022432800536673986,0.00043985476768234705,0.0001966247430153627,0.0011646706389363832,0.0005975382657739858,0.003371617652386217,0.03943330047328426
2026-08-13 16:39:56.608000040,3267.597603958333,9658.770370786893,8443.227256450708,8672.174459650538,260170.09099397768,3581.766288158333,7042.213145788204,3149.6754123333335,18641.673833824996,9567.011608596951,54043.08262165754,631424.7157482924,0.0017755241861517935,0.001888422959896785,0.0020275273278732766,0.0005860783863058291,0.0016616660949250273,0.002077553680302311,7745.679955297276,18208.777632596306,23474.19503805325,11416.22717132277,7350.224870878398,38008.497979117485,4671.959960845264,5366.4936391580995,21825.97731056044,5243.878501951867,6941.813845001712,28331.718257215885,0.0,0.0,0.0,0.0,0.0,1.17524338230532,0.00036457731680761903,0.001070796514986667,0.0009383796994742859,0.0009613228019440114,0.028868046550019053,0.0004012325026615873,0.0007788440856330159,0.00035049174340063497,0.002078352161645714,0.0010602386691530158,0.005999380911615662,0.07008835275784127,0.00020549558264893513,0.000607429336651709,0.0005309851807945666,0.0005453834160180226,0.01636180794473237,0.00022525330212195733,0.000442876960057347,0.00019807958704229627,0.0011723541544383276,0.0006016587300517638,0.0033987094182064623,0.039709598790392604
2026-08-13 16:40:11.608000040,3290.0944789583327,9724.96522495356,8501.121256450706,8734.768249973118,261955.76337548,3606.4261631583327,7086.845006907763,3171.360412333333,18770.018708825,9640.2797314621,54425.14337464866,635813.199288055,0.0017870207239542282,0.001900656271608513,0.0020425238432208925,0.0005897135210009768,0.0016724568118464522,0.002088932529844694,7795.0962325237115,18324.71277077258,22876.76686230169,11487.03599902881,7397.229771668655,37603.414254795745,4701.766365182696,5400.662060242233,21314.627737465966,5276.4035107646605,6986.206945460657,28052.9484270706,0.0,0.0,0.0,0.0,0.0,1.142419900508428,0.00036688370351851854,0.0010795194110530865,0.0009441473596444445,0.0009685672011905723,0.029067617398040743,0.0004021583561407407,0.0007837082344333334,0.00035364347762962964,0.002093074841177778,0.0010685096722814816,0.006042304520648148,0.07055325726670618,0.00020691038612115738,0.0006115922574804127,0.0005346260701278999,0.0005493198699427539,0.016474106896724627,0.00022680413426084622,0.00044568380821219926,0.00019944333259785182,0.001180425621021661,0.0006062664808897276,0.0034227367944501264,0.03998558564411545
2026-08-13 16:40:26.608000040,3312.930475287671,9809.675176643379,8553.83057115297,8793.562430182292,263747.099279837,3622.977634567123,7134.877924715983,3196.7225465095885,18900.30829967123,9705.852272557991,54848.5585595824,640304.551871984,0.001798517261756663,0.0019062625638015499,0.0020555610826929584,0.0005933486556961246,0.0016832475287678768,0.002093890252912817,7844.512509750146,17574.635704874254,23037.66509444743,11557.844826734852,7444.2346724589115,37357.741428821326,4731.572769520128,5179.59923635361,21464.697907721777,5308.928519577454,7030.600045919601,27870.0223056597,0.0,0.0,0.0,0.0,0.0,1.1498102466090172,0.00036938335629629627,0.0010868743948493828,0.0009505800263111113,0.0009755434234127946,0.029265660946651853,0.00040489834225185186,0.0007890477969333334,0.00035605292207407404,0.002107335382844444,0.0010757896445037038,0.00608684627412037,0.07103395085929877,0.00020834651655698017,0.0006169195722200169,0.0005379409003636199,0.0005530173706092419,0.016586762021376416,0.00022784503790722124,0.0004487045450432495,0.00020103832903604744,0.0011886193886237683,0.0006103902651408692,0.0034493649049692925,0.040268041817726995
2026-08-13 16:40:41.608000040,3335.4296533698625,9875.995293081736,8611.689578002284,8856.098602057293,265540.93062358914,3647.582442786301,7183.07161944317,3218.4325191123285,19028.666381863015,9789.517800231139,55230.72569592746,644918.8087296591,0.0018096920365268472,0.0019184533853582521,0.0020685983221650243,0.0005969837903912723,0.0016909525720342562,0.002114224043783614,7617.292324202453,17685.11026909115,23198.56332659318,11628.653654440892,7253.463021351346,37245.24380244973,4594.520423528392,5212.158316272155,21614.76807797758,5341.453528390247,6850.428512101741,27813.722393773856,0.0,0.0,0.0,0.0,0.0,1.1572005927096065,0.0003718830090740741,0.001094229378645679,0.000957012692977778,0.0009825196456350169,0.029463704495262963,0.0004076383283629629,0.0007943873594333334,0.00035846236651851854,0.002121595924511111,0.001083069616725926,0.006131388027592593,0.07151464445189136,0.00020976146486748244,0.0006210903706538068,0.000541579589016588,0.0005569502009738252,0.016699574081439048,0.00022939240695744957,0.0004517353929560926,0.00020240364509084197,0.0011966916857927183,0.000615651897214536,0.003473398971543882,0.040558227304554106
2026-08-13 16:40:56.608000040,3359.077067079729,9959.400835943614,8681.083267668644,8918.363672181818,267350.6347139536,3662.7205544702692,7231.105673497224,3241.5271129499997,19151.996296851346,9855.211840771679,55669.603270750384,649340.7465371415,0.0018211865254774272,0.0019306442069149546,0.00208163556163709,0.0006006189250864203,0.0017017235802592942,0.0021275946278599407,7664.976370615624,17795.58483330804,23359.46155873892,11699.462482146937,7298.979306914847,37486.79328595314,4623.281998612715,5244.717396190699,21764.83824823339,5373.978537203042,6893.415711384531,27993.280772421465,0.0,0.0,0.0,0.0,0.0,1.1645909388101958,0.00037438266185185184,0.0011015843624419752,0.0009634453596444444,0.000989495867857239,0.029661748043874073,0.00041037831447407404,0.0007997269219333332,0.00036087181096296293,0.0021358564661777776,0.001090349588948148,0.0061759297810648145,0.07199533804448395,0.00021124862444079183,0.0006263356525715649,0.0005459436810556058,0.0005608659820505454,0.016813384360899745,0.00023034442598113023,0.0004547562012443809,0.0002038560384366333,0.0012044477671130957,0.0006197833224307521,0.0035009994945827457,0.04083631806000245
2026-08-13 16:41:11.608000040,3381.583938701351,10025.835004862534,8739.019328479455,8980.895853999999,269114.1720898671,3687.261932848648,7270.424188152432,3263.24636295,19280.320688743242,9921.48562387827,56036.443829996504,653686.95595428,0.0018326810144280073,0.0019428350284716575,0.002094672801109156,0.0006121241358629044,0.0017124945884843322,0.0021409652119362675,7712.660417028793,17906.059397524936,23520.359790884664,11443.98112627538,7344.495592478349,37728.342769456554,4652.043573697038,5277.276476109246,21914.908418489198,5256.091199034254,6936.4029106673215,28172.83915106907,0.0,0.0,0.0,0.0,0.0,1.1719812849107851,0.00037704978455135136,0.001112948502965766,0.0009705826564312313,0.0009959115837507575,0.029865536761626434,0.00041113316793753757,0.0008046977846006007,0.00036385503373333335,0.002149773861465465,0.0011005493899171172,0.0062230772427961855,0.07254440449165167,0.00021266405658944049,0.0006305136236391326,0.0005495872155465968,0.0005647985614848889,0.016924291266984973,0.0002318878059991483,0.00045722889894380845,0.00020522193793663331,0.0012125179455365193,0.0006239512070127889,0.003524069689753113,0.04110964634112472
2026-08-13 16:41:26.608000040,3410.8951555906665,10105.383898167422,8805.96680552937,9041.375618475491,270912.69112408964,3701.3282077413332,7318.400788152431,3290.02481618,19403.579541393334,9987.18358387827,56481.80286491429,658052.6254907286,0.0018441755033785875,0.0019550258500283598,0.002108155814077161,0.0006158073955628751,0.0017232655967093704,0.0021442594285438067,7760.344463441962,18016.53396174183,22826.999523405982,11512.841594308084,7390.011878041849,37854.01525167495,4680.80514878136,5309.835556027791,21297.998711024382,5287.71803378646,6979.39010995011,28245.101723518834,0.0,0.0,0.0,0.0,0.0,1.179371631011374,0.00037955054806486485,0.00112033007729009,0.0009770199965213214,0.0010028794118757576,0.030063618414779582,0.0004138599877573573,0.0008100349017177177,0.0003662682837333333,0.002164032127231231,0.0011078487277549549,0.006267625013463911,0.07302555156372373,0.0002145074064515908,0.0006355163651514178,0.0005537974679921802,0.0005686020666730141,0.017037398130692747,0.0002327724183979549,0.00046024609401047506,0.00020690600510643107,0.001220269557825403,0.0006280828787194556,0.00355207782461572,0.04138419844752804
2026-08-13 16:41:41.608000040,3433.447015590667,10171.90447816742,8863.962285529371,9103.878456710785,272696.0006897612,3725.800327741334,7365.558411593421,3311.7775161800005,19531.870441393337,10058.291804636843,56855.26827047149,662494.0279168788,0.0018556699923291675,0.0019672166715850622,0.002121199144377317,0.0006194906552628456,0.001734036604934408,0.0021650729262020123,7808.028509855131,18127.00852595872,22976.785601303898,11581.702062340788,7435.528163605351,37991.97794356551,4709.566723865682,5342.394635946335,21437.70454813842,5319.344868538666,7022.3773092329,28328.74436225001,0.0,0.0,0.0,0.0,0.0,1.1867619771119633,0.00038205131157837834,0.0011277116516144145,0.0009834573366114114,0.0010098472400007577,0.03026170006793273,0.00041658680757717715,0.0008153720188348347,0.00036868153373333334,0.0021782903929969968,0.001115148065592793,0.0063121727841316385,0.0735066986357958,0.0002159256678693686,0.0006396997705158621,0.0005574447392899582,0.0005725328007220337,0.01714954848782276,0.00023431144283351057,0.0004632117845513196,0.00020827400823976444,0.0012283376299809586,0.0006325547957138281,0.0035755646490096514,0.04166351331121704
2026-08-13 16:41:56.608000040,3462.345790692105,10257.058716878948,8919.695441684209,9160.863497095237,274493.47576885787,3738.344165627631,7413.529733961842,3336.4132711710517,19648.4190120921,10124.025199373684,57288.10640714825,666890.2136335934,0.0018671644812797475,0.0019794074931417647,0.0021342424746774724,0.0006231739149628162,0.0017448076131594457,0.0021765495791304114,7855.712556268302,18237.483090175614,23126.571679201814,11650.562530373492,7481.044449168853,36945.37416570239,4738.328298950006,5374.953715864881,21577.410385252457,5350.971703290872,7065.3645085156895,27566.793670942447,0.0,0.0,0.0,0.0,0.0,1.1407315716624185,0.00038455207509189193,0.0011350932259387389,0.0009898946767015018,0.0010168150681257575,0.030459781721085884,0.0004193136273969969,0.000820709135951952,0.00037109478373333337,0.002192548658762763,0.0011224474034306306,0.006356720554799364,0.07398784570786787,0.0002177430797257479,0.0006450550259726093,0.0005609497355548069,0.0005761165265951004,0.017262589698352617,0.00023510031086058212,0.0004662286477136003,0.00020982332349809058,0.001235667240093792,0.0006366886958717227,0.0036027853584939895,0.04193998454629042
2026-08-13 16:42:11.608000040,3484.939067007895,10323.700440563158,8977.676283789473,9223.28963995238,276268.78682400857,3762.7384485223683,7459.49319023896,3358.1847843289474,19776.6332884079,10192.696609782159,57656.81021329893,671286.4826338965,0.0018353058668582373,0.001988403347707076,0.0021472858049776276,0.0006268571746627867,0.0017555786213844836,0.002189881453281608,7723.549425287355,17582.013368011565,23276.35775709973,11719.422998406195,7526.560734732355,37174.72583006676,4658.611494252873,5181.773582325486,21717.116222366498,5382.5985380430775,7108.35170779848,27737.36811546623,0.0,0.0,0.0,0.0,0.0,1.147791308480394,0.00038853874845146195,0.0011460441395485382,0.0009971021250245616,0.0010228420418241235,0.0306592475692538,0.00041951083201988306,0.0008249674502304095,0.0003744068082923976,0.0022049132563625733,0.00113042351917193,0.006402971324907862,0.07449468698475557,0.0002191639457696076,0.0006492460499287496,0.0005645960862916491,0.0005800424373570052,0.017374237038043205,0.00023663444020707337,0.0004691192384083612,0.00021119250977002046,0.0012437304934709852,0.0006410073645707445,0.0036259727311919107,0.04221646101897616
2026-08-13 16:42:26.608000040,3513.8132303441557,10398.100373752563,9031.524636926863,9283.261975319445,278053.1751197188,3777.4282321181818,7507.451657771428,3387.385936053246,19903.607049942857,10258.449031860082,58083.674684243335,675651.4679000494,0.0018887440067736352,0.002000574564149881,0.002160329135277783,0.0006305404343627574,0.0017656182507427495,0.0022032133274328043,7623.899140972239,17687.869179373054,23426.143834997645,11788.2834664389,7281.066218508511,37404.07749443114,4598.505455648907,5212.971422718814,21856.822059480535,5414.225372795284,6876.497953453272,27907.942559990013,0.0,0.0,0.0,0.0,0.0,1.1548510452983691,0.00039104911248654967,0.0011534487755134506,0.0010035444408140349,0.0010297965761378492,0.03085733816574503,0.00042222130789707597,0.0008302975971602339,0.0003768258653099415,0.0022191592870643277,0.0011377272296982455,0.006447514932607668,0.0749760000680889,0.00022097980981942132,0.0006539249790604389,0.000567982549388956,0.0005838140308923116,0.017486455235306765,0.00023755826437543226,0.000472135293144292,0.00021302893775623747,0.0012517157322519618,0.0006451424613369784,0.003652817763475747,0.042490970092380884
2026-08-13 16:42:41.608000040,3536.4469641103897,10464.791932194119,9089.47902653725,9345.654933652779,279836.29532564874,3801.7600048454547,7556.094769992823,3409.2053061831166,20031.813335657145,10331.419155525808,58458.94974378409,680103.8715787176,0.0019002299038876763,0.0020127457805926862,0.0021733724655779384,0.0006296655161976524,0.0017763847874546878,0.0022165452015840007,7669.614888457852,17793.72499073454,23575.92991289556,11429.864461873769,7324.83014527584,37633.429158795516,4626.079812331024,5244.169263112142,21996.527896594573,5249.607574611748,6917.830162750533,28078.517004513797,0.0,0.0,0.0,0.0,0.0,1.1619107821163446,0.0003935594765216374,0.0011608534114783628,0.0010099867566035088,0.0010367511104515746,0.031055428762236256,0.00042493178377426893,0.0008356277440900585,0.0003792449223274853,0.0022334053177660816,0.0011450309402245612,0.0064920585403074734,0.07545731315142222,0.00022240322018738672,0.0006581191370690968,0.000571627236557787,0.0005877378547163857,0.01759859368381302,0.00023908846252694747,0.000475194404423993,0.00021440113369996041,0.001259778483109105,0.0006497314713364006,0.0036764183949979765,0.04277097681261712
2026-08-13 16:42:56.608000040,3559.7001416141024,10531.062009194206,9143.036640302696,9414.050658666667,281625.4751670329,3817.3247223756407,7604.0576353774395,3433.2193364525638,20150.346355292306,10397.217617064267,58874.06565869114,684702.4700226032,0.0019117158010017183,0.0020249169970354914,0.0021350301469017095,0.0006333223742991322,0.0017871513241666255,0.0022298770757351975,7715.330635943465,17899.580802096032,23135.617094017092,11496.24477234181,7368.59407204317,37862.7808231599,4653.654169013142,5275.367103505471,21585.847065527065,5280.095301023595,6959.162372047796,28249.09144903758,0.0,0.0,0.0,0.0,0.0,1.1689705189343198,0.0003960698405567251,0.001168258047443275,0.0010164290723929824,0.0010437056447653,0.031253519358727486,0.00042764225965146195,0.0008409578910198829,0.00038166397934502925,0.002247651348467836,0.001152334650750877,0.006536602148007279,0.07593862623475556,0.0002238655866837313,0.0006622867885782134,0.0005749954153790361,0.0005920391858672592,0.017711113216060066,0.00024006731031829027,0.000478210735735959,0.00021591134938135008,0.0012672328930106048,0.0006538694634731527,0.003702524573646576,0.043060177559199254
2026-08-13 16:43:11.608000040,3582.3378146910254,10597.750970732668,9200.963236456544,9476.522658666667,283400.17920826696,3841.6007416064103,7649.62170098296,3455.0526633756413,20278.491124523076,10463.129997896493,59242.14434514374,688983.5367078444,0.00192320169811576,0.002037088213478297,0.0021967595743964874,0.0006369792324006122,0.0017979178608785633,0.0022389463478330192,7761.046383429077,18005.43661345752,22751.929577469637,11562.625082809851,7412.357998810502,38910.94328619052,4681.228525695258,5306.564943898799,21227.980790892372,5310.583027435443,7000.494581345061,27883.155246755945,0.0,0.0,0.0,0.0,0.0,1.1760302557522953,0.0003993634318621083,0.0011764960319384616,0.0010219144060205126,0.001050975748417733,0.03145173610651966,0.0004282663822826211,0.0008461388437253563,0.00038517352641937325,0.002260671167097436,0.0011607862399088318,0.006579225489720378,0.07647433124153619,0.0002252892447905689,0.0006664807832705211,0.000578638354648267,0.000595967980533926,0.0178227223813199,0.00024159400219435866,0.0004810762091951505,0.0002172844230522903,0.001275291775164451,0.0006580146198677128,0.003725672633261261,0.04332940908629331
2026-08-13 16:43:26.608000040,3576.752346153846,10661.99276412444,9250.938667279455,9550.292484666666,284933.22279242805,3835.611038461538,7697.569580729795,3449.665653846154,20246.87353846154,10528.929244731937,59529.56276339844,692195.2932515286,0.001931248474494407,0.0020492594299211016,0.002209769239272844,0.0006406360905020919,0.0018086843975905012,0.0022422853193146595,7594.80056912852,18111.292424819007,22888.136358268563,11629.00539327789,7456.121925577832,38732.870252792694,4580.954076898915,5337.762784292128,21355.02118476056,5341.07075384729,7041.826790642324,27673.579109533992,0.0,0.0,0.0,0.0,0.0,1.1438402094725317,0.0004018787288706553,0.0011839059165538461,0.0010283506944820512,0.0010579345030473624,0.031649827497545295,0.0004309637177527065,0.0008514680509903134,0.0003875994516330484,0.0022749094747897434,0.0011680971800797722,0.00662374174174467,0.07695598689965584,0.00022493798088034183,0.0006705208782771591,0.0005817812539644636,0.0006006072829245926,0.01791913378894603,0.00024121731641880335,0.00048409159807700716,0.000216945640008547,0.001273303380307692,0.0006621526613909195,0.003743748058231501,0.043531392886707244
2026-08-13 16:43:41.608000040,3576.752346153846,10728.66649197254,9308.815578671862,9612.909432035089,286507.2768868283,3835.611038461538,7742.758690690254,3449.665653846154,20246.87353846154,10590.895204181188,59812.48989523113,696011.395364585,0.0019427139061984663,0.002059656788131613,0.002222778904149201,0.0006442929486035718,0.0018194509343024395,0.0022655553963099604,7639.278869080729,17538.966437154046,23024.34313906749,11695.385703745933,7499.885852345163,38870.4239312145,4607.78204264272,5169.90414141299,21482.06157862875,5371.5584802591375,7083.158999939587,27752.317969200165,0.0,0.0,0.0,0.0,0.0,1.150665734911345,0.0004043940258792023,0.0011913158011692309,0.0010347869829435898,0.0010648932576769923,0.03184791888857094,0.000433661053222792,0.0008567972582552706,0.0003900253768467237,0.002289147782482051,0.0011754081202507123,0.006668257993768962,0.07743764255777552,0.00022493798088034183,0.0006747139149396065,0.0005854210686142525,0.0006045451931702066,0.018018124301993867,0.00024121731641880335,0.0004869334909922981,0.000216945640008547,0.001273303380307692,0.0006660496317296168,0.0037615410311889795,0.0437713833084839
2026-08-13 16:43:56.608000040,3644.7484847027217,10797.787989054366,9360.554674319304,9690.47402776923,288764.36845392664,3907.4551516238444,7790.689540690254,3532.9171123974365,20667.87139958185,10656.670710431186,60489.681393835526,701908.4210729758,0.0019541793379025253,0.002071817506259773,0.0022357885690255574,0.0006479498067050515,0.0017878964798850572,0.002278848171147976,7683.757169032938,17640.880986116274,23160.549919866415,11761.766014213972,7371.6229885057455,39098.678883006825,4634.610008386524,5199.94516182534,21609.101972496937,5402.046206670984,6962.022988505746,27915.041279115645,0.0,0.0,0.0,0.0,0.0,1.1574912603501584,0.0004069093228877493,0.0011987256857846154,0.0010412232714051282,0.0010718520123066217,0.03204601027959658,0.00043635838869287755,0.000862126465520228,0.00039245130206039887,0.002303386090174359,0.0011827190604216523,0.006712774245793253,0.07791929821589516,0.00022921418248241564,0.0006790608890894189,0.0005886748828516363,0.0006094231444130427,0.018160070282769163,0.00024573551286878847,0.0004899478088922982,0.0002221812317352165,0.0012997794680181475,0.0006701861802337834,0.0038041288521012116,0.04414224070303381
2026-08-13 16:44:11.608000040,3667.350259702722,10864.476901554366,9418.393718069306,9753.277950846154,290540.80215841375,3931.686020373845,7836.514345785804,3554.825399897437,20796.036780831855,10725.326808404321,60849.769359076214,706198.8451002268,0.001965644769606584,0.0020839782243879334,0.0022487982339019145,0.0006378555555555552,0.0018410515496384775,0.0022921409459859916,7728.2354689851445,17742.795535078505,23296.75670066534,11578.53234567901,7250.373190242618,39326.933834799136,4661.437974130326,5229.986182237691,21736.142366365122,5317.889053497942,6847.510365684989,28077.764589031125,0.0,0.0,0.0,0.0,0.0,1.1643167857889716,0.0004087753678088889,0.0012061346834911111,0.001046076088387778,0.0010817201983172782,0.03224470878584223,0.0004382391332366667,0.0008668766430133335,0.00039623296315777776,0.002317997186541111,0.0011896148315855555,0.006758625341976668,0.07838515772237224,0.00023063558299908225,0.0006832548806977522,0.0005923123160474696,0.0006133728133532136,0.018271788224629132,0.00024725936528128845,0.0004928296799683071,0.00022355901959354986,0.001307839646438981,0.0006745038859507606,0.0038267743841374595,0.04441206070296981
2026-08-13 16:44:26.608000040,3685.3716067987657,10934.2414485321,9472.533124950616,9810.426848204166,292325.82808779815,3956.5361234080247,7884.432364304322,3590.493805679013,20962.210437958645,10791.120049145062,61266.598343118174,710307.0609474167,0.0019771102013106433,0.002096138942516094,0.0022618078987782712,0.0006475693519385551,0.0018518184823418662,0.002305433720824007,7772.713768937355,17844.710084040737,23432.963481464267,13258.546733335315,7292.185092905227,39555.188786591454,4688.265939874132,5260.027202650041,21863.182760233314,5222.993630551723,6886.999013976436,28240.4878989466,0.0,0.0,0.0,0.0,0.0,1.171142311227785,0.0004112866761422222,0.0012135445626577776,0.0010525026488044445,0.0010887158869137693,0.03244280390667555,0.00044093145198666656,0.0008722022930133333,0.0003986672173244444,0.002332237784457778,0.0011969232211688887,0.0068031502982266664,0.07886671633695555,0.00023176892549423342,0.0006876422955410187,0.0005957170831913386,0.0006169668440092843,0.01838404652196597,0.0002488221606498824,0.0004958431909106939,0.00022580216600159123,0.0013182901230982878,0.0006786415497573449,0.003852988295800543,0.04467042183291531
2026-08-13 16:44:41.608000040,3707.9453475395067,11000.949189272838,9530.349643469135,9873.161760704166,294113.0462758186,3980.77080859321,7935.073349296297,3612.4863982716056,21090.60875277346,10858.614184643904,61626.99433491727,714702.6606050585,0.0019885756330147025,0.0021082996606442543,0.0022267822115384613,0.0006511827210034226,0.0018625854150452546,0.0023210668910681625,7817.192068889563,17946.624633002968,23066.25641025641,13332.528033512534,7333.996995567837,38864.48751796797,4715.093905617935,5290.0682230623925,21521.15418803419,5252.137387207498,6926.487662267884,27842.84626845678,0.0,0.0,0.0,0.0,0.0,1.1779678366665982,0.0004137979844755556,0.0012209544418244444,0.0010589292092211115,0.0010957115755102606,0.03264089902750889,0.00044362377073666674,0.0008775279430133332,0.0004011014714911111,0.0023464783823744445,0.0012042316107522223,0.006847675254476666,0.0793482749515389,0.0002331885629674845,0.0006918374712364917,0.0005993530998003922,0.0006209121729509508,0.018496442688012593,0.00025034625307375074,0.0004990279461890781,0.00022718525571352536,0.0013263649504521974,0.0006828861809453831,0.0038756531992847967,0.044946856211384785
2026-08-13 16:44:56.608000040,3723.704228554923,11069.935538390966,9597.029518060524,9924.93802200813,295900.44893302594,4005.7228775987355,7983.007861491419,3644.6670586626465,21259.53253053478,10924.4177944,62038.43127834331,718829.3219471362,0.0019987876788502305,0.002120460378772414,0.00227358252961982,0.0006547960900682899,0.001873352347748643,0.0023233549871651674,7595.041531263331,18048.5391819652,22727.38191917505,13406.50933368975,7375.808898230447,38895.17666735133,4581.099417973219,5320.109243474743,21206.274796287507,5281.2811438632725,6965.976310559332,27827.580802579527,0.0,0.0,0.0,0.0,0.0,1.1588477366255145,0.000416309292808889,0.0012283643209911113,0.0010653557696377778,0.0011027072641067517,0.032838994148342224,0.0004463160894866667,0.0008828535930133334,0.00040353572565777774,0.0023607189802911117,0.0012115400003355555,0.006892200210726668,0.07982983356612224,0.00023417962148467624,0.0006961759460810319,0.0006035465230246952,0.0006241683244951778,0.018608850455121406,0.00025191546096898706,0.0005020424944004603,0.00022920906168922867,0.0013369883791425207,0.0006870244968478222,0.0039015280115047013,0.04520637735800878
2026-08-13 16:45:11.608000040,3746.2367529451667,11136.657074976334,9654.899536353209,9987.542387861788,297676.7125249792,4029.9619263792238,8025.235753596884,3666.7213208577687,21388.176189071364,10987.669825984633,62395.42006988387,723358.6803752946,0.002010245909071755,0.0021275361570562133,0.002286428814749296,0.0006584094591331574,0.0018841192804520315,0.002339649952783014,7638.009504128012,17543.21105512568,22852.712515843643,13480.49063386697,7417.620800893057,40634.704754193626,4607.01640008209,5170.813644989472,21323.184125735148,5310.424900519049,7005.46495885078,29347.697285122747,0.0,0.0,0.0,0.0,0.0,1.1424286507912162,0.00041753735759132786,0.001236378738475881,0.0010723563016379403,0.001107749398689091,0.033037659944263414,0.00044915998771598916,0.0008882471050623306,0.0004086749536401083,0.002383822261810298,0.0012193691599609756,0.00693074537550502,0.08026505942607264,0.00023559666690744043,0.000700371989381845,0.0006071859041751016,0.000628105443503308,0.018720557698793133,0.0002534398278145156,0.0005046981596150929,0.00023059602973394413,0.0013450786358904878,0.0006910023468341445,0.003923978639950474,0.04549122367693519
2026-08-13 16:45:26.608000040,3763.102206616691,11201.113813956037,9714.753622798706,10037.779229392858,299448.47652565397,4058.3857537976196,8073.136247572788,3703.4179739236265,21565.764707432296,11053.458217550895,62806.29340834997,727475.0512100644,0.002021704139293279,0.002139667812738845,0.002299275099878771,0.0006620228281980249,0.0018948862131554199,0.002361013588945365,7680.977476992693,17641.71994424254,22978.043112512234,13554.47193404419,7459.432703555667,40770.80201448687,4632.9333821909595,5199.848871573569,21440.09345518279,5339.568657174824,7044.953607142227,29427.23331382214,0.0,0.0,0.0,0.0,0.0,1.1489724173423446,0.0004200409714124661,0.0012437922425409214,0.0010787863036704607,0.0011147214861890907,0.03323575848694634,0.0004518532153582656,0.0008935731619728999,0.0004111254272173441,0.0023981160016476964,0.0012266806721560972,0.006975209324498438,0.08074634022282061,0.00023665731654944966,0.0007044256020776797,0.0006109500611671185,0.0006312647826484841,0.018831981968168904,0.000255227370738828,0.0005077105684584665,0.00023290384147119694,0.0013562469804896306,0.000695139705681534,0.0039498180076806754,0.0457500976649885
2026-08-13 16:45:41.608000040,3785.600869267293,11267.821922389774,9772.635514364973,10100.239693678572,301242.76644134667,4082.6498441590647,8128.535878866222,3725.5597992248304,21694.70111104675,11119.837768580737,63169.23211599502,731986.9196627901,0.0020331623695148036,0.0021517994684214763,0.0023121213850082465,0.0006723422103352386,0.0019056531458588085,0.0023749721127198503,7723.945449857373,17740.228833359404,23103.37370918082,13288.120872076774,7501.244606218278,40800.85147699732,4658.850364299829,5228.884098157668,21557.00278463043,5234.186398396261,7084.442255433676,29485.353699473348,0.0,0.0,0.0,0.0,0.0,1.1555161838934729,0.0004225445852336044,0.0012512057466059622,0.0010852163057029811,0.0011216935736890908,0.03343385702962927,0.000454546443000542,0.000898899218883469,0.0004135759007945799,0.0024124097414850946,0.0012339921843512196,0.007019673273491857,0.08122762101956857,0.00023807223244503195,0.0007086208008969567,0.0006145901890145083,0.0006351928518468969,0.018944822867311355,0.000256753312421559,0.0005111945897153646,0.00023429631626236156,0.0013643556476502733,0.0006993142418907441,0.003972642819739242,0.046033844058793245
2026-08-13 16:45:56.608000040,3805.7081406584193,11337.948595211474,9848.724179800345,10150.759231236434,303041.75543609523,4110.893813662952,8176.480646723366,3758.022501441681,21877.870233806712,11185.629715009309,63597.50071347147,736138.7399011621,0.002044620599736328,0.0021639311241041076,0.002324967670137722,0.0006759925948882896,0.0018701652638888886,0.0023873448277750586,7766.913422722054,17838.737722476264,23228.70430584941,13360.266797804561,7363.432296296298,40889.639282298755,4684.7673464087,5257.919324741765,21673.91211407807,5262.60465458007,6954.287407407409,29568.009475872568,0.0,0.0,0.0,0.0,0.0,1.1620599504446012,0.0004250481990547425,0.001258619250671003,0.0010916463077355013,0.0011286656611890907,0.03363195557231219,0.0004572396706428185,0.000904225275794038,0.00041602637437181567,0.0024267034813224937,0.0012413036965463415,0.007064137222485276,0.08170890181631653,0.00023933675640140726,0.0007130309894321882,0.0006193753206407772,0.0006383699694310912,0.01905795928631443,0.00025852954428147006,0.000514209782893936,0.00023633785953511012,0.0013758749502593998,0.0007034518242994742,0.003999576155980539,0.04629494742045086
2026-08-13 16:46:11.608000040,3828.192694229848,11404.676880925761,9906.713322657488,10213.083917282944,304825.3331872116,4135.181438662952,8229.54601739899,3780.225322870252,22007.12716237814,11246.298982985547,63954.116009001045,740582.4418903944,0.002054487291634143,0.0021760627797867403,0.002337813955267197,0.0006796429794413405,0.0019271837337205213,0.00239179180258074,7607.992335374348,17937.246611593127,23354.034902517997,13432.412723532347,7276.522939037385,40832.891853505986,4588.910951449508,5286.954551325864,21790.82144352571,5291.022910763878,6872.207118698089,29542.502666651686,0.0,0.0,0.0,0.0,0.0,1.1686037169957295,0.0004266415726296296,0.0012661608186074077,0.001100336683377778,0.0011328106939905724,0.033831191417377775,0.0004608546259333333,0.0009097459326,0.00042129574069629626,0.002452633942844444,0.0012483938985703704,0.007104015597069361,0.08218833711648149,0.00024075078499267703,0.00071722745717822,0.000623022193402682,0.0006422894996869051,0.01917012650932908,0.0002600569660314701,0.0005175470050942031,0.00023773417030495143,0.0013840037748784474,0.0007072672471522021,0.004022003295677176,0.04657440690110702
2026-08-13 16:46:26.608000040,3850.9287880357983,11464.243477103868,9973.053235509245,10266.897240473485,306602.7339133054,4161.406595249916,8277.520676222519,3814.8466077966386,22186.052863361343,11312.061030044371,64364.762298743815,744659.1754435854,0.002065936632841269,0.0021881944354693716,0.0023331344266238462,0.0006832933639943916,0.001937950648068901,0.0024138048412475506,7649.852467276204,18035.75550070999,22682.00147862758,13504.55864926014,7316.629491077309,42489.35281048311,4614.159717384824,5315.989777909962,21163.94357777051,5319.441166947688,6910.085173195318,31054.956345698334,0.0,0.0,0.0,0.0,0.0,1.1751474835468578,0.0004291398563597883,0.0012735750725756615,0.0011067799214730157,0.0011397502019270804,0.034029296619758724,0.0004635532509333333,0.0009150731290285713,0.0004237627208550265,0.0024669958237968255,0.0012557041148402116,0.007148433767343531,0.08266960710656085,0.00024218063266980686,0.0007209735342267543,0.0006271942368109147,0.0006456737597897768,0.019281905266103426,0.00026170623699016133,0.0005205640780824384,0.00023991146444587747,0.0013952562134069465,0.0007114029492227904,0.0040478283845654444,0.046830788144563255
2026-08-13 16:46:41.608000040,3873.414829212269,11530.93015945681,10031.09102374454,10329.127297291667,308406.6814274662,4185.7055540734455,8331.060722992339,3837.1219607378152,22315.599922184876,11385.776480971545,64715.188792605426,749202.386899128,0.0020773859740483955,0.002200326091152003,0.0023457926416534922,0.0006869437485474425,0.0019487175624172798,0.0024271134182279794,7691.712599178062,18134.264389826854,22799.051993730907,13576.704574987927,7356.736043117235,42726.853713603494,4639.408483320141,5345.025004494059,21273.12918444576,5347.859423131497,6947.96322769255,31230.109907555234,0.0,0.0,0.0,0.0,0.0,1.1816912500979861,0.00043163814008994705,0.0012809893265439158,0.0011132231595682542,0.0011466897098635883,0.03422740182213968,0.00046625187593333324,0.0009204003254571429,0.00042622970101375657,0.002481357704749206,0.0012630143311100528,0.007192851937617702,0.08315087709664021,0.00024359475481490491,0.000725167385583617,0.000630844168826601,0.0006495873389185648,0.01939535352088287,0.00026323437151172996,0.0005239311521348514,0.0002413123366419559,0.001403403283995182,0.0007160388320255437,0.004069866317401629,0.0471165056649896
2026-08-13 16:46:56.608000040,3896.9442403339253,11604.014573282351,10096.76489040082,10383.757528066666,310197.5278603009,4208.607066117851,8379.0674904342,3865.0203547533506,22474.143473175238,11451.584550738988,65127.36430521074,753501.2443839534,0.0020888353152555216,0.002163504826388889,0.002358450856683139,0.0006905232754925534,0.0019594844767656596,0.002437702265889655,7733.572731079918,17835.276190476194,22916.10250883423,15195.360947959409,7396.842595157161,44191.52754461793,4664.657249255458,5256.899047619048,21382.314791121007,5239.899907609262,6985.841282189783,30892.704561986997,0.0,0.0,0.0,0.0,0.0,1.1434072008998981,0.00043413642382010575,0.0012884035805121694,0.0011196663976634923,0.001153629217800096,0.03442550702452063,0.0004689505009333334,0.0009257275218857143,0.0004286966811724867,0.002495719585701587,0.001270324547379894,0.00723727010789187,0.08363214708671958,0.0002450744933365557,0.0007297635831642011,0.0006349743253296515,0.000653022973431748,0.019507977863214475,0.0002646746221580781,0.0005269502443984173,0.00024306683564337734,0.0014133739117574648,0.0007201774284131407,0.004095787577416586,0.04738685603570196
2026-08-13 16:47:11.608000040,3919.436321729274,11670.738096538165,10154.846652028727,10445.904928066668,311978.10137922125,4232.89797890855,8426.41241009313,3887.3281803347463,22603.857996431052,11510.675584336943,65458.780252619064,757798.8232303006,0.002100284656462648,0.0022188043674195358,0.0023711090717127856,0.000694173784353183,0.001970251391114039,0.0024403801702008077,7775.432862981775,20551.24114066053,23033.153023937557,15275.692490355896,7436.949147197084,44275.759510815275,4689.906015190774,5170.262053264529,21491.500397796255,5267.60107528952,7023.7193366870115,30979.276175397652,0.0,0.0,0.0,0.0,0.0,1.1497040947725163,0.00043678089276072353,0.0012957253507824293,0.0011279082291689923,0.001158679977650505,0.03462632785085479,0.0004717129725881137,0.0009322587079979329,0.00043320277042067186,0.0025189676435824295,0.0012779478679028427,0.007274020671497765,0.08411755749647443,0.00024648899534430763,0.0007339597514045113,0.00063862702278314,0.0006569313543650814,0.019619956153404356,0.00026620225067358204,0.0005299277137903012,0.0002444697500077185,0.0014215315139977746,0.000723893597859412,0.004116629958109154,0.04765712599426112
2026-08-13 16:47:26.608000040,3943.258737381074,11742.413358930768,10218.258713299118,10506.794495134056,313767.9047912771,4255.726265297247,8474.415444575889,3916.6527051272647,22757.88743775154,11576.445325716253,65882.60156513461,761908.5685647809,0.0021117339976697742,0.0022309044050141196,0.002383767286742432,0.0006978242932138127,0.0019810183054624177,0.002462456411916951,7817.292994883632,20661.662721776105,23150.203539040886,15356.024032752384,7477.055699237011,44227.458369768276,4715.154781126092,5198.04181151834,21600.686004471507,5295.302242969778,7061.597391184244,30986.809049564767,0.0,0.0,0.0,0.0,0.0,1.1560009886451343,0.0004392800129157623,0.0013031390755886309,0.00113436175823876,0.0011655986784080807,0.03482444859116486,0.00047441196289819124,0.0009375927932692507,0.00043568141770749353,0.002533380368388631,0.0012852598756547806,0.007318375171329246,0.084598851176707,0.0002479871605952986,0.0007384673290172015,0.0006426149368585889,0.0006607606315828751,0.01973251490131809,0.0002676378962398046,0.000532946571292217,0.0002463139367891146,0.0014312182544185966,0.0007280297838172665,0.004143283609540687,0.047915583311962884
2026-08-13 16:47:41.608000040,3965.7584270362463,11809.165083068698,10276.370833988774,10568.928506003622,315559.58468598966,4280.008851504143,8522.218314748354,3939.00058443761,22887.740799820505,11647.331169238634,66226.32704604874,766293.0416863925,0.00211932655120914,0.002243004442608704,0.0023964255017720785,0.0007014748020744426,0.0019926696519185975,0.0024765316974116216,7587.148357775128,20772.084302891686,23267.254054144214,15436.355575148877,7241.816150971475,44022.38469351063,4576.338494372745,5225.8215697721525,21709.871611146755,5323.003410650037,6839.428793389155,30837.693319413804,0.0,0.0,0.0,0.0,0.0,1.1622978825177523,0.00044177913307080107,0.0013105528003948322,0.0011408152873085273,0.0011725173791656566,0.035022569331474934,0.0004771109532082687,0.0009429268785405686,0.00043816006499431526,0.002547793093194832,0.0012925718834067186,0.007362729671160724,0.08508014485693954,0.0002494021410780573,0.0007426652707796537,0.0006462695435597383,0.0006646681704886722,0.01984519165914113,0.00026916500110570497,0.0005359528406830631,0.00024771937008796524,0.0014393845880776004,0.0007324877157543408,0.004164900123118176,0.04819131795494424
2026-08-13 16:47:56.608000040,3988.983903384286,11881.584430718418,10334.664905922415,10637.714294900708,317355.53826207854,4297.944994067045,8570.220257930172,3966.3019002963947,23023.067053599098,11713.129862420456,66647.11622595764,770516.3294561077,0.002130755050045212,0.002255104480203288,0.002409083716801725,0.0007051253109350721,0.0020034413582729386,0.002489823547131536,7627.556535522115,20882.50588400726,23384.30456924754,15516.687117545363,7280.450290636523,44259.62685420148,4600.711485461221,5253.601328025963,21819.057217822003,5350.704578330295,6875.916249259945,31005.519143748767,0.0,0.0,0.0,0.0,0.0,1.1685947763903701,0.00044427825322583976,0.0013179665252010335,0.0011472688163782945,0.0011794360799232322,0.03522069007178501,0.00047980994351834607,0.0009482609638118863,0.00044063871228113683,0.0025622058180010334,0.0012998838911586564,0.007407084170992203,0.08556143853717207,0.0002508627654795006,0.0007472196430874027,0.000649935592972454,0.0006689940323237557,0.019958137184037383,0.00027029298518243855,0.0005389716295542752,0.0002494363195075288,0.0014478951058152318,0.0007366257224588863,0.0041913630870991135,0.04845691583023966
2026-08-13 16:48:11.608000040,4011.4877045206495,11948.368061400233,10392.778093422414,10699.917635326241,319124.91581989924,4322.191795203408,8614.01201148805,3988.6777412054853,23152.951388826372,11772.325201536261,66978.79700748746,774943.4037133068,0.0021421835488812835,0.002267204517797872,0.002402651940278399,0.0007087758197957018,0.0020142130646272796,0.0025031153968514503,7667.964713269104,20992.927465122833,22676.693220963767,15597.018659941852,7319.084430301571,44496.86901489234,4625.084476549698,5281.3810862797745,21158.991994833006,5378.405746010553,6912.403705130734,31173.34496808374,0.0,0.0,0.0,0.0,0.0,1.1748916702629884,0.00044701017153838383,0.001326574209669697,0.0011543465815222222,0.001186901306856917,0.0354217125409303,0.00048163271038282837,0.0009534992211252526,0.0004444683999151515,0.002579991647556566,0.0013070096446363639,0.007442903556939057,0.0860080503707394,0.00025227800452874303,0.0007514195914169479,0.0006535902667641207,0.0006729059312882948,0.020069411372673658,0.00027181783956501434,0.0005417256442780262,0.00025084351128025603,0.0014560633873417473,0.0007403484515632803,0.004212222122915322,0.04873532961130351
2026-08-13 16:48:26.608000040,4037.7151182813072,12016.494062571706,10448.564630502555,10764.5852135,320911.9595222997,4342.382381304596,8661.990539577937,4017.781215071093,23288.29754059489,11838.087055468846,67391.95308321362,779161.785651192,0.0021536120477173553,0.0022758365807612983,0.0024151196129769572,0.0007025331916259527,0.002024984770981621,0.002505450897850358,7708.372891016092,20559.41932156524,22785.73756457062,15143.752400275333,7357.71856996662,44487.13020169469,4649.457467638173,5172.319512378894,21260.709384121797,5221.703929924331,6948.891161001526,31149.629671050447,0.0,0.0,0.0,0.0,0.0,1.1573946360153256,0.00044951059388686864,0.001333994613078788,0.0011608036023555556,0.0011938257742482212,0.03561984951252121,0.0004843267993979798,0.0009588327703676765,0.000446954604460606,0.002594423240359596,0.0013143206105454548,0.007487184923100673,0.08648915005255758,0.00025392741743857994,0.000755703959935065,0.0006570986200960495,0.0006769728034267778,0.02018179656551351,0.0002730876030909334,0.0005447429606001236,0.0002526737964144709,0.0014645751564418563,0.0007444841414883741,0.004238205049455434,0.04900061896428606
2026-08-13 16:48:41.608000040,4060.2397081689483,12083.285203021145,10506.664922637385,10826.8137135,322690.5114979582,4366.606572315832,8709.948765364532,4040.1946027115428,23418.2124394713,11902.720528804244,67723.89843035933,783592.7196746239,0.0021650405465534267,0.0022879181683456077,0.0024275872856755155,0.0007061328966715867,0.002035756477335962,0.0025286489965821437,7748.781068763081,20667.00882212548,22894.781908177472,15221.347370270894,7396.352709631668,45786.93895968187,4673.830458726649,5199.386778451488,21362.42677341059,5248.459383200285,6985.378616872316,30842.943874372948,0.0,0.0,0.0,0.0,0.0,1.137787431153024,0.00045201101623535344,0.0013414150164878789,0.0011672606231888888,0.0012007502416395257,0.03581798648411212,0.00048702088841313116,0.0009641663196101009,0.0004494408090060605,0.0026088548331626264,0.0013216315764545455,0.007531466289262288,0.08697024973437575,0.00025534396386929156,0.0007599043805455518,0.0006607524829125289,0.0006808862846489999,0.020293647723093815,0.0002746110355478623,0.0005477590001329249,0.0002540833494594148,0.001472745360082306,0.0007485488688114669,0.004259080723509265,0.04927927548175968
2026-08-13 16:48:56.608000040,4086.0077726835207,12153.222683247217,10558.9374257995,10891.61934952381,324477.87316745345,4386.899022668403,8757.92721536453,4065.552810849326,23553.020024305755,11968.476195470912,68129.26945570443,787952.4006669192,0.0021764690453894985,0.0022999997559299177,0.0024400549583740738,0.0007097326017172207,0.00204708838884511,0.0025419352814013496,7789.189246510068,20774.59832268572,23003.826251784325,15298.942340266456,7256.449772627784,46028.42665326372,4698.203449815125,5226.454044524081,21464.144162699376,5275.214836476239,6852.155237083866,31007.290512675914,0.0,0.0,0.0,0.0,0.0,1.143820790681979,0.00045451143858383835,0.00134883541989697,0.0011737176440222222,0.00120767470903083,0.036016123455703035,0.0004897149774282828,0.0009694998688525253,0.0004519270135515152,0.002623286425965657,0.0013289425423636367,0.007575747655423907,0.08745134941619395,0.00025696448881543023,0.0007643026709686583,0.0006640398425558352,0.000684961839092275,0.02040605291253096,0.0002758872052033684,0.0005507763115440359,0.00025567809899341314,0.0014812232593063392,0.0007526841696262818,0.004284574056880967,0.04955345097527513
2026-08-13 16:49:11.608000040,4108.55027268352,12220.031166580551,10617.005709132834,10953.873635238095,326244.495133443,4411.101539335069,8799.021111040662,4087.982460849326,23682.96200763909,12025.360199340294,68452.77468421514,792310.6290441554,0.0021471964133986925,0.002312081343514228,0.002441239105919371,0.0007133323067628545,0.0020578630504280693,0.002543126008242548,7685.688888888888,20882.18782324596,22647.130380195063,15376.537310262016,7294.159790374197,46163.560360401294,4635.775163398692,5253.521310596675,21131.415553144347,5301.970289752193,6887.7642337265925,31109.16367732304,0.0,0.0,0.0,0.0,0.0,1.1498541502109338,0.0004577977654814816,0.0013567605361076544,0.0011792627417254323,0.0012151165015664982,0.036213117190604445,0.0004915097282479013,0.0009743563136859261,0.0004555059842755556,0.00263888874846321,0.0013353797168790128,0.0076076047291156555,0.08794546761283062,0.00025838216159320803,0.0007685041822538435,0.0006676916923743537,0.0006888769419494179,0.02051715380505875,0.00027740927458484987,0.0005533606609832237,0.0002570886747600798,0.0014893951662581912,0.0007562615414251784,0.0043049189412517515,0.04982753511544355
2026-08-13 16:49:26.608000040,4133.713969062637,12294.443449580218,10664.86021767033,11005.788144126667,328020.33079639194,4433.098886033333,8846.962083568134,4115.982262245786,23817.72701745311,12091.067435604029,68851.99519670178,796765.020584768,0.002197770667299015,0.002324162931098538,0.0024535984786097395,0.0007169320118084883,0.0020686377120110286,0.0025578246494250634,7607.462746202636,20989.7773238062,22751.895426324758,15454.132280257576,7331.869808120611,45986.91034652851,4588.591519273093,5280.588576669268,21229.141181347975,5328.725743028146,6923.37323036932,30983.960563840243,0.0,0.0,0.0,0.0,0.0,1.1558875097398889,0.00046030248770370376,0.0013641837009224693,0.0011857147732069137,0.0012220462064276095,0.03641124790727112,0.0004941988967664197,0.000979687252574815,0.00045799816760888894,0.002653326746611359,0.0013426859020641976,0.00765178678393047,0.08842663852208989,0.000259964678498828,0.0007731838880513781,0.0006707012092446007,0.0006921417877306325,0.02062883413675087,0.0002787926632772074,0.0005563756154777292,0.00025884955115901276,0.0014978703879864955,0.0007603937965057644,0.0043300254757036895,0.05010766685010874
2026-08-13 16:49:41.608000040,4156.270787743956,12361.29332320659,10722.872981406595,11067.941004126667,329802.9683631748,4457.289386033332,8894.020991728023,4138.442322685347,23947.695407563002,12158.634414305436,69184.79686041045,801203.1551966886,0.0022091910671403554,0.002336244518682848,0.002465957851300108,0.0007205317168541223,0.0020794123735939883,0.002581298593489256,7646.520172201193,21097.366824366436,22856.660472454452,15531.727250253138,7369.579825867025,45965.11899990529,4612.149777746468,5307.65584274186,21326.866809551604,5355.4811963041,6958.982227012045,30959.77723718555,0.0,0.0,0.0,0.0,0.0,1.1619208692688436,0.00046280720992592596,0.001371606865737284,0.0011921668046883955,0.0012289759112887205,0.03660937862393778,0.0004968880652849384,0.0009850181914637039,0.0004604903509422223,0.0026677647447595067,0.0013499920872493828,0.007695968838745285,0.08890780943134914,0.0002613832517625643,0.0007773880023261032,0.000674349567497348,0.0006960505120372992,0.020740942232617438,0.00028031397694387397,0.0005593350979242289,0.00026026203940443396,0.001506043955631184,0.0007646430087218751,0.004350955002554701,0.05038677620459174
2026-08-13 16:49:56.608000040,4179.208821656617,12438.511959536765,10776.748320768513,11127.44866427451,331590.5783291175,4476.435707284579,8941.957241728021,4163.771013739739,24078.534164992925,12224.35174582717,69589.19328053384,805748.0740647448,0.002220611466981696,0.002348326106267158,0.002478317223990476,0.0007241314218997563,0.0020923623522721238,0.0025956006095906982,7685.57759819975,21204.956324926676,22961.425518584147,15609.322220248701,9885.77179039201,45903.74420395768,4635.708036219843,5334.7231088144545,21424.592437755236,5382.236649580055,6844.707964435062,30888.857881700445,0.0,0.0,0.0,0.0,0.0,1.1399113765841917,0.0004653119321481481,0.0013790300305520989,0.0011986188361698766,0.0012359056161498315,0.03680750934060445,0.0004995772338034567,0.0009903491303525926,0.0004629825342755557,0.002682202742907655,0.001357298272434568,0.0077401508935600995,0.08938898034060841,0.00026282579922862724,0.0007822441965664232,0.0006777377277283309,0.0006997928826643747,0.02085336303714228,0.0002815180678136746,0.0005623497554242288,0.0002618549326418547,0.001514272259709555,0.0007687758986820198,0.004376387044086906,0.05067260110229395
2026-08-13 16:50:11.608000040,4201.767712960965,12505.417649754156,10834.738858811994,11189.576076039215,333361.5217013276,4500.598995328058,8990.83301999252,4186.246573522349,24208.507338905973,12279.357528448156,69917.40361001421,810051.6532674783,0.0022320318668230363,0.0023081948981481483,0.0024906765966808448,0.0007121769175627236,0.0021031482520829873,0.002588603105941058,7724.635024198307,20847.578074074077,23066.19056471384,15351.63182795699,9936.105668259039,45858.72081644899,4659.266294693219,5244.814222222223,21522.318065958865,5293.382652329749,6879.558121005761,30882.47029352027,0.0,0.0,0.0,0.0,0.0,1.1457998737500072,0.00046815681740289863,0.0013884704959893721,0.0012034574467178743,0.001241305888859313,0.03700344492296425,0.0005014523043623188,0.0009948043073333332,0.00046642746734396127,0.0026972880282975843,0.0013638089017033817,0.007769836753205427,0.08992304347348987,0.00026424450283732285,0.0007864518210845391,0.0006813846882319541,0.0007037000065597995,0.02096473569810571,0.00028303767015063115,0.0005654234988128629,0.0002632683956237388,0.0015224461282023086,0.0007722351512335172,0.004397027827029782,0.05094324841659919
2026-08-13 16:50:26.608000040,4225.171821581862,12575.316488701636,10888.788941624593,11248.643506253205,335136.37250817835,4522.0083452991585,9038.774310315102,4216.17137550706,24342.102066493364,12345.017625222348,70328.45052019657,814730.5238507173,0.0022434522666643767,0.002367458015990447,0.0025030359693712133,0.00072733845585434,0.0021139341518938504,0.0026164155411329054,7763.692450196864,20591.885798432657,23170.955610843535,15161.239362817161,9986.439546126068,45836.11980422879,4682.824553166593,5181.3564784642485,21620.043694162494,5227.73359407979,6914.40827757646,30889.371429146016,0.0,0.0,0.0,0.0,0.0,1.1516883709158232,0.00047066336088115934,0.0013959044615690823,0.0012099008398338165,0.0012482207121926464,0.03720156388673237,0.0005041371141449275,0.0010001305573333332,0.00046892475176425123,0.0027117294920657,0.0013711108274280194,0.007813905151895504,0.09040449757131594,0.000265716361223926,0.0007908476814005693,0.0006847838378843909,0.0007074146916154794,0.021076354093292102,0.00028438408038214706,0.0005684384732931497,0.0002651503331707773,0.0015308477521816938,0.0007763644417639831,0.004422878110492362,0.05123749738883399
2026-08-13 16:50:41.608000040,4247.7352409367,12642.23814999196,10946.758538398784,11310.742035099358,336929.59057626204,4546.156942073352,9093.503553013074,4238.686730345769,24472.094663267562,12417.277296112901,70681.74153703853,819354.155069915,0.0022548726665057167,0.0023795139293994135,0.0025030909806195477,0.0007309181062736715,0.0021247200517047135,0.002629677192033144,7802.749876195422,20695.304059777656,22552.15641712442,15235.85653231488,10036.773423993098,46066.82901201735,4706.382811639969,5207.378712836401,21042.82312134627,5253.462274588262,6949.258434147158,31046.35925468919,0.0,0.0,0.0,0.0,0.0,1.1575768680816387,0.00047316990435942037,0.0014033384271487925,0.0012163442329497585,0.0012551355355259798,0.037399682850500486,0.0005068219239275362,0.0010054568073333333,0.00047142203618454114,0.0027261709558338166,0.001378412753152657,0.007857973550585581,0.09088595166914204,0.0002671353495966858,0.0007950563103217165,0.0006884294814148568,0.0007113199990962485,0.021189127585129364,0.0002859027588015019,0.0005718803345561554,0.00026656629881952276,0.0015390228421566041,0.0007809087721777669,0.004445096189995978,0.051528272418841316
2026-08-13 16:50:56.608000040,4268.102610716815,12717.426929658752,11007.30111760947,11364.567488553457,338713.2361145225,4569.8072307202465,9141.480685991797,4266.414393673953,24625.106924149964,12482.972349304391,71094.07863178052,824080.8921539953,0.002264336911108338,0.002391569842808381,0.002515338685989841,0.0007344977566930031,0.0021355059515155766,0.0026328165550284295,7583.864142701818,20798.722321122656,22650.51526474832,15310.473701812605,10087.10730186013,46211.96841273248,4574.357555137732,5233.400947208554,21134.572999082513,5279.190955096734,6984.1085907178585,31153.082456717388,0.0,0.0,0.0,0.0,0.0,1.1634653652474545,0.0004756764478376812,0.0014107723927285027,0.0012227876260657005,0.001262050358859313,0.037597801814268604,0.0005095067337101449,0.0010107830573333335,0.0004739193206048309,0.0027406124196019325,0.0013857146788772946,0.00790204194927566,0.09136740576696811,0.00026841623085174636,0.0007997848491318726,0.0006922369369518844,0.0007147050220579174,0.021301299071202193,0.0002873900991764066,0.0005748975631412618,0.00026831006075771744,0.0015486456132298753,0.0007850402610784761,0.004471027611731974,0.05182553166212903
2026-08-13 16:51:11.608000040,4290.65444050405,12784.392163701303,11065.284303779685,11426.589375345911,340493.0166950138,4593.953209443652,9195.29599316739,4288.957303248421,24755.221232660606,12544.040263401905,71443.14327437076,828386.3773715607,0.0022757474336492123,0.0024036257562173474,0.0025275863913601336,0.0007380774071123346,0.0021462918513264397,0.00265236882525255,7621.634084867808,20902.14058246765,22748.87411237222,15385.090871310325,10137.441179727159,47339.38652619372,4597.13924228997,5259.423181580706,21226.32287681875,5304.919635605205,7018.958747288557,30671.351941567904,0.0,0.0,0.0,0.0,0.0,1.1416006905076235,0.0004780333076576833,0.001419468514504019,0.0012290751808160757,0.0012676408166441336,0.03779487775736359,0.0005118246361683215,0.0010169759077702128,0.0004778442250486998,0.0027580455270260046,0.0013925443686903074,0.0079370714496083,0.09196059984809174,0.00026983449036947695,0.0008039962182949929,0.0006958834351043668,0.0007186055096050873,0.021413227494375308,0.00028890861294945627,0.0005782819480147491,0.00026972775929317845,0.0015568283575206556,0.0007888807543428308,0.004492979899254871,0.05209629884358925
2026-08-13 16:51:26.608000040,4311.353869843,12852.454266800089,11121.478426087344,11477.733111648147,342264.68822472787,4618.711512378565,9243.303635272652,4319.434997103292,24902.63990117975,12609.711131822956,71847.23004373292,832678.7147211742,0.002287157956190086,0.0024156816696263134,0.002539834096730427,0.0007416570575316662,0.002157012734368368,0.002665605383569024,7659.404027033797,21005.558843812643,22847.232959996123,15459.708040808047,9880.629013473916,47572.200015225295,4619.920929442208,5285.445415952857,21318.07275455499,5330.648316113677,6841.147209961163,30823.550161126353,0.0,0.0,0.0,0.0,0.0,1.14734943145476,0.0004805390665229315,0.0014269090960643024,0.0012355177570572103,0.0012745432365159287,0.0379929912538175,0.0005145075226931442,0.0010223067003234045,0.00048034899277919616,0.0027725026724160756,0.0013998438190449172,0.007981067902917994,0.09244263966546762,0.00027113625448123757,0.0008082765683343166,0.0006994174210183819,0.0007218218823547612,0.021524645948355105,0.0002904656351118075,0.0005813010952849246,0.00027164446759560696,0.0015660993537853043,0.0007930107222901992,0.004518392467194759,0.052366239170242725
2026-08-13 16:51:41.608000040,4333.896027737738,12919.425256273773,11179.452320824186,11539.656056092594,344050.74178485223,4642.860707115407,9299.482597915074,4342.0194076296075,25032.844764337646,12671.639292292817,72202.88393428916,837079.602247978,0.002298568478730961,0.002423826334939989,0.0025520818021007195,0.0007452367079509978,0.0021677983083852642,0.0026772058711538984,7697.173969199788,20591.114328674492,22945.591807620025,15534.32521030577,9929.444271277576,47542.48938079574,4642.702616594447,5181.162360263102,21409.822632291227,5356.376996622149,6874.945904788348,30863.816120544394,0.0,0.0,0.0,0.0,0.0,1.1530981724018965,0.0004830448253881798,0.0014343496776245863,0.0012419603332983452,0.0012814456563877235,0.038191104750271404,0.000517190409217967,0.0010276374928765957,0.00048285376050969265,0.002786959817806147,0.0014071432693995272,0.008025064356227686,0.0929246794828435,0.0002725539057443955,0.000812488299450106,0.0007030633348429433,0.0007257161475276008,0.02163696887224737,0.0002919843511363689,0.0005848341278244368,0.00027306477607981754,0.001574287792957234,0.0007969053154930816,0.004540759145200851,0.05264300609692839
2026-08-13 16:51:56.608000040,4354.472574414035,12998.098143437719,11237.97317591228,11595.012051948484,345841.88549981295,4665.64393925126,9347.532488540077,4369.591935336897,25180.934769486896,12737.290807917816,72616.55566299323,841615.8325605693,0.002309979001271835,0.0024358627861110877,0.0025540279037621592,0.0007548942215382359,0.00217858388240216,0.0026904342866334785,7734.943911365779,20692.00632530746,22661.802149911557,15147.76962338676,9978.259529081237,47774.016046121666,4665.484303746686,5206.5489326973375,21074.962526508094,5224.247988847641,6908.744599615535,31015.465701651072,0.0,0.0,0.0,0.0,0.0,1.1588469133490331,0.000485550584253428,0.0014417902591848698,0.00124840290953948,0.0012883480762595184,0.038389218246725296,0.0005198732957427896,0.0010329682854297874,0.0004853585282401891,0.002801416963196218,0.001414442719754137,0.008069060809537378,0.09340671930021939,0.0002738479419020382,0.0008174359499095276,0.0007067436463962611,0.0007291974246003157,0.021749611910321567,0.0002934171632906903,0.0005878559320570758,0.000274798781711187,0.00158360100883662,0.0008010340663646093,0.004566774500583796,0.05292828458103135
2026-08-13 16:52:11.608000040,4377.004574414034,13065.129518437721,11295.94992591228,11656.876333766666,347609.60429614957,4689.78607987626,9391.751237937373,4392.202169711896,25311.23225386189,12794.932501377061,72968.00477961196,845910.1995060566,0.002321389523812709,0.002447899237282187,0.002566186175914409,0.0007585029692197107,0.0021893694564190567,0.002703363719693591,7772.713853531769,20792.89832194043,22756.964078368805,15220.183051584052,10027.074786884898,47551.64252068312,4688.265990898924,5231.935505131573,21163.13690162239,5249.222339265619,6942.543294442722,30823.23099590662,0.0,0.0,0.0,0.0,0.0,1.1395335365008465,0.00048762719597037044,0.0014506622329703706,0.0012547061971407408,0.0012932292018095022,0.03858697501029537,0.0005224731199046296,0.0010398736655490742,0.0004893203083842592,0.002819838316517593,0.0014207999500898147,0.008106245859417195,0.0939091194762463,0.0002752649543464826,0.0008216514786039722,0.00071038973978515,0.0007330880005457703,0.02186078178129118,0.00029493543568999593,0.0005906368000747281,0.00027622071422854814,0.001591795272853981,0.0008046590884199351,0.00458887674502893,0.05319835254671422
2026-08-13 16:52:26.608000040,4371.682357894737,13130.33404951933,11248.710063157894,11713.47316882738,348663.4162148776,4684.083536842105,9439.781562679642,4386.861473684211,25280.45507368421,12860.542980758504,73143.01017649929,848297.5295462694,0.0023332637217244015,0.002459935688453286,0.0025783444480666595,0.0007621117169011853,0.002200155030435953,0.0027165906783937904,7573.82744411159,20893.7903185734,22852.126006826056,15292.596479781343,10075.89004468856,47780.97181951016,4568.303722004522,5257.32207756581,21251.311276736684,5274.1966896835975,6976.3419892699085,30973.215141542496,0.0,0.0,0.0,0.0,0.0,1.1451585644474576,0.000490130751525926,0.0014581101635259257,0.0012611480582518518,0.0013001133746490085,0.03878508667522593,0.0005251555799740741,0.001045212542285185,0.0004918325566481481,0.0028343158147814814,0.0014280945629370368,0.008150196353960847,0.09439126382694074,0.00027493024606315786,0.0008257521191142156,0.0007074188773052631,0.0007366473126173662,0.021927054841957856,0.00029457680909473675,0.0005936573738307418,0.0002758848437894737,0.0015898597301894737,0.0008087852585677013,0.004599882639988732,0.05334848908035428
2026-08-13 16:52:41.608000040,4371.682357894737,13197.356137148196,11248.710063157894,11775.29122239881,349952.3772078327,4684.083536842105,9483.796863017622,4386.861473684211,25280.45507368421,12915.25342172208,73337.8564828301,851352.2950905769,0.0023446765166765518,0.002471972139624385,0.0025905027202189094,0.00076572046458266,0.0022109406044528495,0.0027223402448102686,7610.4513001148025,20994.682315206366,22947.287935283308,15365.009907978636,10124.705302492219,47642.91652453883,4590.394124634927,5282.708650000046,21339.485651850984,5299.171040101575,7010.140684097094,30875.266022314496,0.0,0.0,0.0,0.0,0.0,1.1507835923940686,0.0004926343070814816,0.0014655580940814818,0.001267589919362963,0.0013069975474885149,0.03898319834015648,0.0005278380400435184,0.0010505514190212967,0.0004943448049120372,0.002848793313045371,0.0014353891757842593,0.0081941468485045,0.09487340817763519,0.00027493024606315786,0.0008299670637362086,0.0007074188773052631,0.0007405349813197474,0.022008116166625923,0.00029457680909473675,0.0005964254471631081,0.0002758848437894737,0.0015898597301894737,0.0008122259374105219,0.004612136307697982,0.05354059989125183
2026-08-13 16:52:56.608000040,4441.440011280102,13265.236203734778,11463.675267183675,11772.796676,352892.50166857924,4761.10405132602,9531.806888527824,4472.180538263265,25700.16452307398,12980.808610497592,74100.63194832897,858958.8474791178,0.0023560893116287025,0.002480501433947509,0.0026026609923711598,0.0007693292122641349,0.0021828904285714286,0.002733267584465177,7647.075156118013,20504.862001902253,23042.449863740556,15437.42333617593,9997.750857142855,47800.70106655386,4612.48452726533,5159.459440167363,21427.660026965277,5324.145390519555,6922.239999999999,30974.058351448668,0.0,0.0,0.0,0.0,0.0,1.1564086203406796,0.0004951378626370371,0.001473006024637037,0.0012740317804740742,0.001313881720328021,0.03918131000508704,0.0005305205001129629,0.0010558902957574074,0.0004968570531759259,0.0028632708113092587,0.0014426837886314815,0.008238097343048149,0.09535555252832963,0.0002793172273760597,0.0008342359657015426,0.0007209378001362176,0.0007403781020684445,0.022193017327157318,0.0002994205436722808,0.000599444744322972,0.0002812504649618897,0.0016162547911177637,0.0008163486303935151,0.00466010640919491,0.05401896751924229
2026-08-13 16:53:11.608000040,4463.954812300511,13332.262662918452,11521.617634530614,11834.060044421052,354665.24892329925,4785.239311530102,9581.853546750544,4494.851170916327,25830.445262869896,13043.071798413914,74465.81856862416,863538.7381316958,0.0023675021065808527,0.0024925208572749444,0.00261481926452341,0.000769883942816249,0.0022305989001097535,0.002755486706367796,7683.699012121223,20602.932371768547,23137.611792197808,15110.902510451815,9875.670807461973,47408.07911468702,4634.5749298957335,5184.136031288065,21515.834402079574,5220.213951944528,6838.7806972337885,30739.820068304918,0.0,0.0,0.0,0.0,0.0,1.1620336482872906,0.0004972615617841271,0.0014803453845460316,0.0012797142668190477,0.0013129233285646465,0.039369827119434916,0.0005330509993079364,0.00106034871215873,0.0005007032569142857,0.002877378489047619,0.0014478509281079365,0.008270953596868308,0.09583470810153016,0.0002807331581957876,0.0008384511852457604,0.0007245817312382584,0.000744230887238035,0.022304503432287483,0.00030093838336955973,0.0006025921230512008,0.00028267619585984894,0.001624448002087151,0.0008202642931002527,0.004683072589982363,0.05430699175361553
2026-08-13 16:53:26.608000040,4489.312285944393,13398.602660341287,11575.710378985108,11982.204571304597,356428.5940020094,4808.360450736447,9629.8738043263,4520.388935232334,25972.941410478474,13108.610480232097,74841.7188863242,868197.8028649762,0.0023789149015330034,0.0025045402806023807,0.002581914202091768,0.0007734785799045043,0.002241375213792034,0.002773132502551194,7720.322868124434,20701.002741634846,22880.066216824114,15181.456275221066,9922.826264184976,47363.80714250384,4656.665332526137,5208.812622408768,21277.19989203779,5244.587462855336,6871.435271641317,30723.43839719712,0.0,0.0,0.0,0.0,0.0,1.140743077225311,0.0004997632063419503,0.0014877927688997734,0.0012861523076353742,0.0013197391708265512,0.03956789051569343,0.000535732694886168,0.001065683159437642,0.0005032222160979591,0.0028918541268027217,0.0014551348379718823,0.008314839957529815,0.09631683741615603,0.0002823278615382807,0.0008426232339725741,0.0007279835638339523,0.0007535475319287113,0.022415398245015258,0.00030239244612409206,0.0006056120636942985,0.00028428223748238896,0.0016334094264812016,0.0008243859479790406,0.004706712543295499,0.05459999515795295
2026-08-13 16:53:41.608000040,4511.841376853483,13465.62572094735,11633.633545651775,12096.023174752874,358212.0399965005,4832.490647706144,9680.92576541803,4543.07398068688,26103.283592296655,13177.249706002303,75209.21466115554,872720.34070776,0.002390365307855897,0.0025165597039298166,0.002581914202091768,0.0007770732169927594,0.0022521515274743146,0.002786378949520854,7573.838698606521,20799.07311150115,22880.066216824114,15252.010039990313,9969.98172090798,47584.88252448557,4568.310510375588,5233.489213529472,21277.19989203779,5268.960973766143,6904.089846048844,30868.014152457727,0.0,0.0,0.0,0.0,0.0,1.146238443139939,0.0005022648508997734,0.001495240153253515,0.0012925903484517006,0.0013265550130884558,0.03976595391195193,0.0005384143904643991,0.0010710176067165531,0.0005057411752816326,0.0029063297645578238,0.0014624187478358278,0.00835872631819132,0.09679896673078187,0.0002837446910332301,0.0008468382397840221,0.000731626287426545,0.0007607054574344583,0.02252755718200214,0.00030390996740018637,0.000608822664802956,0.00028570887478541926,0.0016416065014711004,0.0008287025926219225,0.004729823944246003,0.05488441253784356
2026-08-13 16:53:56.608000040,4540.499160956715,13547.039969825091,11692.832974314288,12097.63055936582,360003.7758296921,4855.9914432668775,9728.96109041803,4563.857219063103,26242.492986353576,13242.803846002304,75606.04002089835,877573.0004016405,0.002401778282727561,0.0025285791272572516,0.002581914202091768,0.0007806678540810147,0.0022629278411565954,0.002799625396490513,7609.599331473194,20897.143481367446,22880.066216824114,15322.563804759562,10017.13717763098,47805.95790646728,4589.880242909311,5258.165804650174,21277.19989203779,5293.3344846769505,6936.744420456371,31012.589907718335,0.0,0.0,0.0,0.0,0.0,1.151733809054567,0.0005047664954575964,0.0015026875376072564,0.0012990283892680273,0.0013333708553503608,0.03996401730821043,0.0005410960860426304,0.001076352053995465,0.000508260134465306,0.0029208054023129254,0.0014697026576997734,0.008402612678852827,0.09728109604540772,0.0002855469472335001,0.0008519582914356666,0.0007353492737179873,0.0007608065440667836,0.022640237457733966,0.00030538790632100583,0.0006118435530196227,0.00028701590955441285,0.0016503612255862358,0.0008328252196485892,0.004754779850203163,0.05518959091414761
2026-08-13 16:54:11.608000040,4563.058725956715,13614.134339825088,11750.762524314285,12212.142453433617,361806.2656753946,4880.118538266877,9779.71952049802,4586.532839063102,26372.879361353574,13314.330925261387,75974.50495299429,882128.5874967643,0.0024131912575992257,0.0025405985505846875,0.0026867940419889394,0.0007842624911692696,0.0022721749241496813,0.0028123078846031043,7645.359964339869,20995.213851233744,25765.819470059796,15393.117569528806,9865.56889809292,47905.09759946939,4611.449975443036,5282.842395770877,23966.555890517884,5317.707995587756,6831.785249112323,31085.53932993908,0.0,0.0,0.0,0.0,0.0,1.1572291749691952,0.0005082766917075555,0.0015116649818293331,0.0013051776497511112,0.0013483780412018112,0.040160001003274666,0.0005435938160648888,0.0010822565096488886,0.0005108914607182222,0.0029376610465999997,0.001476962938200889,0.008438212378505184,0.09790369399042667,0.00028696569321016665,0.0008561777818156666,0.0007389923987513205,0.0007680080698492695,0.022753594041363703,0.0003069052325176725,0.0006150356942890976,0.0002884419541010795,0.0016585610798362357,0.0008373234781886606,0.004777952200377197,0.05547608672479651
2026-08-13 16:54:26.608000040,4586.912606740265,13684.463558629704,11806.925143576358,12219.8624917,363589.1213748368,4903.302622977829,9827.768248220791,4605.3696469791485,26493.272992210743,13379.914519320793,76351.23128913922,886978.0421163122,0.0024246042324708897,0.002552617973912123,0.002701216284723154,0.0007878571282575249,0.0022829439752884827,0.002825551652719214,7681.120597206543,21093.28422110004,26086.90949753242,15463.671334298057,9911.797920424375,48125.60288265686,4633.0197079767595,5307.5189868915795,24278.348941323737,5342.0815064985645,6863.7982790862925,31229.780203046288,0.0,0.0,0.0,0.0,0.0,1.162724540883823,0.000510783310040889,0.0015191199118293336,0.0013116142664177778,0.0013611061044202023,0.040358054143274674,0.0005462746043982221,0.0010875937679822223,0.0005134109740515556,0.0029521484216,0.0014842467315342226,0.00848205554794963,0.09838651604042668,0.00028846583726833215,0.0008606007082427124,0.000742524403473802,0.0007684935744780222,0.022865715855350844,0.0003083632538450501,0.0006180574253881075,0.0002896265800211331,0.0016661325015101423,0.0008414479575483965,0.004801644101072533,0.055781063537536965
2026-08-13 16:54:41.608000040,4609.478562185809,13751.573825956437,11864.846084170416,12335.0871917,365396.8589172919,4927.425103175849,9878.540168452806,4628.026404404892,26623.610338745395,13458.864511528247,76719.10398479161,891544.7816294989,0.002436017207342554,0.0025597721135133676,0.0027156385274573693,0.000783157028812581,0.0022937130264272854,0.0028310389754554834,7716.881230073218,20543.235600403954,26407.999525005038,17024.99693560654,9958.026942755827,47522.08580995136,4654.589440510485,5169.115053798141,24590.14199212959,5226.009246108086,6895.81130906026,30785.3154578198,0.0,0.0,0.0,0.0,0.0,1.1400122259226777,0.0005132899283742222,0.0015265748418293332,0.0013180508830844444,0.0013738341676385927,0.04055610728327466,0.0005489553927315556,0.0010929310263155555,0.0005159304873848888,0.0029666357966000004,0.0014915305248675557,0.008525898717394075,0.09886933809042667,0.00028988498513301864,0.000864821198387927,0.0007461669870711616,0.0007757399278335777,0.02297940246079858,0.0003098802898219478,0.0006212504150382541,0.0002910514383214631,0.0016743292724144326,0.0008464130348361097,0.004824779206154672,0.05606826071136626
2026-08-13 16:54:56.608000040,4638.859130141177,13838.471525136574,11926.842078745101,12338.954038287568,367203.9595756972,4950.35139797451,9926.602168452806,4647.824456582353,26742.488105050987,13524.513335057658,77131.19327180389,896441.3569176763,0.002447430182214218,0.0025717686914864925,0.0027300607701915844,0.0007867141179671047,0.0023044820775660877,0.002850652084436482,7752.641862939892,20638.304891186497,26729.089552477657,17102.32425276957,10004.255965087283,47360.54576049833,4676.159173044208,5193.0365095851885,24901.93504293544,5249.745712904479,6927.824339034231,30721.335870121962,0.0,0.0,0.0,0.0,0.0,1.145374901470438,0.0005157965467075556,0.0015340297718293332,0.0013244874997511112,0.0013865622308569835,0.04075416042327467,0.000551636181064889,0.0010982682846488888,0.0005184500007182222,0.0029811231716000003,0.001498814318200889,0.008569741886838518,0.09935216014042668,0.0002917326964066562,0.0008702860981363667,0.0007500658462855251,0.0007759831095189736,0.023093049013316068,0.0003113220990281747,0.0006242729808160318,0.000292296515825068,0.001681805363050984,0.000850541616404737,0.004850695043537888,0.056376200890600525
2026-08-13 16:55:11.608000040,4661.458306611766,13905.677922195398,11984.782872862746,12453.918261648225,369022.91121448,4974.468074445099,9978.971443938548,4670.46730952353,26872.769752109813,13604.892246226496,77495.10493969115,901082.194043731,0.00245983603058863,0.002583765269459617,0.002744483012925799,0.0007902712071216285,0.0023152511287048896,0.0028638912988217433,7588.492573845666,20733.374181969048,27050.179579950276,17179.651569932597,10050.484987418735,47574.150499779054,4577.149284864545,5216.957965372238,25213.728093741294,5273.482179700872,6959.8373690082,30860.942625142532,0.0,0.0,0.0,0.0,0.0,1.150737577018198,0.0005192132335895426,0.0015440585093986928,0.0013311824486047933,0.0013746925663876094,0.040960088647346404,0.0005540776049969498,0.0011042183977481481,0.0005202166950013073,0.0029932044353394335,0.0015082734536993464,0.008607667566535837,0.10000094099058127,0.00029315393350469546,0.0008745126337736216,0.0007537096784489239,0.0007832130817880995,0.02320744086082174,0.00031283877001510286,0.0006275664263632464,0.0002937204996878131,0.001689998631077128,0.000855596556818244,0.0048735810439850214,0.056668057980972415
2026-08-13 16:55:26.608000040,4687.786468967095,13980.155860494688,12049.851988511004,12467.477379056989,370828.7663852448,4994.602316273132,10027.054220637578,4687.717044739248,26983.516090723275,13670.612255935235,77920.2812686139,905902.8924970535,0.0024712536224987757,0.002595761847432742,0.0027589052556600143,0.0007938282962761523,0.0023251974818535854,0.0028771305132070045,7623.335303454712,20828.443472751595,27371.269607422895,17256.97888709563,9869.032647135326,47787.75523905978,4598.165365905783,5240.879421159286,25525.521144547147,5297.218646497266,6833.384252456634,31000.549380163102,0.0,0.0,0.0,0.0,0.0,1.1561002525659583,0.0005217242531973856,0.0015515258868496731,0.001337620314617865,0.0013874671441653872,0.0411581798728366,0.0005567572357159041,0.0011095586199703705,0.0005227325675503269,0.003007680173901525,0.0015155677674248366,0.008651484053780195,0.10048456565071198,0.0002948096823817084,0.0008791964685599992,0.0007578018028330252,0.0007840657996162505,0.02332100908600539,0.000314104990112288,0.000630590298764541,0.0002948053163691571,0.0016969633452610412,0.0008597296152065935,0.004900319910892828,0.05697122635037024
2026-08-13 16:55:41.608000040,4710.403658287484,14047.397263407309,12107.827134142073,12582.764253250538,372664.4177668759,5018.699801710024,10079.390103162545,4710.33389910818,27113.703610140754,13768.599382238732,78295.42673451552,910680.372638542,0.0024826712144089217,0.0026028570718255005,0.0027639952301264942,0.0008061045349735943,0.0023359627165029195,0.0028889805273431108,7658.178033063759,20529.700489003768,25789.528595772543,18886.994909503996,9914.221428874534,47874.75659601423,4619.181446947022,5165.709331863464,24096.317390811448,6963.410337401798,6864.673267354568,31065.78794895076,0.0,0.0,0.0,0.0,0.0,1.1614629281137183,0.0005242352728052287,0.0015589932643006537,0.0013440581806309368,0.001400241721943165,0.04135627109832679,0.0005594368664348584,0.0011148988421925924,0.0005252484400993465,0.0030221559124636167,0.0015228620811503267,0.008695300541024555,0.1009681903108427,0.00029623205228785726,0.000883425205676504,0.0007614477953249349,0.0007913160630377559,0.023436451161783528,0.0003156204541964304,0.0006338816442655556,0.0002962276652105811,0.0017051506937044072,0.0008658919167052356,0.004923912392415087,0.0572716767681572
2026-08-13 16:55:56.608000040,4738.409714553395,14126.852646018875,12169.72532345023,12585.464745730158,374463.308086287,5038.612341852828,10127.493199316392,4726.9191814640835,27228.75739008445,13834.473800507962,78718.49540258535,915501.9991079578,0.002494088806319068,0.0026148310593762532,0.00277769564155123,0.0008097009601695478,0.002346727951152254,0.002901162166656029,7693.020762672803,20622.993764770275,25972.041108174297,18971.258998615725,9959.410210613742,49512.57047602638,4640.197527988259,5189.1839044947255,24273.448002950965,6994.477504624737,6895.9622822525,32564.061823631935,0.0,0.0,0.0,0.0,0.0,1.1383326892455043,0.0005267462924130719,0.001566460641751634,0.0013504960466440086,0.0014130162997209427,0.04155436232381699,0.0005621164971538126,0.0011202390644148147,0.000527764312648366,0.003036631651025708,0.001530156394875817,0.008739117028268916,0.1014518149709734,0.00029799332204858016,0.0008884220664051867,0.0007653405036747587,0.0007914858940092521,0.02354958137520427,0.0003168727317209667,0.0006369067945347863,0.00029727069518985233,0.001712386298087533,0.0008700346856763894,0.0049505187108737,0.05757490349945601
2026-08-13 16:56:11.608000040,4761.0526760918565,14194.152266211184,12227.719217680997,12699.98650763492,376267.409113897,5062.6898514682125,10180.902200927181,4749.507234348699,27358.872712199834,13902.201155270037,79072.0803074725,919910.2582647004,0.0025055063982292146,0.002626805046927006,0.002791396052975966,0.0008132973853655015,0.0023574931858015877,0.0029130323951521626,7727.863492281849,20716.28704053678,26154.55362057605,19055.523087727466,10004.598992352949,49362.87165160798,4661.213609029497,5212.658477125986,24450.578615090486,7025.54467184768,6927.251297150434,32445.282379876906,0.0,0.0,0.0,0.0,0.0,1.1435644126998725,0.0005302827284717949,0.0015761112414589746,0.0013581774811196583,0.001401726815210644,0.04176677073377008,0.0005638788668153845,0.0011265417305538462,0.0005289968052179487,0.003047212172759829,0.0015427339836692306,0.00878406891184391,0.10211958339465727,0.00029941731274088783,0.0008926544647417252,0.0007689876752452714,0.0007986880403690403,0.023663039284273966,0.0003183869395478898,0.0006402656273027537,0.00029869123273792926,0.0017205691061227893,0.0008742939837647599,0.004972755272669937,0.05785213401975782
2026-08-13 16:56:26.608000040,4785.917747353075,14268.942929923078,12285.588292509477,12694.988884800594,378046.2213893519,5086.295960573398,10229.030400927182,4768.817261489016,27474.755470856177,13968.084383841466,79485.49020189907,924379.9264651751,0.0025169239901393606,0.0026387790344777587,0.0028050964644007015,0.0008168938105614552,0.002368258420450922,0.002914227926219503,7762.706221890897,20809.580316303287,26337.066132977805,19139.7871768392,10049.787774092158,49395.28953665768,4682.229690070736,5236.133049757247,24627.709227230003,7056.611839070621,6958.540312048367,32506.909481848885,0.0,0.0,0.0,0.0,0.0,1.1487961361542405,0.0005327986130871796,0.0015835889770358974,0.0013646212471452991,0.0014144489487231886,0.04196492988601368,0.0005665541456615384,0.0011318865190153846,0.0005315065888717948,0.0030616694307726497,0.001550053363476923,0.008827888384800642,0.1026040817103624,0.0003009810494446489,0.000897357966481829,0.0007726269970622626,0.000798373745421904,0.023774906811819235,0.0003198715015205048,0.000643292356324976,0.00029990561888919813,0.001727856844056066,0.0008784373068060298,0.004998754161586096,0.05813322648658767
2026-08-13 16:56:41.608000040,4808.571247353075,14336.277929923077,12343.581649652335,12808.206929443451,379847.2885609923,5110.371260573398,10278.316157493802,4791.389818631873,27604.803542284746,14044.686106155526,79843.61468555522,929084.3301602157,0.0025273261872252933,0.0026462628727326183,0.002818796875825437,0.0008204902357574087,0.0023771948056085655,0.002928825368209823,7587.334904854519,20492.093715939336,26519.57864537956,19224.051265950933,12529.31429023588,49386.518860770986,4577.826893850533,5156.246667823905,24804.839839369524,7087.6790062935615,6847.214144391535,32508.436191364883,0.0,0.0,0.0,0.0,0.0,1.1540278596086084,0.0005353144977025641,0.0015910667126128207,0.00137106501317094,0.0014271710822357335,0.042163089038257266,0.0005692294245076923,0.0011372313074769229,0.000534016372525641,0.0030761266887854703,0.0015573727432846153,0.008871707857757372,0.10308858002606752,0.00030240570288909334,0.0009015925898151624,0.0007762741348559134,0.0008054939024516659,0.023888173925057956,0.0003213855703871715,0.0006463918827934991,0.0003013251819272933,0.0017360354227703514,0.0008832547040093363,0.005021276212447139,0.05842908120785356
2026-08-13 16:56:56.608000040,4833.377320755153,14402.501900154988,12403.264128063136,12801.015987351282,381620.32875057333,5137.127405957402,10326.449799003234,4809.460347658273,27734.761801033816,14110.619681627224,80253.78175988862,933890.6439589236,0.0025387391855351575,0.0026582165397395054,0.002826547937566486,0.0008240866609533624,0.0023879517485650625,0.002948012433709235,7621.2372683312105,20583.56420701377,28783.679347348167,19308.315355062667,12585.403901729358,49432.28392744771,4598.281922293972,5179.2625890540485,26776.443049629805,7118.7461735165025,6877.866865863361,32529.92654980205,0.0,0.0,0.0,0.0,0.0,1.1592595830629764,0.0005378303823179488,0.0015985444481897437,0.0013775087791965811,0.0014398932157482786,0.042361248190500855,0.0005719047033538461,0.0011425760959384614,0.0005365261561794872,0.00309058394679829,0.0015646921230923075,0.008915527330714103,0.10357307834177265,0.0003039657292830463,0.0009057573417208581,0.0007800274996093038,0.0008050416720934249,0.023999678452536054,0.000323068234641321,0.0006494189540262034,0.000302461617419398,0.0017442083532650152,0.0008874011933112232,0.005047071164010772,0.058731344942305634
2026-08-13 16:57:11.608000040,4856.0409339626995,14469.831735060648,12461.26543466691,12912.856748889744,383414.2542706811,5161.215297466836,10375.578962600881,4832.011814639405,27864.80956518476,14181.184017929816,80602.75050441921,938472.1023356983,0.002550152183845022,0.0026701702067463916,0.0028399165132827063,0.0008276830861493159,0.002398708691521559,0.0029612089383311752,7655.139631807901,20675.03469808821,29076.092823115105,19392.5794441744,12641.493513222831,49646.425736818695,4618.736950737411,5202.278510284193,27053.663607337898,7149.8133407394425,6908.519587335184,32671.841346993537,0.0,0.0,0.0,0.0,0.0,1.1644913065173446,0.0005408390934691825,0.0016067432205241093,0.0013841294323345913,0.0014256396678577021,0.042562039394142555,0.0005748277332587003,0.001148649811525367,0.0005381628625048218,0.003103429017561426,0.0015734232163572331,0.008954679773324363,0.10416328126695767,0.00030539101873587637,0.0009099916402271474,0.0007836751373357189,0.0008120752133190661,0.024112496435245056,0.00032458309537402544,0.0006525086325368997,0.00030387985412065594,0.0017523869126549526,0.000891838906016475,0.005069017420611253,0.05901946776911168
2026-08-13 16:57:26.608000040,4878.0453179943925,14531.554312029024,12520.670591727636,12903.81141560606,385182.39507106895,5186.908459321895,10423.717242974712,4851.640052807476,27990.957189665154,14247.139158116734,80998.4110622922,942919.4523353312,0.0025615651821548862,0.0026821238737532787,0.002853285088998927,0.0008265530490037096,0.0024094656344780564,0.002973849565770279,7689.041995284591,20766.50518916265,29368.506298882046,20781.504919340317,12697.583124716306,49463.47877293315,4639.191979180848,5225.294431514337,27330.884165045994,8711.135552904132,6939.172308807009,32534.82162453785,0.0,0.0,0.0,0.0,0.0,1.1407731337745641,0.0005433572727144654,0.0016142243132914046,0.0013905740219572328,0.0014380610298368687,0.042760210801375265,0.0005775041656486374,0.0011539979939153041,0.000540668581058281,0.0031178787691337534,0.0015807491691874215,0.008998471778136638,0.10464827174966207,0.000306774849998314,0.0009138733045120475,0.0007874110616575379,0.0008115063623592254,0.024223692845580555,0.0003261989097751325,0.0006555359955026318,0.0003051142522098924,0.001760320196594497,0.0008959867514993411,0.005093900073473043,0.0592991566690886
2026-08-13 16:57:41.608000040,4900.70588808785,14598.85820455239,12578.67845154072,13014.243688333334,386969.51835317543,5211.003828480774,10472.920270683711,4874.177959349533,28120.9869466745,14312.075476588663,81358.82754134004,947532.3451071049,0.002572978180464751,0.002694077540760165,0.002866653664715147,0.0008301288878643102,0.0024202225774345534,0.002987501448569874,7722.944358761282,20857.975680237087,29660.919774648988,20871.40999314279,12753.67273620978,49277.90148387291,4659.647007624286,5248.310352744481,27608.104722754088,8748.821720861022,6969.825030278834,32390.325851366102,0.0,0.0,0.0,0.0,0.0,1.1458753754225086,0.0005458754519597485,0.0016217054060587003,0.0013970186115798743,0.0014504823918160355,0.04295838220860796,0.0005801805980385743,0.0011593461763052411,0.00054317429961174,0.003132328520706079,0.00158807512201761,0.00904226378294891,0.10513326223236644,0.0003081999480730804,0.0009181059715307392,0.0007910591115080052,0.0008184513252885184,0.0243360830430997,0.000327714240768902,0.0006586303192452201,0.0003065316361102039,0.0017684976235353073,0.0009000705244165758,0.0051165662653776065,0.05958925637006904
2026-08-13 16:57:56.608000040,4923.404491281884,14663.059240532171,12639.759270997554,13006.243397092787,388740.7738643064,5235.953129002498,10521.063465128158,4893.156291462316,28249.35025283882,14378.025948810884,81754.01967954359,952051.9321533518,0.0025843911787746155,0.0027060312077670516,0.0028800222404313674,0.0008337047267249107,0.0024309795203910503,0.0029999654613142883,7756.846722237973,20949.446171311523,29953.333250415926,20961.315066945266,12809.76234770326,49404.76868465135,4680.102036067725,5271.326273974624,27885.32528046218,8786.507888817912,7000.477751750659,32480.404313699073,0.0,0.0,0.0,0.0,0.0,1.1509776170704529,0.0005483936312050315,0.001629186498825996,0.0014034632012025156,0.001462903753795202,0.04315655361584067,0.0005828570304285115,0.0011646943586951783,0.0005456800181651992,0.003146778272278407,0.001595401074847799,0.009086055787761184,0.10561825271507086,0.0003096274380072829,0.0009221435033490231,0.0007949004163760684,0.0008179481958616129,0.024447475334133044,0.0003292832745572682,0.000661657991251393,0.0003077251623297412,0.0017765702492340857,0.0009042180763363287,0.005141419459846852,0.05987348817764412
2026-08-13 16:58:11.608000040,4946.065255170772,14730.348921087729,12697.781284886445,13115.381129182337,390511.5882716452,5260.0524484469415,10568.977529824362,4915.6778331289825,28379.372447283262,14429.006597393269,82107.46336543947,956316.2186800498,0.002550525607638889,0.0027179848747739383,0.002888375933835211,0.0008372805655855115,0.002441563748321642,0.00300010230288421,7656.248888888889,21040.91666238596,28498.772958099005,21051.220140747744,12499.23739395604,49324.09773969792,4619.406222222223,5294.342195204768,26543.957880421745,8824.194056774806,6830.777255280436,32436.934958064394,0.0,0.0,0.0,0.0,0.0,1.1560798587183971,0.0005508425486213991,0.0016356915113226339,0.0014104111478065843,0.0014484307966216834,0.04335323010653827,0.0005858112554329218,0.0011702747558106996,0.0005474583059679011,0.003160606470121811,0.0016031377573942386,0.009121381898197192,0.10618155722221892,0.0003110525482696285,0.0009263752765928504,0.0007985493563606365,0.000824811746568578,0.024558839884639017,0.00033079885398010764,0.0006646712535422877,0.00030914151706122264,0.0017847472005735917,0.00090742419268051,0.005163647140537637,0.06014166441921201
2026-08-13 16:58:26.608000040,4966.55197157456,14795.944761173498,12752.091995501843,13122.98807357843,392287.1903743043,5288.150984239115,10617.11969954913,4937.792997745211,28513.033457939215,14494.888744182263,82512.372057658,960773.5452383542,0.0026105348372582222,0.0026782240895061736,0.002901525792215337,0.000840856404446112,0.0024523199289550202,0.0030222003701963944,7586.949113625256,20736.663703703707,28716.72511620661,21141.12521455022,12553.72628591116,49090.887979334824,4577.5941262863125,5217.785679012346,26750.585904885396,8861.880224731694,6860.555190693715,32297.36983716539,0.0,0.0,0.0,0.0,0.0,1.138595267153742,0.0005533604112757202,0.0016431681424954733,0.0014168580382386833,0.0014605492855105724,0.04355139468061235,0.0005884889575934157,0.00117562399963786,0.0005499606994864198,0.0031750533806156386,0.0016104655876411523,0.009165128917351151,0.10666690567283621,0.0003123409351012446,0.0009305005260915776,0.0008019648966060048,0.0008252901388494879,0.024670505527984023,0.00033256593967548206,0.0006676988611049785,0.00031053231519153214,0.0017931529930215104,0.0009115674476896844,0.005189111398292713,0.060421980733878715
2026-08-13 16:58:41.608000040,4989.202838547038,14863.226765760652,12810.097174400928,13231.53469122549,394066.55909958336,5312.268562220767,10663.871826496572,4960.312704167231,28643.072352434632,14558.75378753019,82877.91237414247,965290.809420725,0.002621962383811218,0.0027355620407234385,0.0029146756505954627,0.0008403884563857785,0.002463076109588398,0.003035376265813127,7619.819117282608,20499.725694995588,28934.677274314214,20743.41010606134,12608.215177866276,49296.89494034076,4597.426279292675,5158.167036094869,26957.213929349047,8695.167071139997,6890.333126106992,32433.808221303236,0.0,0.0,0.0,0.0,0.0,1.1435982621106842,0.0005558782739300411,0.001650644773668313,0.001423304928670782,0.0014726677743994614,0.04374955925468642,0.0005911666597539093,0.0011809732434650206,0.0005524630930049383,0.003189500291109465,0.0016177934178880655,0.009208875936505108,0.10715225412345351,0.00031376542295751366,0.0009347318166022808,0.0008056127778567694,0.0008321165150259586,0.02478240805004046,0.00033408266735743936,0.0006706390504218955,0.0003119485545065169,0.0018013309946086668,0.0009155838493046762,0.005212099822640515,0.06070606645912559
2026-08-13 16:58:56.608000040,5007.279919711214,14923.544171515028,12866.866770440405,13244.619358891303,395846.11762696574,5343.534711448182,10712.007740132936,4985.103106968789,28793.981421817174,14624.626832984737,83282.48556756992,969827.5356816895,0.002633389930364213,0.0027474880609702637,0.0029278255089755885,0.0008541302412851602,0.002473832290221777,0.0030449703180948917,7652.689120939959,20588.066645894258,29152.629432421818,21082.60024794294,12662.70406982139,49413.83187502843,4617.258432299037,5180.3954984481015,27163.8419538127,8837.347886033225,6920.111061520268,32517.925915556694,0.0,0.0,0.0,0.0,0.0,1.148601257067626,0.0005583961365843623,0.0016581214048411526,0.001429751819102881,0.0014847862632883504,0.0439477238287605,0.0005938443619144033,0.0011863224872921813,0.0005549654865234569,0.0032039472016032926,0.0016251212481349796,0.009252622955659066,0.1076376025740708,0.00031490227050628294,0.000938525111230834,0.0008091829546743631,0.0008329393952369419,0.024894322508540286,0.0003360489607421856,0.000673666264546138,0.00031350759539381496,0.0018108214983053909,0.0009197265319410401,0.005237542981249397,0.06099137613287069
2026-08-13 16:59:11.608000040,5029.910133347576,14990.794816969574,12924.866424985861,13352.756728456521,397627.3812412407,5367.684615993636,10760.666433085667,5007.633093332424,28924.114739998993,14683.980728873708,83641.32785584277,974143.6065618392,0.0026448174769172082,0.0027594140812170886,0.0029409753673557146,0.0008541302412851602,0.0024845884708551555,0.0030590750156064416,7685.559124597311,20676.407596792924,29370.581590529422,21082.60024794294,12717.192961776505,49268.325059266164,4637.090585305399,5202.623960801332,27370.469978276353,8837.347886033225,6949.888996933545,32402.521771850883,0.0,0.0,0.0,0.0,0.0,1.153604252024568,0.0005601577994739396,0.001664631813748687,0.0014356452564913134,0.0014747065601879582,0.04414273686519758,0.0005977741794690909,0.0011914915118117174,0.0005576769086860606,0.003221144719280808,0.0016305325605575757,0.009291222829425686,0.10815681926562991,0.00031632545949719204,0.0009427544296005308,0.0008128304885046663,0.0008397400342562655,0.02500634419806025,0.00033756772140582195,0.0006767263556807208,0.00031492448120290576,0.0018190054380932698,0.0009234592325047243,0.005260110174045222,0.06126280903488899
2026-08-13 16:59:26.608000040,5046.783476718417,15052.515457320556,12992.864348217705,13375.487570969965,399435.04510872747,5404.595941511828,10808.804703355938,5036.83309509281,29092.951743968173,14749.824566711548,84078.67393155258,978644.1496382942,0.0026562450234702034,0.002771340101463914,0.002955951405802445,0.0008541302412851602,0.002496911773836348,0.00307006825930644,7718.429128254661,20764.74854769159,28512.62894139545,21082.60024794294,12475.665873274738,49099.52940433888,4656.922738311761,5224.852423154563,26617.64661512919,8837.347886033225,6817.8955247982185,32254.380578179243,0.0,0.0,0.0,0.0,0.0,1.1385227562390194,0.0005626722676557578,0.0016721041076880807,0.0014420896625519195,0.001486711662312141,0.044340887292470314,0.0006004575021963637,0.0011968399466602022,0.0005601802405042426,0.003235603976856566,0.0016378517878303034,0.009334945480940838,0.10864231974593296,0.0003173866053136248,0.0009466359720937149,0.0008171068023434689,0.0008411695516854444,0.02512002617017108,0.0003398890336550771,0.0006797537180110511,0.00031676083686917007,0.0018296234096762203,0.0009276000783065263,0.005287614382806528,0.061545843188363834
2026-08-13 16:59:41.608000040,5069.387922664362,15119.741430293529,13050.90871308257,13483.518072068864,401197.07941492175,5428.803022592909,10855.095933847344,5059.392973471188,29223.258514238445,14809.220356111919,84429.63417376227,983107.3796342827,0.002667672570023199,0.0027832661217107387,0.0029691666516372447,0.0008541302412851602,0.002507674722023822,0.0030832257911660972,7751.299131912012,20853.089498590256,28696.47479801691,21082.60024794294,12528.892654127816,49520.35128521089,4676.754891318124,5247.080885507795,26791.957856842473,8837.347886033225,6846.983722146867,32534.786132144727,0.0,0.0,0.0,0.0,0.0,1.1434390241310657,0.0005651867358375757,0.0016795764016274744,0.0014485340686125252,0.0014987167644363241,0.044539037719743026,0.0006031408249236363,0.0012021883815086867,0.0005626835723224242,0.0032500632344323235,0.0016451710151030301,0.009378668132455989,0.10912782022623596,0.0003188081738031143,0.0009508637388384596,0.0008207571479560816,0.000847963469865664,0.025230838549871744,0.00034141139008750956,0.000682664922061955,0.00031817960255385466,0.0018378182576732178,0.0009313354135065939,0.00530968588248327,0.061826530763667106
2026-08-13 16:59:56.608000040,5089.328770615828,15194.53091675999,13114.371978516236,13496.888032100269,403002.33095711004,5462.611842313799,10903.226032061631,5088.073723231413,29386.72332023296,14875.035561469065,84866.95898366196,987705.8657930946,0.002633044075203252,0.0027951921419575644,0.0029823818974720447,0.0008492968401940101,0.002518437670211296,0.0030953383411486167,7756.326051138009,21201.828215679943,29128.049885407596,22505.166592413887,12582.119434980894,51611.287221612554,4679.787888584562,5334.830964775499,27073.92038060704,10371.726783397638,6876.071919495515,32809.62677610374,0.0,0.0,0.0,0.0,0.0,1.1483552920231122,0.000567701204019394,0.0016870486955668689,0.0014549784746731315,0.0015107218665605072,0.04473718814701576,0.000605824147650909,0.001207536816357172,0.0005651869041406061,0.003264522492008081,0.0016524902423757577,0.00942239078397114,0.10961332070653901,0.0003200622315742843,0.0009555671665429059,0.0008247482822044653,0.000848804291796528,0.02534436881352492,0.0003435375891944011,0.0006856917704607647,0.00031998330303877547,0.0018480983776946504,0.0009354744586434988,0.005337188753861407,0.06211572444876573
2026-08-13 17:00:11.608000040,5111.921409008686,15261.790394438562,13172.44038030195,13604.43222827733,404764.90936880035,5486.8615655280855,10948.30246837465,5110.660790195699,29517.17738273296,14932.748966367637,85216.22897042597,992026.3210567501,0.002633044075203252,0.002798538239702376,0.0029955971433068443,0.0008492968401940101,0.0025292006183987702,0.0031084914057744966,7723.4560474806585,20659.09676567912,29311.895742029054,22505.166592413887,12774.427404738819,51591.3937334958,4659.955735578201,5198.268187473086,27248.231622320323,10371.726783397638,6981.167363675716,32798.77429934004,0.0,0.0,0.0,0.0,0.0,1.1532715599151586,0.0005692688851722222,0.0016947435359055557,0.0014631551115666668,0.001502491661046234,0.04493791909645556,0.000611022610988889,0.0012127387194555556,0.00056912850135,0.003287063575055556,0.0016583520671444444,0.009467327227116669,0.11014348896911669,0.0003214830574998796,0.0009597970403613583,0.0008284001394723227,0.0008555676268005521,0.025455215411415665,0.0003450626273432107,0.0006885265774555613,0.00032140377858341833,0.0018563024887363168,0.0009391039905515645,0.005359153955251233,0.06238743307979116
2026-08-13 17:00:26.608000040,5131.497302039226,15321.612251256132,13232.21333442191,13604.093467988889,406536.1501892733,5523.420393725856,10996.419163064917,5142.406010104091,29687.267650247435,14998.528506190643,85637.70486045722,996387.2404321533,0.0027014318778005746,0.0028104277443575746,0.003008812389141644,0.0007935072817782917,0.0025399635665862438,0.003120635721837207,7623.458382639196,20659.09676567912,29396.235802515694,21006.70916306947,12774.427404738819,51464.390207671895,4599.622034064563,5198.268187473086,27422.542864033607,10550.648579039005,6981.167363675716,32725.004236290286,0.0,0.0,0.0,0.0,0.0,1.158187827807205,0.0005717791783269842,0.0017022168112031744,0.001469607156209524,0.0015144288824748052,0.045136080903003174,0.0006137170246793651,0.0012180865081460315,0.0005716381754571428,0.0033015584708888887,0.0016656648677396823,0.009511050342692064,0.11062918642000952,0.00032271416366157793,0.0009635591704678854,0.0008321591941425333,0.0008555463225424123,0.02556660677856985,0.00034736177142764824,0.000691552582921638,0.0003234002001909906,0.0018669992766711162,0.0009432407927226559,0.005385660105668754,0.0626616864538443
2026-08-13 17:00:41.608000040,5154.076682570199,15388.839118512768,13290.289259200672,13710.698234655554,408309.4858731851,5547.724296380723,11042.382277119492,5165.033390635063,29817.896212194333,15063.365627375206,85995.97443117383,1000931.7442650603,0.0027128572072733555,0.0028223172490127735,0.0030197434666143974,0.0007935072817782917,0.002552555905766434,0.0031315481101841596,7623.458382639196,20659.09676567912,28441.080755997456,21006.70916306947,12549.327075775094,50698.277947103896,4599.622034064563,5198.268187473086,26549.509171415728,10550.648579039005,6858.151042057162,32167.100757844004,0.0,0.0,0.0,0.0,0.0,1.1393818259747495,0.0005742894714817461,0.0017096900865007935,0.0014760592008523808,0.0015263661039033767,0.0453342427095508,0.0006164114383698414,0.001223434296836508,0.0005741478495642857,0.0033160533667222223,0.0016729776683349206,0.009554773458267461,0.11111488387090239,0.00032413415581497026,0.000967786993453136,0.0008358115245230643,0.0008622505778683382,0.025678129889358085,0.00034889021686127647,0.0006944431520944035,0.0003248232110110495,0.00187521436178911,0.0009473183272327072,0.00540819128089382,0.06294748525044712
2026-08-13 17:00:56.608000040,5173.629998275941,15453.692274074163,13350.90140519048,13720.877606625998,410088.6875741566,5575.745006774437,11090.489606066858,5188.16718329574,29976.595585827825,15129.141074743626,86410.40715703674,1005629.7011064106,0.0027242825367461373,0.002834206753667973,0.0030328893451404735,0.0007935072817782917,0.0025633265871274975,0.0031424015330298433,7623.458382639196,20659.09676567912,28468.776493232697,21006.70916306947,12549.327075775094,50676.16191854921,4599.622034064563,5198.268187473086,26577.663059091858,10550.648579039005,6858.151042057162,32154.655627411827,0.0,0.0,0.0,0.0,0.0,1.1441978233635761,0.0005767997646365079,0.001717163361798413,0.0014825112454952384,0.0015383033253319482,0.04553240451609842,0.0006191058520603176,0.0012287820855269842,0.0005766575236714288,0.0033305482625555563,0.0016802904689301589,0.009598496573842858,0.11160058132179525,0.0003253638421137981,0.0009718655363473307,0.0008396233550375345,0.000862890747261146,0.025790021907441403,0.0003506524082038145,0.0006974685685593156,0.00032627806952726534,0.001885194789064283,0.0009514548720338769,0.005434254494542532,0.06324293453624759
2026-08-13 17:01:11.608000040,5196.196195644362,15520.90883986364,13408.988405190477,13826.872981197916,411859.43512572604,5600.065138353384,11139.467342825903,5210.796788558898,30107.346677933085,15188.09164863858,86760.9741069061,1010049.099589959,0.002735707866218918,0.002840871168683378,0.003046035223666549,0.0007935072817782917,0.002574097268488562,0.003125856898557424,7623.458382639196,20299.577120461985,28496.472230467938,21006.70916306947,12549.327075775094,49534.7343662054,4599.622034064563,5107.517374055565,26605.816946767987,10550.648579039005,6858.151042057162,31140.63385850208,0.0,0.0,0.0,0.0,0.0,1.1490138207524023,0.000578632069185965,0.0017235363101434703,0.0014894401770074077,0.0015272771391911897,0.04572530890307447,0.0006236056447017545,0.001233546035132164,0.0005802579453021443,0.003352659455113451,0.001686583813437817,0.009638854812710755,0.11213525937515167,0.00032678300519274535,0.0009760927114847576,0.0008432763819264232,0.0008695566785953355,0.025901382253462325,0.0003521818742564461,0.0007005487240043846,0.0003277012202582595,0.0018934175799677913,0.0009551622081254926,0.005456301260500983,0.0635208655964352
2026-08-13 17:01:26.608000040,5216.073751607581,15575.049467554323,13469.238494241632,13829.200159036302,413627.7942628643,5630.425207737676,11187.578447173728,5236.432060145764,30252.371075426374,15253.837574725536,87165.09500319304,1014197.9540158818,0.002730937581295171,0.0028482334187737057,0.0030584413407145797,0.0008023633275228597,0.0025848679498496267,0.003115152660018796,5820.652570417059,20299.577120461985,28524.16796770318,20509.146556077554,12549.327075775094,48784.77747952736,2756.14863990908,5107.517374055565,26633.970834444117,10304.717890645325,6858.151042057162,30303.231629169215,0.0,0.0,0.0,0.0,0.0,1.153829818141229,0.0005811394244491229,0.0017310048174534116,0.0014958942881185184,0.001539040526922671,0.04592344792792827,0.0006263078815438596,0.0012388912939040935,0.0005827723458869395,0.0033671873542362573,0.0016938921964787523,0.009682556903235488,0.11262116907105808,0.0003280330826010989,0.0009794975554039717,0.000847065443082307,0.0008697030322238383,0.02601259239475346,0.0003540911852866138,0.0007035743779000366,0.0003293133940047225,0.001902538003187925,0.0009592968963660725,0.0054817159746452515,0.06378178244144322
2026-08-13 17:01:41.608000040,5238.628338564102,15642.209671902148,13527.33486380685,13934.361598622945,415404.2305558809,5654.771472955066,11238.820291543103,5259.074677537068,30383.18397542637,15318.181567725936,87517.53099090977,1018638.118384934,0.0027295801840452757,0.002824915453272523,0.003044642696186415,0.0007973662673272811,0.0025226536056471545,0.0030819417876870097,5695.694441837222,18480.0832107229,27219.53442512516,19111.794436766362,10614.401274837543,46373.94136781289,2696.9794708229024,2953.384334686922,25299.83620512059,8813.742550638579,4979.039309087195,27619.154200257613,0.0,0.0,0.0,0.0,0.0,1.1592295403793045,0.0005836467797122808,0.0017384733247633533,0.00150234839922963,0.0015508039146541527,0.046121586952782075,0.000629010118385965,0.0012442365526760233,0.000585286746471735,0.003381715253359065,0.0017012005795196885,0.009726258993760225,0.11310707876696453,0.00032945151551414236,0.0009837211860329572,0.0008507190592127417,0.0008763165183133984,0.026124310499403173,0.00035562229485472965,0.000706796920557044,0.0003307373630539978,0.0019107646811212585,0.0009633434185925421,0.005503880282317214,0.06406101944509696
2026-08-13 17:01:56.608000040,5261.76341508099,15711.810301796326,13600.27250718421,13936.30346687111,417198.33505545725,5683.464004817603,11286.944817405174,5279.936914263158,30519.205104355216,15383.921498760417,87944.14635028833,1023125.7447070032,0.0027295801840452757,0.002824915453272523,0.003001670271651802,0.0007973662673272811,0.0025668627489816263,0.003091953049145643,5695.694441837222,18480.0832107229,26753.788664039694,19111.794436766362,10800.41713778378,46414.81751884919,2696.9794708229024,2953.384334686922,24861.30119867175,8813.742550638579,5066.296260255857,27642.038098133122,0.0,0.0,0.0,0.0,0.0,1.1641802517926667,0.0005861541349754387,0.0017459418320732941,0.0015088025103407409,0.001562567302385634,0.04631972597763587,0.0006317123552280703,0.0012495818114479534,0.0005878011470565304,0.003396243152481871,0.001708508962560624,0.009769961084284958,0.11359298846287097,0.0003309064547706488,0.0009880982923129687,0.000855306026562918,0.000876438640249894,0.02623713973793209,0.0003574267363029737,0.0007098234185168141,0.00033204936594143856,0.0019193188987850056,0.0009674777298109327,0.005530709648251465,0.06434324127824041
2026-08-13 17:02:11.608000040,5284.320505598232,15778.980961279083,13658.43238218421,14040.634960204445,418995.74034249474,5707.828918610708,11337.523714813702,5302.571914263158,30650.04041901039,15466.207895446623,88295.72657103703,1027580.0779588581,0.0027295801840452757,0.0028222360444236797,0.0030436922405061464,0.0007973662673272811,0.0025668627489816263,0.0030884874006552932,5695.694441837222,21136.75536016842,26252.769731367247,19111.794436766362,10800.41713778378,45848.69956547196,2696.9794708229024,2899.3149566852235,24389.386580749073,8813.742550638579,5066.296260255857,27251.766203917305,0.0,0.0,0.0,0.0,0.0,1.1691309632060292,0.0005884239290536399,0.0017522128281463605,0.0015171576376222225,0.001551141900202251,0.046515292508915715,0.0006355827802452108,0.0012553756686819924,0.0005904562746666669,0.00341296807979387,0.001714890867040613,0.009809299738456746,0.11407926301933334,0.00033232504512984427,0.000992322580453773,0.0008589636364795847,0.0008829999319417461,0.02635017655931689,0.0003589590186592956,0.0007130042691760616,0.00033347285594143857,0.001927546986351098,0.0009726526298691986,0.005552820137689661,0.0646233693471904
2026-08-13 17:02:26.608000040,5309.872082385024,15847.028401347598,13720.159576671127,14046.267750166668,420785.0419542644,5735.624742811073,11385.658676352165,5322.491891327127,30776.66764099658,15532.018254420982,88717.94428067881,1032077.0582310878,0.0027295801840452757,0.0028222360444236797,0.003043681049868665,0.0007973662673272811,0.0025668627489816263,0.0030760804744929555,5695.694441837222,21136.75536016842,26270.49695302758,19111.794436766362,10800.41713778378,45557.565387076465,2696.9794708229024,2899.3149566852235,24409.2522198282,8813.742550638579,5066.296260255857,27059.666787147296,0.0,0.0,0.0,0.0,0.0,1.1523646723646723,0.0005909302724444445,0.0017596762347555552,0.0015236198459555555,0.0015627188719239725,0.046713420576444446,0.0006382899928888887,0.0012607228382222222,0.0005929712746666668,0.003427505336977778,0.0017221953038222219,0.0098529758602807,0.11456517426933333,0.0003339319554033248,0.0009966020083514153,0.0008628455911550951,0.0008833541718438147,0.02646270374956818,0.00036070706715900745,0.0007160314234239249,0.0003347256011656837,0.0019355104316448957,0.000976791370222475,0.005579372940318244,0.06490617943986618
2026-08-13 17:02:41.608000040,5332.441915718358,15914.202798783495,13778.334615132664,14149.876776482457,422581.07421103836,5760.0042556315875,11433.340259236766,5345.115365686102,30907.485153817095,15609.156419713583,89064.68079209382,1036627.9208999868,0.0027295801840452757,0.0028222360444236797,0.003043669859231183,0.0007959616865077157,0.002566846527925662,0.0030853976519711938,5695.694441837222,21136.75536016842,26288.22417468791,20583.052360285175,10584.589694374641,45335.74946004924,2696.9794708229024,2899.3149566852235,24429.117858907317,8636.06198886521,4965.055191929058,26914.873621211747,0.0,0.0,0.0,0.0,0.0,1.1413972118068738,0.0005934366158352491,0.0017671396413647508,0.001530082054288889,0.0015742958436456942,0.046911548643973185,0.000640997205532567,0.0012660700077624524,0.0005954862746666667,0.003442042594161686,0.0017294997406038315,0.00989665198210466,0.11505108551933335,0.0003353513471440656,0.0010008265315679396,0.0008665041546850097,0.0008898700283876744,0.026575654222605296,0.000362240267631942,0.000719030065192001,0.00033614836633092597,0.0019437373996733863,0.000981642503728654,0.005601178814258343,0.06519237813659916
2026-08-13 17:02:56.608000040,5357.844809169668,15979.403658383962,13835.335828682644,14157.693657650432,424358.94506975124,5782.398531243191,11481.473327033376,5360.788491025424,31024.916822344654,15675.014593442394,89470.68603793156,1041276.582654281,0.0027278616928110727,0.0028222360444236797,0.0030436586685937015,0.0007900145939140073,0.002566846527925662,0.0030741094014540304,5630.710334813851,21136.75536016842,26305.951396348242,20906.509996212553,10584.589694374641,45426.72439298042,2623.146856538098,2899.3149566852235,24448.983497986443,8771.775591772352,4965.055191929058,26970.68470788264,0.0,0.0,0.0,0.0,0.0,1.146189894578452,0.0005959429592260536,0.0017746030479739465,0.0015365442626222225,0.001585872815367416,0.047109676711501916,0.0006437044181762451,0.001271417177302682,0.0005980012746666667,0.0034565798513455934,0.0017368041773854403,0.009940328103928614,0.11553699676933334,0.0003369489068877813,0.0010049269411828133,0.0008700888976704862,0.000890361623358905,0.026687462545497687,0.0003636486187426274,0.0007220571003445433,0.0003371340317689322,0.0019511225468274525,0.0009857842510987106,0.005626712033052141,0.065484727309147
2026-08-13 17:03:11.608000040,5380.426597305261,16119.869491525424,13960.833559322034,14314.223326600793,427631.9815001072,5806.769692260141,11547.698823529412,5383.382685940678,31155.678000310756,15809.514957983192,90071.8767969537,1049033.537704526,0.0027278616928110727,0.0028192926169621083,0.0030436720330904534,0.0008045765951258698,0.002566846527925662,0.003074806939979984,5630.710334813851,21641.61079415317,28656.476063060516,21291.870755679487,10584.589694374641,45395.77215649478,2623.146856538098,2902.131715691038,26626.14060215536,8933.461980582884,4965.055191929058,26821.776773114743,0.0,0.0,0.0,0.0,0.0,1.1513789731953439,0.0005991045410425614,0.0017819460965988701,0.001543278801319021,0.001575648843754705,0.047310956118430135,0.0006465773723525424,0.0012769909680361584,0.0005994336982372882,0.0034691502303171376,0.0017472456436482108,0.00997894326305189,0.11609635593992391,0.000338369050452753,0.001013760681355932,0.0008779813105084745,0.0009002056003173387,0.026893300169895627,0.0003651812939799154,0.0007262219482352942,0.0003385549555824915,0.001959345972019543,0.0009942428295798317,0.0056645202518973104,0.06597255359341797
2026-08-13 17:03:26.608000040,5424.334789915966,16116.75831932773,13960.06487394958,14272.124988314163,427978.2887394958,5848.674957983193,11547.698823529412,5418.732100840336,31376.26588235294,15809.514957983192,90319.70168179594,1050343.1628151261,0.0027278616928110727,0.0028192926169621083,0.0030410392897943957,0.0008045765951258698,0.0025648262185396127,0.003072790351121588,5630.710334813851,21641.61079415317,29510.152764840353,21291.870755679487,10723.241455669628,45451.02139991859,2623.146856538098,2902.131715691038,27408.234610456268,8933.461980582884,4997.683257804423,26778.072921512932,0.0,0.0,0.0,0.0,0.0,1.156315527861998,0.0006016136286131827,0.001789408999141243,0.0015497421501890773,0.0015870706266494419,0.04750909738396686,0.0006492852791322033,0.001282339086680226,0.0006019441643389832,0.0034836792500911487,0.0017545632185069682,0.010022589886041895,0.1165825747944437,0.00034113038789915966,0.001013565023193277,0.0008779329687394957,0.000897558082598424,0.026915079047394954,0.0003678166695798319,0.0007262219482352942,0.00034077804100840335,0.001973218498823529,0.0009942428295798317,0.005680105683544055,0.06605491446148459
2026-08-13 17:03:41.608000040,5424.334789915966,16116.75831932773,13960.06487394958,14323.677596739073,428000.3334453782,5848.674957983193,11550.30655462185,5418.732100840336,31376.26588235294,15818.330420168066,90281.19965809796,1050622.1870168068,0.0027278616928110727,0.002816395456027578,0.003041058339241139,0.0008045765951258698,0.0025648847909913596,0.003081018367729287,5630.710334813851,21089.785700335568,29569.20353454392,21291.870755679487,10537.211308567385,45404.125247235024,2623.146856538098,2828.1321820373364,27466.458216232415,8933.461980582884,4910.981885326401,26784.566096710285,0.0,0.0,0.0,0.0,0.0,1.1612520825286525,0.0006041227161838042,0.0017968719016836156,0.0015562054990591338,0.0015984924095441785,0.047707238649503575,0.0006519931859118645,0.0012876872053242938,0.000604454630440678,0.00349820826986516,0.0017618807933657253,0.0100662365090319,0.11706879364896348,0.00034113038789915966,0.001013565023193277,0.0008779329687394957,0.0009008001688615905,0.0270134034651661,0.0003678166695798319,0.0007324900291222371,0.00034077804100840335,0.001973218498823529,0.0010031568647411904,0.005693952770540975,0.06630956411980583
2026-08-13 17:03:56.608000040,5421.751260504202,16135.015462184872,13965.56168067227,14276.709954549338,428021.26789915963,5846.974789915966,11550.30655462185,5404.72537815126,31387.43193277311,15818.330420168066,90387.47893892779,1050693.4488655461,0.0027278616928110727,0.002816395456027578,0.0030410773886878828,0.0008045765951258698,0.0025648847909913596,0.003079659035411514,5630.710334813851,21089.785700335568,29628.254304247494,21291.870755679487,10537.211308567385,44720.31207770346,2623.146856538098,2828.1321820373364,27524.681822008566,8933.461980582884,4910.981885326401,26317.526794390757,0.0,0.0,0.0,0.0,0.0,1.1410287241501862,0.0006066318037544257,0.0018043348042259889,0.00156266884792919,0.0016099141924389153,0.047905379915040305,0.0006547010926915253,0.0012930353239683614,0.000606965096542373,0.0035127372896391717,0.0017691983682244822,0.010109883132021904,0.11755501250348327,0.0003438574711864407,0.0010232401962573263,0.0008857216962711864,0.0009039129559361589,0.027143981807386478,0.0003708259322033897,0.0007324900291222371,0.00034277765830508465,0.0019906488610169485,0.0010031568647411904,0.005729973365598399,0.06663021940521117
2026-08-13 17:04:11.608000040,5421.751260504202,16135.015462184872,13965.56168067227,14327.79126309364,427983.96403361345,5846.974789915966,11554.898823529413,5404.72537815126,31387.43193277311,15787.315966386554,90337.93338572193,1050911.312394958,0.002735984459536214,0.002816395456027578,0.003041096438134626,0.0008000490301918025,0.0025648847909913596,0.003079775269551232,5819.568466467836,21089.785700335568,29687.305073951065,20746.050595559394,10537.211308567385,44696.48763703441,2882.984339257435,2828.1321820373364,27582.905427784714,8704.45140163374,4910.981885326401,26308.868133435797,0.0,0.0,0.0,0.0,0.0,1.1458587752185425,0.0006098017585948149,0.0018116005101518518,0.0015693297248866667,0.0016006378379830096,0.04810650925938741,0.000657114001791111,0.0012980316148162962,0.0006083727646407407,0.0035255658007785186,0.0017790216059888888,0.010149815524893704,0.11808366207482446,0.0003438574711864407,0.0010232401962573263,0.0008857216962711864,0.000907147108394699,0.02723855043765109,0.0003708259322033897,0.0007388877692140385,0.00034277765830508465,0.0019906488610169485,0.001009533259826283,0.005743040344927727,0.06688025819524328
2026-08-13 17:04:26.608000040,5438.577478991597,16135.423865546216,13957.417815126051,14266.622155174267,427904.8245378151,5853.902521008403,11554.898823529413,5400.084705882354,31406.781176470588,15787.315966386554,90403.18882098493,1051931.555420168,0.0027330927535177975,0.002816395456027578,0.0030411154875813694,0.0008000490301918025,0.0025648847909913596,0.0030781297185340094,5893.175289968367,21089.785700335568,29746.355843654637,20746.050595559394,10537.211308567385,43156.95894035102,2902.9560411591465,2828.1321820373364,27641.129033560865,8704.45140163374,4910.981885326401,24799.18368531867,0.0,0.0,0.0,0.0,0.0,1.1506888262868988,0.0006123135683170372,0.0018190626004296294,0.0015757938873866666,0.0016119252177421396,0.048304662832998516,0.0006598206934577777,0.0013033782842607408,0.0006108786882518518,0.0035400878160562962,0.001786349501822222,0.01019344112419926,0.11857005570399111,0.0003478231472439823,0.0010317933135908478,0.0008926438964250105,0.0009092551298390185,0.027362735586645003,0.0003743851781797464,0.0007388877692140385,0.0003453613495513459,0.0020086144797607174,0.001009533259826283,0.005776321794515589,0.06725738681932725
2026-08-13 17:04:41.608000040,5438.577478991597,16135.423865546216,13957.417815126051,14317.110192434126,427943.18420168065,5853.902521008403,11574.59294117647,5400.084705882354,31406.781176470588,15804.117983193275,90584.14366645325,1052279.1006302522,0.0027330927535177975,0.0028173058148388205,0.003065474542801669,0.0008000490301918025,0.0025633721620341504,0.0030680133377625736,5893.175289968367,21584.371140357263,29775.117851208306,20746.050595559394,8116.541418369263,42238.082150588976,2902.9560411591465,2867.820414614449,27734.204813904995,8704.45140163374,2546.597322018155,24124.108131841494,0.0,0.0,0.0,0.0,0.0,1.1555188773552552,0.0006148253780392593,0.0018265246907074074,0.0015822580498866666,0.0016232125975012693,0.04850281640660963,0.0006625273851244444,0.0013087249537051852,0.0006133846118629629,0.0035546098313340743,0.0017936773976555552,0.010237066723504815,0.11905644933315779,0.0003478231472439823,0.0010317933135908478,0.0008926438964250105,0.0009124728856872294,0.027462113634711023,0.0003743851781797464,0.0007462640446070191,0.0003453613495513459,0.0020086144797607174,0.0010189598085671911,0.005804037683133838,0.06751436056029435
2026-08-13 17:04:56.608000040,5455.833277310924,16138.237310924369,13957.886722689074,14245.226485128085,427888.5610084033,5858.022857142857,11574.59294117647,5390.210420168067,31401.163361344537,15804.117983193275,91171.85081622226,1052461.118445378,0.0027330927535177975,0.0028173058148388205,0.003065991051929939,0.0007911007138322574,0.0025633721620341504,0.003102374810646856,5893.175289968367,21584.371140357263,29833.417970610768,21111.861757261555,8116.541418369263,39993.79938405942,2902.9560411591465,2867.820414614449,27792.948882312434,8857.935336541968,2546.597322018155,22198.89385906313,0.0,0.0,0.0,0.0,0.0,1.140788707904355,0.0006173371877614816,0.0018339867809851848,0.0015887222123866667,0.0016344999772603987,0.048700969980220735,0.000665234076791111,0.0013140716231496298,0.000615890535474074,0.003569131846611852,0.0018010052934888888,0.01028069232281037,0.11954284296232442,0.0003518344612334424,0.0010405019260447707,0.0009001128343597775,0.000913783794932683,0.027587825317229003,0.0003777707659079902,0.0007462640446070191,0.0003476025902407064,0.0020249906534510753,0.0010189598085671911,0.005870913061657566,0.0678349709030638
2026-08-13 17:05:11.608000040,5455.833277310924,16138.237310924369,13957.886722689074,14295.156297958774,427891.64974789915,5858.022857142857,11577.796638655462,5390.210420168067,31401.163361344537,15795.919663865545,91312.23538947577,1052666.1218067226,0.0027330927535177975,0.0028173058148388205,0.0030137340991828864,0.0007911007138322574,0.0025633721620341504,0.003102486719352636,5893.175289968367,21584.371140357263,27376.613089160033,21111.861757261555,8116.541418369263,39988.39638417424,2902.9560411591465,2867.820414614449,25514.48803580158,8857.935336541968,2546.597322018155,22209.29320111612,0.0,0.0,0.0,0.0,0.0,1.1456221787839203,0.0006249578514382515,0.0018385445305173045,0.0015926626906965391,0.0016234065199716837,0.048880848167873234,0.0006690481156160291,0.0013207394654870675,0.0006178465837559199,0.0035811550461224053,0.0018077503883358837,0.010312218480624746,0.12025995884635557,0.0003518344612334424,0.0010405019260447707,0.0009001128343597775,0.000916986625993062,0.02768493789649399,0.0003777707659079902,0.0007525892123155145,0.0003476025902407064,0.0020249906534510753,0.0010267790244248287,0.005896138387132087,0.06808126793887229
2026-08-13 17:05:26.608000040,5487.979159663865,16140.131092436975,13954.465210084032,14216.347738040975,427831.18487394956,5860.588235294118,11577.796638655462,5377.1415126050415,31385.093445378152,15795.919663865545,91565.50184346928,1052711.1550840335,0.0027330927535177975,0.0027702826742229967,0.0030686782576054995,0.0007911007138322574,0.0025179222173197175,0.0031379299733009227,5893.175289968367,21224.110314609734,27848.78654241881,21111.861757261555,7972.630844555217,41035.11808648982,2902.9560411591465,2819.9541439713876,25952.97156544889,8857.935336541968,2501.4448040927823,23347.528092566597,0.0,0.0,0.0,0.0,0.0,1.1504556496634855,0.0006274903637333335,0.0018459948515555562,0.0015991166264888888,0.001634520873443906,0.049078927684266666,0.0006717592945777778,0.0013260914887111112,0.000620350279111111,0.0035956669354666668,0.0018150759224888889,0.010355794333816804,0.12074728742968888,0.000356832332328728,0.0010491537314596428,0.0009073293142059533,0.0009177337653115045,0.02781022542348704,0.0003810596410767696,0.0007525892123155145,0.0003496255891981198,0.002040681235960689,0.0010267790244248287,0.0059416761655821295,0.06838981054365109
2026-08-13 17:05:41.608000040,5487.979159663865,16140.131092436975,13954.465210084032,14265.73951560195,427858.8957983193,5860.588235294118,11586.025210084033,5377.1415126050415,31385.093445378152,15805.76974789916,91754.6265803689,1052904.4115546218,0.0027605114434916247,0.0028486320267660783,0.0030691559383897397,0.0007989594967896292,0.002590478102971599,0.0031402933071308843,8052.484543552787,23082.980207048222,27936.87018361559,20596.178588552735,11443.29322771943,40331.56876672104,5068.240020227217,4974.306710293407,26039.463001923796,8642.232898343713,6035.670805703061,24184.54166609549,0.0,0.0,0.0,0.0,0.0,1.1552891205430507,0.0006300228760284154,0.0018534451725938069,0.0016055705622812387,0.0016456352269161281,0.04927700720066011,0.0006744704735395264,0.0013314435119351547,0.0006228539744663024,0.0036101788248109287,0.0018224014566418944,0.010399370187008858,0.12123461601302221,0.000356832332328728,0.0010491537314596428,0.0009073293142059533,0.0009209222426076223,0.027908932727608013,0.0003810596410767696,0.000759247052609279,0.0003496255891981198,0.002040681235960689,0.001035772309978109,0.005970114471490924,0.06863376904948645
2026-08-13 17:05:56.608000040,5518.902857142857,16131.321680672268,13950.958991596637,14175.113758854148,427760.0984873949,5869.781848739495,11586.025210084033,5374.382521008403,31365.07260504202,15805.76974789916,91976.55422977424,1052836.665,0.0027605114434916247,0.0028486320267660783,0.003105967881826421,0.0007865654738583787,0.0025913871243687424,0.0031988990346454647,8052.484543552787,23082.980207048222,28552.061278585177,20914.00316401668,11658.503741301267,43675.06006749151,5068.240020227217,4974.306710293407,26691.6279996356,8775.593268577793,6148.630997336951,27180.90037505021,0.0,0.0,0.0,0.0,0.0,1.1608435086043851,0.0006325553883234974,0.0018608954936320584,0.0016120244980735881,0.0016567495803883503,0.04947508671705355,0.000677181652501275,0.0013367955351591984,0.0006253576698214935,0.0036246907141551906,0.0018297269907949,0.010442946040200915,0.12172194459635555,0.00036178434944309927,0.001057106144571711,0.0009145365942344394,0.0009207814026603049,0.028031666435330838,0.0003847857558809286,0.000759247052609279,0.0003523105106850876,0.002056095691730523,0.001035772309978109,0.006013709095913491,0.06893169339722613
2026-08-13 17:06:11.608000040,5518.902857142857,16131.321680672268,13950.958991596637,14224.292702204471,427749.6070588235,5869.781848739495,11593.370420168065,5374.382521008403,31365.07260504202,15795.523361344536,92128.37511184363,1052758.8898739496,0.0027605114434916247,0.0028060874167704928,0.0031071193101704433,0.0007998313015943655,0.0025913871243687424,0.0033427535756493424,8052.484543552787,23471.42397785701,28649.545074471083,21266.72849008875,11658.503741301267,50143.82472580568,5068.240020227217,5056.189250559678,26788.196278559255,8923.598123165397,6148.630997336951,33224.19854154077,0.0,0.0,0.0,0.0,0.0,1.165832923152134,0.0006409442970351255,0.0018657727357741932,0.0016165173318351254,0.0016453685365830535,0.049657758067990686,0.0006821999687182795,0.001343082473461649,0.0006267597316709677,0.003634459919551972,0.0018350556336007172,0.010619916976103191,0.12225729907164876,0.00036178434944309927,0.001057106144571711,0.0009145365942344394,0.0009239759489059165,0.028127860182139672,0.0003847857558809286,0.0007658552355059669,0.0003523105106850876,0.002056095691730523,0.0010434484386695852,0.006039770124951584,0.06915626217490843
2026-08-13 17:06:26.608000040,5553.683697478991,16130.571428571428,13943.038991596639,14152.979197784085,427673.8890756302,5874.286386554622,11593.370420168065,5371.759663865546,31372.27865546218,15795.523361344536,92413.95835279126,1052605.076092437,0.0027605114434916247,0.0028503112035589864,0.003108270738514466,0.0007998313015943655,0.0025913871243687424,0.003376169201251127,8052.484543552787,23841.332357551648,28747.028870356982,21266.72849008875,11658.503741301267,51864.3632391175,5068.240020227217,5135.874521247491,26884.764557482908,8923.598123165397,6148.630997336951,34914.34132818505,0.0,0.0,0.0,0.0,0.0,1.1409950039167527,0.0006435001626265234,0.0018732127962580642,0.0016229634474265236,0.0016563079119739231,0.049855776141915414,0.0006849203477505378,0.0013484382248057352,0.0006292590340903226,0.00364895289670251,0.0018423732048372763,0.01068470352839454,0.12274481916573476,0.0003670242341091012,0.001065581632653061,0.0009214484449964393,0.0009249696513619324,0.028252033288609556,0.0003882117850790486,0.0007658552355059669,0.0003550014879931633,0.0020732881404472293,0.0010434484386695852,0.006087625925481383,0.0694451553498638
2026-08-13 17:06:41.608000040,5553.683697478991,16130.571428571428,13943.038991596639,14201.940593998983,427674.43966386555,5874.286386554622,11603.2356302521,5371.759663865546,31372.27865546218,15789.763361344538,92590.41815057395,1052873.3638235293,0.0027120697315373677,0.0028503112035589864,0.003109422166858488,0.0007998313015943655,0.00260465355017677,0.0034074665342570783,5430.072543258056,23841.332357551648,28844.512666242885,21266.72849008875,11480.286244077259,55653.83196783009,2581.6062578468695,5135.874521247491,26981.33283640656,8923.598123165397,6064.386735519055,37203.591899666775,0.0,0.0,0.0,0.0,0.0,1.145857310424019,0.0006460560282179213,0.0018806528567419352,0.001629409563017921,0.0016672472873647923,0.05005379421584014,0.0006876407267827956,0.001353793976149821,0.0006317583365096774,0.0036634458738530468,0.0018496907760738356,0.010749490080685885,0.12323233925982079,0.0003670242341091012,0.001065581632653061,0.0009214484449964393,0.000928169529278391,0.028348933899170148,0.0003882117850790486,0.0007726389843203162,0.0003550014879931633,0.0020732881404472293,0.0010514124779436476,0.00611536837151188,0.06969085235051913
2026-08-13 17:06:56.608000040,5587.32100840336,16124.342521008402,13934.389915966385,14133.15856123881,427608.0,5876.295126050421,11603.2356302521,5372.930420168067,31341.560672268904,15789.763361344538,92829.0610975059,1053272.0774369747,0.0027598476113036806,0.002868555550772869,0.0031105735952025103,0.0008003471864373676,0.00260465355017677,0.003455648802315295,5525.732824436399,24051.091169827392,28941.996462128787,20839.607263695947,11480.286244077259,57258.64477720173,2627.085793994876,5690.603003577197,27077.90111533021,8744.562435251959,6064.386735519055,38878.14591044782,0.0,0.0,0.0,0.0,0.0,1.1507196169312857,0.0006486118938093191,0.0018880929172258067,0.0016358556786093192,0.001678186662755662,0.05025181228976488,0.0006903611058150538,0.0013591497274939072,0.0006342576389290325,0.0036779388510035853,0.0018570083473103947,0.010814276632977233,0.12371985935390684,0.00037222501068223885,0.0010736915137518534,0.0009283032830081184,0.0009292194856071052,0.028473662117647056,0.0003914763466742629,0.0007726389843203162,0.0003579423985187295,0.0020879617867825095,0.0010514124779436476,0.006160235279659827,0.07001319951018849
2026-08-13 17:07:11.608000040,5587.32100840336,16124.342521008402,13934.389915966385,14181.655786559466,427580.5946218487,5876.295126050421,11605.084033613446,5372.930420168067,31341.560672268904,15772.849411764706,92986.03386962035,1053276.4639915966,0.002783387872625832,0.002868555550772869,0.003138082591256282,0.0008003471864373676,0.0026056593792166583,0.0034503885407041837,5765.054411132281,24051.091169827392,29423.002942030154,20839.607263695947,11675.985048480705,55601.8757726525,2938.5212589320545,5690.603003577197,27536.20810617173,8744.562435251959,6157.298784690254,37392.13366702376,0.0,0.0,0.0,0.0,0.0,1.1555819234385523,0.0006574736191506172,0.0018926678751209876,0.0016413176165382716,0.0016681436868953342,0.05042966518499259,0.0006945563598469137,0.001365117806888889,0.0006368895083358025,0.003691321834424691,0.0018616609519407407,0.010873385434302725,0.1242806727235111,0.00037222501068223885,0.0010736915137518534,0.0009283032830081184,0.0009324080557041974,0.028568680225694306,0.0003914763466742629,0.0007788950985099921,0.0003579423985187295,0.0020879617867825095,0.0010586218127137913,0.0061867428825102,0.07023990695307386
2026-08-13 17:07:26.608000040,5624.621848739496,16123.22319327731,13922.192268907562,14119.278025798609,427532.7781512605,5873.496806722688,11605.084033613446,5386.976470588235,31326.398319327727,15772.849411764706,93285.840962098,1053397.762815126,0.002783387872625832,0.002868555550772869,0.003139668430924487,0.0008003471864373676,0.0026056593792166583,0.003479872333804788,5765.054411132281,24051.091169827392,29504.222238783874,20839.607263695947,11675.985048480705,54582.35813954256,2938.5212589320545,5690.603003577197,27618.116715239707,8744.562435251959,6157.298784690254,36468.043935087655,0.0,0.0,0.0,0.0,0.0,1.1604442299458189,0.0006600542355527338,0.0019000966899358025,0.0016477598691837748,0.001678935962688985,0.05062760410959577,0.0006972825278363315,0.0013704759616507936,0.0006393893310871254,0.0037058104547950618,0.001868968063051852,0.010938418524219055,0.12476848049732066,0.0003777076570289133,0.0010821377493736314,0.0009349106062612162,0.0009337751627986579,0.02869459491976555,0.00039442024319042866,0.0007788950985099921,0.00036174916570289126,0.002103647290528415,0.0010586218127137913,0.006235779967713096,0.070540802861766
2026-08-13 17:07:41.608000040,5624.621848739496,16123.22319327731,13922.192268907562,14167.365806244654,427510.14352941175,5873.496806722688,11615.596638655461,5386.976470588235,31326.398319327727,15754.689075630253,93463.27109097075,1053289.7749159664,0.002783387872625832,0.002868555550772869,0.003141254270592692,0.0008003471864373676,0.0026056593792166583,0.003500048517065174,5765.054411132281,24051.091169827392,29585.441535537593,20839.607263695947,11675.985048480705,56005.810137244254,2938.5212589320545,5690.603003577197,27700.025324307684,8744.562435251959,6157.298784690254,37547.71141502326,0.0,0.0,0.0,0.0,0.0,1.1653065364530855,0.0006626348519548501,0.0019075255047506176,0.0016542021218292772,0.001689728238482636,0.05082554303419894,0.0007000086958257497,0.0013758341164126985,0.000641889153838448,0.0037202990751654323,0.0018762751741629635,0.011003451614135386,0.1252562882711302,0.0003777076570289133,0.0010821377493736314,0.0009349106062612162,0.0009369554369552108,0.028789902785645083,0.00039442024319042866,0.000785739257962008,0.00036174916570289126,0.002103647290528415,0.001065728958124426,0.006263717515886798,0.07075834292159944
2026-08-13 17:07:56.608000040,5660.497815126049,16113.993277310925,13926.294453781511,14118.299579228065,427474.3583193277,5850.952941176471,11615.596638655461,5396.623865546218,31297.274621848737,15754.689075630253,93774.80586075567,1053557.1066806722,0.0027833878726258323,0.002835344188698416,0.003142840110260897,0.0008084095576316156,0.0026197652901132204,0.003496395998114884,5765.0544111322815,20950.339365134558,29666.660832291313,21456.129456882976,17248.75850940672,54646.039915219924,2938.5212589320554,2914.5392075705645,27781.933933375665,9003.262934873865,11652.123384721284,36346.406960895765,0.0,0.0,0.0,0.0,0.0,1.1523646723646723,0.0006652154683569666,0.0019149543195654325,0.0016606443744747797,0.0017005205142762868,0.051023481958802124,0.0007027348638151676,0.0013811922711746034,0.0006443889765897708,0.0037347876955358033,0.0018835822852740743,0.011068484704051713,0.12574409604493972,0.00038313361953567864,0.0010900341596214954,0.0009426081901381568,0.000939108260473012,0.02891658479133394,0.00039602466979062805,0.000785739257962008,0.00036527317956986174,0.002118371651947016,0.001065728958124426,0.006313679935508603,0.07106601422644052
2026-08-13 17:08:11.608000040,5660.497815126049,16113.993277310925,13926.294453781511,14165.939256526915,427431.781512605,5850.952941176471,11611.24638655462,5396.623865546218,31297.274621848737,15732.608067226893,93927.88822778109,1053279.8855042018,0.0027833878726258323,0.0028473959746421495,0.0031444259499291017,0.000805875937550004,0.0025822908003428195,0.0035580217726602983,5765.0544111322815,21039.389931370428,29747.880129045036,20941.28942419761,17480.84967765713,55050.60459924579,2938.5212589320554,2926.9276162844935,27863.842542443643,8787.904030287587,11804.013094865748,36923.53301553571,0.0,0.0,0.0,0.0,0.0,1.1394324082685374,0.0006741554536020833,0.0019209084003840278,0.0016683926157819444,0.0016910476367246981,0.05120613398730903,0.0007038214514104165,0.0013865602454805554,0.00064986912188125,0.0037477282401847216,0.0018876411329312504,0.011141388663905953,0.12627437262472985,0.00038313361953567864,0.0010900341596214954,0.0009426081901381568,0.0009422771133668436,0.029010513954139637,0.00039602466979062805,0.000791581273266012,0.00036527317956986174,0.002118371651947016,0.001072549622241367,0.006340047772518833,0.07127045751280892
2026-08-13 17:08:26.608000040,5700.512268907562,16097.578487394958,13921.396638655462,14106.464890041643,427377.4638655462,5847.528403361345,11611.24638655462,5411.365714285715,31275.40840336134,15732.608067226893,94184.84317698258,1053312.2068487394,0.002801835059959649,0.0028924286264961478,0.0031460117895973066,0.000805875937550004,0.0026245411392131646,0.0035507964114599344,5888.005803277945,21372.135896609416,29829.099425798755,20941.28942419761,17766.863871923917,54714.874324021264,3074.5766554077027,2973.2180913430448,27945.75115151162,8787.904030287587,11997.14531421992,36734.597688233094,0.0,0.0,0.0,0.0,0.0,1.1442349348477552,0.0006767606450083333,0.0019283315162694444,0.0016748399152611113,0.0017017046262595818,0.05140401383756944,0.0007065412834416666,0.0013919184381888886,0.000652380461725,0.0037622108782055562,0.001894935691525,0.011207420529870286,0.12676234451405277,0.0003888801439339125,0.0010974309950314242,0.0009496961804871099,0.0009436456293959773,0.029135889959550874,0.00039890935759578406,0.000791581273266012,0.0003691550124939467,0.002133560064036461,0.001072549622241367,0.006386445623195049,0.07155919673164576
2026-08-13 17:08:41.608000040,5700.512268907562,16097.578487394958,13921.396638655462,14153.702148273733,427351.5922689076,5847.528403361345,11612.83462184874,5411.365714285715,31275.40840336134,15719.651092436976,94345.42672495442,1053243.4740756303,0.002801835059959649,0.0028924286264961478,0.003177054036947304,0.000805875937550004,0.0026245411392131646,0.003605523573386103,5888.005803277945,21372.135896609416,32087.211025371264,20941.28942419761,17766.863871923917,57431.80283572001,3074.5766554077027,2973.2180913430448,30107.089124889957,8787.904030287587,11997.14531421992,39216.067703604414,0.0,0.0,0.0,0.0,0.0,1.1490374614269727,0.0006793658364145833,0.001935754632154861,0.0016812872147402777,0.0017123616157944657,0.05160189368782986,0.0007092611154729166,0.0013972766308972223,0.0006548918015687501,0.003776693516226389,0.0019022302501187503,0.011273452395834618,0.1272503164033757,0.0003888801439339125,0.0010974309950314242,0.0009496961804871099,0.0009468055445570629,0.029230917314809486,0.00039890935759578406,0.0007978266773815407,0.0003691550124939467,0.002133560064036461,0.0010799737884047735,0.0064133713930115315,0.07177605610094934
2026-08-13 17:08:56.608000040,5737.807058823529,16072.835294117647,13917.64537815126,14102.086505063204,427293.4174789916,5848.293781512604,11612.83462184874,5402.020840336134,31232.734789915965,15719.651092436976,94598.08771629383,1053707.7560924368,0.002801835059959649,0.0028924286264961478,0.003179097515601456,0.000805875937550004,0.0026245411392131646,0.0036274629005422065,5888.005803277945,21372.135896609416,32281.484212871655,20941.28942419761,17766.863871923917,56814.98479836231,3074.5766554077027,2973.2180913430448,30296.627739338113,8787.904030287587,11997.14531421992,38483.4909979884,0.0,0.0,0.0,0.0,0.0,1.154212848364046,0.0006819710278208333,0.0019431777480402779,0.0016877345142194443,0.0017230186053293494,0.05179977353809028,0.0007119809475041666,0.0014026348236055553,0.0006574031414125,0.0037911761542472225,0.0019095248087125,0.011339484261798947,0.1277382882926986,0.00039448233954137574,0.0011042383015323774,0.0009568577774391109,0.0009486082859038787,0.02935597540439234,0.0004020784577809428,0.0007978266773815407,0.00037139656274604753,0.0021472946308389116,0.0010799737884047735,0.006459570838429345,0.07209130596407258
2026-08-13 17:09:11.608000040,5737.807058823529,16072.835294117647,13917.64537815126,14148.926469950842,427265.1075630252,5848.293781512604,11613.491092436972,5402.020840336134,31232.734789915965,15700.543865546219,94765.05217853797,1053203.8528991595,0.002801835059959649,0.0028924286264961478,0.003181140994255607,0.000805875937550004,0.0026245411392131646,0.0036342195274098963,5888.005803277945,21372.135896609416,32475.757400372055,20941.28942419761,17766.863871923917,53442.43789025323,3074.5766554077027,2973.2180913430448,30486.166353786262,8787.904030287587,11997.14531421992,35475.09010392027,0.0,0.0,0.0,0.0,0.0,1.1591268584659835,0.0006912933604020514,0.001948323358817094,0.001693193853443419,0.0017136706727813131,0.05198038975065914,0.0007159162823774357,0.0014081832536444443,0.0006607863251507692,0.003802709102975726,0.0019143827450413674,0.011396026253546193,0.1282525498072547,0.00039448233954137574,0.0011042383015323774,0.0009568577774391109,0.0009517590805602517,0.02945080198133303,0.0004020784577809428,0.0008040092535385918,0.00037139656274604753,0.0021472946308389116,0.0010869584738139963,0.006486985111398668,0.07227676490169321
2026-08-13 17:09:26.608000040,5779.122352941175,16046.24974789916,13922.57344537815,14097.452972941415,427214.89210084034,5852.719663865546,11613.491092436972,5410.993613445377,31233.04941176471,15700.543865546219,95014.30769129052,1053218.482815126,0.002801835059959649,0.0028924286264961478,0.0031831844729097586,0.0007976508673536851,0.002579202590269012,0.003651959081044379,5888.005803277945,21372.135896609416,32670.030587872458,21492.865292980503,17459.944001167834,54856.462500483496,3074.5766554077027,2973.2180913430448,30675.704968234415,9017.985437614198,11789.896453879348,36948.19243531916,0.0,0.0,0.0,0.0,0.0,1.1640408685679213,0.0006939241142482051,0.0019557378075350427,0.0016996373931870085,0.0017241963186146463,0.052178203903223246,0.0007186407400697435,0.001413542170311111,0.0006633009828430768,0.0038171805157962385,0.0019216680309388032,0.011461833689692915,0.12874062174315212,0.0004004028462612162,0.0011108919083172093,0.0009646167176185726,0.0009534843350378111,0.029576354238757145,0.0004055019895171627,0.0008040092535385918,0.00037489727879219475,0.002163962124027916,0.0010869584738139963,0.006533043034915815,0.07255824260953539
2026-08-13 17:09:41.608000040,5779.122352941175,16046.24974789916,13922.57344537815,14144.120742638384,427185.4779831933,5852.719663865546,11613.866218487394,5410.993613445377,31233.04941176471,15685.160672268908,95159.17774900234,1053089.5755882352,0.002800132117451372,0.0029224357967513447,0.0031852279515639094,0.0007954894113605163,0.0026479140268767794,0.003681466610768887,6015.0516630182865,21207.699842402028,32864.30377537286,22848.23995899981,17853.319888994978,55168.12725856472,3140.9169831136296,3324.1661103263914,30865.243582682568,8792.257665175535,12265.805277200248,37350.93164798666,0.0,0.0,0.0,0.0,0.0,1.1689548786698594,0.0006965548680943589,0.001963152256252991,0.0017060809329305982,0.0017347219644479796,0.05237601805578734,0.0007213651977620513,0.0014189010869777778,0.0006658156405353845,0.0038316519286167514,0.0019289533168362395,0.011527641125839639,0.12922869367904954,0.0004004028462612162,0.0011108919083172093,0.0009646167176185726,0.0009566407199140451,0.029671071374604292,0.0004055019895171627,0.0008101728972134736,0.00037489727879219475,0.002163962124027916,0.0010941827489697054,0.0065589892000691985,0.07276770606506329
2026-08-13 17:09:56.608000040,5815.763697478992,16032.757310924371,13916.898151260502,14082.944853464063,427120.7142857143,5850.372100840336,11613.866218487394,5412.6363025210085,31213.473277310928,15685.160672268908,95378.79348592357,1053549.6646638655,0.002819020296083847,0.0029248372891049475,0.003187271430218061,0.0007954894113605163,0.0026504698224479933,0.003721136714960491,6301.041474974834,21737.965112953963,33058.57696287325,22848.23995899981,18302.514772178278,54611.64625223987,3494.403375868072,3407.2816700028598,31054.78219713072,8792.257665175535,12574.41661687816,36947.10060530369,0.0,0.0,0.0,0.0,0.0,1.139251746689537,0.0006991856219405127,0.00197056670497094,0.001712524472674188,0.0017452476102813132,0.05257383220835145,0.0007240896554543589,0.0014242600036444442,0.0006683302982276921,0.0038461233414372638,0.0019362386027336753,0.011593448561986361,0.129716765614947,0.0004060410688448938,0.0011184307789110937,0.0009716406123572138,0.0009576206903899265,0.029795558175270104,0.00040845733501780363,0.0008101728972134736,0.0003778957921720552,0.002179241233163367,0.0010941827489697054,0.006603077689356481,0.07307709683820439
2026-08-13 17:10:11.608000040,5815.763697478992,16032.757310924371,13916.898151260502,14129.620223838174,427089.58789915964,5850.372100840336,11613.917647058823,5412.6363025210085,31213.473277310928,15658.296806722688,95534.52513181431,1053356.3416386554,0.002819020296083847,0.0029248372891049475,0.0032183511757169956,0.0007954894113605163,0.0026504698224479933,0.0037460863712638803,6301.041474974834,21737.965112953963,37334.78217774766,22848.23995899981,18302.514772178278,54334.63422203745,3494.403375868072,3407.2816700028598,35179.73132574111,8792.257665175535,12574.41661687816,36512.68662516351,0.0,0.0,0.0,0.0,0.0,1.1440208436861705,0.0007088555524949495,0.00197445064926734,0.0017176619398020202,0.0017380589190790837,0.05275428186441549,0.0007275583541952862,0.0014303454748949493,0.0006719979807622895,0.003859038252079462,0.0019413221854612797,0.01164081858197007,0.13024320406873807,0.0004060410688448938,0.0011184307789110937,0.0009716406123572138,0.0009607945507484624,0.02989011860185499,0.00040845733501780363,0.0008163141854671278,0.0003778957921720552,0.002179241233163367,0.0011005838160751359,0.006629812900563619,0.07328053934598391
2026-08-13 17:10:26.608000040,5853.521344537814,16002.995294117647,13900.740504201682,14056.69788612827,426994.3694117647,5867.0137815126045,11613.917647058823,5424.4981512605045,31202.119663865546,15658.296806722688,95754.7855063772,1053645.7060084033,0.002819020296083847,0.0029248372891049475,0.003224332091061448,0.0007954894113605163,0.0026504698224479933,0.0037849695288174018,6301.041474974834,21737.965112953963,38003.296391910946,22848.23995899981,18302.514772178278,54742.63387218283,3494.403375868072,3407.2816700028598,35801.0287765972,8792.257665175535,12574.41661687816,36916.47849325911,0.0,0.0,0.0,0.0,0.0,1.1490586054466458,0.0007115126926464647,0.0019818518639138053,0.0017241005837414143,0.0017484867160289744,0.05295203092628418,0.0007302856016700338,0.0014357071150464648,0.0006745169605602695,0.0038735038303622897,0.0019485992182895627,0.011706062673856326,0.13073141982126332,0.00041179688012533814,0.00112481183916955,0.0009779210212334426,0.0009608805559841305,0.030012401625190307,0.0004127460768779375,0.0008163141854671278,0.00038161497728528694,0.0021950779325110377,0.0011005838160751359,0.006674008621534599,0.0735753730012945
2026-08-13 17:10:41.608000040,5853.521344537814,16002.995294117647,13900.740504201682,14103.297065491124,426958.3845378151,5867.0137815126045,11621.160000000002,5424.4981512605045,31202.119663865546,15625.25243697479,95890.14182326547,1053842.2660084034,0.002819020296083847,0.0029248372891049475,0.00322671609442432,0.0007954894113605163,0.0026504698224479933,0.003804175018933564,6301.041474974834,21737.965112953963,38246.81780673925,22848.23995899981,18302.514772178278,55183.339913010605,3494.403375868072,3407.2816700028598,36038.555078234094,8792.257665175535,12574.41661687816,37365.682140619116,0.0,0.0,0.0,0.0,0.0,1.1539440545468025,0.0007141698327979798,0.0019892530785602693,0.001730539227680808,0.0017589145129788656,0.05314977998815286,0.0007330128491447812,0.0014410687551979797,0.0006770359403582492,0.0038879694086451175,0.001955876251117845,0.01177130676574258,0.13121963557378855,0.00041179688012533814,0.00112481183916955,0.0009779210212334426,0.0009640659588246347,0.030106574394505634,0.0004127460768779375,0.0008229647610084034,0.00038161497728528694,0.0021950779325110377,0.0011065188102987076,0.006699362288905573,0.0738045213517246
2026-08-13 17:10:56.608000040,5883.8974789915965,15973.37243697479,13880.907226890755,14040.153785932436,426854.0389915966,5845.667899159663,11621.160000000002,5430.115966386554,31189.22319327731,15625.25243697479,96098.98890728244,1054356.6031512604,0.0028417531645695713,0.0029471310743532427,0.0032291000977871923,0.000804017709716756,0.002674059468425596,0.003831738319518874,6472.149767095308,21394.796341083584,38490.339221567556,23007.768658604757,24288.706839320123,57651.39125454531,3645.247176099969,3423.029620693976,36276.081379870986,8852.474971515492,18483.981391000565,39607.89241845177,0.0,0.0,0.0,0.0,0.0,1.13862934892527,0.0007168269729494951,0.001996654293206734,0.001736977871620202,0.0017693423099287568,0.05334752905002155,0.0007357400966195287,0.001446430395349495,0.000679554920156229,0.0039024349869279454,0.0019631532839461284,0.011836550857628832,0.13170785132631382,0.0004170697122632104,0.0011311712970213969,0.0009839236668793617,0.0009647261224844193,0.030228121132846543,0.0004143598758125622,0.0008229647610084034,0.0003849042087736789,0.0022107931671784646,0.0011065188102987076,0.006742813353907668,0.07411254856395895
2026-08-13 17:11:11.608000040,5883.8974789915965,15973.37243697479,13880.907226890755,14086.804318728136,426796.6477310924,5845.667899159663,11621.994957983194,5430.115966386554,31189.22319327731,15587.927394957982,96253.53344683575,1054201.101302521,0.0028417531645695713,0.0029471310743532427,0.0032314841011500646,0.000804017709716756,0.002674059468425596,0.003851537994124209,6472.149767095308,21394.796341083584,38733.86063639587,23007.768658604757,24288.706839320123,58123.46321883068,3645.247176099969,3423.029620693976,36513.60768150787,8852.474971515492,18483.981391000565,39955.63606677325,0.0,0.0,0.0,0.0,0.0,1.1434296372425867,0.0007255439642679935,0.001999683191637811,0.0017406442063270318,0.0017610816902405993,0.05352073342326104,0.0007383380294679934,0.0014521215168404648,0.0006840333875144279,0.003913825416248093,0.0019664958802334998,0.011879895915436693,0.13227860796898908,0.0004170697122632104,0.0011311712970213969,0.0009839236668793617,0.0009679315708222375,0.030320722337130346,0.0004143598758125622,0.0008291658587670362,0.0003849042087736789,0.0022107931671784646,0.0011121134754890191,0.006769543439100296,0.07431560298128208
2026-08-13 17:11:26.608000040,5918.908235294117,15958.527731092434,13864.546890756303,14024.879559224744,426714.5193277311,5861.8678991596635,11621.994957983194,5444.189243697479,31189.26857142857,15587.927394957982,96459.52216441481,1054539.8915546217,0.0028417531645695713,0.0029028074981194613,0.0032338681045129365,0.000804017709716756,0.002673095146391692,0.0038679683817861243,6472.149767095308,21714.62746792306,38977.38205122417,23007.768658604757,22110.880639956693,60687.54114680456,3645.247176099969,3474.2005411055516,36751.13398314477,8852.474971515492,16380.552447446627,39455.87157545966,0.0,0.0,0.0,0.0,0.0,1.148229925559904,0.0007282234841684908,0.0020070682588019897,0.0017470726117996681,0.0017713970934209536,0.05371839183868391,0.0007410647993684907,0.0014574843738056386,0.0006865596039323383,0.003928279637641128,0.001973758382721062,0.01194489006952882,0.13276712855480996,0.00042270590979062814,0.0011393140088909925,0.000990153196217063,0.0009685866718904537,0.030443750160440642,0.000418632305973508,0.0008291658587670362,0.0003888032853097849,0.002227418912929782,0.0011121134754890191,0.006813666718678037,0.07461795973559966
2026-08-13 17:11:41.608000040,5918.908235294117,15958.527731092434,13864.546890756303,14071.513418021912,426683.4020168067,5861.8678991596635,11628.160336134453,5444.189243697479,31189.26857142857,15567.077647058824,96640.90060058459,1054658.9335714285,0.0028417531645695713,0.002949048121058408,0.0032583940824554803,0.000804017709716756,0.002673095146391692,0.0038896600850008758,6472.149767095308,22060.533251084504,37620.399321633646,23007.768658604757,22110.880639956693,61718.76528890099,3645.247176099969,3529.543238593973,35463.79517409942,8852.474971515492,16380.552447446627,40525.25848785169,0.0,0.0,0.0,0.0,0.0,1.1535185286780316,0.0007309030040689885,0.002014453325966169,0.0017535010172723053,0.0017817124966013076,0.0539160502541068,0.0007437915692689884,0.0014628472307708128,0.0006890858203502486,0.003942733859034163,0.001981020885208624,0.012009884223620947,0.13325564914063084,0.00042270590979062814,0.0011393140088909925,0.000990153196217063,0.0009718073009089789,0.03053816988840255,0.000418632305973508,0.0008357509524129649,0.0003888032853097849,0.002227418912929782,0.0011188528188235292,0.006842352760507836,0.07483919431074457
2026-08-13 17:11:56.608000040,5949.308571428572,15954.631260504199,13850.540168067226,14024.031661725,426621.9206722689,5854.241344537814,11628.160336134453,5437.666890756303,31181.233613445376,15567.077647058824,96872.96448682006,1055153.9002941176,0.0028417531645695713,0.002949048121058408,0.0032600077011368566,0.000804017709716756,0.002673095146391692,0.0039375983243357246,6472.149767095308,22060.533251084504,38445.899496023485,23007.768658604757,22110.880639956693,62863.85122617053,3645.247176099969,3529.543238593973,36226.80706502338,8852.474971515492,16380.552447446627,41370.59312297945,0.0,0.0,0.0,0.0,0.0,1.1584725007622054,0.0007335825239694862,0.0020218383931303483,0.0017599294227449418,0.001792027899781662,0.05411370866952969,0.000746518339169486,0.001468210087735987,0.0006916120367681591,0.003957188080427199,0.001988283387696186,0.012074878377713077,0.13374416972645176,0.00042804770992736074,0.0011483316973723422,0.0009965346273465318,0.000973378013290704,0.030662604076254495,0.00042120770351801733,0.0008357509524129649,0.0003912355245976357,0.002243463333713146,0.0011188528188235292,0.006888472242061941,0.07515092778954473
2026-08-13 17:12:11.608000040,5949.308571428572,15954.631260504199,13850.540168067226,14070.337884845301,426584.77714285714,5854.241344537814,11628.15731092437,5437.666890756303,31181.233613445376,15541.296806722688,97024.99316506564,1054979.1762605042,0.0028417531645695713,0.002949048121058408,0.0032626773812331296,0.000804017709716756,0.002673095146391692,0.003945510997465105,6472.149767095308,22060.533251084504,38654.800976995575,23007.768658604757,22110.880639956693,63563.840452147044,3645.247176099969,3529.543238593973,36432.01394009028,8852.474971515492,16380.552447446627,41956.33239201316,0.0,0.0,0.0,0.0,0.0,1.1634264728463792,0.0007418988685150328,0.002025975065469281,0.0017643011102424838,0.0017839315011185222,0.054289452863913734,0.0007505468371960785,0.0014735516350509806,0.000695029383554902,0.003969058667563398,0.001992546938886275,0.012123014330467322,0.13427771853288825,0.00042804770992736074,0.0011483316973723422,0.0009965346273465318,0.0009765920290994998,0.030756551899296856,0.00042120770351801733,0.0008418959609745073,0.0003912355245976357,0.002243463333713146,0.0011252131064303365,0.0069151434087601936,0.07535010459182767
2026-08-13 17:12:26.608000040,5980.864537815126,15942.161344537815,13836.506218487393,14020.891476997505,426525.2319327731,5852.477647058823,11628.15731092437,5438.405042016807,31175.171092436973,15541.296806722688,97267.5335014259,1054954.2666806723,0.0028715760482287494,0.0029036422425737273,0.0032653470613294025,0.0008009377870833659,0.0026532192458966803,0.003961381297972749,6550.147992057681,21720.871824418296,38863.70245796766,22428.740891374342,22425.37686576,66415.67840518456,3740.2932457743136,3475.199597927809,36637.220815157176,8629.688099251687,16773.480742182415,44366.0429984,0.0,0.0,0.0,0.0,0.0,1.168380444930553,0.0007445989028287583,0.00203334831056732,0.0017707220305856212,0.0017941381344705192,0.05448703152567844,0.0007532783445490195,0.0014789144144627454,0.0006975588431137256,0.00398350348619085,0.0019997985271215687,0.012187828350075165,0.1347664029924471,0.0004335056767070218,0.0011568286308985133,0.0010028991550605326,0.0009779500992622542,0.030881063991158808,0.00042419992406779656,0.0008418959609745073,0.00039418706828087157,0.002259642156319612,0.0011252131064303365,0.006962165457158348,0.0756228790288167
2026-08-13 17:12:41.608000040,5980.864537815126,15942.161344537815,13836.506218487393,14067.108649006053,426483.7653781512,5852.477647058823,11625.032268907564,5438.405042016807,31175.171092436973,15522.912605042018,97415.27676825305,1055187.1171008402,0.0028715760482287494,0.002980261069426699,0.0032680167414256755,0.0008087357500996736,0.0026935342295825106,0.003974698082649632,6550.147992057681,21545.090393914885,39072.60393893974,22982.0564638199,22766.124696490504,69465.3988511562,3740.2932457743136,3567.684105320661,36842.427690224074,8842.581940853845,17028.34946572325,47154.808228422786,0.0,0.0,0.0,0.0,0.0,1.1523646723646723,0.0007472989371424838,0.0020407215556653593,0.0017771429509287583,0.0018043447678225165,0.05468461018744314,0.0007560098519019607,0.00148427719387451,0.0007000883026725491,0.003997948304818301,0.002007050115356863,0.012252642369683008,0.1352550874520059,0.0004335056767070218,0.0011568286308985133,0.0010028991550605326,0.0009811737236678445,0.03097465631296256,0.00042419992406779656,0.0008478132777402726,0.00039418706828087157,0.002259642156319612,0.0011320855814702351,0.006988588789928285,0.07584999032221322
2026-08-13 17:12:56.608000040,6007.159663865545,15936.72806722689,13832.155966386552,14017.524553663005,426426.06252100837,5836.220168067227,11625.032268907564,5452.02756302521,31157.785210084035,15522.912605042018,97644.63407455738,1055580.1251680672,0.0028715760482287494,0.002980261069426699,0.003270686421521948,0.0008087357500996736,0.0026935342295825106,0.0040314079631927355,6550.147992057681,21545.090393914885,39281.505419911824,22982.0564638199,22766.124696490504,68986.445702052,3740.2932457743136,3567.684105320661,37047.63456529097,8842.581940853845,17028.34946572325,47377.940129753995,0.0,0.0,0.0,0.0,0.0,1.1387429797423838,0.0007499989714562093,0.002048094800763398,0.0017835638712718955,0.001814551401174513,0.05488218884920785,0.0007587413592549019,0.0014896399732862748,0.0007026177622313726,0.004012393123445752,0.0020143017035921572,0.012317456389290849,0.1357437719115647,0.0004386131588092863,0.0011659332578594298,0.0010099557796097419,0.0009824464498086032,0.031099240794949506,0.00042613200025637366,0.0008478132777402726,0.00039808015187580104,0.0022749877408289416,0.0011320855814702351,0.007034819924637565,0.07615097220088442
2026-08-13 17:13:11.608000040,6007.159663865545,15936.72806722689,13832.155966386552,14063.485381220498,426381.3831932773,5836.220168067227,11621.202352941178,5452.02756302521,31157.785210084035,15509.586554621848,97812.14943558018,1055626.0629831932,0.0028715760482287494,0.0029834870163244886,0.0032931304958035337,0.0008087357500996736,0.0026935342295825106,0.004024496255926973,6550.147992057681,22106.05766723781,37702.1265906031,22982.0564638199,22766.124696490504,72176.08145667754,3740.2932457743136,3657.624876903003,35536.38789425619,8842.581940853845,17028.34946572325,50338.91709258214,0.0,0.0,0.0,0.0,0.0,1.1435306879001523,0.0007579174600502416,0.002052824764184219,0.0017881639928592594,0.001806901834137054,0.055060758048548146,0.0007601045555066024,0.0014949824328637682,0.0007070237218460548,0.004025018564319484,0.0020186934831053142,0.012368261703949082,0.13625540420263513,0.0004386131588092863,0.0011659332578594298,0.0010099557796097419,0.0009856677070064247,0.031192553706534034,0.00042613200025637366,0.0008536755125259516,0.00039808015187580104,0.0022749877408289416,0.0011393101891674317,0.007062725279091829,0.07636356170240334
2026-08-13 17:13:26.608000040,6035.593613445379,15931.424873949578,13821.864201680673,14012.899347751478,426332.9919327731,5840.966722689075,11621.202352941178,5462.382857142857,31177.334117647057,15509.586554621848,98086.40637145324,1055617.8374369747,0.0028715760482287494,0.0029834870163244886,0.003296038626738062,0.0008087357500996736,0.0026935342295825106,0.0040640456131870095,6550.147992057681,22106.05766723781,37889.46397534926,22982.0564638199,22766.124696490504,75472.8554376828,3740.2932457743136,3657.624876903003,35720.89680087672,8842.581940853845,17028.34946572325,53324.027843459684,0.0,0.0,0.0,0.0,0.0,1.1483183960579209,0.00076063621367343,0.002060188527469243,0.0017945783817481483,0.0018170067754564982,0.05525826852077037,0.0007628311545404188,0.0015003451393855074,0.0007095599126673109,0.004039456856590017,0.002025934812815459,0.012432890243742535,0.1367441709792052,0.0004439059754792764,0.0011751504632765842,0.0010165707806637232,0.0009867952713005401,0.031317760791147516,0.00042959155251958407,0.0008536755125259516,0.0004017474578208232,0.0022930312742572277,0.0011393101891674317,0.007112366221807633,0.07663374270498909
2026-08-13 17:13:41.608000040,6035.593613445379,15931.424873949578,13821.864201680673,14058.807354481194,426310.32403361343,5840.966722689075,11621.078319327731,5462.382857142857,31177.334117647057,15508.73949579832,98252.92380711701,1055931.5033193277,0.0028792747498264585,0.0029834870163244886,0.00323148380999423,0.0008087357500996736,0.0026935342295825106,0.004107412376022483,6714.370376644726,22106.05766723781,38358.06713100741,22982.0564638199,22766.124696490504,76502.86588330305,3833.0488117246305,3657.624876903003,36237.20928968501,8842.581940853845,17028.34946572325,54174.66260003332,0.0,0.0,0.0,0.0,0.0,1.153496754307181,0.0007633549672966182,0.002067552290754267,0.0018009927706370368,0.0018271117167759426,0.05545577899299259,0.000765557753574235,0.0015057078459072464,0.0007120961034885666,0.004053895148860546,0.002033176142525604,0.012497518783535987,0.1372329377557752,0.0004439059754792764,0.0011751504632765842,0.0010165707806637232,0.0009900281357371912,0.03141265092188243,0.00042959155251958407,0.0008598078861097381,0.0004017474578208232,0.0022930312742572277,0.0011474439940682157,0.007140272614629508,0.07686462917933862
2026-08-13 17:13:56.608000040,6059.114621848738,15923.586554621848,13824.169411764706,14014.381829386184,426262.068907563,5852.426218487394,11621.078319327731,5454.7926050420165,31166.627899159666,15508.73949579832,98530.73338907411,1056432.2512184873,0.0028792747498264585,0.0029834870163244886,0.003247615357364266,0.0008087357500996736,0.0027099866021394114,0.004127430546232414,6714.370376644726,22106.05766723781,38627.695974888295,22982.0564638199,28588.7773083374,75610.90923124595,3833.0488117246305,3657.624876903003,36496.1630324,8842.581940853845,22790.92521222591,53330.53333363856,0.0,0.0,0.0,0.0,0.0,1.1584064796099682,0.0007660737209198066,0.0020749160540392913,0.0018074071595259257,0.0018372166580953875,0.055653289465214806,0.0007682843526080514,0.0015110705524289854,0.0007146322943098228,0.004068333441131078,0.002040417472235749,0.01256214732332944,0.13772170453234522,0.00044886514478279443,0.0011842840566459625,0.0010241080078165503,0.0009915175144290724,0.03153782104597133,0.0004335534654550633,0.0008598078861097381,0.0004040963779746474,0.0023088543157612877,0.0011474439940682157,0.007190360451833988,0.07717011861764037
2026-08-13 17:14:11.608000040,6059.114621848738,15923.586554621848,13824.169411764706,14060.328338585317,426225.00705882354,5852.426218487394,11611.957310924372,5454.7926050420165,31166.627899159666,15497.149915966387,98701.87677385438,1056261.4690336133,0.002900931693501578,0.0029389808700083756,0.0032971729306807743,0.0007761481798245623,0.002713351381033064,0.004140095857505614,12332.570708428098,21776.29070943734,39160.78600126131,21064.488421052632,29324.792105631204,73415.36810235117,9339.91313755028,3603.0622838532618,36999.57420018145,7092.727017543861,23376.722708920373,52922.224239316274,0.0,0.0,0.0,0.0,0.0,1.1633162049127554,0.0007741540544000001,0.0020800505630088886,0.001812613475617778,0.0018307872596329006,0.05583391508345334,0.0007731643458666667,0.001516746842288889,0.0007172670217733333,0.004082081123120001,0.0020446768988311116,0.012623069332126322,0.13826963624701333,0.00044886514478279443,0.0011842840566459625,0.0010241080078165503,0.000994768229954911,0.03163161490961373,0.0004335534654550633,0.0008652697153647341,0.0004040963779746474,0.0023088543157612877,0.0011547764203488455,0.0072186781501689,0.07736461458139768
2026-08-13 17:14:26.608000040,6085.573109243697,15906.485042016804,13812.58588235294,14005.631444210292,426147.61915966385,5840.104537815126,11611.957310924372,5459.3969747899155,31161.678655462183,15497.149915966387,98965.4456403169,1056236.3023109243,0.002900931693501578,0.0030074625593241046,0.003300219836249169,0.0008025187885907864,0.002713351381033064,0.004129686890771616,12332.570708428098,27710.10788538551,39327.28277652397,21089.158574250574,29324.792105631204,72869.76877357476,9339.91313755028,9581.700321976257,37162.83490873593,7101.033825599978,23376.722708920373,52721.05733366988,0.0,0.0,0.0,0.0,0.0,1.1682259302155427,0.0007768917686857142,0.0020874064427707935,0.0018190235922844447,0.0018408062528301795,0.05603136584416762,0.000775898560152381,0.0015221106577650793,0.0007198035610590476,0.004096516973119999,0.0020519076833549208,0.012687820889083993,0.13875861225415617,0.0004540685623130607,0.0011928266434456229,0.0010306113986041873,0.0009954587724574607,0.0317545629268498,0.0004357531860418743,0.0008652697153647341,0.0004073470963110667,0.0023250954959122628,0.0011547764203488455,0.0072679111683797565,0.07762983329246903
2026-08-13 17:14:41.608000040,6085.573109243697,15906.485042016804,13812.58588235294,14051.8783948473,426128.2275630252,5840.104537815126,11614.50756302521,5459.3969747899155,31161.678655462183,15491.429243697477,99130.30517332442,1056321.9066806722,0.002900931693501578,0.0030130355998649588,0.0032473913276258415,0.0008025187885907864,0.002713351381033064,0.004195335486155057,12332.570708428098,28459.53475126486,38559.856538433065,21089.158574250574,29324.792105631204,78723.8460593131,9339.91313755028,9840.839827018783,36429.1483314043,7101.033825599978,23376.722708920373,58481.62057826706,0.0,0.0,0.0,0.0,0.0,1.140834119453748,0.0007796294829714286,0.002094762322532698,0.0018254337089511114,0.0018508252460274583,0.05622881660488191,0.0007786327744380953,0.00152747447324127,0.0007223401003447619,0.004110952823119999,0.0020591384678787304,0.012752572446041664,0.13924758826129904,0.0004540685623130607,0.0011928266434456229,0.0010306113986041873,0.0009987458025991862,0.03184963199048493,0.0004357531860418743,0.000871597760836099,0.0004073470963110667,0.0023250954959122628,0.001162537022571852,0.007295839446145967,0.07784190995904812
2026-08-13 17:14:56.608000040,6113.619831932772,15897.935798319328,13804.420840336135,14010.02024616393,426081.8662184874,5840.996974789916,11614.50756302521,5478.486050420168,31150.784873949582,15491.429243697477,99428.57728012998,1056637.436092437,0.002900931693501578,0.0030130355998649588,0.0033263409383157217,0.0008025187885907864,0.002713351381033064,0.004226226604885966,12332.570708428098,28459.53475126486,38001.66825215201,21089.158574250574,29324.792105631204,79452.62582646284,9339.91313755028,9840.839827018783,35828.594036333125,7101.033825599978,23376.722708920373,59102.84220016167,0.0,0.0,0.0,0.0,0.0,1.1456086586267902,0.0007823671972571428,0.002102118202294603,0.001831843825617778,0.001860844239224737,0.05642626736559619,0.0007813669887238097,0.0015328382887174604,0.0007248766396304761,0.00412538867312,0.0020663692524025396,0.012817324002999337,0.13973656426844192,0.0004594195332459762,0.0012021098016806722,0.0010373593310582538,0.0010002788180721927,0.03197483823689287,0.00043893277266486244,0.000871597760836099,0.0004116912031448511,0.002340884687053126,0.001162537022571852,0.007347814513584451,0.07813041746337941
2026-08-13 17:15:11.608000040,6113.619831932772,15897.935798319328,13804.420840336135,14056.462792856099,426048.4194957983,5840.996974789916,11611.65781512605,5478.486050420168,31150.784873949582,15480.347899159664,99583.5867200403,1056813.191722689,0.002907946858660388,0.0030130355998649588,0.0033296105460159163,0.0008025187885907864,0.002713351381033064,0.0042487304791815825,12627.845835301627,28459.53475126486,38149.72141687368,21089.158574250574,29324.792105631204,80221.0478967149,9563.248590200294,9840.839827018783,35973.38717962459,7101.033825599978,23376.722708920373,59761.0829265684,0.0,0.0,0.0,0.0,0.0,1.1506631750142478,0.0007900418073239437,0.00210524196046072,0.001837294865458529,0.0018557447628951918,0.056605322818526455,0.0007829663690009389,0.0015384398081859155,0.000729626429800939,0.004136940224272301,0.002070937141544288,0.01287830016636449,0.14027955672991552,0.0004594195332459762,0.0012021098016806722,0.0010373593310582538,0.0010035946944875911,0.03206882422546591,0.00043893277266486244,0.0008775204110557162,0.0004116912031448511,0.002340884687053126,0.0011698864596285574,0.007375087468231083,0.07834810664034415
2026-08-13 17:15:26.608000040,6141.8813445378155,15879.279327731092,13797.272268907564,13997.502531674509,425986.8988235294,5849.509915966387,11611.65781512605,5488.445042016806,31164.743193277314,15480.347899159664,99793.66155314117,1056987.6918907564,0.002907946858660388,0.0030130355998649588,0.0033328801537161105,0.0008025187885907864,0.0026656777613774216,0.004257816946866539,12627.845835301627,28459.53475126486,38297.774581595346,21089.158574250574,28809.555120441186,80890.6464042518,9563.248590200294,9840.839827018783,36118.18032291605,7101.033825599978,22965.99338170873,60323.5997779441,0.0,0.0,0.0,0.0,0.0,1.1555437608065573,0.0007927967369014085,0.002112583082526448,0.001843701637758999,0.0018656934716830707,0.056802709433549925,0.0007856966260431924,0.0015438044525521127,0.0007321706868431927,0.0041513660165258225,0.002078158640370579,0.012943170131401772,0.1407687210961127,0.0004648166548240991,0.0012107286899025805,0.0010441754866258367,0.0010038364876029339,0.0321928362436777,0.00044269002915823944,0.0008775204110557162,0.0004153646938954564,0.002358543069614015,0.0011698864596285574,0.007420704348673644,0.07862449782786272
2026-08-13 17:15:41.608000040,6141.8813445378155,15879.279327731092,13797.272268907564,14044.351914867788,425972.3868907563,5849.509915966387,11622.969075630252,5488.445042016806,31164.743193277314,15460.499495798318,99958.70552162507,1057027.1466806722,0.0028595101177482274,0.0030130355998649588,0.003294190558501902,0.0008025187885907864,0.0027420659338914313,0.004277620146828229,12417.50784539593,28459.53475126486,35469.74564220092,21089.158574250574,29875.86906231728,79360.39097772977,9403.956616599544,9840.839827018783,33501.55957943749,7101.033825599978,23990.59464591258,58772.83545195099,0.0,0.0,0.0,0.0,0.0,1.1604243465988673,0.0007955516664788732,0.002119924204592175,0.001850108410059468,0.0018756421804709492,0.057000096048573395,0.000788426883085446,0.0015491690969183097,0.000734714943885446,0.004165791808779343,0.00208538013919687,0.013008040096439053,0.14125788546230986,0.0004648166548240991,0.0012107286899025805,0.0010441754866258367,0.0010071963098401285,0.032288218282524844,0.00044269002915823944,0.000884517713856366,0.0004153646938954564,0.002358543069614015,0.001176557003646635,0.007448778663873761,0.07883099097079652
2026-08-13 17:15:56.608000040,6168.56974789916,15862.88268907563,13795.475294117648,13973.021261049546,425895.8581512605,5840.673277310924,11622.969075630252,5485.731428571427,31181.127731092438,15460.499495798318,100197.58588554498,1057347.7735714286,0.0029381966727883057,0.002966247148627415,0.0033377703592628004,0.0007996235619715501,0.0027420659338914313,0.004289762875060838,12244.354301628626,28017.595879380166,35720.93087554081,21662.115792806635,29875.86906231728,78751.05474673747,9273.103581270925,9688.02462151521,33742.04575688946,7293.957055574449,23990.59464591258,58570.34923636102,0.0,0.0,0.0,0.0,0.0,1.1653049323911768,0.000798306596056338,0.002127265326657903,0.001856515182359938,0.0018855908892588284,0.05719748266359688,0.0007911571401276996,0.001554533741284507,0.0007372592009276997,0.004180217601032865,0.002092601638023161,0.013072910061476338,0.14174704982850705,0.000470124009656744,0.0012196166633797968,0.0010513918826321037,0.0010064727497736089,0.032411032700990036,0.00044513409954707303,0.000884517713856366,0.0004180829852784503,0.0023764012394530696,0.001176557003646635,0.007496686225632308,0.07911657595879092
2026-08-13 17:16:11.608000040,6168.56974789916,15862.88268907563,13795.475294117648,14020.282067349674,425860.13949579827,5840.673277310924,11627.394957983191,5485.731428571427,31181.127731092438,15425.316302521009,100355.5772573495,1057330.690210084,0.0029381966727883057,0.0030483806764165958,0.0033410395429357615,0.0007847926608599125,0.0027420659338914313,0.004353937446694295,12244.354301628626,27708.756367048907,35972.1161088807,21260.34086711555,29875.86906231728,81330.34457141744,9273.103581270925,9607.432865925324,33982.531934341445,7158.673453454174,23990.59464591258,60934.34054292619,0.0,0.0,0.0,0.0,0.0,1.1394518908034017,0.0008060628513086421,0.002130381994183333,0.0018607881767351852,0.001878509649879973,0.057375505428455556,0.0007936420282796297,0.0015599748711604938,0.0007395870318487654,0.004194181147969754,0.0020981818173444445,0.013119660066078698,0.14230583219115678,0.000470124009656744,0.0012196166633797968,0.0010513918826321037,0.0010098769322181027,0.03250476779820231,0.00044513409954707303,0.0008909993503283664,0.0004180829852784503,0.0023764012394530696,0.0011820314742744158,0.007524295693575582,0.07931774851275517
2026-08-13 17:16:26.608000040,6193.361344537814,15840.193613445379,13797.34487394958,13935.392137327592,425768.4756302521,5855.442352941178,11627.394957983191,5493.866218487395,31207.14756302521,15425.316302521009,100560.15343639517,1057296.8320588234,0.0029032000284161656,0.003048598437128434,0.003278439431388595,0.000802460013514003,0.0027420659338914313,0.0043677048703780275,12417.000846448187,28448.220351587577,35211.613567251465,20942.098389203307,29875.86906231728,82263.39525862315,9403.855212073326,9858.479418974675,33254.42245614035,7051.516470758961,23990.59464591258,61694.63334425929,0.0,0.0,0.0,0.0,0.0,1.1444224299802095,0.0008088349809382716,0.0021377085879333334,0.0018671876107629636,0.0018883667533894925,0.05757282544928889,0.000796371441474074,0.0015653397785679016,0.0007421305445802469,0.004208605350516051,0.002105397671511112,0.013184334653224192,0.14279523598050867,0.00047531424013673267,0.0012281167425179983,0.0010588877557498931,0.0010080918163106972,0.03262634808120894,0.0004493803893918246,0.0008909993503283664,0.00042163095317476133,0.00239501634178607,0.0011820314742744158,0.007569775590496588,0.0795750171397526
2026-08-13 17:16:41.608000040,6193.361344537814,15840.193613445379,13797.34487394958,13983.452166270652,425745.0907563025,5855.442352941178,11639.232605042018,5493.866218487395,31207.14756302521,15403.347226890757,100724.70660410018,1057095.210882353,0.0029449117808269735,0.003048598437128434,0.0032653543655597208,0.000802460013514003,0.0027624175935479496,0.0043914914059737615,12595.402217322518,28448.220351587577,35211.613567251465,20942.098389203307,29731.506617559495,82947.1491470723,9538.965186058507,9858.479418974675,33254.42245614035,7051.516470758961,23955.255926085465,62272.43266226966,0.0,0.0,0.0,0.0,0.0,1.1493361443874506,0.0008116071105679012,0.002145035181683333,0.001873587044790741,0.0018982238568990121,0.057770145470122214,0.0007991008546685184,0.0015707046859753087,0.0007446740573117284,0.0042230295530623465,0.002112613525677778,0.013249009240369683,0.14328463976986047,0.00047531424013673267,0.0012281167425179983,0.0010588877557498931,0.0010115684979420223,0.032720983373708476,0.0004493803893918246,0.0008980575401963139,0.00042163095317476133,0.00239501634178607,0.0011884883300105923,0.007597933823318079,0.0797610934819182
2026-08-13 17:16:56.608000040,6213.790588235294,15816.560672268906,13795.43294117647,13917.320758030457,425656.06184873945,5843.749915966387,11639.232605042018,5511.167394957984,31219.469243697484,15403.347226890757,100908.77950226418,1057226.2297058823,0.0029449117808269735,0.003048598437128434,0.0033723876361526003,0.000802460013514003,0.002763995584957685,0.00442818302244939,12595.402217322518,28448.220351587577,35085.85388358086,20942.098389203307,30272.73116274589,84494.6857326067,9538.965186058507,9858.479418974675,33221.29841408442,7051.516470758961,24391.36431325264,62117.7820404081,0.0,0.0,0.0,0.0,0.0,1.1542498587946914,0.000814379240197531,0.0021523617754333336,0.001879986478818519,0.0019080809604085321,0.057967465490955564,0.0008018302678629628,0.001576069593382716,0.0007472175700432099,0.004237453755608643,0.0021198293798444447,0.013313683827515178,0.14377404355921236,0.0004801937792622134,0.0012366365575471267,0.0010660933912263208,0.0010110586930766876,0.03284268377864839,0.00045159750998433274,0.0008980575401963139,0.0004258959586668566,0.0024126006034183166,0.0011884883300105923,0.0076419910524623035,0.08002893694888795
2026-08-13 17:17:11.608000040,6213.790588235294,15816.560672268906,13795.43294117647,13965.972442256647,425618.83663865546,5843.749915966387,11643.567731092437,5511.167394957984,31219.469243697484,15381.000000000002,101056.49052221556,1057089.2300420168,0.0029449117808269735,0.003048598437128434,0.0033756010679850514,0.000802460013514003,0.002763995584957685,0.004447540528605813,12595.402217322518,28448.220351587577,35320.29408099336,20942.098389203307,30272.73116274589,84321.67605119222,9538.965186058507,9858.479418974675,33446.64404982935,7051.516470758961,24391.36431325264,61770.84465409396,0.0,0.0,0.0,0.0,0.0,1.1591635732019325,0.0008224473539872147,0.002155520440006088,0.0018860291529035008,0.0019003700055847319,0.05814493967614064,0.0008048403359512938,0.0015824184637339422,0.0007519179953893456,0.004252783334363471,0.0021245695205059363,0.013362165268140389,0.144319357312372,0.0004801937792622134,0.0012366365575471267,0.0010660933912263208,0.001014593116772522,0.032936210227546475,0.00045159750998433274,0.0009045453990311418,0.0004258959586668566,0.0024126006034183166,0.0011948925882352942,0.007668925409194906,0.0802186720742063
2026-08-13 17:17:26.608000040,6235.327058823529,15788.62588235294,13786.708235294118,13888.155775816756,425523.20672268904,5851.328067226891,11643.567731092437,5525.301176470589,31252.341176470585,15381.000000000002,101219.00154836684,1057231.5661764706,0.002898953629234423,0.003048598437128434,0.0033792057545500007,0.000802460013514003,0.002763995584957685,0.00444529881324154,12398.838976195377,28448.220351587577,35554.73427840585,20942.098389203307,30272.73116274589,83625.31429731906,9390.100554217539,9858.479418974675,33671.98968557428,7051.516470758961,24391.36431325264,61347.31079635449,0.0,0.0,0.0,0.0,0.0,1.1640772876091734,0.0008252374498776256,0.0021628328943439873,0.001892427376647793,0.001910130334911655,0.058342192371346115,0.0008075707012480973,0.001587786709167732,0.0007544688252980213,0.004267210608336074,0.002131776975985388,0.013426733664898095,0.14480895077241765,0.00048518124937188426,0.0012449111559267815,0.001072766875453639,0.0010131563951300275,0.033057312647750865,0.0004553016442216208,0.0009045453990311418,0.0004299329454037886,0.002431797048454636,0.0011948925882352942,0.007711449038256002,0.08048561712564498
2026-08-13 17:17:41.608000040,6235.327058823529,15788.62588235294,13786.708235294118,13937.773393293937,425483.0561344538,5851.328067226891,11648.072268907561,5525.301176470589,31252.341176470585,15352.926050420168,101354.65918409308,1057381.7103781512,0.0029712018800345553,0.003048598437128434,0.0033828104411149492,0.0008115307883834038,0.002763995584957685,0.004463373703833539,12680.904833902063,28448.220351587577,35789.17447581834,23040.99216150083,30272.73116274589,86455.34813378761,9709.589151680375,9858.479418974675,33897.33532131921,7116.031239586925,24391.36431325264,64058.46626277877,0.0,0.0,0.0,0.0,0.0,1.141546726206263,0.0008280275457680365,0.0021701453486818877,0.0018988256003920857,0.0019198906642385778,0.0585394450665516,0.0008103010665449011,0.0015931549546015222,0.0007570196552066973,0.004281637882308677,0.002138984431464841,0.013491302061655797,0.14529854423246333,0.00048518124937188426,0.0012449111559267815,0.001072766875453639,0.0010167760554556742,0.03315056140920475,0.0004553016442216208,0.0009110510904032199,0.0004299329454037886,0.002431797048454636,0.0012008253122237128,0.007737503513064961,0.08069607443630566
2026-08-13 17:17:56.608000040,6253.886722689075,15777.723025210084,13772.895126050418,13872.911385623083,425410.4420168067,5859.033277310925,11648.072268907561,5513.454453781513,31300.529747899163,15352.926050420168,101592.52586035652,1057435.0357563025,0.0029712018800345553,0.003095184454043519,0.003386415127679898,0.0008115307883834038,0.0027340571107783923,0.004498665627748214,12680.904833902063,28459.790847208515,36023.61467323085,23040.99216150083,36830.1137477957,86879.11722052714,9709.589151680375,10043.33213313358,34122.680957064134,7116.031239586925,30790.02585989399,64564.857230671565,0.0,0.0,0.0,0.0,0.0,1.146345081869757,0.0008308176416584475,0.0021774578030197868,0.0019052238241363776,0.0019296509935655013,0.05873669776175708,0.0008130314318417046,0.001598523200035312,0.000759570485115373,0.0042960651562812795,0.0021461918869442923,0.0135558704584135,0.14578813769250898,0.0004899584586640079,0.0012546300414129905,0.001079032410807577,0.0010162082752991452,0.033273372462057756,0.0004590238104885344,0.0009110510904032199,0.00043194956446660014,0.0024522285085543365,0.0012008253122237128,0.007785891191793486,0.08095453935054514
2026-08-13 17:18:11.608000040,6253.886722689075,15777.723025210084,13772.895126050418,13923.323721791308,425383.13344537816,5859.033277310925,11648.477647058824,5513.454453781513,31300.529747899163,15350.055126050422,101773.63597603397,1057275.867352941,0.0029765008311405036,0.003095184454043519,0.0033948724387832365,0.0008115307883834038,0.0027823352086690854,0.004555255196769635,12963.648456078789,28459.790847208515,36258.05487064334,23040.99216150083,37480.46147821865,87675.5162320394,9926.081936899802,10043.33213313358,34348.02659280906,7116.031239586925,31333.717458968793,65236.88513643169,0.0,0.0,0.0,0.0,0.0,1.1511434375332503,0.0008388409399153155,0.0021805034933201194,0.0019104556572708707,0.0019225922767026672,0.05891542838074655,0.0008170647662684685,0.0016051679819795797,0.0007614447137093094,0.004312102280482884,0.0021518212021201205,0.013602102583882655,0.14631960877793335,0.0004899584586640079,0.0012546300414129905,0.001079032410807577,0.0010199010425754075,0.03336758180842434,0.0004590238104885344,0.0009172387617993078,0.00043194956446660014,0.0024522285085543365,0.0012087129309060096,0.007815480424046855,0.08114023752724105
2026-08-13 17:18:26.608000040,6276.403361344538,15753.02218487395,13746.581848739495,13855.8688201305,425289.09781512606,5856.135126050421,11648.477647058824,5535.012100840337,31348.579159663866,15350.055126050422,102006.08461825433,1056998.9335714285,0.0029765008311405036,0.003095184454043519,0.003410915843441147,0.0008115307883834038,0.0027823352086690854,0.0045769086304521265,12963.648456078789,28459.790847208515,35000.48152399501,23040.99216150083,37480.46147821865,90406.87405863518,9926.081936899802,10043.33213313358,33168.37459868181,7116.031239586925,31333.717458968793,67786.33967681722,0.0,0.0,0.0,0.0,0.0,1.156343233395258,0.0008416485514018019,0.002187801666743543,0.0019168499770906907,0.0019322640390297117,0.05911261908232312,0.0008197994926198199,0.0016105404999975975,0.0007639932790246246,0.004326534942645046,0.0021590233755435437,0.013666494955205902,0.14680934240293333,0.0004950675675829653,0.0012633570513483922,0.0010842972394587663,0.001019071753109937,0.03348863751180284,0.0004619178222589375,0.0009172387617993078,0.0004365884121122347,0.0024727003569178178,0.0012087129309060096,0.007863608845768508,0.08137149551434111
2026-08-13 17:18:41.608000040,6276.403361344538,15753.02218487395,13746.581848739495,13907.327188104357,425260.3855462185,5856.135126050421,11650.428907563024,5535.012100840337,31348.579159663866,15348.74823529412,102199.4689971033,1057099.7184453781,0.0029765008311405036,0.003095184454043519,0.003414408457872351,0.0008115307883834038,0.0027823352086690854,0.004602260266879907,12963.648456078789,28459.790847208515,35220.81160014158,23040.99216150083,37480.46147821865,92663.81824180925,9926.081936899802,10043.33213313358,33380.20136060499,7116.031239586925,31333.717458968793,69857.03404363521,0.0,0.0,0.0,0.0,0.0,1.1612476368023623,0.0008444561628882883,0.002195099840166967,0.0019232442969105109,0.0019419358013567551,0.05930980978389971,0.0008225342189711714,0.0016159130180156155,0.00076654184433994,0.004340967604807208,0.0021662255489669677,0.013730887326529152,0.14729907602793335,0.0004950675675829653,0.0012633570513483922,0.0010842972394587663,0.001022856414320579,0.03358269409326944,0.0004619178222589375,0.000923549406397853,0.0004365884121122347,0.0024727003569178178,0.0012167214987642114,0.007894216794817303,0.08157599208442746
2026-08-13 17:18:56.608000040,6297.933781512605,15738.655462184875,13729.316974789916,13848.756009201745,425187.9075630252,5875.808067226891,11650.428907563024,5538.911596638655,31396.546890756304,15348.74823529412,102378.97425348852,1057170.493235294,0.0029765008311405036,0.0031248750599419373,0.0034179010723035547,0.0008115307883834038,0.002801817115318881,0.004599642848417413,12963.648456078789,27963.53298543066,35441.141676288134,23040.99216150083,43280.39082467889,92373.62019177394,9926.081936899802,9870.01993740653,33592.02812252815,7116.031239586925,37054.347755754265,69734.16000638537,0.0,0.0,0.0,0.0,0.0,1.1661520402094667,0.0008472637743747748,0.00220239801359039,0.0019296386167303307,0.0019516075636837995,0.059507000485476275,0.0008252689453225226,0.0016212855360336336,0.0007690904096552553,0.004355400266969369,0.0021734277223903905,0.013795279697852394,0.14778880965293334,0.0005001223611394386,0.0012730177840982546,0.0010902525590884488,0.001022612199346137,0.03370537194407174,0.00046660112762854285,0.000923549406397853,0.00043984799490670833,0.0024932169354849733,0.0012167214987642114,0.007938397398754035,0.08183224391738193
2026-08-13 17:19:11.608000040,6297.933781512605,15738.655462184875,13729.316974789916,13901.409463519218,425161.1011764706,5875.808067226891,11648.526050420167,5538.911596638655,31396.546890756304,15340.25344537815,102560.37289927907,1057074.7846638656,0.002925601285557358,0.0030859518673469646,0.003421393686734759,0.0008115307883834038,0.002801817115318881,0.004621031819564875,12741.964051152476,28280.794978442642,35661.47175243469,23040.99216150083,43280.39082467889,92233.05909201823,9756.341329162198,10006.67617625397,33803.85488445132,7116.031239586925,37054.347755754265,69631.73481379815,0.0,0.0,0.0,0.0,0.0,1.1523646723646723,0.000855642311354074,0.0022055851634583705,0.0019346846381511117,0.0019459433259413164,0.059687791131426374,0.0008296437922542222,0.0016267383845955557,0.0007734758758334815,0.004374396758733037,0.0021803096010690375,0.013851104280856404,0.14826225824909925,0.0005001223611394386,0.0012730177840982546,0.0010902525590884488,0.0010265002066651326,0.0337995419473088,0.00046660112762854285,0.0009295545540851634,0.00043984799490670833,0.0024932169354849733,0.0012241550896010167,0.00796814358799675,0.08202046581025237
2026-08-13 17:19:26.608000040,6324.492100840335,15732.614117647057,13724.54319327731,13836.979603607177,425116.1737815126,5882.318319327732,11648.526050420167,5553.42050420168,31459.946218487396,15340.25344537815,102858.1678234941,1057169.8942436974,0.0030095621954388183,0.0031336808283576618,0.0034248863011659626,0.0007952860441767844,0.002801817115318881,0.004664178984439791,13071.143668546265,28718.200686276337,35881.80182858125,23078.797887261026,43280.39082467889,92852.45897242479,10051.045479616907,10161.444713675684,34015.68164637449,7126.084961680598,37054.347755754265,70130.11113359357,0.0,0.0,0.0,0.0,0.0,1.1407703330939336,0.0008584683224651852,0.0022128697590139265,0.0019410745048177782,0.001955541264450338,0.05988492766698194,0.0008323839355875555,0.001632111167928889,0.0007760305080557038,0.004388844494288593,0.0021875107166245936,0.01391544171561831,0.14875193808798817,0.0005056020521293262,0.00128347174697505,0.0010971880575416607,0.001025757371905891,0.03392435005453852,0.00047025313117789484,0.0009295545540851634,0.0004439598877652754,0.0025150182993875516,0.0012241550896010167,0.008021663153177205,0.08227689087847714
2026-08-13 17:19:41.608000040,6324.492100840335,15732.614117647057,13724.54319327731,13890.903518477213,425090.232605042,5882.318319327732,11643.183529411763,5553.42050420168,31459.946218487396,15339.34588235294,103053.11856198838,1057311.8552521009,0.0030095621954388183,0.0031336808283576618,0.0034301401026473237,0.00080867397693873,0.0028078405672415686,0.0047077639421474575,13071.143668546265,28718.200686276337,36102.13190472781,22765.07347953878,44414.3865949916,93685.66808939903,10051.045479616907,10161.444713675684,34227.508408297654,7028.858241012889,38025.21407248728,70732.19579684528,0.0,0.0,0.0,0.0,0.0,1.1457144887199882,0.0008612943335762962,0.002220154354569481,0.0019474643714844444,0.0019651392029593597,0.06008206420253747,0.0008351240789208887,0.0016374839512622221,0.0007785851402779258,0.004403292229844148,0.002194711832180149,0.013979779150380213,0.14924161792687704,0.0005056020521293262,0.00128347174697505,0.0010971880575416607,0.0010297548377390811,0.03401855888404975,0.00047025313117789484,0.0009352813869303012,0.0004439598877652754,0.0025150182993875516,0.0012321891736233313,0.008052548127005963,0.08248252063266465
2026-08-13 17:19:56.608000040,6350.950588235292,15720.607058823529,13727.674285714284,13828.22464703128,425036.2779831933,5888.641008403361,11643.183529411763,5561.845714285713,31512.77848739496,15339.34588235294,103286.30710633755,1057656.9712184875,0.0030095621954388183,0.0031336808283576618,0.003450179838432677,0.00080867397693873,0.0028078405672415686,0.004733450318971834,13071.143668546265,28718.200686276337,41389.24776575241,22765.07347953878,44414.3865949916,93964.75473385946,10051.045479616907,10161.444713675684,39323.78326051101,7028.858241012889,38025.21407248728,70855.03605336399,0.0,0.0,0.0,0.0,0.0,1.1505866255783124,0.0008641203446874074,0.0022274389501250372,0.001953854238151111,0.001974737141468382,0.060279200738093036,0.0008378642222542222,0.0016428567345955559,0.0007811397725001482,0.004417739965399704,0.002201912947735704,0.014044116585142118,0.14973129776576594,0.0005111020178664007,0.0012935627241341396,0.0011047546238256657,0.0010290759919733313,0.03414259670163406,0.00047389697968380556,0.0009352813869303012,0.00044759765142857134,0.0025360368419997154,0.0012321891736233313,0.008101205406070865,0.08275687531128427
2026-08-13 17:20:11.608000040,6350.950588235292,15720.607058823529,13727.674285714284,13883.597686821071,425018.07226890756,5888.641008403361,11634.11394957983,5561.845714285713,31512.77848739496,15342.737142857142,103472.81852552496,1057365.8371008404,0.0030095621954388183,0.0031336808283576618,0.003454146167081827,0.00080867397693873,0.0028201644744461265,0.004761027776263251,13071.143668546265,28718.200686276337,41655.43685756747,22765.07347953878,43693.41565529627,96847.10124365402,10051.045479616907,10161.444713675684,39580.04293698317,7028.858241012889,37443.40026088583,70647.79437441163,0.0,0.0,0.0,0.0,0.0,1.155458762436637,0.0008726700654608186,0.002232323798138596,0.0019607693877894735,0.001968601555969502,0.060463861659550866,0.0008414571700269005,0.001648231065253216,0.0007850716624087719,0.004438590318227484,0.002208861652085965,0.014110128134220579,0.15025455653838538,0.0005111020178664007,0.0012935627241341396,0.0011047546238256657,0.0010331967715603546,0.03423739685751409,0.00047389697968380556,0.0009407012136374549,0.00044759765142857134,0.0025360368419997154,0.0012405698889795917,0.008131504753095514,0.08292760346670282
2026-08-13 17:20:26.608000040,6361.853445378151,15702.588907563024,13731.725042016806,13796.438731944805,424909.4309243697,5879.383865546219,11634.11394957983,5563.624537815126,31497.761344537816,15342.737142857142,103702.60007987189,1058582.1016386554,0.0030095621954388183,0.0031336808283576618,0.0034581124957309777,0.00080867397693873,0.0028201644744461265,0.0047749893925539445,13071.143668546265,28718.200686276337,41921.62594938253,22765.07347953878,43693.41565529627,96916.96382004277,10051.045479616907,10161.444713675684,39836.302613455315,7028.858241012889,37443.40026088583,70810.69496332345,0.0,0.0,0.0,0.0,0.0,1.1603308992949612,0.0008755147343204678,0.0022396005711649123,0.001967160966736842,0.001978122186216416,0.06066095752797193,0.0008442000932725147,0.0016536038536304092,0.0007876307841192982,0.0044530589245871345,0.002216061944849123,0.014174508429281148,0.15074434583553453,0.0005153700335336845,0.0013032765936703457,0.0011123990290158093,0.0010306253095705114,0.03435696255759904,0.0004762854545392394,0.0009407012136374549,0.0004507059757413473,0.002551615257997435,0.0012405698889795917,0.008180047306680151,0.08326892826707849
2026-08-13 17:20:41.608000040,6361.853445378151,15702.588907563024,13731.725042016806,13854.317137788961,424915.18487394956,5879.383865546219,11638.657815126051,5563.624537815126,31497.761344537816,15348.887394957981,103898.1286129575,1058847.194747899,0.0030254626186317687,0.003174164484823376,0.003340925013205292,0.0008026325482883255,0.0028201644744461265,0.00479535666386489,12783.562727548755,28134.599123062093,42187.81504119759,23180.680065382046,43693.41565529627,97603.42720764644,9830.701219257415,10051.578580232679,40092.562289927475,7157.179363215691,37443.40026088583,71357.95153039209,0.0,0.0,0.0,0.0,0.0,1.1652030361532855,0.000878359403180117,0.0022468773441912285,0.001973552545684211,0.001987642816463329,0.06085805339639299,0.0008469430165181287,0.0016589766420076022,0.0007901899058298247,0.004467527530946785,0.0022232622376122807,0.014238888724341717,0.15123413513268366,0.0005153700335336845,0.0013032765936703457,0.0011123990290158093,0.0010349489579481513,0.0344536670990951,0.0004762854545392394,0.0009472193929016313,0.0004507059757413473,0.002551615257997435,0.0012491787309935737,0.008211130829602124,0.08348248503657628
2026-08-13 17:20:56.608000040,6387.241008403361,15685.753613445377,13740.41344537815,13760.137742951563,424838.4020168067,5861.150924369747,11638.657815126051,5583.996302521009,31526.966722689078,15348.887394957981,104161.99450013465,1059148.8172689076,0.003029929045968608,0.0031759602854695775,0.0033577687203841223,0.0008026325482883255,0.0028201644744461265,0.004781757704484654,13008.640852298771,25746.150202083547,42454.00413301264,23180.680065382046,43693.41565529627,99642.67075250541,10003.788788236898,10282.572443338599,40348.821966399635,7157.179363215691,37443.40026088583,73324.74971455928,0.0,0.0,0.0,0.0,0.0,1.1527485380116957,0.0008812040720397661,0.002254154117217544,0.001979944124631579,0.001997163446710243,0.061055149264814035,0.0008496859397637426,0.001664349430384795,0.0007927490275403508,0.004481996137306432,0.0022304625303754383,0.014303269019402282,0.15172392442983273,0.0005208307879903147,0.0013132049148540676,0.0011204259167070217,0.001031775114691573,0.03457573713668809,0.00047793215418886196,0.0009472193929016313,0.0004553323086682808,0.0025707836763196124,0.0012491787309935737,0.008262530620322088,0.08375063515374875
2026-08-13 17:21:11.608000040,6387.241008403361,15685.753613445377,13740.41344537815,13821.176012942082,424843.24235294113,5861.150924369747,11637.801680672268,5583.996302521009,31526.966722689078,15349.298823529409,104352.833686818,1059123.4297058822,0.003029929045968608,0.0031759602854695775,0.003374612427562952,0.000804682280813447,0.002777494434571902,0.004850408450296592,13008.640852298771,25746.150202083547,42720.1932248277,22591.601342842798,44228.370453744574,99802.63771407226,10003.788788236898,10282.572443338599,40605.081642871795,6975.297638245778,37901.49872239039,73479.39993479353,0.0,0.0,0.0,0.0,0.0,1.139147891610634,0.0008871332635757578,0.0022591010023151514,0.0019874933875676766,0.001990291045484487,0.06123515108361213,0.0008493177344363638,0.0016704818454343435,0.0007960237159919193,0.00449278346028687,0.002236948274254546,0.014366703204963208,0.15237736355698586,0.0005208307879903147,0.0013132049148540676,0.0011204259167070217,0.0010363519415516314,0.034672354069718234,0.00047793215418886196,0.0009533000386978321,0.0004553323086682808,0.0025707836763196124,0.0012573239829955507,0.008293323007867453,0.08394031681443963
2026-08-13 17:21:26.608000040,6415.671932773109,15662.10554621849,13739.043025210083,13724.023760277778,424760.8749579832,5869.022521008403,11637.801680672268,5614.51462184874,31563.52033613445,15349.298823529409,104595.42965443137,1059301.2364285714,0.003029929045968608,0.0031759602854695775,0.003391456134741782,0.000804682280813447,0.0028051004901663754,0.004886002046123425,13008.640852298771,25746.150202083547,42986.38231664276,22591.601342842798,44021.66972422984,100496.7771761461,10003.788788236898,10282.572443338599,40861.341319343956,6975.297638245778,37781.54114960732,73992.94243683563,0.0,0.0,0.0,0.0,0.0,1.1440168107039383,0.0008899878577316019,0.002266370278289178,0.001993888691680231,0.0019997289398297254,0.0614321919472485,0.0008520506467740261,0.0016758570781183263,0.0007985851402343435,0.004507240221109379,0.0022441462677610393,0.014431178493640631,0.15286767944226728,0.0005265683882751744,0.0013226772436206484,0.0011276364842273178,0.0010328765277361697,0.034793904351133394,0.0004817019576470587,0.0009533000386978321,0.00046081313794616157,0.002590586333878365,0.0012573239829955507,0.008343202781047226,0.08419713220256145
2026-08-13 17:21:41.608000040,6415.671932773109,15662.10554621849,13739.043025210083,13789.133014663743,424774.01344537816,5869.022521008403,11646.468907563025,5614.51462184874,31563.52033613445,15356.55025210084,104790.98538659293,1059519.777605042,0.003029929045968608,0.0031759602854695775,0.003338427711988304,0.0008004188996548286,0.0028456418234803047,0.004916442076640635,13008.640852298771,25746.150202083547,42414.80173772525,22950.031974415047,44657.902611993464,104113.72106603127,10003.788788236898,10282.572443338599,40217.89941520467,7085.965328416972,38327.58720329765,77294.73261782795,0.0,0.0,0.0,0.0,0.0,1.1488857297972428,0.0008928424518874462,0.0022736395542632035,0.002000283995792785,0.0020091668341749636,0.06162923281088485,0.0008547835591116884,0.0016812323108023092,0.0008011465644767678,0.00452169698193189,0.002251344261267533,0.014495653782318053,0.15335799532754865,0.0005265683882751744,0.0013226772436206484,0.0011276364842273178,0.0010377766810562412,0.03489118789806207,0.0004817019576470587,0.0009601649100487254,0.00046081313794616157,0.002590586333878365,0.0012660335770863637,0.008374447155681496,0.08440520723904155
2026-08-13 17:21:56.608000040,6441.785546218488,15650.612773109244,13722.752268907563,13691.76554171323,424689.2168067227,5866.677983193277,11646.468907563025,5640.549579831932,31590.623193277308,15356.55025210084,105003.66036143049,1059816.5476890756,0.003058089821278205,0.0031759602854695775,0.00345880074968773,0.0008134525078713909,0.0028456418234803047,0.004936455057722601,13208.159557943722,25746.150202083547,41604.03153795397,23323.73844916358,44657.902611993464,103944.90165289472,10204.460088712513,10282.572443338599,39523.610167600156,7201.349530322447,38327.58720329765,77268.41699771122,0.0,0.0,0.0,0.0,0.0,1.1537546488905472,0.00089569704604329,0.002280908830237229,0.0020066792999053388,0.0020186047285202023,0.061826273674521204,0.0008575164714493505,0.0016866075434862913,0.0008037079887191919,0.004536153742754401,0.002258542254774026,0.014560129070995473,0.15384831121283002,0.0005321448643782937,0.0013332966474056973,0.0011336130476000568,0.001034207840912283,0.035012473470743585,0.0004846362141860134,0.0009601649100487254,0.0004659561343113516,0.0026096472436405067,0.0012660335770863637,0.008422088733132648,0.08467002482165209
2026-08-13 17:22:11.608000040,6441.785546218488,15650.612773109244,13722.752268907563,13761.690816038568,424657.02857142856,5866.677983193277,11650.477310924367,5640.549579831932,31590.623193277308,15335.727731092438,105166.82170796793,1059923.4192857142,0.003058089821278205,0.0031759602854695775,0.0034759298600731472,0.0008123280405977026,0.0028456418234803047,0.004959358502462845,13208.159557943722,25746.150202083547,41757.36986445847,24803.452340496322,44657.902611993464,107194.86676678613,10204.460088712513,10282.572443338599,39674.6600444628,7072.722955362716,38327.58720329765,80547.22793152857,0.0,0.0,0.0,0.0,0.0,1.158623567983852,0.0009035920139532764,0.0022866115305891733,0.0020132677563413108,0.0020125568660020804,0.062010752719028485,0.0008613595172119658,0.0016932348792826207,0.0008105783541344728,0.004553126296757265,0.002264657398576638,0.01462365301843373,0.1543905985424553,0.0005321448643782937,0.0013332966474056973,0.0011336130476000568,0.0010394896481974638,0.03510600061327388,0.0004846362141860134,0.00096665239477438,0.0004659561343113516,0.0026096472436405067,0.0012724215104018078,0.008450802922914018,0.0848682929139714
2026-08-13 17:22:26.608000040,6467.030924369748,15629.91731092437,13696.79899159664,13661.927817424898,424560.6272268907,5871.527394957984,11650.477310924367,5642.558319327731,31609.921008403362,15335.727731092438,105381.75743549554,1060021.9594537814,0.003058089821278205,0.0031683524435293505,0.0034930589704585636,0.0008123280405977026,0.0028456418234803047,0.00498695238488225,13208.159557943722,22649.702100926384,41910.70819096298,24803.452340496322,44657.902611993464,109688.8845568404,10204.460088712513,10457.521101302991,39825.709921325455,7072.722955362716,38327.58720329765,82875.6309593799,0.0,0.0,0.0,0.0,0.0,1.1634924870771566,0.0009064626207908832,0.0022938758297344724,0.002019663674076353,0.0020219205076637053,0.062207753675225054,0.0008640959563145297,0.0016986140897527063,0.0008131534673823361,0.004567591049962394,0.0022718519519954418,0.014688178963807858,0.15488107953497665,0.000537676989169634,0.0013432570950849788,0.0011387688924312774,0.0010356643875433847,0.03522624319013628,0.00048816608556046144,0.00096665239477438,0.00046912931201823096,0.0026280881218060104,0.0012724215104018078,0.008498756575590526,0.08511575563017469
2026-08-13 17:22:41.608000040,6467.030924369748,15629.91731092437,13696.79899159664,13737.756432103031,423139.01588568377,5871.527394957984,11542.440129560167,5642.558319327731,31609.921008403362,15169.274077187289,105413.13232936535,1057275.8481385864,0.003058089821278205,0.00321952478349275,0.003510188080843981,0.0008123280405977026,0.0028456418234803047,0.005017293472380013,13208.159557943722,23015.519438686708,42064.04651746747,24803.452340496322,44657.902611993464,114322.73195042899,10204.460088712513,10626.421447621215,39976.7597981881,7072.722955362716,38327.58720329765,85714.07020338903,0.0,0.0,0.0,0.0,0.0,1.168361406170461,0.0009093332276284903,0.0023011401288797724,0.0020260595918113965,0.0020312841493253307,0.06240475463142166,0.0008668323954170941,0.0017039933002227924,0.0008157285806301995,0.004582055803167522,0.002279046505414246,0.014752704909181985,0.15537156052749804,0.000537676989169634,0.0013432570950849788,0.0011387688924312774,0.0010414126975058138,0.03520412760523,0.00048816608556046144,0.0009637883621907622,0.00046912931201823096,0.0026280881218060104,0.001266627303617838,0.008516876818243995,0.08508347402254186
2026-08-13 17:22:56.608000040,6485.115630252101,15496.5525919661,13546.32145473403,13636.676576330341,422448.0817933365,5883.558655462184,11591.034243966948,5632.898823529412,31678.16369747899,15233.278606848307,105466.38262129205,1055888.4364900608,0.0030205789323497568,0.00321952478349275,0.003527317191229398,0.0008123280405977026,0.0028593823111311414,0.00504127483850502,13301.653296169572,23015.519438686708,42217.38484397197,24803.452340496322,43935.240034606606,115339.79591799546,10334.505978426341,10626.421447621215,40127.80967505075,7072.722955362716,37779.88533086303,86413.28808507303,0.0,0.0,0.0,0.0,0.0,0.0,0.0009122038344660971,0.0023084044280250716,0.002032455509546439,0.0020406477909869557,0.06260175558761824,0.0008695688345196581,0.0017093725106928775,0.0008183036938780628,0.004596520556372651,0.0022862410588330487,0.014817230854556114,0.1558620415200194,0.0005426368598262356,0.0013435694982971947,0.0011334776055655137,0.001037413836317604,0.03527421760841689,0.0004923020614328442,0.0009678459480574007,0.0004713283006181454,0.0026506449929240843,0.0012719716519638002,0.008551812709613353,0.08520883375991517
2026-08-13 17:23:11.608000040,6485.115630252101,15633.335593220338,13669.697288135594,13720.601782740598,424517.0545107534,5883.558655462184,11663.697478991595,5632.898823529412,31678.16369747899,15348.48806722689,106059.4046139206,1060340.780424458,0.0030647570541147413,0.00321952478349275,0.003463765352134633,0.0008110500204525484,0.0028243338035804986,0.005058211138665527,13496.199465018288,23015.519438686708,40338.745479128265,24371.033826057217,44611.61359872704,115424.71109208869,10485.655500991777,10626.421447621215,38300.24707293103,6949.092152703424,38361.49853414061,86498.81044016028,0.0,0.0,0.0,0.0,0.0,0.0,0.0009194201623398031,0.002312491550496202,0.0020370373037609,0.002035645634208044,0.0627803340793924,0.0008747612214053445,0.0017153931272568214,0.000818387004611533,0.004608504711397468,0.0022918606941507735,0.014874993222437884,0.15635772817376203,0.0005426368598262356,0.001355428746815863,0.0011438009796782534,0.0010437984689558035,0.0354579917517063,0.0004923020614328442,0.0009719099915966383,0.0004713283006181454,0.0026506449929240843,0.0012807079506126473,0.00860389305714203,0.08559806456557413
2026-08-13 17:23:26.608000040,6526.993613445377,15612.525378151258,13658.170084033614,13743.392887941787,424516.4198319328,5923.433949579832,11663.697478991595,5661.039327731092,31731.29546218487,15348.48806722689,106393.40488939888,1060347.7300840337,0.0030855556125364684,0.00321952478349275,0.0034930704977527657,0.0007971897774008404,0.0028654373078290957,0.005102656602273417,13166.119224909738,23015.519438686708,39078.77337594014,24669.118107316528,45260.86180259282,118701.37157231798,10236.96233432603,10626.421447621215,37087.43464771975,7012.529412611582,38919.7866571598,89581.11256396415,0.0,0.0,0.0,0.0,0.0,0.0,0.00092230440179128,0.002319745882774683,0.0020434275305541492,0.0020449448130394616,0.06297727724394935,0.0008775053648652602,0.001720774349830661,0.0008209543010250352,0.004622961682916455,0.002299050307019972,0.014939557702523821,0.15684822549654684,0.0005496195714342685,0.0013524252180796962,0.0011404508256535554,0.001049185148561222,0.03550079846070419,0.0004987955284774248,0.0009719099915966383,0.0004767000235408061,0.0026720021568665425,0.0012807079506126473,0.008638964910091104,0.0857465189512147
2026-08-13 17:23:41.608000040,6526.993613445377,15612.525378151258,13658.170084033614,13858.298180488051,424653.74319327733,5923.433949579832,11711.994957983194,5661.039327731092,31731.29546218487,15390.550588235292,106651.04002285983,1061914.9099159664,0.0030855556125364684,0.00321952478349275,0.0035445786205019147,0.0008115662192138997,0.0028654373078290957,0.0050825063936223965,13166.119224909738,23015.519438686708,39546.39835198301,25113.99854997052,45260.86180259282,116982.32478625394,10236.96233432603,10626.421447621215,37526.82735761981,7138.992676342177,38919.7866571598,87911.62542717051,0.0,0.0,0.0,0.0,0.0,0.0,0.0009251886412427568,0.002327000215053164,0.002049817757347398,0.002054243991870879,0.06317422040850633,0.0008802495083251757,0.0017261555724045006,0.0008235215974385374,0.004637418654435443,0.00230623991988917,0.015004122182609755,0.15733872281933164,0.0005496195714342685,0.0013524252180796962,0.0011404508256535554,0.0010579571401220828,0.03560800276257702,0.0004987955284774248,0.0009820724661064426,0.0004767000235408061,0.0026720021568665425,0.0012941512413483143,0.008682151314315949,0.08608000859150713
2026-08-13 17:23:56.608000040,6569.561344537815,15646.813109243698,13691.916302521005,13852.827068996408,424745.6127731092,5910.782521008404,11711.994957983194,5677.6295798319325,31730.593613445377,15390.550588235292,106982.83354032427,1063444.1959663865,0.0030855556125364684,0.0032518740093703956,0.0035497663473172576,0.0008115662192138997,0.0028654373078290957,0.0051062811106110445,13166.119224909738,22482.997968118307,39701.49349759707,25113.99854997052,45260.86180259282,116750.58768420786,10236.96233432603,10381.784285385114,37679.9193914996,7138.992676342177,38919.7866571598,87817.07637436777,0.0,0.0,0.0,0.0,0.0,0.0,0.0009280728806942336,0.0023342545473316457,0.0020562079841406474,0.0020635431707022966,0.06337116357306329,0.0008829936517850914,0.0017315367949783404,0.0008260888938520395,0.00465187562595443,0.0023134295327583688,0.015068686662695695,0.15782922014211645,0.0005567053706594502,0.0013673914798297499,0.0011505044964790617,0.001061182226785402,0.035743361057895835,0.0005008803787152826,0.0009820724661064426,0.0004811229721350234,0.0026888540881811708,0.0012941512413483143,0.008740053619289579,0.08661808459130872
2026-08-13 17:24:11.608000040,6569.561344537815,15646.813109243698,13691.916302521005,13906.899480286731,424704.4517647059,5910.782521008404,11705.194285714284,5677.6295798319325,31730.593613445377,15380.382857142858,107143.11555695077,1063286.4736134454,0.0030855556125364684,0.0032599091640238115,0.0035549540741325997,0.0008115662192138997,0.0028654373078290957,0.005122849492642601,13166.119224909738,20048.779074154787,39856.58864321113,25113.99854997052,45260.86180259282,116357.41002468418,10236.96233432603,10665.494466144246,37833.011425379394,7138.992676342177,38919.7866571598,87645.45801766908,0.0,0.0,0.0,0.0,0.0,0.0,0.0009358431521122222,0.002337613742985555,0.0020605039728827774,0.00205943589370722,0.06354715199772999,0.0008860845345605554,0.0017371104476366667,0.0008310183042388886,0.004661277939143889,0.0023176838016100002,0.015118165488577551,0.1582990905762672,0.0005567053706594502,0.0013673914798297499,0.0011505044964790617,0.0010653243908025321,0.03583562912807365,0.0005008803787152826,0.0009876366059999996,0.0004811229721350234,0.0026888540881811708,0.0013033353812106538,0.008775545728766803,0.08681226249673595
2026-08-13 17:24:26.608000040,6598.482352941177,15634.86050420168,13694.396974789914,13840.015542594772,424647.25411764707,5898.312605042016,11705.194285714284,5695.305882352941,31684.229243697482,15380.382857142858,107299.35364856316,1063466.5250420168,0.0030855556125364684,0.0032599091640238115,0.0035601418009479427,0.0008106452789534305,0.0028817857604984446,0.00517982911386965,13166.119224909738,20048.779074154787,40011.6837888252,24578.271678911227,44249.084658567386,115452.13526819054,10236.96233432603,10665.494466144246,37986.10345925919,6988.359132812519,38064.17185530158,86736.7626072964,0.0,0.0,0.0,0.0,0.0,0.0,0.0009387425291955555,0.002344856007568889,0.0020668877114244444,0.002068678576411794,0.06374403024148,0.0008888297522688887,0.0017424922663866666,0.000833592918822222,0.004675719250602222,0.0023248643203600005,0.015182641578800508,0.15878952399397553,0.0005626728454636091,0.001378490565892239,0.0011579501307534775,0.001069460208115896,0.03595842821599268,0.0005029672217632815,0.0009876366059999996,0.000485656215353938,0.0027018114880501356,0.0013033353812106538,0.008819297577419418,0.0870613886270351
2026-08-13 17:24:41.608000040,6598.482352941177,15634.86050420168,13694.396974789914,13894.038352118581,424621.2161344538,5898.312605042016,11704.062857142855,5695.305882352941,31684.229243697482,15375.61512605042,107464.14977756777,1063565.382857143,0.0031090885435382932,0.0032599091640238115,0.0035653295277632857,0.0008106452789534305,0.0028817857604984446,0.005193573474212735,10465.082467786844,20048.779074154787,40166.77893443926,24578.271678911227,44249.084658567386,115944.85584320838,10267.276817406171,10665.494466144246,38139.19549313899,6988.359132812519,38064.17185530158,87053.4226253648,0.0,0.0,0.0,0.0,0.0,0.0,0.000941641906278889,0.002352098272152222,0.002073271449966111,0.0020779212591163685,0.06394090848523,0.0008915749699772223,0.0017478740851366668,0.0008361675334055557,0.004690160562060557,0.00233204483911,0.015247117669023461,0.15927995741168388,0.0005626728454636091,0.001378490565892239,0.0011579501307534775,0.0010736347153582127,0.036051936468242916,0.0005029672217632815,0.0009936749365714284,0.000485656215353938,0.0027018114880501356,0.0013130814144957982,0.008855335789275791,0.08727613393812564
2026-08-13 17:24:56.608000040,6628.307899159664,15630.389243697478,13702.894789915967,13835.617432716124,424584.44470588234,5899.465210084033,11704.062857142855,5711.342521008402,31660.547899159665,15375.61512605042,107675.42994567446,1063924.166722689,0.0031090885435382932,0.0032599091640238124,0.0035705172545786278,0.0008106452789534305,0.00288917880463082,0.005225030685506721,10465.082467786844,20048.77907415479,40321.87408005333,24578.271678911227,45150.112667911126,119381.11311285949,10267.276817406171,10665.494466144248,38292.28752701878,6988.359132812519,38839.25873582669,90241.06573362339,0.0,0.0,0.0,0.0,0.0,0.0,0.0009445412833622223,0.002359340536735556,0.002079655188507778,0.0020871639418209432,0.06413778672898,0.0008943201876855557,0.0017532559038866667,0.000838742147988889,0.00470460187351889,0.00233922535786,0.015311593759246412,0.15977039082939226,0.0005687487623529411,0.0013903962478549311,0.0011659103553929807,0.0010783768060234852,0.03617642085859582,0.0005062096673579261,0.0009936749365714284,0.0004900676069391824,0.00271666580777667,0.0013130814144957982,0.008903781254083719,0.08753871334460413
2026-08-13 17:25:11.608000040,6628.307899159664,15630.389243697478,13702.894789915967,13889.648276466125,424535.89613445377,5899.465210084033,11689.681008403362,5711.342521008402,31660.547899159665,15364.86050420168,107832.83453891228,1064187.6262184873,0.0031090885435382932,0.0032599091640238124,0.003448591437519452,0.0008106452789534305,0.00288917880463082,0.005251529520839671,10465.082467786844,20048.77907415479,39698.8657578587,24578.271678911227,45150.112667911126,118069.09234807084,10267.276817406171,10665.494466144248,37678.803460939926,6988.359132812519,38839.25873582669,89073.29063065808,0.0,0.0,0.0,0.0,0.0,0.0,0.0009520546519720167,0.0023632702909344313,0.0020852677600548698,0.002082724260170572,0.06431541694139863,0.000896511163129218,0.0017586697192444444,0.0008433956175632375,0.004713237658099315,0.0023437391648460904,0.015358250218546286,0.1602601817893394,0.0005687487623529411,0.0013903962478549311,0.0011659103553929807,0.0010825880823899523,0.03626797818533899,0.0005062096673579261,0.0009985801763641457,0.0004900676069391824,0.00271666580777667,0.0013224218383289313,0.00893939572582016,0.08776673868413966
2026-08-13 17:25:26.608000040,6658.9109243697485,15622.632605042016,13708.567058823528,13831.746953903683,424496.6742857143,5900.642016806723,11689.681008403362,5720.726722689075,31636.12840336134,15364.86050420168,108022.24943368278,1064350.654789916,0.0031090885435382932,0.0032880755016098293,0.003596616410517878,0.0007985687476454892,0.00288917880463082,0.005263706577124345,10465.082467786844,26299.71920773166,39664.072639011494,23334.652100868607,45150.112667911126,118462.73604242202,10267.276817406171,16927.776867478653,37643.14361174456,5396.524358289864,38839.25873582669,89457.11777833034,0.0,0.0,0.0,0.0,0.0,0.0,0.0009549681488855967,0.002370502418506447,0.002091649138655693,0.002091908413642795,0.06451223628193363,0.0008992546847341565,0.001764051635911111,0.000845976593900686,0.0047276612033668045,0.002350911522870782,0.015422608217547838,0.1607506132409855,0.0005749235974362625,0.001402162889429573,0.0011736376571033118,0.001087328996654095,0.03639220751808841,0.000509455431078194,0.0009985801763641457,0.0004939217275487821,0.002731431154012248,0.0013224218383289313,0.008986205326658277,0.08801203502261201
2026-08-13 17:25:41.608000040,6658.9109243697485,15622.632605042016,13708.567058823528,13885.840876980606,424472.21243697475,5900.642016806723,11686.534789915966,5720.726722689075,31636.12840336134,15358.846386554624,108187.84070547376,1064514.6605042017,0.0031090885435382932,0.0032880755016098293,0.003602064099768731,0.0007985687476454892,0.0029031815049777843,0.005279761652521504,10465.082467786844,26299.71920773166,39802.79033797161,23334.652100868607,44377.7843933924,118336.29191170904,10267.276817406171,16927.776867478653,37780.85258339224,5396.524358289864,38191.5265158027,89463.98360965958,0.0,0.0,0.0,0.0,0.0,0.0,0.0009578816457991769,0.002377734546078463,0.0020980305172565157,0.0021010925671150166,0.06470905562246858,0.0009019982063390945,0.0017694335525777775,0.0008485575702381345,0.004742084748634294,0.0023580838808954733,0.015486966216549387,0.16124104469263156,0.0005749235974362625,0.001402162889429573,0.0011736376571033118,0.0010915813800515307,0.03648578991660572,0.000509455431078194,0.0010044360234621847,0.0004939217275487821,0.002731431154012248,0.0013322769432628225,0.009022681954274771,0.08823158492664511
2026-08-13 17:25:56.608000040,6689.492773109243,15618.252100840335,13719.990252100837,13827.89687417093,424438.3421848739,5907.745210084032,11686.534789915966,5718.639327731092,31627.796974789915,15358.846386554624,108406.3481995415,1065253.2322689074,0.0031090885435382932,0.0032979025659139434,0.003607511789019585,0.0007985687476454892,0.002912457318532892,0.005318559847439883,10465.082467786844,26855.137047518674,39941.50803693173,23334.652100868607,45461.09271428359,121618.54892014476,10267.276817406171,17285.270770203195,37918.5615550399,5396.524358289864,39123.82178533098,89544.24991902993,0.0,0.0,0.0,0.0,0.0,0.0,0.0009607951427127572,0.0023849666736504797,0.002104411895857339,0.0021102767205872387,0.06490587496300358,0.0009047417279440328,0.0017748154692444442,0.000851138546575583,0.0047565082939017836,0.0023652562389201645,0.015551324215550938,0.16173147614427763,0.0005811292130522717,0.0014143889102521004,0.0011818663498397001,0.0010962776255880832,0.03661044108917843,0.0005132172858681098,0.0010044360234621847,0.0004967892910525565,0.0027475680727873527,0.0013322769432628225,0.00907209426530783,0.08852347644015515
2026-08-13 17:26:11.608000040,6689.492773109243,15618.252100840335,13719.990252100837,13882.102578716385,424399.6255462185,5907.745210084032,11687.103529411766,5718.639327731092,31627.796974789915,15344.449411764705,108603.9841578356,1065246.1472268908,0.0031170155759514136,0.0032979025659139434,0.003612959478270438,0.0007835492876846756,0.002912457318532892,0.0053686948776897805,10693.821579912023,26855.137047518674,40080.22573589184,22895.7745791,45461.09271428359,122555.91317907264,10491.692419517865,17285.270770203195,38056.27052668757,5295.026670375245,39123.82178533098,90245.12418139075,0.0,0.0,0.0,0.0,0.0,0.0,0.0009684527695360432,0.0023901514552428183,0.0021107924195523033,0.0021091735494545454,0.06508823905313225,0.0009086946383864499,0.001780033679739295,0.0008529686541176151,0.004768268658019513,0.0023694834670130085,0.015605407048009022,0.1622797058180428,0.0005811292130522717,0.0014143889102521004,0.0011818663498397001,0.0011005750615331994,0.03670276469614931,0.0005132172858681098,0.0010106098135294118,0.0004967892910525565,0.0027475680727873527,0.0013415109102618155,0.009111450807638272,0.08872859538423332
2026-08-13 17:26:26.608000040,6717.748235294117,15599.284033613443,13724.201344537814,13817.53825819033,424332.28739495797,5914.430924369746,11687.103529411766,5718.666554621848,31614.964033613443,15344.449411764705,108777.50450100686,1065347.4403361345,0.003143036240000022,0.0032979025659139434,0.003618407167521291,0.0008041920254341302,0.002912457318532892,0.005384241118624093,17074.4659354287,26855.137047518674,40218.943434851964,22602.61924354808,45461.09271428359,122618.23300083188,16688.988162106816,17285.270770203195,38193.97949833524,5230.766983937964,39123.82178533098,90208.22623255801,0.0,0.0,0.0,0.0,0.0,0.0,0.0009713806089669376,0.0023973773932509487,0.0021171737955685637,0.002118324988848485,0.06528501469235991,0.0009114418162319782,0.0017854151014872627,0.0008555473604184282,0.004782684151921952,0.0023766469212813013,0.015669656348953162,0.16277031200605097,0.0005871640886939181,0.0014254441955219666,0.0011894820407146389,0.001104700750791039,0.036824471822475224,0.000516950222338698,0.0010106098135294118,0.0004998394578777951,0.0027633026567383556,0.0013415109102618155,0.00915727586941704,0.08896636552029595
2026-08-13 17:26:41.608000040,6717.748235294117,15599.284033613443,13724.201344537814,13871.840250727642,424312.03361344535,5914.430924369746,11689.136470588232,5718.666554621848,31614.964033613443,15332.079327731093,108965.31305177436,1065732.6796638654,0.003143036240000022,0.0033209674917963855,0.0036238548567721447,0.0008041920254341302,0.0029286698253186754,0.005403719444433127,17074.4659354287,26361.032930351717,40357.661133812086,22602.61924354808,51717.973966412625,123726.99521890725,16688.988162106816,16921.97146525144,38331.68846998292,5230.766983937964,45305.45626222432,91184.64770439405,0.0,0.0,0.0,0.0,0.0,0.0,0.0009743084483978319,0.0024046033312590783,0.0021235551715848237,0.002127476428242424,0.06548179033158753,0.0009141889940775067,0.0017907965232352302,0.0008581260667192413,0.0047970996458243905,0.002383810375549594,0.0157339056498973,0.16326091819405908,0.0005871640886939181,0.0014254441955219666,0.0011894820407146389,0.0011090421501636705,0.03691835756898888,0.000516950222338698,0.001016911579843137,0.0004998394578777951,0.0027633026567383556,0.0013510255896501855,0.00919600795997155,0.08920391780578156
2026-08-13 17:26:56.608000040,6747.888403361345,15592.33512605042,13730.036974789915,13785.331595193278,424239.20470588235,5913.024201680672,11689.136470588232,5723.162016806723,31603.76168067227,15332.079327731093,109126.8913372007,1066242.5364705883,0.003143036240000022,0.0033209674917963855,0.003590025270860028,0.0007963977812268158,0.0029286698253186754,0.005424412839209846,17074.4659354287,26361.032930351717,36383.14472132299,22929.55999557727,51717.973966412625,123660.95194255345,16688.988162106816,16921.97146525144,34633.58612310716,5306.69869699648,45305.45626222432,91454.94366128644,0.0,0.0,0.0,0.0,0.0,0.0,0.0009772362878287262,0.0024118292692672082,0.002129936547601084,0.0021366278676363637,0.06567856597081519,0.0009169361719230352,0.001796177944983198,0.0008607047730200542,0.00481151513972683,0.0023909738298178865,0.01579815495084144,0.16375152438206722,0.0005933948191995443,0.0014377490877265499,0.0011972438404067507,0.0011054685135649229,0.03703952356583315,0.0005199786536675687,0.001016911579843137,0.0005032825807434839,0.0027791669523144847,0.0013510255896501855,0.009240983340862185,0.08947476473166155
2026-08-13 17:27:11.608000040,6747.888403361345,15592.33512605042,13730.036974789915,13839.647124605042,424221.4648739496,5913.024201680672,11690.068235294118,5723.162016806723,31603.76168067227,15324.126050420171,109339.92979233494,1066263.3529411764,0.003143036240000022,0.0033299562136198477,0.0036075983849770746,0.0007997807196683977,0.0029286698253186754,0.005472891715013484,17074.4659354287,26945.71828034157,36598.11257328589,23026.960178985748,51717.973966412625,123206.08178158723,16688.988162106816,17297.299277132704,34840.60997869296,5329.240491365002,45305.45626222432,91257.83661555022,0.0,0.0,0.0,0.0,0.0,0.0,0.0009849174882302543,0.0024172061342077646,0.0021356737487196785,0.002134794943228931,0.06586191043184846,0.0009205837657124499,0.0018019203373333332,0.0008623932780953147,0.004825027172125302,0.0023951772743207498,0.015856532917928223,0.16430043894915072,0.0005933948191995443,0.0014377490877265499,0.0011972438404067507,0.0011098241655960466,0.037133597733072295,0.0005199786536675687,0.0010231191016078433,0.0005032825807434839,0.0027791669523144847,0.0013610392889576884,0.009282052880174535,0.08968157614534988
2026-08-13 17:27:26.608000040,6777.474957983193,15569.67932773109,13720.707226890756,13764.04719130039,424133.3132773109,5913.586890756302,11690.068235294118,5732.643025210084,31588.49344537815,15324.126050420171,109508.45937814564,1066294.1042016807,0.0031633865925982897,0.0033299562136198477,0.003656989442913097,0.000809304075070497,0.0029362695876593986,0.005503150042502213,23558.6658644603,26945.71828034157,36979.95725328423,22966.270958469617,52662.02160984441,124940.6567710388,22983.10390532759,17297.299277132704,35199.70440147024,5315.194892256393,46132.30599915126,92584.03233555018,0.0,0.0,0.0,0.0,0.0,0.0,0.0009878595263828648,0.002424426548866399,0.0021420532005269072,0.002143908124364288,0.06605864595092477,0.0009233336331823292,0.001807302837333333,0.0008649693252840697,0.004839439967306025,0.002402331886770549,0.015920775890106254,0.1647912193095925,0.0005996086978834923,0.0014487568961756127,0.001203681389551585,0.0011070640483023817,0.0372533523514119,0.0005231798210055547,0.0010231191016078433,0.0005071715706936334,0.0027946595952485402,0.0013610392889576884,0.009327779629900498,0.08991099877983534
2026-08-13 17:27:41.608000040,6777.474957983193,15569.67932773109,13720.707226890756,13818.366865213433,424114.5509243698,5913.586890756302,11699.134789915965,5732.643025210084,31588.49344537815,15317.140840336133,109709.33438616274,1066645.582184874,0.0031633865925982897,0.0033299562136198477,0.0036626496746502302,0.000809304075070497,0.0029362695876593986,0.0055110326027374874,23558.6658644603,26945.71828034157,37132.44513999138,22966.270958469617,52662.02160984441,128092.69137874087,22983.10390532759,17297.299277132704,35349.791869503606,5315.194892256393,46132.30599915126,95585.47997608232,0.0,0.0,0.0,0.0,0.0,0.0,0.0009908015645354754,0.0024316469635250336,0.0021484326523341364,0.0021530213054996453,0.06625538147000108,0.0009260835006522089,0.0018126853373333332,0.0008675453724728247,0.004853852762486748,0.002409486499220348,0.01598501886228429,0.1652819996700343,0.0005996086978834923,0.0014487568961756127,0.001203681389551585,0.001111433065443114,0.037347303276886026,0.0005231798210055547,0.0010300438230588232,0.0005071715706936334,0.0027946595952485402,0.0013712545197271375,0.009368025707099837,0.09014535647806936
2026-08-13 17:27:56.608000040,6808.686050420168,15561.692773109244,13707.408403361344,13731.787134809243,424022.6087394958,5914.948235294117,11699.134789915965,5734.9784873949575,31579.23025210084,15317.140840336133,109836.43370124047,1066826.1630252101,0.0031633865925982897,0.0033299562136198477,0.0036683099063873634,0.000809304075070497,0.0029482511981848308,0.005529883124719863,23558.6658644603,26945.71828034157,37284.93302669853,22966.270958469617,58565.93906097966,131096.29574399642,22983.10390532759,17297.299277132704,35499.87933753697,5315.194892256393,51975.17542121134,98499.92613084945,0.0,0.0,0.0,0.0,0.0,0.0,0.0009937436026880857,0.0024388673781836684,0.0021548121041413655,0.0021621344866350027,0.0664521169890774,0.0009288333681220885,0.0018180678373333333,0.0008701214196615798,0.004868265557667471,0.0024166411116701477,0.016049261834462324,0.16577278003047605,0.0006059987032559464,0.001461283217571083,0.0012097587834757428,0.0011077294485072702,0.037466644462863165,0.0005264526714656031,0.0010300438230588232,0.0005104346860504202,0.0028106704349237996,0.0013712545197271375,0.009410363904692458,0.09038622991283708
2026-08-13 17:28:11.608000040,6808.686050420168,15561.692773109244,13707.408403361344,13786.067549094958,423982.80907563027,5914.948235294117,11699.391932773107,5734.9784873949575,31579.23025210084,15309.429579831936,110045.31608366854,1066823.4433613445,0.0031633865925982897,0.0033623119400249873,0.0036857421087855722,0.000809304075070497,0.0029482511981848308,0.00554046250939067,23558.6658644603,32970.516524954866,36285.890706456186,22966.270958469617,58565.93906097966,131249.14519552467,22983.10390532759,16862.286138741732,34566.947471012274,5315.194892256393,51975.17542121134,98709.18755513386,0.0,0.0,0.0,0.0,0.0,0.0,0.0010012495237851852,0.002443670340203704,0.0021595288008148146,0.0021582509746747346,0.06663574410074075,0.0009321033577851853,0.001824357095162963,0.0008725060440666667,0.0048816349622185186,0.0024228730528592594,0.016108241418994546,0.16627902154444818,0.0006059987032559464,0.001461283217571083,0.0012097587834757428,0.0011121081948999405,0.03755869696740941,0.0005264526714656031,0.001036197811053221,0.0005104346860504202,0.0028106704349237996,0.001381522522669186,0.00945149571163215,0.09059033860051358
2026-08-13 17:28:26.608000040,6841.7001680672265,15543.76537815126,13688.09243697479,13707.878248091549,423879.59798319323,5924.722689075629,11699.391932773107,5757.622184873949,31547.28100840336,15309.429579831936,110225.27335631306,1066684.3865546219,0.0031633865925982897,0.0033732897595509753,0.003691484703119562,0.000809304075070497,0.0029179826917133636,0.005583530229480491,23558.6658644603,33807.922221599336,36430.507735110805,22966.270958469617,59292.505253838004,129296.27091333673,22983.10390532759,17290.564975694248,34709.457593891784,5315.194892256393,52619.97692075895,98509.33015940608,0.0,0.0,0.0,0.0,0.0,0.0,0.00100420503370582,0.002450883618973545,0.0021659033444656087,0.002167311395045105,0.06683244092613758,0.000934854760562963,0.0018297422717502643,0.0008750815262095239,0.0048960446774962965,0.002430024941748149,0.016172477461054807,0.1667698475434561,0.0006125834139182452,0.0014730367878017963,0.0012152878932278793,0.0011090212933100082,0.037676948554147154,0.000530480255234297,0.001036197811053221,0.0005155186236490527,0.0028246401662213355,0.001381522522669186,0.009498519530104952,0.0908027842719045
2026-08-13 17:28:41.608000040,6841.7001680672265,15543.76537815126,13688.09243697479,13762.127818514085,423853.69613445376,5924.722689075629,11703.539495798317,5757.622184873949,31547.28100840336,15309.792605042017,110443.20986606563,1066691.0692436974,0.0031910581852451175,0.0033732897595509753,0.0036972272974535522,0.000809304075070497,0.0029579680470849935,0.005626903842139599,29889.43268092427,33807.922221599336,36575.12476376543,22966.270958469617,60104.995300534225,129822.38994253214,29123.8981566647,17290.564975694248,34851.96771677129,5315.194892256393,53341.03276622324,98874.07377442477,0.0,0.0,0.0,0.0,0.0,0.0,0.0010071605436264548,0.0024580968977433865,0.002172277888116402,0.0021763718154154755,0.06702913775153439,0.0009376061633407407,0.001835127448337566,0.0008776570083523811,0.004910454392774074,0.0024371768306370376,0.01623671350311506,0.16726067354246404,0.0006125834139182452,0.0014730367878017963,0.0012152878932278793,0.0011134102970392972,0.03777018634360169,0.000530480255234297,0.001042698676190476,0.0005155186236490527,0.0028246401662213355,0.0013926443487515005,0.009540648502448242,0.09100725288888865
2026-08-13 17:28:56.608000040,6875.307226890755,15527.268907563024,13669.850420168068,13680.398613083156,423746.3828571429,5917.431932773109,11703.539495798317,5779.092100840336,31508.370756302524,15309.792605042017,110561.99001108739,1067005.8605042016,0.0031910581852451175,0.0033732897595509753,0.003651579851044342,0.0007808301994301985,0.0029579680470849935,0.005657781981648027,29889.43268092427,33807.922221599336,33944.25438554875,22927.097435897434,60104.995300534225,129863.3138621903,29123.8981566647,17290.564975694248,32431.433005181323,5304.961823361823,53341.03276622324,101789.05186372944,0.0,0.0,0.0,0.0,0.0,0.0,0.00101011605354709,0.0024653101765132273,0.002178652431767196,0.0021854322357858454,0.06722583457693122,0.0009403575661185186,0.0018405126249248678,0.0008802324904952381,0.0049248641080518515,0.002444328719525926,0.016300949545175317,0.16775149954147195,0.0006192567207919098,0.0014850826313025204,0.0012208925042864205,0.0011099788705447675,0.037887978057825566,0.0005329811997151402,0.001042698676190476,0.0005205209753425436,0.0028379488665945026,0.0013926443487515005,0.00958254451610512,0.09125711172070931
2026-08-13 17:29:11.608000040,6875.307226890755,15527.268907563024,13669.850420168068,13734.626925583158,423706.71025210083,5917.431932773109,11708.174117647059,5779.092100840336,31508.370756302524,15293.489747899159,110752.39808915988,1066658.8023529411,0.0031910581852451175,0.0033732897595509753,0.0037019157694176373,0.0008050617505778396,0.002976973543303536,0.0056822868557523535,29889.43268092427,33807.922221599336,34246.22694926178,22915.417754312683,60214.58443710475,127765.1048028364,29123.8981566647,17290.564975694248,32716.304589205105,5302.259332778819,53588.84467540665,99908.64476136347,0.0,0.0,0.0,0.0,0.0,0.0,0.001017580680072157,0.0024700970379733338,0.002183449031445229,0.0021814065587833966,0.06740540786337622,0.0009445990830666669,0.001845657819799216,0.0008871794196078432,0.004937431721844706,0.0024500420783508505,0.016366107746942634,0.16823779857707086,0.0006192567207919098,0.0014850826313025204,0.0012208925042864205,0.0011143787628843617,0.037979937822541894,0.0005329811997151402,0.0010492475371764705,0.0005205209753425436,0.0028379488665945026,0.001402371291114577,0.009622490440324833,0.09143091035991674
2026-08-13 17:29:26.608000040,6911.307226890755,15507.611092436975,13658.16100840336,13664.841979245482,423621.9831932773,5910.095798319328,11708.174117647059,5796.093781512605,31461.15327731092,15293.489747899159,110929.88461352013,1066967.9757983193,0.0031910581852451175,0.0033732897595509753,0.0037077257758416924,0.0008050617505778396,0.002976973543303536,0.005708466557144912,29889.43268092427,33807.922221599336,34418.93500329664,22915.417754312683,60214.58443710475,128533.77233627783,29123.8981566647,17290.564975694248,32884.78762056946,5302.259332778819,53588.84467540665,100445.22399389606,0.0,0.0,0.0,0.0,0.0,0.0,0.0010205493447780392,0.0024773032379733335,0.002189818971641307,0.0021904138578285356,0.06760205473298406,0.0009473548330666668,0.0018510422962698038,0.0008897676549019609,0.004951836063021177,0.002457189770507713,0.016430394879509248,0.16872861136922773,0.0006261826566585955,0.0014969845215937003,0.0012270665286914764,0.0011118610771039452,0.03809966027577483,0.0005354702615012107,0.0010492475371764705,0.0005251413782082324,0.0028504634353510886,0.001402371291114577,0.009669622304770937,0.09167909471966623
2026-08-13 17:29:41.608000040,6911.307226890755,15507.611092436975,13658.16100840336,13719.065808012605,423593.5492436975,5910.095798319328,11712.672605042018,5796.093781512605,31461.15327731092,15289.910924369748,111112.5773645095,1066788.7805042018,0.003201550586308607,0.003320410871758018,0.003713535782265749,0.0008050617505778396,0.002976973543303536,0.005745009733012827,30446.505838028308,33277.957275478926,34591.643057331516,22915.417754312683,60214.58443710475,132172.57897965904,29666.703437263557,17019.52219241782,33053.2706519338,5302.259332778819,53588.84467540665,100947.5974574643,0.0,0.0,0.0,0.0,0.0,0.0,0.0010235180094839214,0.0024845094379733336,0.002196188911837386,0.0021994211568736742,0.0677987016025919,0.0009501105830666669,0.001856426772740392,0.0008923558901960784,0.004966240404197648,0.0024643374626645755,0.016494682012075865,0.16921942416138458,0.0006261826566585955,0.0014969845215937003,0.0012270665286914764,0.0011162730830934242,0.03819258444793831,0.0005354702615012107,0.001055788984672269,0.0005251413782082324,0.0028504634353510886,0.001413385447322061,0.009709095841080413,0.09186679272694451
2026-08-13 17:29:56.608000040,6944.865882352942,15488.007731092433,13641.383193277312,13657.974125235976,423513.8894117647,5907.669579831933,11712.672605042018,5808.276302521007,31411.331092436973,15289.910924369748,111271.87735648683,1067304.6242016805,0.003201550586308607,0.0034178069521666114,0.0037411641142419986,0.0008050617505778396,0.0029869357001836155,0.005761795575620474,30446.505838028308,40126.50285114915,33836.23367356281,22915.417754312683,61493.16479885802,132738.35838645513,29666.703437263557,23603.008653564553,32358.679247689073,5302.259332778819,54726.73585329213,101367.43572190583,0.0,0.0,0.0,0.0,0.0,0.0,0.0010264866741898037,0.0024917156379733333,0.0022025588520334645,0.0022084284559188132,0.06799534847219975,0.0009528663330666666,0.00186181124921098,0.000894944125490196,0.004980644745374118,0.0024714851548214385,0.01655896914464248,0.16971023695354145,0.0006329244720239281,0.0015090506437211498,0.0012327683601723043,0.0011144128654048666,0.03831268672960292,0.000538398971707734,0.001055788984672269,0.000529340706417889,0.0028626902929497215,0.001413385447322061,0.00975479545645266,0.09213166507523554
2026-08-13 17:30:11.608000040,6944.865882352942,15488.007731092433,13641.383193277312,13712.224017127866,423491.0248739496,5907.669579831933,11704.159663865545,5808.276302521007,31411.331092436973,15286.95831932773,111461.27705767711,1066960.1798319328,0.003216849381260452,0.0034178069521666114,0.0037471196454395284,0.0008050617505778396,0.0029869357001836155,0.005776926866495268,30137.180793226402,40126.50285114915,34002.854507409094,22915.417754312683,61493.16479885802,135485.0187198071,29376.839075966105,23603.008653564553,32521.405709355513,5302.259332778819,54726.73585329213,103851.96884311963,0.0,0.0,0.0,0.0,0.0,0.0,0.0010342675062444443,0.0024958518139855295,0.0022072176774604654,0.0022057383772351893,0.06817710643269251,0.0009561183863622743,0.0018676356722940567,0.0009001305359126615,0.004992476140683721,0.0024771787805121454,0.016622059195209142,0.1701856752622465,0.0006329244720239281,0.0015090506437211498,0.0012327683601723043,0.001118839347467052,0.03840607666732206,0.000538398971707734,0.0010611554684873948,0.000529340706417889,0.0028626902929497215,0.0014245901016409473,0.0097950510286239,0.092304650866973
2026-08-13 17:30:26.608000040,6979.419831932773,15461.143865546219,13640.221512605041,13657.301177321904,423427.65277310926,5900.569411764705,11704.159663865545,5826.524369747899,31355.667226890757,15286.95831932773,111654.85669217526,1067464.4884033613,0.003216849381260452,0.0034178069521666114,0.003753075176637058,0.0008050617505778396,0.0029869357001836155,0.005794828020193603,30137.180793226402,40126.50285114915,34169.47534125538,22915.417754312683,61493.16479885802,135857.33370383433,29376.839075966105,23603.008653564553,32684.132171021956,5302.259332778819,54726.73585329213,104095.94784877558,0.0,0.0,0.0,0.0,0.0,0.0,0.0010372500479111115,0.002503049160884754,0.0022135826832744188,0.00221470219812916,0.06837371036680104,0.0009588755675638246,0.0018730214174490962,0.0009027262636258399,0.005006873062195348,0.002484322279543153,0.01668635531077879,0.17067644371864188,0.000639793295177325,0.001520565120450563,0.00123987193715698,0.001117436666056049,0.03852758825563005,0.0005408966415952143,0.0010611554684873948,0.0005341090399658166,0.002874328546019085,0.0014245901016409473,0.00984392245333426,0.0925674688328986
2026-08-13 17:30:41.608000040,6979.419831932773,15461.143865546219,13640.221512605041,13711.648137321905,423414.17243697477,5900.569411764705,11701.273613445377,5826.524369747899,31355.667226890757,15286.041680672271,111858.37950716882,1067261.545210084,0.003216849381260452,0.0034178069521666114,0.00375146137642963,0.000803002238567691,0.0029395803430657375,0.005781636270820164,30137.180793226402,40126.50285114915,34550.886518387364,23551.673043272633,60518.242312518785,135836.79232492537,29376.839075966105,23603.008653564553,33037.48201385825,5449.478579666992,53859.08941548327,104103.77050055438,0.0,0.0,0.0,0.0,0.0,0.0,0.0010402325895777778,0.002510246507783979,0.002219947689088372,0.002223666019023131,0.06857031430090958,0.0009616327487653748,0.0018784071626041347,0.0009053219913390181,0.005021269983706977,0.002491465778574161,0.016750651426348444,0.17116721217503722,0.000639793295177325,0.001520565120450563,0.00123987193715698,0.0011218833195349605,0.038621802710949664,0.0005408966415952143,0.0010670261393949576,0.0005341090399658166,0.002874328546019085,0.0014361215446197992,0.009885631039531882,0.09275223870013935
2026-08-13 17:30:56.608000040,7012.418823529411,15432.059495798318,13648.286722689076,13645.700487095588,423343.225210084,5896.854453781512,11701.273613445377,5838.818823529411,31321.709243697478,15286.041680672271,112015.17075706055,1067848.9351260504,0.0032283614418538204,0.003366263050286957,0.0037575003208884733,0.0008071213610375091,0.0029271347776483065,0.005851169171629674,30924.114642934965,40712.50555134278,34715.030535102866,24806.182062761636,60262.02079252355,133883.45747484278,30143.88926488775,23947.704199423377,33198.01020390459,7058.167326594866,53631.061349427895,102459.41973371716,0.0,0.0,0.0,0.0,0.0,0.0,0.0010432151312444445,0.002517443854683204,0.002226312694902326,0.002232629839917102,0.0687669182350181,0.0009643899299669253,0.0018837929077591736,0.0009079177190521964,0.005035666905218604,0.0024986092776051686,0.016814947541918094,0.17165798063143256,0.0006465555803788634,0.0015320115826122445,0.0012478178705063198,0.0011195323656254363,0.038742564627788315,0.0005436988647884916,0.0010670261393949576,0.00053834789224327,0.0028879087812847173,0.0014361215446197992,0.009931421009811914,0.09302126922384227
2026-08-13 17:31:11.608000040,7012.418823529411,15432.059495798318,13648.286722689076,13700.112098937694,423314.3556302521,5896.854453781512,11690.963697478992,5838.818823529411,31321.709243697478,15268.928067226889,112183.23371815123,1067647.3774789916,0.003241585250814819,0.0033805643595544964,0.003763539265347316,0.0008071213610375091,0.0030184569258989115,0.005848923173892202,30498.873596739417,40885.46949511317,34879.17455181835,24806.182062761636,67816.8158186989,133563.5604831513,29733.298859210492,24049.444176034627,33358.538393950934,7058.167326594866,60954.0542165463,102468.80755458733,0.0,0.0,0.0,0.0,0.0,0.0,0.0010511691532924647,0.002520789018168582,0.0022329716687821202,0.0022324712615258546,0.06895466337871826,0.0009674548196745852,0.0018893278521389533,0.0009129743295346105,0.005049961666146616,0.002505545810522095,0.016879283799981503,0.172153415160846,0.0006465555803788634,0.0015320115826122445,0.0012478178705063198,0.001123996450161125,0.038835341135681455,0.0005436988647884916,0.001072212920588235,0.00053834789224327,0.0028879087812847173,0.001446259960276331,0.009970185408491367,0.09320574693679962
2026-08-13 17:31:26.608000040,7045.653781512604,15410.341512605042,13649.472605042016,13630.473231547745,423241.1425210084,5880.766386554622,11690.963697478992,5844.8268907563015,31277.13882352941,15268.928067226889,112346.0709888942,1068100.6598319327,0.003241585250814819,0.0034323142242094614,0.00377949345122326,0.0008071213610375091,0.0030184569258989115,0.0059066173183720296,30498.873596739417,41511.34650489317,34097.093202030264,24806.182062761636,67816.8158186989,134058.0009092845,29733.298859210492,24417.59438669973,32633.897231108283,7058.167326594866,60954.0542165463,103153.09632555203,0.0,0.0,0.0,0.0,0.0,0.0,0.0010541658678518517,0.0025279753831111106,0.002239337512651852,0.0022414085656194227,0.06915124205783704,0.0009702128781037038,0.0018947140226370368,0.0009155770728296296,0.005064358296414814,0.0025126887195259257,0.016943566298030597,0.17264419691946667,0.0006533749218629824,0.001544347805830361,0.0012551397385947316,0.0011212938231792986,0.03895582718265514,0.000545349714513602,0.001072212920588235,0.0005420168846603046,0.002900468681635094,0.001446259960276331,0.010016655600742589,0.09346207464310696
2026-08-13 17:31:41.608000040,7045.653781512604,15410.341512605042,13649.472605042016,13684.953854924368,423237.8601680672,5880.766386554622,11697.03529411765,5844.8268907563015,31277.13882352941,15257.58655462185,112532.27522970349,1068134.0974789916,0.003241585250814819,0.003372322991733922,0.0037855959840258514,0.0008071213610375091,0.0030184569258989115,0.0059261835627008996,30498.873596739417,40785.79613978309,34255.2794123572,24806.182062761636,67816.8158186989,135438.8883198486,29733.298859210492,23990.814818846116,32788.74866042638,7058.167326594866,60954.0542165463,104354.62523565038,0.0,0.0,0.0,0.0,0.0,0.0,0.0010571625824112388,0.0025351617480536396,0.0022457033565215843,0.0022503458697129895,0.06934782073695582,0.0009729709365328227,0.0019001001931351212,0.0009181798161246486,0.005078754926683013,0.002519831628529758,0.0170078487960797,0.1731349786780874,0.0006533749218629824,0.001544347805830361,0.0012551397385947316,0.0011257756034841655,0.03905092635524954,0.000545349714513602,0.001078899877647059,0.0005420168846603046,0.002900468681635094,0.0014570681217553688,0.010057224868459265,0.09366672356224459
2026-08-13 17:31:56.608000040,7076.0480672268895,15398.751932773108,13659.86117647059,13597.285856680131,423160.7475630252,5885.7670588235305,11697.03529411765,5838.256134453781,31259.25680672269,15257.58655462185,112718.41505090559,1068663.6605042017,0.003241585250814819,0.0034609549923651697,0.003791698516828444,0.0008071046004466163,0.0030184569258989115,0.005960909341426756,30498.873596739417,46893.350859723694,34413.46562268413,24369.48530542601,67816.8158186989,136301.96250832715,29733.298859210492,23615.073449213964,32943.6000897445,6933.912865490861,60954.0542165463,104966.9309060177,0.0,0.0,0.0,0.0,0.0,0.0,0.0010601592969706256,0.0025423481129961682,0.0022520692003913157,0.0022592831738065568,0.06954439941607458,0.0009757289949619415,0.0019054863636332059,0.0009207825594196678,0.005093151556951213,0.0025269745375335897,0.0170721312941288,0.17362576043670808,0.0006599647467597207,0.0015578775989185235,0.0012633139584775086,0.0011215369349324004,0.03917098993822756,0.0005489503080757728,0.001078899877647059,0.0005445190867397805,0.0029154702323030903,0.0014570681217553688,0.010105935170508106,0.09392876245439938
2026-08-13 17:32:11.608000040,7076.0480672268895,15398.751932773108,13659.86117647059,13651.801818218593,423151.956302521,5885.7670588235305,11706.543529411763,5838.256134453781,31259.25680672269,15251.227563025208,112885.34145500649,1068584.9445378152,0.003241585250814819,0.0034609549923651697,0.0037953546931950646,0.0008135418381847981,0.0030184569258989115,0.005980807528613465,30498.873596739417,46893.350859723694,31664.817631019057,24924.784840962177,67816.8158186989,139669.6298777377,29733.298859210492,23615.073449213964,30413.474300248025,7113.310113005469,60954.0542165463,107878.21502000882,0.0,0.0,0.0,0.0,0.0,0.0,0.0010679963315848484,0.0025469823975782825,0.002258425258940404,0.0022583526590905256,0.06973153286271262,0.000978411562770202,0.0019115434310065659,0.0009220384657010101,0.005106921768372223,0.002531494972881818,0.017132259859559556,0.17413225736621918,0.0006599647467597207,0.0015578775989185235,0.0012633139584775086,0.0011260335429358792,0.03926555807447566,0.0005489503080757728,0.0010859119850588233,0.0005445190867397805,0.0029154702323030903,0.0014684858649866898,0.010144973534895876,0.09412324877444572
2026-08-13 17:32:26.608000040,7104.0070588235285,15383.39899159664,13665.500168067227,13581.64443555526,423094.0961344538,5899.4379831932765,11706.543529411763,5843.093445378151,31234.900840336137,15251.227563025208,113052.83352109297,1068487.8957983193,0.0032684332805053306,0.0034609549923651697,0.0038014951142616295,0.0008135418381847981,0.0029941261754463182,0.006015407875398695,30598.48786944099,46893.350859723694,31858.85649291971,24924.784840962177,68901.43468734423,143560.80067835297,29830.67545997285,23615.073449213964,30601.441430006886,7113.310113005469,61928.914456231396,111760.29074619354,0.0,0.0,0.0,0.0,0.0,0.0,0.001071006689539394,0.002554161568979798,0.0022647910752282823,0.0022672583998418964,0.06992808491858384,0.0009811694084141413,0.0019169314925595966,0.0009246374126707069,0.005121316632955556,0.0025386304899272724,0.017196501095072366,0.17462308342114344,0.0006663585378265203,0.0015712152084401644,0.0012710573900487254,0.00112318690410438,0.03938734756041324,0.000553369504834069,0.0010859119850588233,0.0005480843659649621,0.0029298454633812847,0.0014684858649866898,0.010192166107292965,0.09432900430073811
2026-08-13 17:32:41.608000040,7104.0070588235285,15383.39899159664,13665.500168067227,13636.148169732474,423089.1589915966,5899.4379831932765,11712.79663865546,5843.093445378151,31234.900840336137,15244.39663865546,113236.67579310127,1068601.9341176471,0.0032684332805053306,0.0034609549923651697,0.003807635535328194,0.0008135418381847981,0.0030447956840082323,0.00603216113503435,30598.48786944099,46893.350859723694,32052.895354820354,24924.784840962177,67994.54422647481,144128.46238164787,29830.67545997285,23615.073449213964,30789.408559765754,7113.310113005469,61121.09669909796,112193.35342074478,0.0,0.0,0.0,0.0,0.0,0.0,0.0010740170474939391,0.0025613407403813127,0.002271156891516162,0.002276164140593268,0.07012463697445506,0.0009839272540580809,0.001922319554112627,0.0009272363596404042,0.0051357114975388906,0.002545766006972728,0.017260742330585176,0.1751139094760677,0.0006663585378265203,0.0015712152084401644,0.0012710573900487254,0.0011276943023611312,0.0394822557114882,0.000553369504834069,0.001092630403473389,0.0005480843659649621,0.0029298454633812847,0.0014799980131092432,0.010232917208589383,0.09454007845758723
2026-08-13 17:32:56.608000040,7129.790924369748,15369.718991596637,13652.96974789916,13567.738077527045,423018.50521008397,5911.808067226891,11712.79663865546,5837.466554621849,31234.997647058823,15244.39663865546,113375.30650264598,1068914.3566386555,0.0032684332805053306,0.00346474339567587,0.0038137759563947582,0.0008135418381847981,0.0030447956840082323,0.006054549772854541,30598.48786944099,47848.06666632067,32246.934216720994,24924.784840962177,67994.54422647481,146093.56081951846,29830.67545997285,24095.868300455157,30977.375689524615,7113.310113005469,61121.09669909796,114447.70321460096,0.0,0.0,0.0,0.0,0.0,0.0,0.0010770274054484848,0.002568519911782828,0.0022775227078040403,0.00228506988134464,0.07032118903032625,0.0009866850997020202,0.0019277076156656568,0.000929835306610101,0.005150106362122223,0.002552901524018182,0.01732498356609798,0.1756047355309919,0.0006725769438655462,0.0015849143722886797,0.00127710720381329,0.0011249447397724053,0.03960279816014055,0.0005576805610084033,0.001092630403473389,0.0005506676783193277,0.0029465014447058813,0.0014799980131092432,0.010277646939299109,0.0947808546312933
2026-08-13 17:33:11.608000040,7129.790924369748,15369.718991596637,13652.96974789916,13622.211421277047,422998.7354621848,5911.808067226891,11712.78151260504,5837.466554621849,31234.997647058823,15235.547899159663,113558.67195384673,1068840.644369748,0.0032684332805053306,0.00346474339567587,0.0038282391672778697,0.0008135418381847981,0.0030447956840082323,0.006073045716341524,30598.48786944099,47848.06666632067,38204.88222188603,24924.784840962177,67994.54422647481,146762.23073383697,29830.67545997285,24095.868300455157,36686.14761718532,7113.310113005469,61121.09669909796,114824.36450575963,0.0,0.0,0.0,0.0,0.0,0.0,0.001084370832789513,0.002575856279611985,0.002282923464229214,0.002281704708680006,0.07050756821094283,0.0009925032233652935,0.001934135806115356,0.000930342291659426,0.005162598725818727,0.0025574133544679152,0.017376153765158827,0.17604557422133535,0.0006725769438655462,0.0015849143722886797,0.00127710720381329,0.001129461299655801,0.03969629471063642,0.0005576805610084033,0.0010987673575630248,0.0005506676783193277,0.0029465014447058813,0.0014914547361661642,0.010318544848798118,0.0949749698941795
2026-08-13 17:33:26.608000040,7156.382521008402,15347.46857142857,13631.45445378151,13557.64010193713,422918.2315966387,5930.673277310924,11712.78151260504,5849.016806722689,31252.34117647059,15235.547899159663,113737.86089481952,1068741.438655462,0.0032684332805053306,0.0034832950751369266,0.0038274872604804177,0.0008005329256692845,0.0030447956840082323,0.00610232847495811,30598.48786944099,47250.87007449118,38439.40869000392,24526.22593440668,67994.54422647481,146836.12820797524,29830.67545997285,24119.93158446208,36907.0388196423,6999.5649746333875,61121.09669909796,114787.87056630068,0.0,0.0,0.0,0.0,0.0,0.0,0.0010873932681827714,0.0025830358891625466,0.002289286590633708,0.002290563825714319,0.07070409191225367,0.0009952695988334583,0.0019395267667895125,0.0009329354077642947,0.00517698828761648,0.002564541558587765,0.01744032085570558,0.17653626094792707,0.0006788994597236859,0.0015979177956825395,0.0012822985745187482,0.0011269844265593746,0.039815845481464614,0.0005626209711323173,0.0010987673575630248,0.0005548745247115794,0.002964793661814556,0.0014914547361661642,0.010367102040802484,0.09517801114441596
2026-08-13 17:33:41.608000040,7156.382521008402,15347.46857142857,13631.45445378151,13612.085879714909,422900.8699159664,5930.673277310924,11715.991260504203,5849.016806722689,31252.34117647059,15225.718991596637,113941.7620480034,1068841.3583193277,0.0032829048317653663,0.0034832950751369266,0.0038337676326045027,0.000801049050614162,0.0030447956840082323,0.006141323243052701,29988.646955956367,47250.87007449118,38668.27355653808,24457.823618650542,67994.54422647481,147341.80205626998,29236.22319655963,24119.93158446208,37128.903372930596,8708.161675114907,61121.09669909796,115082.01861139342,0.0,0.0,0.0,0.0,0.0,0.0,0.0010904157035760299,0.0025902154987131084,0.002295649717038202,0.0022994229427486333,0.07090061561356455,0.000998035974301623,0.0019449177274636705,0.0009355285238691635,0.005191377849414234,0.0025716697627076158,0.017504487946252336,0.17702694767451888,0.0006788994597236859,0.0015979177956825395,0.0012822985745187482,0.0011315102542982817,0.03990953628299227,0.0005626209711323173,0.001105208508907563,0.0005548745247115794,0.002964793661814556,0.0015029562049313902,0.01041007480150541,0.09538716257174099
2026-08-13 17:33:56.608000040,7175.495798319328,15338.057142857142,13614.758319327731,13544.068801328345,422827.2514285714,5941.818151260503,11715.991260504203,5859.568739495798,31253.696470588235,15225.718991596637,114132.34532357867,1069060.1203361345,0.003297927711613069,0.0034832950751369266,0.003840048004728587,0.0008137697093969745,0.0030533804238435025,0.006143145146174555,30728.904431630115,47250.87007449118,38897.13842307223,24846.21385341149,69209.46863875524,147379.16607487743,29957.90739970174,24119.93158446208,37350.767926218905,8846.447280983575,62213.206563644606,115208.08934569449,0.0,0.0,0.0,0.0,0.0,0.0,0.0010934381389692885,0.0025973951082636703,0.0023020128434426967,0.0023082820597829473,0.07109713931487541,0.0010008023497697879,0.001950308688137828,0.0009381216399740324,0.0052057674112119855,0.002578797966827466,0.01756865503679909,0.17751763440111062,0.0006845368938897593,0.0016124545910447762,0.0012879230853075345,0.00112870205324436,0.04002966714838709,0.0005668449756843752,0.001105208508907563,0.000558998443760148,0.0029815791000199396,0.0015029562049313902,0.010459844192044132,0.09561736816850694
2026-08-13 17:34:11.608000040,7175.495798319328,15338.057142857142,13614.758319327731,13598.500728157613,422780.32134453784,5941.818151260503,11709.707899159663,5859.568739495798,31253.696470588235,15206.067226890757,114307.82062529615,1069081.4329411765,0.003297927711613069,0.0034952706615320574,0.003851579250110374,0.0008137697093969745,0.0030082599730828566,0.0061709286873457185,30728.904431630115,45355.19962580679,38129.40097294448,24846.21385341149,68186.7456274003,148364.9098434162,29957.90739970174,24713.063594722975,36610.93417911757,8846.447280983575,61293.86880229113,116185.4190527521,0.0,0.0,0.0,0.0,0.0,0.0,0.0011012645653985184,0.0026041187934918515,0.0023062633102651853,0.0023050439900720618,0.0712821441344716,0.0010050606308775309,0.001955869437700247,0.0009427995660108643,0.005220342141668149,0.0025834074288207404,0.01763883015963374,0.17794514919170273,0.0006845368938897593,0.0016124545910447762,0.0012879230853075345,0.0011332381663190527,0.040120522362367385,0.0005668449756843752,0.0011107525328123246,0.000558998443760148,0.0029815791000199396,0.0015136224780816785,0.01050042162883635,0.09581917530253133
2026-08-13 17:34:26.608000040,7197.601008403361,15316.305882352939,13590.175462184874,13524.985842574311,422682.75529411767,5963.533109243697,11709.707899159663,5887.62756302521,31257.565714285716,15206.067226890757,114425.0248971813,1068911.7156302521,0.003297927711613069,0.0034952706615320574,0.003857891078038064,0.0008137697093969745,0.003068852571140892,0.0062066502847133555,30728.904431630115,45355.19962580679,38352.29560839383,24846.21385341149,67207.24503659883,149146.96050360415,29957.90739970174,24713.063594722975,36827.037596804235,8846.447280983575,60423.946092783575,116873.75705192199,0.0,0.0,0.0,0.0,0.0,0.0,0.0011043002431762963,0.0026112971462696295,0.0023126206130429632,0.0023138578309757967,0.07147863608354568,0.0010078311188404937,0.001961260866403951,0.000945398428973827,0.0052347322138903704,0.002590528689931852,0.017703039346780244,0.17843566178244347,0.0006904817238570003,0.001625895605307386,0.001292779716234729,0.00112992564185681,0.040238298532062684,0.0005720948711579546,0.0011107525328123246,0.0005648130848597066,0.0029986071515738493,0.0015136224780816785,0.010543598162625012,0.09601338837580696
2026-08-13 17:34:41.608000040,7197.601008403361,15316.305882352939,13590.175462184874,13579.409077514072,422664.1411764706,5963.533109243697,11703.705882352942,5887.62756302521,31257.565714285716,15197.539159663867,114614.30232298216,1068744.9872268909,0.003297927711613069,0.0034952706615320574,0.0038642029059657535,0.0008137697093969745,0.003068852571140892,0.006215832100823728,30728.904431630115,45355.19962580679,38575.190243843186,24846.21385341149,67207.24503659883,153141.66189383878,29957.90739970174,24713.063594722975,37043.14101449092,8846.447280983575,60423.946092783575,117568.14579453073,0.0,0.0,0.0,0.0,0.0,0.0,0.0011073359209540742,0.0026184754990474074,0.002318977915820741,0.002322671671879532,0.07167512803261976,0.001010601606803457,0.001966652295107654,0.0009479972919367902,0.005249122286112594,0.002597649951042963,0.017767248533926753,0.1789261743731842,0.0006904817238570003,0.001625895605307386,0.001292779716234729,0.001134472353357066,0.0403317984814112,0.0005720948711579546,0.0011163168058823528,0.0005648130848597066,0.0029986071515738493,0.0015255341765869424,0.010585630460540039,0.09619785493227806
2026-08-13 17:34:56.608000040,7220.135798319328,15316.61445378151,13584.252100840336,13513.18175440196,422613.7321008403,5988.557647058824,11703.705882352942,5879.873949579833,31252.114285714288,15197.539159663867,114785.7817008073,1069126.5478991598,0.003297927711613069,0.0035143226265691974,0.0038616256877478613,0.0008122690485939451,0.003068852571140892,0.006261640299288835,30728.904431630115,44219.932993396025,38802.93067675051,26254.419354675643,67207.24503659883,153510.58688751853,29957.90739970174,24109.006376977308,37258.16619511559,8684.755788985327,60423.946092783575,117968.54057587421,0.0,0.0,0.0,0.0,0.0,0.0,0.0011103715987318518,0.002625653851825185,0.0023253352185985186,0.002331485512783267,0.07187161998169382,0.0010133720947664198,0.0019720437238113582,0.0009505961548997529,0.005263512358334815,0.0026047712121540743,0.01783145772107326,0.17941668696392496,0.0006964915555504914,0.0016418946554621844,0.0012993952294329495,0.0011317234787678492,0.040454002442347314,0.0005776871720438683,0.0011163168058823528,0.0005672029817689788,0.0030147402072639223,0.0015255341765869424,0.010633950162467229,0.09644044474489119
2026-08-13 17:35:11.608000040,7220.135798319328,15316.61445378151,13584.252100840336,13567.579111544816,422568.10890756303,5988.557647058824,11687.911260504201,5879.873949579833,31252.114285714288,15194.489747899162,114947.22139810401,1069102.3855462186,0.0032798243360072418,0.0035143226265691974,0.0038680690926994293,0.0008122690485939451,0.003083014422287576,0.006285653276305034,30413.060744253355,44219.932993396025,39025.75668418233,26254.419354675643,69060.88354154004,154591.91842427762,29650.39777707131,24109.006376977308,37474.284998056886,8684.755788985327,62090.49488580554,118764.8919248904,0.0,0.0,0.0,0.0,0.0,0.0,0.0011180429578324786,0.002631959190994872,0.002329674380642735,0.0023284784448623186,0.07205559849687522,0.0010195964184888892,0.001977047841849573,0.0009553918470324786,0.005276780993709401,0.002609735448837608,0.017890873458757794,0.17986400249755213,0.0006964915555504914,0.0016418946554621844,0.0012993952294329495,0.0011362792353158166,0.040544885555877624,0.0005776871720438683,0.001120935622722689,0.0005672029817689788,0.0030147402072639223,0.0015381507231032802,0.010673599309122988,0.09663738066459322
2026-08-13 17:35:26.608000040,7244.984873949579,15305.327394957985,13574.129747899158,13499.009425482353,422504.2769747899,6013.930084033614,11687.911260504201,5883.1321008403365,31256.55831932773,15194.489747899162,115114.90094745425,1069297.56605042,0.0033295101810766684,0.0035143226265691974,0.003889089102044707,0.0007900621793499032,0.003083014422287576,0.006285830345721719,30873.786218979723,44219.932993396025,38191.94625796437,26624.78349301118,69060.88354154004,154779.21238826413,30099.56972022235,24109.006376977308,36689.789396718006,8807.65523253886,62090.49488580554,118826.50132406726,0.0,0.0,0.0,0.0,0.0,0.0,0.0011210912746822956,0.002639135163522344,0.002336026181009035,0.0023372489325607306,0.07225205632837704,0.0010223763232507937,0.0019824382145601956,0.0009579966995965814,0.005291168008361417,0.002616850828874237,0.01795506013029342,0.18035439731257047,0.0007027498887337985,0.0016568828256154982,0.0013056006102619866,0.0011332906240972642,0.04066574220144212,0.0005833398924825524,0.001120935622722689,0.00057065273443669,0.0030318272933998005,0.0015381507231032802,0.010721714445207194,0.0968620888370218
2026-08-13 17:35:41.608000040,7244.984873949579,15305.327394957985,13574.129747899158,13553.415378423528,422483.17008403357,6013.930084033614,11683.75462184874,5883.1321008403365,31256.55831932773,15190.602352941176,115273.92060039486,1069252.3270588235,0.0033295101810766684,0.0035328269483290843,0.003895617289890999,0.0008037935804512471,0.003083014422287576,0.006314125630861278,30873.786218979723,45318.5210884932,38408.72266444465,27087.52628836914,69060.88354154004,154956.9105457737,30099.56972022235,24707.964032438354,36900.08825810052,8960.733622976251,62090.49488580554,119054.00969919044,0.0,0.0,0.0,0.0,0.0,0.0,0.0011241395915321125,0.002646311136049817,0.0023423779813753357,0.002346019420259144,0.07244851415987888,0.0010251562280126985,0.001987828587270819,0.0009606015521606839,0.005305555023013431,0.002623966208910867,0.018019246801829043,0.18084479212758878,0.0007027498887337985,0.0016568828256154982,0.0013056006102619866,0.001137858200459343,0.04075894185046473,0.0005833398924825524,0.0011266601308683472,0.00057065273443669,0.0030318272933998005,0.0015508443239113825,0.010761318960731955,0.09705674188001157
2026-08-13 17:35:56.608000040,7270.871596638656,15300.81680672269,13582.557983193276,13486.221083120912,422446.62954254815,6032.111596638655,11683.75462184874,5868.033277310926,31252.761680672265,15190.602352941176,115489.13042735004,1069428.4671934396,0.0033295101810766684,0.0035328269483290843,0.0039021454777372895,0.0008037935804512471,0.003092513644535674,0.006344813937540137,30873.786218979723,45318.5210884932,38625.499070924925,27087.52628836914,74669.7636187434,155082.3276042705,30099.56972022235,24707.964032438354,37110.38711948306,8960.733622976251,67654.46358553761,119234.5637568682,0.0,0.0,0.0,0.0,0.0,0.0,0.0011271879083819293,0.0026534871085772895,0.002348729781741636,0.0023547899079575567,0.07264497199138072,0.0010279361327746035,0.001993218959981441,0.0009632064047247863,0.005319942037665445,0.002631081588947497,0.018083433473364666,0.18133518694260709,0.0007091359117105826,0.0016728369937168712,0.0013135893471365014,0.0011349418753912306,0.04088238052695525,0.0005883183191682095,0.0011266601308683472,0.0005723155845549068,0.003048115394878222,0.0015508443239113825,0.010814030204006538,0.09727861573109549
2026-08-13 17:36:11.608000040,7270.871596638656,15300.81680672269,13582.557983193276,13540.631409387976,422424.01912238006,6032.111596638655,11683.845378151262,5868.033277310926,31252.761680672265,15182.93344537815,115648.99789024937,1069315.07626907,0.0033295101810766684,0.0035328269483290843,0.003892517297329515,0.0008037935804512471,0.003092513644535674,0.006330872478186522,30873.786218979723,45318.5210884932,38850.49121555919,27087.52628836914,74669.7636187434,156122.7260094587,30099.56972022235,24707.964032438354,37320.81435177424,8960.733622976251,67654.46358553761,117834.63762215656,0.0,0.0,0.0,0.0,0.0,0.0,0.0011351749055299517,0.002659937093000966,0.002354685416815459,0.002352799063252476,0.07283162480939662,0.0010335056215077295,0.001997952259427537,0.000964556795372947,0.00533313237434831,0.0026379334775821256,0.018147272160684864,0.18178172136525556,0.0007091359117105826,0.0016728369937168712,0.0013135893471365014,0.001139520812467346,0.04097541023720136,0.0005883183191682095,0.0011327920829131651,0.0005723155845549068,0.003048115394878222,0.0015633128922919754,0.010853904261215588,0.09746667312248058
2026-08-13 17:36:26.608000040,7301.359663865546,15287.778151260503,13586.605714285713,13466.104063018785,422356.9552941176,6045.830924369748,11683.845378151262,5879.73781512605,31235.835630252095,15182.93344537815,115867.81488878337,1069256.846722689,0.0033295101810766684,0.0035469453298520096,0.003902396687035737,0.0007901568483716008,0.003092513644535674,0.006379170818543193,30873.786218979723,44415.94958486512,38118.99802632821,26627.97380166292,74669.7636187434,157007.9117377723,30099.56972022235,24259.101249983847,36636.89520512937,8808.710607832232,67654.46358553761,118437.5797747677,0.0,0.0,0.0,0.0,0.0,0.0,0.001138236542305314,0.0026671111074937203,0.002361036148699517,0.0023615325998831128,0.07302805619617198,0.0010362930499497585,0.002003340859971015,0.0009671582645758456,0.005347516161485991,0.002645048146966184,0.018211457246131723,0.18227199788608892,0.0007160007540806152,0.0016880946349814342,0.0013211610322208882,0.0011359435667775365,0.04109584196494482,0.0005928785459393248,0.0011327920829131651,0.000576590786269762,0.003063111926437829,0.0015633128922919754,0.010907137716735337,0.09766602064798409
2026-08-13 17:36:41.608000040,7301.359663865546,15287.778151260503,13586.605714285713,13520.494080260163,422354.2598319327,6045.830924369748,11699.231596638654,5879.73781512605,31235.835630252095,15180.543529411767,116034.97889439847,1069248.3579831931,0.0033435850135606912,0.0035469453298520096,0.003909186266578855,0.0008081580379096401,0.003099580763030227,0.006416849683987043,30292.274657887745,44415.94958486512,38330.38026410996,26295.780679100775,76027.03758437764,157825.0476170262,29536.224068854353,24259.101249983847,36842.109253491006,8706.52572741216,68884.10983681414,119046.69540489824,0.0,0.0,0.0,0.0,0.0,0.0,0.001141298179080676,0.002674285121986473,0.0023673868805835748,0.0023702661365137493,0.07322448758294733,0.0010390804783917875,0.002008729460514493,0.000969759733778744,0.005361899948623672,0.0026521628163502418,0.01827564233157858,0.1827622744069222,0.0007160007540806152,0.0016880946349814342,0.0013211610322208882,0.0011405316785204076,0.0411907818083375,0.0005928785459393248,0.0011404150977478988,0.000576590786269762,0.003063111926437829,0.001576490568018576,0.010947891754217213,0.09786321537751788
2026-08-13 17:36:56.608000040,7329.227899159663,15280.393613445374,13592.659159663865,13453.060775421267,422297.028907563,6041.589579831932,11699.231596638654,5894.001680672268,31208.16705882353,15180.543529411767,116266.88800051145,1069821.9438655463,0.0033563241849754013,0.003564198457566897,0.003915975846121971,0.0008081580379096401,0.003099580763030227,0.006442266494338259,30968.042649706815,45713.608941855724,38541.762501891695,26295.780679100775,76027.03758437764,159002.918049865,30195.125886243313,24967.319293830264,37047.32330185265,8706.52572741216,68884.10983681414,119982.29594622873,0.0,0.0,0.0,0.0,0.0,0.0,0.0011443598158560387,0.002681459136479227,0.002373737612467633,0.002378999673144386,0.0734209189697227,0.0010418679068338163,0.0020141180610579713,0.0009723612029816425,0.005376283735761353,0.0026592774857343,0.01833982741702544,0.18325255092775555,0.0007226397865546217,0.0017042148717384448,0.0013289330911376313,0.0011375095715511169,0.041312119223006524,0.0005956825281583818,0.0011404150977478988,0.0005811308060105397,0.0030770312360917243,0.001576490568018576,0.011002551465626457,0.09811928598534572
2026-08-13 17:37:11.608000040,7329.227899159663,15280.393613445374,13592.659159663865,13507.480928830357,422279.1831932773,6041.589579831932,11703.711932773109,5894.001680672268,31208.16705882353,15179.297142857144,116467.77108024432,1069740.9983193278,0.0033563241849754013,0.003564198457566897,0.003922765425665088,0.0008124300294681145,0.003099580763030227,0.006478281035222073,30968.042649706815,45713.608941855724,38753.14473967342,27006.125498655096,76027.03758437764,159843.75019489526,30195.125886243313,24967.319293830264,37252.5373502143,8941.720701170785,68884.10983681414,120599.51691224899,0.0,0.0,0.0,0.0,0.0,0.0,0.0011519655383120668,0.002686679969980406,0.0023799812911340502,0.002377069722420595,0.07360733971623322,0.0010442207381964159,0.002020594309589965,0.0009779351291713263,0.005387024074244684,0.0026660418850790926,0.018409696648794528,0.18371078386321532,0.0007226397865546217,0.0017042148717384448,0.0013289330911376313,0.0011421110110615379,0.04140555861968012,0.0005956825281583818,0.0011469854429523806,0.0005811308060105397,0.0030770312360917243,0.0015899615665846735,0.011046703465083168,0.09830953535017077
2026-08-13 17:37:26.608000040,7363.23731092437,15266.063193277309,13594.74050420168,13444.750557499905,422231.0793277311,6029.52806722689,11703.711932773109,5914.787899159663,31189.631596638657,15179.297142857144,116709.6716828144,1069702.4813445378,0.0033563241849754013,0.0035777582085511346,0.003929555005208206,0.0008124300294681145,0.0030449587597815007,0.006479005845482302,30968.042649706815,45042.74488580524,38964.526977455156,27006.125498655096,74687.25991397261,166872.51359387208,30195.125886243313,24679.411511794653,37457.75139857593,8941.720701170785,67670.2075839128,124110.5291998374,0.0,0.0,0.0,0.0,0.0,0.0,0.0011550392999608123,0.0026938487728477897,0.0023863317373706092,0.0023857670114567904,0.07380374439186047,0.0010470070070136203,0.002025985812278136,0.0009805445297089606,0.005401398139656871,0.0026731556198461176,0.018473921429207542,0.18420097488292858,0.0007299172986298247,0.0017198028233441404,0.0013363211030068497,0.0011394461665604338,0.041527741044396646,0.0005977067766528982,0.0011469854429523806,0.0005863325902748895,0.003091826418048711,0.0015899615665846735,0.0111025204832778,0.09850836357691217
2026-08-13 17:37:41.608000040,7363.23731092437,15266.063193277309,13594.74050420168,13499.233742893164,422225.5310924369,6029.52806722689,11709.807731092436,5914.787899159663,31189.631596638657,15185.641008403361,116879.94973292861,1069711.708235294,0.0033563241849754013,0.0035777582085511346,0.0039278630835133,0.0008124300294681145,0.003077001843814717,0.006513264192529683,30968.042649706815,45042.74488580524,39183.95967332394,27006.125498655096,74741.00169725732,166267.05020650628,30195.125886243313,24679.411511794653,37663.09123534518,8941.720701170785,67730.2112901596,123927.55980797907,0.0,0.0,0.0,0.0,0.0,0.0,0.0011581130616095578,0.0027010175757151735,0.002392682183607169,0.0023944643004929853,0.0740001490674877,0.0010497932758308244,0.0020313773149663087,0.0009831539302465949,0.0054157722050690565,0.0026802693546131426,0.01853814620962056,0.18469116590264184,0.0007299172986298247,0.0017198028233441404,0.0013363211030068497,0.0011440636309360535,0.041622368456789446,0.0005977067766528982,0.001153719649120448,0.0005863325902748895,0.003091826418048711,0.001604413591341176,0.011143980656687797,0.09870649474515321
2026-08-13 17:37:56.608000040,7392.491092436973,15257.801344537816,13593.034285714284,13435.633309110548,422165.89210084034,6049.660840336134,11709.807731092436,5917.371428571429,31156.417815126046,15185.641008403361,117074.65492724908,1070195.3606722688,0.0033563241849754013,0.0035777582085511346,0.003934798602616088,0.0008124300294681145,0.0031327033923845616,0.006505322690873774,30968.042649706815,45042.74488580524,39395.20605924359,27006.125498655096,76094.00366070018,166889.9650348818,30195.125886243313,24679.411511794653,37868.30316102148,8941.720701170785,68956.30014071014,126155.57918529627,0.0,0.0,0.0,0.0,0.0,0.0,0.0011611868232583034,0.0027081863785825572,0.0023990326298437277,0.002403161589529181,0.07419655374311494,0.0010525795446480288,0.0020367688176544806,0.0009857633307842294,0.005430146270481244,0.002687383089380168,0.018602370990033573,0.1851813569223551,0.0007367571018886195,0.0017363216471868747,0.0013433370073469382,0.0011412859447565151,0.041743368873843556,0.0006029267445036319,0.001153719649120448,0.0005897423980629539,0.0031051389589346235,0.001604413591341176,0.011195490287615838,0.09895240923899616
2026-08-13 17:38:11.608000040,7392.491092436973,15257.801344537816,13593.034285714284,13490.172042443883,422135.2467226891,6049.660840336134,11710.648739495797,5917.371428571429,31156.417815126046,15170.899159663866,117228.16264191417,1070130.5001680672,0.003320393918346425,0.0035777582085511346,0.003955067820260813,0.0007987862403466702,0.0031327033923845616,0.006567925967805388,31085.79743886789,45042.74488580524,38974.75619582539,26552.589971993017,76094.00366070018,173213.55784505774,30309.912437000432,24679.411511794653,37495.60807914781,8791.555213430876,68956.30014071014,132030.1747618412,0.0,0.0,0.0,0.0,0.0,0.0,0.0011686322196794326,0.002714474856448227,0.0024041052667130025,0.002403538003069916,0.07438758570367565,0.0010551001258250591,0.002042468231173523,0.0009909503390449173,0.005440791768908747,0.002695416956800473,0.018677429957203364,0.18564451455686243,0.0007367571018886195,0.0017363216471868747,0.0013433370073469382,0.001145918721520075,0.041835491435259574,0.0006029267445036319,0.0011599397576470588,0.0005897423980629539,0.0031051389589346235,0.0016168151032090689,0.011235537524466375,0.09914338572071979
2026-08-13 17:38:26.608000040,7426.70319327731,15241.940168067224,13590.217815126052,13422.113465127019,422080.29680672265,6046.505546218486,11710.648739495797,5933.743865546218,31145.67529411765,15170.899159663866,117444.79838070588,1070445.4668907563,0.0033879751454767445,0.0035777582085511346,0.003962076229543386,0.0008122925209510303,0.0031327033923845616,0.0065845148124519534,30946.771514160453,45042.74488580524,39182.5985255123,28022.97614143019,76094.00366070018,173786.33082930892,30180.327378415648,24679.411511794653,37697.66081043049,8660.876482123063,68956.30014071014,132437.6240813499,0.0,0.0,0.0,0.0,0.0,0.0,0.0011717175228709218,0.0027216413351716312,0.002410452339408038,0.002412212157991276,0.0745839761948104,0.0010578856932009458,0.00204786054677636,0.0009935665447186762,0.005455155990539953,0.0027025331208075654,0.018741718705759945,0.1861346342057986,0.0007441248901979772,0.0017522269901122686,0.0013502408004406467,0.0011427227230095193,0.04195689946823528,0.0006058348042956842,0.0011599397576470588,0.0005945365510781939,0.0031206676240079765,0.0016168151032090689,0.011289319300886289,0.09937273131433674
2026-08-13 17:38:41.608000040,7426.70319327731,15241.940168067224,13590.217815126052,13476.68087721493,422080.13949579827,6046.505546218486,11721.291428571429,5933.743865546218,31145.67529411765,15167.504873949581,117624.49620073743,1070584.1757983193,0.0033879751454767445,0.0035469386415352294,0.00396908463882596,0.0008122925209510303,0.003142517960515443,0.0066059952218235065,30946.771514160453,45741.21922106679,39390.440855199224,28022.97614143019,75793.70007311746,178159.26845337223,30180.327378415648,25062.113223114637,37899.71354171319,8660.876482123063,68786.78446170822,136459.11400474046,0.0,0.0,0.0,0.0,0.0,0.0,0.0011748028260624114,0.0027288078138950358,0.002416799412103073,0.0024208863129126356,0.07478036668594515,0.0010606712605768323,0.0020532528623791965,0.000996182750392435,0.005469520212171158,0.0027096492848146577,0.018806007454316532,0.18662475385473476,0.0007441248901979772,0.0017522269901122686,0.0013502408004406467,0.0011473684460464085,0.04205202415688684,0.0006058348042956842,0.0011671367409523807,0.0005945365510781939,0.0031206676240079765,0.0016305978700749488,0.011332077071734932,0.09958228145399847
