timestamp,aggregator_energy,api-gateway_energy,authority_energy,clientone_energy,clientthree_energy,clienttwo_energy,kernel_processes_energy,orchestrator_energy,policy_energy,policy-enforcer_energy,rabbitmq_energy,server_energy,sidecar_energy,system_processes_energy,aggregator_cpu_usage,api-gateway_cpu_usage,authority_cpu_usage,clientone_cpu_usage,clientthree_cpu_usage,clienttwo_cpu_usage,orchestrator_cpu_usage,policy_cpu_usage,policy-enforcer_cpu_usage,rabbitmq_cpu_usage,server_cpu_usage,sidecar_cpu_usage,aggregator_memory_usage,api-gateway_memory_usage,authority_memory_usage,clientone_memory_usage,clientthree_memory_usage,clienttwo_memory_usage,orchestrator_memory_usage,policy_memory_usage,policy-enforcer_memory_usage,rabbitmq_memory_usage,server_memory_usage,sidecar_memory_usage,aggregator_memory_rss_usage,api-gateway_memory_rss_usage,authority_memory_rss_usage,clientone_memory_rss_usage,clientthree_memory_rss_usage,clienttwo_memory_rss_usage,orchestrator_memory_rss_usage,policy_memory_rss_usage,policy-enforcer_memory_rss_usage,rabbitmq_memory_rss_usage,server_memory_rss_usage,sidecar_memory_rss_usage,aggregator_memory_cache_usage,api-gateway_memory_cache_usage,authority_memory_cache_usage,clientone_memory_cache_usage,clientthree_memory_cache_usage,clienttwo_memory_cache_usage,orchestrator_memory_cache_usage,policy_memory_cache_usage,policy-enforcer_memory_cache_usage,rabbitmq_memory_cache_usage,server_memory_cache_usage,sidecar_memory_cache_usage,aggregator_carbon_coal,api-gateway_carbon_coal,authority_carbon_coal,clientone_carbon_coal,clientthree_carbon_coal,clienttwo_carbon_coal,kernel_processes_carbon_coal,orchestrator_carbon_coal,policy_carbon_coal,policy-enforcer_carbon_coal,rabbitmq_carbon_coal,server_carbon_coal,sidecar_carbon_coal,system_processes_carbon_coal,aggregator_carbon_emission,api-gateway_carbon_emission,authority_carbon_emission,clientone_carbon_emission,clientthree_carbon_emission,clienttwo_carbon_emission,kernel_processes_carbon_emission,orchestrator_carbon_emission,policy_carbon_emission,policy-enforcer_carbon_emission,rabbitmq_carbon_emission,server_carbon_emission,sidecar_carbon_emission,system_processes_carbon_emission
2026-09-22 09:11:43.819000006,0.0,535.7135529582339,0.0,0.0,0.0,0.0,67.51616721532606,0.0,0.0,0.0,0.0,0.0,1185.0713281037347,310020.5045171968,0.011004655928525302,0.028458342149277522,0.005658895534951347,0.004302405741914239,0.00372521869425493,0.0037663884752727984,0.0001112822242692372,0.00022511791131739686,0.00016751803904435596,0.041146413718273295,0.003744859312756979,0.019153992581790853,302875.1226939097,277035.7269242661,288651.27217538806,231153.8549800975,174333.58106538496,255046.4492127214,55090.191194087296,57858.64944877133,86665.02701832645,1297265.0630810799,114898.64313932919,1153020.6052060158,260946.1799001394,187106.3016617434,191661.04571328973,182795.56371078856,137969.02577870584,191434.99508940897,20215.0888072966,22711.728044215866,47849.613465474016,735497.0465714955,55490.80067316835,931020.328552271,891.4084505791153,6637.139462028735,306.4682200597721,0.0,0.0,3055.0701286710632,15442.967422188201,0.0,2117.2728736002205,235294.080803353,213.65682507231801,8034.948554443125,0.0,0.00026797114130180726,0.0,0.0,0.0,0.0,9.077732060534445e-06,0.0,0.0,0.0,0.0,0.0,0.00034928591010118817,0.13883128692876143,0.0,0.00015362035210726962,0.0,0.0,0.0,0.0,1.2369078870629489e-05,0.0,0.0,0.0,0.0,0.0,0.00019392499939772663,0.07953521221661596
2026-09-22 09:11:58.819000006,0.0,540.2823668204027,0.0,0.0,0.0,0.0,68.24851033995037,0.0,0.0,0.0,0.0,0.0,1187.217090703609,309768.34909874294,0.011004655928525302,0.028458342149277522,0.005658895534951347,0.004302405741914239,0.0037220959054993594,0.0037663884752727984,0.0001112822242692372,0.00023052305838256877,0.00016751803904435596,0.04106113739378047,0.003750124596491826,0.019275591470712856,302875.1226939097,277035.7269242661,288651.27217538806,231153.8549800975,175208.66010698257,255046.4492127214,55090.191194087296,68399.48458433973,86665.02701832645,1368806.552945311,107221.88935763207,1169540.6821611652,260946.1799001394,187106.3016617434,191661.04571328973,182795.56371078856,136212.7294157885,191434.99508940897,20215.0888072966,21602.956320735608,47849.613465474016,771977.500833536,51783.27896291995,937114.5911678432,891.4084505791153,6637.139462028735,306.4682200597721,0.0,0.0,3055.0701286710632,15442.967422188201,0.0,2117.2728736002205,200228.71148838004,199.3817144613913,6891.704309782291,0.0,0.0002687664937114458,0.0,0.0,0.0,0.0,9.123587137108466e-06,0.0,0.0,0.0,0.0,0.0,0.0003508049896694612,0.13923378931881575,0.0,0.0001547617855678873,0.0,0.0,0.0,0.0,1.2344180815896771e-05,0.0,0.0,0.0,0.0,0.0,0.00019638151268405025,0.0799747710930514
2026-09-22 09:12:13.819000006,0.0,540.2823668204027,0.0,0.0,0.0,0.0,67.45908255438977,0.0,0.0,0.0,0.0,0.0,1190.1344708387655,309768.34909874294,0.011004655928525302,0.027650165874843133,0.005409345794902592,0.004260693504771726,0.0037220959054993594,0.0037663884752727984,8.663322981650955e-05,0.00023052305838256877,0.00016751803904435596,0.04106113739378047,0.0037678847102091354,0.01903087241268852,302875.1226939097,262408.553734607,283904.4779626239,217365.25005524047,175208.66010698257,255046.4492127214,41544.976685812704,68399.48458433973,86665.02701832645,1368806.552945311,110748.66996133154,1153995.8715202364,260946.1799001394,179690.23999564693,181823.24596297662,172176.89580067128,136212.7294157885,191434.99508940897,10697.681406363079,21602.956320735608,47849.613465474016,771977.500833536,50583.27432348764,923797.0850366037,891.4084505791153,6059.439477362462,161.53255441215845,0.0,0.0,3055.0701286710632,16236.011029580162,0.0,2117.2728736002205,200228.71148838004,216.39497421486007,6887.212933519543,0.0,0.00026932909701302913,0.0,0.0,0.0,0.0,9.066051699602735e-06,0.0,0.0,0.0,0.0,0.0,0.0003535803406278439,0.1397640129498737,0.0,0.0001547617855678873,0.0,0.0,0.0,0.0,1.2396780819247548e-05,0.0,0.0,0.0,0.0,0.0,0.00019693918182172278,0.0799747710930514
2026-09-22 09:12:28.819000006,0.0,541.7545947443202,0.0,0.0,0.0,0.0,63.96754024554471,0.0,0.0,0.0,0.0,0.0,1187.4279285564064,310746.8728039352,0.01120980878633292,0.027650165874843133,0.005703074320812664,0.004260693504771726,0.0037220959054993594,0.0037663884752727984,8.326272505308592e-05,0.0002098545946301199,0.00015844571681747696,0.04106113739378047,0.0037678847102091354,0.01878388699037932,295285.0161153215,262408.553734607,299320.546184739,217365.25005524047,175208.66010698257,255046.4492127214,39209.998824155984,74366.98356749932,80282.5213434896,1368806.552945311,110748.66996133154,1123291.5456057482,250754.12122929437,179690.23999564693,191696.28348688874,172176.89580067128,136212.7294157885,191434.99508940897,10096.433042600136,23479.72109271085,44325.69568699623,771977.500833536,50583.27432348764,907922.4593680194,675.4162927273985,6059.439477362462,170.30380344909048,0.0,0.0,3055.0701286710632,15323.488521687404,0.0,1961.3448528534668,200228.71148838004,216.39497421486007,5418.907325277134,0.0,0.00027012376268763233,0.0,0.0,0.0,0.0,9.122740770186623e-06,0.0,0.0,0.0,0.0,0.0,0.0003551014190008598,0.14016688349114817,0.0,0.00015597014440070077,0.0,0.0,0.0,0.0,1.2403144473629852e-05,0.0,0.0,0.0,0.0,0.0,0.00019889343247102582,0.08051580668232544
2026-09-22 09:12:43.819000006,0.0,541.7545947443202,0.0,0.0,0.0,0.0,63.816741169487,0.0,0.0,0.0,0.0,0.0,1190.34543090315,310746.8728039352,0.01120980878633292,0.026051300019882144,0.005703074320812664,0.004260693504771726,0.0037220959054993594,0.0037663884752727984,8.326272505308592e-05,0.0002098545946301199,0.00015844571681747696,0.04033773784550322,0.0037678847102091354,0.018656634381400652,295285.0161153215,263087.74615103414,299320.546184739,217365.25005524047,175208.66010698257,255046.4492127214,39209.998824155984,74366.98356749932,80282.5213434896,1439240.1027069662,110748.66996133154,1116803.3658849646,250754.12122929437,177827.38711913032,191696.28348688874,172176.89580067128,136212.7294157885,191434.99508940897,10096.433042600136,23479.72109271085,44325.69568699623,821300.0016782184,50583.27432348764,901559.5595314784,675.4162927273985,4582.7076363037395,170.30380344909048,0.0,0.0,3055.0701286710632,15323.488521687404,0.0,1961.3448528534668,186449.90350244183,216.39497421486007,4106.05263229031,0.0,0.0002709184283622355,0.0,0.0,0.0,0.0,9.179429840770509e-06,0.0,0.0,0.0,0.0,0.0,0.00035662249737387566,0.14056975403242264,0.0,0.00015597014440070077,0.0,0.0,0.0,0.0,1.2455542263173431e-05,0.0,0.0,0.0,0.0,0.0,0.00019945534304040096,0.08051580668232544
2026-09-22 09:12:58.819000006,0.0,536.5189603968015,0.0,0.0,0.0,0.0,58.39440362829667,0.0,0.0,0.0,0.0,0.0,1173.4758167306975,311919.00758621044,0.010648908551067864,0.027447848637964237,0.005703074320812664,0.004260693504771726,0.0037220959054993594,0.0037663884752727984,8.326272505308592e-05,0.0002098545946301199,0.00016026368940956934,0.040372629912064945,0.0037678847102091354,0.018479546377376924,278283.8946609953,277191.2583765718,299320.546184739,217365.25005524047,175208.66010698257,255046.4492127214,39209.998824155984,74366.98356749932,83969.78863981976,1512474.035280171,110748.66996133154,1110270.1924400812,237853.55120129546,187360.293022054,191696.28348688874,172176.89580067128,136212.7294157885,191434.99508940897,10096.433042600136,23479.72109271085,47034.19120239694,859577.3315168349,50583.27432348764,892710.3826411946,613.5426270702751,4828.3757607992475,170.30380344909048,0.0,0.0,3055.0701286710632,15323.488521687404,0.0,862.842811602117,148895.7129460889,216.39497421486007,4052.2553511805263,0.0,0.0002717130940368386,0.0,0.0,0.0,0.0,9.2361189113544e-06,0.0,0.0,0.0,0.0,0.0,0.00035814357574689157,0.14097262457369705,0.0,0.00015679601287409706,0.0,0.0,0.0,0.0,1.2430330426455189e-05,0.0,0.0,0.0,0.0,0.0,0.0002007262411664562,0.0810702457701889
2026-09-22 09:13:13.819000006,0.0,536.5189603968015,0.0,0.0,0.0,0.0,58.26863378102587,0.0,0.0,0.0,0.0,0.0,1176.3931993598655,311919.00758621044,0.010648908551067864,0.027447848637964237,0.005703074320812664,0.004240791839111735,0.0035359509631342914,0.003544299549750606,6.561437339990239e-05,0.0002098545946301199,0.00016026368940956934,0.040372629912064945,0.0037678847102091354,0.01834154961320716,278283.8946609953,277191.2583765718,299320.546184739,234540.36956947207,206158.67521747685,257186.99961773783,39349.86710480576,74366.98356749932,83969.78863981976,1512474.035280171,110748.66996133154,1086592.013664177,237853.55120129546,187360.293022054,191696.28348688874,185326.66179762944,125219.68914803703,190375.92780509096,0.0,23479.72109271085,47034.19120239694,859577.3315168349,50583.27432348764,873735.0334171252,613.5426270702751,4828.3757607992475,170.30380344909048,0.0,0.0,3.893646005748987,14291.15290492521,0.0,862.842811602117,148895.7129460889,216.39497421486007,4006.5023349113067,0.0,0.0002721090336919608,0.0,0.0,0.0,0.0,9.16760353552349e-06,0.0,0.0,0.0,0.0,0.0,0.000357883911955104,0.1417074284664302,0.0,0.00015679601287409706,0.0,0.0,0.0,0.0,1.2482259180402524e-05,0.0,0.0,0.0,0.0,0.0,0.00020128896053707838,0.0810702457701889
2026-09-22 09:13:28.819000006,0.0,532.9542229319617,0.0,0.0,0.0,0.0,64.32870848343586,0.0,0.0,0.0,0.0,0.0,1165.7599111165064,312838.142997343,0.010648908551067864,0.027447848637964237,0.005385801603081502,0.004088469299226331,0.0035359509631342914,0.0035636677175550587,6.648416583261749e-05,0.0002098545946301199,0.00016026368940956934,0.040372629912064945,0.003580604617274795,0.018095819854385298,278283.8946609953,277191.2583765718,282668.7829744578,259311.36532355438,206158.67521747685,280386.05695328815,39871.493920130284,74366.98356749932,83969.78863981976,1512474.035280171,105243.98422970215,1070923.7189494846,237853.55120129546,187360.293022054,181031.85980598154,173621.60189615848,125219.68914803703,180343.81610263587,0.0,23479.72109271085,47034.19120239694,859577.3315168349,48069.06780051253,861318.2768770355,613.5426270702751,4828.3757607992475,160.8294835435861,0.0,0.0,3.688465171649607,14480.598235382287,0.0,862.842811602117,148895.7129460889,205.6392122957981,3952.705053801523,0.0,0.00027290253663313734,0.0,0.0,0.0,0.0,9.208670731290688e-06,0.0,0.0,0.0,0.0,0.0,0.000359396592525514,0.14211124489301347,0.0,0.0001572104896400422,0.0,0.0,0.0,0.0,1.2778674154765827e-05,0.0,0.0,0.0,0.0,0.0,0.00020248202892795162,0.08162429135423349
2026-09-22 09:13:43.819000006,0.0,532.9542229319617,0.0,0.0,0.0,0.0,64.33120900491214,0.0,0.0,0.0,0.0,0.0,1168.6772887576556,312838.142997343,0.01068328089160599,0.027447848637964237,0.005337098033387316,0.004088469299226331,0.0035359509631342914,0.0035636677175550587,6.958339461720892e-05,0.00019831853051902664,0.00016026368940956934,0.040372629912064945,0.003618268490090219,0.017705244615367034,251518.6158002171,277191.2583765718,304419.2889307996,259311.36532355438,206158.67521747685,280386.05695328815,41730.14522596205,70278.90395363435,83969.78863981976,1512474.035280171,130461.09194485856,1101039.2074176203,216335.88388700262,187360.293022054,197665.59384459796,173621.60189615848,125219.68914803703,180343.81610263587,0.0,22189.000876107955,47034.19120239694,859577.3315168349,63974.35125117803,878210.3270562043,666.4266658936771,4828.3757607992475,153.93971696630518,0.0,0.0,3.688465171649607,15155.62643656614,0.0,862.842811602117,148895.7129460889,196.98239095274135,3882.866486879042,0.0,0.0002736960395743138,0.0,0.0,0.0,0.0,9.249737927057883e-06,0.0,0.0,0.0,0.0,0.0,0.0003609092730959241,0.14251506131959674,0.0,0.0001572104896400422,0.0,0.0,0.0,0.0,1.2832817082956518e-05,0.0,0.0,0.0,0.0,0.0,0.00020304622004142905,0.08162429135423349
2026-09-22 09:13:58.819000006,0.0,532.5295189766072,0.0,0.0,0.0,0.0,65.79806516682588,0.0,0.0,0.0,0.0,0.0,1156.9961732498057,313649.22291486425,0.01068328089160599,0.027447848637964237,0.005337098033387316,0.004088469299226331,0.0035359509631342914,0.0035636677175550587,6.631919520121255e-05,0.0002170062897985472,0.0001551063420348059,0.04066045992375394,0.0036152659299169294,0.017527173931846586,251518.6158002171,277191.2583765718,304419.2889307996,259311.36532355438,206158.67521747685,280386.05695328815,39772.55870082375,56516.04877672765,77708.16599732262,1414050.1642584836,141894.42485487793,1077855.6133113666,216335.88388700262,187360.293022054,197665.59384459796,173621.60189615848,125219.68914803703,180343.81610263587,0.0,16610.412589166022,43526.85408299866,786674.1318774415,68547.03667986015,848732.6056459784,666.4266658936771,4828.3757607992475,153.93971696630518,0.0,0.0,3.688465171649607,14444.666771038932,0.0,798.5006693440429,108153.52379159411,217.33124322794686,80.55928051636897,0.0,0.0002744895425154903,0.0,0.0,0.0,0.0,9.29080512282508e-06,0.0,0.0,0.0,0.0,0.0,0.000362421953666334,0.14291887774618003,0.0,0.00015755612601851872,0.0,0.0,0.0,0.0,1.311114619026289e-05,0.0,0.0,0.0,0.0,0.0,0.00020443845297177298,0.08216067746182086
2026-09-22 09:14:13.819000006,0.0,532.5295189766072,0.0,0.0,0.0,0.0,66.02109950264793,0.0,0.0,0.0,0.0,0.0,1159.9135508909549,313649.22291486425,0.010153572101311828,0.024865026842412125,0.005315434243457081,0.004088469299226331,0.0035359509631342914,0.0035636677175550587,7.028767944415525e-05,0.0002170062897985472,0.00015228078074779684,0.03969439612661829,0.0036152659299169294,0.01731230813457818,259546.67435322114,281777.07438621833,290071.1388920596,259311.36532355438,206158.67521747685,280386.05695328815,37986.29464500576,56516.04877672765,66073.50147497821,1472344.628089838,141894.42485487793,1059440.3767386065,220455.87692868416,185718.53581876404,182953.0875750798,173621.60189615848,125219.68914803703,180343.81610263587,0.0,16610.412589166022,36611.31346058679,828582.6929978303,68547.03667986015,841169.2485350658,624.4192372963772,4370.588330699884,170.0163861895647,0.0,0.0,3.688465171649607,13795.928296718925,0.0,840.4370479129776,99838.3739026389,217.33124322794686,80.55928051636897,0.0,0.00027436597815071065,0.0,0.0,0.0,0.0,9.734940712406678e-06,0.0,0.0,0.0,0.0,0.0,0.0003614852840240928,0.14362457419729155,0.0,0.00015755612601851872,0.0,0.0,0.0,0.0,1.3188248595071337e-05,0.0,0.0,0.0,0.0,0.0,0.00020500414385199935,0.08216067746182086
2026-09-22 09:14:28.819000006,0.0,532.6147801511079,0.0,0.0,0.0,0.0,72.96939141541681,0.0,0.0,0.0,0.0,0.0,1150.9336833786253,314177.32214697404,0.010153572101311828,0.024865026842412125,0.005315434243457081,0.004088469299226331,0.0034472850918689972,0.0035636677175550587,7.028767944415525e-05,0.0002170062897985472,0.00016065318818040444,0.03969439612661829,0.0036152659299169294,0.01725641657843147,259546.67435322114,281777.07438621833,290071.1388920596,259311.36532355438,215757.8712386237,280386.05695328815,37986.29464500576,56516.04877672765,69706.22697146553,1472344.628089838,141894.42485487793,1067300.3877108407,220455.87692868416,185718.53581876404,182953.0875750798,173621.60189615848,131131.05431331418,180343.81610263587,0.0,16610.412589166022,38624.20590459521,828582.6929978303,68547.03667986015,849067.0567549537,624.4192372963772,4370.588330699884,170.0163861895647,0.0,0.0,3.688465171649607,13795.928296718925,0.0,886.6443325882447,99838.3739026389,217.33124322794686,80.55928051636897,0.0,0.0002751568376468347,0.0,0.0,0.0,0.0,9.794351779600354e-06,0.0,0.0,0.0,0.0,0.0,0.0003629858612906921,0.14402924119013424,0.0,0.00015815839925133716,0.0,0.0,0.0,0.0,1.3565298454144482e-05,0.0,0.0,0.0,0.0,0.0,0.00020620392134131787,0.08267235322104326
2026-09-22 09:14:43.819000006,0.0,532.6147801511079,0.0,0.0,0.0,0.0,73.23754027375419,0.0,0.0,0.0,0.0,0.0,1148.131161386916,314177.32214697404,0.010153572101311828,0.024591789618110284,0.005315434243457081,0.003685415228315235,0.0032671903427230883,0.0035636677175550587,7.028767944415525e-05,0.0002170062897985472,0.00016065318818040444,0.03969439612661829,0.0036152659299169294,0.017023951891535924,259546.67435322114,301264.45007638546,290071.1388920596,279618.50099667034,193686.75102573348,280386.05695328815,37986.29464500576,56516.04877672765,69706.22697146553,1472344.628089838,141894.42485487793,1039603.554477883,220455.87692868416,196364.60303360494,182953.0875750798,188092.4461890129,113858.41832865898,180343.81610263587,0.0,16610.412589166022,38624.20590459521,828582.6929978303,68547.03667986015,829174.9696978463,624.4192372963772,4772.339816693682,170.0163861895647,0.0,0.0,3.688465171649607,13795.928296718925,0.0,886.6443325882447,99838.3739026389,217.33124322794686,80.55928051636897,0.0,0.0002759476971429587,0.0,0.0,0.0,0.0,9.85376284679403e-06,0.0,0.0,0.0,0.0,0.0,0.0003644864385572913,0.14443390818297686,0.0,0.00015815839925133716,0.0,0.0,0.0,0.0,1.364466093077614e-05,0.0,0.0,0.0,0.0,0.0,0.00020628613326798798,0.08267235322104326
2026-09-22 09:14:58.819000006,0.0,533.7042362608332,0.0,0.0,0.0,0.0,70.05683486635132,0.0,0.0,0.0,0.0,0.0,1136.3844713041497,313071.17950892414,0.010153572101311828,0.024591789618110284,0.005099465738433342,0.0037343495525508,0.0034336681670655896,0.003231442280634496,7.028767944415525e-05,0.00021481941907917798,0.00016065318818040444,0.0397239432456677,0.0036152659299169294,0.016969688164000785,259546.67435322114,301264.45007638546,296321.7805202853,283331.2284757633,203555.94918449677,267121.9180793237,37986.29464500576,59385.03470540191,69706.22697146553,1583433.6352273962,141894.42485487793,1025986.5143538404,220455.87692868416,196364.60303360494,186519.7667110566,190589.9060891505,119660.00923034955,170495.77242180245,0.0,17454.74594442747,38624.20590459521,888261.743278697,68547.03667986015,822643.4617929569,624.4192372963772,4772.339816693682,158.41848731370504,0.0,0.0,3.562385549974978,13795.928296718925,0.0,886.6443325882447,107811.92738027766,217.33124322794686,7.861306289620811,0.0,0.00027673855663908276,0.0,0.0,0.0,0.0,9.913173913987703e-06,0.0,0.0,0.0,0.0,0.0,0.00036598701582389066,0.14483857517581955,0.0,0.00015943318733710612,0.0,0.0,0.0,0.0,1.3625914263089576e-05,0.0,0.0,0.0,0.0,0.0,0.00020869980681523733,0.0830403813996249
2026-09-22 09:15:13.819000006,0.0,533.7042362608332,0.0,0.0,0.0,0.0,70.61238704363285,0.0,0.0,0.0,0.0,0.0,1133.637029928431,313071.17950892414,0.010040183463789624,0.024591789618110284,0.005099465738433342,0.003914745938845211,0.0034336681670655896,0.0033916929416339717,7.017259539036421e-05,0.00022627431635683122,0.00016065318818040444,0.0397239432456677,0.003438986065294448,0.016553799630297707,237337.3953633459,301264.45007638546,296321.7805202853,297018.19832743966,203555.94918449677,280368.7782185846,41602.88588616505,62551.64541171578,69706.22697146553,1583433.6352273962,134975.6724065131,1008154.6400923714,204388.9574299379,196364.60303360494,186519.7667110566,199796.79201100775,119660.00923034955,178950.83918624587,0.0,18385.491975945486,38624.20590459521,888261.743278697,65204.692691771925,801718.102963567,665.6250087557169,4772.339816693682,158.41848731370504,0.0,0.0,3.7390480398296253,15109.408169074286,0.0,886.6443325882447,107811.92738027766,206.73420199304707,7.861306289620811,0.0,0.0002774741850425926,0.0,0.0,0.0,0.0,1.03391405661393e-05,0.0,0.0,0.0,0.0,0.0,0.0003652662211029708,0.1452852934707983,0.0,0.00015943318733710612,0.0,0.0,0.0,0.0,1.3708316127275414e-05,0.0,0.0,0.0,0.0,0.0,0.00020878270308730823,0.0830403813996249
2026-09-22 09:15:28.819000006,0.0,543.8438654082888,0.0,0.0,0.0,0.0,79.12773716717058,0.0,0.0,0.0,0.0,0.0,1134.9515441354176,311770.1036109972,0.010040183463789624,0.02302437632305026,0.005099465738433342,0.003914745938845211,0.0034336681670655896,0.0033916929416339717,6.718433526921635e-05,0.00021936007367401745,0.00016065318818040444,0.038803986784686224,0.0034235864959717617,0.016333536290404876,237337.3953633459,313576.3551612267,296321.7805202853,297018.19832743966,203555.94918449677,280368.7782185846,38613.35857186443,57250.77080361943,69706.22697146553,1493342.0846034696,154573.9767736373,998700.9164097367,204388.9574299379,183826.16799269823,186519.7667110566,199796.79201100775,119660.00923034955,178950.83918624587,0.0,16827.432440801833,38624.20590459521,838597.4014951657,76373.02292997064,791563.0887737098,665.6250087557169,4467.612427641257,158.41848731370504,0.0,0.0,3.7390480398296253,14023.666460002472,0.0,886.6443325882447,101578.70838608377,196.58879637862745,7.4013716318439435,0.0,0.00027826488714987225,0.0,0.0,0.0,0.0,1.040161751649391e-05,0.0,0.0,0.0,0.0,0.0,0.0003661349605665723,0.1456900776297698,0.0,0.00016113765614182162,0.0,0.0,0.0,0.0,1.4189919832226194e-05,0.0,0.0,0.0,0.0,0.0,0.000210843036320607,0.08336807702980095
2026-09-22 09:15:43.819000006,0.0,543.8438654082888,0.0,0.0,0.0,0.0,81.30756877547272,0.0,0.0,0.0,0.0,0.0,1132.157399145652,311770.1036109972,0.010040183463789624,0.02302437632305026,0.005099465738433342,0.0037651058849774224,0.0033126945958633102,0.0033916929416339717,6.718433526921635e-05,0.00021936007367401745,0.00015721028358188667,0.038803986784686224,0.0034301792781713768,0.016102053889340478,237337.3953633459,313576.3551612267,296321.7805202853,297668.3798578905,211978.62069145706,280368.7782185846,38613.35857186443,57250.77080361943,63750.29568101796,1493342.0846034696,166073.43077185383,1010198.3824492036,204388.9574299379,183826.16799269823,186519.7667110566,198980.9806146226,124658.68266602102,178950.83918624587,0.0,16827.432440801833,35324.0256120937,838597.4014951657,81901.87222711953,795416.8552813467,665.6250087557169,4467.612427641257,158.41848731370504,0.0,0.0,3.7390480398296253,14023.666460002472,0.0,810.8864992726927,101578.70838608377,152.30300985630902,7.056946595660735,0.0,0.000279055589257152,0.0,0.0,0.0,0.0,1.0464094466848522e-05,0.0,0.0,0.0,0.0,0.0,0.0003670037000301738,0.1460948617887414,0.0,0.00016113765614182162,0.0,0.0,0.0,0.0,1.4345166279329526e-05,0.0,0.0,0.0,0.0,0.0,0.00021092662255617513,0.08336807702980095
2026-09-22 09:15:58.819000006,0.0,541.0776065839206,0.0,0.0,0.0,0.0,87.56245410420946,0.0,0.0,0.0,0.0,0.0,1113.1072779919195,310429.5862652051,0.009484764697982559,0.02302437632305026,0.004788986585768436,0.0037651058849774224,0.0033126945958633102,0.0033916929416339717,6.718433526921635e-05,0.00021936007367401745,0.00015721028358188667,0.038803986784686224,0.0034301792781713768,0.015932781527168323,224207.989542427,313576.3551612267,307990.8146537899,297668.3798578905,211978.62069145706,280368.7782185846,38613.35857186443,57250.77080361943,63750.29568101796,1493342.0846034696,166073.43077185383,1022090.2779904351,193082.24546697934,183826.16799269823,192341.14545866614,198980.9806146226,124658.68266602102,178950.83918624587,0.0,16827.432440801833,35324.0256120937,838597.4014951657,81901.87222711953,803350.4937587471,628.8029106151042,4467.612427641257,166.8607504126917,0.0,0.0,3.7390480398296253,14023.666460002472,0.0,810.8864992726927,101578.70838608377,152.30300985630902,7.056946595660735,0.0,0.0002798462913644317,0.0,0.0,0.0,0.0,1.0526571417203131e-05,0.0,0.0,0.0,0.0,0.0,0.0003678724394937754,0.1464996459477129,0.0,0.00016191500158445484,0.0,0.0,0.0,0.0,1.4819018274085888e-05,0.0,0.0,0.0,0.0,0.0,0.00021238735891104365,0.08371467991440863
2026-09-22 09:16:13.819000006,0.0,541.0776065839206,0.0,0.0,0.0,0.0,89.22701977823111,0.0,0.0,0.0,0.0,0.0,1110.3724603635123,310429.5862652051,0.009096415997389366,0.022562106827137145,0.0046168563255999375,0.0037651058849774224,0.0033126945958633102,0.0033916929416339717,6.718433526921635e-05,0.00021936007367401745,0.00016351478370275029,0.038803986784686224,0.0034301792781713768,0.015675034184881767,247153.0810928407,302746.3330569813,288584.00464509724,297668.3798578905,211978.62069145706,280368.7782185846,38613.35857186443,57250.77080361943,51257.98386157771,1493342.0846034696,166073.43077185383,1040668.3024323154,207885.4221432586,175300.29901910556,195986.6160868463,198980.9806146226,124658.68266602102,178950.83918624587,0.0,16827.432440801833,27909.856609672694,838597.4014951657,81901.87222711953,818600.4960552342,646.0450697075727,4693.0908887667565,156.3004985829993,0.0,0.0,3.7390480398296253,14023.666460002472,0.0,855.0948836362575,101578.70838608377,152.30300985630902,7.671510993616127,0.0,0.00028116755193434347,0.0,0.0,0.0,0.0,1.179320356579396e-05,0.0,0.0,0.0,0.0,0.0,0.0003682004074678168,0.14670900209534388,0.0,0.00016191500158445484,0.0,0.0,0.0,0.0,1.4984201164682842e-05,0.0,0.0,0.0,0.0,0.0,0.00021247164065610257,0.08371467991440863
2026-09-22 09:16:28.819000006,0.0,541.3242739096463,0.0,0.0,0.0,0.0,86.63286526641443,0.0,0.0,0.0,0.0,0.0,1105.2556766901712,309054.2224973028,0.009096415997389366,0.022562106827137145,0.00482462622518477,0.0037651058849774224,0.0033072716060259006,0.0033916929416339717,6.718433526921635e-05,0.00021936007367401745,0.00017144996430047723,0.03820915807135016,0.0034301792781713768,0.015590771724158965,247153.0810928407,302746.3330569813,301570.9952374695,297668.3798578905,221899.50711506983,280368.7782185846,38613.35857186443,57250.77080361943,53745.47367629928,1629640.0946386876,166073.43077185383,1040752.9763155801,207885.4221432586,175300.29901910556,204806.49625477503,198980.9806146226,128921.9461304128,178950.83918624587,0.0,16827.432440801833,29264.289203712757,914635.780227937,81901.87222711953,808223.9166721177,646.0450697075727,4693.0908887667565,163.33440577122636,0.0,0.0,3.7390480398296253,14023.666460002472,0.0,896.5916350381423,110298.48299751032,152.30300985630902,7.671510993616127,0.0,0.0002819597489040405,0.0,0.0,0.0,0.0,1.1989662194635568e-05,0.0,0.0,0.0,0.0,0.0,0.00036906761864205923,0.14711324777484722,0.0,0.00016286466806218,0.0,0.0,0.0,0.0,1.479341448641335e-05,0.0,0.0,0.0,0.0,0.0,0.00021391127453637676,0.08402962578985988
2026-09-22 09:16:43.819000006,0.0,541.3242739096463,0.0,0.0,0.0,0.0,87.90703159611932,0.0,0.0,0.0,0.0,0.0,1102.4726972109613,309054.2224973028,0.009096415997389366,0.022562106827137145,0.00482462622518477,0.0037727056189231028,0.0033072716060259006,0.002988263246513497,6.921296893190343e-05,0.00021319762530583975,0.00017144996430047723,0.03820915807135016,0.0034301792781713768,0.015377807962002802,247153.0810928407,302746.3330569813,301570.9952374695,278501.901026404,221899.50711506983,258322.34523992648,41445.57233544108,53665.28793503245,53745.47367629928,1629640.0946386876,166073.43077185383,1039201.1277580593,207885.4221432586,175300.29901910556,204806.49625477503,181784.89097275448,128921.9461304128,160945.71689877208,0.0,15773.569411677596,29264.289203712757,914635.780227937,81901.87222711953,805724.1646695569,646.0450697075727,4693.0908887667565,163.33440577122636,0.0,0.0,0.0,15044.801434837791,0.0,896.5916350381423,110298.48299751032,152.30300985630902,7.671510993616127,0.0,0.0002827519458737374,0.0,0.0,0.0,0.0,1.2186120823477178e-05,0.0,0.0,0.0,0.0,0.0,0.0003699348298163016,0.1475174934543506,0.0,0.00016286466806218,0.0,0.0,0.0,0.0,1.4934174657692312e-05,0.0,0.0,0.0,0.0,0.0,0.00021399625733265555,0.08402962578985988
2026-09-22 09:16:58.819000006,0.0,544.5609355765282,0.0,0.0,0.0,0.0,98.28263624306777,0.0,0.0,0.0,0.0,0.0,1092.194731512137,307665.66782929836,0.009096415997389366,0.0207563142787168,0.00482462622518477,0.0037727056189231028,0.0033072716060259006,0.003166879191513868,6.617213041734611e-05,0.00020769198135567985,0.00017144996430047723,0.03684715526458449,0.0034301792781713768,0.01501084289476485,247153.0810928407,305669.1289179511,301570.9952374695,278501.901026404,221899.50711506983,273762.91590035113,39624.68104063942,58824.15350761506,53745.47367629928,1662375.2848714995,166073.43077185383,1016486.7519395977,207885.4221432586,173722.03677791616,204806.49625477503,181784.89097275448,128921.9461304128,170565.84369020417,0.0,11192.90822264728,29264.289203712757,942718.2856329256,81901.87222711953,788021.5799140139,646.0450697075727,4314.288992829043,163.33440577122636,0.0,0.0,0.0,14383.815316875809,0.0,896.5916350381423,100924.5463059341,152.30300985630902,7.097286189055347,0.0,0.00028354414284343434,0.0,0.0,0.0,0.0,1.2309167466421347e-05,0.0,0.0,0.0,0.0,0.0,0.000370802040990544,0.14792173913385398,0.0,0.0001642054386227402,0.0,0.0,0.0,0.0,1.552054998523072e-05,0.0,0.0,0.0,0.0,0.0,0.00021630065634279923,0.08437376273942311
2026-09-22 09:17:13.819000006,0.0,544.5609355765282,0.0,0.0,0.0,0.0,100.03412002919384,0.0,0.0,0.0,0.0,0.0,1089.4438345366411,307665.66782929836,0.009096415997389366,0.0207563142787168,0.00482462622518477,0.003625439650138615,0.0031543069792012825,0.003166879191513868,6.530696830569732e-05,0.00020769198135567985,0.00017144996430047723,0.03684715526458449,0.00322526943155948,0.014848534822144743,247153.0810928407,305669.1289179511,301570.9952374695,259974.11109922617,203883.86799928427,273762.91590035113,39106.611386446406,58824.15350761506,53745.47367629928,1662375.2848714995,171919.20708215964,1003003.2881343134,207885.4221432586,173722.03677791616,204806.49625477503,169691.35674743942,118454.9951858763,170565.84369020417,0.0,11192.90822264728,29264.289203712757,942718.2856329256,84435.95590569438,763670.573855659,646.0450697075727,4314.288992829043,163.33440577122636,0.0,0.0,0.0,14195.755298940338,0.0,896.5916350381423,100924.5463059341,142.90231307797512,7.097286189055347,0.0,0.0002844682925668539,0.0,0.0,0.0,0.0,1.3001487258172903e-05,0.0,0.0,0.0,0.0,0.0,0.00037118977231110565,0.1481279561675567,0.0,0.0001642054386227402,0.0,0.0,0.0,0.0,1.5691229556170103e-05,0.0,0.0,0.0,0.0,0.0,0.00021638634596656057,0.08437376273942311
2026-09-22 09:17:28.819000006,0.0,551.5983593243753,0.0,0.0,0.0,0.0,95.12839893316563,0.0,0.0,0.0,0.0,0.0,1087.7651246506848,306433.98366505315,0.009096415997389366,0.01883709438318997,0.00482462622518477,0.003625439650138615,0.0031543069792012825,0.003166879191513868,6.824623828019904e-05,0.00020769198135567985,0.0001855706798729409,0.03684715526458449,0.003226142826464325,0.014690446485500882,247153.0810928407,311963.86850562895,301570.9952374695,259974.11109922617,203883.86799928427,273762.91590035113,37636.92936038691,58824.15350761506,49275.23557381429,1662375.2848714995,163142.90520589132,998909.6580543553,207885.4221432586,175107.46297070055,204806.49625477503,169691.35674743942,118454.9951858763,170565.84369020417,0.0,11192.90822264728,26749.815585613364,942718.2856329256,80125.5856404016,759994.9544467282,646.0450697075727,3104.9253215964677,163.33440577122636,0.0,0.0,0.0,13793.731501859304,0.0,963.7671887518819,100924.5463059341,135.6072943323968,7.097286189055347,0.0,0.0002852608571735955,0.0,0.0,0.0,0.0,1.3198597601143424e-05,0.0,0.0,0.0,0.0,0.0,0.00037205564309762256,0.14853166215156707,0.0,0.00016524509447712497,0.0,0.0,0.0,0.0,1.5576461588051793e-05,0.0,0.0,0.0,0.0,0.0,0.00021812918573448678,0.08471096605428591
2026-09-22 09:17:43.819000006,0.0,551.5983593243753,0.0,0.0,0.0,0.0,96.66848635956721,0.0,0.0,0.0,0.0,0.0,1084.9976273255033,306433.98366505315,0.007726714986259389,0.01981114615456721,0.004602780900088045,0.003625439650138615,0.00312986086866571,0.003166879191513868,6.824623828019904e-05,0.00020769198135567985,0.0001855706798729409,0.03684715526458449,0.003226142826464325,0.014337287683474252,207375.63253113368,328095.2820103982,306474.83869003365,259974.11109922617,218718.29968652964,273762.91590035113,37636.92936038691,58824.15350761506,49275.23557381429,1662375.2848714995,163142.90520589132,1020421.2721746087,176600.5373603586,184162.13621373504,191131.49310145632,169691.35674743942,126123.83279856805,170565.84369020417,0.0,11192.90822264728,26749.815585613364,942718.2856329256,80125.5856404016,776378.2124776324,626.1537137178277,3265.4786398510064,152.42850896222865,0.0,0.0,0.0,13793.731501859304,0.0,963.7671887518819,100924.5463059341,135.6072943323968,7.738961210724206,0.0,0.00028605342178033704,0.0,0.0,0.0,0.0,1.3395707944113947e-05,0.0,0.0,0.0,0.0,0.0,0.00037292151388413947,0.14893536813557745,0.0,0.00016524509447712497,0.0,0.0,0.0,0.0,1.573322947439182e-05,0.0,0.0,0.0,0.0,0.0,0.00021821558776743808,0.08471096605428591
2026-09-22 09:17:58.819000006,0.0,548.7428628583104,0.0,0.0,0.0,0.0,90.65936010406173,0.0,0.0,0.0,0.0,0.0,1070.0339775141301,305086.64419483976,0.008127694485851666,0.01981114615456721,0.004525924019457596,0.003569075837032949,0.00312986086866571,0.003166879191513868,6.636210025084288e-05,0.0002243193839788208,0.00019408854529002603,0.03684715526458449,0.003226142826464325,0.014185073004299588,218137.43460456844,328095.2820103982,282226.7047933622,276892.59687220777,218718.29968652964,273762.91590035113,39767.24578647433,68431.59474399513,52706.662794487194,1662375.2848714995,163142.90520589132,1008816.8812442705,185765.25939610245,184162.13621373504,169595.23440345304,180551.96972319554,126123.83279856805,170565.84369020417,0.0,15059.26561682419,19361.475113620767,942718.2856329256,80125.5856404016,755056.9235678458,658.6480924079842,3265.4786398510064,162.46876363492126,0.0,0.0,0.0,14387.336890228516,0.0,164.46926706552608,100924.5463059341,135.6072943323968,7.738961210724206,0.0,0.0002868459863870786,0.0,0.0,0.0,0.0,1.3592818287084467e-05,0.0,0.0,0.0,0.0,0.0,0.0003737873846706562,0.1493390741195878,0.0,0.00016621726421192336,0.0,0.0,0.0,0.0,1.5543840248128725e-05,0.0,0.0,0.0,0.0,0.0,0.00021986983795314337,0.08504118314867516
2026-09-22 09:18:13.819000006,0.0,548.7428628583104,0.0,0.0,0.0,0.0,91.72235932692439,0.0,0.0,0.0,0.0,0.0,1067.3030092139513,305086.64419483976,0.008127694485851666,0.01981114615456721,0.004525924019457596,0.003569075837032949,0.00312986086866571,0.003037158584217031,6.636210025084288e-05,0.0002243193839788208,0.00019408854529002603,0.03579573733151445,0.003226142826464325,0.014011640400571556,218137.43460456844,328095.2820103982,282226.7047933622,276892.59687220777,218718.29968652964,275072.9605528204,39767.24578647433,68431.59474399513,52706.662794487194,1600507.0147553908,163142.90520589132,1001151.5195592087,185765.25939610245,184162.13621373504,169595.23440345304,180551.96972319554,126123.83279856805,170249.46568429965,0.0,15059.26561682419,19361.475113620767,890435.4683900382,80125.5856404016,749799.484548694,658.6480924079842,3265.4786398510064,162.46876363492126,0.0,0.0,0.0,14387.336890228516,0.0,164.46926706552608,107666.29923397503,135.6072943323968,7.738961210724206,0.0,0.0002881040394287037,0.0,0.0,0.0,0.0,1.3002136958583335e-05,0.0,0.0,0.0,0.0,0.0,0.00037406291908540797,0.14955728288467615,0.0,0.00016621726421192336,0.0,0.0,0.0,0.0,1.566698799058709e-05,0.0,0.0,0.0,0.0,0.0,0.00021995695840940592,0.08504118314867516
2026-09-22 09:18:28.819000006,0.0,547.0849518546889,0.0,0.0,0.0,0.0,90.80327208133654,0.0,0.0,0.0,0.0,0.0,1056.1503012820917,303666.96369952953,0.008127694485851666,0.01981114615456721,0.004525924019457596,0.0034278391680868706,0.00312986086866571,0.003037158584217031,6.636210025084286e-05,0.0002243193839788208,0.00019408854529002603,0.03417308051395806,0.003226142826464325,0.013884460437237222,218137.43460456844,328095.2820103982,282226.7047933622,256700.4999978318,218718.29968652964,275072.9605528204,39767.24578647431,68431.59474399513,52706.662794487194,1527954.4201548821,163142.90520589132,976078.5850691528,185765.25939610245,184162.13621373504,169595.23440345304,167395.2983725136,126123.83279856805,170249.46568429965,0.0,15059.26561682419,19361.475113620767,850071.1319888697,80125.5856404016,728106.018112188,658.6480924079842,3265.4786398510064,162.46876363492126,0.0,0.0,0.0,14387.336890228513,0.0,164.46926706552608,102785.67747571708,135.6072943323968,7.738961210724206,0.0,0.0002888978866509259,0.0,0.0,0.0,0.0,1.3157360559010686e-05,0.0,0.0,0.0,0.0,0.0,0.0003749271589002228,0.14996048876044102,0.0,0.00016679881273405932,0.0,0.0,0.0,0.0,1.553913518758612e-05,0.0,0.0,0.0,0.0,0.0,0.00022130938418922578,0.08535515211814046
2026-09-22 09:18:43.819000006,0.0,547.0849518546889,0.0,0.0,0.0,0.0,91.94826609221316,0.0,0.0,0.0,0.0,0.0,1053.4277990453304,303666.96369952953,0.008127694485851666,0.018757238954898604,0.004383462317268013,0.0034278391680868706,0.00312986086866571,0.002964919663385747,6.636210025084286e-05,0.00022433263744038877,0.00018600035483753131,0.03372563379731413,0.003195015473766791,0.013487457152901014,218137.43460456844,310641.371106392,267482.5218082243,256700.4999978318,218718.29968652964,284935.10825228895,39767.24578647431,57706.01176056008,49088.36324231054,1507948.0824704398,139918.22920426817,949593.111152732,185765.25939610245,174365.13609331235,160735.18279606642,167395.2983725136,126123.83279856805,173985.77836399685,0.0,9979.461803942208,18032.31456695036,838940.6886339943,62785.18561300663,707555.1540634708,658.6480924079842,3091.7627214456684,153.98101552420906,0.0,0.0,0.0,14387.336890228513,0.0,153.17849197527963,101439.8487352924,145.8836892540345,7.085463210427532,0.0,0.00028969173387314814,0.0,0.0,0.0,0.0,1.3312584159438035e-05,0.0,0.0,0.0,0.0,0.0,0.0003757913987150376,0.15036369463620594,0.0,0.00016679881273405932,0.0,0.0,0.0,0.0,1.5653773710127685e-05,0.0,0.0,0.0,0.0,0.0,0.00022139722861791916,0.08535515211814046
2026-09-22 09:18:58.819000006,0.0,548.8214716814674,0.0,0.0,0.0,0.0,98.82460899528584,0.0,0.0,0.0,0.0,0.0,1043.2849597655047,302369.6030994285,0.007685137980114744,0.017855194237709815,0.004383462317268013,0.0034278391680868706,0.0029911911155514176,0.002964919663385747,6.31214113076222e-05,0.00022433263744038877,0.00018600035483753131,0.03431341461407813,0.0030720624260836093,0.013320492965866876,222031.8573951469,295465.7945018489,267482.5218082243,256700.4999978318,200160.6287206248,284935.10825228895,37825.27479346119,57706.01176056008,49088.36324231054,1607268.10260532,129155.20242539051,947370.3384056716,185849.4889194851,165835.21916807277,160735.18279606642,167395.2983725136,115422.55817550655,173985.77836399685,0.0,9979.461803942208,18032.31456695036,904377.4332040822,57955.517328089685,700824.6834559854,613.6789272604689,2957.975627245033,153.98101552420906,0.0,0.0,0.0,13684.753888691244,0.0,153.17849197527963,96862.36000550841,134.66177726320763,7.085463210427532,0.0,0.0002904855810953704,0.0,0.0,0.0,0.0,1.3467807759865389e-05,0.0,0.0,0.0,0.0,0.0,0.00037665563852985246,0.15076690051197084,0.0,0.00016824292870171385,0.0,0.0,0.0,0.0,1.616175179929651e-05,0.0,0.0,0.0,0.0,0.0,0.00022357410089649958,0.08568342933713634
2026-09-22 09:19:13.819000006,0.0,548.8214716814674,0.0,0.0,0.0,0.0,100.6732638559587,0.0,0.0,0.0,0.0,0.0,1040.6025899249144,302369.6030994285,0.007685137980114744,0.017855194237709815,0.004142802057729736,0.003145977430239166,0.0029440907544000115,0.002964919663385747,7.084312989736232e-05,0.00022433263744038877,0.00018600035483753131,0.03431341461407813,0.0030720624260836093,0.013020840914895953,222031.8573951469,295465.7945018489,244069.8166135178,230016.94430975567,213544.35939955644,284935.10825228895,39100.27767354596,57706.01176056008,49088.36324231054,1607268.10260532,129155.20242539051,930452.4769698128,185849.4889194851,165835.21916807277,140637.77926005793,146079.3093902682,123059.58668726041,173985.77836399685,0.0,9979.461803942208,18032.31456695036,904377.4332040822,57955.517328089685,690383.4971949192,613.6789272604689,2957.975627245033,0.0,0.0,0.0,0.0,14696.959717470478,0.0,153.17849197527963,96862.36000550841,134.66177726320763,7.085463210427532,0.0,0.0002915139062393773,0.0,0.0,0.0,0.0,1.4171040150739833e-05,0.0,0.0,0.0,0.0,0.0,0.00037673889891271705,0.150976631742317,0.0,0.00016824292870171385,0.0,0.0,0.0,0.0,1.628809289278259e-05,0.0,0.0,0.0,0.0,0.0,0.00022366267510951627,0.08568342933713634
2026-09-22 09:19:28.819000006,0.0,553.000776224948,0.0,0.0,0.0,0.0,108.7592233428622,0.0,0.0,0.0,0.0,0.0,1040.2081360377822,300998.5450056593,0.007685137980114744,0.016339165415328406,0.004142802057729736,0.003317269981891948,0.0029440907544000115,0.0028888981119393085,7.084312989736232e-05,0.00021400577268094494,0.00019360274023535535,0.03431341461407813,0.0030720624260836093,0.012805482065690467,222031.8573951469,320511.30526952795,244069.8166135178,242540.9341310045,213544.35939955644,266329.87651902373,39100.27767354596,55049.589645358355,52464.984848766515,1607268.10260532,129155.20242539051,910110.7351395204,185849.4889194851,177743.23102742547,140637.77926005793,154033.05292594037,123059.58668726041,162625.1364809737,0.0,9520.070100634073,19272.69617594021,904377.4332040822,57955.517328089685,673841.5082147388,613.6789272604689,2713.490209491879,0.0,0.0,0.0,0.0,14696.959717470478,0.0,163.71511962967782,96862.36000550841,134.66177726320763,7.698929743506847,0.0,0.0002923083925031136,0.0,0.0,0.0,0.0,1.4339719957384718e-05,0.0,0.0,0.0,0.0,0.0,0.0003776010060555742,0.15137932158313389,0.0,0.0001691803822592612,0.0,0.0,0.0,0.0,1.676328128546307e-05,0.0,0.0,0.0,0.0,0.0,0.00022570064804910785,0.08601311443757186
2026-09-22 09:19:43.819000006,0.0,553.000776224948,0.0,0.0,0.0,0.0,109.98394332400908,0.0,0.0,0.0,0.0,0.0,1037.504586087714,300998.5450056593,0.007339339766322308,0.016339165415328406,0.003981559121583886,0.003317269981891948,0.0029440907544000115,0.0028092322216090723,7.084312989736232e-05,0.00022094434790132967,0.00019360274023535535,0.03348116735023322,0.0030720624260836093,0.012673139027504944,225326.81557764646,320511.30526952795,229520.1843580891,242540.9341310045,213544.35939955644,286442.9718747292,39100.27767354596,70470.46862268627,52464.984848766515,1540014.3483279995,129155.20242539051,891046.5991234384,186399.36814770199,177743.23102742547,132256.9808785192,154033.05292594037,123059.58668726041,174432.4496394839,0.0,9776.079259894868,19272.69617594021,848408.5406714282,57955.517328089685,658957.9946408364,593.0353319405606,2713.490209491879,0.0,0.0,0.0,0.0,14696.959717470478,0.0,163.71511962967782,104924.70506527513,134.66177726320763,7.698929743506847,0.0,0.0002931028787668498,0.0,0.0,0.0,0.0,1.4508399764029596e-05,0.0,0.0,0.0,0.0,0.0,0.0003784631131984313,0.15178201142395079,0.0,0.0001691803822592612,0.0,0.0,0.0,0.0,1.689871418107282e-05,0.0,0.0,0.0,0.0,0.0,0.00022578995830393046,0.08601311443757186
2026-09-22 09:19:58.819000006,0.0,554.9412831786158,0.0,0.0,0.0,0.0,115.86933935757465,0.0,0.0,0.0,0.0,0.0,1024.5738461401622,299616.8519029858,0.007339339766322308,0.016339165415328406,0.003981559121583886,0.0031639957350241416,0.0029440907544000115,0.0028092322216090723,7.084312989736232e-05,0.00022094434790132967,0.00019360274023535535,0.03348116735023322,0.0030720624260836093,0.012319630801445299,225326.81557764646,320511.30526952795,229520.1843580891,231334.34581697718,213544.35939955644,286442.9718747292,39100.27767354596,70470.46862268627,52464.984848766515,1540014.3483279995,129155.20242539051,873626.114813792,186399.36814770199,177743.23102742547,132256.9808785192,146915.96558941092,123059.58668726041,174432.4496394839,0.0,9776.079259894868,19272.69617594021,848408.5406714282,57955.517328089685,646010.1453082234,593.0353319405606,2713.490209491879,0.0,0.0,0.0,0.0,14696.959717470478,0.0,163.71511962967782,104924.70506527513,134.66177726320763,7.1602195264570625,0.0,0.00029389736503058605,0.0,0.0,0.0,0.0,1.4568355795905957e-05,0.0,0.0,0.0,0.0,0.0,0.0003793252203412884,0.15218470126476769,0.0,0.0001703831103315817,0.0,0.0,0.0,0.0,1.736284987807899e-05,0.0,0.0,0.0,0.0,0.0,0.00022776678438058952,0.0863380020485584
2026-09-22 09:20:13.819000006,0.0,554.9412831786158,0.0,0.0,0.0,0.0,117.1960071979938,0.0,0.0,0.0,0.0,0.0,1021.91860298567,299616.8519029858,0.007339339766322308,0.016339165415328406,0.003981559121583886,0.003148720854390029,0.0028376996179258237,0.0028092322216090723,7.084312989736232e-05,0.00022094434790132967,0.00019360274023535535,0.03348116735023322,0.002753988938067504,0.012186895695807401,225326.81557764646,320511.30526952795,229520.1843580891,219680.52068933897,199742.79357439894,286442.9718747292,39100.27767354596,70470.46862268627,52464.984848766515,1540014.3483279995,127037.59079935058,858557.8505078272,186399.36814770199,177743.23102742547,132256.9808785192,139514.8468087536,115106.13387372556,174432.4496394839,0.0,9776.079259894868,19272.69617594021,848408.5406714282,56866.87083979174,634013.0270955492,593.0353319405606,2713.490209491879,0.0,0.0,0.0,0.0,14696.959717470478,0.0,163.71511962967782,104924.70506527513,132.7156692993752,7.1602195264570625,0.0,0.00029508164278907,0.0,0.0,0.0,0.0,1.5172744346895364e-05,0.0,0.0,0.0,0.0,0.0,0.000379930037060628,0.15240644813088344,0.0,0.0001703831103315817,0.0,0.0,0.0,0.0,1.7505991653818535e-05,0.0,0.0,0.0,0.0,0.0,0.00022785683668745372,0.0863380020485584
2026-09-22 09:20:28.819000006,0.0,557.07353936849,0.0,0.0,0.0,0.0,116.39900898230688,0.0,0.0,0.0,0.0,0.0,1016.1455606969869,298225.8953912228,0.006904613888531893,0.016339165415328406,0.0038903335315303247,0.003148720854390029,0.0027300972589178302,0.0028092322216090723,6.924913730369263e-05,0.00022094434790132967,0.0001893530192210711,0.032500388563290045,0.0028975213822472297,0.012065697603555041,226700.4309643148,320511.30526952795,239279.60938957473,219680.52068933897,215044.3179717249,286442.9718747292,41584.02967205803,70470.46862268627,49266.59378522086,1415626.0550351148,133658.53820334762,850231.364877046,184773.59036970398,177743.23102742547,135131.4156319528,139514.8468087536,123742.06486902972,174432.4496394839,0.0,9776.079259894868,17543.96748088554,780307.0089679062,59830.659419936,632588.9972435106,547.4669065672792,2713.490209491879,0.0,0.0,0.0,0.0,15630.549073921924,0.0,1670.5239679547278,96383.20082350932,139.63254689905588,7.1602195264570625,0.0,0.00029587717992675123,0.0,0.0,0.0,0.0,1.5333146407334925e-05,0.0,0.0,0.0,0.0,0.0,0.0003807914464809179,0.15280866045803038,0.0,0.00017097351384518826,0.0,0.0,0.0,0.0,1.7370029901265198e-05,0.0,0.0,0.0,0.0,0.0,0.00022924868310928077,0.08666013610706866
2026-09-22 09:20:43.819000006,0.0,557.07353936849,0.0,0.0,0.0,0.0,118.18510732430799,0.0,0.0,0.0,0.0,0.0,1013.4287839308397,298225.8953912228,0.006904613888531893,0.014844640121597141,0.0037534087684140695,0.003148720854390029,0.0027300972589178302,0.002745566617957239,6.924913730369263e-05,0.00022094434790132967,0.00019969966665704637,0.032500388563290045,0.0028975213822472297,0.011632801223800827,226700.4309643148,290930.886833459,226662.53915247836,219680.52068933897,215044.3179717249,267737.2964733124,41584.02967205803,70470.46862268627,52512.915235648936,1415626.0550351148,133658.53820334762,809715.3387267048,184773.59036970398,161339.06973411716,128006.01716354115,139514.8468087536,123742.06486902972,163041.4325687033,0.0,9776.079259894868,18699.991341741465,780307.0089679062,59830.659419936,596877.8714028583,547.4669065672792,2463.058557006336,0.0,0.0,0.0,0.0,15630.549073921924,0.0,1780.5997287078992,96383.20082350932,139.63254689905588,7.1602195264570625,0.0,0.0002966727170644324,0.0,0.0,0.0,0.0,1.5493548467774485e-05,0.0,0.0,0.0,0.0,0.0,0.0003816528559012078,0.1532108727851773,0.0,0.00017097351384518826,0.0,0.0,0.0,0.0,1.7526777474383208e-05,0.0,0.0,0.0,0.0,0.0,0.0002293394837304314,0.08666013610706866
2026-09-22 09:20:58.819000006,0.0,558.5262911323905,0.0,0.0,0.0,0.0,114.03541948292563,0.0,0.0,0.0,0.0,0.0,1003.1645280760852,296862.1111385628,0.006515136622598479,0.014844640121597141,0.0037534087684140695,0.0029682828711486016,0.0027300972589178302,0.002745566617957239,6.818731995862795e-05,0.00022094434790132967,0.00019969966665704637,0.032500388563290045,0.0028975213822472297,0.011413141540931157,235458.55879358077,290930.886833459,226662.53915247836,224934.70231141924,215044.3179717249,267737.2964733124,57245.33495174678,70470.46862268627,52512.915235648936,1415626.0550351148,133658.53820334762,819552.6781003244,189706.5468326166,161339.06973411716,128006.01716354115,141330.0977941059,123742.06486902972,163041.4325687033,9659.931445374274,9776.079259894868,18699.991341741465,780307.0089679062,59830.659419936,599636.9907966035,597.4647468533743,2463.058557006336,0.0,0.0,0.0,0.0,14229.05451033021,0.0,1780.5997287078992,96383.20082350932,139.63254689905588,7.888133327941053,0.0,0.0002974682542021135,0.0,0.0,0.0,0.0,1.5653950528214045e-05,0.0,0.0,0.0,0.0,0.0,0.00038251426532149766,0.15361308511232424,0.0,0.00017246639867192476,0.0,0.0,0.0,0.0,1.734868693742729e-05,0.0,0.0,0.0,0.0,0.0,0.00023160703816617762,0.08696907705822936
2026-09-22 09:21:13.819000006,0.0,558.5262911323905,0.0,0.0,0.0,0.0,115.3998714912861,0.0,0.0,0.0,0.0,0.0,1000.4920652625307,296862.1111385628,0.006515136622598479,0.014012523355579362,0.0037534087684140695,0.0030984584455451152,0.0027300972589178302,0.002511644138055561,6.818731995862795e-05,0.0001840568026446964,0.00019969966665704637,0.031529751522938854,0.0028975213822472297,0.011357767720564797,235458.55879358077,272522.17531506554,226662.53915247836,234799.3295542289,215044.3179717249,244212.84731974578,57245.33495174678,59611.847722660525,52512.915235648936,1319936.653139704,133658.53820334762,834500.7944337013,189706.5468326166,146566.01187045316,128006.01716354115,147528.20203770316,123742.06486902972,144991.88897841543,9659.931445374274,5059.79830902834,18699.991341741465,707757.3281320775,59830.659419936,609489.9592186824,597.4647468533743,2638.631113342943,0.0,0.0,0.0,0.0,14229.05451033021,0.0,1780.5997287078992,103343.73954279482,139.63254689905588,7.888133327941053,0.0,0.0002984796580870968,0.0,0.0,0.0,0.0,1.5165633701882962e-05,0.0,0.0,0.0,0.0,0.0,0.0003825772819771025,0.1538235946262223,0.0,0.00017246639867192476,0.0,0.0,0.0,0.0,1.7481173444138396e-05,0.0,0.0,0.0,0.0,0.0,0.00023169859436694145,0.08696907705822936
2026-09-22 09:21:28.819000006,0.0,562.6798430460692,0.0,0.0,0.0,0.0,123.5528681950225,0.0,0.0,0.0,0.0,0.0,1000.3149681447726,295468.5204783847,0.006515136622598479,0.014012523355579362,0.0037534087684140695,0.0030984584455451152,0.0027300972589178302,0.002653616879526054,6.200064097431475e-05,0.00018302372569894732,0.00019969966665704637,0.031529751522938854,0.002814946857455982,0.011208059251083962,235458.55879358077,272522.17531506554,226662.53915247836,234799.3295542289,215044.3179717249,258017.1784791516,40805.25627417772,59277.25739678886,52512.915235648936,1319936.653139704,124988.396177321,813118.2558327757,189706.5468326166,146566.01187045316,128006.01716354115,147528.20203770316,123742.06486902972,153187.67422416573,10080.739797676964,5031.398592701159,18699.991341741465,707757.3281320775,55949.57317094185,595953.3495621064,597.4647468533743,2638.631113342943,0.0,0.0,0.0,0.0,8239.241842610205,0.0,1780.5997287078992,103343.73954279482,130.57488377222455,7.888133327941053,0.0,0.0002992757709903226,0.0,0.0,0.0,0.0,1.532385829699435e-05,0.0,0.0,0.0,0.0,0.0,0.0003834365579627656,0.15422530631278147,0.0,0.00017357524583784073,0.0,0.0,0.0,0.0,1.794423358371837e-05,0.0,0.0,0.0,0.0,0.0,0.00023398299411045878,0.0872888205819584
2026-09-22 09:21:43.819000006,0.0,562.6798430460692,0.0,0.0,0.0,0.0,125.02734685695785,0.0,0.0,0.0,0.0,0.0,997.6132183345777,295468.5204783847,0.006515136622598479,0.014012523355579362,0.003578031883847521,0.0029669970108937007,0.0027300972589178302,0.002653616879526054,6.544594263761519e-05,0.00018648477506001394,0.00019969966665704637,0.031529751522938854,0.002814946857455982,0.010957549947206761,235458.55879358077,272522.17531506554,196292.1651955566,224837.26058965424,215044.3179717249,258017.1784791516,43072.7556919832,56290.3227840405,52512.915235648936,1319936.653139704,124988.396177321,795136.4987454062,189706.5468326166,146566.01187045316,100382.29312131496,141268.87359026028,123742.06486902972,153187.67422416573,10640.914483719704,4777.870354940844,18699.991341741465,707757.3281320775,55949.57317094185,581662.9803501387,597.4647468533743,2638.631113342943,0.0,0.0,0.0,0.0,8697.086683866593,0.0,1780.5997287078992,103343.73954279482,130.57488377222455,7.4772243280704345,0.0,0.0003000718838935484,0.0,0.0,0.0,0.0,1.5482082892105735e-05,0.0,0.0,0.0,0.0,0.0,0.0003842958339484287,0.15462701799934062,0.0,0.00017357524583784073,0.0,0.0,0.0,0.0,1.8082918835052827e-05,0.0,0.0,0.0,0.0,0.0,0.0002340753101303862,0.0872888205819584
2026-09-22 09:21:58.819000006,0.0,565.6702331736441,0.0,0.0,0.0,0.0,123.52749297712468,0.0,0.0,0.0,0.0,0.0,983.6043347872761,294126.55081503064,0.006171944427675778,0.014012523355579362,0.003578031883847521,0.0029282662803243866,0.00235278978182133,0.002601850165415674,6.544594263761519e-05,0.00018648477506001394,0.0002070817380554518,0.030850723162677254,0.002724199787009851,0.010692320791427649,217182.63149270852,272522.17531506554,196292.1651955566,221902.26897022637,168792.21024439228,243179.509800434,43072.7556919832,56290.3227840405,37890.50722878036,1227023.4589849957,101083.32489622357,762036.2216437592,174985.25142940917,146566.01187045316,100382.29312131496,139424.77106478898,90718.26535815602,144385.78492405108,10640.914483719704,4777.870354940844,9914.905502280979,658044.8635696067,37933.60557074236,554733.0817420271,551.0456462309304,2638.631113342943,0.0,0.0,0.0,0.0,8697.086683866593,0.0,1894.9184980568723,96028.19819123446,0.0,7.0803190983656155,0.0,0.0003008679967967742,0.0,0.0,0.0,0.0,1.554412888973813e-05,0.0,0.0,0.0,0.0,0.0,0.00038515510993409176,0.15502872968589976,0.0,0.00017519545635109087,0.0,0.0,0.0,0.0,1.7921820155798548e-05,0.0,0.0,0.0,0.0,0.0,0.00023629424651744552,0.08759961393987943
2026-09-22 09:22:13.819000006,0.0,565.6702331736441,0.0,0.0,0.0,0.0,125.47797615055615,0.0,0.0,0.0,0.0,0.0,981.0017756765495,294126.55081503064,0.006171944427675778,0.013013171248004848,0.0034075418279912524,0.0029475247230567707,0.0024782276855115234,0.002601850165415674,6.544594263761519e-05,0.00018648477506001394,0.0002097700485274504,0.030850723162677254,0.002724199787009851,0.010561407208060154,217182.63149270852,253029.9723996638,181792.14903990956,211683.351316568,177791.2891998868,243179.509800434,43072.7556919832,56290.3227840405,52106.869870839655,1227023.4589849957,101083.32489622357,750823.8888446694,174985.25142940917,136082.84865418583,92993.3049023759,133004.0604474387,95554.8678973462,144385.78492405108,10640.914483719704,4777.870354940844,17631.134030471938,658044.8635696067,37933.60557074236,546496.1633903743,551.0456462309304,2449.902496962602,0.0,0.0,0.0,0.0,8697.086683866593,0.0,1715.4232141072819,96028.19819123446,0.0,7.0803190983656155,0.0,0.00030240705241802606,0.0,0.0,0.0,0.0,1.614112610478448e-05,0.0,0.0,0.0,0.0,0.0,0.00038611683984239906,0.15525574971278816,0.0,0.00017519545635109087,0.0,0.0,0.0,0.0,1.8071811299255363e-05,0.0,0.0,0.0,0.0,0.0,0.00023638732977949428,0.08759961393987943
2026-09-22 09:22:28.819000006,0.0,563.8298745396542,0.0,0.0,0.0,0.0,121.98983199045179,0.0,0.0,0.0,0.0,0.0,973.8968372377573,292798.0303854084,0.006171944427675778,0.01194072890975007,0.0034075418279912524,0.0029475247230567707,0.0024782276855115234,0.002601850165415674,6.518703788064621e-05,0.00018648477506001394,0.0002097700485274504,0.029544594460785174,0.0026736216079105233,0.010256334780047064,217182.63149270852,230029.22737594668,181792.14903990956,211683.351316568,177791.2891998868,243179.509800434,40074.40165399307,56290.3227840405,52106.869870839655,1146988.773136251,94968.55290519017,708196.2164385226,174985.25142940917,120531.23562625179,92993.3049023759,133004.0604474387,95554.8678973462,144385.78492405108,9900.185723797176,4777.870354940844,17631.134030471938,592180.112655283,35638.91107883661,516484.37232627533,551.0456462309304,107.55094871265544,0.0,0.0,0.0,0.0,8091.670462907805,0.0,1715.4232141072819,52629.04763566304,0.0,7.0803190983656155,0.0,0.00030320512599958633,0.0,0.0,0.0,0.0,1.630535785497582e-05,0.0,0.0,0.0,0.0,0.0,0.00038697638239559054,0.15565700991251483,0.0,0.0001759358664459594,0.0,0.0,0.0,0.0,1.7974660410327127e-05,0.0,0.0,0.0,0.0,0.0,0.00023824906481875513,0.08791992455210397
2026-09-22 09:22:43.819000006,0.0,563.8298745396542,0.0,0.0,0.0,0.0,123.06554404163322,0.0,0.0,0.0,0.0,0.0,969.929617496398,292798.0303854084,0.0057976896657027715,0.01194072890975007,0.0034075418279912524,0.002843513983545272,0.0024782276855115234,0.002601850165415674,6.518703788064621e-05,0.00018648477506001394,0.0002097700485274504,0.029544594460785174,0.0026736216079105233,0.010021851030455187,192177.3468102834,230029.22737594668,181792.14903990956,190034.11345883715,177791.2891998868,243179.509800434,40074.40165399307,56290.3227840405,52106.869870839655,1146988.773136251,94968.55290519017,703231.548677366,152629.24940526235,120531.23562625179,92993.3049023759,113483.92802729075,95554.8678973462,144385.78492405108,9900.185723797176,4777.870354940844,17631.134030471938,592180.112655283,35638.91107883661,530160.0115920979,23.163665016607414,107.55094871265544,0.0,0.0,0.0,0.0,8091.670462907805,0.0,1715.4232141072819,52629.04763566304,0.0,7.544778703683239,0.0,0.00030400319958114665,0.0,0.0,0.0,0.0,1.646958960516716e-05,0.0,0.0,0.0,0.0,0.0,0.000387835924948782,0.1560582701122415,0.0,0.0001759358664459594,0.0,0.0,0.0,0.0,1.811996606383373e-05,0.0,0.0,0.0,0.0,0.0,0.0002383429218271155,0.08791992455210397
2026-09-22 09:22:58.819000006,0.0,565.0544248101565,0.0,0.0,0.0,0.0,121.23307437415599,0.0,0.0,0.0,0.0,0.0,946.5669435296339,291541.3827740112,0.0057976896657027715,0.01194072890975007,0.0034075418279912524,0.002843513983545272,0.0024186124149789567,0.002601850165415674,6.518703788064621e-05,0.00018648477506001394,0.0002097700485274504,0.029544594460785174,0.0026736216079105233,0.00963715745299437,192177.3468102834,230029.22737594668,181792.14903990956,190034.11345883715,167708.40815647336,243179.509800434,40074.40165399307,56290.3227840405,52106.869870839655,1146988.773136251,94968.55290519017,641470.5575079774,152629.24940526235,120531.23562625179,92993.3049023759,113483.92802729075,90135.77019878109,144385.78492405108,9900.185723797176,4777.870354940844,17631.134030471938,592180.112655283,35638.91107883661,482661.4426872202,23.163665016607414,107.55094871265544,0.0,0.0,0.0,0.0,8091.670462907805,0.0,1715.4232141072819,52629.04763566304,0.0,7.145417800219631,0.0,0.00030480127316270686,0.0,0.0,0.0,0.0,1.66338213553585e-05,0.0,0.0,0.0,0.0,0.0,0.00038869546750197354,0.15645953031196813,0.0,0.00017696393787316306,0.0,0.0,0.0,0.0,1.8013483882475326e-05,0.0,0.0,0.0,0.0,0.0,0.00024058213226165433,0.0882362562645896
2026-09-22 09:23:13.819000006,0.0,565.0544248101565,0.0,0.0,0.0,0.0,121.99308919603322,0.0,0.0,0.0,0.0,0.0,941.1319106975665,291541.3827740112,0.0057976896657027715,0.01194072890975007,0.003247342854817637,0.002843513983545272,0.0024186124149789567,0.0024936637342453426,6.518703788064621e-05,0.00017614336751725594,0.00022516700336700337,0.029544594460785174,0.0026736216079105233,0.009538763131490402,192177.3468102834,230029.22737594668,206755.43623315357,190034.11345883715,167708.40815647336,261732.0115754995,40074.40165399307,58116.99669337821,57678.93025493025,1146988.773136251,94968.55290519017,633394.9942501638,152629.24940526235,120531.23562625179,107791.83180208427,113483.92802729075,90135.77019878109,154681.175551142,9900.185723797176,4933.88689641568,19520.523328523326,592180.112655283,35638.91107883661,476388.7550833965,23.163665016607414,107.55094871265544,0.0,0.0,0.0,0.0,8091.670462907805,0.0,1891.3708513708511,52629.04763566304,0.0,7.145417800219631,0.0,0.0003054613328577193,0.0,0.0,0.0,0.0,1.6212946935999763e-05,0.0,0.0,0.0,0.0,0.0,0.00038910480989310455,0.15668986037663352,0.0,0.00017696393787316306,0.0,0.0,0.0,0.0,1.8080291079512527e-05,0.0,0.0,0.0,0.0,0.0,0.00024067676923236167,0.0882362562645896
2026-09-22 09:23:28.819000006,0.0,571.283782050953,0.0,0.0,0.0,0.0,129.05423478808703,0.0,0.0,0.0,0.0,0.0,936.8139583336737,290091.3414340157,0.0057976896657027715,0.01194072890975007,0.003247342854817637,0.002843513983545272,0.0024186124149789567,0.0023711289946941115,6.542403936203421e-05,0.00019164404923088937,0.00022516700336700337,0.028806076195412724,0.0026736216079105233,0.009212241686413847,192177.3468102834,230029.22737594668,206755.43623315357,190034.11345883715,167708.40815647336,248870.90948294752,40568.26631097994,55327.089297621256,57678.93025493025,1051701.2103148894,94968.55290519017,636444.9630618555,152629.24940526235,120531.23562625179,107791.83180208427,113483.92802729075,90135.77019878109,147080.38427389567,10022.192581661322,4697.035573647537,19520.523328523326,543504.2218478684,35638.91107883661,471293.4585398205,23.163665016607414,107.55094871265544,0.0,0.0,0.0,0.0,8191.3897323835745,0.0,1891.3708513708511,96420.80601269925,0.0,7.145417800219631,0.0,0.00030625904601561403,0.0,0.0,0.0,0.0,1.6364955083743173e-05,0.0,0.0,0.0,0.0,0.0,0.0003899631730509992,0.1570906833221481,0.0,0.00017829719641774449,0.0,0.0,0.0,0.0,1.8442506289937844e-05,0.0,0.0,0.0,0.0,0.0,0.00024321370874095776,0.08855221167589576
2026-09-22 09:23:43.819000006,0.0,571.283782050953,0.0,0.0,0.0,0.0,129.88160678831142,0.0,0.0,0.0,0.0,0.0,931.3034036699676,290091.3414340157,0.0054525900372069495,0.009768100529049759,0.003247342854817637,0.002714632441347232,0.0024186124149789567,0.0024382302763073854,6.542403936203421e-05,0.00019164404923088937,0.00022516700336700337,0.028806076195412724,0.002574757438791923,0.009066388722962913,175379.39564078348,238575.64630245036,206755.43623315357,181420.8659930111,167708.40815647336,238047.9290308956,40568.26631097994,55327.089297621256,57678.93025493025,1051701.2103148894,100363.37642223151,621078.2728242989,139291.04160538613,122207.2761008258,107791.83180208427,108340.29808789688,90135.77019878109,140707.59155261563,10022.192581661322,4697.035573647537,19520.523328523326,543504.2218478684,37663.43003514625,460131.00579039444,21.137263199178452,110.31671064617713,0.0,0.0,0.0,0.0,8191.3897323835745,0.0,1891.3708513708511,96420.80601269925,0.0,7.145417800219631,0.0,0.0003070567591735088,0.0,0.0,0.0,0.0,1.6516963231486583e-05,0.0,0.0,0.0,0.0,0.0,0.00039082153620889393,0.15749150626766265,0.0,0.00017829719641774449,0.0,0.0,0.0,0.0,1.856761401480801e-05,0.0,0.0,0.0,0.0,0.0,0.00024330913284754474,0.08855221167589576
2026-09-22 09:23:58.819000006,0.0,577.7881500896322,0.0,0.0,0.0,0.0,125.19403280591897,0.0,0.0,0.0,0.0,0.0,913.40730136665,288613.8902922855,0.0054525900372069495,0.009324889425968578,0.003247342854817637,0.0026790885165529164,0.002340454625719205,0.0024382302763073854,6.542403936203421e-05,0.00019164404923088937,0.00021421533735107036,0.028806076195412724,0.0025192042959916706,0.008800651454934381,175379.39564078348,256721.0527087887,206755.43623315357,179045.43957477566,175742.18991421044,238047.9290308956,40568.26631097994,55327.089297621256,70657.05643637615,1051701.2103148894,93709.4904289213,608071.5186770277,139291.04160538613,116487.56729795941,107791.83180208427,106921.74898755577,93423.78268611032,140707.59155261563,10022.192581661322,4697.035573647537,26545.888498129094,543504.2218478684,35166.421878340494,452763.06775385083,21.137263199178452,105.15352003168687,0.0,0.0,0.0,0.0,8191.3897323835745,0.0,1727.732403946029,96420.80601269925,0.0,7.673084632474982,0.0,0.0003078544723314036,0.0,0.0,0.0,0.0,1.6668971379229996e-05,0.0,0.0,0.0,0.0,0.0,0.00039167989936678875,0.1578923292131772,0.0,0.00017965058337304857,0.0,0.0,0.0,0.0,1.8558895313133284e-05,0.0,0.0,0.0,0.0,0.0,0.00024528010120046496,0.08885557858508324
2026-09-22 09:24:13.819000006,0.0,577.7881500896322,0.0,0.0,0.0,0.0,126.29736421193161,0.0,0.0,0.0,0.0,0.0,907.9131832654223,288613.8902922855,0.004629244594625913,0.009324889425968578,0.003115217877324912,0.0025605202561573485,0.002340454625719205,0.0024382302763073854,6.542403936203421e-05,0.00019164404923088937,0.00021421533735107036,0.028216141736589484,0.0025192042959916706,0.008555465769605279,145258.32238393356,256721.0527087887,217808.3046232106,174846.56667923759,175742.18991421044,238047.9290308956,40568.26631097994,55327.089297621256,70657.05643637615,1109094.2486159748,93709.4904289213,586552.3890549631,113702.75182866893,116487.56729795941,112758.6918473853,100150.50332163266,93423.78268611032,140707.59155261563,10022.192581661322,4697.035573647537,26545.888498129094,572948.403244006,35166.421878340494,428649.0957283392,22.1649992193383,105.15352003168687,0.0,0.0,0.0,0.0,8191.3897323835745,0.0,1727.732403946029,101727.82506138567,0.0,7.673084632474982,0.0,0.00030932239294322923,0.0,0.0,0.0,0.0,1.7341556573446858e-05,0.0,0.0,0.0,0.0,0.0,0.0003925684129580314,0.158114026390854,0.0,0.00017965058337304857,0.0,0.0,0.0,0.0,1.86808505403836e-05,0.0,0.0,0.0,0.0,0.0,0.0002453763188792763,0.08885557858508324
2026-09-22 09:24:28.819000006,0.0,581.3365065768721,0.0,0.0,0.0,0.0,132.86104515840773,0.0,0.0,0.0,0.0,0.0,881.8451932982867,287411.82221287565,0.004875742172657497,0.009324889425968578,0.003115217877324912,0.0025605202561573485,0.002340454625719205,0.0024382302763073854,6.542403936203421e-05,0.00019594373703789764,0.00021421533735107039,0.028216141736589477,0.0025192042959916706,0.00852119089986487,152993.02378600196,256721.0527087887,217808.3046232106,174846.56667923759,175742.18991421044,238047.9290308956,40568.26631097994,59809.67363798393,70657.05643637617,1109094.2486159746,93709.4904289213,570031.6483855455,119757.18519644349,116487.56729795941,112758.6918473853,100150.50332163266,93423.78268611032,140707.59155261563,10022.192581661322,5088.262210037392,26545.888498129098,572948.4032440059,35166.421878340494,413480.62872494594,23.345238999924007,105.15352003168687,0.0,0.0,0.0,0.0,8191.3897323835745,0.0,1727.7324039460293,101727.82506138564,0.0,7.673084632474982,0.0,0.00031012183825572916,0.0,0.0,0.0,0.0,1.750072904508882e-05,0.0,0.0,0.0,0.0,0.0,0.00039342685045803136,0.15851439577086748,0.0,0.00018069941230446036,0.0,0.0,0.0,0.0,1.915472555061053e-05,0.0,0.0,0.0,0.0,0.0,0.00024707008770850805,0.08916993536028213
2026-09-22 09:24:43.819000006,0.0,581.3365065768721,0.0,0.0,0.0,0.0,134.05933395131734,0.0,0.0,0.0,0.0,0.0,876.3725785063847,287411.82221287565,0.004875742172657497,0.009324889425968578,0.002986993213019501,0.0025605202561573485,0.0022238720299281372,0.0022654980827243125,6.330300275536367e-05,0.00019594373703789764,0.00021421533735107039,0.028216141736589477,0.002393994987146043,0.00828107842153594,152993.02378600196,256721.0527087887,208843.15424110496,174846.56667923759,166988.1297136588,260346.5818606956,42911.27766504273,59809.67363798393,70657.05643637617,1109094.2486159746,100061.77471689112,533267.5862987547,119757.18519644349,116487.56729795941,108117.4609675523,100150.50332163266,88770.16241315995,153452.9379784168,10601.97144066024,5088.262210037392,26545.888498129098,572948.4032440059,36304.33021228906,383096.3644723492,23.345238999924007,105.15352003168687,0.0,0.0,0.0,0.0,8665.25755661067,0.0,1727.7324039460293,101727.82506138564,0.0,6.977330489707756,0.0,0.00031092128356822926,0.0,0.0,0.0,0.0,1.7659901516730775e-05,0.0,0.0,0.0,0.0,0.0,0.0003942852879580314,0.1589147651508809,0.0,0.00018069941230446036,0.0,0.0,0.0,0.0,1.9281951616140333e-05,0.0,0.0,0.0,0.0,0.0,0.0002471671059101576,0.08916993536028213
2026-09-22 09:24:58.819000006,0.0,586.0374222933466,0.0,0.0,0.0,0.0,129.98941327937632,0.0,0.0,0.0,0.0,0.0,865.3799700400212,286105.841078353,0.004682736297741871,0.009324889425968578,0.00294805298955294,0.0025605202561573485,0.002198881893445333,0.0022654980827243125,6.32746569620319e-05,0.00019039193823982103,0.0002027885841882851,0.028216141736589477,0.002393994987146043,0.00802000447460181,162659.70972622614,256721.0527087887,206120.55043331484,174846.56667923759,168856.571910204,260346.5818606956,39557.714959793695,55089.23172612917,59438.21063196531,1109094.2486159746,100061.77471689112,527719.2731870406,125319.3127145321,116487.56729795941,106707.97731945998,100150.50332163266,88682.26086286694,153452.9379784168,9773.41591959083,4686.366359149791,29124.762700866664,572948.4032440059,36304.33021228906,376965.4862468526,21.859926048410983,105.15352003168687,0.0,0.0,0.0,0.0,7988.058317751838,0.0,1895.5777757852202,101727.82506138564,0.0,6.977330489707756,0.0,0.0003117207288807292,0.0,0.0,0.0,0.0,1.7711634566989087e-05,0.0,0.0,0.0,0.0,0.0,0.0003951437254580314,0.15931513453089438,0.0,0.00018189215797631268,0.0,0.0,0.0,0.0,1.9174640106964876e-05,0.0,0.0,0.0,0.0,0.0,0.0002496132690588385,0.08944757754971466
2026-09-22 09:25:13.819000006,0.0,586.0374222933466,0.0,0.0,0.0,0.0,131.0401124223099,0.0,0.0,0.0,0.0,0.0,859.89097912617,286105.841078353,0.004682736297741871,0.009324889425968578,0.002983940564015976,0.0025605202561573485,0.002198881893445333,0.002151500972411101,6.32746569620319e-05,0.00019039193823982103,0.0002027885841882851,0.025192644832950768,0.002393994987146043,0.007690143337633145,162659.70972622614,256721.0527087887,222579.88671510262,174846.56667923759,168856.571910204,247246.25825488084,39557.714959793695,55089.23172612917,59438.21063196531,1158133.9112049423,100061.77471689112,517326.75672478875,125319.3127145321,116487.56729795941,117695.41984020706,100150.50332163266,88682.26086286694,145731.37262728834,9773.41591959083,4686.366359149791,29124.762700866664,597240.1963598259,36304.33021228906,368587.20996000885,21.859926048410983,105.15352003168687,0.0,0.0,0.0,0.0,7988.058317751838,0.0,1895.5777757852202,106449.40614728285,0.0,7.634868384263523,0.0,0.0003129512811753723,0.0,0.0,0.0,0.0,1.728703970219829e-05,0.0,0.0,0.0,0.0,0.0,0.00039581368501188306,0.15956889846118882,0.0,0.00018189215797631268,0.0,0.0,0.0,0.0,1.935806202751287e-05,0.0,0.0,0.0,0.0,0.0,0.0002497110946062491,0.08944757754971466
2026-09-22 09:25:28.819000006,0.0,596.5624422970396,0.0,0.0,0.0,0.0,138.9774185544044,0.0,0.0,0.0,0.0,0.0,850.7636980467385,284777.7251184834,0.004682736297741871,0.009324889425968578,0.0028192711424231388,0.0024864465068312226,0.002198881893445333,0.0022452525282510172,6.32746569620319e-05,0.000190391938239821,0.0002027885841882851,0.02619717990922333,0.002272915033178791,0.007312777842991481,162659.70972622614,256721.0527087887,187047.49252739953,162768.13001982396,168856.571910204,236224.40863416382,39557.714959793695,55089.23172612916,59438.21063196531,1272857.537291669,95000.99758842855,513222.86263598833,125319.3127145321,116487.56729795941,125556.90700582381,93232.08602724048,88682.26086286694,139234.89706702798,9773.41591959083,4686.366359149791,29124.762700866664,675010.6875246601,34468.183246853616,348148.7995613459,21.859926048410983,105.15352003168687,0.0,0.0,0.0,0.0,7988.058317751838,0.0,1895.5777757852202,100773.42032390324,0.0,7.634868384263523,0.0,0.00031375182928533796,0.0,0.0,0.0,0.0,1.7436164961962283e-05,0.0,0.0,0.0,0.0,0.0,0.0003966716369019174,0.15996890033064806,0.0,0.0001843141902410282,0.0,0.0,0.0,0.0,1.978475104065819e-05,0.0,0.0,0.0,0.0,0.0,0.00025253864580714904,0.08965459155563188
2026-09-22 09:25:43.819000006,0.0,596.5624422970396,0.0,0.0,0.0,0.0,139.99627919833327,0.0,0.0,0.0,0.0,0.0,845.3044698277026,284777.7251184834,0.004682736297741871,0.006393845343928296,0.0028192711424231388,0.0023617887791648772,0.002198881893445333,0.0022452525282510172,5.951471755454449e-05,0.000190391938239821,0.00019000219116716173,0.02619717990922333,0.002334000094239807,0.007248757557733981,162659.70972622614,213724.14381347285,187047.49252739953,138190.31107391242,168856.571910204,236224.40863416382,41507.27901426615,55089.23172612916,53604.37955188892,1272857.537291669,90567.59264415478,510649.11110413604,125319.3127145321,88559.60356919793,125556.90700582381,73050.23451469316,88682.26086286694,139234.89706702798,10255.089352588904,4686.366359149791,26266.181595587055,675010.6875246601,32859.6589375747,345248.2894257286,21.859926048410983,105.1865996410258,0.0,0.0,0.0,0.0,8381.74211311634,0.0,1709.527751306005,100773.42032390324,0.0,7.634868384263523,0.0,0.00031455237739530355,0.0,0.0,0.0,0.0,1.7585290221726275e-05,0.0,0.0,0.0,0.0,0.0,0.0003975295887919518,0.16036890220010724,0.0,0.0001843141902410282,0.0,0.0,0.0,0.0,1.9895173227837624e-05,0.0,0.0,0.0,0.0,0.0,0.00025263728591493566,0.08965459155563188
2026-09-22 09:25:58.819000006,0.0,598.3284107763392,0.0,0.0,0.0,0.0,142.86575293126722,0.0,0.0,0.0,0.0,0.0,824.1913816692704,283573.8204883804,0.004682736297741871,0.006393845343928296,0.0028192711424231388,0.0023617887791648772,0.002198881893445333,0.0022452525282510172,6.226814577383482e-05,0.00019474230788040108,0.00019000219116716173,0.02619717990922333,0.002334000094239807,0.007140420707451841,162659.70972622614,213724.14381347285,187047.49252739953,138190.31107391242,168856.571910204,236224.40863416382,43427.59919790971,44732.42537538848,53604.37955188892,1272857.537291669,90567.59264415478,506724.7608509373,125319.3127145321,88559.60356919793,125556.90700582381,73050.23451469316,88682.26086286694,139234.89706702798,10729.537582791518,5086.354452640976,26266.181595587055,675010.6875246601,32859.6589375747,332134.1470853271,21.859926048410983,105.1865996410258,0.0,0.0,0.0,0.0,8769.520568754939,0.0,1709.527751306005,100773.42032390324,0.0,7.119392348738984,0.0,0.00031535292550526924,0.0,0.0,0.0,0.0,1.763860081708055e-05,0.0,0.0,0.0,0.0,0.0,0.00039838754068198615,0.16076890406956643,0.0,0.0001858870599468729,0.0,0.0,0.0,0.0,2.0238266370842682e-05,0.0,0.0,0.0,0.0,0.0,0.00025496402589979874,0.08987850541119144
2026-09-22 09:26:13.819000006,0.0,598.3284107763392,0.0,0.0,0.0,0.0,143.95691066778474,0.0,0.0,0.0,0.0,0.0,818.8259966691926,283573.8204883804,0.003964605932479465,0.006393845343928296,0.002749277917924635,0.0023617887791648772,0.0020730603977230735,0.0019660441609874297,6.226814577383482e-05,0.00018970418516394343,0.00019000219116716173,0.02619717990922333,0.0022353442432192865,0.006890050718713034,173958.88320874728,213724.14381347285,176456.11995696012,138190.31107391242,145599.21933909957,243400.54324417526,43427.59919790971,54974.82954183394,53604.37955188892,1272857.537291669,96680.46365643098,477954.48611657904,133183.66025211528,88559.60356919793,118449.68109575345,73050.23451469316,67686.29654271703,141784.75990096023,10729.537582791518,4694.520557644243,26266.181595587055,675010.6875246601,35060.813054539365,312554.3918665655,0.0,105.1865996410258,0.0,0.0,0.0,0.0,8769.520568754939,0.0,1709.527751306005,100773.42032390324,0.0,7.119392348738984,0.0,0.00031751703421740367,0.0,0.0,0.0,0.0,1.8110859377623216e-05,0.0,0.0,0.0,0.0,0.0,0.0003996369000679804,0.1610057804529362,0.0,0.0001858870599468729,0.0,0.0,0.0,0.0,2.0352455801812344e-05,0.0,0.0,0.0,0.0,0.0,0.000255063487349916,0.08987850541119144
2026-09-22 09:26:28.819000006,0.0,603.8607028459027,0.0,0.0,0.0,0.0,143.30383337309763,0.0,0.0,0.0,0.0,0.0,804.0977661910649,282098.8149124584,0.003783580987704954,0.006393845343928296,0.002749277917924635,0.0023617887791648772,0.0020730603977230735,0.0019921888355741617,6.226814577383482e-05,0.00018970418516394343,0.00019000219116716173,0.02619717990922333,0.0022353442432192865,0.006688917977829252,178935.00477001403,213724.14381347285,176456.11995696012,138190.31107391242,145599.21933909957,246637.31082225277,43427.59919790971,54974.82954183394,53604.37955188892,1272857.537291669,96680.46365643098,468975.05722984846,135316.01387316224,88559.60356919793,118449.68109575345,73050.23451469316,67686.29654271703,143670.22945577773,10729.537582791518,4694.520557644243,26266.181595587055,675010.6875246601,35060.813054539365,308821.772554775,0.0,105.1865996410258,0.0,0.0,0.0,0.0,8769.520568754939,0.0,1709.527751306005,100773.42032390324,0.0,7.119392348738984,0.0,0.00031832103506774384,0.0,0.0,0.0,0.0,1.8244770992229875e-05,0.0,0.0,0.0,0.0,0.0,0.00040049583969383075,0.16140537747235795,0.0,0.00018726027727330544,0.0,0.0,0.0,0.0,2.0248628501110422e-05,0.0,0.0,0.0,0.0,0.0,0.00025723736858866437,0.09009065971420374
2026-09-22 09:26:43.819000006,0.0,603.8607028459027,0.0,0.0,0.0,0.0,143.49304212730814,0.0,0.0,0.0,0.0,0.0,798.7084740469219,282098.8149124584,0.003783580987704954,0.006393845343928296,0.0022749918095204377,0.002315501584470907,0.0019556263162179804,0.0020915739669385295,6.049808555014059e-05,0.00018970418516394343,0.0002021594630039362,0.02619717990922333,0.0022353442432192865,0.006537353116051123,178935.00477001403,213724.14381347285,142798.59714477469,129925.435761436,137351.35998597823,258941.40624619863,39551.489535378416,54974.82954183394,57626.40037464841,1272857.537291669,96680.46365643098,465051.8961696171,135316.01387316224,88559.60356919793,92223.40856484079,68681.2518044062,63852.02423993913,150837.56438539858,9771.877821089734,4694.520557644243,28236.974471000733,675010.6875246601,35060.813054539365,313089.58155811136,0.0,105.1865996410258,0.0,0.0,0.0,0.0,7986.801191213247,0.0,1837.7963045532679,100773.42032390324,0.0,7.119392348738984,0.0,0.0003191250359180839,0.0,0.0,0.0,0.0,1.8378682606836533e-05,0.0,0.0,0.0,0.0,0.0,0.0004013547793196811,0.1618049744917797,0.0,0.00018726027727330544,0.0,0.0,0.0,0.0,2.0289619331708648e-05,0.0,0.0,0.0,0.0,0.0,0.00025733765858552396,0.09009065971420374
2026-09-22 09:26:58.819000006,0.0,606.5565782488604,0.0,0.0,0.0,0.0,140.75141625938892,0.0,0.0,0.0,0.0,0.0,785.732087775988,280832.91368428606,0.003783580987704954,0.006393845343928296,0.002305298747947515,0.002315501584470907,0.001987265085644574,0.0019874392196909054,6.049808555014059e-05,0.00018970418516394343,0.00019219564137522847,0.02531141447775499,0.0022353442432192865,0.006120226974909133,178935.00477001403,213724.14381347285,144700.92851714653,129925.435761436,130206.94323975545,246049.2980455687,39551.489535378416,54974.82954183394,54296.88111015991,1147168.25672742,96680.46365643098,424867.83564466715,135316.01387316224,88559.60356919793,93451.98844509057,68681.2518044062,60530.72133251532,143327.70248665256,9771.877821089734,4694.520557644243,26605.507819243194,583161.9060775336,35060.813054539365,290685.28705731814,0.0,105.1865996410258,0.0,0.0,0.0,0.0,7986.801191213247,0.0,1731.612712303286,107070.71381496587,0.0,0.0,0.0,0.00031992903676842407,0.0,0.0,0.0,0.0,1.851259422144319e-05,0.0,0.0,0.0,0.0,0.0,0.0004022137189455315,0.1622045715112015,0.0,0.00018888815056284413,0.0,0.0,0.0,0.0,2.015898342664928e-05,0.0,0.0,0.0,0.0,0.0,0.00026005194877239097,0.09033340698371678
2026-09-22 09:27:13.819000006,0.0,606.5565782488604,0.0,0.0,0.0,0.0,142.30630491865233,0.0,0.0,0.0,0.0,0.0,780.3770414973828,280832.91368428606,0.003783580987704954,0.006393845343928296,0.002424555074166193,0.0021235809304301903,0.001987265085644574,0.002093498668896252,6.049808555014059e-05,0.00018970418516394343,0.00019219564137522847,0.023896451758803592,0.002194360356378741,0.005945245227501388,178935.00477001403,213724.14381347285,152186.5097897475,132940.0481441316,130206.94323975545,256708.39207564725,39551.489535378416,54974.82954183394,54296.88111015991,1083039.074335803,89594.3537523823,404098.2626616749,135316.01387316224,88559.60356919793,98286.39041998182,67787.4011681792,60530.72133251532,149312.21292062703,9771.877821089734,4694.520557644243,26605.507819243194,550561.8964282296,32449.559437237902,275026.55087299226,0.0,105.1865996410258,0.0,0.0,0.0,0.0,7986.801191213247,0.0,1731.612712303286,101085.22973730444,0.0,0.0,0.0,0.00032140562619326594,0.0,0.0,0.0,0.0,1.8165376972467158e-05,0.0,0.0,0.0,0.0,0.0,0.00040316318956761335,0.16243426369252606,0.0,0.00018888815056284413,0.0,0.0,0.0,0.0,2.0247203528896537e-05,0.0,0.0,0.0,0.0,0.0,0.00026015307461560124,0.09033340698371678
2026-09-22 09:27:28.819000006,0.0,617.0544014033334,0.0,0.0,0.0,0.0,150.07269470893937,0.0,0.0,0.0,0.0,0.0,763.0560347380961,279530.9740414059,0.003783580987704954,0.005853219150696438,0.002424555074166193,0.0021235809304301903,0.001987265085644574,0.002093498668896252,6.216594071317963e-05,0.00018169923719923498,0.00019219564137522847,0.02480440667171235,0.0020513856014220447,0.005443480771385463,178935.00477001403,195330.6258754184,152186.5097897475,132940.0481441316,130206.94323975545,256708.39207564725,42461.81039060382,58969.52119655766,54296.88111015991,1040151.6816067066,98364.10526257072,383162.3721421416,135316.01387316224,80937.99083152488,98286.39041998182,67787.4011681792,60530.72133251532,149312.21292062703,10490.922796424818,5035.6432541735685,26605.507819243194,532750.0990297245,35623.715873615,243780.33068016477,0.0,96.13403509301334,0.0,0.0,0.0,0.0,8574.494710379837,0.0,1731.612712303286,96321.53462847241,0.0,0.0,0.0,0.00032221131306195286,0.0,0.0,0.0,0.0,1.82918521456579e-05,0.0,0.0,0.0,0.0,0.0,0.0004040223528672766,0.16283344316690684,0.0,0.00019049690190818826,0.0,0.0,0.0,0.0,2.0847088445299335e-05,0.0,0.0,0.0,0.0,0.0,0.0002619605963795831,0.09068880236797239
2026-09-22 09:27:43.819000006,0.0,617.0544014033334,0.0,0.0,0.0,0.0,151.19808442706787,0.0,0.0,0.0,0.0,0.0,757.8550906551457,279530.9740414059,0.0030713515936342515,0.0038971458211927747,0.002315960728886161,0.0021119186044017807,0.001987265085644574,0.002093498668896252,6.216594071317963e-05,0.00019411663708721042,0.00019219564137522847,0.02480440667171235,0.0020513856014220447,0.005327721814553743,185608.20590541608,170277.74428482688,145370.16869394697,125881.02413643716,130206.94323975545,256708.39207564725,42461.81039060382,55238.472333425016,54296.88111015991,1040151.6816067066,98364.10526257072,376116.2946320684,137810.21304769427,60512.63792209123,93884.20284696243,64187.93735764564,60530.72133251532,149312.21292062703,10490.922796424818,5471.820091488999,26605.507819243194,532750.0990297245,35623.715873615,237983.27989893028,0.0,104.9200484128153,0.0,0.0,0.0,0.0,8574.494710379837,0.0,1731.612712303286,96321.53462847241,0.0,0.0,0.0,0.0003230169999306398,0.0,0.0,0.0,0.0,1.8418327318848646e-05,0.0,0.0,0.0,0.0,0.0,0.00040488151616694003,0.16323262264128766,0.0,0.00019049690190818826,0.0,0.0,0.0,0.0,2.0918688097332584e-05,0.0,0.0,0.0,0.0,0.0,0.0002620623413074697,0.09068880236797239
2026-09-22 09:27:58.819000006,0.0,620.8473493937797,0.0,0.0,0.0,0.0,148.20832479117507,0.0,0.0,0.0,0.0,0.0,740.1165339514405,278148.58645448025,0.002955432817154079,0.0038971458211927747,0.0022856537904590835,0.0021119186044017807,0.0017705791982568606,0.002093498668896252,6.216594071317963e-05,0.00019411663708721042,0.00016176158488909087,0.022555182937617938,0.0020513856014220447,0.005198587482776263,169563.0356300173,170277.74428482688,143467.83732157512,125881.02413643716,104382.88575577055,256708.39207564725,42461.81039060382,55238.472333425016,59359.00349347335,1088041.8602455233,98364.10526257072,385192.3943510048,125898.89142929525,60512.63792209123,92655.62296671268,64187.93735764564,37910.854103219724,149312.21292062703,10490.922796424818,5471.820091488999,29087.883771718665,556977.9156756052,35623.715873615,244210.5490749152,0.0,104.9200484128153,0.0,0.0,0.0,0.0,8574.494710379837,0.0,1893.1775200576217,101063.37464703988,0.0,0.0,0.0,0.0003238226867993266,0.0,0.0,0.0,0.0,1.844340517884495e-05,0.0,0.0,0.0,0.0,0.0,0.00040574067946660324,0.1636318021156684,0.0,0.00019155589904410006,0.0,0.0,0.0,0.0,2.0707045058131122e-05,0.0,0.0,0.0,0.0,0.0,0.00026238872954833815,0.09110014109009242
2026-09-22 09:28:13.819000006,0.0,620.8473493937797,0.0,0.0,0.0,0.0,149.294185341531,0.0,0.0,0.0,0.0,0.0,734.9680653136785,278148.58645448025,0.002955432817154079,0.0038971458211927747,0.002330802972851559,0.001940673956850494,0.0017334303502937892,0.0020007678633982015,5.9256693092749e-05,0.00019411663708721042,0.00016176158488909087,0.02375299804326182,0.0020513856014220447,0.00518578143596408,169563.0356300173,170277.74428482688,163183.36084379966,133339.03237137417,96710.46229584455,231109.97160340162,39466.581992759,55238.472333425016,59359.00349347335,1145823.3900774685,98364.10526257072,391568.8372020193,125898.89142929525,60512.63792209123,104625.86855906548,66875.8647464458,35124.30414053779,127619.35142467449,9750.89994788413,5471.820091488999,29087.883771718665,586556.774013907,35623.715873615,231210.8504914603,0.0,104.9200484128153,0.0,0.0,0.0,0.0,7969.655448524361,0.0,1893.1775200576217,106430.44425203398,0.0,0.0,0.0,0.0003259253629807222,0.0,0.0,0.0,0.0,1.8908906641054132e-05,0.0,0.0,0.0,0.0,0.0,0.00040696779138564256,0.16385925825452907,0.0,0.00019155589904410006,0.0,0.0,0.0,0.0,2.0776379885519786e-05,0.0,0.0,0.0,0.0,0.0,0.0002624908710854557,0.09110014109009242
2026-09-22 09:28:28.819000006,0.0,623.6724742667271,0.0,0.0,0.0,0.0,153.3342320184478,0.0,0.0,0.0,0.0,0.0,720.2034805280915,276728.0410398799,0.002955432817154079,0.0036821065863762623,0.002330802972851559,0.001940673956850494,0.0017334303502937892,0.0020007678633982015,5.9256693092749e-05,0.00019411663708721042,0.00016176158488909087,0.02375299804326182,0.0020193159237931824,0.004329772888999166,169563.0356300173,160808.69140751552,163183.36084379966,133339.03237137417,96710.46229584455,231109.97160340162,39466.581992759,55238.472333425016,59359.00349347335,1145823.3900774685,118677.56821047435,376475.18575487094,125898.89142929525,57147.56299326544,104625.86855906548,66875.8647464458,35124.30414053779,127619.35142467449,9750.89994788413,5471.820091488999,29087.883771718665,586556.774013907,33205.58249167003,222063.34787306763,0.0,99.08550150544507,0.0,0.0,0.0,0.0,7969.655448524361,0.0,1893.1775200576217,106430.44425203398,0.0,0.0,0.0,0.00032673426881405556,0.0,0.0,0.0,0.0,1.9024581427378922e-05,0.0,0.0,0.0,0.0,0.0,0.0004078278647189759,0.16425801983781338,0.0,0.00019282167637703481,0.0,0.0,0.0,0.0,2.1258310961967854e-05,0.0,0.0,0.0,0.0,0.0,0.00026303507419177735,0.09151805593009543
2026-09-22 09:28:43.819000006,0.0,623.6724742667271,0.0,0.0,0.0,0.0,154.46514836736628,0.0,0.0,0.0,0.0,0.0,715.0275780945967,276728.0410398799,0.002955432817154079,0.0036821065863762623,0.0020057230712531406,0.001940673956850494,0.0017334303502937892,0.0020007678633982015,5.643884959046912e-05,0.0001983439526493266,0.0001531770629341349,0.02375299804326182,0.0020193159237931824,0.00425849882447966,169563.0356300173,160808.69140751552,175105.61725390487,133339.03237137417,96710.46229584455,231109.97160340162,42568.81608339539,59474.92064989271,53773.021199610266,1145823.3900774685,118677.56821047435,362616.73938570113,125898.89142929525,57147.56299326544,111776.35591855881,66875.8647464458,35124.30414053779,127619.35142467449,10518.302308265078,5891.857476360035,26350.566866918653,586556.774013907,33205.58249167003,215687.70028897168,0.0,99.08550150544507,0.0,0.0,0.0,0.0,8596.87267311988,0.0,1715.0199452367394,106430.44425203398,0.0,0.0,0.0,0.0003275431746473889,0.0,0.0,0.0,0.0,1.9140256213703705e-05,0.0,0.0,0.0,0.0,0.0,0.00040868793805230914,0.16465678142109766,0.0,0.00019282167637703481,0.0,0.0,0.0,0.0,2.1331040091230154e-05,0.0,0.0,0.0,0.0,0.0,0.00026313761227955755,0.09151805593009543
2026-09-22 09:28:58.819000006,0.0,626.9556074167158,0.0,0.0,0.0,0.0,151.09103796376687,0.0,0.0,0.0,0.0,0.0,702.8814731119656,275231.63747339265,0.002955432817154079,0.0036821065863762623,0.0020057230712531406,0.001940673956850494,0.0017334303502937892,0.001897349284076851,5.643884959046912e-05,0.0001983439526493266,0.0001531770629341349,0.023414960958428828,0.0020193159237931824,0.004157909907287312,169563.0356300173,160808.69140751552,175105.61725390487,133339.03237137417,96710.46229584455,219164.02556565055,42568.81608339539,59474.92064989271,53773.021199610266,1232681.8335924393,118677.56821047435,357525.6031355563,125898.89142929525,57147.56299326544,111776.35591855881,66875.8647464458,35124.30414053779,121022.77804917278,10518.302308265078,5891.857476360035,26350.566866918653,651227.0524272526,33205.58249167003,214224.59324919176,0.0,99.08550150544507,0.0,0.0,0.0,0.0,8596.87267311988,0.0,1715.0199452367394,98031.58810044531,0.0,0.0,0.0,0.00032835208048072226,0.0,0.0,0.0,0.0,1.9255931000028495e-05,0.0,0.0,0.0,0.0,0.0,0.00040954801138564257,0.16505554300438197,0.0,0.00019383969917755023,0.0,0.0,0.0,0.0,2.1279388381197094e-05,0.0,0.0,0.0,0.0,0.0,0.0002637860933941515,0.09194742857683832
2026-09-22 09:29:13.819000006,0.0,626.9556074167158,0.0,0.0,0.0,0.0,152.18503967176224,0.0,0.0,0.0,0.0,0.0,697.772098980198,275231.63747339265,0.002955432817154079,0.0019329409121170288,0.0019569947715866393,0.0018521088127860872,0.0017334303502937892,0.0019709355414714615,5.897870494511599e-05,0.0001983439526493266,0.0001531770629341349,0.023414960958428828,0.001880014751114471,0.003886084671691579,169563.0356300173,136877.01545698236,164344.7293994749,127253.9346816291,96710.46229584455,208349.2616489141,40003.14147756144,59474.92064989271,53773.021199610266,1232681.8335924393,90741.32627958477,307645.4734871912,125898.89142929525,40853.9288702113,104909.8731939439,63823.89892045362,35124.30414053779,115050.84552159956,9883.466225180622,5891.857476360035,26350.566866918653,651227.0524272526,35635.180570940676,182300.91790630223,0.0,19.015978807582993,0.0,0.0,0.0,0.0,8078.005196731534,0.0,1715.0199452367394,98031.58810044531,0.0,0.0,0.0,0.00032962133446287135,0.0,0.0,0.0,0.0,1.9104177720146785e-05,0.0,0.0,0.0,0.0,0.0,0.00041031133929049843,0.16526473993451954,0.0,0.00019383969917755023,0.0,0.0,0.0,0.0,2.1371349320099864e-05,0.0,0.0,0.0,0.0,0.0,0.00026388902805987843,0.09194742857683832
2026-09-22 09:29:28.819000006,0.0,631.8344862487904,0.0,0.0,0.0,0.0,150.8288636017242,0.0,0.0,0.0,0.0,0.0,687.3354983984549,274020.9193460695,0.002115014816374838,0.0019329409121170288,0.0019569947715866393,0.001827850388325456,0.0017334303502937892,0.0019028707248245817,5.897870494511599e-05,0.0001909680907209146,0.0001531770629341349,0.023414960958428828,0.001880014751114471,0.003395293034643617,148020.087385466,136877.01545698236,164344.7293994749,125587.19677698694,96710.46229584455,181157.1330129369,40003.14147756144,54029.198481130654,53773.021199610266,1232681.8335924393,90741.32627958477,237406.20825998115,106565.22912730217,40853.9288702113,104909.8731939439,62987.950611123044,35124.30414053779,93143.51409809232,9883.466225180622,5351.684053242676,26350.566866918653,651227.0524272526,35635.180570940676,156840.20296349205,0.0,19.015978807582993,0.0,0.0,0.0,0.0,8078.005196731534,0.0,1715.0199452367394,98031.58810044531,0.0,0.0,0.0,0.0003304313715915843,0.0,0.0,0.0,0.0,1.9229088278304475e-05,0.0,0.0,0.0,0.0,0.0,0.0004111711717987493,0.16566304464292897,0.0,0.00019505367317257534,0.0,0.0,0.0,0.0,2.1262645275490888e-05,0.0,0.0,0.0,0.0,0.0,0.00026504640695860636,0.09238409839699295
2026-09-22 09:29:43.819000006,0.0,631.8344862487904,0.0,0.0,0.0,0.0,151.88590185349764,0.0,0.0,0.0,0.0,0.0,682.2042632712831,274020.9193460695,0.0020678537249506123,0.0019329409121170288,0.0019569947715866393,0.0017270011646488442,0.0015148734346922292,0.0019028707248245817,5.897870494511599e-05,0.0001909680907209146,0.00012540248124092378,0.023414960958428828,0.001880014751114471,0.003234279323476886,135159.8790912341,136877.01545698236,164344.7293994749,90367.67873748454,90945.85900709245,181157.1330129369,40003.14147756144,54029.198481130654,40658.86349762455,1232681.8335924393,90741.32627958477,228372.08613578955,97306.68140106823,40853.9288702113,104909.8731939439,34934.87175320279,28615.108577391216,93143.51409809232,9883.466225180622,5351.684053242676,18842.385843580207,651227.0524272526,35635.180570940676,156823.28795370265,0.0,19.015978807582993,0.0,0.0,0.0,0.0,8078.005196731534,0.0,1863.6606645206057,98031.58810044531,0.0,0.0,0.0,0.0003312414087202971,0.0,0.0,0.0,0.0,1.9353998836462165e-05,0.0,0.0,0.0,0.0,0.0,0.0004120310043070001,0.16606134935133843,0.0,0.00019505367317257534,0.0,0.0,0.0,0.0,2.135237275610736e-05,0.0,0.0,0.0,0.0,0.0,0.00026514973831674943,0.09238409839699295
2026-09-22 09:29:58.819000006,0.0,635.7284029981398,0.0,0.0,0.0,0.0,156.6094936826595,0.0,0.0,0.0,0.0,0.0,665.4491780237277,272577.7628843418,0.0020678537249506123,0.0019329409121170288,0.0019569947715866393,0.0017270011646488442,0.0015148734346922292,0.0019028707248245817,5.897870494511599e-05,0.0001909680907209146,0.00012540248124092378,0.02262431642575558,0.0018487531299263384,0.0030771444477153335,135159.8790912341,136877.01545698236,164344.7293994749,90367.67873748454,90945.85900709245,181157.1330129369,40003.14147756144,54029.198481130654,40658.86349762455,1134083.608648907,83636.19219226427,218118.1764082059,97306.68140106823,40853.9288702113,104909.8731939439,34934.87175320279,28615.108577391216,93143.51409809232,9883.466225180622,5351.684053242676,18842.385843580207,707919.5431848047,32843.532399934506,148507.9743876786,0.0,19.015978807582993,0.0,0.0,0.0,0.0,8078.005196731534,0.0,1863.6606645206057,53342.436506988415,0.0,0.0,0.0,0.00033205144584900993,0.0,0.0,0.0,0.0,1.9478909394619855e-05,0.0,0.0,0.0,0.0,0.0,0.00041289083681525095,0.16645965405974783,0.0,0.0001963848675622488,0.0,0.0,0.0,0.0,2.172381323920883e-05,0.0,0.0,0.0,0.0,0.0,0.0002657436740680204,0.09279835919892951
2026-09-22 09:30:13.819000006,0.0,635.7284029981398,0.0,0.0,0.0,0.0,157.70989516998674,0.0,0.0,0.0,0.0,0.0,660.4130993794273,272577.7628843418,0.0020678537249506123,0.001780402662839085,0.0016032586681865668,0.0017270011646488442,0.0015148734346922292,0.0019028707248245817,5.7212558396318734e-05,0.0001931188610371643,0.00012540248124092378,0.02245033886442925,0.0018487531299263384,0.0029589992497344305,135159.8790912341,125573.4261266595,178504.97957632755,90367.67873748454,90945.85900709245,181157.1330129369,22896.55455881295,44913.19220851396,40658.86349762455,1061412.8040049563,83636.19219226427,215248.4781484207,97306.68140106823,37480.12624208326,113868.5665431747,34934.87175320279,28615.108577391216,93143.51409809232,10556.75033886446,5923.942061752619,18842.385843580207,663561.711533174,32843.532399934506,134371.67261703426,0.0,17.445599628599542,0.0,0.0,0.0,0.0,1710.354259323093,0.0,1863.6606645206057,49826.45427829732,0.0,0.0,0.0,0.0003338590932071351,0.0,0.0,0.0,0.0,2.017094725039443e-05,0.0,0.0,0.0,0.0,0.0,0.0004138213935667188,0.16667819406050588,0.0,0.0001963848675622488,0.0,0.0,0.0,0.0,2.1817101084036007e-05,0.0,0.0,0.0,0.0,0.0,0.00026584740197282606,0.09279835919892951
2026-09-22 09:30:28.819000006,0.0,635.7494018172448,0.0,0.0,0.0,0.0,156.29420020240494,0.0,0.0,0.0,0.0,0.0,637.6353229837691,271182.2984066413,0.0020678537249506123,0.001780402662839085,0.001599088472900437,0.0017270011646488442,0.0015148734346922292,0.001805739003232673,5.7212558396318734e-05,0.00019049729109109874,0.00012160573273323619,0.02245033886442925,0.0017067814364104814,0.0025845985800676935,135159.8790912341,125573.4261266595,193713.88112831648,90367.67873748454,90945.85900709245,153712.05646989893,22896.55455881295,42479.595278246205,54445.71055199481,1061412.8040049563,89648.597292718,206082.3375006773,97306.68140106823,37480.12624208326,122984.9497836292,34934.87175320279,28615.108577391216,71412.32396581233,10556.75033886446,5602.956478059632,25513.173336084496,663561.711533174,35204.57510814795,126851.57335072232,0.0,17.445599628599542,0.0,0.0,0.0,0.0,1710.354259323093,0.0,1690.3137613969025,49826.45427829732,0.0,0.0,0.0,0.00033467155807641617,0.0,0.0,0.0,0.0,2.03008858161151e-05,0.0,0.0,0.0,0.0,0.0,0.0004146813952007058,0.16707606966030475,0.0,0.00019701726689510068,0.0,0.0,0.0,0.0,2.163473498553659e-05,0.0,0.0,0.0,0.0,0.0,0.0002661116677062347,0.09322754968894692
2026-09-22 09:30:43.819000006,0.0,635.7494018172448,0.0,0.0,0.0,0.0,157.6145939994235,0.0,0.0,0.0,0.0,0.0,632.7761011394002,271182.2984066413,0.0020678537249506123,0.0001186990170396575,0.001599088472900437,0.0017270011646488442,0.0015148734346922292,0.0017860077103879477,5.4657736506456736e-05,0.00019049729109109874,0.00012160573273323619,0.02245033886442925,0.0017067814364104814,0.0026031661782262494,135159.8790912341,127158.22087257913,193713.88112831648,90367.67873748454,90945.85900709245,141417.3120063853,21275.50256021652,42479.595278246205,54445.71055199481,1061412.8040049563,89648.597292718,207564.75222821214,97306.68140106823,31325.125354740154,122984.9497836292,34934.87175320279,28615.108577391216,65700.36945248989,9809.343509966138,5602.956478059632,25513.173336084496,663561.711533174,35204.57510814795,127794.23488680995,0.0,19.11234005780363,0.0,0.0,0.0,0.0,1589.2629753370295,0.0,1690.3137613969025,49826.45427829732,0.0,0.0,0.0,0.0003354840229456972,0.0,0.0,0.0,0.0,2.043082438183576e-05,0.0,0.0,0.0,0.0,0.0,0.00041554139683469267,0.16747394526010362,0.0,0.00019701726689510068,0.0,0.0,0.0,0.0,2.172599619654913e-05,0.0,0.0,0.0,0.0,0.0,0.00026621579218532036,0.09322754968894692
2026-09-22 09:30:58.819000006,0.0,637.1460274202125,0.0,0.0,0.0,0.0,154.39883802044068,0.0,0.0,0.0,0.0,0.0,611.5361265843047,269822.3625698201,0.0020332544859892688,0.0001186990170396575,0.001599088472900437,0.0017270011646488442,0.001487991914022169,0.0017860077103879477,5.4657736506456736e-05,0.00019049729109109874,0.00012160573273323619,0.02245033886442925,0.0017067814364104814,0.00259913456020308,126289.06887304256,127158.22087257913,193713.88112831648,90367.67873748454,85235.92450361364,141417.3120063853,21275.50256021652,42479.595278246205,54445.71055199481,1061412.8040049563,89648.597292718,203513.04599832106,90920.2514229218,31325.125354740154,122984.9497836292,34934.87175320279,26818.540843899398,65700.36945248989,9809.343509966138,5602.956478059632,25513.173336084496,663561.711533174,35204.57510814795,124747.67213991338,0.0,19.11234005780363,0.0,0.0,0.0,0.0,1589.2629753370295,0.0,1690.3137613969025,49826.45427829732,0.0,0.0,0.0,0.0003362964878149782,0.0,0.0,0.0,0.0,2.056076294755643e-05,0.0,0.0,0.0,0.0,0.0,0.0004164013984686796,0.16787182085990254,0.0,0.0001977100390391888,0.0,0.0,0.0,0.0,2.1543338666061073e-05,0.0,0.0,0.0,0.0,0.0,0.0002665112174242015,0.09364589213764074
2026-09-22 09:31:13.819000006,0.0,637.1460274202125,0.0,0.0,0.0,0.0,156.07042633875278,0.0,0.0,0.0,0.0,0.0,606.8597224795111,269822.3625698201,0.0017320861279760194,0.0001186990170396575,0.001599088472900437,0.0015887250753375364,0.001487991914022169,0.0017860077103879477,5.4657736506456736e-05,0.00019049729109109874,0.00012780925225919695,0.02245033886442925,0.0017067814364104814,0.0026136755612886,127925.1454357233,127158.22087257913,193713.88112831648,87871.7825005998,85235.92450361364,141417.3120063853,21275.50256021652,42479.595278246205,58816.446396894244,1061412.8040049563,89648.597292718,202553.71732461784,89045.37631638213,31325.125354740154,122984.9497836292,33646.20667048078,26818.540843899398,65700.36945248989,9809.343509966138,5602.956478059632,27561.293198725747,663561.711533174,35204.57510814795,124089.84676365975,0.0,19.11234005780363,0.0,0.0,0.0,0.0,1589.2629753370295,0.0,1826.0070028141283,49826.45427829732,0.0,0.0,0.0,0.0003370154347913701,0.0,0.0,0.0,0.0,2.018398260809723e-05,0.0,0.0,0.0,0.0,0.0,0.00041623737849771594,0.16808687422612273,0.0,0.0001977100390391888,0.0,0.0,0.0,0.0,2.1679499390720275e-05,0.0,0.0,0.0,0.0,0.0,0.00026661573853480156,0.09364589213764074
2026-09-22 09:31:28.819000006,0.0,641.506246821024,0.0,0.0,0.0,0.0,163.6024204051476,0.0,0.0,0.0,0.0,0.0,599.3838769943939,268274.1376053069,0.0017320861279760194,0.0001151735094820327,0.001599088472900437,0.0015887250753375364,0.001439864495184443,0.0016707828388591555,5.6331798591594586e-05,0.00019049729109109874,0.00012780925225919695,0.021810610362915907,0.001681410418301607,0.0026054887539189954,127925.1454357233,118557.2419457563,193713.88112831648,87871.7825005998,48844.57771021282,111678.43577949346,22547.791489772735,42479.595278246205,58816.446396894244,956281.2015388143,82693.26639332452,202552.99781623879,89045.37631638213,29205.41671162031,122984.9497836292,33646.20667048078,29343.39723938532,69113.71018128359,10395.94864977991,5602.956478059632,27561.293198725747,598380.9701772874,32470.523627032053,124089.84676365975,0.0,17.819046193789084,0.0,0.0,0.0,0.0,1684.3019378222614,0.0,1826.0070028141283,53762.36223779188,0.0,0.0,0.0,0.00033782767427357064,0.0,0.0,0.0,0.0,2.030844239219008e-05,0.0,0.0,0.0,0.0,0.0,0.0004170949092420524,0.16848431753591625,0.0,0.00019851831831007297,0.0,0.0,0.0,0.0,2.2181080611939216e-05,0.0,0.0,0.0,0.0,0.0,0.0002677568393560292,0.09408836485705231
2026-09-22 09:31:43.819000006,0.0,641.506246821024,0.0,0.0,0.0,0.0,164.49785239255326,0.0,0.0,0.0,0.0,0.0,594.773079834962,268274.1376053069,0.0017320861279760194,0.0001151735094820327,0.0014777507772391568,0.0015887250753375364,0.001439864495184443,0.001763255786745125,5.6647573056309486e-05,0.00019049729109109874,0.00012780925225919695,0.020769862562923465,0.001681410418301607,0.002509802105534721,127925.1454357233,118557.2419457563,166103.13755571103,87871.7825005998,48844.57771021282,117859.51086096565,21106.1297033659,42479.595278246205,58816.446396894244,910649.8533043858,82693.26639332452,175452.94075301167,89045.37631638213,29205.41671162031,102293.52234087231,33646.20667048078,29343.39723938532,72938.95208056227,9731.251980545874,5602.956478059632,27561.293198725747,569827.7262328526,32470.523627032053,104517.21677551059,0.0,17.819046193789084,0.0,0.0,0.0,0.0,1576.6109587908684,0.0,1826.0070028141283,51196.95671771004,0.0,0.0,0.0,0.00033863991375577136,0.0,0.0,0.0,0.0,2.0432902176282933e-05,0.0,0.0,0.0,0.0,0.0,0.0004179524399863891,0.16888176084570974,0.0,0.00019851831831007297,0.0,0.0,0.0,0.0,2.2251821472422093e-05,0.0,0.0,0.0,0.0,0.0,0.0002678617569502799,0.09408836485705231
2026-09-22 09:31:58.819000006,0.0,644.6743796792266,0.0,0.0,0.0,0.0,169.20978118430574,0.0,0.0,0.0,0.0,0.0,589.4801196546316,265986.4670652541,0.0017320861279760194,0.0001151735094820327,0.0015157118049720405,0.0015887250753375364,0.0014398644951844428,0.0017675638903518677,5.6647573056309486e-05,0.00017497669687079913,0.0001520421617596873,0.021786295175860733,0.0016399466299068118,0.0025541819286986588,127925.1454357233,118557.2419457563,154421.49499598052,87871.7825005998,48844.57771021281,110291.20314140251,21106.1297033659,44848.24251076333,57893.13229712821,1042619.7413897661,58153.21594396606,165353.70998730382,89045.37631638213,29205.41671162031,95217.2434673244,33646.20667048078,29343.397239385315,68213.83607238697,9731.251980545874,5915.375352786203,26127.97788325974,652715.7983646423,15893.61002575363,95622.25087627304,0.0,17.819046193789084,0.0,0.0,0.0,0.0,1576.6109587908684,0.0,4444.085943667119,48717.44227341065,0.0,0.0,0.0,0.000339452153237972,0.0,0.0,0.0,0.0,2.055736196037578e-05,0.0,0.0,0.0,0.0,0.0,0.00041880997073072553,0.16927920415550324,0.0,0.00020004545274573545,0.0,0.0,0.0,0.0,2.262689364510525e-05,0.0,0.0,0.0,0.0,0.0,0.0002685966968982287,0.09452583508321648
2026-09-22 09:32:13.819000006,0.0,644.6743796792266,0.0,0.0,0.0,0.0,170.12714254997795,0.0,0.0,0.0,0.0,0.0,585.2708245655592,265986.4670652541,0.0017320861279760194,9.984289292243064e-05,0.001584663385807157,0.0015728232189973622,0.0014398644951844428,0.0017675638903518677,5.6647573056309486e-05,0.00017507518942210337,0.0001520421617596873,0.021786295175860733,0.0016399466299068118,0.0025561991507249424,127925.1454357233,91308.88235393853,161446.3173665441,52217.79803310146,48844.57771021281,110291.20314140251,21106.1297033659,44873.48711707601,57893.13229712821,1042619.7413897661,58153.21594396606,163787.39374734828,89045.37631638213,13390.524749642607,99548.7921418795,35872.39146078196,29343.397239385315,68213.83607238697,9731.251980545874,5918.705055659999,26127.97788325974,652715.7983646423,15893.61002575363,95812.6643913883,0.0,18.68097760831837,0.0,0.0,0.0,0.0,1576.6109587908684,0.0,4444.085943667119,48717.44227341065,0.0,0.0,0.0,0.000340785065603312,0.0,0.0,0.0,0.0,2.0905688097264613e-05,0.0,0.0,0.0,0.0,0.0,0.00041962626262138605,0.1695265951554016,0.0,0.00020004545274573545,0.0,0.0,0.0,0.0,2.2698889108752773e-05,0.0,0.0,0.0,0.0,0.0,0.0002687020112101785,0.09452583508321648
2026-09-22 09:32:28.819000006,0.0,646.6794609311885,0.0,0.0,0.0,0.0,171.495567971553,0.0,0.0,0.0,0.0,0.0,583.5896241451735,265704.7828038245,0.0017320861279760194,0.00014404683389260413,0.001584663385807157,0.0015822706010435285,0.0014841127045384108,0.0017675638903518682,5.4634803338206855e-05,0.00019771413087609301,0.00015711217237239814,0.021786295175860733,0.0016399466299068118,0.0025672347272668945,127925.1454357233,92761.66317574668,161446.3173665441,49392.15253797657,45379.44288333584,110291.20314140254,23149.89818393384,42351.26960932484,62709.67886474084,1042619.7413897661,58153.21594396606,161210.24259213032,89045.37631638213,14664.936909774819,99548.7921418795,33997.759077939976,27260.28730169448,68213.83607238698,10673.557668695432,5586.030630878773,28301.75251245727,652715.7983646423,15893.61002575363,94803.14935439095,0.0,708.7558071272748,0.0,0.0,0.0,0.0,1729.278824902812,0.0,4813.821455442273,48717.44227341065,0.0,0.0,0.0,0.0003415985479751069,0.0,0.0,0.0,0.0,2.1031657227798777e-05,0.0,0.0,0.0,0.0,0.0,0.0004204836921085657,0.16992368699526617,0.0,0.0002006718631734574,0.0,0.0,0.0,0.0,2.261879797662326e-05,0.0,0.0,0.0,0.0,0.0,0.0002689824335810682,0.09520177497084677
2026-09-22 09:32:43.819000006,0.0,646.6794609311885,0.0,0.0,0.0,0.0,172.38852996971573,0.0,0.0,0.0,0.0,0.0,579.285263272999,265704.7828038245,0.0016338743787027217,0.00014404683389260413,0.001584663385807157,0.0015822706010435285,0.0014841127045384108,0.0017675638903518682,5.4634803338206855e-05,0.00019771413087609301,0.00015711217237239814,0.02125848804334466,0.0016399466299068118,0.002569764608250459,120671.60757385934,92761.66317574668,161446.3173665441,49392.15253797657,45379.44288333584,110291.20314140254,23149.89818393384,42351.26960932484,62709.67886474084,948109.9199107388,58153.21594396606,161213.34699833352,83996.37671325613,14664.936909774819,99548.7921418795,33997.759077939976,27260.28730169448,68213.83607238698,10673.557668695432,5586.030630878773,28301.75251245727,595904.3467571887,15893.61002575363,94806.7811975691,0.0,708.7558071272748,0.0,0.0,0.0,0.0,1729.278824902812,0.0,4813.821455442273,52793.26758512439,0.0,0.0,0.0,0.00034241203034690175,0.0,0.0,0.0,0.0,2.115762635833293e-05,0.0,0.0,0.0,0.0,0.0,0.00042134112159574513,0.1703207788351307,0.0,0.0002006718631734574,0.0,0.0,0.0,0.0,2.2690522772633574e-05,0.0,0.0,0.0,0.0,0.0,0.0002690881444920262,0.09520177497084677
2026-09-22 09:32:58.819000006,0.0,650.214909266231,0.0,0.0,0.0,0.0,166.46480627603026,0.0,0.0,0.0,0.0,0.0,581.2379998600379,265464.6246012125,0.0017250399391234308,0.00014404683389260413,0.001584663385807157,0.0015822706010435285,0.0014841127045384108,0.0017675638903518682,5.4634803338206855e-05,0.00019771413087609301,0.0001497188797317816,0.02125848804334466,0.0016519087453525229,0.002569764608250459,98817.86602704736,92761.66317574668,161446.3173665441,49392.15253797657,45379.44288333584,110291.20314140254,23149.89818393384,42351.26960932484,58961.08902288107,948109.9199107388,54076.07267600218,161213.34699833352,67700.09923592786,14664.936909774819,99548.7921418795,33997.759077939976,27260.28730169448,68213.83607238698,10673.557668695432,5586.030630878773,26609.961645470743,595904.3467571887,14778.33368985995,94806.7811975691,0.0,708.7558071272748,0.0,0.0,0.0,0.0,1729.278824902812,0.0,4526.066159368774,52793.26758512439,0.0,0.0,0.0,0.00034322551271869666,0.0,0.0,0.0,0.0,2.128359548886709e-05,0.0,0.0,0.0,0.0,0.0,0.00042219855108292456,0.17071787067499528,0.0,0.0002010283467726458,0.0,0.0,0.0,0.0,2.245423295742006e-05,0.0,0.0,0.0,0.0,0.0,0.0002691901099284012,0.09586868825893358
2026-09-22 09:33:13.819000006,0.0,650.214909266231,0.0,0.0,0.0,0.0,166.51876732067433,0.0,0.0,0.0,0.0,0.0,576.9471416884036,265464.6246012125,0.0017250399391234308,0.00014404683389260413,0.0016033914512369831,0.0015822706010435285,0.001438931783271592,0.0017675638903518682,8.593963297071361e-05,0.00019771413087609301,0.0001497188797317816,0.02125848804334466,0.0016519087453525229,0.002564591090451691,98817.86602704736,92761.66317574668,152527.7635939872,49392.15253797657,23638.28847555144,110291.20314140254,25132.724432497853,42351.26960932484,58961.08902288107,948109.9199107388,54076.07267600218,150389.56071414496,67700.09923592786,14664.936909774819,94081.79271708684,33997.759077939976,13944.807753024648,68213.83607238698,10451.55297859465,5586.030630878773,26609.961645470743,595904.3467571887,14778.33368985995,87037.37572340107,0.0,708.7558071272748,0.0,0.0,0.0,0.0,4654.741967716059,0.0,4526.066159368774,52793.26758512439,0.0,0.0,0.0,0.00034360171179973544,0.0,0.0,0.0,0.0,2.115487897999095e-05,0.0,0.0,0.0,0.0,0.0,0.0004221404213165632,0.17141249113394944,0.0,0.0002010283467726458,0.0,0.0,0.0,0.0,2.248463735366653e-05,0.0,0.0,0.0,0.0,0.0,0.0002692961165038597,0.09586868825893358
2026-09-22 09:33:28.819000006,0.0,653.8317728248409,0.0,0.0,0.0,0.0,166.64309580169558,0.0,0.0,0.0,0.0,0.0,566.2760907531216,265436.1181421614,0.0017250399391234308,0.00014404683389260413,0.0016033914512369831,0.0015710108207737693,0.001438931783271592,0.0017804057386639788,8.593963297071361e-05,0.00019771413087609301,0.0001497188797317816,0.022086654780754146,0.0016519087453525229,0.0025370879743285995,98817.86602704736,92761.66317574668,152527.7635939872,39766.88508108966,23638.28847555144,75051.1835544435,25132.724432497853,42351.26960932484,58961.08902288107,867026.3468181429,54076.07267600218,148541.59550296588,67700.09923592786,14664.936909774819,94081.79271708684,15445.835280837442,13944.807753024648,43427.78967832521,10451.55297859465,5586.030630878773,26609.961645470743,544960.7963561385,14778.33368985995,85836.15098503712,0.0,708.7558071272748,0.0,0.0,0.0,0.0,4654.741967716059,0.0,4526.066159368774,96424.71406001522,0.0,0.0,0.0,0.0003444141602124339,0.0,0.0,0.0,0.0,2.124593120800021e-05,0.0,0.0,0.0,0.0,0.0,0.00042299568322132507,0.17181027342038316,0.0,0.0002016229481017563,0.0,0.0,0.0,0.0,2.283707167197186e-05,0.0,0.0,0.0,0.0,0.0,0.00026939285763135984,0.09652874880226307
2026-09-22 09:33:43.819000006,0.0,653.8317728248409,0.0,0.0,0.0,0.0,166.77939590910083,0.0,0.0,0.0,0.0,0.0,566.2760907531216,265436.1181421614,0.0017250399391234303,0.00017561248734211755,0.0015645654099740833,0.0015710108207737693,0.001438931783271592,0.0017804057386639788,8.593963297071361e-05,0.00019771413087609301,0.0001497188797317816,0.022086654780754146,0.0015785392471370982,0.002496479291268278,98817.86602704735,116947.894525191,136234.51746980724,39766.88508108966,23638.28847555144,75051.1835544435,25132.724432497853,42351.26960932484,58961.08902288107,867026.3468181429,28636.080281414484,111958.32346015469,67700.09923592785,27530.993278566093,84046.18306309542,15445.835280837442,13944.807753024648,43427.78967832521,10451.55297859465,5586.030630878773,26609.961645470743,544960.7963561385,0.0,62852.35324161299,0.0,670.8023620622686,0.0,0.0,0.0,0.0,4654.741967716059,0.0,4526.066159368774,96424.71406001522,0.0,0.0,0.0,0.0003452266086251322,0.0,0.0,0.0,0.0,2.133698343600947e-05,0.0,0.0,0.0,0.0,0.0,0.0004238509451260869,0.17220805570681694,0.0,0.0002016229481017563,0.0,0.0,0.0,0.0,2.2869284415846673e-05,0.0,0.0,0.0,0.0,0.0,0.0002694990573319605,0.09652874880226307
2026-09-22 09:33:58.819000006,0.0,653.3916691885131,0.0,0.0,0.0,0.0,160.837592175421,0.0,15.468446069254165,0.0,0.0,0.0,563.1868610967208,265697.31590096577,0.0017250399391234303,0.00017561248734211755,0.0015645654099740833,0.0015710108207737693,0.00147316812985504,0.0017804057386639788,8.593963297071361e-05,0.0001983754398742377,0.0001525611085012823,0.022086654780754146,0.0016568054116397498,0.0025531620400255947,98817.86602704735,116947.894525191,136234.51746980724,39766.88508108966,21963.04985236735,75051.1835544435,25132.724432497853,42687.5883354005,64668.82811838184,867026.3468181429,30055.896845418905,114923.17612532868,67700.09923592785,27530.993278566093,84046.18306309542,15445.835280837442,12996.032854476876,43427.78967832521,10451.55297859465,5630.3902621938905,29185.94388953493,544960.7963561385,0.0,64370.31224949287,0.0,670.8023620622686,0.0,0.0,0.0,0.0,4654.741967716059,0.0,4964.212828549646,96424.71406001522,0.0,0.0,0.0,0.00034603905703783065,0.0,0.0,0.0,0.0,2.1428035664018727e-05,0.0,0.0,0.0,0.0,0.0,0.0004247062070308488,0.17260583799325072,0.0,0.00020226610435322004,0.0,0.0,0.0,0.0,2.259802388064066e-05,0.0,1.755686361569367e-06,0.0,0.0,0.0,0.00026932341168429106,0.09719322559854848
2026-09-22 09:34:13.819000006,0.0,653.3916691885131,0.0,0.0,0.0,0.0,159.96013570068806,0.0,15.664867954432378,0.0,0.0,0.0,563.1868610967208,265697.31590096577,0.0016664672884426624,0.0001843892371364956,0.0015645654099740833,0.0015710108207737693,0.00147316812985504,0.0017804057386639788,9.032655132711192e-05,0.0001983754398742377,0.0001525611085012823,0.021983352849139902,0.0016568054116397498,0.002654025537957219,82536.34117084756,91700.70954686339,136234.51746980724,39766.88508108966,21963.04985236735,75051.1835544435,27055.144830929585,42687.5883354005,64668.82811838184,917428.8207112297,30055.896845418905,113886.18491590103,56168.420425351775,29374.054516911663,84046.18306309542,15445.835280837442,12996.032854476876,43427.78967832521,11250.99987880257,5630.3902621938905,29185.94388953493,575837.0523228082,0.0,61406.982530192545,0.0,715.7091992256828,0.0,0.0,0.0,0.0,5010.786571324688,0.0,4964.212828549646,102197.7831630621,0.0,0.0,0.0,0.0003464432516007338,0.0,0.0,0.0,0.0,2.1224843442092968e-05,0.0,1.7056296200617285e-06,0.0,0.0,0.0,0.00042438617370512256,0.17329722250509316,0.0,0.00020226610435322004,0.0,0.0,0.0,0.0,2.262975131417888e-05,0.0,1.7630410855262393e-06,0.0,0.0,0.0,0.0002694298042536482,0.09719322559854848
2026-09-22 09:34:28.819000006,0.0,646.8536256972496,0.0,0.0,0.0,0.0,161.50977254580607,0.0,15.46855121369494,0.0,0.0,0.0,554.0265435660707,267636.0469321023,0.00175338364482054,0.0001843892371364956,0.0016071940331253086,0.0015710108207737693,0.0014606051842773271,0.0017804057386639788,8.619386242449726e-05,0.0001983754398742377,0.0001525611085012823,0.021983352849139902,0.0017043434338110377,0.0027898797071379835,79245.80122594713,91700.70954686339,152902.93630157298,39766.88508108966,109.05068142905012,75051.1835544435,25288.1350532115,42687.5883354005,64668.82811838184,917428.8207112297,27511.473503156296,140830.93614504312,53971.83556801042,29374.054516911663,94333.08708462672,15445.835280837442,105.29031310391046,43427.78967832521,10516.181162466537,5630.3902621938905,29185.94388953493,575837.0523228082,3.5981524330573236,63713.563966006936,0.0,715.7091992256828,0.0,0.0,0.0,0.0,4683.525012722083,0.0,4964.212828549646,102197.7831630621,0.0,0.0,0.0,0.0003472547437390986,0.0,0.0,0.0,0.0,2.1312167112597352e-05,0.0,1.7095694348765433e-06,0.0,0.0,0.0,0.00042523867999443076,0.1736956798541061,0.0,0.00020261413593795436,0.0,0.0,0.0,0.0,2.2417184553615126e-05,0.0,1.7637439044853445e-06,0.0,0.0,0.0,0.0002689290917834742,0.09789558052339344
2026-09-22 09:34:43.819000006,0.0,646.8536256972496,0.0,0.0,0.0,0.0,160.05029416388626,0.0,15.664973602615888,0.0,0.0,0.0,554.0265435660707,267636.0469321023,0.00175338364482054,0.0001843892371364956,0.0016071940331253086,0.0015765418078867949,0.0014606051842773271,0.0017804057386639788,8.619386242449726e-05,0.0001983754398742377,0.0001449785093519557,0.021983352849139902,0.0017043434338110377,0.0028679499129976296,79245.80122594713,91700.70954686339,152902.93630157298,25698.088767273315,109.05068142905012,75051.1835544435,25288.1350532115,42687.5883354005,61454.65508374983,917428.8207112297,27511.473503156296,145083.59947305796,53971.83556801042,29374.054516911663,94333.08708462672,10985.223006404707,105.29031310391046,43427.78967832521,10516.181162466537,5630.3902621938905,27735.342779703446,575837.0523228082,3.5981524330573236,66233.33784530136,0.0,715.7091992256828,0.0,0.0,0.0,0.0,4683.525012722083,0.0,4717.481296899033,102197.7831630621,0.0,0.0,0.0,0.00034806623587746335,0.0,0.0,0.0,0.0,2.139949078310174e-05,0.0,1.713509249691358e-06,0.0,0.0,0.0,0.00042609118628373895,0.17409413720311903,0.0,0.00020261413593795436,0.0,0.0,0.0,0.0,2.2412271551230437e-05,0.0,1.771132359497972e-06,0.0,0.0,0.0,0.00026903567457604865,0.09789558052339344
2026-09-22 09:34:58.819000006,0.0,638.9911213619041,0.0,0.0,0.0,0.0,162.6892721061917,0.0,15.468643006255906,0.0,0.0,0.0,549.5153764744304,269449.4782752907,0.00175338364482054,0.0001843892371364956,0.0015913553267027768,0.0015765418078867949,0.0014606051842773271,0.0018188283999294402,8.619386242449726e-05,0.0001983754398742377,0.00014401099632904376,0.021983352849139902,0.0017043434338110377,0.0028991981971274584,79245.80122594713,91700.70954686339,164562.90646926963,25698.088767273315,109.05068142905012,54512.47549886721,25288.1350532115,42687.5883354005,79427.84268424641,917428.8207112297,27511.473503156296,139456.1077174518,53971.83556801042,29374.054516911663,84749.85903066625,10985.223006404707,105.29031310391046,31427.925526410963,10516.181162466537,5630.3902621938905,35192.70997008045,575837.0523228082,3.5981524330573236,60351.322732855995,0.0,715.7091992256828,0.0,0.0,0.0,0.0,4683.525012722083,0.0,4489.1207550487625,102197.7831630621,0.0,814.7802468970009,0.0,0.00034887772801582816,0.0,0.0,0.0,0.0,2.1486814453606124e-05,0.0,1.7174490645061729e-06,0.0,0.0,0.0,0.00042694369257304714,0.17449259455213195,0.0,0.000202990172750723,0.0,0.0,0.0,0.0,2.3167972420464606e-05,0.0,1.771800991714872e-06,0.0,0.0,0.0,0.0002691601640906756,0.09852894334765848
2026-09-22 09:35:13.819000006,0.0,638.9911213619041,0.0,0.0,0.0,0.0,162.92718139774556,0.0,15.665065563091673,0.0,0.0,0.0,549.5153764744304,269449.4782752907,0.00175338364482054,0.00017555968168736573,0.0015913553267027768,0.0015765418078867949,0.0014606051842773271,0.0018545152013550814,8.619386242449726e-05,0.00019600405164160367,0.00014401099632904376,0.02267412722317055,0.0017043434338110377,0.0029726193008438205,79245.80122594713,87309.58286158288,164562.90646926963,25698.088767273315,109.05068142905012,55339.53281439703,25288.1350532115,53618.42891202991,79427.84268424641,848502.1424028528,27511.473503156296,145966.34809892206,53971.83556801042,27967.465677179967,84749.85903066625,10985.223006404707,105.29031310391046,35634.22406576727,10516.181162466537,10472.134027227436,35192.70997008045,531910.4456181041,3.5981524330573236,69753.40823218603,0.0,681.4371660085947,0.0,0.0,0.0,3.6592959607483326,4683.525012722083,0.0,4489.1207550487625,94644.34930161806,0.0,994.7893361140428,0.0,0.00034898883695280383,0.0,0.0,0.0,0.0,2.210022589198373e-05,0.0,1.705596320795107e-06,0.0,0.0,0.0,0.00042661460369244214,0.17516095856155978,0.0,0.000202990172750723,0.0,0.0,0.0,0.0,2.3251583344867346e-05,0.0,1.7792231818855162e-06,0.0,0.0,0.0,0.00026926693552417174,0.09852894334765848
2026-09-22 09:35:28.819000006,0.0,637.6457010963645,0.0,0.0,0.0,0.0,155.7916460497791,0.0,15.468708351606077,0.0,0.0,0.0,554.2573571840738,270723.1482977495,0.00175338364482054,0.000926402748461849,0.001712891522512193,0.0015765418078867949,0.0013883461550300339,0.0018545152013550814,8.418668068189435e-05,0.00020101721474862684,0.00014401099632904376,0.022717500850301067,0.0016186235245024237,0.003342817711042811,79245.80122594713,68388.68639691021,167440.14415014078,25698.088767273315,103.65572838928134,55339.53281439703,26285.573703448885,57200.388792508485,79427.84268424641,745469.3643425106,28881.448613549743,174441.2009951981,53971.83556801042,21875.255759644315,94611.52698438286,10985.223006404707,100.08139292758199,35634.22406576727,11025.80238775379,11171.721178691085,35192.70997008045,468909.8239647011,3.7773278333180413,97202.99439116953,0.0,1541.495486594512,1167.9558882541728,0.0,0.0,3.6592959607483326,4686.2510665634,0.0,4489.1207550487625,103005.25991634878,0.0,2827.308841570229,0.0,0.00034979870377523374,0.0,0.0,0.0,0.0,2.2239254174812015e-05,0.0,1.7094999905198778e-06,0.0,0.0,0.0,0.00042746436537468516,0.17556003084580624,0.0,0.00020324603089947135,0.0,0.0,0.0,0.0,2.3501628250453313e-05,0.0,1.7798571098815938e-06,0.0,0.0,0.0,0.000268896944986952,0.0991263796833174
2026-09-22 09:35:43.819000006,0.0,637.6457010963645,0.0,0.0,0.0,0.0,155.53864317091438,0.0,15.665130740527026,0.0,0.0,0.0,554.2573571840738,270723.1482977495,0.00175338364482054,0.000926402748461849,0.001712891522512193,0.0015777885588136834,0.0015694865964391222,0.0018545152013550814,8.530134415949883e-05,0.00020101721474862684,0.00012571293709294447,0.022717500850301067,0.0016400389544465324,0.0035134644139402944,79245.80122594713,68388.68639691021,167440.14415014078,27531.416063994224,8001.929028142882,55339.53281439703,26633.60463610706,57200.388792508485,86842.12112254335,745469.3643425106,29263.568748408146,179613.68584825398,53971.83556801042,21875.255759644315,94611.52698438286,11768.919777810372,12109.11383904808,35634.22406576727,11171.788179489095,11171.721178691085,38550.49633352087,468909.8239647011,3.8273043092346515,106212.38594877203,0.0,1541.495486594512,1167.9558882541728,0.0,74.54055918158251,3.6592959607483326,4748.298802244072,0.0,4757.295292221724,103005.25991634878,0.0,3976.1077181812466,0.0,0.00035060857059766355,0.0,0.0,0.0,0.0,2.2378282457640293e-05,0.0,1.7134036602446482e-06,0.0,0.0,0.0,0.0004283141270569281,0.17595910313005272,0.0,0.00020324603089947135,0.0,0.0,0.0,0.0,2.354839505834391e-05,0.0,1.7873130268356222e-06,0.0,0.0,0.0,0.000269003903320747,0.0991263796833174
2026-09-22 09:35:58.819000006,0.0,636.8444583882228,0.0,0.0,0.0,0.0,154.79269173126414,0.0,15.46876047315001,0.0,0.0,0.0,556.6322470009237,272105.9244625259,0.00175338364482054,0.000926402748461849,0.001712891522512193,0.0015777885588136834,0.0015694865964391222,0.0018545152013550814,8.466420251570012e-05,0.00020101721474862684,0.00012571293709294447,0.022717500850301067,0.0018646012455797467,0.003698705961224449,79245.80122594713,68388.68639691021,167440.14415014078,27531.416063994224,8001.929028142882,55339.53281439703,26434.67015499965,57200.388792508485,86842.12112254335,745469.3643425106,32720.502378469286,184138.86153135815,53971.83556801042,21875.255759644315,94611.52698438286,11768.919777810372,12109.11383904808,35634.22406576727,11088.342700933195,11171.721178691085,38550.49633352087,468909.8239647011,4634.092852795851,123912.90899902594,0.0,1541.495486594512,1167.9558882541728,0.0,74.54055918158251,3.6592959607483326,4712.832316529,0.0,4757.295292221724,103005.25991634878,91.51052236958633,4771.947094871546,0.0,0.00035141843742009346,0.0,0.0,0.0,0.0,2.251731074046858e-05,0.0,1.717307329969419e-06,0.0,0.0,0.0,0.0004291638887391711,0.1763581754142992,0.0,0.00020405617000961266,0.0,0.0,0.0,0.0,2.311797765768715e-05,0.0,1.7879127511507296e-06,0.0,0.0,0.0,0.00026927240907825936,0.09970377626704942
2026-09-22 09:36:13.819000006,0.0,636.8444583882228,0.0,0.0,0.0,0.0,154.0764010329111,0.0,15.665182526242178,0.0,0.0,0.0,556.6322470009237,272105.9244625259,0.0025129747653049096,0.000926402748461849,0.0017283727698071659,0.0015777885588136834,0.0015694865964391222,0.0018545152013550814,8.959893485732483e-05,0.00020101721474862684,0.00012571293709294447,0.022717500850301067,0.0018646012455797467,0.0038753872909404663,102918.23465307325,68388.68639691021,152194.1627258104,27531.416063994224,8001.929028142882,55339.53281439703,47722.92135726072,57200.388792508485,86842.12112254335,745469.3643425106,32720.502378469286,186103.36846901948,76886.57841779616,21875.255759644315,101560.58467638772,11768.919777810372,12109.11383904808,35634.22406576727,10961.415118125564,11171.721178691085,38550.49633352087,468909.8239647011,4634.092852795851,133580.06181985655,1025.3008504540137,1541.495486594512,1253.740285862878,0.0,74.54055918158251,3.6592959607483326,15298.874257430125,0.0,4757.295292221724,103005.25991634878,91.51052236958633,5035.33151059902,0.0,0.00035163216616301444,0.0,0.0,0.0,0.0,2.2459802267979402e-05,0.0,1.7055636269696967e-06,0.0,0.0,0.0,0.00042958615201672476,0.1768727745030246,0.0,0.00020405617000961266,0.0,0.0,0.0,0.0,2.310953602023527e-05,0.0,1.79540239479365e-06,0.0,0.0,0.0,0.0002693795527119756,0.09970377626704942
2026-09-22 09:36:28.819000006,0.0,634.141862814996,0.0,0.0,0.0,0.0,149.60527364677742,0.0,15.468825818232176,0.0,0.0,0.0,556.1209049922294,273337.2670711879,0.0025129747653049096,0.000926402748461849,0.001969589353558714,0.0017947965890003864,0.0015694865964391222,0.001970827767262134,8.959893485732482e-05,0.00020101721474862684,0.00012076788113656683,0.02271750085030106,0.0018646012455797467,0.004324467409962697,102918.23465307325,68388.68639691021,150454.3329807013,33739.65114776693,8001.929028142882,57837.943573329096,47722.921357260704,57200.388792508485,100249.6824462956,745469.3643425104,32720.502378469286,202699.6595249181,76886.57841779616,21875.255759644315,102393.88177571898,19129.602480726997,12109.11383904808,39259.15036788812,10961.41511812556,11171.721178691085,44093.10246253828,468909.823964701,4634.092852795851,148373.05231950458,1025.3008504540137,1541.495486594512,5898.687997975587,165.8228175201344,74.54055918158251,2817.0635278947716,15298.874257430121,0.0,14347.982911108566,103005.25991634875,91.51052236958633,5317.280514496856,0.0,0.0003524406623049898,0.0,0.0,0.0,0.0,2.2529612693664826e-05,0.0,1.709431808787879e-06,0.0,0.0,0.0,0.0004304349282512927,0.1772721076129853,0.0,0.00020480658388204618,0.0,0.0,0.0,0.0,2.321044032111786e-05,0.0,1.7959689118928968e-06,0.0,0.0,0.0,0.00026979780464006715,0.10028391390359123
2026-09-22 09:36:43.819000006,0.0,634.141862814996,0.0,0.0,0.0,0.0,148.8340677466732,0.0,15.665247703410389,0.0,0.0,0.0,556.1209049922294,273337.2670711879,0.0025129747653049096,0.0027929111353528564,0.001969589353558714,0.0017947965890003864,0.0015694865964391222,0.0020060025963421855,8.959893485732482e-05,0.0001795447882094215,0.00012076788113656683,0.023480539242987774,0.0018646012455797467,0.004371487583119056,102918.23465307325,66428.96030880255,150454.3329807013,33739.65114776693,8001.929028142882,37608.216551452075,47722.921357260704,57243.98809887605,100249.6824462956,692316.4087033215,32720.502378469286,207503.3556436971,76886.57841779616,23190.158596962323,102393.88177571898,19129.602480726997,12109.11383904808,28153.552997949533,10961.41511812556,11816.6858434554,44093.10246253828,440579.48560816766,4634.092852795851,159212.33158952065,1025.3008504540137,11847.706637576572,5898.687997975587,165.8228175201344,74.54055918158251,3062.6195533007035,15298.874257430121,0.0,14347.982911108566,139400.05789574364,91.51052236958633,5521.180875411851,0.0,0.0003532491584469651,0.0,0.0,0.0,0.0,2.2599423119350255e-05,0.0,1.713299990606061e-06,0.0,0.0,0.0,0.0004312837044858607,0.17767144072294602,0.0,0.00020480658388204618,0.0,0.0,0.0,0.0,2.3247170649561376e-05,0.0,1.8034922821302181e-06,0.0,0.0,0.0,0.00026990513199377173,0.10028391390359123
2026-09-22 09:36:58.819000006,0.0,626.9754209352903,0.0,0.0,0.0,0.0,150.9292364263663,0.0,15.468917739806596,0.0,0.0,0.0,552.3457482458178,274552.7454828959,0.0025129747653049096,0.002912180730435676,0.001969589353558714,0.0017947965890003864,0.0015694865964391222,0.0020060025963421855,8.959893485732482e-05,0.0001795447882094215,0.00012076788113656683,0.022565298581637708,0.0018646012455797467,0.004715372626824985,102918.23465307325,69625.9573364722,150454.3329807013,33739.65114776693,8001.929028142882,37608.216551452075,47722.921357260704,57243.98809887605,100249.6824462956,557054.3221605358,32720.502378469286,235402.04297306697,76886.57841779616,24313.76917080782,102393.88177571898,19129.602480726997,12109.11383904808,28153.552997949533,10961.41511812556,11816.6858434554,44093.10246253828,357811.27595708123,4634.092852795851,188077.26384266713,1025.3008504540137,12403.734027852455,5898.687997975587,165.8228175201344,74.54055918158251,3062.6195533007035,15298.874257430121,0.0,14347.982911108566,146861.8013483016,91.51052236958633,5333.7516067779925,0.0,0.00035405765458894036,0.0,0.0,0.0,0.0,2.266923354503568e-05,0.0,1.7171681724242426e-06,0.0,0.0,0.0,0.0004321324807204285,0.1780707738329068,0.0,0.00020513538648735046,0.0,0.0,0.0,0.0,2.3329470715524423e-05,0.0,1.8040261091668502e-06,0.0,0.0,0.0,0.0002700414026014251,0.10088780511427708
2026-09-22 09:37:13.819000006,0.0,626.9754209352903,0.0,0.0,0.0,0.0,149.89661118328146,0.0,15.66533996081301,0.0,0.0,0.0,552.3457482458178,274552.7454828959,0.0025129747653049096,0.0030791830002734953,0.001969589353558714,0.0018072899930345924,0.0014989547085054733,0.0020060025963421855,8.959893485732482e-05,0.0001795447882094215,0.00012076788113656683,0.023747671771270715,0.0018646012455797467,0.004806877559116024,102918.23465307325,73618.73594162507,150454.3329807013,36347.60157882517,8370.891766762776,37608.216551452075,47722.921357260704,57243.98809887605,100249.6824462956,586242.7724400182,32720.502378469286,235948.52480882948,76886.57841779616,25708.069530466553,102393.88177571898,20595.072208033434,12667.455682446323,28153.552997949533,10961.41511812556,11816.6858434554,44093.10246253828,376559.8184640391,4634.092852795851,189393.20249363463,1025.3008504540137,13115.040065787147,5898.687997975587,178.78987694450893,77.9775665278321,3062.6195533007035,15298.874257430121,0.0,14347.982911108566,154557.0443723289,91.51052236958633,5052.516459897065,0.0,0.0003546014041261978,0.0,0.0,0.0,0.0,2.257756626819585e-05,0.0,1.7055315222222223e-06,0.0,0.0,0.0,0.0004327926297958118,0.17857748133868978,0.0,0.00020513538648735046,0.0,0.0,0.0,0.0,2.3331528981568896e-05,0.0,1.8115832143731634e-06,0.0,0.0,0.0,0.000270148912235767,0.10088780511427708
2026-09-22 09:37:28.819000006,0.0,627.7468032395892,0.0,0.0,0.0,0.0,156.89423777284568,0.0,15.468969860947976,0.0,0.0,0.0,559.1891794853382,275976.755589522,0.0025129747653049096,0.0030791830002734953,0.001969589353558714,0.0018072899930345924,0.0018161828435791227,0.0020060025963421855,8.583041642921023e-05,0.0001795447882094215,0.00012406602652103452,0.023747671771270715,0.0018870707315301355,0.005308332991024909,102918.23465307325,73618.73594162507,150454.3329807013,36347.60157882517,15815.685984063644,37608.216551452075,67431.32986647036,57243.98809887605,107680.1625591803,586242.7724400182,35464.216771194035,232989.273761748,76886.57841779616,25708.069530466553,102393.88177571898,20595.072208033434,19885.219219729144,28153.552997949533,21451.070963043872,11816.6858434554,47361.27162745102,376559.8184640391,5022.6757391578085,191085.95951187419,1025.3008504540137,13115.040065787147,5898.687997975587,178.78987694450893,2800.5787812716208,3062.6195533007035,24110.73424991491,0.0,15411.451633197681,154557.0443723289,99.18396009395356,4828.1892191922225,0.0,0.00035540929709255867,0.0,0.0,0.0,0.0,2.264142106617565e-05,0.0,1.7093648555555558e-06,0.0,0.0,0.0,0.000433640973832509,0.17897705469911215,0.0,0.00020567788763351132,0.0,0.0,0.0,0.0,2.3854232700655324e-05,0.0,1.8120818148404135e-06,0.0,0.0,0.0,0.00027006313591679894,0.10149039744884311
2026-09-22 09:37:43.819000006,0.0,627.7468032395892,0.0,0.0,0.0,0.0,156.36614103396204,0.0,15.665391746126188,0.0,0.0,0.0,559.1891794853382,275976.755589522,0.00334964601260413,0.0030791830002734953,0.0022108720844427644,0.0018072899930345924,0.0018161828435791227,0.0020060025963421855,9.054119959303624e-05,0.0001795447882094215,0.00012406602652103452,0.023747671771270715,0.0020504845137433382,0.005472274199315211,91752.2575387845,73618.73594162507,154267.05801291933,36347.60157882517,15815.685984063644,37608.216551452075,71132.28328909948,57243.98809887605,107680.1625591803,586242.7724400182,35175.45118540667,235622.47817777502,66062.35102901254,25708.069530466553,104754.80107972442,20595.072208033434,19885.219219729144,28153.552997949533,22628.408183842374,11816.6858434554,47361.27162745102,376559.8184640391,7204.3916236997975,197731.84980146223,4850.643271227951,13115.040065787147,10544.873099195096,178.78987694450893,2800.5787812716208,3062.6195533007035,25434.046493956736,0.0,15411.451633197681,154557.0443723289,3062.6838823897774,4916.618613547728,0.0,0.0003562171900589195,0.0,0.0,0.0,0.0,2.260401265385803e-05,0.0,1.7131981888888888e-06,0.0,0.0,0.0,0.0004344893178692062,0.17937662805953447,0.0,0.00020567788763351132,0.0,0.0,0.0,0.0,2.3896914383535248e-05,0.0,1.8196726486166485e-06,0.0,0.0,0.0,0.000270170826201592,0.10149039744884311
2026-09-22 09:37:58.819000006,0.0,627.7940392006675,0.0,0.0,0.0,0.0,158.79480570340584,0.0,15.469048687953931,0.0,0.0,0.0,561.6429128311744,277290.98972794786,0.00334964601260413,0.0030791830002734953,0.0022108720844427644,0.0019808466787141227,0.0018161828435791227,0.0021099514871352016,9.054119959303624e-05,0.0001862630798808334,0.00012406602652103452,0.023747671771270715,0.0020504845137433382,0.0059014832250897185,91752.2575387845,73618.73594162507,154267.05801291933,35892.84486988574,15815.685984063644,40466.52273670131,71132.28328909948,48097.94880073575,107680.1625591803,586242.7724400182,35175.45118540667,252710.1086516876,66062.35102901254,25708.069530466553,104754.80107972442,19653.35462439456,19885.219219729144,31803.7946712047,22628.408183842374,13052.409535410461,47361.27162745102,376559.8184640391,7204.3916236997975,206292.34735587693,4850.643271227951,13115.040065787147,10544.873099195096,175.06996814889152,2800.5787812716208,5586.7313504864,25434.046493956736,0.0,15411.451633197681,154557.0443723289,3062.6838823897774,4980.659472043019,0.0,0.0003570250830252804,0.0,0.0,0.0,0.0,2.265108083567621e-05,0.0,1.7170315222222223e-06,0.0,0.0,0.0,0.0004353376619059035,0.17977620141995687,0.0,0.00020669118248829594,0.0,0.0,0.0,0.0,2.3673743807744233e-05,0.0,1.8201385566954397e-06,0.0,0.0,0.0,0.0002701168887812535,0.10208099612454086
2026-09-22 09:38:13.819000006,0.0,627.7940392006675,0.0,0.0,0.0,0.0,156.72934094288533,0.0,15.665470908960346,0.0,0.0,0.0,561.6429128311744,277290.98972794786,0.00334964601260413,0.004881223718627728,0.0022108720844427644,0.0019808466787141227,0.0018161828435791227,0.0021316182039565,9.054119959303624e-05,0.0001862630798808334,0.0001152298363212553,0.02452242312152684,0.0020504845137433382,0.00599588823626867,91752.2575387845,79088.33308113017,154267.05801291933,35892.84486988574,15815.685984063644,43301.36872125848,71132.28328909948,48097.94880073575,117591.10569445214,711377.5329048055,35175.45118540667,255946.38197264986,66062.35102901254,26297.84474372555,104754.80107972442,19653.354624394564,19885.219219729144,34031.78100459863,22628.408183842374,13052.409535410461,51473.38142985592,462658.3306388683,7204.3916236997975,208139.75121144933,4850.643271227951,22656.877148230615,10544.873099195096,175.06996814889152,2800.5787812716208,5978.104808462371,25434.046493956736,0.0,23507.748426493712,186095.2917997732,3062.6838823897774,5101.6968588457485,0.0,0.00035757570732262626,0.0,0.0,0.0,0.0,2.2830747427771073e-05,0.0,1.7054999907738097e-06,0.0,0.0,0.0,0.0004359521345112385,0.18029243446684506,0.0,0.00020669118248829594,0.0,0.0,0.0,0.0,2.3613315045199234e-05,0.0,1.827763121102167e-06,0.0,0.0,0.0,0.0002702247582261683,0.10208099612454086
2026-09-22 09:38:28.819000006,0.0,621.8041371952629,0.0,0.0,0.0,0.0,150.86494134043616,0.0,15.469100808871424,0.0,0.0,0.0,561.6234875335318,278652.15553720464,0.00334964601260413,0.004881223718627728,0.0022108720844427644,0.0019275139537059543,0.0018161828435791227,0.0021316182039565006,9.054119959303624e-05,0.0002326518587246626,0.0001152298363212553,0.02452242312152684,0.0020504845137433382,0.006218355686869138,91752.2575387845,79088.33308113017,154267.05801291933,37632.047736666485,15815.685984063644,43301.368721258485,71132.28328909948,43769.99432104493,117591.10569445214,711377.5329048055,35175.45118540667,279249.51022788545,66062.35102901254,26297.84474372555,104754.80107972442,20605.666173632715,19885.219219729144,34031.78100459864,22628.408183842374,11939.918610531216,51473.38142985592,462658.3306388683,7204.3916236997975,225609.6414676798,4850.643271227951,22656.877148230615,10544.873099195096,183.55305695379224,2800.5787812716208,5978.104808462373,25434.046493956736,0.0,23507.748426493712,186095.2917997732,3062.6838823897774,4823.022033857213,0.0,0.0003583830194438384,0.0,0.0,0.0,0.0,2.2866127862553683e-05,0.0,1.7092990979166666e-06,0.0,0.0,0.0,0.0004367999481476021,0.1806922665488797,0.0,0.0002071230673137079,0.0,0.0,0.0,0.0,2.3607627881651517e-05,0.0,1.828194304385346e-06,0.0,0.0,0.0,0.00027041483300243473,0.10268171236649594
2026-09-22 09:38:43.819000006,0.0,621.8041371952629,0.0,0.0,0.0,0.0,149.81928834439185,0.0,15.66552269404964,0.0,0.0,0.0,561.6234875335318,278652.15553720464,0.00334964601260413,0.004881223718627728,0.002260662176546326,0.0020272522293233778,0.0019279615137583685,0.0021316182039565006,8.686301124462567e-05,0.0002326518587246626,0.00011215138378397631,0.02452242312152684,0.0020504845137433382,0.006350268338536981,91752.2575387845,79088.33308113017,164213.9230915827,39579.29981335898,16065.120681495504,43301.368721258485,88905.74357843678,43769.99432104493,127601.00700160307,711377.5329048055,35175.45118540667,285370.18139378564,66062.35102901254,26297.84474372555,111506.75981574705,21671.896385951026,19910.918801974174,34031.78100459864,32000.0,11939.918610531216,56585.76987183871,462658.3306388683,7204.3916236997975,230113.56693208968,4850.643271227951,22656.877148230615,11225.308289059632,193.05092095092664,5143.884794807653,5978.104808462373,34296.54944328079,0.0,24157.844784213274,186095.2917997732,3062.6838823897774,5015.41397437371,0.0,0.0003591903315650505,0.0,0.0,0.0,0.0,2.290150829733629e-05,0.0,1.7130982050595237e-06,0.0,0.0,0.0,0.00043764776178396576,0.18109209863091436,0.0,0.0002071230673137079,0.0,0.0,0.0,0.0,2.3613955918173037e-05,0.0,1.835852599365865e-06,0.0,0.0,0.0,0.00027052288010611926,0.10268171236649594
2026-09-22 09:38:58.819000006,0.0,617.2919842124026,0.0,0.0,0.0,0.0,145.42388880982736,0.0,15.469179248387945,0.0,0.0,0.0,559.1148413503752,279774.1231463381,0.003979747710090337,0.005126598543150674,0.002260662176546326,0.002126400257849355,0.001971533861733964,0.0022177463057675255,8.686301124462567e-05,0.0002326518587246626,0.00011215138378397631,0.024796225692511723,0.0020705036472389005,0.006530480925888144,78565.25231686565,83296.50970878344,164213.9230915827,38187.27641291058,17176.215466018995,75597.23875594678,88905.74357843678,43769.99432104493,127601.00700160307,773362.6442116802,37844.13254497498,303864.37685873517,57888.82998510235,27697.11529725558,111506.75981574705,21163.024899688255,21287.99641468245,58497.86332305405,32000.0,11939.918610531216,56585.76987183871,502614.5916736204,7750.9724061852285,236327.99475175753,8796.128403865128,23862.417044652382,11225.308289059632,181.8441733948123,5499.645805323039,5663.465012826928,34296.54944328079,0.0,24157.844784213274,202589.10172232694,3295.0427324327525,4796.89324838778,0.0,0.00035999764368626263,0.0,0.0,0.0,0.0,2.29368887321189e-05,0.0,1.7168973122023812e-06,0.0,0.0,0.0,0.0004384955754203295,0.18149193071294892,0.0,0.00020739270571141683,0.0,0.0,0.0,0.0,2.3896584777881425e-05,0.0,1.836251102259396e-06,0.0,0.0,0.0,0.00027083416076434993,0.10326911497870717
2026-09-22 09:39:13.819000006,0.0,617.2919842124026,0.0,0.0,0.0,0.0,145.01799994016804,0.0,15.665600965652487,0.0,0.0,0.0,559.1148413503752,279774.1231463381,0.003979747710090337,0.005370030803044624,0.002524023656431593,0.002126400257849355,0.001971533861733964,0.0022177463057675255,8.501315752637968e-05,0.0002326518587246626,0.00011215138378397631,0.024796225692511723,0.002227007730209132,0.006790229854829054,78565.25231686565,87251.77506241218,198356.64821373313,38187.27641291058,17176.215466018995,75597.23875594678,72202.8514743821,43769.99432104493,127601.00700160307,773362.6442116802,62486.3120551845,313952.34316109924,57888.82998510235,29012.28973750159,136021.62087817627,21163.024899688255,21287.99641468245,58497.86332305405,23176.586579856583,11939.918610531216,56585.76987183871,502614.5916736204,7452.002189860944,261115.36917925213,8796.128403865128,24995.504033777463,14953.505484303547,181.8441733948123,5499.645805323039,5663.465012826928,35697.52451352435,0.0,24157.844784213274,202589.10172232694,5955.861162816162,4822.398545758101,0.0,0.0003602645080606106,0.0,0.0,0.0,0.0,2.3299125709711204e-05,0.0,1.7054690174041298e-06,0.0,0.0,0.0,0.00043913312184520615,0.1819920595292972,0.0,0.00020739270571141683,0.0,0.0,0.0,0.0,2.3941606742247177e-05,0.0,1.8439431363772778e-06,0.0,0.0,0.0,0.0002709423841655154,0.10326911497870717
2026-09-22 09:39:28.819000006,0.0,615.6445470282746,0.0,0.0,0.0,0.0,141.05470599949797,0.0,15.469271429120983,0.0,0.0,0.0,563.5760723216003,281074.08040007675,0.003979747710090337,0.005370030803044624,0.002524023656431593,0.002126400257849355,0.001971533861733964,0.0022447276602390372,8.613551276827203e-05,0.0002326518587246626,0.00011215138378397631,0.025328525731738157,0.002227007730209132,0.006868591030811913,78565.25231686565,87251.77506241218,198356.64821373313,38187.27641291058,17176.215466018995,80916.81809412694,73156.08331742595,43769.99432104493,127601.00700160307,726579.6084053456,62486.3120551845,336812.2327889741,57888.82998510235,29012.28973750159,136021.62087817627,21163.024899688255,21287.99641468245,62614.20447759822,23482.567020931274,11939.918610531216,56585.76987183871,472141.3175827887,7452.002189860944,278332.71247431246,8796.128403865128,24995.504033777463,14953.505484303547,181.8441733948123,5499.645805323039,6061.988185902088,36168.808076282294,0.0,24157.844784213274,190296.035119553,5955.861162816162,4891.7231200763335,0.0,0.00036107061091346354,0.0,0.0,0.0,0.0,2.338719862637787e-05,0.0,1.709234504129793e-06,0.0,0.0,0.0,0.000439980462686047,0.1823921120850255,0.0,0.0002078804514309921,0.0,0.0,0.0,0.0,2.4371257448074446e-05,0.0,1.8443084405238937e-06,0.0,0.0,0.0,0.00027072587192749546,0.10386177414938955
2026-09-22 09:39:43.819000006,0.0,615.6445470282746,0.0,0.0,0.0,0.0,139.47372685227475,0.0,15.66569381804193,0.0,0.0,0.0,563.5760723216003,281074.08040007675,0.003979747710090337,0.006919844225703635,0.0025916080631222544,0.002126400257849355,0.002046567122677758,0.0022447276602390372,8.978841935138741e-05,0.0002244240367831073,0.00011215138378397631,0.025328525731738157,0.002227007730209132,0.007358704342040499,78565.25231686565,124471.9904816339,209251.83881372822,38187.27641291058,52645.80314274919,80916.81809412694,76258.547443507,42765.67818494116,127601.00700160307,726579.6084053456,62486.3120551845,364287.47139224067,57888.82998510235,51082.3583495745,143492.9181527256,21163.024899688255,51262.317971568045,62614.20447759822,24478.435285975196,11665.953463623338,56585.76987183871,472141.3175827887,7452.002189860944,309473.2189367374,8796.128403865128,23154.979044270793,15774.860825083495,181.8441733948123,5191.56304135147,6061.988185902088,37702.685020635436,0.0,24157.844784213274,190296.035119553,5955.861162816162,4769.97311287861,0.0,0.00036187671376631636,0.0,0.0,0.0,0.0,2.3475271543044535e-05,0.0,1.7129999908554572e-06,0.0,0.0,0.0,0.0004408278035268878,0.18279216464075385,0.0,0.0002078804514309921,0.0,0.0,0.0,0.0,2.4346929311456662e-05,0.0,1.852034211633521e-06,0.0,0.0,0.0,0.00027083427013205975,0.10386177414938955
2026-09-22 09:39:58.819000006,0.0,617.7121089849684,0.0,0.0,0.0,0.0,141.984004734717,0.0,15.469323679063342,0.0,0.0,0.0,568.5888580377781,282322.24220705515,0.003979747710090337,0.006919844225703635,0.0025916080631222544,0.002126400257849355,0.002046567122677758,0.0022447276602390372,8.978841935138741e-05,0.00023663683075199107,0.00010665151138180078,0.025328525731738157,0.002227007730209132,0.007553678808703959,78565.25231686565,124471.9904816339,209251.83881372822,38187.27641291058,52645.80314274919,80916.81809412694,76258.547443507,45092.917388454094,135772.73889171012,726579.6084053456,62486.3120551845,370350.64136966015,57888.82998510235,51082.3583495745,143492.9181527256,21163.024899688255,51262.317971568045,62614.20447759822,24478.435285975196,12300.795827855076,52647.14202455973,472141.3175827887,7452.002189860944,315032.37774151226,8796.128403865128,23154.979044270793,15774.860825083495,181.8441733948123,5191.56304135147,6061.988185902088,37702.685020635436,0.0,21969.755322810972,190296.035119553,5955.861162816162,4852.285900002273,0.0,0.0003626828166191692,0.0,0.0,0.0,0.0,2.3563344459711203e-05,0.0,1.7167654775811208e-06,0.0,0.0,0.0,0.0004416751443677287,0.1831922171964821,0.0,0.00020861837622440863,0.0,0.0,0.0,0.0,2.411912695076331e-05,0.0,1.852364255024971e-06,0.0,0.0,0.0,0.0002713037592142901,0.10445192426977587
2026-09-22 09:40:13.819000006,0.0,617.7121089849684,0.0,0.0,0.0,0.0,141.63011831102588,0.0,15.665745900069757,0.0,0.0,0.0,568.5888580377781,282322.24220705515,0.004455547189177367,0.006919844225703635,0.0025916080631222544,0.0020591435986261376,0.0020101108160117146,0.0022447276602390372,8.539318701128443e-05,0.00023663683075199107,0.00010665151138180078,0.025328525731738157,0.002269544027398493,0.007772617770876753,125059.25863606535,124471.9904816339,209251.83881372822,40012.45554818679,55237.42410934971,80916.81809412694,72525.61577643675,45092.917388454094,135772.73889171012,726579.6084053456,66898.17843531494,404934.5684484374,91364.14329222123,51082.3583495745,143492.9181527256,22174.521793799897,53785.83342998794,62614.20447759822,23280.19155720447,12300.795827855076,52647.14202455973,472141.3175827887,7978.153227500525,343357.1594893322,8270.431256415002,23154.979044270793,15774.860825083495,190.5355026104133,5447.130680635322,6061.988185902088,35857.101127874186,0.0,21969.755322810972,190296.035119553,6376.376676769798,4704.168808318901,0.0,0.0003634398568781746,0.0,0.0,0.0,0.0,2.3981595632767117e-05,0.0,1.7054385874269007e-06,0.0,0.0,0.0,0.00044254897018412273,0.18368931327537413,0.0,0.00020861837622440863,0.0,0.0,0.0,0.0,2.4166296143157145e-05,0.0,1.8601237587783957e-06,0.0,0.0,0.0,0.00027141233071576457,0.10445192426977587
2026-09-22 09:40:28.819000006,0.0,613.0994959891128,0.0,0.0,0.0,0.0,142.76898926809682,0.0,15.469397070992358,0.0,0.0,0.0,566.572178872575,283646.3799435125,0.00464890112140872,0.006919844225703635,0.0025916080631222544,0.002086528629360496,0.002106781893065874,0.002392723288665986,8.665482517794395e-05,0.00023663683075199107,9.346107964418897e-05,0.026093251231262625,0.002269544027398493,0.008041970247390293,135296.79780870597,124471.9904816339,209251.83881372822,40544.59052200567,57893.925054378764,77785.87498345757,69079.51493923017,45092.917388454094,130427.48048581171,737876.1006199262,66898.17843531494,422223.7338180664,98838.32652574487,51082.3583495745,143492.9181527256,22469.425928338187,56372.523878352884,59852.66222594732,22174.018424350124,12300.795827855076,48681.38379312612,599065.7293799303,7978.153227500525,347740.3573423795,8948.694117315063,23154.979044270793,15774.860825083495,193.06947867621747,5709.096332258733,5597.830992510952,34153.328124450556,0.0,24219.498220005447,193116.95563159473,6376.376676769798,4779.795386529492,0.0,0.0003642458509257937,0.0,0.0,0.0,0.0,2.407812563276712e-05,0.0,1.7091710435672514e-06,0.0,0.0,0.0,0.00044339636750555125,0.18408957729624664,0.0,0.00020895952189743796,0.0,0.0,0.0,0.0,2.3983099459377322e-05,0.0,1.8604211265858393e-06,0.0,0.0,0.0,0.0002710877138837671,0.1050491072438388
2026-09-22 09:40:43.819000006,0.0,613.0994959891128,0.0,0.0,0.0,0.0,141.9260682597064,0.0,15.66581257565292,0.0,0.0,0.0,566.572178872575,283646.3799435125,0.00464890112140872,0.007469886211245337,0.0025649688038952546,0.0024493906231070556,0.002106781893065874,0.0024298113363362024,8.665482517794395e-05,0.00023663683075199107,9.346107964418897e-05,0.026093251231262625,0.0021675765663919616,0.008240214637821376,135296.79780870597,134424.21406438138,215223.1175166919,41962.189108302264,57893.925054378764,82287.9629745989,69079.51493923017,45092.917388454094,130427.48048581171,737876.1006199262,63892.53619235296,451326.72723147715,98838.32652574487,55166.675226502775,147569.66547366153,23778.32877904759,56372.523878352884,63312.57416659635,22174.018424350124,12300.795827855076,48681.38379312612,599065.7293799303,7619.705883757299,363291.86501896946,8948.694117315063,25006.347594020288,16229.33861425384,183.78674276586483,5709.096332258733,5923.145004784363,34153.328124450556,0.0,24219.498220005447,193116.95563159473,6089.8949287612495,4699.698019019024,0.0,0.00036505184497341277,0.0,0.0,0.0,0.0,2.4174655632767118e-05,0.0,1.7129034997076023e-06,0.0,0.0,0.0,0.0004442437648269799,0.1844898413171191,0.0,0.00020895952189743796,0.0,0.0,0.0,0.0,2.3995123228726566e-05,0.0,1.8682143629452585e-06,0.0,0.0,0.0,0.000271196457254167,0.1050491072438388
2026-09-22 09:40:58.819000006,0.0,610.9200393921569,0.0,0.0,0.0,0.0,133.54560295652402,0.0,15.469467722025414,0.0,0.0,0.0,561.7475482485537,284826.5770540685,0.004648901121408721,0.007469886211245337,0.003064750411918135,0.0024493906231070556,0.002106781893065874,0.0024298113363362024,8.847792492754243e-05,0.00023663683075199107,9.346107964418897e-05,0.026093251231262625,0.0021392072660494804,0.008421455104146972,135296.797808706,134424.21406438138,209258.66854870258,41962.189108302264,57893.925054378764,82287.9629745989,74131.58434859921,45092.917388454094,130427.48048581171,737876.1006199262,63056.30896191153,455985.42118150933,98838.3265257449,55166.675226502775,142992.75433995522,23778.32877904759,56372.523878352884,63312.57416659635,23795.695708317646,12300.795827855076,48681.38379312612,599065.7293799303,7519.978968413541,367079.18024354475,8948.694117315064,25006.347594020288,15516.18844953925,183.78674276586483,5709.096332258733,5923.145004784363,36651.101659737666,0.0,24219.498220005447,193116.95563159473,6010.190220301627,4735.380978551067,0.0,0.0003658578390210318,0.0,0.0,0.0,0.0,2.4271185632767118e-05,0.0,1.7166359558479533e-06,0.0,0.0,0.0,0.0004450911621484084,0.1848901053379916,0.0,0.00020911196852807122,0.0,0.0,0.0,0.0,2.4017246643803573e-05,0.0,1.8684775066877055e-06,0.0,0.0,0.0,0.00027089482496610735,0.10562850329467377
2026-09-22 09:41:13.819000006,0.0,610.9200393921569,0.0,0.0,0.0,0.0,133.2315845857134,0.0,15.665889943031829,0.0,0.0,0.0,561.7475482485537,284826.5770540685,0.004648901121408721,0.007111171381797278,0.003064750411918135,0.0024493906231070556,0.0022265731313568277,0.0024298113363362024,8.847792492754243e-05,0.00023663683075199107,9.346107964418897e-05,0.026093251231262625,0.002411575654344877,0.008651006106858492,135296.797808706,127968.96726969762,209258.66854870258,41962.189108302264,89372.27974076265,82287.9629745989,74131.58434859921,45092.917388454094,130427.48048581171,737876.1006199262,61516.00299051762,461133.84196982585,98838.3265257449,52517.49103072474,142992.75433995522,23778.32877904759,82601.49076243264,63312.57416659635,23795.695708317646,12300.795827855076,48681.38379312612,599065.7293799303,8303.517241146004,372048.66961907485,8948.694117315064,23805.506314965194,15516.18844953925,183.78674276586483,5287.121608932413,5923.145004784363,36651.101659737666,0.0,24219.498220005447,193116.95563159473,5750.454159492018,4819.991611436295,0.0,0.00036652295221494593,0.0,0.0,0.0,0.0,2.4213758821066265e-05,0.0,1.7054086866666666e-06,0.0,0.0,0.0,0.00044525087986846656,0.1853858172600598,0.0,0.00020911196852807122,0.0,0.0,0.0,0.0,2.4026719804537816e-05,0.0,1.8763044800010604e-06,0.0,0.0,0.0,0.0002710037388560459,0.10562850329467377
2026-09-22 09:41:28.819000006,0.0,604.8865891074595,0.0,0.0,0.0,0.0,137.7333718628365,0.0,15.469559774417771,0.0,0.0,0.0,582.3773514585075,286138.1833911365,0.005104004492928741,0.009489799476821176,0.003064750411918135,0.0024493906231070556,0.0022265731313568277,0.0024298113363362024,8.847792492754243e-05,0.00022906463776261378,9.346107964418897e-05,0.026093251231262625,0.0024438588299942267,0.008745861579293548,175829.15978828777,124478.17648588467,209258.66854870258,41962.189108302264,89372.27974076265,82287.9629745989,74131.58434859921,41313.72991473066,130427.48048581171,737876.1006199262,65309.68528024523,479779.280675769,126499.96085706021,52924.56271171263,142992.75433995522,23778.32877904759,82601.49076243264,63312.57416659635,23795.695708317646,11269.879750525331,48681.38379312612,599065.7293799303,8815.593851601972,387121.6720032781,8375.47269354482,22642.655778301683,15516.18844953925,183.78674276586483,5287.121608932413,5923.145004784363,36651.101659737666,0.0,24219.498220005447,193116.95563159473,6105.083768735617,4587.892744116786,0.0,0.0003673286365807277,0.0,0.0,0.0,0.0,2.4190988535462536e-05,0.0,1.7091086866666664e-06,0.0,0.0,0.0,0.00044609676334929246,0.18578628746478593,0.0,0.00020945494052298534,0.0,0.0,0.0,0.0,2.4071598722833302e-05,0.0,1.8765349539769475e-06,0.0,0.0,0.0,0.00027304607771985013,0.10622876358660212
2026-09-22 09:41:43.819000006,0.0,604.8865891074595,0.0,0.0,0.0,0.0,136.94964415181548,0.0,15.665982499168642,0.0,0.0,0.0,582.9850767298923,286138.1833911365,0.00510400449292874,0.009489799476821176,0.003064750411918135,0.0024493906231070556,0.0022265731313568277,0.0024298113363362024,8.847792492754243e-05,0.00022616938849807108,9.481064574986487e-05,0.026093251231262625,0.0024438588299942267,0.009274447296037276,175829.15978828774,124478.17648588467,209258.66854870258,41962.189108302264,89372.27974076265,82287.9629745989,74131.58434859921,45277.31055354733,119847.97112431837,737876.1006199262,65309.68528024523,510008.7494621443,126499.96085706018,52924.56271171263,142992.75433995522,23778.32877904759,82601.49076243264,63312.57416659635,23795.695708317646,12351.096025917766,44731.31703005812,599065.7293799303,8815.593851601972,408226.57301773614,8375.472693544818,22642.655778301683,15516.18844953925,183.78674276586483,5287.121608932413,5923.145004784363,36651.101659737666,0.0,22254.298640971774,193116.95563159473,6105.083768735617,4589.50481370619,0.0,0.0003681343209465094,0.0,0.0,0.0,0.0,2.4252600714949715e-05,0.0,1.712808686666667e-06,0.0,0.0,0.0,0.00044694264683011847,0.18618675766951215,0.0,0.00020945494052298534,0.0,0.0,0.0,0.0,2.4123767896556596e-05,0.0,1.88439565983959e-06,0.0,0.0,0.0,0.00027322449633232883,0.10622876358660212
2026-09-22 09:41:58.819000006,0.0,611.1575302942873,0.0,0.0,0.0,0.0,138.1024833930265,0.0,15.46962498942104,0.0,0.0,0.0,606.4446388349908,287195.06674360443,0.005412058043757322,0.009489799476821176,0.0030647504119181344,0.0024493906231070556,0.002274758216851004,0.002570196638661605,8.458403697395964e-05,0.00022616938849807108,9.481064574986487e-05,0.027051888519926237,0.0024438588299942267,0.009562107625503384,192474.21716197813,124478.17648588467,209258.66854870255,41962.189108302264,94758.3863133377,90018.64566652774,70869.07470552823,45277.31055354733,119847.97112431837,748509.6299249339,65309.68528024523,523871.91338248464,138470.93433792968,52924.56271171263,142992.7543399552,23778.32877904759,87579.5492117699,69824.81847895234,22748.454004337582,12351.096025917766,44731.31703005812,608234.8184960518,8815.593851601972,431787.02151753515,9169.072890990494,22642.655778301683,15516.188449539246,183.78674276586483,5605.755088244748,6031.193103296992,35038.097248125785,0.0,22254.298640971774,144980.57524950278,6105.083768735617,4728.176515856589,0.0,0.0003689400053122911,0.0,0.0,0.0,0.0,2.4314212894436893e-05,0.0,1.7165086866666668e-06,0.0,0.0,0.0,0.0004477885303109444,0.18658722787423832,0.0,0.00021049717821844592,0.0,0.0,0.0,0.0,2.3852369695205013e-05,0.0,1.8845913852509624e-06,0.0,0.0,0.0,0.00027554176076976893,0.10680896956191406
2026-09-22 09:42:13.819000006,0.0,611.1575302942873,0.0,0.0,0.0,0.0,137.46816230085605,0.0,15.666047378341986,0.0,0.0,0.0,607.5623038716657,287195.06674360443,0.005412058043757322,0.010410284900823862,0.003161098422891108,0.00246639180552887,0.002274758216851004,0.002570196638661605,9.093497719722567e-05,0.00022616938849807108,9.446012330121265e-05,0.027051888519926237,0.0024438588299942267,0.00967310640396202,192474.21716197813,106501.96649672251,194458.9024868701,78053.94527506165,94758.3863133377,90018.64566652774,68136.55439969614,45277.31055354733,111691.03764686354,748509.6299249339,65309.68528024523,553165.8638774324,138470.93433792968,58138.47390773829,134766.92487457616,54244.55626957099,87579.5492117699,69824.81847895234,21871.334996485046,12351.096025917766,39531.72704703406,608234.8184960518,8815.593851601972,462970.69553333096,9169.072890990494,24873.317505509785,16500.88417413587,177.92100586975528,5605.755088244748,6031.193103296992,33687.12275599297,0.0,24320.97554349877,144980.57524950278,6105.083768735617,4747.92968114878,0.0,0.0003698043254614523,0.0,0.0,0.0,0.0,2.4729211619839677e-05,0.0,1.7053793014367814e-06,0.0,0.0,0.0,0.0004530162832255185,0.18707926313705076,0.0,0.00021049717821844592,0.0,0.0,0.0,0.0,2.39028749931147e-05,0.0,1.8924858302604139e-06,0.0,0.0,0.0,0.0002757787225226018,0.10680896956191406
2026-09-22 09:42:28.819000006,0.0,609.5352077758874,0.0,0.0,0.0,0.0,146.2889495163534,0.0,15.469691111927986,0.0,0.0,0.0,627.630551075624,288554.13970267645,0.005412058043757322,0.010410284900823862,0.0033476314032690434,0.002499070280433055,0.002381709369044696,0.002570196638661605,9.459273494510227e-05,0.00026328751342142274,9.446012330121265e-05,0.027051888519926237,0.0025923128527455697,0.009970881268798627,192474.21716197813,106501.96649672251,224021.25122128456,79088.12155075553,96417.13675021532,90018.64566652774,72161.1446336339,56164.51314820906,111691.03764686354,748509.6299249339,65166.99526480139,596955.257365352,138470.93433792968,58138.47390773829,154304.7839586658,54963.26988464633,89666.80385843194,69824.81847895234,23163.198989396726,16066.350991314579,39531.72704703406,608234.8184960518,9111.993906160213,498460.9433708412,9169.072890990494,24873.317505509785,15135.320072181828,180.27837144006276,5262.851352145899,6031.193103296992,35676.90440033507,0.0,24320.97554349877,144980.57524950278,6057.633113426493,4772.4461356702495,0.0,0.0003706101375959552,0.0,0.0,0.0,0.0,2.4826695305906698e-05,0.0,1.7090474048850574e-06,0.0,0.0,0.0,0.00045398588142239954,0.18747992944745862,0.0,0.00021105084036205583,0.0,0.0,0.0,0.0,2.4536710215883778e-05,0.0,1.8926478270246896e-06,0.0,0.0,0.0,0.0002782530983489016,0.10741715922484708
2026-09-22 09:42:43.819000006,0.0,609.5352077758874,0.0,0.0,0.0,0.0,145.51029099241435,0.0,15.666114340425894,0.0,0.0,0.0,629.2926787351985,288554.13970267645,0.005412058043757322,0.010410284900823862,0.0033476314032690434,0.0026142779923348796,0.002381709369044696,0.002570196638661605,9.459273494510227e-05,0.00026328751342142274,9.446012330121265e-05,0.027051888519926237,0.0025923128527455697,0.010106524451307062,192474.21716197813,106501.96649672251,224021.25122128456,82734.10205551228,96417.13675021532,90018.64566652774,72161.1446336339,56164.51314820906,111691.03764686354,748509.6299249339,65166.99526480139,599025.5147020745,138470.93433792968,58138.47390773829,154304.7839586658,57497.08920602823,89666.80385843194,69824.81847895234,23163.198989396726,16066.350991314579,39531.72704703406,608234.8184960518,9111.993906160213,503173.45784303447,9169.072890990494,24873.317505509785,15135.320072181828,188.5892456246006,5262.851352145899,6031.193103296992,35676.90440033507,0.0,24320.97554349877,144980.57524950278,6057.633113426493,4682.615294619941,0.0,0.00037141594973045806,0.0,0.0,0.0,0.0,2.4924178991973716e-05,0.0,1.7127155083333334e-06,0.0,0.0,0.0,0.00045495547961928065,0.18788059575786645,0.0,0.00021105084036205583,0.0,0.0,0.0,0.0,2.4593486921173202e-05,0.0,1.9005759956512736e-06,0.0,0.0,0.0,0.0002785527290875154,0.10741715922484708
2026-09-22 09:42:58.819000006,0.0,609.3105482274293,0.0,0.0,0.0,0.0,137.32812217468043,0.0,15.46976968121938,0.0,0.0,0.0,647.2354406978757,289652.85722834396,0.005839271065663218,0.010410284900823862,0.0033476314032690434,0.0026142779923348796,0.0023111180890106942,0.002570196638661605,9.459273494510227e-05,0.00026328751342142274,9.263258447899494e-05,0.027051888519926237,0.0025923128527455697,0.010336628788652292,188534.92285017416,106501.96649672251,224021.25122128456,82734.10205551228,100666.75798960349,90018.64566652774,72161.1446336339,56164.51314820906,104059.75836529233,748509.6299249339,65166.99526480139,611964.879857926,138080.86188681217,58138.47390773829,154304.7839586658,57497.08920602823,93618.90165959379,69824.81847895234,23163.198989396726,16066.350991314579,36830.725642314545,608234.8184960518,9111.993906160213,513977.07248196425,8558.598651345395,24873.317505509785,15135.320072181828,188.5892456246006,5494.813487090464,6031.193103296992,35676.90440033507,0.0,22659.247255509195,144980.57524950278,6057.633113426493,4840.774734151868,0.0,0.00037222176186496104,0.0,0.0,0.0,0.0,2.5021662678040737e-05,0.0,1.7163836117816091e-06,0.0,0.0,0.0,0.0004559250778161617,0.18828126206827425,0.0,0.00021113893622833283,0.0,0.0,0.0,0.0,2.4572083357290367e-05,0.0,1.9007048357745626e-06,0.0,0.0,0.0,0.0002808687356589827,0.10798989472190056
2026-09-22 09:43:13.819000006,0.0,609.3105482274293,0.0,0.0,0.0,0.0,137.33811506227042,0.0,15.666192909717292,0.0,0.0,0.0,649.3692065700911,289652.85722834396,0.005839271065663218,0.012032313705358906,0.0033167816792698014,0.0026142779923348796,0.00234172469848231,0.0026325504488605854,9.103115538792013e-05,0.00026328751342142274,9.263258447899494e-05,0.027051888519926237,0.0025923128527455697,0.01031401696228454,188534.92285017416,139732.81872638216,206550.7030004675,82734.10205551228,101999.90845180265,125903.71450250219,68115.40686365713,56164.51314820906,104059.75836529233,748509.6299249339,65166.99526480139,618456.3159690518,138080.86188681217,76919.85763609302,144225.725208766,57497.08920602823,94858.71591914265,96305.6037238804,21864.5467922805,16066.350991314579,36830.725642314545,608234.8184960518,9111.993906160213,516239.34326781007,8558.598651345395,22573.847413773867,15766.691299245598,188.5892456246006,5567.582425777944,5625.596562571933,33676.66728684268,0.0,22659.247255509195,144980.57524950278,6057.633113426493,4776.392639032384,0.0,0.0003733490206184059,0.0,0.0,0.0,0.0,2.471717856635803e-05,0.0,1.7053504185185184e-06,0.0,0.0,0.0,0.00046131162150584543,0.18877673020276825,0.0,0.00021113893622833283,0.0,0.0,0.0,0.0,2.4625765148664712e-05,0.0,1.9086667457502688e-06,0.0,0.0,0.0,0.00028122287409926186,0.10798989472190056
2026-09-22 09:43:28.819000006,0.0,604.2054456905594,0.0,0.0,0.0,0.0,143.57992241190377,0.0,15.469835285428148,0.0,0.0,0.0,667.9162917536695,290998.58279711637,0.005839271065663218,0.012032313705358906,0.003360794627267295,0.0026142779923348796,0.0024485287577292215,0.0026325504488605854,9.335552310009662e-05,0.0002685012155681939,9.263258447899494e-05,0.0247788058181818,0.0025923128527455697,0.010887285482272026,188534.92285017416,139732.81872638216,209291.58444190343,82734.10205551228,106652.0369759312,125903.71450250219,73751.5912077246,57584.26943236312,104059.75836529233,573335.7381818183,65166.99526480139,637170.2603296753,138080.86188681217,76919.85763609302,146139.56819191697,57497.08920602823,99185.14076390781,96305.6037238804,23673.720692796873,16473.530054644812,36830.725642314545,499909.3527272728,9111.993906160213,530185.923751079,8558.598651345395,22573.847413773867,15975.911751886002,188.5892456246006,5821.515094998302,5625.596562571933,36463.23076289151,0.0,22659.247255509195,145467.5781818182,6057.633113426493,4652.335450836074,0.0,0.00037415552714014494,0.0,0.0,0.0,0.0,2.4808681542548502e-05,0.0,1.7089871706552707e-06,0.0,0.0,0.0,0.0004623936570130918,0.189177597818221,0.0,0.00021182229408475196,0.0,0.0,0.0,0.0,2.47473574820354e-05,0.0,1.9087613298452297e-06,0.0,0.0,0.0,0.0002832182522046566,0.1085905193099232
2026-09-22 09:43:43.819000006,0.0,604.2054456905594,0.0,0.0,0.0,0.0,142.04769944441426,0.0,15.666258681842313,0.0,0.0,0.0,670.4897758708757,290998.58279711637,0.00610436641057166,0.012032313705358903,0.003521035839799439,0.0024996323502014077,0.0024485287577292215,0.002690797470679986,9.335552310009662e-05,0.0002685012155681939,9.263258447899494e-05,0.028119765656048862,0.0025923128527455697,0.011034582820268314,180815.46138825378,139732.81872638213,219270.5153148719,79105.90938269747,106652.0369759312,138427.66729655958,73751.5912077246,57584.26943236312,104059.75836529233,759818.8617187965,65166.99526480139,652984.9427148517,133498.09458640008,76919.85763609299,153107.43865207594,54975.631758825635,99185.14076390781,105885.3594888869,23673.720692796873,16473.530054644812,36830.725642314545,626570.5512336177,9111.993906160213,542945.8600388288,9126.224610711486,22573.847413773863,16737.636211232188,180.31891812787205,5821.515094998302,6185.188517951949,36463.23076289151,0.0,22659.247255509195,146192.5603789703,6057.633113426493,4737.790650617927,0.0,0.00037496203366188405,0.0,0.0,0.0,0.0,2.490018451873898e-05,0.0,1.7126239227920225e-06,0.0,0.0,0.0,0.00046347569252033814,0.18957846543367374,0.0,0.00021182229408475196,0.0,0.0,0.0,0.0,2.47471409219523e-05,0.0,1.9167569700072336e-06,0.0,0.0,0.0,0.00028362339218944595,0.1085905193099232
2026-09-22 09:43:58.819000006,0.0,605.6364974623193,0.0,0.0,0.0,0.0,131.62570981185297,0.0,15.469913854786714,0.0,0.0,0.0,692.0647934738718,291988.9567940337,0.00610436641057166,0.012702568875930917,0.003700763248707793,0.002795043814951365,0.0023261377724987315,0.002690797470679986,9.335552310009662e-05,0.00026850121556819387,9.02566972361618e-05,0.028119765656048862,0.002683241573044814,0.011271276025130016,180815.46138825378,147608.67118056348,205446.5951482222,82337.5648935069,101320.97935975336,138427.66729655958,73751.5912077246,57584.26943236311,109926.98836280411,759818.8617187965,72300.88149183449,638421.2407978557,133498.09458640008,81255.34199159555,144562.65972889986,57612.51139239228,94227.31984389639,105885.3594888869,23673.720692796873,16473.53005464481,38907.362583562615,626570.5512336177,10109.491605169153,534122.0828670955,9126.224610711486,23846.191972300392,15403.059541006924,172.34806567067213,5530.5236309357,6185.188517951949,36463.23076289151,0.0,23936.84983028994,146192.5603789703,6720.767346648296,4749.675975790391,0.0,0.00037576854018362316,0.0,0.0,0.0,0.0,2.499168749492946e-05,0.0,1.7162606749287749e-06,0.0,0.0,0.0,0.0004645577280275845,0.18997933304912645,0.0,0.00021286161256386078,0.0,0.0,0.0,0.0,2.450993612409671e-05,0.0,1.916818385129832e-06,0.0,0.0,0.0,0.0002860213498669774,0.10916359659680858
2026-09-22 09:44:13.819000006,0.0,605.6364974623191,0.0,0.0,0.0,0.0,131.26001592523835,0.0,15.666337251200877,0.0,0.0,0.0,695.0227480641017,291988.9567940336,0.006552377393420987,0.013353812032397558,0.003700763248707793,0.0028917224462645004,0.002579617234617552,0.002690797470679986,9.335552310009662e-05,0.00026850121556819387,9.047395272061326e-05,0.028119765656048862,0.0027994074525751343,0.011318981019128446,223009.67139208392,155176.3638166274,205446.5951482222,88428.95128330734,136255.94955788992,138427.66729655958,73751.5912077246,57584.26943236311,108048.24844353236,759818.8617187965,65591.24091518448,633575.6664428466,163757.14897920704,85421.1911135516,144562.65972889986,61874.722307079115,123773.6796629374,105885.3594888869,23673.720692796873,16473.53005464481,38242.40472082131,626570.5512336177,9171.314176571601,531600.7389467516,8436.05944769186,25068.75328894685,15403.059541006924,185.09848721753954,5248.62848440844,6185.188517951949,36463.23076289151,0.0,23527.749972397392,146192.5603789703,6097.069096158934,4700.099500080136,0.0,0.0003766296958611111,0.0,0.0,0.0,0.0,2.476224047487037e-05,0.0,1.7053220251412427e-06,0.0,0.0,0.0,0.0004692621767380428,0.19047156081898178,0.0,0.00021286161256386078,0.0,0.0,0.0,0.0,2.4553791059306896e-05,0.0,1.9248477599205816e-06,0.0,0.0,0.0,0.0002864712856747976,0.10916359659680858
2026-09-22 09:44:28.819000006,0.0,602.7231063964019,0.0,0.0,0.0,0.0,136.62935191701925,0.0,15.46999268401314,0.0,0.0,0.0,708.8899918257897,293107.30017174344,0.006552377393420987,0.013353812032397558,0.003700763248707793,0.0028917224462645004,0.002579617234617552,0.002690797470679986,9.335552310009662e-05,0.00026850121556819387,9.047395272061326e-05,0.028119765656048862,0.0027994074525751343,0.01148342778238198,223009.67139208392,155176.3638166274,205446.5951482222,88428.95128330734,136255.94955788992,138427.66729655958,73751.5912077246,57584.26943236311,108048.24844353236,759818.8617187965,65591.24091518448,633098.221958386,163757.14897920704,85421.1911135516,144562.65972889986,61874.722307079115,123773.6796629374,105885.3594888869,23673.720692796873,16473.53005464481,38242.40472082131,626570.5512336177,9171.314176571601,534138.5963415878,8436.05944769186,25068.75328894685,15403.059541006924,185.09848721753954,5248.62848440844,6185.188517951949,36463.23076289151,0.0,23527.749972397392,146192.5603789703,6097.069096158934,4689.067174339572,0.0,0.0003774363194243295,0.0,0.0,0.0,0.0,2.4773026507820564e-05,0.0,1.7089279573446329e-06,0.0,0.0,0.0,0.00047043471735977736,0.19087262079946346,0.0,0.00021331538762396035,0.0,0.0,0.0,0.0,2.5010286970196835e-05,0.0,1.9248754708835813e-06,0.0,0.0,0.0,0.0002886149094350269,0.10975697555680633
