timestamp,aggregator_energy,api-gateway_energy,authority_energy,clientone_energy,clientthree_energy,clienttwo_energy,kernel_processes_energy,orchestrator_energy,policy_energy,policy-enforcer_energy,rabbitmq_energy,server_energy,sidecar_energy,system_processes_energy,aggregator_cpu_usage,api-gateway_cpu_usage,authority_cpu_usage,clientone_cpu_usage,clientthree_cpu_usage,clienttwo_cpu_usage,orchestrator_cpu_usage,policy_cpu_usage,policy-enforcer_cpu_usage,rabbitmq_cpu_usage,server_cpu_usage,sidecar_cpu_usage,aggregator_memory_usage,api-gateway_memory_usage,authority_memory_usage,clientone_memory_usage,clientthree_memory_usage,clienttwo_memory_usage,orchestrator_memory_usage,policy_memory_usage,policy-enforcer_memory_usage,rabbitmq_memory_usage,server_memory_usage,sidecar_memory_usage,aggregator_memory_rss_usage,api-gateway_memory_rss_usage,authority_memory_rss_usage,clientone_memory_rss_usage,clientthree_memory_rss_usage,clienttwo_memory_rss_usage,orchestrator_memory_rss_usage,policy_memory_rss_usage,policy-enforcer_memory_rss_usage,rabbitmq_memory_rss_usage,server_memory_rss_usage,sidecar_memory_rss_usage,aggregator_memory_cache_usage,api-gateway_memory_cache_usage,authority_memory_cache_usage,clientone_memory_cache_usage,clientthree_memory_cache_usage,clienttwo_memory_cache_usage,orchestrator_memory_cache_usage,policy_memory_cache_usage,policy-enforcer_memory_cache_usage,rabbitmq_memory_cache_usage,server_memory_cache_usage,sidecar_memory_cache_usage,aggregator_carbon_coal,api-gateway_carbon_coal,authority_carbon_coal,clientone_carbon_coal,clientthree_carbon_coal,clienttwo_carbon_coal,kernel_processes_carbon_coal,orchestrator_carbon_coal,policy_carbon_coal,policy-enforcer_carbon_coal,rabbitmq_carbon_coal,server_carbon_coal,sidecar_carbon_coal,system_processes_carbon_coal,aggregator_carbon_emission,api-gateway_carbon_emission,authority_carbon_emission,clientone_carbon_emission,clientthree_carbon_emission,clienttwo_carbon_emission,kernel_processes_carbon_emission,orchestrator_carbon_emission,policy_carbon_emission,policy-enforcer_carbon_emission,rabbitmq_carbon_emission,server_carbon_emission,sidecar_carbon_emission,system_processes_carbon_emission
2026-09-22 16:36:39,0.0,0.0,0.0,0.0,0.0,0.0,313055.84175218554,0.0,0.0,0.0,0.0,0.0,262.0598963365522,136.565871243226,0.011350178491262039,0.02834321405876733,0.00573620063820169,0.004274176396986006,0.004301735475101725,0.003954827793545525,0.00319838891954647,0.00023671257015548777,0.0015929515903409998,0.041604169503464995,0.004109737771597792,0.021567322454984387,303055.80646498955,301162.04366143775,324613.1502838239,193494.07258612284,190185.08665650498,353532.753764276,135980.40892317836,79184.10818111953,168870.8840323801,1307826.9053753018,201245.31244184394,1406071.0394640309,257794.05714244506,168277.5906578911,261783.17409816658,157397.24718901404,161785.92564606972,228117.92285694854,50709.21038016774,6021.378501952321,69064.75749306304,772369.40651456,69096.23058004804,1132351.6277581002,21637.612255678818,58742.39999151552,5338.165557915763,0.0,85.37891322190231,15594.392329359383,54413.82799979548,17245.387009881928,50662.01664870318,178777.0957358156,32116.69101865098,7328.828339330323,0.0,0.0,0.0,0.0,0.0,0.0,0.1687111687981081,0.0,1.1937868686868689e-06,0.0,0.0,0.0,0.00014774305077728687,2.6404021531202436e-05,0.0,0.0,0.0,0.0,0.0,0.0,0.07694930317209167,0.0,1.1326884188177443e-06,0.0,0.0,0.0,9.332444429542161e-05,2.462375825086887e-05
2026-09-22 16:36:54,0.0,0.0,0.0,0.0,0.0,0.0,313302.3236388187,0.0,0.0,0.0,0.0,0.0,261.7574581242038,139.91550760561935,0.010701230898704433,0.02834321405876733,0.00573620063820169,0.004524593086296941,0.004301735475101725,0.003954827793545525,0.00319838891954647,0.00022827272159421265,0.0015929515903409998,0.041604169503464995,0.004109737771597792,0.021531571186623497,292120.8589689874,301162.04366143775,324613.1502838239,204830.55956229795,190185.08665650498,353532.753764276,135980.40892317836,86160.5703019634,168870.8840323801,1307826.9053753018,201245.31244184394,1426034.1241850925,249905.74983981214,168277.5906578911,261783.17409816658,166618.88286495899,161785.92564606972,228117.92285694854,50709.21038016774,5459.35859504285,69064.75749306304,772369.40651456,69096.23058004804,1151383.1622577854,16650.169223551315,58742.39999151552,5338.165557915763,0.0,85.37891322190231,15594.392329359383,54413.82799979548,15635.747157683778,50662.01664870318,178777.0957358156,32116.69101865098,4858.687972055818,0.0,0.0,0.0,0.0,0.0,0.0,0.1691322709323337,0.0,1.1967818181818182e-06,0.0,0.0,0.0,0.00014840350986745215,2.650024597564688e-05,0.0,0.0,0.0,0.0,0.0,0.0,0.07720144644270678,0.0,1.1335822523548852e-06,0.0,0.0,0.0,9.21175223101607e-05,2.5159660704247417e-05
2026-09-22 16:37:09,0.0,0.0,0.0,0.0,0.0,0.0,313302.25004351937,0.0,0.0,0.0,0.0,0.0,261.7574581242038,139.95006796576402,0.01126140814049182,0.02834321405876733,0.005709356022072199,0.004480447966244847,0.004301735475101725,0.003954827793545525,0.003331523842584791,0.00022827272159421265,0.0015929515903409998,0.041604169503464995,0.004109737771597792,0.021551330638976147,307412.507060201,301162.04366143775,309024.118235105,226782.65408581606,190185.08665650498,353532.753764276,141767.9599028761,86160.5703019634,168870.8840323801,1307826.9053753018,201245.31244184394,1429234.0353291163,262987.56397663476,168277.5906578911,250500.81339481135,185754.94890690868,161785.92564606972,228117.92285694854,52867.478196388525,5459.35859504285,69064.75749306304,772369.40651456,69096.23058004804,1155207.1641377183,17521.755488648298,58742.39999151552,4978.557556380547,0.0,85.37891322190231,15594.392329359383,56729.77046564904,15635.747157683778,50662.01664870318,178777.0957358156,32116.69101865098,4864.406628275856,0.0,0.0,0.0,0.0,0.0,0.0,0.1696093126411742,0.0,1.187779e-06,0.0,0.0,0.0,0.00014785278251391466,2.6330486049455133e-05,0.0,0.0,0.0,0.0,0.0,0.0,0.07720146650997795,0.0,1.1383316399679408e-06,0.0,0.0,0.0,9.244336318443971e-05,2.5216375298804916e-05
2026-09-22 16:37:24,0.0,0.0,0.0,0.0,0.0,0.0,314287.9854352415,0.0,0.0,0.0,0.0,0.0,258.37852258094307,140.5556447945578,0.01126140814049182,0.02834321405876733,0.005709356022072199,0.004480447966244847,0.004350494502158848,0.003991513629410017,0.006179767224162463,0.00022827272159421265,0.0026156348103855555,0.041604169503464995,0.003897190553305217,0.022274874758626082,307412.507060201,301162.04366143775,309024.118235105,226782.65408581606,167087.09897585807,382281.41341737175,136379.85276118855,86160.5703019634,161215.7330646742,1307826.9053753018,190837.3171557349,1451105.4142577955,262987.56397663476,168277.5906578911,250500.81339481135,185754.94890690868,144100.75481486524,243841.8374149304,52539.576204564735,5459.35859504285,67684.05959556713,772369.40651456,65522.71508575366,1174630.946256374,17521.755488648298,58742.39999151552,4978.557556380547,0.0,0.0,17212.412584822723,53559.21218481504,15635.747157683778,47477.07743778948,178777.0957358156,30455.681553776423,4869.665470462395,0.0,0.0,0.0,0.0,0.0,0.0,0.17003065630470532,0.0,1.1907439999999998e-06,0.0,0.0,0.0,0.00014850992003710576,2.6424907600491822e-05,0.0,0.0,0.0,0.0,0.0,0.0,0.07759138556098011,0.0,1.1391978700933961e-06,0.0,0.0,0.0,9.10161265033722e-05,2.5462352297249398e-05
2026-09-22 16:37:39,0.0,0.0,0.0,0.0,0.0,0.0,314288.04098342237,0.0,0.0,0.0,0.0,0.0,258.37852258094307,140.5748064036199,0.01126140814049182,0.02834321405876733,0.005709356022072199,0.004480447966244847,0.004350494502158848,0.003886648766712895,0.006439160966383719,0.00022827272159421265,0.0026156348103855555,0.041604169503464995,0.0039886706776670194,0.022966281119463097,307412.507060201,301162.04366143775,309024.118235105,226782.65408581606,167087.09897585807,390909.360654504,142104.35322991016,86160.5703019634,161215.7330646742,1307826.9053753018,216659.37257972985,1447719.8612201991,262987.56397663476,168277.5906578911,250500.81339481135,185754.94890690868,144100.75481486524,247406.7607713285,54744.90802242587,5459.35859504285,67684.05959556713,772369.40651456,81716.66215314134,1170870.7618782776,17521.755488648298,58742.39999151552,4978.557556380547,0.0,0.0,15614.063379095574,55807.342895098285,15635.747157683778,47477.07743778948,178777.0957358156,29024.040128402612,4875.560307908967,0.0,0.0,0.0,0.0,0.0,0.0,0.17045199996823646,0.0,1.193709e-06,0.0,0.0,0.0,0.00014916705756029682,2.6519329151528497e-05,0.0,0.0,0.0,0.0,0.0,0.0,0.07759154536713088,0.0,1.143970777550659e-06,0.0,0.0,0.0,9.134179213880425e-05,2.5521368673436342e-05
2026-09-22 16:37:54,0.0,0.0,0.0,0.0,0.0,0.0,315182.81707249035,0.0,0.0,0.0,0.0,0.0,256.584600888065,137.83625345679255,0.01126140814049182,0.02822925109762277,0.005709356022072199,0.004480447966244847,0.004350494502158848,0.003886648766712895,0.006439160966383717,0.00022827272159421265,0.0028230591111603138,0.041604169503464995,0.0039886706776670194,0.022990950056577853,307412.507060201,330920.3004318244,309024.118235105,226782.65408581606,167087.09897585807,390909.360654504,142104.35322991014,86160.5703019634,174474.21218765902,1307826.9053753018,216659.37257972985,1426327.91886818,262987.56397663476,184109.4332585801,250500.81339481135,185754.94890690868,144100.75481486524,247406.7607713285,54744.90802242586,5459.35859504285,73250.43747970754,772369.40651456,81716.66215314134,1139116.193428131,17521.755488648298,52034.83884447195,4978.557556380547,0.0,0.0,15614.063379095574,55807.34289509828,15635.747157683778,51381.620921623915,178777.0957358156,29024.040128402612,5343.389871585543,0.0,0.0,0.0,0.0,0.0,0.0,0.17087334363176757,0.0,1.1966739999999998e-06,0.0,0.0,0.0,0.00014982419508348795,2.6613750702565185e-05,0.0,0.0,0.0,0.0,0.0,0.0,0.07770484147307102,0.0,1.1448154461380938e-06,0.0,0.0,0.0,9.011171722170655e-05,2.5583693462341128e-05
2026-09-22 16:38:09,0.0,0.0,0.0,0.0,0.0,0.0,315182.5628718733,0.0,0.0,0.0,0.0,0.0,256.584600888065,137.85564621050372,0.01126140814049182,0.026558498775880634,0.005495639836430295,0.004480447966244847,0.004150763601682408,0.003886648766712895,0.006439160966383717,0.00022588258097287756,0.0028230591111603138,0.038485135717026324,0.0039886706776670194,0.02269250883668664,307412.507060201,343025.37817272445,318847.3966465014,226782.65408581606,159416.14186514716,390909.360654504,142104.35322991014,77999.2323307165,174474.21218765902,1178998.358406107,216659.37257972985,1402534.8809741654,262987.56397663476,186999.86142044945,257374.3461544697,185754.94890690868,137485.0991683116,247406.7607713285,54744.90802242586,93.86189209472505,73250.43747970754,810970.0062910867,81716.66215314134,1137280.8803222496,17521.755488648298,48273.82594589601,5229.491411601758,0.0,0.0,15614.063379095574,55807.34289509828,8478.857585890162,51381.620921623915,140322.2402735624,29024.040128402612,5328.7497946612575,0.0,0.0,0.0,0.0,0.0,0.0,0.1715318535884121,0.0,1.1877613861386138e-06,0.0,0.0,0.0,0.00014879997689942908,2.6701302651985705e-05,0.0,0.0,0.0,0.0,0.0,0.0,0.07770485477707732,0.0,1.1496118762066213e-06,0.0,0.0,0.0,9.043672650109057e-05,2.564287829511082e-05
2026-09-22 16:38:24,0.0,0.0,0.0,0.0,0.0,0.0,316039.10985117295,0.0,0.0,0.0,0.0,0.0,252.2234174087179,136.925887619217,0.01126140814049182,0.026558498775880634,0.005513782326134554,0.004480447966244847,0.004132618336166575,0.003886648766712895,0.006439160966383717,0.00022588258097287756,0.0028230591111603138,0.04028601213898972,0.004001484153845594,0.022147732166255166,307412.507060201,343025.37817272445,319899.9921191054,226782.65408581606,181624.69599862033,390909.360654504,142104.35322991014,77999.2323307165,174474.21218765902,1293771.2298119466,228599.30851819605,1393900.576908306,262987.56397663476,186999.86142044945,258224.003621885,185754.94890690868,154053.9265891661,247406.7607713285,54744.90802242586,93.86189209472505,73250.43747970754,885920.1585292734,86092.20971790604,1131396.5683070996,17521.755488648298,48273.82594589601,5246.755278397498,0.0,0.0,15614.063379095574,55807.34289509828,8478.857585890162,51381.620921623915,133810.00324810322,30651.020281766087,5036.7751655301,0.0,0.0,0.0,0.0,0.0,0.0,0.17195375854429584,0.0,1.1906970297029702e-06,0.0,0.0,0.0,0.00014944877897818767,2.6794926263881054e-05,0.0,0.0,0.0,0.0,0.0,0.0,0.07759319163731475,0.0,1.1504330776890237e-06,0.0,0.0,0.0,8.900201456836275e-05,2.5737032093926862e-05
2026-09-22 16:38:39,0.0,0.0,0.0,0.0,0.0,0.0,316039.10750785854,0.0,0.0,0.0,0.0,0.0,252.2234174087179,136.96025640227586,0.010449044463747365,0.026558498775880634,0.005441902414469501,0.004306085529470106,0.004132618336166575,0.003886648766712895,0.006439160966383717,0.00021414714951794827,0.0028230591111603138,0.04028601213898972,0.004001484153845594,0.022102051617958432,302282.57638908015,343025.37817272445,315729.6455556979,207663.29586270574,181624.69599862033,390909.360654504,142104.35322991014,73946.88513062791,174474.21218765902,1293771.2298119466,228599.30851819605,1397071.4119545585,255089.80113264197,186999.86142044945,254857.6903595423,170226.67035619472,154053.9265891661,247406.7607713285,54744.90802242586,88.98542133649568,73250.43747970754,885920.1585292734,86092.20971790604,1120471.671871857,15971.309297026044,48273.82594589601,5178.356440062552,0.0,0.0,15614.063379095574,55807.34289509828,8038.349727396776,51381.620921623915,133810.00324810322,30651.020281766087,4886.3770216073735,0.0,0.0,0.0,0.0,0.0,0.0,0.1723756635001796,0.0,1.1936326732673267e-06,0.0,0.0,0.0,0.0001500975810569463,2.68885498757764e-05,0.0,0.0,0.0,0.0,0.0,0.0,0.07759320410301265,0.0,1.1552530291236934e-06,0.0,0.0,0.0,8.932655942864863e-05,2.5795044939072533e-05
2026-09-22 16:38:54,0.0,0.0,0.0,0.0,0.0,0.0,316477.36377099913,0.0,0.0,0.0,0.0,0.0,252.02942816197117,138.04145065378813,0.010422157211541896,0.026558498775880634,0.005408695046508795,0.004306085529470106,0.004132618336166575,0.003886648766712895,0.006382286640641807,0.0002604188000593051,0.0025952636835984786,0.04028601213898972,0.004001484153845594,0.021967765519361505,280223.4081313359,343025.37817272445,333343.648178504,207663.29586270574,181624.69599862033,390909.360654504,114863.8461861203,84389.76523199244,160244.1913221647,1293771.2298119466,228599.30851819605,1400899.5778711091,238323.95322088632,186999.86142044945,265501.45129170653,170226.67035619472,154053.9265891661,247406.7607713285,40319.718338777246,5327.761515148381,67276.1720528965,885920.1585292734,86092.20971790604,1122914.8906383978,12802.103202669012,48273.82594589601,4952.247114719944,0.0,0.0,15614.063379095574,45182.80216852004,7654.464522757912,47190.96415550415,133810.00324810322,30651.020281766087,4804.357427382889,0.0,0.0,0.0,0.0,0.0,0.0,0.1727975684560633,0.0,1.196568316831683e-06,0.0,0.0,0.0,0.00015074638313570488,2.698217348767176e-05,0.0,0.0,0.0,0.0,0.0,0.0,0.07779404566158311,0.0,1.1560517427382118e-06,0.0,0.0,0.0,8.782162509134442e-05,2.5971997331840502e-05
2026-09-22 16:39:09,0.0,0.0,0.0,0.0,0.0,0.0,316478.1580174081,0.0,0.0,0.0,0.0,0.0,252.02942816197117,138.06084368939676,0.010422157211541896,0.02515065918021079,0.005408695046508795,0.004306085529470106,0.004132618336166575,0.0038647426638919857,0.006382286640641807,0.0002604188000593051,0.0025952636835984786,0.04028601213898972,0.004001484153845594,0.02173526826398366,280223.4081313359,324734.21109713614,333343.648178504,207663.29586270574,181624.69599862033,369909.07608172344,114863.8461861203,84389.76523199244,160244.1913221647,1293771.2298119466,228599.30851819605,1392391.7574522577,238323.95322088632,177065.49791533238,265501.45129170653,170226.67035619472,154053.9265891661,232227.9641649325,40319.718338777246,5327.761515148381,67276.1720528965,885920.1585292734,86092.20971790604,1115790.824096926,12802.103202669012,45694.77517055007,4952.247114719944,0.0,0.0,11385.223045587723,45182.80216852004,7654.464522757912,47190.96415550415,133810.00324810322,30651.020281766087,4735.508776224339,0.0,0.0,0.0,0.0,0.0,0.0,0.17339538717121666,0.0,1.1877441176470588e-06,0.0,0.0,0.0,0.00014992569908333332,2.6756648755843076e-05,0.0,0.0,0.0,0.0,0.0,0.0,0.07779415519646303,0.0,1.1608952264887088e-06,0.0,0.0,0.0,8.814792466042196e-05,2.6030749906408654e-05
2026-09-22 16:39:24,0.0,0.0,0.0,0.0,0.0,0.0,315940.6468211065,0.0,0.0,0.0,0.0,0.0,244.5489662200923,135.61874634262713,0.010422157211541896,0.02515065918021079,0.005408695046508795,0.004306085529470106,0.004092300449410447,0.0037078664719561445,0.006382286640641807,0.0002604188000593051,0.002838185394041635,0.04028601213898972,0.003774657926357442,0.02182913982960778,280223.4081313359,324734.21109713614,333343.648178504,207663.29586270574,192165.5198624215,372658.1525498559,114863.8461861203,84389.76523199244,148635.65756566115,1293771.2298119466,256472.33618435892,1389067.9775779913,238323.95322088632,177065.49791533238,265501.45129170653,170226.67035619472,162401.61901775788,229548.57783267173,40319.718338777246,5327.761515148381,61375.826524186865,885920.1585292734,98341.63596803807,1108619.3893413784,12802.103202669012,45694.77517055007,4952.247114719944,0.0,0.0,10355.987795439556,45182.80216852004,7654.464522757912,41324.729154561785,133810.00324810322,24148.273702052396,4674.108994602091,0.0,0.0,0.0,0.0,0.0,0.0,0.17381771932262977,0.0,1.1906509803921567e-06,0.0,0.0,0.0,0.00015056846144444444,2.6848539247296065e-05,0.0,0.0,0.0,0.0,0.0,0.0,0.07785531519766149,0.0,1.161667541122758e-06,0.0,0.0,0.0,8.693894104359427e-05,2.5983450700584918e-05
2026-09-22 16:39:39,0.0,0.0,0.0,0.0,0.0,0.0,315938.49652233557,0.0,0.0,0.0,0.0,0.0,241.42321095396218,135.66291955703653,0.010422157211541896,0.024868053932699866,0.005408695046508795,0.004161742512024438,0.004092300449410447,0.0037078664719561445,0.006382286640641807,0.0002680686509317158,0.002838185394041635,0.04028601213898972,0.003774657926357442,0.021655268966491326,280223.4081313359,302699.2070665873,333343.648178504,195896.86421235726,192165.5198624215,372658.1525498559,114863.8461861203,89869.79786787744,148635.65756566115,1293771.2298119466,256472.33618435892,1383402.936983484,238323.95322088632,162678.71866663726,265501.45129170653,160581.43924546055,162401.61901775788,229548.57783267173,40319.718338777246,5673.968661672192,61375.826524186865,885920.1585292734,98341.63596803807,1103724.2656079568,12802.103202669012,48921.00795872925,4952.247114719944,0.0,0.0,10355.987795439556,45182.80216852004,8151.864849904116,41324.729154561785,133810.00324810322,24148.273702052396,4882.476420214402,0.0,0.0,0.0,0.0,0.0,0.0,0.17424005147404287,0.0,1.1935578431372549e-06,0.0,0.0,0.0,0.00015121122380555555,2.694042973874906e-05,0.0,0.0,0.0,0.0,0.0,0.0,0.07785524133867255,0.0,1.166534541021603e-06,0.0,0.0,0.0,8.693894104359427e-05,2.60408844966672e-05
2026-09-22 16:39:54,0.0,0.0,0.0,0.0,0.0,0.0,314754.1690592162,0.0,0.0,0.0,0.0,0.0,240.80905715099811,135.92195645820254,0.010422157211541896,0.024868053932699866,0.00539202434647655,0.004161742512024438,0.004092300449410447,0.0037078664719561445,0.006382286640641809,0.0002680686509317158,0.002838185394041635,0.04028601213898972,0.003774657926357442,0.021507723392592732,280223.4081313359,302699.2070665873,351831.3131652286,195896.86421235726,192165.5198624215,372658.1525498559,114863.84618612033,89869.79786787744,148635.65756566115,1293771.2298119466,256472.33618435892,1364927.3803681256,238323.95322088632,162678.71866663726,279609.9490014811,160581.43924546055,162401.61901775788,229548.57783267173,40319.71833877726,5673.968661672192,61375.826524186865,885920.1585292734,98341.63596803807,1086731.10633981,12802.103202669012,48921.00795872925,5271.911269292326,0.0,0.0,10355.987795439556,45182.80216852005,8151.864849904116,41324.729154561785,133810.00324810322,24148.273702052396,5123.830501818012,0.0,0.0,0.0,0.0,0.0,0.0,0.17466238362545594,0.0,1.1964647058823528e-06,0.0,0.0,0.0,0.00015185398616666664,2.703232023020205e-05,0.0,0.0,0.0,0.0,0.0,0.0,0.07738372013202686,0.0,1.1672863209079727e-06,0.0,0.0,0.0,8.533244015495006e-05,2.60475119116575e-05
2026-09-22 16:40:09,0.0,0.0,0.0,0.0,0.0,0.0,314754.84697792976,0.0,0.0,0.0,0.0,0.0,237.650356935497,135.94431266278684,0.009826544802194654,0.024868053932699866,0.00539202434647655,0.004161742512024438,0.0038863369788499653,0.0037078664719561445,0.006782451947736157,0.0002680686509317158,0.0026416649957511007,0.037182631147268906,0.003774657926357442,0.02115563847550533,294792.47033878136,302699.2070665873,351831.3131652286,195896.86421235726,176201.35657125135,372658.1525498559,122217.20877041676,89869.79786787744,137891.12574572748,1329488.2785451326,256472.33618435892,1365722.6657472907,248875.77609448525,162678.71866663726,279609.9490014811,160581.43924546055,148904.06257023732,229548.57783267173,42900.90918416584,5673.968661672192,56939.10836473353,908706.7246475609,98341.63596803807,1088329.298182132,13577.934256086206,48921.00795872925,5271.911269292326,0.0,0.0,10355.987795439556,48075.31829044502,8151.864849904116,38337.458975767826,138145.3541364276,24148.273702052396,5046.333009170355,0.0,0.0,0.0,0.0,0.0,0.0,0.17495002495136625,0.0,1.1877271844660198e-06,0.0,0.0,0.0,0.00015042262498624862,2.719566431700368e-05,0.0,0.0,0.0,0.0,0.0,0.0,0.07738390022523914,0.0,1.1721768493279802e-06,0.0,0.0,0.0,8.533244015495006e-05,2.6106494685189557e-05
2026-09-22 16:40:24,0.0,0.0,0.0,0.0,0.0,0.0,313518.470352016,0.0,0.0,0.0,0.0,0.0,232.4161235889484,137.67627438257935,0.009539244083138908,0.024868053932699866,0.005118023405899392,0.004176533405630928,0.0038863369788499653,0.0037078664719561445,0.0064393998759452705,0.00026745725187045594,0.0026416649957511007,0.038089589750632716,0.003774657926357442,0.020931499957305335,281799.25813458057,302699.2070665873,325687.6180115778,172276.49311478372,176201.35657125135,372658.1525498559,116035.54069517368,96129.15802802164,137891.12574572748,1422198.3772667523,256472.33618435892,1377033.8109835787,237906.37864832737,162678.71866663726,258832.84078203855,144182.6116753085,148904.06257023732,229548.57783267173,40731.00869821354,5207.082326954005,56939.10836473353,967353.5179137408,98341.63596803807,1097262.5925000417,12979.4760224642,48921.00795872925,4880.168874729659,0.0,0.0,10355.987795439556,45643.69950882604,7481.083157611851,38337.458975767826,131056.7457224445,24148.273702052396,4895.733118899246,0.0,0.0,0.0,0.0,0.0,0.0,0.17537213383869246,0.0,1.1906058252427183e-06,0.0,0.0,0.0,0.00015070638653740375,2.7288682587045873e-05,0.0,0.0,0.0,0.0,0.0,0.0,0.07742724867048754,0.0,1.1729045093764566e-06,0.0,0.0,0.0,8.383802535100795e-05,2.628370265914779e-05
2026-09-22 16:40:39,0.0,0.0,0.0,0.0,0.0,0.0,313519.1256409042,0.0,0.0,0.0,0.0,0.0,229.2853814216398,137.6879282952332,0.009539244083138908,0.024868053932699866,0.005118023405899392,0.004176533405630928,0.0038863369788499653,0.0034502708071976577,0.006354619226598567,0.0002702011163852008,0.0026416649957511007,0.038089589750632716,0.003774657926357442,0.02081776771850355,281799.25813458057,302699.2070665873,325687.6180115778,172276.49311478372,176201.35657125135,336530.37361863063,114507.82558554344,86955.8084196272,137891.12574572748,1422198.3772667523,256472.33618435892,1383562.683332573,237906.37864832737,162678.71866663726,258832.84078203855,144182.6116753085,148904.06257023732,204746.72862825013,40194.747333411455,5492.060727658523,56939.10836473353,967353.5179137408,98341.63596803807,1086641.973854392,12979.4760224642,48921.00795872925,4880.168874729659,0.0,0.0,10901.688159476767,45042.758030195466,7890.515346297997,38337.458975767826,131056.7457224445,24148.273702052396,4824.570246772682,0.0,0.0,0.0,0.0,0.0,0.0,0.17579424272601873,0.0,1.1934844660194177e-06,0.0,0.0,0.0,0.00015099014808855885,2.7381700857088064e-05,0.0,0.0,0.0,0.0,0.0,0.0,0.07742749802628927,0.0,1.1778185637219288e-06,0.0,0.0,0.0,8.383802535100795e-05,2.6343738624339045e-05
2026-09-22 16:40:54,0.0,0.0,0.0,0.0,0.0,0.0,312174.0944612317,0.0,0.0,0.0,0.0,0.0,225.91694507690477,134.12535877700714,0.009539244083138908,0.022295618054520534,0.005074997716002239,0.004176533405630928,0.0037911035289511703,0.003490105553659333,0.00610561967098325,0.0002702011163852008,0.0026416649957511007,0.038089589750632716,0.003599061466127978,0.02020496163699979,281799.25813458057,298539.0182813562,295970.3263010565,172276.49311478372,156902.17153859322,359275.55473622534,137353.53716488837,86955.8084196272,137891.12574572748,1422198.3772667523,257073.5082727787,1379372.1712589175,237906.37864832737,158590.47799075933,235733.71144154976,144182.6116753085,132840.24916473828,213187.15833778997,51380.78586585715,5492.060727658523,56939.10836473353,967353.5179137408,98383.46868204216,1080738.4036839548,12979.4760224642,48399.05630541388,5164.100671312623,0.0,0.0,10575.06392904925,43220.71960138848,7890.515346297997,38337.458975767826,131056.7457224445,24215.651904329752,4745.289957061276,0.0,0.0,0.0,0.0,0.0,0.0,0.17621635161334495,0.0,1.1963631067961162e-06,0.0,0.0,0.0,0.00015127390963971398,2.7474719127130262e-05,0.0,0.0,0.0,0.0,0.0,0.0,0.07720602302716646,0.0,1.178521758350935e-06,0.0,0.0,0.0,8.227764876003973e-05,2.6122963492374075e-05
2026-09-22 16:41:09,0.0,0.0,0.0,0.0,0.0,0.0,312174.248395215,0.0,0.0,0.0,0.0,0.0,222.78949337723432,134.13586966280988,0.009539244083138908,0.022295618054520534,0.005074997716002239,0.003989005315495847,0.0037911035289511703,0.003490105553659333,0.00610561967098325,0.0002702011163852008,0.002780230787077211,0.038089589750632716,0.003599061466127978,0.02046612335005421,281799.25813458057,298539.0182813562,295970.3263010565,164541.20679205784,156902.17153859322,359275.55473622534,137353.53716488837,86955.8084196272,119406.9700236582,1422198.3772667523,257073.5082727787,1409460.323067349,237906.37864832737,158590.47799075933,235733.71144154976,137708.75233499895,132840.24916473828,213187.15833778997,51380.78586585715,5492.060727658523,48142.88317071121,967353.5179137408,98383.46868204216,1099644.9156352263,12979.4760224642,48399.05630541388,5164.100671312623,0.0,0.0,10575.06392904925,43220.71960138848,7890.515346297997,40499.665254312604,131056.7457224445,24215.651904329752,4675.683958261204,0.0,0.0,0.0,0.0,0.0,0.0,0.17639284161391147,0.0,1.187710576923077e-06,0.0,0.0,0.0,0.00015042095580065362,2.7726920908119668e-05,0.0,0.0,0.0,0.0,0.0,0.0,0.07720610051662503,0.0,1.183459323534604e-06,0.0,0.0,0.0,8.227764876003973e-05,2.6182067383673166e-05
2026-09-22 16:41:24,0.0,0.0,0.0,0.0,0.0,0.0,310785.7545247812,0.0,0.0,0.0,0.0,0.0,217.35126237142023,131.18399879943667,0.009539244083138908,0.022295618054520534,0.005074997716002239,0.003936798647925461,0.003646827704373632,0.003490105553659333,0.006425506623984821,0.0002702011163852008,0.0027702408644379316,0.038089589750632716,0.003599061466127978,0.020315865873015565,281799.25813458057,298539.0182813562,295970.3263010565,162387.75062812306,164984.61103652936,359275.55473622534,144606.8064317848,86955.8084196272,118605.31420941708,1422198.3772667523,257073.5082727787,1407722.7445368385,237906.37864832737,158590.47799075933,235733.71144154976,135906.46968905762,136767.27195647566,213187.15833778997,54094.06637338728,5492.060727658523,47821.8954754354,967353.5179137408,98383.46868204216,1097209.7831886974,12979.4760224642,48399.05630541388,5164.100671312623,0.0,0.0,10575.06392904925,45503.08905214068,7890.515346297997,40226.49964206411,131056.7457224445,24215.651904329752,4606.785742045162,0.0,0.0,0.0,0.0,0.0,0.0,0.17681434983171562,0.0,1.1905615384615382e-06,0.0,0.0,0.0,0.000150701935375817,2.782042170940172e-05,0.0,0.0,0.0,0.0,0.0,0.0,0.07699609339159179,0.0,1.1841380802072657e-06,0.0,0.0,0.0,8.080569271262963e-05,2.6092839315116987e-05
2026-09-22 16:41:39,0.0,0.0,0.0,0.0,0.0,0.0,310786.7031191795,0.0,0.0,0.0,0.0,0.0,214.25671016511384,131.19386789185694,0.009539244083138908,0.022295618054520534,0.005074997716002239,0.00394310394652208,0.003646827704373632,0.003490105553659333,0.006718409015709248,0.00022616670368830357,0.0027702408644379316,0.03654035361921562,0.003599061466127978,0.02009964017510514,281799.25813458057,298539.0182813562,295970.3263010565,174846.98402797963,164984.61103652936,359275.55473622534,151198.61030689056,92800.17618502464,118605.31420941708,1402559.6140839327,257073.5082727787,1376317.4380856368,237906.37864832737,158590.47799075933,235733.71144154976,143745.1798769662,136767.27195647566,213187.15833778997,56559.90795539145,5774.008532063585,47821.8954754354,948606.887370768,98383.46868204216,1057459.9509087836,12979.4760224642,48399.05630541388,5164.100671312623,0.0,0.0,10575.06392904925,47577.316719181224,8429.663634689465,40226.49964206411,131474.3897594824,24215.651904329752,5030.953951072734,0.0,0.0,0.0,0.0,0.0,0.0,0.17723585804951983,0.0,1.1934125000000001e-06,0.0,0.0,0.0,0.00015098291495098038,2.791392251068377e-05,0.0,0.0,0.0,0.0,0.0,0.0,0.076996223882453,0.0,1.1890991756779756e-06,0.0,0.0,0.0,8.080569271262963e-05,2.6149981790899552e-05
2026-09-22 16:41:54,0.0,0.0,0.0,0.0,0.0,0.0,309493.0878556215,0.0,0.0,0.0,0.0,0.0,210.26021967095522,130.87059374831654,0.008919640842280516,0.022295618054520534,0.004810488509723836,0.003939348500517064,0.003646827704373632,0.003490105553659333,0.006718409015709248,0.00022616670368830357,0.0027702408644379316,0.03654035361921562,0.003484220299129349,0.0196220742293959,281702.5740806676,298539.0182813562,280544.3339217886,186052.55407237422,164984.61103652936,359275.55473622534,151198.61030689056,92800.17618502464,118605.31420941708,1402559.6140839327,241964.9160904174,1369366.009600994,234473.13672097665,158590.47799075933,223447.25529008085,151092.3953358352,136767.27195647566,213187.15833778997,56559.90795539145,5774.008532063585,47821.8954754354,948606.887370768,92601.32599534476,1050731.8558941442,11981.953519782428,48399.05630541388,4894.947413291715,0.0,0.0,10575.06392904925,47577.316719181224,8429.663634689465,40226.49964206411,131474.3897594824,22792.46204898175,4879.215514582361,0.0,0.0,0.0,0.0,0.0,0.0,0.177657366267324,0.0,1.1962634615384616e-06,0.0,0.0,0.0,0.00015126389452614378,2.800742331196582e-05,0.0,0.0,0.0,0.0,0.0,0.0,0.07654421754089531,0.0,1.1897554323851655e-06,0.0,0.0,0.0,7.946851209763152e-05,2.6117867947025284e-05
2026-09-22 16:42:09,0.0,0.0,0.0,0.0,0.0,0.0,309496.3374678728,0.0,0.0,0.0,0.0,0.0,207.1788850737375,130.88054589997822,0.008687632968662519,0.022295618054520534,0.004677436056820174,0.003939348500517064,0.003646827704373632,0.003490105553659333,0.006718409015709248,0.0002256373392165967,0.0027702408644379316,0.03654035361921562,0.003484220299129349,0.019147168961765867,290046.6995822797,298539.0182813562,312188.81638883223,186052.55407237422,164984.61103652936,359275.55473622534,151198.61030689056,85181.20491921836,118605.31420941708,1402559.6140839327,241964.9160904174,1393075.2640651772,239796.38960763844,158590.47799075933,243671.12976896655,151092.3953358352,136767.27195647566,213187.15833778997,56559.90795539145,5299.957653037218,47821.8954754354,948606.887370768,92601.32599534476,1063619.3376719244,12723.904941703406,48399.05630541388,5033.773825352143,0.0,0.0,10575.06392904925,47577.316719181224,7737.581273929082,40226.49964206411,131474.3897594824,22792.46204898175,4799.465547701529,0.0,0.0,0.0,0.0,0.0,0.0,0.17782701145071705,0.0,1.1876942857142857e-06,0.0,0.0,0.0,0.00015041931902642935,2.80921262691286e-05,0.0,0.0,0.0,0.0,0.0,0.0,0.07654446406774312,0.0,1.1947400485371273e-06,0.0,0.0,0.0,7.946851209763152e-05,2.617697875343476e-05
2026-09-22 16:42:24,0.0,0.0,0.0,0.0,0.0,0.0,308168.8729595403,0.0,0.0,0.0,0.0,0.0,203.6900153760547,135.50774556900652,0.008687632968662519,0.022295618054520534,0.004677436056820174,0.003939348500517064,0.0036060302884279075,0.003490105553659333,0.006371188287092812,0.0002256373392165967,0.0027702408644379316,0.03654035361921562,0.0034694348351118984,0.01792472785334592,290046.6995822797,298539.0182813562,312188.81638883223,186052.55407237422,176617.17820974172,359275.55473622534,143384.36566745356,85181.20491921836,118605.31420941708,1402559.6140839327,264628.5620406046,1382558.1711383474,239796.38960763844,158590.47799075933,243671.12976896655,151092.3953358352,145713.2508957509,213187.15833778997,53636.779517567935,5299.957653037218,47821.8954754354,948606.887370768,101190.34275228405,1044994.9638886435,12723.904941703406,48399.05630541388,5033.773825352143,0.0,0.0,10575.06392904925,45118.426446466096,7737.581273929082,40226.49964206411,131474.3897594824,24940.210717424983,4712.759463356287,0.0,0.0,0.0,0.0,0.0,0.0,0.17824803200647568,0.0,1.190518095238095e-06,0.0,0.0,0.0,0.00015069757064455232,2.818633100163889e-05,0.0,0.0,0.0,0.0,0.0,0.0,0.07662691514933465,0.0,1.1953735079591572e-06,0.0,0.0,0.0,7.75895337181831e-05,2.647247145566719e-05
2026-09-22 16:42:39,0.0,0.0,0.0,0.0,0.0,0.0,308169.866492252,0.0,0.0,0.0,0.0,0.0,200.61483310273434,135.5179817911757,0.008687632968662519,0.02033741942902369,0.004677436056820174,0.003939348500517064,0.0034501167847360618,0.0032807604358564813,0.006118359078161074,0.0002256373392165967,0.0027702408644379316,0.03654035361921562,0.0034694348351118984,0.017587122491753003,290046.6995822797,286399.6770720712,312188.81638883223,186052.55407237422,181571.19297893392,310549.4211649628,163272.24268492725,85181.20491921836,118605.31420941708,1402559.6140839327,264628.5620406046,1358351.0972498683,239796.38960763844,145609.19389426435,243671.12976896655,151092.3953358352,134455.7096353233,183542.44684450323,62524.72948057021,5299.957653037218,47821.8954754354,948606.887370768,101190.34275228405,1012593.9152301204,12723.904941703406,48521.374704532,5033.773825352143,0.0,0.0,10510.53767303145,43264.535904995304,7737.581273929082,40226.49964206411,131474.3897594824,24940.210717424983,4609.131515271244,0.0,0.0,0.0,0.0,0.0,0.0,0.17866905256223428,0.0,1.1933419047619047e-06,0.0,0.0,0.0,0.00015097582226267532,2.8280535734149175e-05,0.0,0.0,0.0,0.0,0.0,0.0,0.07662709170948016,0.0,1.2003816518881492e-06,0.0,0.0,0.0,7.75895337181831e-05,2.6530661257665376e-05
2026-09-22 16:42:54,0.0,0.0,0.0,0.0,0.0,0.0,306590.25540312706,0.0,0.0,0.0,0.0,0.0,195.80308844014186,137.91346032978484,0.008687632968662519,0.01935501754765521,0.004677436056820174,0.003939348500517064,0.0034501167847360618,0.0032807604358564813,0.006118359078161074,0.0002300966680627859,0.0012652472986111117,0.03654035361921562,0.0034694348351118984,0.016920801547768115,290046.6995822797,305670.57516005746,312188.81638883223,186052.55407237422,181571.19297893392,310549.4211649628,163272.24268492725,75946.59423013958,113636.40888888891,1402559.6140839327,264628.5620406046,1378881.8717047155,239796.38960763844,152619.10814467675,243671.12976896655,151092.3953358352,134455.7096353233,183542.44684450323,62524.72948057021,5673.929286701075,43678.15111111112,948606.887370768,101190.34275228405,1025271.0488472332,12723.904941703406,46162.349178710414,5033.773825352143,0.0,0.0,10510.53767303145,43264.535904995304,8283.554675803322,39673.45777777779,131474.3897594824,24940.210717424983,4516.529372632442,0.0,0.0,0.0,0.0,0.0,0.0,0.17909007311799285,0.0,1.1961657142857142e-06,0.0,0.0,0.0,0.0001512540738807983,2.837474046665946e-05,0.0,0.0,0.0,0.0,0.0,0.0,0.07642079361364511,0.0,1.2009896187435169e-06,0.0,0.0,0.0,7.603644623298234e-05,2.6919163438488415e-05
2026-09-22 16:43:09,0.0,0.0,0.0,0.0,0.0,0.0,306590.8637892961,0.0,0.0,0.0,0.0,0.0,192.75493964652426,137.91346032978484,0.008565889039798212,0.01935501754765521,0.004677436056820174,0.0037552657669182544,0.0034501167847360618,0.0032807604358564813,0.003388512559399419,0.0002300966680627859,0.0013109015348189384,0.034468842147184556,0.0034694348351118984,0.016640107194420436,265381.9235993015,305670.57516005746,312188.81638883223,171405.53314974788,181571.19297893392,310549.4211649628,174180.89444705597,75946.59423013958,117736.77998544645,1250881.7670073642,264628.5620406046,1371842.2725349392,219408.25791037505,152619.10814467675,243671.12976896655,139197.6192239586,134455.7096353233,183542.44684450323,66524.56541266598,5673.929286701075,45254.200813123345,848392.5793983105,101190.34275228405,1015324.0260203673,13596.143822926295,46162.349178710414,5033.773825352143,0.0,0.0,10510.53767303145,46031.12552883518,8283.554675803322,41105.00512394179,133579.58834445805,24940.210717424983,4797.586229355253,0.0,0.0,0.0,0.0,0.0,0.0,0.17924862173326928,0.0,1.1876783018867925e-06,0.0,0.0,0.0,0.0001504177137286325,2.8616280501785182e-05,0.0,0.0,0.0,0.0,0.0,0.0,0.0764209574706363,0.0,1.20602127931511e-06,0.0,0.0,0.0,7.603644623298234e-05,2.698024411807133e-05
2026-09-22 16:43:24,0.0,0.0,0.0,0.0,0.0,0.0,305026.32291022694,0.0,0.0,0.0,0.0,0.0,192.05285256124077,141.57775514549508,0.008565889039798212,0.01935501754765521,0.004337232560498848,0.003714008717844313,0.0034501167847360618,0.0032807604358564813,0.003388512559399419,0.00022224183491130484,0.0012565312391174294,0.034468842147184556,0.003351322498778628,0.016583901197473286,265381.9235993015,305670.57516005746,270394.59124555707,181322.32029898063,181571.19297893392,310549.4211649628,174180.89444705597,70937.00464286366,140131.03195792518,1250881.7670073642,246524.66741894625,1368912.628244587,219408.25791037505,152619.10814467675,211001.94567332257,146522.3726496721,134455.7096353233,183542.44684450323,66524.56541266598,5299.398928194614,57180.36627943317,848392.5793983105,94267.66105915772,1011960.9372410724,13596.143822926295,46162.349178710414,5120.055652778835,0.0,0.0,10510.53767303145,46031.12552883518,7736.76557328345,39240.638979918025,133579.58834445805,23233.989200032862,5081.952677397451,0.0,0.0,0.0,0.0,0.0,0.0,0.1796689328149735,0.0,1.190475471698113e-06,0.0,0.0,0.0,0.00015069328985042735,2.871093061792921e-05,0.0,0.0,0.0,0.0,0.0,0.0,0.07621267075108278,0.0,1.2066071185143815e-06,0.0,0.0,0.0,7.457584740708502e-05,2.7386964678157677e-05
2026-09-22 16:43:39,0.0,0.0,0.0,0.0,0.0,0.0,305027.9372492309,0.0,0.0,0.0,0.0,0.0,188.96700764081268,141.57775514549508,0.007951496111569709,0.018312089076393874,0.004337232560498848,0.003714008717844313,0.0034501167847360618,0.0032807604358564813,0.003388512559399419,0.00022224183491130484,0.0012565312391174294,0.034468842147184556,0.003351322498778628,0.01636576985548574,263797.5618021462,292697.61459465016,270394.59124555707,181322.32029898063,181571.19297893392,310549.4211649628,174180.89444705597,70937.00464286366,140131.03195792518,1250881.7670073642,246524.66741894625,1338935.7904929766,214820.66993960986,144212.35707788085,211001.94567332257,146522.3726496721,134455.7096353233,183542.44684450323,66524.56541266598,5299.398928194614,57180.36627943317,848392.5793983105,94267.66105915772,988888.3673098597,12421.288612764478,50830.20328729279,5120.055652778835,0.0,0.0,10510.53767303145,46031.12552883518,7736.76557328345,39240.638979918025,133579.58834445805,23233.989200032862,4990.093583254211,0.0,0.0,0.0,0.0,0.0,0.0,0.1800893055620318,0.0,1.1932726415094338e-06,0.0,0.0,0.0,0.00015096886597222223,2.8805580734073222e-05,0.0,0.0,0.0,0.0,0.0,0.0,0.07621301813567431,0.0,1.2116623000176812e-06,0.0,0.0,0.0,7.457584740708502e-05,2.744975464655984e-05
2026-09-22 16:43:54,0.0,0.0,0.0,0.0,0.0,0.0,303469.30376733217,0.0,0.0,0.0,0.0,0.0,185.29410788882745,136.1204842767403,0.007951496111569709,0.018312089076393874,0.004337232560498848,0.003714008717844313,0.0034501167847360618,0.0032807604358564813,0.003388512559399419,0.00022224183491130484,0.0012565312391174294,0.034468842147184556,0.003351322498778628,0.01588474721071933,263797.5618021462,292697.61459465016,270394.59124555707,181322.32029898063,181571.19297893392,310549.4211649628,174180.89444705597,70937.00464286366,140131.03195792518,1250881.7670073642,246524.66741894625,1299232.5923037247,214820.66993960986,144212.35707788085,211001.94567332257,146522.3726496721,134455.7096353233,183542.44684450323,66524.56541266598,5299.398928194614,57180.36627943317,848392.5793983105,94267.66105915772,956655.7985298114,12421.288612764478,50830.20328729279,5120.055652778835,0.0,0.0,10510.53767303145,46031.12552883518,7736.76557328345,39240.638979918025,133579.58834445805,23233.989200032862,4898.23448911097,0.0,0.0,0.0,0.0,0.0,0.0,0.1805096783090901,0.0,1.1960698113207548e-06,0.0,0.0,0.0,0.0001512444420940171,2.8900230850217246e-05,0.0,0.0,0.0,0.0,0.0,0.0,0.07601414354587752,0.0,1.212224332145324e-06,0.0,0.0,0.0,7.324517854086914e-05,2.7216469562217686e-05
2026-09-22 16:44:09,0.0,0.0,0.0,0.0,0.0,0.0,303466.55897764023,0.0,0.0,0.0,0.0,0.0,182.21800838240358,136.1204842767403,0.007951496111569709,0.017092183959761375,0.004337232560498848,0.003714008717844313,0.003331257208765859,0.0032807604358564813,0.0031237221763514835,0.00022052487472232278,0.0012565312391174294,0.034468842147184556,0.0033326311100147824,0.01575134171023078,263797.5618021462,307145.66782344336,270394.59124555707,181322.32029898063,193221.00414895092,310549.4211649628,185684.92169807767,77893.42930780137,140131.03195792518,1250881.7670073642,262407.6932847594,1298284.8336519885,214820.66993960986,148972.9543694611,211001.94567332257,146522.3726496721,142107.57394532542,183542.44684450323,71820.99676925344,5819.08353567185,57180.36627943317,848392.5793983105,100336.45603035195,956902.5329317313,12421.288612764478,47426.85060372272,5120.055652778835,0.0,0.0,10510.53767303145,42355.162856349976,8495.470104603752,39240.638979918025,133579.58834445805,24731.61311937735,4806.375394967729,0.0,0.0,0.0,0.0,0.0,0.0,0.1806574557762729,0.0,1.1876626168224296e-06,0.0,0.0,0.0,0.0001504161390079365,2.937552220026491e-05,0.0,0.0,0.0,0.0,0.0,0.0,0.07601398202729896,0.0,1.2173030375056567e-06,0.0,0.0,0.0,7.324517854086914e-05,2.7278359731819117e-05
2026-09-22 16:44:24,0.0,0.0,0.0,0.0,0.0,0.0,302087.05299828935,0.0,0.0,0.0,0.0,0.0,176.97913892280368,133.23474416158578,0.0070669283709594004,0.017092183959761375,0.004337232560498848,0.0035798319413339785,0.003144257381380788,0.0030904409496547037,0.0031237221763514835,0.00022052487472232278,0.0012565312391174294,0.03384405723293527,0.0033326311100147824,0.015280838260748206,269910.30815777264,307145.66782344336,270394.59124555707,169369.34024493987,176374.25442386977,304803.5102581881,185684.92169807767,77893.42930780137,140131.03195792518,1188283.053109337,262407.6932847594,1269217.4367860844,218398.8214292641,148972.9543694611,211001.94567332257,136863.4459667109,129717.35403709109,178877.98003671056,71820.99676925344,5819.08353567185,57180.36627943317,810820.2118061153,100336.45603035195,931552.1614179023,13064.1006236825,47426.85060372272,5120.055652778835,0.0,0.0,10421.042123637853,42355.162856349976,8495.470104603752,39240.638979918025,125998.93650962457,24731.61311937735,4711.110806343184,0.0,0.0,0.0,0.0,0.0,0.0,0.18107661413663168,0.0,1.1904336448598131e-06,0.0,0.0,0.0,0.0001506890905952381,2.947264669825688e-05,0.0,0.0,0.0,0.0,0.0,0.0,0.07575938332683818,0.0,1.2178409048602286e-06,0.0,0.0,0.0,7.166026452406508e-05,2.7209087383066796e-05
2026-09-22 16:44:39,0.0,0.0,0.0,0.0,0.0,0.0,302089.1451000483,0.0,0.0,0.0,0.0,0.0,173.94017663089855,133.25657743819536,0.007424864494806875,0.017092183959761375,0.004153746748038714,0.0035798319413339785,0.003144257381380788,0.0030904409496547037,0.0033278596563688185,0.00021451022262930332,0.001320020572083114,0.03384405723293527,0.0033326311100147824,0.015242880506144087,283581.12020186795,307145.66782344336,275576.3081983124,169369.34024493987,176374.25442386977,304803.5102581881,198098.34873182862,86648.41894496928,147713.04064502445,1188283.053109337,262407.6932847594,1265188.961209489,229460.6043555618,148972.9543694611,196256.54436146986,136863.4459667109,129717.35403709109,178877.98003671056,76622.38125827532,5398.485510101925,60274.199442613986,810820.2118061153,100336.45603035195,927983.1284490345,13725.79029893238,47426.85060372272,4762.084490335104,0.0,0.0,10421.042123637853,45186.6944573641,7881.425310371026,41363.81513494982,125998.93650962457,24731.61311937735,4619.251712199943,0.0,0.0,0.0,0.0,0.0,0.0,0.18149628271941834,0.0,1.193204672897196e-06,0.0,0.0,0.0,0.0001509620421825397,2.9569771196248847e-05,0.0,0.0,0.0,0.0,0.0,0.0,0.07575956378962928,0.0,1.2229431241750854e-06,0.0,0.0,0.0,7.166026452406508e-05,2.7268591380330662e-05
2026-09-22 16:44:54,0.0,0.0,0.0,0.0,0.0,0.0,300526.40875977936,0.0,0.0,0.0,0.0,0.0,173.16274401574907,134.72401325803574,0.007424864494806875,0.017092183959761375,0.0040142600775162456,0.003499933795654187,0.003144257381380788,0.0030904409496547037,0.0033278596563688185,0.00021451022262930332,0.0013077241962376601,0.03286440110502628,0.0031758028129299544,0.015018782283335225,283581.12020186795,307145.66782344336,291899.15519334574,181803.3176144244,176374.25442386977,304803.5102581881,198098.34873182862,86648.41894496928,146337.05067679263,1088502.1333708917,250059.20636217765,1258861.6704996426,229460.6043555618,148972.9543694611,207292.09138397858,146399.33425797502,129717.35403709109,178877.98003671056,76622.38125827532,5398.485510101925,59712.72773088104,742846.7885288624,95614.78266918086,916780.7817572427,13725.79029893238,47426.85060372272,5079.51570768845,0.0,0.0,10421.042123637853,45186.6944573641,7881.425310371026,40978.49915726126,135238.89795629052,23567.782907861518,4527.199914226591,0.0,0.0,0.0,0.0,0.0,0.0,0.1819159513022051,0.0,1.1959757009345795e-06,0.0,0.0,0.0,0.0001512349937698413,2.966689569424082e-05,0.0,0.0,0.0,0.0,0.0,0.0,0.07583280321689441,0.0,1.2234575239090074e-06,0.0,0.0,0.0,7.020188561422006e-05,2.788835426053058e-05
2026-09-22 16:45:09,0.0,0.0,0.0,0.0,0.0,0.0,300528.7134297729,0.0,0.0,0.0,0.0,0.0,170.0835667058087,134.72401325803574,0.007424864494806875,0.017092183959761375,0.0040142600775162456,0.003499933795654187,0.003144257381380788,0.0030904409496547037,0.0033278596563688185,0.00021451022262930332,0.0012523391893221661,0.03286440110502628,0.002874629818181818,0.01465469558641854,283581.12020186795,307145.66782344336,291899.15519334574,181803.3176144244,176374.25442386977,304803.5102581881,198098.34873182862,86648.41894496928,166368.14805424376,1088502.1333708917,219512.08727272725,1224117.8277545115,229460.6043555618,148972.9543694611,207292.09138397858,146399.33425797502,129717.35403709109,178877.98003671056,76622.38125827532,5398.485510101925,70357.05604249574,742846.7885288624,99097.13454545454,903284.3008619962,13725.79029893238,47426.85060372272,5079.51570768845,0.0,0.0,10421.042123637853,45186.6944573641,7881.425310371026,38958.54945705702,135238.89795629052,18275.60727272727,5051.448956396402,0.0,0.0,0.0,0.0,0.0,0.0,0.18207834251754096,0.0,1.1876472222222223e-06,0.0,0.0,0.0,0.0001504145939989518,2.9805616841750445e-05,0.0,0.0,0.0,0.0,0.0,0.0,0.07583298552419955,0.0,1.2285832643730634e-06,0.0,0.0,0.0,7.020188561422006e-05,2.7949585245671105e-05
2026-09-22 16:45:24,0.0,0.0,0.0,0.0,0.0,0.0,298891.7480167072,0.0,0.0,0.0,0.0,0.0,167.48367352138294,137.30129750410254,0.007016507353652584,0.01595090968161143,0.0040142600775162456,0.003499933795654187,0.0030788050558690676,0.0030904409496547037,0.0033278596563688185,0.00021451022262930332,0.0012523391893221661,0.03233232186204052,0.0030440279609505855,0.014357226784548144,267984.5560340019,328192.8352267039,291899.15519334574,181803.3176144244,167417.56980061292,304803.5102581881,198098.34873182862,86648.41894496928,166368.14805424376,1200798.4679853225,219331.04443015394,1225247.6699359503,216840.59270851957,156122.06301812493,207292.09138397858,146399.33425797502,123130.0126245434,178877.98003671056,76622.38125827532,5398.485510101925,70357.05604249574,822611.4805567015,99010.36546154098,893848.5789205054,12970.891069394167,38852.61548186232,5079.51570768845,0.0,0.0,10421.042123637853,45186.6944573641,7881.425310371026,38958.54945705702,127590.79575308856,18259.60521869925,4947.202708324491,0.0,0.0,0.0,0.0,0.0,0.0,0.18249732689570242,0.0,1.1903925925925926e-06,0.0,0.0,0.0,0.00015068497057127883,2.9902168032226638e-05,0.0,0.0,0.0,0.0,0.0,0.0,0.07542091222437311,0.0,1.2290748703573735e-06,0.0,0.0,0.0,6.819279585157593e-05,2.8578221129918528e-05
2026-09-22 16:45:39,0.0,0.0,0.0,0.0,0.0,0.0,298894.5278350997,0.0,0.0,0.0,0.0,0.0,164.395658929247,137.30129750410254,0.006835655719307459,0.014662211059355093,0.0040142600775162456,0.003499933795654187,0.00297235490624189,0.0030904409496547037,0.003067117694403949,0.00021451022262930332,0.0012523391893221661,0.03233232186204052,0.0030440279609505855,0.014098299632842079,254965.73871366517,301579.1673242638,291899.15519334574,181803.3176144244,150015.02954098003,304803.5102581881,206848.685817301,86648.41894496928,166368.14805424376,1200798.4679853225,219331.04443015394,1194564.8588936448,206307.72311963481,143477.3758043352,207292.09138397858,146399.33425797502,107523.2912035462,178877.98003671056,70376.19943248054,5398.485510101925,70357.05604249574,822611.4805567015,99010.36546154098,866963.3867958001,12340.416715585054,35698.497973097896,5079.51570768845,0.0,0.0,10421.042123637853,41503.119174889485,7881.425310371026,38958.54945705702,127590.79575308856,18259.60521869925,4842.753704661427,0.0,0.0,0.0,0.0,0.0,0.0,0.1829163832236827,0.0,1.1931379629629629e-06,0.0,0.0,0.0,0.0001509553471436059,2.9998719222702824e-05,0.0,0.0,0.0,0.0,0.0,0.0,0.07542114410319274,0.0,1.2342241320497198e-06,0.0,0.0,0.0,6.819279585157593e-05,2.8640316134107638e-05
2026-09-22 16:45:54,0.0,0.0,0.0,0.0,0.0,0.0,297343.5851364517,0.0,0.0,0.0,0.0,0.0,159.54691929028817,134.97533323014534,0.006835655719307459,0.014662211059355093,0.0038774553694377596,0.003499933795654187,0.00297235490624189,0.0028771566755501094,0.003220142359654202,0.00021374070916365756,0.0012523391893221661,0.03233232186204052,0.0030440279609505855,0.014000571840171134,254965.73871366517,301579.1673242638,275257.5365844771,181803.3176144244,150015.02954098003,268785.9453070839,190743.76501539382,71904.70900799868,166368.14805424376,1200798.4679853225,219331.04443015394,1188834.3356010532,206307.72311963481,143477.3758043352,195474.05126953582,146399.33425797502,107523.2912035462,155777.74892748945,61468.60775763627,5379.5401721435865,70357.05604249574,822611.4805567015,99010.36546154098,861470.4171076297,12340.416715585054,35698.497973097896,4789.9247252509795,0.0,0.0,5453.706132448689,32701.31383036168,0.0,38958.54945705702,127590.79575308856,18259.60521869925,4738.304700998363,0.0,0.0,0.0,0.0,0.0,0.0,0.18333543955166298,0.0,1.1958833333333334e-06,0.0,0.0,0.0,0.00015122572371593294,3.0095270413179017e-05,0.0,0.0,0.0,0.0,0.0,0.0,0.0754883530360027,0.0,1.2346919213099618e-06,0.0,0.0,0.0,6.670225118574314e-05,2.870155762884522e-05
2026-09-22 16:46:09,0.0,0.0,0.0,0.0,0.0,0.0,297344.1276534407,0.0,0.0,0.0,0.0,0.0,156.49261032550694,134.97533323014534,0.006835655719307459,0.014662211059355093,0.003772652372930943,0.0033171081925865587,0.00297235490624189,0.0028843481846355743,0.003220142359654202,0.0002137407091636576,0.0012523391893221661,0.03172897068955888,0.0030440279609505855,0.013586522626342967,254965.73871366517,301579.1673242638,292177.47782617464,166191.60269598188,150015.02954098003,253114.5561678941,190743.76501539382,71904.7090079987,166368.14805424376,1101605.169363699,219331.04443015394,1148941.354835166,206307.72311963481,143477.3758043352,206634.34312597784,133827.8108079324,107523.2912035462,146695.228932329,61468.60775763627,5379.540172143587,70357.05604249574,756281.4249269101,99010.36546154098,837542.0160956949,12340.416715585054,35698.497973097896,2567.8570844486117,0.0,0.0,5135.731355327272,32701.31383036168,0.0,38958.54945705702,91128.58233552448,18259.60521869925,4633.855697335298,0.0,0.0,0.0,0.0,0.0,0.0,0.18349372790008212,0.0,1.187632110091743e-06,0.0,0.0,0.0,0.00015041307786863966,3.05805856129134e-05,0.0,0.0,0.0,0.0,0.0,0.0,0.07548847212245453,0.0,1.2398647072086689e-06,0.0,0.0,0.0,6.670225118574314e-05,2.876356730598798e-05
2026-09-22 16:46:24,0.0,0.0,0.0,0.0,0.0,0.0,295810.9790814353,0.0,0.0,0.0,0.0,0.0,153.1033754523271,131.88949065152025,0.006514780174564526,0.014662211059355093,0.003772652372930943,0.003191965911430593,0.00297235490624189,0.0028843481846355743,0.003220142359654202,0.0002137407091636576,0.001234575044509787,0.03172897068955888,0.0030440279609505855,0.01354305004802858,234248.66507294626,301579.1673242638,292177.47782617464,137346.1117725519,150015.02954098003,253114.5561678941,190743.76501539382,71904.7090079987,137385.5008217529,1101605.169363699,219331.04443015394,1126568.708871334,189285.61108752803,143477.3758043352,206634.34312597784,111631.7575128235,107523.2912035462,146695.228932329,61468.60775763627,5379.540172143587,56068.379668262794,756281.4249269101,99010.36546154098,819862.8018443187,8861.443136203521,35698.497973097896,2567.8570844486117,0.0,0.0,5135.731355327272,32701.31383036168,0.0,28806.927118020914,91128.58233552448,18259.60521869925,2721.791139626157,0.0,0.0,0.0,0.0,0.0,0.0,0.18391196200750504,0.0,1.1903522935779815e-06,0.0,0.0,0.0,0.00015068092755711322,3.0679513664779306e-05,0.0,0.0,0.0,0.0,0.0,0.0,0.07550135702332118,0.0,1.2403079701997443e-06,0.0,0.0,0.0,6.455962241731763e-05,2.8771484644851167e-05
2026-09-22 16:46:39,0.0,0.0,0.0,0.0,0.0,0.0,295814.1283231773,0.0,0.0,0.0,0.0,0.0,150.05573311173242,131.8936058861558,0.006514780174564526,0.014662211059355093,0.003772652372930943,0.003191965911430593,0.0028721339830877317,0.0028843481846355743,0.003220142359654202,0.0002137407091636576,0.001234575044509787,0.03172897068955888,0.0030440279609505855,0.013292348836699212,234248.66507294626,301579.1673242638,292177.47782617464,137346.1117725519,140433.42177753092,253114.5561678941,190743.76501539382,71904.7090079987,137385.5008217529,1101605.169363699,219331.04443015394,1084745.7281909361,189285.61108752803,143477.3758043352,206634.34312597784,111631.7575128235,100653.15253061711,146695.228932329,61468.60775763627,5379.540172143587,56068.379668262794,756281.4249269101,99010.36546154098,786011.2977028211,8861.443136203521,35698.497973097896,2567.8570844486117,0.0,0.0,5135.731355327272,32701.31383036168,0.0,28806.927118020914,91128.58233552448,18259.60521869925,2658.9544638099565,0.0,0.0,0.0,0.0,0.0,0.0,0.1843302897847659,0.0,1.1930724770642202e-06,0.0,0.0,0.0,0.00015094877724558672,3.077844171664521e-05,0.0,0.0,0.0,0.0,0.0,0.0,0.07550158274585202,0.0,1.245504271673786e-06,0.0,0.0,0.0,6.455962241731763e-05,2.883268641311567e-05
2026-09-22 16:46:54,0.0,0.0,0.0,0.0,0.0,0.0,294266.0980562988,0.0,0.0,0.0,0.0,0.0,146.4201448545702,138.40849269101116,0.006231791420775374,0.014662211059355093,0.003772652372930943,0.003191965911430593,0.0028721339830877317,0.0028843481846355743,0.0032698595537729125,0.0002137407091636576,0.001234575044509787,0.031069585254639154,0.0027514950605414287,0.013187194343715873,219714.82398357417,301579.1673242638,292177.47782617464,137346.1117725519,140433.42177753092,253114.5561678941,166253.59531719892,71904.7090079987,137385.5008217529,1013271.0232712955,185274.46816569648,1077744.1282161342,177439.56593406113,143477.3758043352,206634.34312597784,111631.7575128235,100653.15253061711,146695.228932329,62504.096010743866,5379.540172143587,56068.379668262794,695984.2079998768,78691.96681430457,781542.7203012015,8306.366224811321,35698.497973097896,2567.8570844486117,0.0,0.0,5135.731355327272,22176.73199461006,0.0,28806.927118020914,83756.99007352658,12426.249621765366,2596.117787993756,0.0,0.0,0.0,0.0,0.0,0.0,0.1847487047939576,0.0,1.1957926605504587e-06,0.0,0.0,0.0,0.00015121662693406025,3.0877369768511115e-05,0.0,0.0,0.0,0.0,0.0,0.0,0.07563919522660806,0.0,1.245925100979772e-06,0.0,0.0,0.0,6.302092579527371e-05,2.9448602710022525e-05
2026-09-22 16:47:09,0.0,0.0,0.0,0.0,0.0,0.0,294267.17278363416,0.0,0.0,0.0,0.0,0.0,143.38469054640046,138.40849269101116,0.006231791420775374,0.012665288421961376,0.003619119766746536,0.003191965911430593,0.0025260515527458227,0.0028843481846355743,0.0032698595537729125,0.00021263817941800966,0.001234575044509787,0.031069585254639154,0.0027667796616103395,0.012809576848650452,219714.82398357417,276667.1327244969,271221.2154718499,137346.1117725519,143718.63863031656,253114.5561678941,166253.59531719892,77772.20149610667,137385.5008217529,1013271.0232712955,174476.20848136023,1074146.360993998,177439.56593406113,133982.37397605073,191813.61314302628,111631.7575128235,102053.26996677427,146695.228932329,62504.096010743866,5818.515755036446,56068.379668262794,695984.2079998768,74102.55669659152,779967.8101139377,8306.366224811321,24565.152804884554,2383.679004911176,0.0,0.0,5135.731355327272,22176.73199461006,0.0,28806.927118020914,83756.99007352658,11701.535803467572,2533.2811121775553,0.0,0.0,0.0,0.0,0.0,0.0,0.18491629984050262,0.0,1.187617272727273e-06,0.0,0.0,0.0,0.00015041158981481483,3.057556742552455e-05,0.0,0.0,0.0,0.0,0.0,0.0,0.07563924629874581,0.0,1.2511449224435203e-06,0.0,0.0,0.0,6.302092579527371e-05,2.9511391844313537e-05
2026-09-22 16:47:24,0.0,0.0,0.0,0.0,0.0,0.0,292577.8453152805,0.0,0.0,0.0,0.0,0.0,138.06580597287063,137.69101144453595,0.006231791420775374,0.01205937789124185,0.0034579399102888024,0.003191965911430593,0.002559570923797477,0.0027811252638132405,0.0032698595537729125,0.00021263817941800966,0.0013323148916423745,0.031069585254639154,0.0027667796616103395,0.012545875077638347,219714.82398357417,297071.88065219764,249506.9675575499,137346.1117725519,145625.70912143608,228449.2440943032,166253.59531719892,77772.20149610667,119897.63577286385,1013271.0232712955,174476.20848136023,1043036.6140859046,177439.56593406113,141810.56605581165,173638.06614508154,111631.7575128235,103407.4630034653,130555.59949723755,62504.096010743866,5818.515755036446,61010.637637625216,695984.2079998768,74102.55669659152,753350.1475227714,8306.366224811321,23384.391574050827,2551.271600692197,0.0,0.0,5669.531577319305,22176.73199461006,0.0,20833.56837792497,83756.99007352658,11701.535803467572,2470.4444363613547,0.0,0.0,0.0,0.0,0.0,0.0,0.18533414104047963,0.0,1.1903127272727272e-06,0.0,0.0,0.0,0.00015067695941358024,3.067261987222997e-05,0.0,0.0,0.0,0.0,0.0,0.0,0.07527330905927247,0.0,1.2515412247565671e-06,0.0,0.0,0.0,6.10778245097548e-05,2.9832540671825804e-05
2026-09-22 16:47:39,0.0,0.0,0.0,0.0,0.0,0.0,292579.5562728891,0.0,0.0,0.0,0.0,0.0,135.0797365519243,137.69462253042,0.005668435831964134,0.01205937789124185,0.0034579399102888024,0.002939756479976313,0.002681549684132365,0.0027811252638132405,0.0032698595537729125,0.00023790098546144873,0.0012413540915708979,0.028592239578971054,0.0027667796616103395,0.01240590313313895,236105.51513176085,297071.88065219764,249506.9675575499,143527.32582675395,152565.63928956268,228449.2440943032,166253.59531719892,85142.35928751758,138090.83584241552,1066668.8313321609,174476.20848136023,1032192.5114378091,190039.65892601415,141810.56605581165,173638.06614508154,115913.34716984397,108335.44293528316,130555.59949723755,62504.096010743866,10562.70661527155,56452.22848903779,731368.7268331887,74102.55669659152,743835.9595145133,4519.007947179715,23384.391574050827,2551.271600692197,0.0,0.0,5669.531577319305,22176.73199461006,0.0,19276.988535968227,88299.39506888497,11701.535803467572,2407.607760545155,0.0,0.0,0.0,0.0,0.0,0.0,0.1857519822404566,0.0,1.1930081818181815e-06,0.0,0.0,0.0,0.00015094232901234568,3.07696723189354e-05,0.0,0.0,0.0,0.0,0.0,0.0,0.07527346093394055,0.0,1.2567845633374001e-06,0.0,0.0,0.0,6.10778245097548e-05,2.9896120091110585e-05
2026-09-22 16:47:54,0.0,0.0,0.0,0.0,0.0,0.0,291039.3369712269,0.0,0.0,0.0,0.0,0.0,134.33576466402815,138.94209899664176,0.005668435831964134,0.01205937789124185,0.0034579399102888024,0.002779664134695942,0.002681549684132365,0.00269529388440734,0.0032698595537729125,0.00023790098546144873,0.0012413540915708979,0.02993275624126816,0.0027667796616103395,0.012006451257211002,236105.51513176085,297071.88065219764,249506.9675575499,135711.15929733784,152565.63928956268,208410.8675209439,166253.59531719892,85142.35928751758,138090.83584241552,1116678.4620084998,174476.20848136023,1015253.7020674648,190039.65892601415,141810.56605581165,173638.06614508154,109600.97411305674,108335.44293528316,119103.94301722574,62504.096010743866,10562.70661527155,56452.22848903779,765658.1696694182,74102.55669659152,732243.383559361,4519.007947179715,23384.391574050827,2551.271600692197,0.0,0.0,5172.229827903234,22176.73199461006,0.0,19276.988535968227,92439.21804545415,11701.535803467572,2344.771084728954,0.0,0.0,0.0,0.0,0.0,0.0,0.18616982344043354,0.0,1.1957036363636364e-06,0.0,0.0,0.0,0.00015120769861111112,3.0866724765640826e-05,0.0,0.0,0.0,0.0,0.0,0.0,0.07539139757039756,0.0,1.257158438730447e-06,0.0,0.0,0.0,5.925525536085357e-05,3.0305579743527963e-05
2026-09-22 16:48:09,0.0,0.0,0.0,0.0,0.0,0.0,291042.7014150815,0.0,0.0,0.0,0.0,0.0,131.29901009472144,138.95922355826582,0.005668435831964134,0.01205937789124185,0.0034579399102888024,0.0028096968356557403,0.002557856966624369,0.00269529388440734,0.0032698595537729125,0.00023790098546144873,0.0012413540915708979,0.02943216963691293,0.002660156703036776,0.011953224309200136,236105.51513176085,297071.88065219764,249506.9675575499,128995.80903868799,145528.19425032352,208410.8675209439,166253.59531719892,85142.35928751758,138090.83584241552,1220342.9199921133,150521.59316343657,985283.3095972501,190039.65892601415,141810.56605581165,173638.06614508154,104171.9097599895,103338.2185995225,119103.94301722574,62504.096010743866,10562.70661527155,56452.22848903779,839301.7255632149,58126.41538226766,709554.263893828,4519.007947179715,23384.391574050827,2551.271600692197,0.0,0.0,5172.229827903234,22176.73199461006,0.0,19276.988535968227,129371.26973054263,6352.144056157485,2819.70473367878,0.0,0.0,0.0,0.0,0.0,0.0,0.18632236174349867,0.0,1.187602702702703e-06,0.0,0.0,0.0,0.00015041012906472987,3.057619300426938e-05,0.0,0.0,0.0,0.0,0.0,0.0,0.07539160832114104,0.0,1.2624252974196146e-06,0.0,0.0,0.0,5.925525536085357e-05,3.0369100321525935e-05
2026-09-22 16:48:24,0.0,0.0,0.0,0.0,0.0,0.0,289536.3826814355,0.0,0.0,0.0,0.0,0.0,127.61231821764244,140.6021201659703,0.00532258997538354,0.011026807234971903,0.003332241840710605,0.0028096968356557403,0.002557439262787864,0.00269529388440734,0.003294732525818463,0.00023790098546144873,0.0012413540915708979,0.02943216963691293,0.002660156703036776,0.011459238825566298,237605.78682614723,308882.34026887466,234222.5604330605,128995.80903868799,138592.21956854363,208410.8675209439,140372.77286285555,85142.35928751758,138090.83584241552,1220342.9199921133,150521.59316343657,959035.2422935104,174014.71418713906,141313.0529946085,163001.26942052392,104171.9097599895,98418.1945064519,119103.94301722574,51048.02270137675,10562.70661527155,56452.22848903779,839301.7255632149,58126.41538226766,687220.9717284534,4137.946157038924,12592.79585839891,2394.984687297151,0.0,0.0,5172.229827903234,11210.648164947856,0.0,19276.988535968227,129371.26973054263,6352.144056157485,2742.1506371166947,0.0,0.0,0.0,0.0,0.0,0.0,0.1867394523450504,0.0,1.1902738738738738e-06,0.0,0.0,0.0,0.00015067306408002038,3.0671484279086516e-05,0.0,0.0,0.0,0.0,0.0,0.0,0.07538476784548569,0.0,1.2627760493519437e-06,0.0,0.0,0.0,5.697110732052774e-05,3.0611570926547475e-05
2026-09-22 16:48:39,0.0,0.0,0.0,0.0,0.0,0.0,289537.345555144,0.0,0.0,0.0,0.0,0.0,124.59095053948676,140.60542208341957,0.00532258997538354,0.011026807234971903,0.0030394790380557104,0.0028096968356557403,0.002557439262787864,0.0026952938844073404,0.003294732525818463,0.00025047968844917127,0.0012413540915708979,0.02943216963691293,0.002581559219859096,0.01133161274602021,237605.78682614723,308882.34026887466,232416.22262477133,128995.80903868799,138592.21956854363,208410.86752094392,140372.77286285555,78453.48211832895,138090.83584241552,1220342.9199921133,139662.60206849375,990265.4588409227,174014.71418713906,141313.0529946085,158359.78705234797,104171.9097599895,98418.1945064519,119103.94301722576,51048.02270137675,11692.148160758989,56452.22848903779,839301.7255632149,53933.03545749075,707501.2223214234,4137.946157038924,12592.79585839891,2490.4445143275234,0.0,0.0,5172.229827903235,11210.648164947856,0.0,19276.988535968227,129371.26973054263,5893.885049659248,2664.5965405546094,0.0,0.0,0.0,0.0,0.0,0.0,0.18715667906092806,0.0,1.192945045045045e-06,0.0,0.0,0.0,0.00015093599909531092,3.076677555390365e-05,0.0,0.0,0.0,0.0,0.0,0.0,0.07538495257062054,0.0,1.2680664282153539e-06,0.0,0.0,0.0,5.697110732052774e-05,3.0676562593879404e-05
2026-09-22 16:48:54,0.0,0.0,0.0,0.0,0.0,0.0,288016.28769813734,0.0,0.0,0.0,0.0,0.0,119.45847882799691,137.35182090746918,0.00532258997538354,0.011026807234971903,0.0031775434006586696,0.0024870364912136247,0.002557439262787864,0.0026952938844073404,0.003294732525818463,0.00025047968844917127,0.001302150435506818,0.02943216963691293,0.002581559219859096,0.011224426948690885,237605.78682614723,308882.34026887466,242973.42576172823,131214.33937398513,138592.21956854363,208410.86752094392,140372.77286285555,78453.48211832895,117122.24948991134,1220342.9199921133,139662.60206849375,975869.2374817441,174014.71418713906,141313.0529946085,165553.07339766476,104911.46208286728,98418.1945064519,119103.94301722576,51048.02270137675,11692.148160758989,45633.37969955572,839301.7255632149,53933.03545749075,692784.1580351748,4137.946157038924,12592.79585839891,2603.569701296608,0.0,0.0,5172.229827903235,11210.648164947856,0.0,10107.768866818446,129371.26973054263,5893.885049659248,2587.0424439925246,0.0,0.0,0.0,0.0,0.0,0.0,0.18757390577680574,0.0,1.195616216216216e-06,0.0,0.0,0.0,0.00015119893411060144,3.086206682872079e-05,0.0,0.0,0.0,0.0,0.0,0.0,0.07541489243786592,0.0,1.2683919322723594e-06,0.0,0.0,0.0,5.500820582118006e-05,3.0337364788533735e-05
2026-09-22 16:49:09,0.0,0.0,0.0,0.0,0.0,0.0,288016.89097752003,0.0,0.0,0.0,0.0,0.0,116.48957687065467,137.35182090746918,0.00447334586745511,0.009925804781881868,0.0031775434006586696,0.0026163179791375076,0.002448693478056337,0.002452697993484239,0.003294732525818463,0.00025047968844917127,0.0013614341320593612,0.029081066577352918,0.002581559219859096,0.01106857332009422,242513.41881707683,277846.4874846157,242973.42576172823,138035.14200038335,147841.50893480107,175002.36165149888,140372.77286285555,78453.48211832895,122454.5365352316,1159207.2028513243,139662.60206849375,965799.4140466995,175755.62052525097,127114.21240884649,165553.07339766476,110364.98476589177,104672.26145529712,99798.93544853583,51048.02270137675,11692.148160758989,47710.95488672869,797435.231586175,53933.03545749075,685803.6581099025,0.0,11327.498016951296,2603.569701296608,0.0,0.0,0.0,11210.648164947856,0.0,10567.950644579385,122827.80746508452,5893.885049659248,2509.488347430439,0.0,0.0,0.0,0.0,0.0,0.0,0.18773550592875982,0.0,1.1875883928571428e-06,0.0,0.0,0.0,0.0001504086948737374,3.0571626866389624e-05,0.0,0.0,0.0,0.0,0.0,0.0,0.07541501054263093,0.0,1.2737058269087956e-06,0.0,0.0,0.0,5.500820582118006e-05,3.0401588181408932e-05
2026-09-22 16:49:24,0.0,0.0,0.0,0.0,0.0,0.0,286722.39904269157,0.0,0.0,0.0,0.0,0.0,113.65288157216925,141.00996383656673,0.00472162897105691,0.009925804781881868,0.0031775434006586696,0.0026163179791375076,0.002448693478056337,0.002578269483503127,0.003294732525818463,0.00023934112913809007,0.0012453553066055522,0.028679425711625753,0.002581559219859096,0.010941350092020387,255973.58623383008,277846.4874846157,242973.42576172823,138035.14200038335,147841.50893480107,183962.0082805506,140372.77286285555,71436.67985735385,111804.43657643387,1048418.7544541786,139662.60206849375,957730.6376941567,185510.54496714188,127114.21240884649,165553.07339766476,110364.98476589177,104672.26145529712,104908.37047064753,51048.02270137675,10645.876288205798,43561.443949441724,721785.9917586051,53933.03545749075,680343.2976864945,0.0,11327.498016951296,2603.569701296608,0.0,0.0,0.0,11210.648164947856,0.0,9648.836221309084,86267.6633967931,5893.885049659248,2431.934250868354,0.0,0.0,0.0,0.0,0.0,0.0,0.18815220321300302,0.0,1.1902357142857142e-06,0.0,0.0,0.0,0.00015066923957070708,3.066520825007947e-05,0.0,0.0,0.0,0.0,0.0,0.0,0.07506634779592226,0.0,1.2740099990996885e-06,0.0,0.0,0.0,5.327425448337498e-05,3.072751683522853e-05
2026-09-22 16:49:39,0.0,0.0,0.0,0.0,0.0,0.0,286722.3598217556,0.0,0.0,0.0,0.0,0.0,110.6805210946852,141.0127608482603,0.00472162897105691,0.009925804781881868,0.003067566848613774,0.0026163179791375076,0.002448693478056337,0.0024331461165676732,0.0030854856578200088,0.00023934112913809007,0.0012453553066055522,0.028679425711625753,0.002581559219859096,0.010536244612606053,255973.58623383008,277846.4874846157,226388.4457724114,138035.14200038335,147841.50893480107,173607.31642203798,131358.21535384507,71436.67985735385,111804.43657643387,1048418.7544541786,139662.60206849375,891131.5905985322,185510.54496714188,127114.21240884649,154271.72274247292,110364.98476589177,104672.26145529712,99003.38030580006,47769.78485668856,10645.876288205798,43561.443949441724,721785.9917586051,53933.03545749075,627976.5088445472,0.0,11327.498016951296,2425.213904408692,0.0,0.0,0.0,10490.714872079589,0.0,9648.836221309084,86267.6633967931,5893.885049659248,2354.380154306268,0.0,0.0,0.0,0.0,0.0,0.0,0.18856878662943571,0.0,1.1928830357142855e-06,0.0,0.0,0.0,0.0001509297842676768,3.075878963376931e-05,0.0,0.0,0.0,0.0,0.0,0.0,0.07506649113307826,0.0,1.2793474319700556e-06,0.0,0.0,0.0,5.327425448337498e-05,3.079249142703417e-05
2026-09-22 16:49:54,0.0,0.0,0.0,0.0,0.0,0.0,285190.6721859137,0.0,0.0,0.0,0.0,0.0,105.99056212371698,143.36740889476482,0.004476506768883081,0.008337149925038903,0.003067566848613774,0.002523790850581865,0.002387614485321976,0.002502968704701433,0.003325289812847841,0.00023934112913809007,0.0012453553066055522,0.028679425711625753,0.0023444855824110377,0.010475138682351434,235325.105798418,304926.4831927082,226388.4457724114,124513.1383100278,137011.35252547308,165113.46684599173,114894.1991548559,71436.67985735385,111804.43657643387,1048418.7544541786,104984.03620301481,858172.1769327981,170544.905058383,138961.5988922994,154271.72274247292,99553.56595135338,97004.78695999994,94184.5446493719,40033.30656890769,10645.876288205798,43561.443949441724,721785.9917586051,54994.27808282839,613175.3261759878,0.0,27.154575184135332,2425.213904408692,0.0,0.0,0.0,218.00129386880536,0.0,9648.836221309084,86267.6633967931,0.0,0.0,0.0,0.0,0.0,0.0,0.0,0.0,0.18898545368328667,0.0,1.1955303571428573e-06,0.0,0.0,0.0,0.00015119032896464648,3.085237101745915e-05,0.0,0.0,0.0,0.0,0.0,0.0,0.07516555400010627,0.0,1.2796230739184416e-06,0.0,0.0,0.0,5.1072611841718635e-05,3.1189859532964215e-05
2026-09-22 16:50:09,0.0,0.0,0.0,0.0,0.0,0.0,285191.3992595085,0.0,0.0,0.0,0.0,0.0,103.0655992066808,143.36740889476482,0.004476506768883081,0.008337149925038903,0.003067566848613774,0.002523790850581865,0.002387614485321976,0.002502968704701433,0.003325289812847841,0.00023934112913809007,0.0012453553066055522,0.028679425711625753,0.0023444855824110377,0.010101525934529395,235325.105798418,304926.4831927082,226388.4457724114,124513.1383100278,137011.35252547308,165113.46684599173,114894.1991548559,71436.67985735385,111804.43657643387,1048418.7544541786,104984.03620301481,815114.7188093609,170544.905058383,138961.5988922994,154271.72274247292,99553.56595135338,97004.78695999994,94184.5446493719,40033.30656890769,10645.876288205798,43561.443949441724,721785.9917586051,54994.27808282839,567857.2223398727,0.0,27.154575184135332,2425.213904408692,0.0,0.0,0.0,218.00129386880536,0.0,9648.836221309084,86267.6633967931,0.0,0.0,0.0,0.0,0.0,0.0,0.0,0.0,0.18916097949749067,0.0,1.187574336283186e-06,0.0,0.0,0.0,0.00015040728652402407,3.134608397561583e-05,0.0,0.0,0.0,0.0,0.0,0.0,0.0751657567158235,0.0,1.2849839956733472e-06,0.0,0.0,0.0,5.1072611841718635e-05,3.125474344333535e-05
2026-09-22 16:50:24,0.0,0.0,0.0,0.0,0.0,0.0,283826.007140813,0.0,0.0,0.0,0.0,0.0,102.29614486191714,144.0817659865947,0.004476506768883081,0.007877641838771288,0.002643398790117703,0.002523790850581865,0.0021671543106696347,0.002502968704701433,0.003325289812847841,0.00025295638456369944,0.0012453553066055522,0.02814802652414887,0.0023444855824110377,0.010105696608015191,235325.105798418,321834.53633690777,190471.39346533324,124513.1383100278,148668.9197886688,165113.46684599173,114894.1991548559,78982.00656325163,111804.43657643387,925823.7152659955,104984.03620301481,801661.7757565677,170544.905058383,145543.24016911202,124782.81763921923,99553.56595135338,105111.19692643342,94184.5446493719,40033.30656890769,11770.321248770608,43561.443949441724,637761.7011650265,54994.27808282839,556000.1674685199,0.0,25.638641094792867,7.384472578957228,0.0,0.0,0.0,218.00129386880536,0.0,9648.836221309084,45819.97511593711,0.0,0.0,0.0,0.0,0.0,0.0,0.0,0.0,0.18957706900529125,0.0,1.1901982300884954e-06,0.0,0.0,0.0,0.00015066548397147148,3.144185414683038e-05,0.0,0.0,0.0,0.0,0.0,0.0,0.07523019049250627,0.0,1.2852426516396782e-06,0.0,0.0,0.0,4.8980414507216015e-05,3.152090783443482e-05
2026-09-22 16:50:39,0.0,0.0,0.0,0.0,0.0,0.0,283827.673129337,0.0,0.0,0.0,0.0,0.0,99.30822711126676,144.0817659865947,0.004476506768883081,0.007877641838771288,0.0027719936174898925,0.002523790850581865,0.0021671543106696347,0.002502968704701433,0.003325289812847841,0.00024291422429933418,0.0013538882943534265,0.02781815666069245,0.0023444855824110377,0.009965138744558549,235325.105798418,321834.53633690777,199737.35668419523,124513.1383100278,148668.9197886688,165113.46684599173,114894.1991548559,87528.30025635856,93433.97283729618,862308.0392686409,104984.03620301481,798838.2178295768,170544.905058383,145543.24016911202,130853.19376003764,99553.56595135338,105111.19692643342,94184.5446493719,40033.30656890769,10880.202782498487,33560.83589524069,593612.7780914935,54994.27808282839,553031.0089563185,0.0,25.638641094792867,7.743708945439558,0.0,0.0,0.0,218.00129386880536,0.0,0.0,42624.61550332675,0.0,0.0,0.0,0.0,0.0,0.0,0.0,0.0,0.18999321388309956,0.0,1.1928221238938052e-06,0.0,0.0,0.0,0.00015092368141891892,3.1537624318044934e-05,0.0,0.0,0.0,0.0,0.0,0.0,0.07523028950607419,0.0,1.2906271073326745e-06,0.0,0.0,0.0,4.8980414507216015e-05,3.158719845296903e-05
2026-09-22 16:50:54,0.0,0.0,0.0,0.0,0.0,0.0,282371.62319044943,0.0,0.0,0.0,0.0,0.0,93.70192531784043,143.49910724460392,0.004476506768883081,0.007877641838771288,0.0027719936174898925,0.0023364792706750625,0.002150844143956806,0.0023960188465852327,0.003325289812847841,0.00024291422429933418,0.0012923612168966169,0.02781815666069245,0.0023444855824110377,0.009650961064820206,235325.105798418,321834.53633690777,199737.35668419523,133686.98294655583,140612.29096350961,174024.59254114478,114894.1991548559,87528.30025635856,89187.89189558661,862308.0392686409,104984.03620301481,792462.2830978058,170544.905058383,145543.24016911202,130853.19376003764,106585.44936344505,99415.03729731748,98935.71230800275,40033.30656890769,10880.202782498487,32035.673030435897,593612.7780914935,54994.27808282839,549909.7370695074,0.0,25.638641094792867,7.743708945439558,0.0,0.0,0.0,218.00129386880536,0.0,0.0,42624.61550332675,0.0,0.0,0.0,0.0,0.0,0.0,0.0,0.0,0.19040935876090787,0.0,1.1954460176991151e-06,0.0,0.0,0.0,0.00015118187886636636,3.163339448925949e-05,0.0,0.0,0.0,0.0,0.0,0.0,0.0748755259382195,0.0,1.2908619305397228e-06,0.0,0.0,0.0,4.687167352582424e-05,3.1559113276579123e-05
2026-09-22 16:51:09,0.0,0.0,0.0,0.0,0.0,0.0,282372.73160872114,0.0,0.0,0.0,0.0,0.0,90.79523632785924,144.51988044034448,0.004096905219319126,0.007877641838771288,0.0026563463103060625,0.002320274337497071,0.002150844143956806,0.002360298120307619,0.0031584008711473244,0.00024291422429933418,0.0012374821457437307,0.02781815666069245,0.0023444855824110377,0.009501296638198813,202166.25734177142,321834.53633690777,191404.3333688457,125363.52815720423,140612.29096350961,161284.9235779656,109127.91339221412,87528.30025635856,84833.80812184268,862308.0392686409,104984.03620301481,774569.6905169665,140472.74844440733,145543.24016911202,125394.01109840676,99946.46701976557,99415.03729731748,91693.01054363983,38024.12344741143,10880.202782498487,30471.716296419967,593612.7780914935,54994.27808282839,533781.8375068151,0.0,25.638641094792867,7.420642152823219,0.0,0.0,0.0,207.06029104777608,0.0,0.0,42624.61550332675,0.0,0.0,0.0,0.0,0.0,0.0,0.0,0.0,0.19060303909622905,0.0,1.1875605263157896e-06,0.0,0.0,0.0,0.0001504059033234127,3.174818166305917e-05,0.0,0.0,0.0,0.0,0.0,0.0,0.07487569065679935,0.0,1.2962699188400408e-06,0.0,0.0,0.0,4.687167352582424e-05,3.162609996491761e-05
2026-09-22 16:51:24,0.0,0.0,0.0,0.0,0.0,0.0,280963.914289572,0.0,0.0,0.0,0.0,0.0,87.19892157570123,148.17919889789067,0.004096905219319126,0.007877641838771288,0.0026216963900874382,0.002320274337497071,0.002150844143956806,0.002360298120307619,0.0032024591290738735,0.00024291422429933418,0.0012374821457437307,0.02781815666069245,0.0023444855824110377,0.009111932922062206,202166.25734177142,321834.53633690777,188907.61641029324,125363.52815720423,140612.29096350961,161284.9235779656,110334.34144759568,87528.30025635856,84833.80812184268,862308.0392686409,104984.03620301481,757557.7351560363,140472.74844440733,145543.24016911202,123758.34617640627,99946.46701976557,99415.03729731748,91693.01054363983,38444.48674294496,10880.202782498487,30471.716296419967,593612.7780914935,54994.27808282839,520413.500851111,0.0,25.638641094792867,7.3238457910052235,0.0,0.0,0.0,209.34937856452987,0.0,0.0,42624.61550332675,0.0,0.0,0.0,0.0,0.0,0.0,0.0,0.0,0.19101876163972267,0.0,1.190161403508772e-06,0.0,0.0,0.0,0.00015066179543650796,3.184449925565176e-05,0.0,0.0,0.0,0.0,0.0,0.0,0.07493064988896365,0.0,1.296476912006699e-06,0.0,0.0,0.0,4.4717078943840017e-05,3.1691750305888355e-05
2026-09-22 16:51:39,0.0,0.0,0.0,0.0,0.0,0.0,280965.9520567908,0.0,0.0,0.0,0.0,0.0,84.31503465361024,148.2030189277523,0.0039034813593181,0.0049451548612022235,0.0026665359042100456,0.002320274337497071,0.002150844143956806,0.002360298120307619,0.0032024591290738735,0.00024291422429933418,0.0012374821457437307,0.026998971460950913,0.0021136430378646187,0.008976238188399977,191769.1388075691,276100.47552294063,204126.45799146144,125363.52815720423,140612.29096350961,161284.9235779656,110334.34144759568,87528.30025635856,84833.80812184268,933081.0401389701,106004.95997787843,749763.3495617134,135724.74136280283,121929.60694933681,132735.18857710928,99946.46701976557,99415.03729731748,91693.01054363983,38444.48674294496,10880.202782498487,30471.716296419967,640979.8880645781,55529.073352726846,508304.55024710903,0.0,25.216629203337302,6.972484560440683,0.0,0.0,0.0,209.34937856452987,0.0,0.0,46372.332662076944,0.0,0.0,0.0,0.0,0.0,0.0,0.0,0.0,0.1914344841832163,0.0,1.1927622807017545e-06,0.0,0.0,0.0,0.00015091768754960317,3.1940816848244355e-05,0.0,0.0,0.0,0.0,0.0,0.0,0.07493091401166144,0.0,1.3019084178656523e-06,0.0,0.0,0.0,4.4717078943840017e-05,3.175864078038014e-05
2026-09-22 16:51:54,0.0,0.0,0.0,0.0,0.0,0.0,279449.5606636362,0.0,0.0,0.0,0.0,0.0,80.8777086885651,144.34133225014472,0.0039034813593181,0.0052402882599092175,0.0026665359042100456,0.002320274337497071,0.002150844143956806,0.002360298120307619,0.0032024591290738735,0.00024291422429933418,0.0012374821457437307,0.026998971460950913,0.0021556080676584277,0.00853394165686572,191769.1388075691,292578.51797314046,204126.45799146144,125363.52815720423,140612.29096350961,161284.9235779656,110334.34144759568,87528.30025635856,84833.80812184268,933081.0401389701,130301.05093414443,739892.2512637769,135724.74136280283,129206.52755384486,132735.18857710928,99946.46701976557,99415.03729731748,91693.01054363983,38444.48674294496,10880.202782498487,30471.716296419967,640979.8880645781,61720.431447050134,494221.53981436306,0.0,26.721591067950307,6.972484560440683,0.0,0.0,0.0,209.34937856452987,0.0,0.0,46372.332662076944,0.0,0.0,0.0,0.0,0.0,0.0,0.0,0.0,0.19185020672670994,0.0,1.1953631578947367e-06,0.0,0.0,0.0,0.00015117357966269843,3.2037134440836954e-05,0.0,0.0,0.0,0.0,0.0,0.0,0.07502707339805892,0.0,1.30209373620188e-06,0.0,0.0,0.0,4.2870067601691126e-05,3.173431428627185e-05
2026-09-22 16:52:09,0.0,0.0,0.0,0.0,0.0,0.0,279448.9596900811,0.0,0.0,0.0,0.0,0.0,78.0134184109263,144.357648491047,0.0039034813593181,0.0052402882599092175,0.0024816363453703592,0.002320274337497071,0.001992347124703059,0.002234551915173174,0.0032024591290738735,0.00023631591817959365,0.0013315966944743279,0.0257009387226442,0.0021556080676584277,0.00842844787050071,191769.1388075691,292578.51797314046,168467.42576051407,125363.52815720423,115070.21574714461,168617.56099646055,110334.34144759568,88397.60040508393,91889.84643892206,888221.1928168084,130301.05093414443,727103.3592881449,135724.74136280283,129206.52755384486,103259.91758443827,99946.46701976557,76089.54159334462,94276.9397743291,38444.48674294496,10988.261111853524,32986.09872166433,610163.4223148605,61720.431447050134,484835.6759831972,0.0,26.721591067950307,7.348152825791729,0.0,0.0,0.0,209.34937856452987,0.0,0.0,44142.88455017077,0.0,0.0,0.0,0.0,0.0,0.0,0.0,0.0,0.19203457399701915,0.0,1.1875469565217392e-06,0.0,0.0,0.0,0.00015040454460422812,3.226659771034463e-05,0.0,0.0,0.0,0.0,0.0,0.0,0.07502706528184634,0.0,1.3075487627162121e-06,0.0,0.0,0.0,4.2870067601691126e-05,3.180046395141651e-05
2026-09-22 16:52:24,0.0,0.0,0.0,0.0,0.0,0.0,278032.2129043003,0.0,0.0,0.0,0.0,0.0,73.04622979136786,143.27822055526192,0.003336237705159778,0.0052402882599092175,0.0024816363453703592,0.002209700865303075,0.0019573862472867264,0.002195080559571282,0.003403678767852015,0.00023631591817959365,0.0013315966944743279,0.026669450794909996,0.0021556080676584277,0.008229270526537578,200309.91107899664,292578.51797314046,168467.42576051407,88168.49119556717,105169.54865729685,158508.2105686121,117471.49963503171,88397.60040508393,91889.84643892206,1014079.8945454637,130301.05093414443,724829.2929690065,140440.80043649446,129206.52755384486,103259.91758443827,68745.07188533814,69525.90052191007,88624.63039556955,40931.331543206055,10988.261111853524,32986.09872166433,698211.8951271158,61720.431447050134,481468.5775760087,0.0,26.721591067950307,7.348152825791729,0.0,0.0,0.0,222.89148713791673,0.0,0.0,41826.7382660748,0.0,0.0,0.0,0.0,0.0,0.0,0.0,0.0,0.1924498202232315,0.0,1.1901252173913042e-06,0.0,0.0,0.0,0.00015065817218534906,3.236320953095645e-05,0.0,0.0,0.0,0.0,0.0,0.0,0.07517279280959352,0.0,1.3077113321842083e-06,0.0,0.0,0.0,4.0443927822436006e-05,3.1438598097680526e-05
2026-09-22 16:52:39,0.0,0.0,0.0,0.0,0.0,0.0,278030.9606355016,0.0,0.0,0.0,0.0,0.0,70.26209150378574,143.2803657278898,0.003336237705159778,0.0052402882599092175,0.0024816363453703592,0.002209700865303075,0.0019573862472867264,0.002195080559571282,0.003403678767852015,0.00023631591817959365,0.0012709803785580175,0.026669450794909996,0.001972415391879668,0.00811413596322244,200309.91107899664,292578.51797314046,168467.42576051407,88168.49119556717,105169.54865729685,158508.2105686121,117471.49963503171,88397.60040508393,87706.88024175692,1014079.8945454637,103809.17163971077,718467.5308232905,140440.80043649446,129206.52755384486,103259.91758443827,68745.07188533814,69525.90052191007,88624.63039556955,40931.331543206055,10988.261111853524,31484.521112425562,698211.8951271158,45527.681224554035,473933.07136804,0.0,26.721591067950307,7.348152825791729,0.0,0.0,0.0,222.89148713791673,0.0,0.0,41826.7382660748,0.0,0.0,0.0,0.0,0.0,0.0,0.0,0.0,0.1928649456499983,0.0,1.1927034782608696e-06,0.0,0.0,0.0,0.00015091179976647003,3.245982135156828e-05,0.0,0.0,0.0,0.0,0.0,0.0,0.07517285870381533,0.0,1.3131898840254194e-06,0.0,0.0,0.0,4.0443927822436006e-05,3.150399635887985e-05
2026-09-22 16:52:54,0.0,0.0,0.0,0.0,0.0,0.0,276641.72480637353,0.0,0.0,0.0,0.0,0.0,69.39659151568081,146.54404260140686,0.003336237705159778,0.0052402882599092175,0.0024816363453703592,0.002168056596990397,0.0019573862472867264,0.002195080559571282,0.00324929711723891,0.00023631591817959365,0.0012163533002047806,0.026669450794909996,0.0019724153918796684,0.008015235397751182,200309.91107899664,292578.51797314046,168467.42576051407,80015.50339821614,105169.54865729685,158508.2105686121,112143.31056356484,88397.60040508393,83380.29343259163,1014079.8945454637,103809.17163971078,715400.4582896449,140440.80043649446,129206.52755384486,103259.91758443827,62379.977059901044,69525.90052191007,88624.63039556955,39074.79720009582,10988.261111853524,29930.110449736603,698211.8951271158,45527.68122455404,470660.62443592463,0.0,26.721591067950307,7.348152825791729,0.0,0.0,0.0,212.78173294578514,0.0,0.0,41826.7382660748,0.0,0.0,0.0,0.0,0.0,0.0,0.0,0.0,0.1932801596960305,0.0,1.1952817391304348e-06,0.0,0.0,0.0,0.00015116542734759097,3.2556433172180096e-05,0.0,0.0,0.0,0.0,0.0,0.0,0.07520907891856662,0.0,1.3133278668839865e-06,0.0,0.0,0.0,3.997909264543597e-05,3.206376799075776e-05
2026-09-22 16:53:09,0.0,0.0,0.0,0.0,0.0,0.0,276640.9156250209,0.0,0.0,0.0,0.0,0.0,66.53328883849825,146.5461716199275,0.003218726680080827,0.004978229813936017,0.0022705781596310333,0.002168056596990397,0.0019573862472867264,0.002195080559571282,0.0032067511326407607,0.00023631591817959365,0.0012163533002047806,0.02610598187316857,0.0019533876687065875,0.007666484180813559,185694.57239160803,277947.1336022144,171717.33083161735,80015.50339821614,105169.54865729685,158508.2105686121,110674.91681812696,88397.60040508393,83380.29343259163,1107514.9577391678,96240.83837746324,676033.9510022164,130193.72952097778,122745.11548241416,113292.62391311835,62379.97705990104,69525.90052191007,88624.63039556955,38563.15555580575,10988.261111853524,29930.110449736603,762096.1372809377,42208.430538683184,456420.4395465451,0.0,25.38528697896118,7.236602083173221,0.0,0.0,0.0,209.99558935656123,0.0,0.0,45713.28837046594,0.0,0.0,0.0,0.0,0.0,0.0,0.0,0.0,0.19346523112565905,0.0,1.1875336206896551e-06,0.0,0.0,0.0,0.00015040320972222224,3.3040444407994964e-05,0.0,0.0,0.0,0.0,0.0,0.0,0.07520895252057315,0.0,1.3188299379903849e-06,0.0,0.0,0.0,3.997909264543597e-05,3.213051034207365e-05
2026-09-22 16:53:24,0.0,0.0,0.0,0.0,0.0,0.0,275182.08363558975,0.0,0.0,0.0,0.0,0.0,61.23334337076929,147.35304966311753,0.003218726680080827,0.0047572185706957,0.0022705781596310333,0.0018538573000068774,0.0019573862472867264,0.0020297220620653,0.003112558892291648,0.000230005179043899,0.0012163533002047806,0.02610598187316857,0.0019533876687065875,0.007173141193654248,185694.57239160803,265321.82461573044,171717.33083161735,83791.40365142611,105169.54865729685,121670.75619713846,105985.49171571889,96728.74522943507,83380.29343259163,1107514.9577391678,96240.83837746324,674017.414560345,130193.72952097778,117169.61272596197,113292.62391311835,65290.04393229097,69525.90052191007,65600.70122256059,36927.981689427914,10313.119704171648,29930.110449736603,762096.1372809377,42208.430538683184,455787.0928300496,0.0,24.23220046331237,7.236602083173221,0.0,0.0,0.0,201.09125321442295,0.0,0.0,45713.28837046594,0.0,0.0,0.0,0.0,0.0,0.0,0.0,0.0,0.19387995646976952,0.0,1.1900896551724137e-06,0.0,0.0,0.0,0.0001506546125,3.3139019589154384e-05,0.0,0.0,0.0,0.0,0.0,0.0,0.07476907498139504,0.0,1.3189451850917676e-06,0.0,0.0,0.0,4.027957882068026e-05,3.220418378490504e-05
2026-09-22 16:53:39,0.0,0.0,0.0,0.0,0.0,0.0,275183.0558433914,0.0,0.0,0.0,0.0,0.0,58.47961673209896,147.3556929670711,0.0025336881844612975,0.002681018425119612,0.0022705781596310333,0.001959109335950514,0.0016732665786309744,0.0020297220620653,0.003292055984017923,0.000230005179043899,0.0012868688627598393,0.02610598187316857,0.0019533876687065875,0.006830106240450427,153730.7028003749,251448.05707992858,171717.33083161735,88548.62840052355,107498.81349065948,121670.75619713846,112574.57792610626,96728.74522943507,88457.55687859205,1107514.9577391678,96240.83837746324,618918.8019150473,100438.92961113357,109477.85191423206,113292.62391311835,68996.86109167946,70118.23134117515,65600.70122256059,39223.78322781111,10313.119704171648,31752.640084320545,762096.1372809377,42208.430538683184,419219.9650203354,0.0,0.0,7.236602083173221,0.0,0.0,0.0,213.59303607295504,0.0,0.0,45713.28837046594,0.0,0.0,0.0,0.0,0.0,0.0,0.0,0.0,0.19429448890403317,0.0,1.1926456896551724e-06,0.0,0.0,0.0,0.0001509060152777778,3.323759477031381e-05,0.0,0.0,0.0,0.0,0.0,0.0,0.07476922826882049,0.0,1.3244707909999502e-06,0.0,0.0,0.0,4.027957882068026e-05,3.227259626099398e-05
2026-09-22 16:53:54,0.0,0.0,0.0,0.0,0.0,0.0,273946.6744979563,0.0,0.0,0.0,0.0,0.0,57.608781750032115,148.04346543365807,0.0025336881844612975,0.002681018425119612,0.0022705781596310333,0.001959109335950514,0.001685705846784725,0.0020297220620653,0.003292055984017923,0.0002354302642257923,0.0012868688627598393,0.02610598187316857,0.0019533876687065875,0.006733288331167613,153730.7028003749,251448.05707992858,171717.33083161735,88548.62840052355,108297.9728023302,121670.75619713846,112574.57792610626,104198.54205672763,88457.55687859205,1107514.9577391678,96240.83837746324,596850.6490336345,100438.92961113357,109477.85191423206,113292.62391311835,68996.86109167946,70639.49883869084,65600.70122256059,39223.78322781111,11109.943187823941,31752.640084320545,762096.1372809377,42208.430538683184,403146.89584757225,0.0,0.0,7.236602083173221,0.0,0.0,0.0,213.59303607295504,0.0,0.0,45713.28837046594,0.0,0.0,0.0,0.0,0.0,0.0,0.0,0.0,0.19470918281083774,0.0,1.1952017241379308e-06,0.0,0.0,0.0,0.00015115741805555555,3.333616995147323e-05,0.0,0.0,0.0,0.0,0.0,0.0,0.07465233473122913,0.0,1.3245669589437476e-06,0.0,0.0,0.0,4.05826516774905e-05,3.25809930816957e-05
2026-09-22 16:54:09,0.0,0.0,0.0,0.0,0.0,0.0,273946.8940777709,0.0,0.0,0.0,0.0,0.0,54.762008393374245,148.04346543365807,0.0024729195392993782,0.002681018425119612,0.002022170011010752,0.001959109335950514,0.0017610736079056223,0.0020564631278097005,0.003292055984017923,0.0002354302642257923,0.0012052152387779615,0.025926073411498145,0.0019533876687065875,0.006791341003183517,144187.1523692785,251448.05707992858,139354.0192126592,88548.62840052355,102845.5959585855,110753.64638933663,112574.57792610626,104198.54205672763,82935.12594152425,1177918.8809704918,96240.83837746324,588754.0785503318,94203.71457257424,109477.85191423206,86405.70447217024,68996.86109167946,67073.53287936492,59714.569820902245,39223.78322781111,11109.943187823941,33283.4541597666,811698.6088282379,42208.430538683184,404465.53863758064,0.0,0.0,7.8640004070234575,0.0,0.0,0.0,213.59303607295504,0.0,0.0,41593.39862944896,0.0,0.0,0.0,0.0,0.0,0.0,0.0,0.0,0.194892763514735,0.0,1.1875205128205125e-06,0.0,0.0,0.0,0.00015040189805555558,3.304691213590222e-05,0.0,0.0,0.0,0.0,0.0,0.0,0.07465242802931184,0.0,1.3301160687386928e-06,0.0,0.0,0.0,4.05826516774905e-05,3.2648336886372805e-05
2026-09-22 16:54:24,0.0,0.0,0.0,0.0,0.0,0.0,272410.3804346335,0.0,0.0,0.0,0.0,0.0,51.579055933395885,142.39939787175098,0.0024729195392993782,0.002681018425119612,0.002022170011010752,0.001959109335950514,0.0017610736079056223,0.0020564631278097005,0.003292055984017923,0.0002354302642257923,0.0012052152387779615,0.025926073411498145,0.0017773476636261955,0.0066003898670222655,144187.1523692785,251448.05707992858,139354.0192126592,88548.62840052355,102845.5959585855,110753.64638933663,112574.57792610626,104198.54205672763,82935.12594152425,1177918.8809704918,104310.40626208775,589233.2722045713,94203.71457257424,109477.85191423206,86405.70447217024,68996.86109167946,67073.53287936492,59714.569820902245,39223.78322781111,11109.943187823941,33283.4541597666,811698.6088282379,45747.50814105704,402838.09112154105,0.0,0.0,7.8640004070234575,0.0,0.0,0.0,213.59303607295504,0.0,0.0,41593.39862944896,0.0,0.0,0.0,0.0,0.0,0.0,0.0,0.0,0.1953069635841829,0.0,1.1900547008547008e-06,0.0,0.0,0.0,0.00015065111472222222,3.3143913238742025e-05,0.0,0.0,0.0,0.0,0.0,0.0,0.07466069849062572,0.0,1.330183618630617e-06,0.0,0.0,0.0,4.088834476072849e-05,3.228160939456556e-05
2026-09-22 16:54:39,0.0,0.0,0.0,0.0,0.0,0.0,272411.75141572213,0.0,0.0,0.0,0.0,0.0,48.7507257270169,142.41532895506464,0.0024729195392993782,0.002681018425119612,0.0019260959414310302,0.001954010882543082,0.0017610736079056223,0.0019314145420797188,0.0035533773248501823,0.00022766228564875712,0.0012052152387779615,0.02364550437958349,0.0017773476636261955,0.0061454709702935826,144187.1523692785,251448.05707992858,132733.25653437234,83247.37427012844,102845.5959585855,115467.1863654348,121791.09541405945,97018.88361919204,82935.12594152425,1225726.327034795,104310.40626208775,566738.7013233074,94203.71457257424,109477.85191423206,82300.53645051866,69101.31473722901,67073.53287936492,60386.30411374134,42435.04718031821,10344.053961999989,33283.4541597666,844238.1595475458,45747.50814105704,376872.36025800236,0.0,0.0,7.490378744074508,0.0,0.0,0.0,231.0799677456066,0.0,0.0,43428.43851186235,0.0,0.0,0.0,0.0,0.0,0.0,0.0,0.0,0.19572105851305813,0.0,1.1925888888888888e-06,0.0,0.0,0.0,0.00015090033138888891,3.3240914341581845e-05,0.0,0.0,0.0,0.0,0.0,0.0,0.07466089713290694,0.0,1.3357562431642248e-06,0.0,0.0,0.0,4.088834476072849e-05,3.234822731100085e-05
2026-09-22 16:54:54,0.0,0.0,0.0,0.0,0.0,0.0,271083.4807221538,0.0,0.0,0.0,0.0,0.0,43.48240230124886,145.78591142192337,0.0024729195392993782,0.0024772175214904566,0.002008744758602713,0.001954010882543082,0.0017610736079056223,0.0019314145420797188,0.003385894133950781,0.00022766228564875712,0.0012768803189873695,0.025045477892645076,0.0017416353202894153,0.005897992880679881,144187.1523692785,231950.04980509012,126971.12049134876,83247.37427012844,102845.5959585855,115467.1863654348,116050.65205038145,97018.88361919204,88571.39385772587,1298297.6016654442,95178.88516142046,557905.8756567286,94203.71457257424,101004.41545383235,78727.75522128012,69101.31473722901,67073.53287936492,60386.30411374134,40434.933919611794,10344.053961999989,35525.82660032141,894222.7588654159,41742.688767202846,383734.56195054756,0.0,0.0,7.165210941640967,0.0,0.0,0.0,220.18835483405164,0.0,0.0,45999.69529937782,0.0,0.0,0.0,0.0,0.0,0.0,0.0,0.0,0.19613523201268623,0.0,1.1951230769230767e-06,0.0,0.0,0.0,0.00015114954805555553,3.333791544442165e-05,0.0,0.0,0.0,0.0,0.0,0.0,0.07424055211283777,0.0,1.3357991898599188e-06,0.0,0.0,0.0,4.1196692197800675e-05,3.265331255068877e-05
2026-09-22 16:55:09,0.0,0.0,0.0,0.0,0.0,0.0,271084.5125874713,0.0,0.0,0.0,0.0,0.0,40.804338876503195,145.78748752575018,0.0024729195392993782,0.0024772175214904566,0.002008744758602713,0.001954010882543082,0.0017610736079056223,0.0019196678404955366,0.0032345511899127904,0.00022404796992443767,0.0012768803189873695,0.025045477892645076,0.0017416353202894153,0.005356145858230944,144187.1523692785,231950.04980509012,126971.12049134876,83247.37427012844,102845.5959585855,108939.22707439467,110142.47285816577,86788.26782928115,88571.39385772587,1298297.6016654442,95178.88516142046,552442.8011221304,94203.71457257424,101004.41545383235,78727.75522128012,69101.31473722901,67073.53287936492,56972.352952384594,38376.377323835375,10810.52629117423,35525.82660032141,894222.7588654159,41742.688767202846,378324.2411680087,0.0,0.0,7.165210941640967,0.0,0.0,0.0,208.97848885385895,0.0,0.0,45999.69529937782,0.0,0.0,0.0,0.0,0.0,0.0,0.0,0.0,0.19631275989870778,0.0,1.187507627118644e-06,0.0,0.0,0.0,0.00015040060900383144,3.344335998104399e-05,0.0,0.0,0.0,0.0,0.0,0.0,0.07424069899487339,0.0,1.3413953244409062e-06,0.0,0.0,0.0,4.1196692197800675e-05,3.2720575182006094e-05
2026-09-22 16:55:24,0.0,0.0,0.0,0.0,0.0,0.0,269515.1882923648,0.0,0.0,0.0,0.0,0.0,37.729739346713316,145.29038849659074,0.0016837418154916864,0.00043831391679256674,0.002008744758602713,0.0017623848207392729,0.0016201061370004477,0.0019196678404955366,0.0032345511899127904,0.00023578804498730835,0.0012768803189873695,0.025045477892645076,0.0017416353202894153,0.0050696199369441265,100321.81518381923,212888.55929942205,126971.12049134876,49239.00019841065,69459.97129687986,108939.22707439467,110142.47285816577,91335.95812630067,88571.39385772587,1298297.6016654442,95178.88516142046,546054.5982468795,79422.20970632204,91991.6752079818,78727.75522128012,40237.78434549406,37478.68147889409,56972.352952384594,38376.377323835375,11376.99600821887,35525.82660032141,894222.7588654159,41742.688767202846,374595.3334722744,0.0,0.0,7.165210941640967,0.0,0.0,0.0,208.97848885385895,0.0,0.0,45999.69529937782,0.0,0.0,0.0,0.0,0.0,0.0,0.0,0.0,0.196726488463576,0.0,1.1900203389830507e-06,0.0,0.0,0.0,0.00015064767725095785,3.354079074345534e-05,0.0,0.0,0.0,0.0,0.0,0.0,0.07431766065664906,0.0,1.3414166643581707e-06,0.0,0.0,0.0,4.147758511752354e-05,3.2832957479015595e-05
2026-09-22 16:55:39,0.0,0.0,0.0,0.0,0.0,0.0,269515.83770868054,0.0,0.0,0.0,0.0,0.0,35.079576219563066,145.3060880233817,0.0016837418154916864,0.00043831391679256674,0.0017643646805590627,0.0017593890277641856,0.0016240751262128102,0.0019196678404955366,0.0032345511899127904,0.00023578804498730835,0.0012768803189873695,0.025045477892645076,0.0015360889905182756,0.004941486754438855,100321.81518381923,212888.55929942205,129110.84096901951,70379.4468512868,69822.05879000538,108939.22707439467,110142.47285816577,91335.95812630067,88571.39385772587,1298297.6016654442,63035.66176276819,531743.2097862519,79422.20970632204,91991.6752079818,77345.7719685755,38066.48103833255,42459.94244801119,56972.352952384594,38376.377323835375,11376.99600821887,35525.82660032141,894222.7588654159,23401.723373453482,361068.86927651224,0.0,0.0,0.0,0.0,0.0,0.0,208.97848885385895,0.0,0.0,45999.69529937782,0.0,0.0,0.0,0.0,0.0,0.0,0.0,0.0,0.19714021702844425,0.0,1.1925330508474576e-06,0.0,0.0,0.0,0.00015089474549808432,3.363822150586669e-05,0.0,0.0,0.0,0.0,0.0,0.0,0.0743177730213022,0.0,1.3470363152591503e-06,0.0,0.0,0.0,4.147758511752354e-05,3.2900141182019655e-05
2026-09-22 16:55:54,0.0,0.0,0.0,0.0,0.0,0.0,268376.5276677378,0.0,0.0,0.0,0.0,0.0,29.639647246941436,148.84885252818236,0.0016837418154916864,0.00043831391679256674,0.0017643646805590627,0.0017593890277641856,0.0016240751262128102,0.0018267081519541364,0.0032345511899127904,0.00023578804498730835,0.0011746877636210871,0.025118805951831493,0.0016222262551652694,0.004854033898282819,100321.81518381923,212888.55929942205,129110.84096901951,70379.4468512868,69822.05879000538,72817.77777777778,110142.47285816577,91335.95812630067,106668.84914878166,1357442.3995395072,66570.4305899479,533658.0050143931,79422.20970632204,91991.6752079818,77345.7719685755,38066.48103833255,42459.94244801119,34756.41951521207,38376.377323835375,11376.99600821887,32365.422640680372,935919.9738639367,24713.991381269087,360735.538232903,0.0,0.0,0.0,0.0,0.0,0.0,208.97848885385895,0.0,0.0,42014.17777708634,0.0,0.0,0.0,0.0,0.0,0.0,0.0,0.0,0.1975539455933124,0.0,1.1950457627118645e-06,0.0,0.0,0.0,0.00015114181374521074,3.373565226827804e-05,0.0,0.0,0.0,0.0,0.0,0.0,0.07423867631633392,0.0,1.347033045982799e-06,0.0,0.0,0.0,4.1608889467174514e-05,3.3507294658828014e-05
2026-09-22 16:56:09,0.0,0.0,0.0,0.0,0.0,0.0,268378.7530636708,0.0,0.0,0.0,0.0,0.0,27.217429323709542,148.85008769176963,0.0016837418154916864,0.00043831391679256674,0.0017478588165608317,0.0017593890277641856,0.0016240751262128102,0.0018267081519541364,0.00014423318872632852,0.00022914191915286033,8.455725558405352e-05,0.025118805951831493,0.0016222262551652694,0.0038493606458574934,100321.81518381923,212888.55929942205,119806.95638539734,70379.4468512868,69822.05879000538,72817.77777777778,115109.1628370721,84326.86791410067,110560.49126624876,1357442.3995395072,66570.4305899479,536221.9845863469,79422.20970632204,91991.6752079818,71772.14135765367,38066.48103833255,42459.94244801119,34756.41951521207,38185.02759389207,10510.604463546315,31402.61909802902,935919.9738639367,24713.991381269087,361054.73475806904,0.0,0.0,0.0,0.0,0.0,0.0,0.0,0.0,0.0,42014.17777708634,0.0,0.0,0.0,0.0,0.0,0.0,0.0,0.0,0.19774431462669576,0.0,1.1874949579831932e-06,0.0,0.0,0.0,0.0001503993419871795,3.3924593919416966e-05,0.0,0.0,0.0,0.0,0.0,0.0,0.07423894226668397,0.0,1.3526762069048034e-06,0.0,0.0,0.0,4.1608889467174514e-05,3.3576654718850924e-05
2026-09-22 16:56:24,0.0,0.0,0.0,0.0,0.0,0.0,266866.6577824422,0.0,0.0,0.0,0.0,0.0,24.186417549465947,142.82516176532206,0.0016837418154916864,0.0004082328038715234,0.0017478588165608317,0.0017593890277641856,0.0016240751262128102,0.0018267081519541364,0.00014423318872632852,0.00022914191915286033,8.455725558405352e-05,0.025118805951831493,0.0016021187011945692,0.002875647778394623,100321.81518381923,206486.81238957695,119806.95638539734,70379.4468512868,69822.05879000538,72817.77777777778,115109.1628370721,84326.86791410067,110560.49126624876,1357442.3995395072,61336.31354684436,523981.2313152184,79422.20970632204,97981.94993299934,71772.14135765367,38066.48103833255,42459.94244801119,34756.41951521207,38185.02759389207,10510.604463546315,31402.61909802902,935919.9738639367,22768.150032463043,348123.3430430253,0.0,0.0,0.0,0.0,0.0,0.0,0.0,0.0,0.0,42014.17777708634,0.0,0.0,0.0,0.0,0.0,0.0,0.0,0.0,0.1981576017318015,0.0,1.1899865546218486e-06,0.0,0.0,0.0,0.00015064429853988605,3.4022124107692534e-05,0.0,0.0,0.0,0.0,0.0,0.0,0.07427389383539257,0.0,1.3526536309126682e-06,0.0,0.0,0.0,4.174019381682549e-05,3.357099206169564e-05
2026-09-22 16:56:39,0.0,0.0,0.0,0.0,0.0,0.0,266865.3516586939,0.0,0.0,0.0,0.0,0.0,21.82368397766216,142.82516176532206,0.0016834878552326406,6.430735554069684e-05,0.0017478588165608317,0.0017593890277641856,0.0014946538759676945,0.0018267081519541364,0.00014423318872632852,0.00022914191915286033,8.455725558405352e-05,0.023879006554213638,0.0016021187011945692,0.0028611098758830568,94091.22864230494,185151.51992526313,119806.95638539734,70379.4468512868,44629.05174498381,72817.77777777778,115109.1628370721,84326.86791410067,110560.49126624876,1315885.1895683913,61336.31354684436,500203.37769123504,74489.61403919989,88764.23619061576,71772.14135765367,38066.48103833255,21651.755670915856,34756.41951521207,38185.02759389207,10510.604463546315,31402.61909802902,911730.3257144758,22768.150032463043,328810.59976920503,0.0,0.0,0.0,0.0,0.0,0.0,0.0,0.0,0.0,46208.70631514408,0.0,0.0,0.0,0.0,0.0,0.0,0.0,0.0,0.19857088883690718,0.0,1.1924781512605042e-06,0.0,0.0,0.0,0.0001508892550925926,3.41196542959681e-05,0.0,0.0,0.0,0.0,0.0,0.0,0.07427389014310501,0.0,1.3583203224723414e-06,0.0,0.0,0.0,4.174019381682549e-05,3.363971822802003e-05
2026-09-22 16:56:54,0.0,0.0,0.0,0.0,0.0,0.0,264692.1371884155,0.0,0.0,0.0,0.0,0.0,19.640177145525488,140.50237247380383,0.001563324954672889,6.430735554069684e-05,0.0017478588165608317,0.0017593890277641856,0.0015708127122638067,0.001733400799067697,0.0001564217147922012,0.00017998886545843093,9.284968450884771e-05,0.023879006554213638,0.0016021187011945692,0.002861182731867017,74845.66883339021,185151.51992526313,119806.95638539734,70379.4468512868,46903.08769440813,69098.28154612795,109165.33584610156,73422.59046916591,104637.24224461618,1315885.1895683913,61336.31354684436,476081.9207247929,61487.51075642897,88764.23619061576,71772.14135765367,38066.48103833255,22755.002745157104,32981.07872127859,42857.554439725835,5461.860890277469,29720.232101383288,911730.3257144758,22768.150032463043,315001.88136596454,0.0,0.0,0.0,0.0,0.0,0.0,0.0,0.0,0.0,46208.70631514408,0.0,0.0,0.0,0.0,0.0,0.0,0.0,0.0,0.1989841759420129,0.0,1.1949697478991594e-06,0.0,0.0,0.0,0.00015113421164529914,3.4217184484243665e-05,0.0,0.0,0.0,0.0,0.0,0.0,0.07389696190933498,0.0,1.3582689493944979e-06,0.0,0.0,0.0,4.1871498166476453e-05,3.3609575923984877e-05
2026-09-22 16:57:09,0.0,0.0,0.0,0.0,0.0,0.0,264694.483619461,0.0,0.0,0.0,0.0,0.0,17.255666955738622,140.51068410170285,0.0016441643481726264,6.430735554069684e-05,0.001705679902040472,0.001721978781082924,0.0014962286157117392,0.0018447436593235177,0.0001564217147922012,0.0001823750687106749,9.284968450884771e-05,0.024243242655463855,0.0016021187011945692,0.0028686210511565495,78715.93167061299,185151.51992526313,97824.46352633143,51766.38680503016,44676.072090397465,66913.90696779983,109165.33584610156,74395.99081656776,104637.24224461618,1226435.057512419,61336.31354684436,472315.72872697335,64667.02443495165,88764.23619061576,55352.0435008027,23257.821645772183,21674.567561167878,40458.51327963078,42857.554439725835,5534.271537383272,29720.232101383288,850658.6959961881,22768.150032463043,313178.4022417767,0.0,0.0,0.0,0.0,0.0,0.0,0.0,0.0,0.0,42989.736966106095,0.0,0.0,0.0,0.0,0.0,0.0,0.0,0.0,0.19920082778058443,0.0,1.1874825e-06,0.0,0.0,0.0,0.00015039809644538607,3.42932567392361e-05,0.0,0.0,0.0,0.0,0.0,0.0,0.0738971919381784,0.0,1.3639591446300689e-06,0.0,0.0,0.0,4.1871498166476453e-05,3.367783236130076e-05
2026-09-22 16:57:24,0.0,0.0,0.0,0.0,0.0,0.0,264486.20758347784,0.0,0.0,0.0,0.0,0.0,15.941629033872033,146.4373178640325,0.0016441643481726264,6.430735554069684e-05,0.001705679902040472,0.0016382850028459613,0.001654631586956882,0.0018447436593235177,0.00015617771523512543,0.00021230101093701732,9.836191317063786e-05,0.024243242655463855,0.0016021187011945692,0.00283304367230089,78715.93167061299,185151.51992526313,97824.46352633143,49250.371773378974,42365.11316914718,66913.90696779983,117285.76804339605,72889.56687393897,113823.29705096546,1226435.057512419,61336.31354684436,438751.36086315126,64667.02443495165,88764.23619061576,55352.0435008027,22127.415749671683,20623.706791373275,40458.51327963078,46047.066633505085,5428.496468978127,32329.357448002167,850658.6959961881,22768.150032463043,290933.56527232815,0.0,0.0,0.0,0.0,0.0,0.0,0.0,0.0,0.0,42989.736966106095,0.0,0.0,0.0,0.0,0.0,0.0,0.0,0.0,0.19961372082435552,0.0,1.1899533333333334e-06,0.0,0.0,0.0,0.00015064097709510357,3.4391046421775776e-05,0.0,0.0,0.0,0.0,0.0,0.0,0.07386029522180469,0.0,1.3638846783147338e-06,0.0,0.0,0.0,4.200280251612743e-05,3.414794197953726e-05
2026-09-22 16:57:39,0.0,0.0,0.0,0.0,0.0,0.0,264488.4973765163,0.0,0.0,0.0,0.0,0.0,13.385467528893795,146.4373178640325,0.0016441643481726264,6.430735554069684e-05,0.0017351252377650977,0.0017379325129364667,0.001654631586956882,0.0018178049216324107,0.00015617771523512543,0.00021230101093701732,9.836191317063786e-05,0.024243242655463855,0.0015595771248141988,0.002821247334086918,78715.93167061299,185151.51992526313,90398.44986045189,46543.75440274818,42365.11316914718,35362.375137177194,117285.76804339605,72889.56687393897,113823.29705096546,1226435.057512419,33701.12065264484,406447.83672819246,64667.02443495165,88764.23619061576,51148.120100261316,20910.136104709305,20623.706791373275,25115.41034341779,46047.066633505085,5428.496468978127,32329.357448002167,850658.6959961881,10216.97257756003,270317.85953834193,0.0,0.0,0.0,0.0,0.0,0.0,0.0,0.0,0.0,42989.736966106095,0.0,0.0,0.0,0.0,0.0,0.0,0.0,0.0,0.20002652982669802,0.0,1.1924241666666666e-06,0.0,0.0,0.0,0.0001508838577448211,3.448883610431546e-05,0.0,0.0,0.0,0.0,0.0,0.0,0.0738603360686948,0.0,1.3695983867537575e-06,0.0,0.0,0.0,4.200280251612743e-05,3.421663520003252e-05
2026-09-22 16:57:54,0.0,0.0,0.0,0.0,0.0,0.0,264531.26266315277,0.0,0.0,0.0,0.0,0.0,12.781994896427497,144.1374674535873,0.0016441643481726264,6.118506819501857e-05,0.0017351252377650977,0.0017379325129364667,0.001654631586956882,0.0018178049216324107,0.00015617771523512543,0.00021230101093701732,9.836191317063786e-05,0.024243242655463855,0.0015595771248141988,0.0028033312507735678,78715.93167061299,176161.9378963473,90398.44986045189,46543.75440274818,42365.11316914718,35362.375137177194,117285.76804339605,72889.56687393897,113823.29705096546,1226435.057512419,33701.12065264484,407318.3268670654,64667.02443495165,84454.50444878782,51148.120100261316,20910.136104709305,20623.706791373275,25115.41034341779,46047.066633505085,5428.496468978127,32329.357448002167,850658.6959961881,10216.97257756003,270416.6619362405,0.0,0.0,0.0,0.0,0.0,0.0,0.0,0.0,0.0,42989.736966106095,0.0,0.0,0.0,0.0,0.0,0.0,0.0,0.0,0.2004394087061835,0.0,1.1948949999999998e-06,0.0,0.0,0.0,0.00015112673839453862,3.4586625786855146e-05,0.0,0.0,0.0,0.0,0.0,0.0,0.07404694500919856,0.0,1.3695054161190057e-06,0.0,0.0,0.0,4.2134106865778406e-05,3.390560295066455e-05
2026-09-22 16:58:09,0.0,0.0,0.0,0.0,0.0,0.0,264531.417322436,0.0,0.0,0.0,0.0,0.0,9.764882918042627,144.15293622402956,0.001568458857850058,0.000123151989036139,0.0017351252377650977,0.0017379325129364667,0.001654631586956882,0.0018178049216324107,0.00014818073587919865,0.00021230101093701732,9.836191317063786e-05,0.024243242655463855,0.0016038928092194963,0.0028138312582010336,75091.4593300317,177713.0760530783,90398.44986045189,46543.75440274818,42365.11316914718,35362.375137177194,109838.31784197515,72889.56687393897,113823.29705096546,1226435.057512419,30715.11425453693,411805.2863591907,61689.4335402271,85630.9239748908,51148.120100261316,20910.136104709305,20623.706791373275,25115.41034341779,43125.30899739814,5428.496468978127,32329.357448002167,850658.6959961881,9313.165835803247,272977.63838153955,0.0,0.0,0.0,0.0,0.0,0.0,0.0,0.0,0.0,42989.736966106095,0.0,0.0,0.0,0.0,0.0,0.0,0.0,0.0,0.20109085354996978,0.0,1.1874702479338843e-06,0.0,0.0,0.0,0.00015039687183706816,3.5005050920165844e-05,0.0,0.0,0.0,0.0,0.0,0.0,0.0740470660688663,0.0,1.375242652230728e-06,0.0,0.0,0.0,4.2134106865778406e-05,3.3974847157443896e-05
2026-09-22 16:58:24,0.0,0.0,0.0,0.0,0.0,0.0,264703.154161508,0.0,0.0,0.0,0.0,0.0,0.0,145.62569734852892,0.0015479068034979,0.000123151989036139,0.0017351252377650977,0.0017379325129364667,0.0016583157199660662,0.0018178049216324107,0.00014818073587919865,0.00021230101093701732,9.836191317063786e-05,0.022615742200715588,0.0016038928092194963,0.0028074200207726936,74107.51018414904,177713.0760530783,90398.44986045189,46543.75440274818,46214.07612600706,35362.375137177194,109838.31784197515,72889.56687393897,113823.29705096546,1124739.708774448,30715.11425453693,388971.0600730349,60881.0957347902,85630.9239748908,51148.120100261316,20910.136104709305,22501.22092840178,25115.41034341779,43125.30899739814,5428.496468978127,32329.357448002167,786754.7296121893,9313.165835803247,269644.99837276596,0.0,0.0,0.0,0.0,0.0,0.0,0.0,0.0,0.0,45320.17520854701,0.0,0.0,0.0,0.0,0.0,0.0,0.0,0.0,0.20150422942838306,0.0,1.1899206611570248e-06,0.0,0.0,0.0,0.0001506377114729225,3.510390722960403e-05,0.0,0.0,0.0,0.0,0.0,0.0,0.07385037675205637,0.0,1.3751219837338306e-06,0.0,0.0,0.0,4.2169203641811885e-05,3.4226311865603594e-05
2026-09-22 16:58:39,0.0,0.0,0.0,0.0,0.0,0.0,264703.9410635382,0.0,0.0,0.0,0.0,0.0,0.0,145.64393647346137,0.0016446036871762533,0.000123151989036139,0.0017351252377650977,0.0017366782894251346,0.0016583157199660662,0.001833286740972405,0.00014818073587919865,0.00021230101093701732,0.00010090393231967375,0.02291514929352111,0.0016038928092194963,0.0028019881882162907,74260.93296035279,177713.0760530783,90398.44986045189,49367.51531252306,46214.07612600706,32751.231369538793,109838.31784197515,72889.56687393897,103901.96192016147,1139630.0025962635,30715.11425453693,373935.0927176781,61026.418211829616,85630.9239748908,51148.120100261316,22178.732196885838,22501.22092840178,23287.010672157474,43125.30899739814,5428.496468978127,29511.389614391053,797170.4809173456,9313.165835803247,260401.84416463837,0.0,0.0,0.0,0.0,0.0,0.0,0.0,0.0,0.0,45920.163561093694,0.0,0.0,0.0,0.0,0.0,0.0,0.0,0.0,0.2019174970400629,0.0,1.1923710743801652e-06,0.0,0.0,0.0,0.00015087855110877685,3.520276353904222e-05,0.0,0.0,0.0,0.0,0.0,0.0,0.07385061676302222,0.0,1.3808827331083058e-06,0.0,0.0,0.0,4.2169203641811885e-05,3.4296054251947456e-05
2026-09-22 16:58:54,0.0,0.0,0.0,0.0,0.0,0.0,266092.5273515812,0.0,0.0,0.0,0.0,0.0,0.0,151.17996170918303,0.0017236708636805926,0.000123151989036139,0.0017327172863848244,0.0017366782894251346,0.0016583157199660662,0.001833286740972405,0.00014819457970472423,0.00019779319897401365,9.949857787478312e-05,0.02477024137211455,0.0016038928092194963,0.0028754563513764065,77831.15619378997,177713.0760530783,91067.21179658272,49367.51531252306,46214.07612600706,32751.231369538793,86765.99601908588,60875.83922417148,111712.55288401218,1269595.229470181,30715.11425453693,378719.45399111015,63960.36917996047,85630.9239748908,51530.17824172321,22178.732196885838,22501.22092840178,23287.010672157474,31894.902365311387,5670.583845100569,31729.840438543524,886811.7904573143,9313.165835803247,266121.4761985595,0.0,0.0,0.0,0.0,0.0,0.0,0.0,0.0,0.0,87824.57950265727,0.0,0.0,0.0,0.0,0.0,0.0,0.0,0.0,0.20233084312971653,0.0,1.1948214876033057e-06,0.0,0.0,0.0,0.00015111939074463116,3.5301619848480404e-05,0.0,0.0,0.0,0.0,0.0,0.0,0.0736869479995169,0.0,1.3807366468429574e-06,0.0,0.0,0.0,4.2203997205957385e-05,3.471841007302635e-05
2026-09-22 16:59:09,0.0,0.0,0.0,0.0,0.0,0.0,266093.3543429868,0.0,0.0,0.0,0.0,0.0,0.0,151.19920117728444,0.0017236708636805926,0.00013238326164979067,0.0017327172863848244,0.0017366782894251346,0.0017066107508231397,0.001833286740972405,0.00015598644534731626,0.00020480083287420324,9.949857787478312e-05,0.02477024137211455,0.0016038928092194963,0.0028325166086355185,77831.15619378997,157610.61493904493,91067.21179658272,49367.51531252306,42131.83961792771,32751.231369538793,91328.0318551701,57813.71952746553,111712.55288401218,1269595.229470181,30715.11425453693,349916.322293535,63960.36917996047,77321.46369155866,51530.17824172321,22178.732196885838,20540.91800583432,23287.010672157474,33571.89213382567,5385.347424458168,31729.840438543524,886811.7904573143,9313.165835803247,247399.35762308034,0.0,0.0,0.0,0.0,0.0,0.0,0.0,0.0,0.0,87824.57950265727,0.0,0.0,0.0,0.0,0.0,0.0,0.0,0.0,0.20297895198392754,0.0,1.1874581967213115e-06,0.0,0.0,0.0,0.0001503956676388889,3.565891180149563e-05,0.0,0.0,0.0,0.0,0.0,0.0,0.07368719715332442,0.0,1.3865208997549462e-06,0.0,0.0,0.0,4.2203997205957385e-05,3.478719968073872e-05
2026-09-22 16:59:24,0.0,0.0,0.0,0.0,0.0,0.0,268000.71429493045,0.0,0.0,0.0,0.0,0.0,0.0,153.3109301142388,0.0017236708636805926,0.00013238326164979067,0.0017327172863848244,0.001816434436848336,0.0017066107508231397,0.001843019923235014,0.00015598644534731626,0.00020480083287420324,9.949857787478312e-05,0.02477024137211455,0.0016192175108692484,0.0029501420132579375,77831.15619378997,157610.61493904493,91067.21179658272,67973.3720345398,42131.83961792771,1798.935800823957,91328.0318551701,57813.71952746553,111712.55288401218,1269595.229470181,33224.74606141005,383591.94585993927,63960.36917996047,77321.46369155866,51530.17824172321,20358.370010855077,20540.91800583432,10293.910415825976,33571.89213382567,5385.347424458168,31729.840438543524,886811.7904573143,10074.11424089549,253135.7404850104,0.0,0.0,0.0,0.0,0.0,0.0,0.0,0.0,0.0,87824.57950265727,0.0,0.0,0.0,0.0,0.0,0.0,0.0,0.0,0.20339281539824314,0.0,1.1898885245901638e-06,0.0,0.0,0.0,0.00015063450027777778,3.5758616965379365e-05,0.0,0.0,0.0,0.0,0.0,0.0,0.07365274656829825,0.0,1.386354047557066e-06,0.0,0.0,0.0,4.2238491470626374e-05,3.499825921694198e-05
2026-09-22 16:59:39,0.0,0.0,0.0,0.0,0.0,0.0,268000.3908538335,0.0,0.0,0.0,0.0,0.0,0.0,153.3111609860793,0.0017236708636805926,0.00013238326164979067,0.0017327172863848244,0.0017215799913438703,0.0017066107508231397,0.001843019923235014,0.00015598644534731626,0.00020480083287420324,9.949857787478312e-05,0.02477024137211455,0.001632436265159708,0.003014801205812128,77831.15619378997,157610.61493904493,91067.21179658272,50838.01490663232,42131.83961792771,1798.935800823957,91328.0318551701,57813.71952746553,111712.55288401218,1269595.229470181,61030.12013892842,400436.9729020286,63960.36917996047,77321.46369155866,51530.17824172321,6770.116028408935,20540.91800583432,10293.910415825976,33571.89213382567,5385.347424458168,31729.840438543524,886811.7904573143,9255.821898308943,257268.13193769287,0.0,0.0,0.0,0.0,0.0,0.0,0.0,0.0,0.0,87824.57950265727,0.0,0.0,0.0,0.0,0.0,0.0,0.0,0.0,0.20380667881255876,0.0,1.1923188524590162e-06,0.0,0.0,0.0,0.00015087333291666666,3.5858322129263105e-05,0.0,0.0,0.0,0.0,0.0,0.0,0.07365302717255236,0.0,1.3921618185746568e-06,0.0,0.0,0.0,4.2238491470626374e-05,3.506874119591098e-05
2026-09-22 16:59:54,0.0,0.0,0.0,0.0,0.0,0.0,269829.8267293549,0.0,0.0,0.0,0.0,0.0,0.0,148.87444740516491,0.001765978362886662,0.00018402529365558462,0.001740845720287243,0.001814181374960146,0.0017066107508231397,0.001843019923235014,0.0001480624969801313,0.00020480083287420324,9.949857787478312e-05,0.02537557836311877,0.001632436265159708,0.003032533178463229,72008.7496387705,142848.46735896118,86420.77150478016,53572.52073519053,42131.83961792771,1798.935800823957,83176.18894926185,57813.71952746553,111712.55288401218,1368532.0974869528,61030.12013892842,394683.3991834268,59176.855398238986,70095.80935425851,48901.00038832708,7134.271115378791,20540.91800583432,10293.910415825976,30575.30077879636,5385.347424458168,31729.840438543524,954295.6393351856,9255.821898308943,255437.95623994243,0.0,0.0,0.0,0.0,0.0,0.0,0.0,0.0,0.0,83066.3754771987,0.0,0.0,0.0,0.0,0.0,0.0,0.0,0.0,0.2042205422268744,0.0,1.1947491803278685e-06,0.0,0.0,0.0,0.00015111216555555558,3.595802729314683e-05,0.0,0.0,0.0,0.0,0.0,0.0,0.07363772990669867,0.0,1.3919687542055996e-06,0.0,0.0,0.0,4.227269028120827e-05,3.5138893086512514e-05
2026-09-22 17:00:09,0.0,0.0,0.0,0.0,0.0,0.0,269828.9567728903,0.0,0.0,0.0,0.0,0.0,0.0,147.79245468678528,0.001765978362886662,0.00018402529365558462,0.001740845720287243,0.001814181374960146,0.0017135456649225373,0.0018572768737375655,0.0001480624969801313,0.00020480083287420324,9.617245324898426e-05,0.02537557836311877,0.001632436265159708,0.002986585585494777,72008.7496387705,142848.46735896118,86420.77150478016,53572.52073519053,25649.72536919488,3439.067613184726,83176.18894926185,57813.71952746553,118299.73225048202,1368532.0974869528,61030.12013892842,360306.3783341714,59176.855398238986,70095.80935425851,48901.00038832708,7134.271115378791,8603.20263199472,11222.776995894828,30575.30077879636,5385.347424458168,33598.001007525854,954295.6393351856,9255.821898308943,241937.39982343328,0.0,0.0,0.0,0.0,0.0,0.0,0.0,0.0,0.0,83066.3754771987,0.0,22.775056344891063,0.0,0.0,0.0,0.0,0.0,0.0,0.20485694438517907,0.0,1.1874463414634144e-06,0.0,0.0,0.0,0.00015039448334481175,3.5752367891414157e-05,0.0,0.0,0.0,0.0,0.0,0.0,0.07363787736006891,0.0,1.397800030295933e-06,0.0,0.0,0.0,4.227269028120827e-05,3.511375001994281e-05
2026-09-22 17:00:24,0.0,0.0,0.0,0.0,0.0,0.0,271267.7170073153,0.0,0.0,0.0,0.0,0.0,0.0,149.92123113940806,0.0017905445628808548,0.00018402529365558462,0.0016611772009679246,0.001814181374960146,0.0017553493041648305,0.0018572768737375655,0.0001480624969801313,0.00020342790614085268,9.243509792243256e-05,0.025515263038295308,0.001632436265159708,0.00307060788584977,54272.40538550619,142848.46735896118,65503.92061536556,53572.52073519053,25068.58658316762,3439.067613184726,83176.18894926185,63134.3579806062,108394.82885471043,1302490.0335544026,61030.12013892842,371193.4708571899,47774.87133760789,70095.80935425851,35838.37895111523,7134.271115378791,8968.471970892344,11222.776995894828,30575.30077879636,5880.964845795013,30784.935010335284,915446.9662678378,9255.821898308943,246652.11674308655,0.0,0.0,0.0,0.0,0.0,0.0,0.0,0.0,0.0,89080.03027409787,0.0,418.35893351551783,0.0,0.0,0.0,0.0,0.0,0.0,0.20527125459797557,0.0,1.1898569105691056e-06,0.0,0.0,0.0,0.00015063134216023876,3.5790236409932674e-05,0.0,0.0,0.0,0.0,0.0,0.0,0.07377890616871795,0.0,1.3975846513678284e-06,0.0,0.0,0.0,4.2306597417499474e-05,3.530030520452807e-05
2026-09-22 17:00:39,0.0,0.0,0.0,0.0,0.0,0.0,271267.81212253193,0.0,0.0,0.0,0.0,0.0,0.0,149.92207765356537,0.0017905445628808548,0.00018402529365558462,0.0017402923994701046,0.001814181374960146,0.0017553493041648305,0.0018572768737375655,0.0001480624969801313,0.00019413882286894427,9.243509792243256e-05,0.025515263038295308,0.001632436265159708,0.003224413218222861,54272.40538550619,142848.46735896118,68623.60927900486,53572.52073519053,25068.58658316762,3439.067613184726,83176.18894926185,60251.4678219951,108394.82885471043,1302490.0335544026,61030.12013892842,378084.40249624895,47774.87133760789,70095.80935425851,37545.21700732124,7134.271115378791,8968.471970892344,11222.776995894828,30575.30077879636,5612.4236549225525,30784.935010335284,915446.9662678378,9255.821898308943,257511.73549013148,0.0,0.0,0.0,0.0,0.0,0.0,0.0,0.0,0.0,89080.03027409787,0.0,508.0678975247595,0.0,0.0,0.0,0.0,0.0,0.0,0.20568556481077205,0.0,1.1922674796747967e-06,0.0,0.0,0.0,0.00015086820097566576,3.582810492845119e-05,0.0,0.0,0.0,0.0,0.0,0.0,0.07377911563405663,0.0,1.403439437386934e-06,0.0,0.0,0.0,4.2306597417499474e-05,3.536987653789316e-05
2026-09-22 17:00:54,0.0,0.0,0.0,0.0,0.0,0.0,272679.2584319968,0.0,0.0,0.0,0.0,0.0,0.0,155.866132656752,0.0017905445628808548,0.000187655267622596,0.0017402923994701046,0.0019569769500101465,0.0017553493041648305,0.0018810429601470507,0.00015311969604203638,0.00020596271787675806,9.243509792243256e-05,0.025515263038295308,0.0017288673804617407,0.0032319708586194605,54272.40538550619,115843.34389304667,68623.60927900486,59597.28010983175,25068.58658316762,3791.7076881344096,62504.545419317845,71933.61303236008,108394.82885471043,1302490.0335544026,61497.82295746871,357082.3217959364,47774.87133760789,59166.40701700736,37545.21700732124,16965.649082360862,8968.471970892344,12373.554289659933,21145.678170362164,5361.103790182991,30784.935010335284,915446.9662678378,10053.330242443173,243500.46148212565,0.0,0.0,0.0,0.0,0.0,0.0,0.0,0.0,0.0,89080.03027409787,5842.093853935975,517.4486789505695,0.0,0.0,0.0,0.0,0.0,0.0,0.20609973862505002,0.0,1.1946780487804879e-06,0.0,0.0,0.0,0.00015110505979109277,3.586597344696971e-05,0.0,0.0,0.0,0.0,0.0,0.0,0.07357518662122695,0.0,1.4032005735862046e-06,0.0,0.0,0.0,4.2340216595096064e-05,3.580110632855981e-05
2026-09-22 17:01:09,0.0,0.0,0.0,0.0,0.0,0.0,272678.9227735932,0.0,0.0,0.0,0.0,0.0,0.0,155.88325525627468,0.0017905445628808548,0.0001977027931660106,0.001954312556661264,0.0019569769500101465,0.0017553493041648305,0.0018810429601470507,0.00014779351556803614,0.00020596271787675806,9.243509792243256e-05,0.025515263038295308,0.0017288673804617407,0.003648637166996936,54272.40538550619,122045.88204476438,69313.52624707286,59597.28010983175,25068.58658316762,3791.7076881344096,89020.23929851687,71933.61303236008,108394.82885471043,1302490.0335544026,61497.82295746871,356011.3728397998,47774.87133760789,62334.322276444844,40316.40000140012,16965.649082360862,8968.471970892344,12373.554289659933,39141.28047396927,5361.103790182991,30784.935010335284,915446.9662678378,10053.330242443173,265449.8622864125,0.0,0.0,0.0,0.0,0.0,0.0,10994.824257023934,0.0,0.0,89080.03027409787,5842.093853935975,2384.6448132142004,0.0,0.0,0.0,0.0,0.0,0.0,0.20659767841513,0.0,1.187434677419355e-06,0.0,0.0,0.0,0.0001503933184653916,3.588969319248138e-05,0.0,0.0,0.0,0.0,0.0,0.0,0.07357544249143287,0.0,1.4090788695077315e-06,0.0,0.0,0.0,4.2340216595096064e-05,3.586968663099579e-05
2026-09-22 17:01:24,0.0,0.0,0.0,0.0,0.0,0.0,273979.1087205384,0.0,0.0,0.0,0.0,0.0,0.0,156.156269218371,0.0017905445628808548,0.0001977027931660106,0.001954312556661264,0.0019569769500101465,0.0017686568794097269,0.0018810429601470507,0.00014779351556803614,0.00020596271787675806,9.605388322126802e-05,0.026152238006668726,0.0017288673804617407,0.003878651602110247,54272.40538550619,122045.88204476438,69313.52624707286,59597.28010983175,7382.422820895097,3791.7076881344096,89020.23929851687,71933.61303236008,108387.12237864184,1214356.3100831683,61497.82295746871,358597.15044872224,47774.87133760789,62334.322276444844,40316.40000140012,16965.649082360862,9673.385434966336,12373.554289659933,39141.28047396927,5361.103790182991,34179.87329517351,853928.7183245984,10053.330242443173,273366.0325579993,0.0,0.0,0.0,0.0,0.0,0.0,10994.824257023934,0.0,9482.436475331868,82379.18543217513,5842.093853935975,3424.0043615795694,0.0,0.0,0.0,0.0,0.0,0.0,0.20701215877035253,0.0,1.1898258064516128e-06,0.0,0.0,0.0,0.0001506282358151184,3.598774424320602e-05,0.0,0.0,0.0,0.0,0.0,0.0,0.07385658326593465,0.0,1.4088149404195606e-06,0.0,0.0,0.0,4.237355146675103e-05,3.586925213036451e-05
2026-09-22 17:01:39,0.0,0.0,0.0,0.0,0.0,0.0,273977.4065401966,0.0,0.0,0.0,0.0,0.0,0.0,156.17396880255902,0.0016986102957334615,0.00018788657989060026,0.001954312556661264,0.0019882499917809153,0.0019270896198080232,0.002016710713882459,0.00014779351556803614,0.00020596271787675806,0.00010115910950541823,0.026518819774213966,0.0017288673804617407,0.004384815858757953,51485.826420157784,115986.13757503906,69313.52624707286,64833.75931692334,15849.555429850385,10904.533393552758,89020.23929851687,71933.61303236008,114147.85549503424,1309645.9673098153,61497.82295746871,373186.3455840728,45321.9037457724,59239.338174070814,40316.40000140012,18456.325644963577,17969.28551788876,18918.534409755546,39141.28047396927,5361.103790182991,35996.52017798071,917377.7392071022,10053.330242443173,293294.5899622156,0.0,0.0,0.0,0.0,0.0,5101.789646022695,10994.824257023934,0.0,9986.42426123046,89660.12205098032,5842.093853935975,4961.9575219638855,0.0,0.0,0.0,0.0,0.0,0.0,0.20742663912557502,0.0,1.1922169354838709e-06,0.0,0.0,0.0,0.00015086315316484517,3.608579529393066e-05,0.0,0.0,0.0,0.0,0.0,0.0,0.0738567560320246,0.0,1.4147167379481304e-06,0.0,0.0,0.0,4.237355146675103e-05,3.5938985060102356e-05
2026-09-22 17:01:54,0.0,0.0,0.0,0.0,0.0,0.0,275446.15491492365,0.0,0.0,0.0,0.0,0.0,0.0,154.31585725853273,0.002705293098262232,0.002470932894373553,0.001954312556661264,0.0019882499917809153,0.0019270896198080232,0.002016710713882459,0.00014779351556803614,0.00020596271787675806,0.00010115910950541823,0.026518819774213966,0.0017278065047070404,0.004533820678116277,57139.04981039282,115490.82063809932,69313.52624707286,64833.75931692334,15849.555429850385,10904.533393552758,89020.23929851687,71933.61303236008,114147.85549503424,1309645.9673098153,66126.9297915963,391151.2873853935,52638.94485170837,56183.27269677175,40316.40000140012,18456.325644963577,17969.28551788876,18918.534409755546,39141.28047396927,5361.103790182991,35996.52017798071,917377.7392071022,10810.071497547771,307171.11537773005,4250.719489510038,11258.84297751729,0.0,0.0,0.0,5101.789646022695,10994.824257023934,0.0,9986.42426123046,89660.12205098032,6281.843999295966,5209.077121436422,0.0,0.0,0.0,0.0,0.0,0.0,0.20784111948079753,0.0,1.194608064516129e-06,0.0,0.0,0.0,0.00015109807051457195,3.6183846344655284e-05,0.0,0.0,0.0,0.0,0.0,0.0,0.07370624749742512,0.0,1.4144317018175095e-06,0.0,0.0,0.0,4.240660562369733e-05,3.62031800461472e-05
2026-09-22 17:02:09,0.0,0.0,0.0,0.0,0.0,0.0,275448.092601728,0.0,0.0,0.0,0.0,0.0,0.0,154.3202488082789,0.002705293098262232,0.002470932894373553,0.0019599217181686074,0.0019882499917809153,0.0019270896198080232,0.002016710713882459,0.00014779351556803614,0.00021411642684173105,0.00010115910950541823,0.026518819774213966,0.0017278065047070404,0.00456666847159204,57139.04981039282,115490.82063809932,73730.92813619619,64833.75931692334,15849.555429850385,10904.533393552758,89020.23929851687,85836.85999691769,114147.85549503424,1309645.9673098153,66126.9297915963,378553.3257193621,52638.94485170837,56183.27269677175,42928.158594436085,18456.325644963577,17969.28551788876,18918.534409755546,39141.28047396927,10640.723177132695,35996.52017798071,917377.7392071022,10810.071497547771,303463.84961028025,4250.719489510038,11258.84297751729,0.0,0.0,0.0,5101.789646022695,10994.824257023934,0.0,9986.42426123046,89660.12205098032,6281.843999295966,5482.266851908072,0.0,0.0,0.0,0.0,0.0,0.0,0.20832973901405236,0.0,1.1874232000000001e-06,0.0,0.0,0.0,0.00015039217252710028,3.6526344340639216e-05,0.0,0.0,0.0,0.0,0.0,0.0,0.07370640993200706,0.0,1.4203570158044287e-06,0.0,0.0,0.0,4.240660562369733e-05,3.6273292381876634e-05
2026-09-22 17:02:24,0.0,0.0,0.0,0.0,0.0,0.0,276900.112949254,0.0,0.0,0.0,0.0,0.0,0.0,151.00326559409817,0.002705293098262232,0.002470932894373553,0.002127212232141134,0.0019882499917809153,0.0019270896198080232,0.002016710713882459,0.00014010199085750052,0.00021411642684173105,0.00010115910950541823,0.026518819774213966,0.0019391619837463927,0.00471857460963163,57139.04981039282,115490.82063809932,70190.28048076398,64833.75931692334,15849.555429850385,10904.533393552758,112418.83886554939,85836.85999691769,114147.85549503424,1309645.9673098153,91682.1447044281,383117.0973702359,52638.94485170837,56183.27269677175,41237.2390289957,18456.325644963577,17969.28551788876,18918.534409755546,36713.74756673907,10640.723177132695,35996.52017798071,917377.7392071022,10025.714711529188,308219.77268685703,4250.719489510038,11258.84297751729,2472.6529938948092,0.0,0.0,5101.789646022695,20326.081360506218,0.0,9986.42426123046,89660.12205098032,11411.791315630287,5147.920208937303,0.0,0.0,0.0,0.0,0.0,0.0,0.2087443746968113,0.0,1.1897952000000002e-06,0.0,0.0,0.0,0.0001506251799796748,3.6625163542240225e-05,0.0,0.0,0.0,0.0,0.0,0.0,0.07384878238153682,0.0,1.4200484905777981e-06,0.0,0.0,0.0,4.243938259693758e-05,3.660970164219854e-05
2026-09-22 17:02:39,0.0,0.0,0.0,0.0,0.0,0.0,276901.26375527284,0.0,0.0,0.0,0.0,0.0,0.0,151.02254258509197,0.002705293098262232,0.002470932894373553,0.002127212232141134,0.0021947140241229015,0.0019093391584186785,0.0020538206034536807,0.000145833808764423,0.00021411642684173105,0.00010115910950541823,0.026518819774213966,0.0019391619837463927,0.005243370413276675,57139.04981039282,115490.82063809932,70190.28048076398,61717.6537340635,16583.936750187102,11922.215524682575,94901.83177133302,85836.85999691769,114147.85549503424,1309645.9673098153,91682.1447044281,406331.1952465969,52638.94485170837,56183.27269677175,41237.2390289957,19282.58525975533,18801.883484597733,20684.13535031079,28531.868184029714,10640.723177132695,35996.52017798071,917377.7392071022,10025.714711529188,329722.6786504603,4250.719489510038,11258.84297751729,2472.6529938948092,0.0,0.0,5577.921908830946,22056.020235564316,0.0,9986.42426123046,89660.12205098032,11411.791315630287,5380.105028856219,0.0,0.0,0.0,0.0,0.0,0.0,0.20915889591264222,0.0,1.1921672e-06,0.0,0.0,0.0,0.00015085818743224933,3.6723982743841234e-05,0.0,0.0,0.0,0.0,0.0,0.0,0.07384893639871085,0.0,1.4259973160484774e-06,0.0,0.0,0.0,4.243938259693758e-05,3.6679674585811885e-05
2026-09-22 17:02:54,0.0,0.0,0.0,0.0,0.0,0.0,278411.37673202204,0.0,0.0,0.0,0.0,0.0,0.0,149.12851400931817,0.002705293098262232,0.002637024767741089,0.002127212232141134,0.0021947140241229015,0.0019969700163961594,0.0020538206034536807,0.000145833808764423,0.00021411642684173105,9.640541112679934e-05,0.025193649701193494,0.0019391619837463927,0.00570033781294266,57139.04981039282,88048.26984751625,70190.28048076398,61717.6537340635,17345.071617010224,11922.215524682575,94901.83177133302,85836.85999691769,108783.78617648706,1244201.7410242076,91682.1447044281,435920.90826748963,52638.94485170837,45071.28028199162,41237.2390289957,19282.58525975533,19664.813034899576,20684.13535031079,28531.868184029714,10640.723177132695,34304.96120279199,871535.5208880758,10025.714711529188,364880.33186821593,4250.719489510038,12045.043133464631,2472.6529938948092,0.0,0.0,5577.921908830946,22056.020235564316,0.0,9517.139299639643,85179.72241415887,11411.791315630287,5353.029450029814,0.0,0.0,0.0,0.0,0.0,0.0,0.20957350263799387,0.0,1.1945392e-06,0.0,0.0,0.0,0.00015109119488482386,3.682280194544225e-05,0.0,0.0,0.0,0.0,0.0,0.0,0.0739434268742277,0.0,1.4256621173685422e-06,0.0,0.0,0.0,4.2471885858501504e-05,3.703203559847648e-05
2026-09-22 17:03:09,0.0,0.0,0.0,0.0,0.0,0.0,278409.569691052,0.0,0.0,0.0,0.0,0.0,0.0,149.14898354314465,0.002705293098262232,0.002637024767741089,0.002127212232141134,0.0022316318766350974,0.0019969700163961594,0.002199718584005442,0.000145833808764423,0.00021411642684173102,0.00010530611178004202,0.02729244417711611,0.0019391619837463927,0.005924704324584686,57139.04981039282,88048.26984751625,70190.28048076398,66132.31143373005,17345.071617010224,52913.085448129255,94901.83177133302,85836.85999691767,129507.11146637525,1440740.5200824952,91682.1447044281,435405.54927633307,52638.94485170837,45071.28028199162,41237.2390289957,20661.86668631858,19664.813034899576,51321.443705372134,28531.868184029714,10640.723177132693,48793.974899913315,878476.4236943725,10025.714711529188,384200.63210177067,4250.719489510038,12045.043133464631,2472.6529938948092,0.0,0.0,10064.793373317087,22056.020235564316,0.0,17800.406754965545,128945.704486981,11411.791315630287,5070.76381029246,0.0,0.0,0.0,0.0,0.0,0.0,0.21006270267098787,0.0,1.187411904761905e-06,0.0,0.0,0.0,0.0001503910450716846,3.674625213504729e-05,0.0,0.0,0.0,0.0,0.0,0.0,0.07394360295274399,0.0,1.4316344442684038e-06,0.0,0.0,0.0,4.2471885858501504e-05,3.710132719500421e-05
2026-09-22 17:03:24,0.0,0.0,0.0,0.0,0.0,0.0,279831.6918341666,0.0,0.0,0.0,0.0,0.0,0.0,151.78727969034165,0.002705293098262232,0.002637024767741089,0.002159755199688086,0.0022316318766350974,0.0021903543800540263,0.002199718584005442,0.000145833808764423,0.00021532933427847821,0.00010665165905433455,0.02729244417711611,0.002022053397226372,0.00609065121523207,57139.04981039282,88048.26984751625,48646.633191318615,66132.31143373005,18295.04208000196,52913.085448129255,94901.83177133302,86196.2932751048,114286.86244779118,1440740.5200824952,121132.29517173569,467469.7384161555,52638.94485170837,45071.28028199162,44468.0618303432,20661.86668631858,19598.240721101003,51321.443705372134,28531.868184029714,16001.994777956277,39572.70723063041,878476.4236943725,33085.21824441724,406290.77390646574,4250.719489510038,12045.043133464631,2666.843317579857,0.0,0.0,10064.793373317087,22056.020235564316,0.0,19637.755927851835,128945.704486981,16798.642625389835,5076.156316077144,0.0,0.0,0.0,0.0,0.0,0.0,0.2104774836694026,0.0,1.1897650793650793e-06,0.0,0.0,0.0,0.00015062217343189964,3.6844427482269514e-05,0.0,0.0,0.0,0.0,0.0,0.0,0.07419156202403704,0.0,1.4312793586496987e-06,0.0,0.0,0.0,4.2504118822671956e-05,3.699388603579014e-05
2026-09-22 17:03:39,0.0,0.0,0.0,0.0,0.0,0.0,279833.9943617801,0.0,0.0,0.0,0.0,0.0,0.0,151.80794153633843,0.0025376552727272707,0.00540814771958633,0.002377629254928238,0.0023544364693898106,0.0021903543800540263,0.002199718584005442,0.00014519710986076178,0.00021532933427847821,0.00010665165905433455,0.02729244417711611,0.0021309675949561634,0.006296922267880742,57154.09454545455,82715.61724955012,46626.03287303138,97140.6757917207,18295.04208000196,52913.085448129255,118215.15995068288,86196.2932751048,114286.86244779118,1440740.5200824952,127656.86409058553,460181.409480323,52652.218181818185,43555.07833936707,81383.62101474569,50745.554230564645,19598.240721101003,51321.443705372134,45306.745286130805,16001.994777956277,39572.70723063041,878476.4236943725,34867.292845784636,409788.8695798484,4252.392727272728,21645.110542951585,4939.198397566884,0.0,0.0,10064.793373317087,30742.6095047642,0.0,19637.755927851835,128945.704486981,17703.470701148603,5230.722813313934,0.0,0.0,0.0,0.0,0.0,0.0,0.21089226466781735,0.0,1.1921182539682538e-06,0.0,0.0,0.0,0.00015085330179211468,3.694260282949174e-05,0.0,0.0,0.0,0.0,0.0,0.0,0.07419163449880002,0.0,1.437275200327745e-06,0.0,0.0,0.0,4.2504118822671956e-05,3.7063950835406444e-05
2026-09-22 17:03:54,0.0,0.0,0.0,0.0,0.0,0.0,281230.8064041717,0.0,0.0,0.0,0.0,0.0,0.0,156.76849920610695,0.00373954113358327,0.00540814771958633,0.002377629254928238,0.0023544364693898106,0.0021903543800540263,0.002199718584005442,0.00014519710986076178,0.00021532933427847821,0.00010665165905433455,0.02729244417711611,0.0021309675949561634,0.006461275681387559,113785.33406963508,82715.61724955012,46626.03287303138,97140.6757917207,18295.04208000196,52913.085448129255,118215.15995068288,86196.2932751048,114286.86244779118,1440740.5200824952,127656.86409058553,485022.304258517,96304.83621076302,43555.07833936707,81383.62101474569,50745.554230564645,19598.240721101003,51321.443705372134,45306.745286130805,16001.994777956277,39572.70723063041,878476.4236943725,34867.292845784636,433157.66272105055,8458.906446309862,21645.110542951585,4939.198397566884,0.0,0.0,10064.793373317087,30742.6095047642,0.0,19637.755927851835,128945.704486981,17703.470701148603,4923.958179828068,0.0,0.0,0.0,0.0,0.0,0.0,0.21130704566623204,0.0,1.1944714285714284e-06,0.0,0.0,0.0,0.00015108443015232978,3.704077817671396e-05,0.0,0.0,0.0,0.0,0.0,0.0,0.0742877991906793,0.0,1.4368950265557893e-06,0.0,0.0,0.0,4.253608484718055e-05,3.72112793820579e-05
2026-09-22 17:04:09,0.0,0.0,0.0,0.0,0.0,0.0,281230.9545319675,0.0,0.0,0.0,0.0,0.0,0.0,156.79035370949416,0.00373954113358327,0.005850346534379776,0.002377629254928238,0.0023544364693898106,0.0021903543800540263,0.002199718584005442,0.0001466384925014785,0.00021532933427847821,0.00010665165905433455,0.02754030573440457,0.0021309675949561634,0.0067150348875977305,113785.33406963508,89545.91373219647,46626.03287303138,97140.6757917207,18295.04208000196,52913.085448129255,101219.92390732432,86196.2932751048,114286.86244779118,1538408.4465290871,127656.86409058553,477729.64274225745,96304.83621076302,47137.373562402914,81383.62101474569,50745.554230564645,19598.240721101003,51321.443705372134,49419.45456635493,16001.994777956277,39572.70723063041,955420.4174141058,34867.292845784636,437935.4705470463,8458.906446309862,23440.37047206441,4939.198397566884,0.0,0.0,10064.793373317087,33533.262742158724,0.0,19637.755927851835,122377.1836659332,17703.470701148603,5025.218609941194,0.0,0.0,0.0,0.0,0.0,0.0,0.21178994852066024,0.0,1.187400787401575e-06,0.0,0.0,0.0,0.00015038993565555557,3.702810980926514e-05,0.0,0.0,0.0,0.0,0.0,0.0,0.07428789739767096,0.0,1.4429143796517126e-06,0.0,0.0,0.0,4.253608484718055e-05,3.728203105599226e-05
2026-09-22 17:04:24,0.0,0.0,0.0,0.0,0.0,0.0,282576.99037555535,0.0,0.0,0.0,0.0,0.0,0.0,150.13201984852398,0.00373954113358327,0.005850346534379776,0.002377629254928238,0.002449698742919027,0.002209085204682262,0.0021495618483650925,0.0001466384925014785,0.00021532933427847821,0.00010665165905433455,0.027778715414913467,0.0021309675949561634,0.006993983175237464,113785.33406963508,89545.91373219647,46626.03287303138,106549.15352480317,19318.036768026774,56132.60712337701,101219.92390732432,86196.2932751048,114286.86244779118,1448764.917325665,127656.86409058553,508590.6608611195,96304.83621076302,47137.373562402914,81383.62101474569,55660.471829602895,20694.10571362994,54444.12118704023,49419.45456635493,16001.994777956277,39572.70723063041,885500.7556593779,34867.292845784636,459571.1284918031,8458.906446309862,23440.37047206441,4939.198397566884,0.0,0.0,10677.190479776695,33533.262742158724,0.0,19637.755927851835,129520.28268652597,17703.470701148603,5151.747774330035,0.0,0.0,0.0,0.0,0.0,0.0,0.21220477286493647,0.0,1.189735433070866e-06,0.0,0.0,0.0,0.0001506192149888889,3.7125612500632944e-05,0.0,0.0,0.0,0.0,0.0,0.0,0.07445906151791722,0.0,1.4425111192529024e-06,0.0,0.0,0.0,4.2567787234373604e-05,3.7322672994043455e-05
2026-09-22 17:04:39,0.0,0.0,0.0,0.0,0.0,0.0,282572.38776536955,0.0,0.0,0.0,0.0,0.0,0.0,150.13836840071207,0.00373954113358327,0.007229443656678013,0.0024254684115758976,0.0025835581346104444,0.002341734177641609,0.0022563702987957505,0.0001466384925014785,0.00021428491253825982,0.00010144724325161333,0.027778715414913467,0.0021309675949561634,0.00729145226242945,113785.33406963508,85056.05815634751,49549.55693819502,103518.76517735257,18270.282876671507,58921.750776089684,101219.92390732432,86225.77920944137,108709.86197503073,1448764.917325665,127656.86409058553,538618.3171028313,96304.83621076302,44896.2537782266,86486.4993830313,55420.62813402475,50674.91511281294,57149.36654830749,49419.45456635493,16007.468722941023,37641.62782039237,885500.7556593779,34867.292845784636,476891.9158285262,8458.906446309862,22185.586141822376,5248.8937434528625,0.0,0.0,11207.723793328614,33533.262742158724,0.0,18679.46753189893,129520.28268652597,17703.470701148603,5260.083234453016,0.0,0.0,0.0,0.0,0.0,0.0,0.212619668531532,0.0,1.1920700787401576e-06,0.0,0.0,0.0,0.00015084849432222224,3.722311519200076e-05,0.0,0.0,0.0,0.0,0.0,0.0,0.07445898582936568,0.0,1.4485539837535275e-06,0.0,0.0,0.0,4.2567787234373604e-05,3.739298817137711e-05
2026-09-22 17:04:54,0.0,0.0,0.0,0.0,0.0,0.0,283993.0374478876,0.0,0.0,0.0,0.0,0.0,0.0,148.17760289745783,0.00373954113358327,0.007229443656678013,0.0024254684115758976,0.0025835581346104444,0.002341734177641609,0.0021456790111425814,0.0001466384925014785,0.00021428491253825982,0.00011148097591537283,0.027778715414913467,0.002265012882752457,0.007474192673199689,113785.33406963508,85056.05815634751,49549.55693819502,103518.76517735257,18270.282876671507,56031.212610583156,101219.92390732432,86225.77920944137,103769.24702805256,1448764.917325665,119109.84699280237,561620.2809927951,96304.83621076302,44896.2537782266,86486.4993830313,55420.62813402475,50674.91511281294,54345.776652105014,49419.45456635493,16007.468722941023,36154.53705660784,885500.7556593779,32502.282404257534,499535.8755785321,8458.906446309862,22185.586141822376,5248.8937434528625,0.0,0.0,10657.90385508234,33533.262742158724,0.0,17777.187940255375,129520.28268652597,16525.282081975573,4901.036336778572,0.0,0.0,0.0,0.0,0.0,0.0,0.21303434733263932,0.0,1.1944047244094489e-06,0.0,0.0,0.0,0.00015107777365555558,3.732061788336856e-05,0.0,0.0,0.0,0.0,0.0,0.0,0.07455677522268488,0.0,1.4481223647769848e-06,0.0,0.0,0.0,4.259922923234946e-05,3.775954941216356e-05
2026-09-22 17:05:09,0.0,0.0,0.0,0.0,0.0,0.0,283990.76461888076,0.0,0.0,0.0,0.0,0.0,0.0,148.1994569523854,0.00373954113358327,0.007229443656678013,0.0026291064696927816,0.0025835581346104444,0.002341734177641609,0.0024379158632948103,0.00013968218135662427,0.00021428491253825982,0.00011017661863013301,0.027778715414913467,0.002265012882752457,0.007713709292253571,113785.33406963508,85056.05815634751,48671.62191549623,103518.76517735257,18270.282876671507,58731.320448261664,96418.20184413058,86225.77920944137,110598.97033797902,1448764.917325665,119109.84699280237,591811.4387086305,96304.83621076302,44896.2537782266,80607.16151575511,55420.62813402475,50674.91511281294,56371.821488057525,47075.06942771825,16007.468722941023,38535.381168817185,885500.7556593779,32502.282404257534,527767.0417822402,8458.906446309862,22185.586141822376,4879.582948144901,0.0,0.0,10083.79142778373,31942.494824694953,0.0,18947.849126510566,129520.28268652597,16525.282081975573,5074.240156313979,0.0,0.0,0.0,0.0,0.0,0.0,0.21351093577568703,0.0,1.18738984375e-06,0.0,0.0,0.0,0.00015038884384920633,3.703062481103971e-05,0.0,0.0,0.0,0.0,0.0,0.0,0.07455690162842747,0.0,1.4541887168703856e-06,0.0,0.0,0.0,4.259922923234946e-05,3.782917725836317e-05
2026-09-22 17:05:24,0.0,0.0,0.0,0.0,0.0,0.0,285401.5838347785,0.0,0.0,0.0,0.0,0.0,0.0,147.13409946621547,0.004361047305796673,0.007229443656678013,0.0026291064696927816,0.0025835581346104444,0.002406180217653991,0.0024379158632948103,0.00014000245732515902,0.00021428491253825982,0.00011017661863013301,0.0281672286168503,0.00220978538570907,0.007951956972615725,106042.46496007616,85056.05815634751,48671.62191549623,103518.76517735257,19521.88494376795,58731.320448261664,91777.30533112457,86225.77920944137,110598.97033797902,1582079.5937737837,125700.12372118836,610843.9133553008,89807.24116213847,44896.2537782266,80607.16151575511,55420.62813402475,54156.87740646685,56371.821488057525,44807.510941452114,16007.468722941023,38535.381168817185,966509.461666025,34302.62575789767,540278.0634673461,7849.618321899592,22185.586141822376,4879.582948144901,0.0,0.0,10083.79142778373,30403.857153146437,0.0,18947.849126510566,141519.18339440634,17440.638775800126,4949.804479138782,0.0,0.0,0.0,0.0,0.0,0.0,0.21392590497093578,0.0,1.18970625e-06,0.0,0.0,0.0,0.000150616303505291,3.712682426616792e-05,0.0,0.0,0.0,0.0,0.0,0.0,0.07455607876151575,0.0,1.4537425609941534e-06,0.0,0.0,0.0,4.263041403606786e-05,3.78144086903859e-05
2026-09-22 17:05:39,0.0,0.0,0.0,0.0,0.0,0.0,285403.80297704256,0.0,0.0,0.0,0.0,0.0,0.0,147.1614556038828,0.004513556048641125,0.007949009633637824,0.0026291064696927816,0.0025835581346104444,0.002406180217653991,0.002437915863294811,0.000146471326197223,0.00021428491253825982,0.00011017661863013301,0.026722129491266997,0.0023265079028242496,0.008128625701837974,112740.02377954581,57112.57149928105,48671.62191549623,103518.76517735257,19521.88494376795,58731.32044826168,97754.9486452824,86225.77920944137,110598.97033797902,1500912.1538149237,132339.69828680562,631978.1332168034,95589.93494326071,33954.79106334527,80607.16151575511,55420.62813402475,54156.87740646685,56371.82148805754,47725.91563024603,16007.468722941023,38535.381168817185,916923.3984817321,36114.51611069638,553530.0580787539,8356.020961229275,24403.287120393135,4879.582948144901,0.0,0.0,10083.791427783734,32384.122457084064,0.0,18947.849126510566,134258.64488142755,18361.86636250298,4843.746304874521,0.0,0.0,0.0,0.0,0.0,0.0,0.2143407853230027,0.0,1.1920226562499999e-06,0.0,0.0,0.0,0.00015084376316137568,3.7223023721296126e-05,0.0,0.0,0.0,0.0,0.0,0.0,0.07455625271770029,0.0,1.4598324397321363e-06,0.0,0.0,0.0,4.263041403606786e-05,3.78858653267669e-05
2026-09-22 17:05:54,0.0,0.0,0.0,0.0,0.0,0.0,286894.6203834644,0.0,0.0,0.0,0.0,0.0,0.0,147.21119983891614,0.004513556048641125,0.009333257489605413,0.002708411681737746,0.002730467312305999,0.002406180217653991,0.002437915863294811,0.000146471326197223,0.0001780748816262119,0.00011712903854152756,0.02863123119249524,0.0023265079028242496,0.008394487946511037,112740.02377954581,100808.6367007889,52542.977825499736,98756.02570137964,19521.88494376795,58731.32044826168,97754.9486452824,75364.26992296727,130624.25689474931,1430250.0622867455,132339.69828680562,661104.5081124712,95589.93494326071,57611.21783314799,87018.68015518783,53959.726001878014,54156.87740646685,56371.82148805754,47725.91563024603,11178.54224572119,36519.8831956354,875018.7849755537,36114.51611069638,576956.1373506271,8356.020961229275,22762.29478127749,5267.706489979011,0.0,0.0,10083.791427783734,32384.122457084064,0.0,17956.828657727994,127646.48693922053,18361.86636250298,4837.628736754991,0.0,0.0,0.0,0.0,0.0,0.0,0.2147557438326454,0.0,1.1943390625000001e-06,0.0,0.0,0.0,0.00015107122281746033,3.731922317642433e-05,0.0,0.0,0.0,0.0,0.0,0.0,0.07450961391559356,0.0,1.4593583195512235e-06,0.0,0.0,0.0,4.266134478843213e-05,3.7552033045836015e-05
2026-09-22 17:06:09,0.0,0.0,0.0,0.0,0.0,0.0,286894.58272041136,0.0,0.0,0.0,0.0,0.0,0.0,147.24055660636282,0.004513556048641125,0.009333257489605413,0.002708411681737746,0.0026938527647131856,0.002406180217653991,0.002559147008790756,0.000146471326197223,0.00017786276739528378,0.00011712903854152756,0.02863123119249524,0.0023265079028242496,0.008720522852283065,112740.02377954581,100808.6367007889,52542.977825499736,103606.51765635629,19521.88494376795,108240.29215934344,97754.9486452824,75274.49963078352,130624.25689474931,1430250.0622867455,132339.69828680562,694522.3717323587,95589.93494326071,57611.21783314799,87018.68015518783,56613.94781368386,54156.87740646685,95126.90785010211,47725.91563024603,11165.226904053148,36519.8831956354,875018.7849755537,36114.51611069638,605735.8818184338,8356.020961229275,22762.29478127749,5267.706489979011,0.0,0.0,10397.704721795604,32384.122457084064,0.0,17956.828657727994,127646.48693922053,18361.86636250298,4871.416755253485,0.0,0.0,0.0,0.0,0.0,0.0,0.21524058105018673,0.0,1.1873790697674418e-06,0.0,0.0,0.0,0.00015038776923665794,3.7394529150326815e-05,0.0,0.0,0.0,0.0,0.0,0.0,0.0745098577456595,0.0,1.4654717113345267e-06,0.0,0.0,0.0,4.266134478843213e-05,3.762169420771155e-05
2026-09-22 17:06:24,0.0,0.0,0.0,0.0,0.0,0.0,288133.38512901915,0.0,0.0,0.0,0.0,0.0,0.0,140.42329423111124,0.004513556048641125,0.009333257489605413,0.002708411681737746,0.0028477416586702455,0.002274655649875524,0.002559147008790756,0.000146471326197223,0.0002310597500184497,0.00011730353267245409,0.02863123119249524,0.0022174357191961894,0.008813976440004253,112740.02377954581,100808.6367007889,52542.977825499736,109525.13823493004,18454.796343915095,108240.29215934344,97754.9486452824,72124.07506025498,112581.88643829187,1430250.0622867455,126135.30076238811,701643.589402524,95589.93494326071,57611.21783314799,87018.68015518783,59848.07327358742,51196.60043267401,95126.90785010211,47725.91563024603,10851.749150740172,39350.53965274519,875018.7849755537,34421.38232504167,614290.667369119,8356.020961229275,22762.29478127749,5267.706489979011,0.0,0.0,10397.704721795604,32384.122457084064,196.64243427515748,19348.662599718442,127646.48693922053,17501.018713022153,4819.012679249624,0.0,0.0,0.0,0.0,0.0,0.0,0.21565570629842964,0.0,1.1896775193798448e-06,0.0,0.0,0.0,0.00015061343787182855,3.749085856209152e-05,0.0,0.0,0.0,0.0,0.0,0.0,0.07447101659326322,0.0,1.4649740958935601e-06,0.0,0.0,0.0,4.2692024581345176e-05,3.763059972051018e-05
2026-09-22 17:06:39,0.0,0.0,0.0,0.0,0.0,0.0,288133.3573658976,0.0,0.0,0.0,0.0,0.0,0.0,140.45519018728027,0.004905147145005142,0.009333257489605413,0.0025671327684600328,0.0028477416586702455,0.0026427787429365635,0.002559147008790756,0.0001392747203370778,0.0002310597500184497,0.00011730353267245409,0.02863123119249524,0.002444934159826923,0.009012441075038216,113984.66932559098,100808.6367007889,49802.17779956027,109525.13823493004,19707.360605672697,108240.29215934344,91823.98975876291,72124.07506025498,112581.88643829187,1430250.0622867455,150759.279283322,734994.3330368369,98015.15653830828,57611.21783314799,82479.52362662865,59848.07327358742,53803.865918109834,95126.90785010211,44830.30321013611,10851.749150740172,39350.53965274519,875018.7849755537,32897.62519729614,633704.1753911088,7784.151605568337,22762.29478127749,4992.927048807537,0.0,0.0,10397.704721795604,30419.32270494131,196.64243427515748,19348.662599718442,127646.48693922053,16726.288001891626,4934.955134636273,0.0,0.0,0.0,0.0,0.0,0.0,0.2160708315466725,0.0,1.1919759689922481e-06,0.0,0.0,0.0,0.00015083910650699913,3.758718797385622e-05,0.0,0.0,0.0,0.0,0.0,0.0,0.07447125740174179,0.0,1.471110995563154e-06,0.0,0.0,0.0,4.2692024581345176e-05,3.77010733431037e-05
2026-09-22 17:06:54,0.0,0.0,0.0,0.0,0.0,0.0,289668.77832712216,0.0,0.0,0.0,0.0,0.0,0.0,140.21804680451578,0.0051998809176719216,0.010230125472032569,0.002960612571915621,0.0028477416586702455,0.0026427787429365635,0.002559147008790756,0.00014170231562649278,0.0002310597500184497,0.00011730353267245409,0.029075524759737174,0.002444934159826923,0.009266738259769565,101631.2256277561,135551.72241650216,95549.47709354357,109525.13823493004,19707.360605672697,108240.29215934344,98645.71415560463,72124.07506025498,112581.88643829187,1341317.5855002988,150759.279283322,755505.4659902438,106669.31010605341,74565.23081895694,113878.05156616236,59848.07327358742,53803.865918109834,95126.90785010211,48160.80511851362,10851.749150740172,39350.53965274519,803924.9003788251,32897.62519729614,647686.189087958,8471.445752396223,21525.66342628592,4800.340933304922,0.0,0.0,10397.704721795604,32679.214007604904,196.64243427515748,19348.662599718442,90622.34690096862,16726.288001891626,4752.040349791511,0.0,0.0,0.0,0.0,0.0,0.0,0.21648595679491534,0.0,1.194274418604651e-06,0.0,0.0,0.0,0.00015106477514216976,3.768351738562093e-05,0.0,0.0,0.0,0.0,0.0,0.0,0.07457480900323367,0.0,1.4705898955375636e-06,0.0,0.0,0.0,4.2722456456739724e-05,3.798820142000959e-05
2026-09-22 17:07:09,0.0,0.0,0.0,0.0,0.0,0.0,289666.01185379724,0.0,0.0,0.0,0.0,0.0,0.0,140.2374878350325,0.0051998809176719216,0.010230125472032569,0.003062687688301402,0.0028477416586702455,0.0026427787429365635,0.002559147008790756,0.00014170231562649278,0.0002310597500184497,0.00011730353267245409,0.029589469232804824,0.0025110922052967236,0.009700713471513786,101631.2256277561,135551.72241650216,101823.24714499424,109525.13823493004,19707.360605672697,108240.29215934344,98645.71415560463,72124.07506025498,112581.88643829187,1248491.9164185193,162167.79080453367,764196.2589962556,106669.31010605341,74565.23081895694,121355.27416502492,59848.07327358742,53803.865918109834,95126.90785010211,48160.80511851362,10851.749150740172,39350.53965274519,748597.4772930882,35387.110009561206,665720.9228443756,8471.445752396223,21525.66342628592,5115.530886198512,0.0,0.0,10397.704721795604,32679.214007604904,196.64243427515748,19348.662599718442,84294.6399291736,17992.02799669535,4697.806100433717,0.0,0.0,0.0,0.0,0.0,0.0,0.2169615857386242,0.0,1.1873684615384615e-06,0.0,0.0,0.0,0.00015038671141493057,3.776966298284779e-05,0.0,0.0,0.0,0.0,0.0,0.0,0.07457504897446132,0.0,1.4767503047801855e-06,0.0,0.0,0.0,4.2722456456739724e-05,3.815609783304779e-05
2026-09-22 17:07:24,0.0,0.0,0.0,0.0,0.0,0.0,291147.4761088116,0.0,0.0,0.0,0.0,0.0,0.0,139.1068895386865,0.0051998809176719216,0.010784834188119414,0.003062687688301402,0.0028477416586702455,0.0026427787429365635,0.002559147008790756,0.00014170231562649278,0.0002310597500184497,0.00011730353267245409,0.029589469232804824,0.0025110922052967236,0.009822681254931803,101631.2256277561,142997.1663760047,101823.24714499424,109525.13823493004,19707.360605672697,108240.29215934344,98645.71415560463,72124.07506025498,112581.88643829187,1248491.9164185193,162167.79080453367,761337.664453753,106669.31010605341,78660.87222795411,121355.27416502492,59848.07327358742,53803.865918109834,95126.90785010211,48160.80511851362,10851.749150740172,39350.53965274519,748597.4772930882,35387.110009561206,667913.2948234925,8471.445752396223,22708.002668269717,5115.530886198512,0.0,0.0,10397.704721795604,32679.214007604904,196.64243427515748,19348.662599718442,84294.6399291736,17992.02799669535,4817.477996039432,0.0,0.0,0.0,0.0,0.0,0.0,0.21737682600622985,0.0,1.1896492307692305e-06,0.0,0.0,0.0,0.0001506106170138889,3.7865813140080494e-05,0.0,0.0,0.0,0.0,0.0,0.0,0.07480190450253696,0.0,1.4762057185015476e-06,0.0,0.0,0.0,4.275264340758382e-05,3.8235675358805835e-05
2026-09-22 17:07:39,0.0,0.0,0.0,0.0,0.0,0.0,291151.19544915087,0.0,0.0,0.0,0.0,0.0,0.0,139.14451794852067,0.0051998809176719216,0.01134299418039735,0.003062687688301402,0.00270255973483457,0.0026427787429365635,0.002559147008790756,0.0024343589483789307,0.00024149131842979364,0.0008616724910939818,0.029589469232804824,0.0025110922052967236,0.010654017817255912,101631.2256277561,150397.86404905026,101823.24714499424,103941.39076650958,19707.360605672697,108240.29215934344,93195.6221953938,79281.7840465519,114670.40455431456,1248491.9164185193,162167.79080453367,785949.2490691787,106669.31010605341,82731.89928961231,121355.27416502492,56796.93329771785,53803.865918109834,95126.90785010211,63768.20235582628,11929.296463454919,41412.29895654705,748597.4772930882,35387.110009561206,674815.244138171,8471.445752396223,23883.236183489753,5115.530886198512,0.0,0.0,10397.704721795604,30872.940283461645,216.16845940488778,19447.992609676086,84294.6399291736,17992.02799669535,4879.286575921465,0.0,0.0,0.0,0.0,0.0,0.0,0.21779206627383543,0.0,1.19193e-06,0.0,0.0,0.0,0.00015083452261284723,3.796196329731319e-05,0.0,0.0,0.0,0.0,0.0,0.0,0.07480214017941951,0.0,1.4823896390236957e-06,0.0,0.0,0.0,4.275264340758382e-05,3.8306109734915e-05
2026-09-22 17:07:54,0.0,0.0,0.0,0.0,0.0,0.0,292698.29075050703,0.0,0.0,0.0,0.0,0.0,0.0,138.13400096271326,0.005490853852301121,0.01134299418039735,0.0032230663347413715,0.002985975025800143,0.0026427787429365635,0.002367076727272726,0.0024343589483789307,0.0002299112898339412,0.0008616724910939818,0.029589469232804824,0.0025110922052967236,0.010924645093618051,145884.63353653162,150397.86404905026,102795.34656429176,100561.28272733261,19707.360605672697,108283.34545454547,93195.6221953938,75480.05182545686,114670.40455431456,1248491.9164185193,162167.79080453367,789341.2057036145,138408.3179656993,82731.89928961231,120890.28982058806,55149.41111492084,53803.865918109834,95157.52727272728,63768.20235582628,11357.261016907925,41412.29895654705,748597.4772930882,35387.110009561206,677112.3782700405,7963.977637629906,23883.236183489753,4803.194397182899,0.0,0.0,10407.563636363637,30872.940283461645,205.80271641376777,19447.992609676086,84294.6399291736,17992.02799669535,4966.033955952168,0.0,0.0,0.0,0.0,0.0,0.0,0.21820730654144108,0.0,1.1942107692307694e-06,0.0,0.0,0.0,0.00015105842821180556,3.8058113454545896e-05,0.0,0.0,0.0,0.0,0.0,0.0,0.07462119866120011,0.0,1.4818182415349665e-06,0.0,0.0,0.0,4.278258837886203e-05,3.885576794815244e-05
2026-09-22 17:08:09,0.0,0.0,0.0,0.0,0.0,0.0,292700.55446021946,0.0,0.0,0.0,0.0,0.0,0.0,138.17536086784412,0.005490853852301119,0.01134299418039735,0.0032230663347413715,0.002974004021231599,0.002815774092769396,0.002736471410171628,0.0024343589483789307,0.0002324156046307998,0.0008616724910939818,0.029986572457188873,0.0023915312582394052,0.01114315981603596,145884.63353653156,150397.86404905026,102795.34656429176,105797.87388814527,53090.37836165469,151410.20077643514,93195.6221953938,71744.93450901663,114670.40455431456,1317679.8697332093,154446.47550998357,781663.0788864467,138408.31796569927,82731.89928961231,120890.28982058806,58021.241216287715,79651.0638584078,124800.92691271391,63768.20235582628,10795.248918801795,41412.29895654705,789826.1190856816,33702.21911728722,673971.8066912371,7963.977637629904,23883.236183489753,4803.194397182899,0.0,0.0,10428.05951333439,30872.940283461645,195.6186045688916,19447.992609676086,89009.91668941136,17135.371318685196,4727.1247417656405,0.0,0.0,0.0,0.0,0.0,0.0,0.218711720488606,0.0,1.1873580152671757e-06,0.0,0.0,0.0,0.00015038566999354004,3.813855506300237e-05,0.0,0.0,0.0,0.0,0.0,0.0,0.0746214474315312,0.0,1.4880256594079948e-06,0.0,0.0,0.0,4.278258837886203e-05,3.892661015481998e-05
2026-09-22 17:08:24,0.0,0.0,0.0,0.0,0.0,0.0,294166.002442112,0.0,0.0,0.0,0.0,0.0,0.0,138.30934528486904,0.005813096736966029,0.01134299418039735,0.003343679127608968,0.003124268081190111,0.002908222828006556,0.002736471410171628,0.0026009402592393634,0.0002324156046307998,0.0008616724910939818,0.029986572457188873,0.0025885421207543866,0.01204382822789871,158194.6967451429,150397.86404905026,110241.64448198579,111143.4006432933,57138.563808109255,151410.20077643514,99669.69066674015,71744.93450901663,114670.40455431456,1317679.8697332093,147587.7981772285,778963.1845952257,150103.22735310215,82731.89928961231,129658.56792355962,60952.81333480187,85765.34410462157,124800.92691271391,68198.0210385186,10795.248918801795,41412.29895654705,789826.1190856816,32205.5669887099,685851.4022423532,8639.527525838432,23883.236183489753,5154.106125900389,0.0,0.0,10428.05951333439,33017.6067881593,195.6186045688916,19447.992609676086,89009.91668941136,16374.421724570242,4703.77114069485,0.0,0.0,0.0,0.0,0.0,0.0,0.2191271667188069,0.0,1.1896213740458012e-06,0.0,0.0,0.0,0.0001506078398901809,3.823482828054189e-05,0.0,0.0,0.0,0.0,0.0,0.0,0.07453519030125949,0.0,1.487437012010671e-06,0.0,0.0,0.0,4.281229426853322e-05,3.888391205684492e-05
2026-09-22 17:08:39,0.0,0.0,0.0,0.0,0.0,0.0,294166.0918125044,0.0,0.0,0.0,0.0,0.0,0.0,137.31457027818064,0.005813096736966029,0.012978256757313978,0.003343679127608968,0.003124268081190111,0.002908222828006556,0.002736471410171628,0.003106135679575576,0.0002324156046307998,0.0008616724910939818,0.0302254377333347,0.002671464135776606,0.012458366476579169,158194.6967451429,140719.1582651245,110241.64448198579,111143.4006432933,57138.563808109255,151410.20077643514,124074.50008648045,71744.93450901663,114670.40455431456,1220912.1201817563,158785.201855267,772349.0993343495,150103.22735310215,78779.78681731028,129658.56792355962,60952.81333480187,85765.34410462157,124800.92691271391,82931.12244676237,10795.248918801795,41412.29895654705,732220.8964861124,34648.98533837354,696618.4618444077,8639.527525838432,21854.538207258658,5154.106125900389,0.0,0.0,10428.05951333439,31250.027595521788,195.6186045688916,19447.992609676086,82325.43730401601,17616.73993995741,4795.098392344375,0.0,0.0,0.0,0.0,0.0,0.0,0.21954261294900768,0.0,1.1918847328244274e-06,0.0,0.0,0.0,0.0001508300097868217,3.833110149808142e-05,0.0,0.0,0.0,0.0,0.0,0.0,0.07453543820069583,0.0,1.493667951560293e-06,0.0,0.0,0.0,4.281229426853322e-05,3.8852032971296896e-05
2026-09-22 17:08:54,0.0,0.0,0.0,0.0,0.0,0.0,295570.46127057145,0.0,0.0,0.0,0.0,0.0,0.0,134.70262448188126,0.006109201879746402,0.012978256757313978,0.003343679127608968,0.003124268081190111,0.002908222828006556,0.002736471410171628,0.003106135679575576,0.0002324156046307998,0.0008616724910939818,0.0302254377333347,0.002671464135776606,0.012899625060294696,193822.69082347245,140719.1582651245,110241.64448198579,111143.4006432933,57138.563808109255,151410.20077643514,124074.50008648045,71744.93450901663,114670.40455431456,1220912.1201817563,158785.201855267,804075.1830125179,173557.22094389095,78779.78681731028,129658.56792355962,60952.81333480187,85765.34410462157,124800.92691271391,82931.12244676237,10795.248918801795,41412.29895654705,732220.8964861124,34648.98533837354,698835.8790731939,8156.492309689712,21854.538207258658,5154.106125900389,0.0,0.0,10428.05951333439,31250.027595521788,195.6186045688916,19447.992609676086,82325.43730401601,17616.73993995741,4874.299900916052,0.0,0.0,0.0,0.0,0.0,0.0,0.21995805917920863,0.0,1.1941480916030536e-06,0.0,0.0,0.0,0.00015105217968346252,3.842737471562095e-05,0.0,0.0,0.0,0.0,0.0,0.0,0.07464446881125267,0.0,0.0,0.0,0.0,0.0,4.2841763928465474e-05,3.8607599422205914e-05
2026-09-22 17:09:09,0.0,0.0,0.0,0.0,0.0,0.0,295569.9039697437,0.0,0.0,0.0,0.0,0.0,0.0,134.72112069089346,0.006109201879746402,0.013707734280042232,0.003343679127608968,0.003124268081190111,0.002908222828006556,0.002736471410171628,0.003106135679575576,0.0002324156046307998,0.0013980746826441524,0.030724395818281004,0.002671464135776606,0.013054475881535946,193822.69082347245,114249.45876197421,110241.64448198579,111143.4006432933,57138.563808109255,151410.20077643514,124074.50008648045,71744.93450901663,105333.91836755279,1309295.861041891,158785.201855267,795271.476427265,173557.22094389095,68687.98819216061,129658.56792355962,60952.81333480187,85765.34410462157,124800.92691271391,82931.12244676237,10795.248918801795,38058.47988608644,785545.0537460004,34648.98533837354,694785.7152869847,8156.492309689712,23093.054815497973,5154.106125900389,0.0,0.0,10428.05951333439,31250.027595521788,195.6186045688916,17855.19058162152,88359.42729913446,17616.73993995741,4960.694415589714,0.0,0.0,0.0,0.0,0.0,0.0,0.22043753441347574,0.0,1.1873477272727273e-06,0.0,0.0,0.0,0.0001503846445940171,3.817652676075673e-05,0.0,0.0,0.0,0.0,0.0,0.0,0.07464464192702562,0.0,0.0,0.0,0.0,0.0,4.2841763928465474e-05,3.867760462968511e-05
2026-09-22 17:09:24,0.0,0.0,0.0,0.0,0.0,0.0,296798.3917697056,0.0,0.0,0.0,0.0,0.0,0.0,130.15351875240464,0.006109201879746402,0.013707734280042232,0.003477323038566391,0.002976795034050796,0.0030043932967521872,0.0028461085584103045,0.003106135679575576,0.00024142561786073182,0.0015237213154473954,0.030724395818281004,0.002671464135776606,0.013266041842196449,193822.69082347245,114249.45876197421,149730.94116440695,105897.16199271996,54038.285629541744,144016.618438431,124074.50008648045,62092.98006259817,115445.75949058059,1309295.861041891,158785.201855267,791562.7311057226,173557.22094389095,68687.98819216061,152667.522586539,58075.69239620014,80817.92165420223,118623.75393768941,82931.12244676237,11661.755882431622,41712.016258380005,785545.0537460004,34648.98533837354,690689.794820212,8156.492309689712,23093.054815497973,4772.812595072783,0.0,0.0,9786.687297238383,31250.027595521788,211.32040860782135,19569.252425905437,88359.42729913446,17616.73993995741,5013.726399017045,0.0,0.0,0.0,0.0,0.0,0.0,0.22085310123988833,0.0,1.1895939393939393e-06,0.0,0.0,0.0,0.00015060510549145297,3.8271683396559205e-05,0.0,0.0,0.0,0.0,0.0,0.0,0.07458285246476656,0.0,0.0,0.0,0.0,0.0,4.287100016534877e-05,3.833372711475254e-05
2026-09-22 17:09:39,0.0,0.0,0.0,0.0,0.0,0.0,296799.1274063693,0.0,0.0,0.0,0.0,0.0,0.0,130.19957256521403,0.006109201879746402,0.014546556230804425,0.003440901753123349,0.003248665418402136,0.0030043932967521872,0.0028461085584103045,0.0032665574949669453,0.00023350217178827774,0.0015237213154473954,0.030724395818281004,0.0027755523405944157,0.013752724553330951,193822.69082347245,151051.7717544204,130620.57072664028,136225.5163951479,54038.285629541744,144016.618438431,130948.05710275457,71931.15201812235,115445.75949058059,1309295.861041891,148152.3563677007,783666.4981076877,173557.22094389095,87376.88172597738,143378.92621521454,86341.78162163998,80817.92165420223,118623.75393768941,87525.39280984356,10767.27109774988,41712.016258380005,785545.0537460004,54739.1208852714,680076.780918325,8156.492309689712,21912.89633611573,4965.3945080072535,0.0,0.0,9786.687297238383,32981.23623459141,195.11162391895752,19569.252425905437,88359.42729913446,16436.672379535772,4795.501435360104,0.0,0.0,0.0,0.0,0.0,0.0,0.22126855686117264,0.0,1.1918401515151513e-06,0.0,0.0,0.0,0.00015082556638888888,3.836684003236167e-05,0.0,0.0,0.0,0.0,0.0,0.0,0.07458316384072895,0.0,0.0,0.0,0.0,0.0,4.287100016534877e-05,3.840324888019898e-05
2026-09-22 17:09:54,0.0,0.0,0.0,0.0,0.0,0.0,298028.72321617126,0.0,0.0,0.0,0.0,0.0,0.0,123.23101687979803,0.006229146971576121,0.014546556230804425,0.0034867957913866108,0.003323188530142244,0.0030664187467159465,0.002918825342405818,0.003416704453542291,0.00023350217178827774,0.0015237213154473954,0.030724395818281004,0.0027441625765290516,0.013944814022167913,195210.64633236633,151051.7717544204,132362.76097239665,144881.3185820727,56983.03909408387,155180.8125626942,136967.07024904797,71931.15201812235,115445.75949058059,1309295.861041891,124267.77178071126,788151.3722634972,173841.4335681724,87376.88172597738,145291.28477642412,91830.30390607362,85222.0002073198,127819.48864573192,91548.48793330576,10767.27109774988,41712.016258380005,785545.0537460004,47917.97756799099,687478.255587799,8568.824054887875,21912.89633611573,5031.621916370723,0.0,0.0,10545.353054041581,34497.21515683872,195.11162391895752,19569.252425905437,88359.42729913446,17151.8812293293,4675.491853285596,0.0,0.0,0.0,0.0,0.0,0.0,0.2216840958863031,0.0,1.1940863636363635e-06,0.0,0.0,0.0,0.0001510460272863248,3.8461996668164134e-05,0.0,0.0,0.0,0.0,0.0,0.0,0.07455837504454443,0.0,0.0,0.0,0.0,0.0,4.290000574158604e-05,3.8058771371271484e-05
2026-09-22 17:10:09,0.0,0.0,0.0,0.0,0.0,0.0,298027.36755839107,0.0,0.0,0.0,0.0,0.0,0.0,123.27868608602945,0.006840556126920204,0.014546556230804425,0.0036715230610609158,0.003323188530142244,0.0030664187467159465,0.002918825342405818,0.0031657293338095524,0.00023350217178827774,0.0015237213154473954,0.030908629564325937,0.002905107018426449,0.014203485692969763,194853.02489298984,151051.7717544204,139375.21966050926,144881.3185820727,56983.03909408387,155180.8125626942,126832.05660601993,71931.15201812235,115445.75949058059,1396035.6000065142,131556.0452037739,807274.6527944615,173827.320726293,87376.88172597738,152988.68489676426,91830.30390607362,85222.0002073198,127819.48864573192,84774.2671478605,10767.27109774988,41712.016258380005,858874.6688107358,50728.354847564195,712827.6255488857,8417.698140811612,21912.89633611573,5298.192669077444,0.0,0.0,10545.353054041581,31944.55964901994,195.11162391895752,19569.252425905437,82184.79739488731,18157.834730610724,4739.61294161876,0.0,0.0,0.0,0.0,0.0,0.0,0.22214952220074322,0.0,1.1873375939849623e-06,0.0,0.0,0.0,0.0001503836348494487,3.8202155687937414e-05,0.0,0.0,0.0,0.0,0.0,0.0,0.07455850100055575,0.0,0.0,0.0,0.0,0.0,4.290000574158604e-05,3.812782543537476e-05
2026-09-22 17:10:24,0.0,0.0,0.0,0.0,0.0,0.0,299297.99817518494,0.0,0.0,0.0,0.0,0.0,0.0,125.4864895488853,0.006840556126920204,0.015539265153971726,0.0036715230610609158,0.003323188530142244,0.0030664187467159465,0.002993935254628529,0.0031657293338095524,0.00023350217178827774,0.0015237213154473954,0.030908629564325937,0.002905107018426449,0.014571742695317124,194853.02489298984,161374.14259849035,139375.21966050926,144881.3185820727,56983.03909408387,145991.16613425437,126832.05660601993,71931.15201812235,115445.75949058059,1396035.6000065142,131556.0452037739,829996.8628356392,173827.320726293,93350.10090859068,152988.68489676426,91830.30390607362,85222.0002073198,120307.17438196226,84774.2671478605,10767.27109774988,41712.016258380005,858874.6688107358,50728.354847564195,743401.6078480113,8417.698140811612,23410.89592314596,5298.192669077444,0.0,0.0,9897.526119903,31944.55964901994,195.11162391895752,19569.252425905437,82184.79739488731,18157.834730610724,4779.604447300219,0.0,0.0,0.0,0.0,0.0,0.0,0.222565179034453,0.0,1.189566917293233e-06,0.0,0.0,0.0,0.00015060241283927056,3.829619797317511e-05,0.0,0.0,0.0,0.0,0.0,0.0,0.07451367316644128,0.0,0.0,0.0,0.0,0.0,4.292878337616329e-05,3.85602436856709e-05
2026-09-22 17:10:39,0.0,0.0,0.0,0.0,0.0,0.0,299298.3459380864,0.0,0.0,0.0,0.0,0.0,0.0,125.5361203742019,0.006840556126920204,0.015539265153971726,0.0036715230610609158,0.003323188530142244,0.0030664187467159465,0.002993935254628529,0.0031657293338095524,0.00023226286651999782,0.0015237213154473954,0.030145347735814888,0.002905107018426449,0.014638785453568061,194853.02489298984,161374.14259849035,139375.21966050926,144881.3185820727,56983.03909408387,145991.16613425437,126832.05660601993,73519.55855303495,115445.75949058059,1290357.4637622589,131556.0452037739,833400.0200757943,173827.320726293,93350.10090859068,152988.68489676426,91830.30390607362,85222.0002073198,120307.17438196226,84774.2671478605,11005.590218920186,41712.016258380005,779200.7055411387,50728.354847564195,745938.7337262774,8417.698140811612,23410.89592314596,5298.192669077444,0.0,0.0,9897.526119903,31944.55964901994,199.4301583294262,19569.252425905437,86624.3196220868,18157.834730610724,4845.681098922447,0.0,0.0,0.0,0.0,0.0,0.0,0.22298073045482944,0.0,1.1917962406015036e-06,0.0,0.0,0.0,0.00015082119082909245,3.839024025841282e-05,0.0,0.0,0.0,0.0,0.0,0.0,0.07451387675823087,0.0,0.0,0.0,0.0,0.0,4.292878337616329e-05,3.862848246976041e-05
2026-09-22 17:10:54,0.0,0.0,0.0,0.0,0.0,0.0,300763.9759564101,0.0,0.0,0.0,0.0,0.0,0.0,126.73109311272907,0.006840556126920204,0.015539265153971726,0.003859445795902763,0.003323188530142244,0.0032971112813911015,0.002993935254628529,0.0031657293338095524,0.00023226286651999782,0.0014444115680713682,0.03169553103671023,0.0029051070184264497,0.015130659726720279,194853.02489298984,161374.14259849035,132749.37359906864,144881.3185820727,92946.30842732156,145991.16613425437,126832.05660601993,73519.55855303495,109436.80370056254,1356712.3325148069,131556.04520377392,837413.95646848,173827.320726293,93350.10090859068,144496.25549512607,91830.30390607362,116398.73381649025,120307.17438196226,84774.2671478605,11005.590218920186,39540.90436379742,819270.036714939,50728.3548475642,752793.984963615,8417.698140811612,23410.89592314596,4893.051380514674,0.0,0.0,9897.526119903,31944.55964901994,199.4301583294262,18550.672157649125,91078.85684973472,18157.834730610728,4818.6866733049455,0.0,0.0,0.0,0.0,0.0,0.0,0.22339635939763014,0.0,1.1940255639097742e-06,0.0,0.0,0.0,0.00015103996881891436,3.848428254365051e-05,0.0,0.0,0.0,0.0,0.0,0.0,0.07462278969889197,0.0,0.0,0.0,0.0,0.0,4.2957335745499235e-05,3.883461377831954e-05
2026-09-22 17:11:09,0.0,0.0,0.0,0.0,0.0,0.0,300765.27108819433,0.0,0.0,0.0,0.0,0.0,0.0,126.78233982538156,0.006840556126920204,0.015539265153971726,0.003859445795902763,0.003172027909090909,0.0032971112813911015,0.003083368763722956,0.0031657293338095524,0.00023226286651999782,0.0015310013621470382,0.03169553103671023,0.0029051070184264497,0.015142726693958369,194853.02489298984,161374.14259849035,132749.37359906864,145825.04727272724,92946.30842732156,155200.53968157686,126832.05660601993,73519.55855303495,145477.89272171704,1356712.3325148069,131556.04520377392,850166.7899523008,173827.320726293,93350.10090859068,144496.25549512607,92435.54909090907,116398.73381649025,127896.35760889447,84774.2671478605,11005.590218920186,57143.14324632772,819270.036714939,50728.3548475642,757048.712662393,8417.698140811612,23410.89592314596,4893.051380514674,0.0,0.0,10521.879069784542,31944.55964901994,199.4301583294262,19550.358944151973,91078.85684973472,18157.834730610728,4833.624349070051,0.0,0.0,0.0,0.0,0.0,0.0,0.2238757739765733,0.0,1.1873276119402986e-06,0.0,0.0,0.0,0.00015038264040404044,3.88353821360973e-05,0.0,0.0,0.0,0.0,0.0,0.0,0.07462301762787209,0.0,0.0,0.0,0.0,0.0,4.2957335745499235e-05,3.890438900295373e-05
2026-09-22 17:11:24,0.0,0.0,0.0,0.0,0.0,0.0,302077.2085612567,0.0,0.0,0.0,0.0,0.0,0.0,126.8392023039548,0.007155248837061108,0.014687839140505634,0.003859445795902763,0.00374026888152453,0.0032971112813911015,0.003083368763722956,0.0032916693056522965,0.00023226286651999782,0.0015310013621470382,0.03169553103671023,0.0027425817141265253,0.01528225408946199,183617.45321693324,152532.14514573285,132749.37359906864,148149.92642680416,92946.30842732156,155200.53968157686,133726.48866657558,73519.55855303495,145477.89272171704,1356712.3325148069,124196.1833661129,867361.8903063531,163840.0,88235.27060704686,144496.25549512607,94999.36109869306,116398.73381649025,127896.35760889447,89385.05504828779,11005.590218920186,57143.14324632772,819270.036714939,47890.372888228114,768534.363583311,7899.844941481339,22128.168227208607,4893.051380514674,0.0,0.0,10521.879069784542,33681.99241098391,199.4301583294262,19550.358944151973,91078.85684973472,17142.000340930063,4896.2966571183915,0.0,0.0,0.0,0.0,0.0,0.0,0.22429155077374277,0.0,1.1895402985074626e-06,0.0,0.0,0.0,0.00015059976098484847,3.893015359172501e-05,0.0,0.0,0.0,0.0,0.0,0.0,0.07461206377683206,0.0,0.0,0.0,0.0,0.0,4.298566548427505e-05,3.856975374363364e-05
2026-09-22 17:11:39,0.0,0.0,0.0,0.0,0.0,0.0,302081.2844795416,0.0,0.0,0.0,0.0,0.0,0.0,126.89225704468294,0.0075800170029077145,0.018569363694410847,0.004004619658367814,0.00374026888152453,0.0032971112813911015,0.003083368763722956,0.0033160341360393844,0.00023399359088877256,0.0015310013621470382,0.030087529804615428,0.002988904526240254,0.015639040350584218,197982.3265034656,165746.60111932992,128312.41793091307,148149.92642680416,92946.30842732156,155200.53968157686,134716.3278369403,69701.15146888999,145477.89272171704,1287882.59434903,118413.38654717444,868656.8034265487,176657.63142899543,98001.63563413755,134822.60339534216,94999.36109869306,116398.73381649025,127896.35760889447,90046.68035240092,10433.465510211583,57143.14324632772,777706.2204491646,45660.5113217141,774045.3245020317,8517.87045909683,23313.56057792406,5274.8998312256845,0.0,0.0,10521.879069784542,33931.305436075345,189.06279783604882,19550.358944151973,86458.17660738342,16343.838091857118,4637.110135760797,0.0,0.0,0.0,0.0,0.0,0.0,0.22470732757091227,0.0,1.1917529850746268e-06,0.0,0.0,0.0,0.00015081688156565656,3.902492504735271e-05,0.0,0.0,0.0,0.0,0.0,0.0,0.07461233769595932,0.0,0.0,0.0,0.0,0.0,4.298566548427505e-05,3.863908758306094e-05
2026-09-22 17:11:54,0.0,0.0,0.0,0.0,0.0,0.0,303457.3361257172,0.0,0.0,0.0,0.0,0.0,0.0,126.94197385880197,0.007580017002907715,0.018569363694410847,0.004004619658367814,0.00374026888152453,0.0032971112813911015,0.003083368763722956,0.003150400585134376,0.00023399359088877256,0.0015310013621470382,0.03218640114944996,0.003084967274632877,0.015811243370136063,197982.32650346562,165746.60111932992,128312.41793091307,148149.92642680416,92946.30842732156,155200.53968157686,157839.45553959915,69701.15146888999,145477.89272171704,1225337.40387296,127317.73842735094,875093.6572331012,176657.63142899546,98001.63563413755,134822.60339534216,94999.36109869306,116398.73381649025,127896.35760889447,102046.52175076486,10433.465510211583,57143.14324632772,865613.8963350562,49094.0526779133,778341.8817667499,8517.87045909683,23313.56057792406,5274.8998312256845,0.0,0.0,10521.879069784542,32070.61572905424,189.06279783604882,19550.358944151973,82245.0026806202,17572.848507706938,4687.7275132118375,0.0,0.0,0.0,0.0,0.0,0.0,0.22512301626927217,0.0,1.1939656716417912e-06,0.0,0.0,0.0,0.00015103400214646465,3.911969650298042e-05,0.0,0.0,0.0,0.0,0.0,0.0,0.07463386175280363,0.0,0.0,0.0,0.0,0.0,4.301377518624484e-05,3.8298394405593164e-05
2026-09-22 17:12:09,0.0,0.0,0.0,0.0,0.0,0.0,303458.04915224056,0.0,0.0,0.0,0.0,0.0,0.0,126.99599010984502,0.007580017002907715,0.018569363694410847,0.004004619658367814,0.00374026888152453,0.0033312614053018414,0.0029254909686772003,0.003150400585134376,0.0002405782026350672,0.0014547166353915553,0.03218640114944996,0.003084967274632877,0.016158473465847374,197982.32650346562,165746.60111932992,128312.41793091307,148149.92642680416,87902.28797522796,147253.80321491652,157839.45553959915,59581.03080012934,136623.37707239029,1225337.40387296,127317.73842735094,911922.174167147,176657.63142899546,98001.63563413755,134822.60339534216,94999.36109869306,109127.46615935212,121347.67774573881,102046.52175076486,11117.812885684747,53665.12437583032,865613.8963350562,49094.0526779133,782458.5909726984,8517.87045909683,23313.56057792406,5274.8998312256845,0.0,0.0,9983.127076568551,32070.61572905424,201.46372343187127,18360.425848598497,82245.0026806202,17572.848507706938,4783.5936848202655,0.0,0.0,0.0,0.0,0.0,0.0,0.2256054283291675,0.0,1.187317777777778e-06,0.0,0.0,0.0,0.0001503816609126984,3.884570896447828e-05,0.0,0.0,0.0,0.0,0.0,0.0,0.0746339613896446,0.0,0.0,0.0,0.0,0.0,4.301377518624484e-05,3.836726360747764e-05
2026-09-22 17:12:24,0.0,0.0,0.0,0.0,0.0,0.0,304767.27646212344,0.0,0.0,0.0,0.0,0.0,0.0,125.92191709079532,0.007580017002907715,0.018569363694410847,0.0041664861543122406,0.00374026888152453,0.003482969985719801,0.003217162256466474,0.003150400585134376,0.0002405782026350672,0.0014547166353915553,0.03137496982276547,0.003084967274632877,0.016137930095312954,197982.32650346562,165746.60111932992,163391.86041908016,148149.92642680416,96269.154955857,160230.31109312284,157839.45553959915,59581.03080012934,136623.37707239029,1102732.2695218564,127317.73842735094,916368.5912464341,176657.63142899546,98001.63563413755,153224.8170634094,94999.36109869306,119533.41252408513,133274.35925125662,102046.52175076486,11117.812885684747,53665.12437583032,781057.6349769803,49094.0526779133,786618.4554472249,8517.87045909683,23313.56057792406,4847.324762152309,0.0,0.0,10389.118229180374,32070.61572905424,201.46372343187127,18360.425848598497,85991.50159228063,17572.848507706938,4732.53296184822,0.0,0.0,0.0,0.0,0.0,0.0,0.2260212913794476,0.0,1.1895140740740741e-06,0.0,0.0,0.0,0.0001505971490079365,3.8939363382053744e-05,0.0,0.0,0.0,0.0,0.0,0.0,0.07462469669373549,0.0,0.0,0.0,0.0,0.0,4.304166740502725e-05,3.8805167016910486e-05
2026-09-22 17:12:39,0.0,0.0,0.0,0.0,0.0,0.0,304766.54189243645,0.0,0.0,0.0,0.0,0.0,0.0,125.97912636568283,0.007580017002907715,0.018569363694410847,0.0041664861543122406,0.00374026888152453,0.003482969985719801,0.003217162256466474,0.003150400585134376,0.0002405782026350672,0.0014547166353915553,0.032988631648630196,0.003084967274632877,0.016342921738130692,197982.32650346562,165746.60111932992,163391.86041908016,148149.92642680416,96269.154955857,160230.31109312284,157839.45553959915,59581.03080012934,136623.37707239029,1159447.4465412602,127317.73842735094,920414.0045094751,176657.63142899546,98001.63563413755,153224.8170634094,94999.36109869306,119533.41252408513,133274.35925125662,102046.52175076486,11117.812885684747,53665.12437583032,821228.6023590119,49094.0526779133,792846.9645399523,8517.87045909683,23313.56057792406,4847.324762152309,0.0,0.0,10389.118229180374,32070.61572905424,201.46372343187127,18360.425848598497,90414.17368573918,17572.848507706938,4757.060420810417,0.0,0.0,0.0,0.0,0.0,0.0,0.2264370500656927,0.0,1.1917103703703703e-06,0.0,0.0,0.0,0.0001508126371031746,3.903301779962922e-05,0.0,0.0,0.0,0.0,0.0,0.0,0.07462489095774248,0.0,0.0,0.0,0.0,0.0,4.304166740502725e-05,3.887328602536817e-05
2026-09-22 17:12:54,0.0,0.0,0.0,0.0,0.0,0.0,306203.9267172114,0.0,0.0,0.0,0.0,0.0,0.0,122.40774060730521,0.007183877539959345,0.018569363694410847,0.0041664861543122406,0.0037466263784912994,0.003482969985719801,0.003217162256466474,0.003150400585134376,0.0002405782026350672,0.0015540017990183978,0.032988631648630196,0.003113448582018866,0.016772449140037247,187635.56706159806,165746.60111932992,163391.86041908016,152923.6684841287,96269.154955857,160230.31109312284,157839.45553959915,59581.03080012934,145898.80197947496,1159447.4465412602,119085.61989133744,940001.6756783887,167425.32242320184,98001.63563413755,153224.8170634094,92917.13060805468,119533.41252408513,133274.35925125662,102046.52175076486,11117.812885684747,53546.715774507014,821228.6023590119,45921.86030577139,807791.4178575727,8072.7178126270355,23313.56057792406,4847.324762152309,0.0,0.0,10389.118229180374,32070.61572905424,201.46372343187127,19637.456191683286,90414.17368573918,16436.14272497619,4598.734812026148,0.0,0.0,0.0,0.0,0.0,0.0,0.22685288528556347,0.0,1.1939066666666665e-06,0.0,0.0,0.0,0.0001510281251984127,3.912667221720469e-05,0.0,0.0,0.0,0.0,0.0,0.0,0.07464044532901656,0.0,0.0,0.0,0.0,0.0,4.306934465487878e-05,3.859749820779364e-05
2026-09-22 17:13:09,0.0,0.0,0.0,0.0,0.0,0.0,306203.6487251928,0.0,0.0,0.0,0.0,0.0,0.0,122.44099179333465,0.008300180736448282,0.0193107820349214,0.004202209362006155,0.0037136864338773844,0.003482969985719801,0.003217162256466474,0.003150400585134376,0.00022975345580506082,0.0015540017990183978,0.032988631648630196,0.0031270547218202934,0.017079082478244134,190273.48167318347,197773.2404256468,171528.1571388786,151579.17969310802,96269.154955857,160230.31109312284,157839.45553959915,56900.19950611333,145898.80197947496,1159447.4465412602,124273.6770977058,935249.1967563672,169810.9088863259,115129.47658402202,160854.8334746746,92100.21297957588,119533.41252408513,133274.35925125662,102046.52175076486,10617.570101954772,53546.715774507014,821228.6023590119,47922.48169487439,826828.6045859025,8173.506990351345,21509.641873278233,5088.703203287263,0.0,0.0,10389.118229180374,32070.61572905424,192.39892131058983,19637.456191683286,90414.17368573918,17152.196004851798,4677.485976053727,0.0,0.0,0.0,0.0,0.0,0.0,0.2273221861093486,0.0,1.187308088235294e-06,0.0,0.0,0.0,0.0001503806960406302,3.885811561164839e-05,0.0,0.0,0.0,0.0,0.0,0.0,0.07464074696115063,0.0,0.0,0.0,0.0,0.0,4.306934465487878e-05,3.86651834425201e-05
2026-09-22 17:13:24,0.0,0.0,0.0,0.0,0.0,0.0,307490.43040636246,0.0,0.0,0.0,0.0,0.0,0.0,123.48636372348949,0.008300180736448282,0.02091217565399435,0.004386423838873508,0.004007790782572082,0.003482969985719801,0.003217162256466474,0.0033113511010237507,0.0002355737060614556,0.0015540017990183978,0.033214029717682024,0.003276285666072659,0.017507665860518055,190273.48167318347,214192.27959830142,179047.5277873402,148647.8985536459,96269.154955857,160230.31109312284,167034.1418682668,60606.885930818906,145898.80197947496,1248565.76872651,130204.33064514634,982621.8390717763,169810.9088863259,124674.95234743178,167906.31198215575,91713.29490125465,119533.41252408513,133274.35925125662,107991.07949915652,11309.945524067904,53546.715774507014,884988.0395070361,50209.46348139069,857682.6805840979,8173.506990351345,23298.620018192538,5311.779380072338,0.0,0.0,10389.118229180374,33938.83841765765,204.9453215770694,19637.456191683286,83803.13608950267,17970.742091667857,4726.823935115011,0.0,0.0,0.0,0.0,0.0,0.0,0.22773814433417822,0.0,1.1894882352941174e-06,0.0,0.0,0.0,0.00015059457601575456,3.8950683268668103e-05,0.0,0.0,0.0,0.0,0.0,0.0,0.07448612440147838,0.0,0.0,0.0,0.0,0.0,4.309680941144927e-05,3.894116627130346e-05
2026-09-22 17:13:39,0.0,0.0,0.0,0.0,0.0,0.0,307491.24318540824,0.0,0.0,0.0,0.0,0.0,0.0,123.54495682226803,0.008300180736448282,0.02091217565399435,0.004386423838873508,0.004007790782572082,0.003519696137119776,0.003217162256466474,0.0031479863414651628,0.00023853492089877804,0.0015540017990183978,0.033214029717682024,0.003276285666072659,0.017800285332982873,190273.48167318347,214192.27959830142,179047.5277873402,148647.8985536459,92021.1536433799,160230.31109312284,158343.25122165325,72470.51167331001,145898.80197947496,1248565.76872651,130204.33064514634,1025079.1081264076,169810.9088863259,124674.95234743178,167906.31198215575,91713.29490125465,113612.25807170603,133274.35925125662,118367.09638913226,10792.709884381002,53546.715774507014,884988.0395070361,50209.46348139069,878943.1928010589,8173.506990351345,23298.620018192538,5311.779380072338,0.0,0.0,10389.118229180374,32172.97947372048,195.5725952203269,19637.456191683286,83803.13608950267,17970.742091667857,4803.928342163722,0.0,0.0,0.0,0.0,0.0,0.0,0.2281541025590079,0.0,1.191668382352941e-06,0.0,0.0,0.0,0.00015080845599087895,3.9043250925687806e-05,0.0,0.0,0.0,0.0,0.0,0.0,0.07448628674109099,0.0,0.0,0.0,0.0,0.0,4.309680941144927e-05,3.901032064613347e-05
2026-09-22 17:13:54,0.0,0.0,0.0,0.0,0.0,0.0,308867.40055641875,0.0,0.0,0.0,0.0,0.0,0.0,123.66218367416731,0.008300180736448282,0.02091217565399435,0.004515149917131233,0.004007790782572082,0.003519696137119776,0.003217162256466474,0.0031479863414651628,0.00023853492089877804,0.0014705090054864492,0.033214029717682024,0.003276285666072659,0.017890007777074897,190273.48167318347,214192.27959830142,174092.66585141086,148647.8985536459,92021.1536433799,160230.31109312284,158343.25122165325,72470.51167331001,138060.00889833082,1248565.76872651,130204.33064514634,1022048.8897844292,169810.9088863259,124674.95234743178,162259.24433496498,91713.29490125465,113612.25807170603,133274.35925125662,118367.09638913226,10792.709884381002,50669.77902494929,884988.0395070361,50209.46348139069,876309.2530259823,8173.506990351345,23298.620018192538,4933.582348427245,0.0,0.0,10389.118229180374,32172.97947372048,195.5725952203269,18582.382718576268,83803.13608950267,17970.742091667857,4791.837917829106,0.0,0.0,0.0,0.0,0.0,0.0,0.22857006078383751,0.0,1.1938485294117644e-06,0.0,0.0,0.0,0.00015102233596600331,3.9135818582707515e-05,0.0,0.0,0.0,0.0,0.0,0.0,0.07443161569337005,0.0,0.0,0.0,0.0,0.0,4.3124064112520207e-05,3.886446744144371e-05
2026-09-22 17:14:09,0.0,0.0,0.0,0.0,0.0,0.0,308867.2768243655,0.0,0.0,0.0,0.0,0.0,0.0,123.72277716982424,0.008732010681661625,0.02091217565399435,0.004515149917131233,0.004007790782572082,0.003668575380052115,0.0033155244790879614,0.0031479863414651628,0.00023853492089877804,0.0014787751449355793,0.03237294024037486,0.0033244890857351164,0.017959270459806845,202305.54150921,214192.27959830142,174092.66585141086,148647.8985536459,93456.62482411214,204753.93693177623,158343.25122165325,72470.51167331001,140239.1273481656,1124586.7386694488,122335.61701635289,1023164.8476064926,156535.83656347354,124674.95234743178,162259.24433496498,91713.29490125465,114484.46026624722,165056.92868363622,118367.09638913226,10792.709884381002,63210.57606417498,799733.757003103,47275.83323981107,883594.2049703771,8690.69261621261,23298.620018192538,4933.582348427245,0.0,0.0,10058.302787920533,32172.97947372048,195.5725952203269,18671.1879859208,87669.14459626022,16862.082075132734,4728.4430678685485,0.0,0.0,0.0,0.0,0.0,0.0,0.2290422949677347,0.0,1.1872985401459853e-06,0.0,0.0,0.0,0.00015037974546296294,3.950542746853516e-05,0.0,0.0,0.0,0.0,0.0,0.0,0.07443178025839424,0.0,0.0,0.0,0.0,0.0,4.297191704154917e-05,3.893095704877092e-05
2026-09-22 17:14:24,0.0,0.0,0.0,0.0,0.0,0.0,310244.12673432566,0.0,0.0,0.0,0.0,0.0,0.0,125.84526280476233,0.008958217579818687,0.02091217565399435,0.004515149917131233,0.004007790782572082,0.003668575380052115,0.0033155244790879614,0.0031479863414651628,0.00023853492089877804,0.001549261824075438,0.03391722321054786,0.0033244890857351164,0.018127197513573348,199387.81938422457,214192.27959830142,174092.66585141086,148647.8985536459,93456.62482411214,204753.93693177623,158343.25122165325,72470.51167331001,146923.70708707825,1178232.781818896,122335.61701635289,1019221.6728222574,156499.3824727368,124674.95234743178,162259.24433496498,91713.29490125465,114484.46026624722,165056.92868363622,118367.09638913226,10792.709884381002,66223.54501252394,837883.3724671961,47275.83323981107,892985.4092537061,8144.282398283185,23298.620018192538,4933.582348427245,0.0,0.0,10058.302787920533,32172.97947372048,195.5725952203269,19561.161043170767,91851.21659850574,16862.082075132734,4762.756166778556,0.0,0.0,0.0,0.0,0.0,0.0,0.2294583586131796,0.0,1.189462773722628e-06,0.0,0.0,0.0,0.00015059204114197534,3.959875012740221e-05,0.0,0.0,0.0,0.0,0.0,0.0,0.074258756123309,0.0,0.0,0.0,0.0,0.0,4.2716275506845537e-05,3.940207129578531e-05
2026-09-22 17:14:39,0.0,0.0,0.0,0.0,0.0,0.0,310244.6221310036,0.0,0.0,0.0,0.0,0.0,0.0,125.90747202060048,0.008958217579818687,0.02091217565399435,0.004515149917131233,0.004140011519558619,0.003668575380052115,0.0033155244790879614,0.0031479863414651628,0.00024610349127181897,0.001549261824075438,0.03391722321054786,0.0033244890857351164,0.018333872559840276,199387.81938422457,214192.27959830142,174092.66585141086,131847.7750957753,93456.62482411214,204753.93693177623,158343.25122165325,78608.15653174756,146923.70708707825,1178232.781818896,122335.61701635289,1051861.0562864349,156499.3824727368,124674.95234743178,162259.24433496498,96983.52778904051,114484.46026624722,165056.92868363622,118367.09638913226,11699.489737195474,66223.54501252394,837883.3724671961,47275.83323981107,915270.8591168108,8144.282398283185,23298.620018192538,4933.582348427245,0.0,0.0,10058.302787920533,32172.97947372048,212.14655668521007,19561.161043170767,91851.21659850574,16862.082075132734,4712.706618004245,0.0,0.0,0.0,0.0,0.0,0.0,0.22987442225862442,0.0,1.19162700729927e-06,0.0,0.0,0.0,0.00015080433682098765,3.969207278626928e-05,0.0,0.0,0.0,0.0,0.0,0.0,0.07425906411153377,0.0,0.0,0.0,0.0,0.0,4.228144582578161e-05,3.940479434476835e-05
2026-09-22 17:14:54,0.0,0.0,0.0,0.0,0.0,0.0,311619.78489292855,0.0,0.0,0.0,0.0,0.0,0.0,121.41425502334381,0.008958217579818687,0.0233977099318733,0.004747964889780013,0.004140011519558619,0.003669647135370475,0.0033155244790879614,0.0031479863414651628,0.00023751611250294683,0.001549261824075438,0.03441126585299484,0.0034883223295002984,0.01855888596419574,199387.81938422457,243393.4232010768,187694.53655284052,131847.7750957753,88017.80978724988,204753.93693177623,158343.25122165325,72656.40785598659,146923.70708707825,1257335.3705952652,132566.01969847956,1047743.7572849994,156499.3824727368,129986.9983922743,174936.56908475998,96983.52778904051,107658.44039769193,165056.92868363622,118367.09638913226,10813.672976916789,66223.54501252394,893640.7872755086,51232.292910942015,927408.6463925161,8144.282398283185,22839.125268178323,5319.043441058445,0.0,0.0,10058.302787920533,32172.97947372048,196.08406338264157,19561.161043170767,84437.02262681736,18273.250173707514,4667.609633250453,0.0,0.0,0.0,0.0,0.0,0.0,0.23029048590406923,0.0,1.1937912408759124e-06,0.0,0.0,0.0,0.00015101663249999999,3.978539544513633e-05,0.0,0.0,0.0,0.0,0.0,0.0,0.0741054656335401,0.0,0.0,0.0,0.0,0.0,4.196692317966219e-05,3.9173219840411316e-05
2026-09-22 17:15:09,0.0,0.0,0.0,0.0,0.0,0.0,311621.8442530867,0.0,0.0,0.0,0.0,0.0,0.0,121.47765649159734,0.008958217579818687,0.0233977099318733,0.004785616712661285,0.004109443531337324,0.003669647135370475,0.0032957227044728937,0.0032925887327646805,0.00023751611250294683,0.001549261824075438,0.03441126585299484,0.0035569619971123523,0.01897561904947257,199387.81938422457,243393.4232010768,226122.90182334566,161016.01171983013,88017.80978724988,203829.19409079177,162125.2695408106,72656.40785598659,146923.70708707825,1257335.3705952652,125327.33462861626,1070920.828061272,156499.3824727368,129986.9983922743,196255.65314110028,122258.62972103577,107658.44039769193,156580.33011858937,115937.40811174446,10813.672976916789,66223.54501252394,893640.7872755086,48439.26489723891,944496.459983769,8144.282398283185,22839.125268178323,4924.747204471447,0.0,0.0,9973.61036192929,33933.46565319239,196.08406338264157,19561.161043170767,84437.02262681736,17274.444305805602,4764.9724815508225,0.0,0.0,0.0,0.0,0.0,0.0,0.23076170080386602,0.0,1.1872891304347824e-06,0.0,0.0,0.0,0.0001503788088643791,3.951290406081819e-05,0.0,0.0,0.0,0.0,0.0,0.0,0.07410553727559906,0.0,0.0,0.0,0.0,0.0,4.15308433322866e-05,3.924199328064457e-05
2026-09-22 17:15:24,0.0,0.0,0.0,0.0,0.0,0.0,312874.62632935244,0.0,0.0,0.0,0.0,0.0,0.0,114.60441575411153,0.009456365907984881,0.0233977099318733,0.004785616712661285,0.004109443531337324,0.003669647135370475,0.003339469034114128,0.0032591864305306206,0.00023751611250294683,0.001549261824075438,0.03441126585299484,0.0035569619971123523,0.019230098854190154,213034.0134017145,243393.4232010768,226122.90182334566,161016.01171983013,88017.80978724988,206534.75518156594,160480.55843580922,72656.40785598659,146923.70708707825,1257335.3705952652,125327.33462861626,1066638.656049407,167210.27215213567,129986.9983922743,196255.65314110028,122258.62972103577,107658.44039769193,158658.72546641537,114761.25868638627,10813.672976916789,66223.54501252394,893640.7872755086,48439.26489723891,937535.9408752404,8701.680829558642,22839.125268178323,4924.747204471447,0.0,0.0,10105.996756577735,33589.22105795401,196.08406338264157,19561.161043170767,84437.02262681736,17274.444305805602,4690.20889291145,0.0,0.0,0.0,0.0,0.0,0.0,0.23117786222523434,0.0,1.1894376811594203e-06,0.0,0.0,0.0,0.00015058954354575164,3.960515332982404e-05,0.0,0.0,0.0,0.0,0.0,0.0,0.07402349897848863,0.0,0.0,0.0,0.0,0.0,4.123202678483629e-05,3.896306192346693e-05
2026-09-22 17:15:39,0.0,0.0,0.0,0.0,0.0,0.0,312876.0397721647,0.0,0.0,0.0,0.0,0.0,0.0,114.66843211384791,0.009456365907984881,0.0233977099318733,0.004785616712661285,0.004108762581638891,0.0036142524958996023,0.0034997063712987656,0.0030873199267124336,0.00023751611250294683,0.001473102264556423,0.03441126585299484,0.0035569619971123523,0.01941691325834785,213034.0134017145,243393.4232010768,226122.90182334566,168680.98198378677,92551.5418937784,216444.88726193548,151680.66400300214,72656.40785598659,139701.1417073818,1257335.3705952652,125327.33462861626,1084029.8057211274,167210.27215213567,129986.9983922743,196255.65314110028,128083.3112352258,113246.29660294624,166271.62782608374,123846.56232754243,10813.672976916789,62968.087516854124,893640.7872755086,48439.26489723891,954074.3219739066,8701.680829558642,22839.125268178323,4924.747204471447,0.0,0.0,10590.911571875662,31747.368049270433,196.08406338264157,18599.56153456772,84437.02262681736,17274.444305805602,4673.594323642271,0.0,0.0,0.0,0.0,0.0,0.0,0.23159392132104709,0.0,1.191586231884058e-06,0.0,0.0,0.0,0.0001508002782271242,3.9697402598829894e-05,0.0,0.0,0.0,0.0,0.0,0.0,0.07402359534884764,0.0,0.0,0.0,0.0,0.0,4.079449038763913e-05,3.9031366574376485e-05
2026-09-22 17:15:54,0.0,0.0,0.0,0.0,0.0,0.0,314176.82741223555,0.0,0.0,0.0,0.0,0.0,0.0,114.457829370945,0.009456365907984881,0.0233977099318733,0.004785616712661285,0.0043566909731960445,0.00380795399226291,0.0034997063712987656,0.0030873199267124336,0.00023751611250294683,0.0014819850512222496,0.03481041501989383,0.0035569619971123523,0.019762371621145684,213034.0134017145,243393.4232010768,226122.90182334566,178859.4246945944,97511.72997579398,216444.88726193548,151680.66400300214,72656.40785598659,141109.83928869927,1348731.3006279115,125327.33462861626,1110813.0572019124,167210.27215213567,129986.9983922743,196255.65314110028,135812.03459387683,119315.59506354915,166271.62782608374,123846.56232754243,10813.672976916789,75224.5279531177,957680.7278586162,48439.26489723891,966751.8559854766,8701.680829558642,22839.125268178323,4924.747204471447,0.0,0.0,10590.911571875662,31747.368049270433,196.08406338264157,18787.113025035796,90748.30053040679,17274.444305805602,4708.86331872908,0.0,0.0,0.0,0.0,0.0,0.0,0.23201005540352654,0.0,1.1937347826086957e-06,0.0,0.0,0.0,0.00015101101290849672,3.978965186783573e-05,0.0,0.0,0.0,0.0,0.0,0.0,0.07411430764414086,0.0,0.0,0.0,0.0,0.0,4.0220200783950655e-05,3.893644536045607e-05
2026-09-22 17:16:09,0.0,0.0,0.0,0.0,0.0,0.0,314180.93136455765,0.0,0.0,0.0,0.0,0.0,0.0,114.52303800866369,0.008929517615263045,0.0233977099318733,0.005003015314246832,0.004336779784682848,0.0038355967443891806,0.0034997063712987656,0.0030873199267124336,0.00026927425865178457,0.0014819850512222496,0.03541810939472578,0.0035569619971123523,0.019930502516684642,201165.1192256122,243393.4232010768,244378.4929571475,210185.50248335337,125978.48467446122,216444.88726193548,151680.66400300214,72394.88638872842,141109.83928869927,1416241.2680600362,125327.33462861626,1113994.6486835573,157894.38407566855,129986.9983922743,212103.32982096364,161622.33367575082,140490.68517693202,166271.62782608374,123846.56232754243,10777.29081765139,75224.5279531177,1002547.5662785803,48439.26489723891,969547.1388530786,8216.878767807602,22839.125268178323,5322.421361507893,0.0,0.0,10590.911571875662,31747.368049270433,195.35874593930012,18787.113025035796,84042.97937999718,17274.444305805602,4770.840608260032,0.0,0.0,0.0,0.0,0.0,0.0,0.23249207994807142,0.0,1.1872798561151078e-06,0.0,0.0,0.0,0.00015037788593876727,3.952578497478477e-05,0.0,0.0,0.0,0.0,0.0,0.0,0.07411440283466975,0.0,0.0,0.0,0.0,0.0,3.9784147000330756e-05,3.893806719181261e-05
2026-09-22 17:16:24,0.0,0.0,0.0,0.0,0.0,0.0,315372.5179293713,0.0,0.0,0.0,0.0,0.0,0.0,117.03231703409486,0.009601108021314536,0.02479373406353937,0.004993338730463237,0.004336779784682848,0.0038355967443891806,0.0034997063712987656,0.0030873199267124336,0.00026927425865178457,0.0014819850512222496,0.03541810939472578,0.0037023269501895786,0.020025659786010154,238682.98349407033,257588.82011084745,232575.7579805828,210185.50248335337,125978.48467446122,216444.88726193548,151680.66400300214,72394.88638872842,141109.83928869927,1416241.2680600362,137477.3748091021,1118469.4103845966,185124.02409703654,137115.87403697803,201954.7727639094,161622.33367575082,140490.68517693202,166271.62782608374,123846.56232754243,10777.29081765139,75224.5279531177,1002547.5662785803,53134.37061863633,971936.5589567628,7849.36650728044,24279.553994481113,5015.946470446261,0.0,0.0,10590.911571875662,31747.368049270433,195.35874593930012,18787.113025035796,84042.97937999718,18950.244329769906,4762.633988613685,0.0,0.0,0.0,0.0,0.0,0.0,0.23290835689501896,0.0,1.1894129496402877e-06,0.0,0.0,0.0,0.0001505870824107867,3.961702001873821e-05,0.0,0.0,0.0,0.0,0.0,0.0,0.07474949725847241,0.0,0.0,0.0,0.0,0.0,3.958510471636868e-05,3.939954747486127e-05
2026-09-22 17:16:39,0.0,0.0,0.0,0.0,0.0,0.0,315372.220197444,0.0,0.0,0.0,0.0,0.0,0.0,117.05282216914149,0.009857414726580424,0.024532857203885098,0.004993338730463237,0.004336779784682848,0.0038355967443891806,0.003546402986132519,0.0030873199267124336,0.00026927425865178457,0.0014819850512222496,0.03541810939472578,0.003687504263540011,0.020399621823528197,250903.85878232305,254878.4997411784,232575.7579805828,210185.50248335337,125978.48467446122,245344.52819908914,151680.66400300214,72394.88638872842,141109.83928869927,1416241.2680600362,126878.96599454628,1174307.8275759756,194578.13165786074,135673.15635129792,201954.7727639094,161622.33367575082,140490.68517693202,185755.56035671677,123846.56232754243,10777.29081765139,75224.5279531177,1002547.5662785803,49038.13454559236,995660.2334005352,8254.85186729482,24024.087279235464,5015.946470446261,0.0,0.0,9828.891737324862,31747.368049270433,195.35874593930012,18787.113025035796,84042.97937999718,17489.331675440386,4696.689854220355,0.0,0.0,0.0,0.0,0.0,0.0,0.23332463384196647,0.0,1.1915460431654677e-06,0.0,0.0,0.0,0.00015079627888280617,3.9708255062691644e-05,0.0,0.0,0.0,0.0,0.0,0.0,0.07474964665617805,0.0,0.0,0.0,0.0,0.0,3.914642439188498e-05,3.940188880920158e-05
2026-09-22 17:16:54,0.0,0.0,0.0,0.0,0.0,0.0,314702.9226002216,0.0,0.0,0.0,0.0,0.0,0.0,110.58754257729282,0.010384701173904545,0.025972587675314802,0.004993338730463237,0.004336779784682848,0.0038355967443891806,0.003546402986132519,0.0032990927656344248,0.00026927425865178457,0.001618935137709295,0.03541810939472578,0.003687504263540011,0.020539407504115696,264325.04557286185,250630.83248570978,232575.7579805828,210185.50248335337,125978.48467446122,245344.52819908914,162184.35674543714,72394.88638872844,155377.525352125,1416241.2680600362,126878.96599454628,1173029.7660684772,204986.3791157041,137837.97257997506,201954.7727639094,161622.33367575082,140490.68517693202,185755.56035671677,132422.06933275927,10777.290817651392,82830.51740441764,1002547.5662785803,49038.13454559236,994794.261089931,8696.415059574418,22818.96193573342,5015.946470446261,0.0,0.0,9828.891737324862,33946.6422698137,195.35874593930015,20686.687371023832,84042.97937999718,17489.331675440386,4676.689315118489,0.0,0.0,0.0,0.0,0.0,0.0,0.23374091078891404,0.0,1.1936791366906474e-06,0.0,0.0,0.0,0.00015100547535482566,3.979949010664508e-05,0.0,0.0,0.0,0.0,0.0,0.0,0.07472378622971854,0.0,0.0,0.0,0.0,0.0,3.8981846719582786e-05,3.9346291999296534e-05
2026-09-22 17:17:09,0.0,0.0,0.0,0.0,0.0,0.0,314703.36111054686,0.0,0.0,0.0,0.0,0.0,0.0,110.60804769480933,0.010384701173904545,0.025972587675314802,0.004993338730463237,0.004336779784682848,0.0038355967443891806,0.0036702696289347436,0.0032990927656344248,0.00026927425865178457,0.001618935137709295,0.03558155418457087,0.003687504263540011,0.0206284017118623,264325.04557286185,250630.83248570978,232575.7579805828,210185.50248335337,125978.48467446122,265189.1520566108,162184.35674543714,72394.88638872844,155377.525352125,1353540.9324266748,126878.96599454628,1187346.4863988732,204986.3791157041,137837.97257997506,201954.7727639094,161622.33367575082,140490.68517693202,200756.35708244538,132422.06933275927,10777.290817651392,82830.51740441764,961096.9779532162,49038.13454559236,1005144.9018363768,8696.415059574418,22818.96193573342,5015.946470446261,0.0,0.0,10627.232134613181,33946.6422698137,195.35874593930015,20686.687371023832,45159.63904338472,17489.331675440386,4690.225645648559,0.0,0.0,0.0,0.0,0.0,0.0,0.23421172575227367,0.0,1.1872707142857143e-06,0.0,0.0,0.0,0.00015037697638888887,4.016100289802027e-05,0.0,0.0,0.0,0.0,0.0,0.0,0.07472401852895805,0.0,0.0,0.0,0.0,0.0,3.854005990731849e-05,3.934910307346653e-05
2026-09-22 17:17:24,0.0,0.0,0.0,0.0,0.0,0.0,313860.4398461322,0.0,0.0,0.0,0.0,0.0,0.0,111.95874083117043,0.010384701173904545,0.025972587675314802,0.004993338730463237,0.004336779784682848,0.003801440819614343,0.0036702696289347436,0.003126004145407933,0.00026603365912319487,0.0014825539966352918,0.03558155418457087,0.003687504263540011,0.020684813647013203,264325.04557286185,250630.83248570978,232575.7579805828,210185.50248335337,131744.25723689861,265189.1520566108,153675.26999776866,76266.34687567364,141793.56190716568,1353540.9324266748,126878.96599454628,1198260.9289274989,204986.3791157041,137837.97257997506,201954.7727639094,161622.33367575082,146922.55505823082,200756.35708244538,125474.4764953883,11353.627871802097,75589.01501854321,961096.9779532162,49038.13454559236,1013796.4708934702,8696.415059574418,22818.96193573342,5015.946470446261,0.0,0.0,10627.232134613181,32165.614002585084,205.8059432955063,18878.142638389843,45159.63904338472,17489.331675440386,4712.881795690934,0.0,0.0,0.0,0.0,0.0,0.0,0.2346281082064682,0.0,1.1893885714285715e-06,0.0,0.0,0.0,0.00015058465694444445,4.025295692100878e-05,0.0,0.0,0.0,0.0,0.0,0.0,0.07480887569180435,0.0,0.0,0.0,0.0,0.0,3.8047087557422565e-05,3.923409901329003e-05
2026-09-22 17:17:39,0.0,0.0,0.0,0.0,0.0,0.0,313855.4372205793,0.0,0.0,0.0,0.0,0.0,0.0,111.98432378920155,0.01048767515307992,0.025972587675314802,0.005241009211359848,0.004492776491353948,0.0038225897711368193,0.0036702696289347436,0.0030019178009375955,0.00027876638134693375,0.0014825539966352918,0.03558155418457087,0.003687504263540011,0.020786282865441354,247664.34980500402,250630.83248570978,249891.8483388739,203875.22644189003,132477.20378055953,265189.1520566108,147273.5041855712,79916.55494704246,141793.56190716568,1353540.9324266748,126878.96599454628,1211729.7211159542,192154.54840439162,137837.97257997506,216987.10256513307,177105.57207646596,147739.94460654428,200756.35708244538,120247.4922581508,11897.027494240141,75589.01501854321,961096.9779532162,49038.13454559236,1019031.8822300845,8132.123212609884,22818.96193573342,5389.401481702637,0.0,0.0,10627.232134613181,30825.66693072974,215.65608750888475,18878.142638389843,45159.63904338472,17489.331675440386,4728.541075223136,0.0,0.0,0.0,0.0,0.0,0.0,0.2350444906606627,0.0,1.1915064285714283e-06,0.0,0.0,0.0,0.00015079233750000002,4.034491094399729e-05,0.0,0.0,0.0,0.0,0.0,0.0,0.07480896881539986,0.0,0.0,0.0,0.0,0.0,3.7605894273214836e-05,3.923649320376036e-05
2026-09-22 17:17:54,0.0,0.0,0.0,0.0,0.0,0.0,313012.5426956193,0.0,0.0,0.0,0.0,0.0,0.0,108.87457881076423,0.01048767515307992,0.025972587675314802,0.005243211316851033,0.004481654345251325,0.003996489302903887,0.0036905043807719637,0.0030019178009375955,0.00026387856269006533,0.0014825539966352918,0.03602570730150489,0.003687504263540011,0.021227309590088488,247664.34980500402,250630.83248570978,280735.2781013575,189568.59783989214,160727.66948154266,289757.6337373259,147273.5041855712,75648.52530880389,141793.56190716568,1247447.4999386254,126878.96599454628,1201311.9565665694,192154.54840439162,137837.97257997506,232039.8000130411,166781.90693203456,169493.2990304847,216752.14087357113,120247.4922581508,11261.653935082044,75589.01501854321,888564.6487779388,49038.13454559236,1027655.4787199232,8132.123212609884,22818.96193573342,4962.6654588967585,0.0,0.0,9910.88627214604,30825.66693072974,204.13874202565637,18878.142638389843,41447.26846769753,17489.331675440386,4764.880431215434,0.0,0.0,0.0,0.0,0.0,0.0,0.2354608731148572,0.0,1.1936242857142857e-06,0.0,0.0,0.0,0.00015100001805555554,4.043686496698579e-05,0.0,0.0,0.0,0.0,0.0,0.0,0.07497932035848466,0.0,0.0,0.0,0.0,0.0,3.739799182051376e-05,3.943224416767502e-05
2026-09-22 17:18:09,0.0,0.0,0.0,0.0,0.0,0.0,313010.72717758856,0.0,0.0,0.0,0.0,0.0,0.0,108.88703850303405,0.01048767515307992,0.027218060586282865,0.005243211316851033,0.004481654345251325,0.003996489302903887,0.0036905043807719637,0.00328195081636199,0.00026641820491385675,0.0014825539966352918,0.03602570730150489,0.0038650736300383215,0.021269087532636326,247664.34980500402,282362.68769400835,280735.2781013575,189568.59783989214,160727.66948154266,289757.6337373259,161326.51004662912,86982.92163832925,141793.56190716568,1247447.4999386254,127266.12694113918,1207330.7567565965,192154.54840439162,152225.2779851387,232039.8000130411,166781.90693203456,169493.2990304847,216752.14087357113,131721.64521476164,10771.173611031418,75589.01501854321,888564.6487779388,71845.80368204213,1032810.9536911793,8132.123212609884,22148.324524972406,4962.6654588967585,0.0,0.0,9910.88627214604,33767.087252356105,195.2478600186964,18878.142638389843,41447.26846769753,17450.690022760667,4608.739718589413,0.0,0.0,0.0,0.0,0.0,0.0,0.23591578779928654,0.0,1.1872617021276595e-06,0.0,0.0,0.0,0.00015037607992605918,4.056264376677842e-05,0.0,0.0,0.0,0.0,0.0,0.0,0.07497936487602228,0.0,0.0,0.0,0.0,0.0,3.6954029021161964e-05,3.9434651097922284e-05
2026-09-22 17:18:24,0.0,0.0,0.0,0.0,0.0,0.0,312104.75313261716,0.0,0.0,0.0,0.0,0.0,0.0,108.36451203488001,0.01048767515307992,0.028597698981034658,0.005243211316851033,0.004481654345251325,0.003996489302903887,0.0036905043807719637,0.00328195081636199,0.00026641820491385675,0.0014825539966352918,0.03602570730150489,0.0038650736300383215,0.021510163754635284,247664.34980500402,296675.1844993204,280735.2781013575,189568.59783989214,160727.66948154266,289757.6337373259,161326.51004662912,86982.92163832925,141793.56190716568,1247447.4999386254,127266.12694113918,1234588.5405920246,192154.54840439162,159941.32511106448,232039.8000130411,166781.90693203456,169493.2990304847,216752.14087357113,131721.64521476164,10771.173611031418,75589.01501854321,888564.6487779388,71845.80368204213,1053023.533942674,8132.123212609884,23270.98639859151,4962.6654588967585,0.0,0.0,9910.88627214604,33767.087252356105,195.2478600186964,18878.142638389843,41447.26846769753,17450.690022760667,4260.36934487897,0.0,0.0,0.0,0.0,0.0,0.0,0.23633223962883096,0.0,1.1893645390070922e-06,0.0,0.0,0.0,0.0001505822663768985,4.0654593196977854e-05,0.0,0.0,0.0,0.0,0.0,0.0,0.07516448237512181,0.0,0.0,0.0,0.0,0.0,3.636513552658154e-05,3.9840229928958006e-05
2026-09-22 17:18:39,0.0,0.0,0.0,0.0,0.0,0.0,312100.54074314114,0.0,0.0,0.0,0.0,0.0,0.0,108.37931992562356,0.011170182928215738,0.028597698981034658,0.005243211316851033,0.004481654345251325,0.003996489302903887,0.003843019073180399,0.00328195081636199,0.00026641820491385675,0.001615414581746982,0.03602570730150488,0.0038650736300383215,0.021909123114995346,268272.5240076703,296675.1844993204,280735.2781013575,189568.59783989214,160727.66948154266,314164.97272374557,161326.51004662912,86982.92163832925,154958.15138847881,1247447.499938625,127266.12694113918,1244101.5780844917,208142.00717008873,159941.32511106448,232039.8000130411,166781.90693203456,169493.2990304847,234521.30854624652,131721.64521476164,10771.173611031418,82606.95249491073,888564.6487779387,71845.80368204213,1038315.1581483263,8809.052805505657,23270.98639859151,4962.6654588967585,0.0,0.0,10812.575917420634,33767.087252356105,195.2478600186964,20630.852667402218,41447.268467697526,17450.690022760667,4336.720016001766,0.0,0.0,0.0,0.0,0.0,0.0,0.2367486914583754,0.0,1.1914673758865247e-06,0.0,0.0,0.0,0.0001507884528277378,4.0746542627177274e-05,0.0,0.0,0.0,0.0,0.0,0.0,0.07516448706779141,0.0,0.0,0.0,0.0,0.0,3.592293509533793e-05,3.984308185112837e-05
2026-09-22 17:18:54,0.0,0.0,0.0,0.0,0.0,0.0,311167.1356038105,0.0,0.0,0.0,0.0,0.0,0.0,107.85184836402281,0.011170182928215738,0.028597698981034658,0.005430424095367726,0.004481654345251325,0.003996489302903887,0.003843019073180399,0.00328195081636199,0.00026641820491385675,0.001615414581746982,0.03678373597989686,0.0038650736300383215,0.022045923368193637,268272.5240076703,296675.1844993204,296418.47028690146,189568.59783989214,160727.66948154266,314164.97272374557,161326.51004662912,86982.92163832925,154958.15138847881,1075135.894090762,127266.12694113918,1274111.103773308,208142.00717008873,159941.32511106448,245002.6339073471,166781.90693203456,169493.2990304847,234521.30854624652,131721.64521476164,10771.173611031418,82606.95249491073,770120.8745217187,71845.80368204213,1063888.1564185654,8809.052805505657,23270.98639859151,5239.903277637652,0.0,0.0,10812.575917420634,33767.087252356105,195.2478600186964,20630.852667402218,41390.00271427446,17450.690022760667,4369.9534329805665,0.0,0.0,0.0,0.0,0.0,0.0,0.23716514328791982,0.0,1.1935702127659573e-06,0.0,0.0,0.0,0.00015099463927857715,4.0838492057376714e-05,0.0,0.0,0.0,0.0,0.0,0.0,0.07571224735497492,0.0,0.0,0.0,0.0,0.0,3.564359457137565e-05,4.021110737935171e-05
2026-09-22 17:19:09,0.0,0.0,0.0,0.0,0.0,0.0,311164.6485169258,0.0,0.0,0.0,0.0,0.0,0.0,107.88073967132561,0.010637877169257392,0.028597698981034658,0.005397979263811925,0.004438723316072651,0.00408894614214871,0.003843019073180399,0.003020772878079928,0.0002697143940779258,0.0015333551923910121,0.03678373597989686,0.0038650736300383215,0.02181646929601907,255488.22043652146,296675.1844993204,281885.7080844951,216346.76364322536,169504.22434075113,314164.97272374557,148223.16390762047,79712.04684405407,147086.62947556088,1075135.894090762,127266.12694113918,1268518.3605021238,198223.1732700708,159941.32511106448,233942.84198432128,188815.61059767113,178802.46612216442,234521.30854624652,121022.88088427536,11805.8162249397,78410.70705124311,770120.8745217187,71845.80368204213,1059994.8384784886,8389.264734936623,23270.98639859151,4850.731485484841,0.0,0.0,10812.575917420634,31024.43923842559,214.00271102609724,19582.8522401997,41390.00271427446,17450.690022760667,4281.2514009483375,0.0,0.0,0.0,0.0,0.0,0.0,0.23762887412019446,0.0,1.1872528169014084e-06,0.0,0.0,0.0,0.0001503751962698413,4.1151513047435196e-05,0.0,0.0,0.0,0.0,0.0,0.0,0.07571219962031761,0.0,0.0,0.0,0.0,0.0,3.519936437078524e-05,4.021353977430753e-05
2026-09-22 17:19:24,0.0,0.0,0.0,0.0,0.0,0.0,310639.3781627254,0.0,0.0,0.0,0.0,0.0,0.0,109.37318714429126,0.011129664014413803,0.028597698981034658,0.005397979263811925,0.004515217831164251,0.003892808908188708,0.003843019073180399,0.003020772878079928,0.0002689706524135393,0.0014587703297048247,0.03678373597989686,0.0038650736300383215,0.021532898497142915,251622.40041971233,296675.1844993204,281885.7080844951,224093.19520803486,161373.5010318694,314164.97272374557,148223.16390762047,74140.68305236494,139118.65258047302,1075135.894090762,127266.12694113918,1240598.6072409488,196870.7063402966,159941.32511106448,233942.84198432128,194167.60159121812,170225.72778635466,234521.30854624652,121022.88088427536,10979.573215996976,74163.04222719044,770120.8745217187,71845.80368204213,1039304.6219978251,8023.13250017905,23270.98639859151,4850.731485484841,0.0,0.0,10812.575917420634,31024.43923842559,199.02549636248295,18522.009968225844,41390.00271427446,17450.690022760667,3096.21502136477,0.0,0.0,0.0,0.0,0.0,0.0,0.23804521665975087,0.0,1.1893408450704226e-06,0.0,0.0,0.0,0.00015057990996031746,4.124421946074735e-05,0.0,0.0,0.0,0.0,0.0,0.0,0.07578913751713355,0.0,0.0,0.0,0.0,0.0,3.463063435118346e-05,4.0406970175081174e-05
2026-09-22 17:19:39,0.0,0.0,0.0,0.0,0.0,0.0,310638.30167086615,0.0,0.0,0.0,0.0,0.0,0.0,111.23752032969564,0.011129664014413803,0.028597698981034658,0.005397979263811925,0.004515217831164251,0.004086649681881676,0.0038111977975485,0.003020772878079928,0.0002689706524135393,0.0014587703297048247,0.03678373597989686,0.0037344663912945238,0.021910449386392184,251622.40041971233,296675.1844993204,281885.7080844951,224093.19520803486,158727.4089225544,288181.27658771054,148223.16390762047,74140.68305236494,139118.65258047302,1075135.894090762,129191.1829695802,1244774.5330586375,196870.7063402966,159941.32511106448,233942.84198432128,194167.60159121812,167172.95989899192,215224.6588062445,121022.88088427536,10979.573215996976,74163.04222719044,770120.8745217187,72520.98019185395,1046711.9361974747,8023.13250017905,23270.98639859151,4850.731485484841,0.0,0.0,9877.528112065509,31024.43923842559,199.02549636248295,18522.009968225844,41390.00271427446,11755.271103417721,1529.7646797182977,0.0,0.0,0.0,0.0,0.0,0.0,0.238461590695256,0.0,1.1914288732394367e-06,0.0,0.0,0.0,0.00015078462365079363,4.1336925874059494e-05,0.0,0.0,0.0,0.0,0.0,0.0,0.07578911330334431,0.0,0.0,0.0,0.0,0.0,3.418799544182404e-05,4.041124240576863e-05
2026-09-22 17:19:54,0.0,0.0,0.0,0.0,0.0,0.0,310410.6668636831,0.0,0.0,0.0,0.0,0.0,0.0,112.27105001667051,0.010568079052792154,0.02739425073411967,0.005429223571312042,0.004515217831164251,0.004086649681881676,0.0038111977975485,0.003246826569431512,0.0002689706524135393,0.0014587703297048247,0.037019766513471046,0.0036854453228287107,0.02212590632474362,237159.4150886285,285131.7239155928,296124.31412562483,224093.19520803486,158727.4089225544,288181.27658771054,127342.25027273048,74140.68305236494,139118.65258047302,1154718.005728461,127495.33430956968,1228416.5300262657,185279.86905946946,160414.17684416988,244805.814942729,194167.60159121812,167172.95989899192,215224.6588062445,110058.53809027333,10979.573215996976,74163.04222719044,826796.7573530598,71569.02198345233,1032120.1874171876,4168.991089327593,10968.794911226934,5191.123105751621,0.0,0.0,9877.528112065509,22018.558682121704,199.02549636248295,18522.009968225844,44878.26403135939,11600.963663153121,1530.0075876967903,0.0,0.0,0.0,0.0,0.0,0.0,0.23887803865356205,0.0,1.1935169014084508e-06,0.0,0.0,0.0,0.00015098933734126985,4.1429632287371636e-05,0.0,0.0,0.0,0.0,0.0,0.0,0.07662408042531205,0.0,0.0,0.0,0.0,0.0,3.424580714402702e-05,4.058873755054202e-05
2026-09-22 17:20:09,0.0,0.0,0.0,0.0,0.0,0.0,310410.9970771647,0.0,0.0,0.0,0.0,0.0,0.0,112.30525021671669,0.010708831143388171,0.029016469881192445,0.005429223571312042,0.004515217831164251,0.004086649681881676,0.003810530682606143,0.003246826569431512,0.0002689706524135393,0.0014587703297048247,0.037019766513471046,0.003911419767820333,0.022168129673011024,240318.04811091215,302016.5128613857,296124.31412562483,224093.19520803486,158727.4089225544,301524.9778763303,127342.25027273048,74140.68305236494,139118.65258047302,1154718.005728461,121928.10328740372,1253959.5158927017,187747.53880202182,169913.50397175644,244805.814942729,194167.60159121812,167172.95989899192,223206.40992466442,110058.53809027333,10979.573215996976,74163.04222719044,826796.7573530598,68461.90474123902,1030284.6016160807,4224.516242817431,11618.339565614742,5191.123105751621,0.0,0.0,5273.037853806054,22018.558682121704,199.02549636248295,18522.009968225844,44878.26403135939,16609.753281978956,144.05483693286348,0.0,0.0,0.0,0.0,0.0,0.0,0.23934734759302811,0.0,1.187244055944056e-06,0.0,0.0,0.0,0.00015037432514775412,4.1218609327694736e-05,0.0,0.0,0.0,0.0,0.0,0.0,0.07662395977001628,0.0,0.0,0.0,0.0,0.0,3.3796603780641816e-05,4.0591195413535896e-05
2026-09-22 17:20:24,0.0,0.0,0.0,0.0,0.0,0.0,310569.64997546945,0.0,0.0,0.0,0.0,0.0,0.0,112.2481823368643,0.011260167247681545,0.029016469881192445,0.005392985127043646,0.004535648511432844,0.004110305706273158,0.003810530682606143,0.003246826569431512,0.0002689706524135393,0.0015315994430826405,0.035340211841968845,0.003911419767820333,0.022164271656520514,252690.64178269336,302016.5128613857,328027.9489925657,211079.78302371973,162283.26735952456,301524.9778763303,127342.25027273048,74140.68305236494,118458.26711038344,1102329.4521679406,121928.10328740372,1254623.5353968076,197413.57940419213,169913.50397175644,259180.59395966426,183088.63116513938,171425.82426603942,223206.40992466442,110058.53809027333,10979.573215996976,60377.62090944752,789285.7061774699,68461.90474123902,1031443.9157401427,4442.0122791871045,11618.339565614742,7356.615446018758,0.0,0.0,5273.037853806054,22018.558682121704,199.02549636248295,9602.787533449111,42842.17614908302,16609.753281978956,144.05483693286348,0.0,0.0,0.0,0.0,0.0,0.0,0.23976388582546249,0.0,1.1893174825174824e-06,0.0,0.0,0.0,0.0001505775869680851,4.1310510340407516e-05,0.0,0.0,0.0,0.0,0.0,0.0,0.07682249769530548,0.0,0.0,0.0,0.0,0.0,3.319197188333981e-05,4.1093099284342576e-05
2026-09-22 17:20:39,0.0,0.0,0.0,0.0,0.0,0.0,310568.63857238705,0.0,0.0,0.0,0.0,0.0,0.0,112.24888800740673,0.011260167247681545,0.029016469881192445,0.005392985127043646,0.004535648511432844,0.0041313655757874235,0.003810530682606143,0.00584244112061792,0.0002689706524135393,0.0015315994430826405,0.03798513416449063,0.003911419767820333,0.02196785547991418,252690.64178269336,302016.5128613857,328027.9489925657,211079.78302371973,153834.87382713574,301524.9778763303,119953.09962233555,74140.68305236494,118458.26711038344,1214630.8297563023,121928.10328740372,1251505.4223342608,197413.57940419213,169913.50397175644,259180.59395966426,183088.63116513938,162106.93138063376,223206.40992466442,104095.92421106536,10979.573215996976,60377.62090944752,868045.9972853608,68461.90474123902,1031544.4618737759,4442.0122791871045,11618.339565614742,7356.615446018758,0.0,0.0,5273.037853806054,30256.58138989054,199.02549636248295,9602.787533449111,81174.8186221484,16609.753281978956,144.05483693286348,0.0,0.0,0.0,0.0,0.0,0.0,0.24018042405789677,0.0,1.191390909090909e-06,0.0,0.0,0.0,0.00015078084878841606,4.140241135312029e-05,0.0,0.0,0.0,0.0,0.0,0.0,0.07682250540456342,0.0,0.0,0.0,0.0,0.0,3.274486217173013e-05,4.109363769158187e-05
2026-09-22 17:20:54,0.0,0.0,0.0,0.0,0.0,0.0,310756.1049526571,0.0,0.0,0.0,0.0,0.0,0.0,111.80798232753058,0.010702487915838645,0.029016469881192445,0.005392985127043646,0.004545976325056639,0.0041313655757874235,0.003810530682606143,0.00584244112061792,0.00027345948654568464,0.0024707780358749413,0.03798513416449063,0.0038686280987068745,0.022161611874960824,240175.6990493746,302016.5128613857,328027.9489925657,227946.0182879872,153834.87382713574,301524.9778763303,119953.09962233555,73345.54140409341,111797.03736083508,1214630.8297563023,99198.49417433697,1272003.1714171085,187636.32915229083,169913.50397175644,259180.59395966426,197363.5989801793,162106.93138063376,223206.40992466442,104095.92421106536,5497.47062041954,58533.91549209867,868045.9972853608,74164.6846236377,1060541.202503247,4222.013909233489,11618.339565614742,7356.615446018758,0.0,0.0,5273.037853806054,30256.58138989054,195.82019360333453,17491.817416306207,81174.8186221484,11973.361944020931,137.37112119569153,0.0,0.0,0.0,0.0,0.0,0.0,0.24059696229033112,0.0,1.1934643356643356e-06,0.0,0.0,0.0,0.00015098411060874705,4.149431236583307e-05,0.0,0.0,0.0,0.0,0.0,0.0,0.07749200269913972,0.0,0.0,0.0,0.0,0.0,3.2399635258735466e-05,4.1262679260641867e-05
2026-09-22 17:21:09,0.0,0.0,0.0,0.0,0.0,0.0,310756.5398908167,0.0,0.0,0.0,0.0,0.0,0.0,111.84860712182055,0.01128966419356265,0.029483269948069657,0.005433179443848401,0.004545976325056639,0.0041313655757874235,0.0037874606872650616,0.006233152056104559,0.0002734594865456846,0.0024707780358749413,0.03798513416449063,0.0038686280987068745,0.022943753795895326,234331.85709914347,331548.45772201463,347828.28861180757,227946.0182879872,153834.87382713574,279795.7170438188,96696.86233435037,73345.5414040934,111797.03736083508,1214630.8297563023,99198.49417433697,1297666.803514416,184513.524923046,185318.41580674914,274624.8487510029,197363.5989801793,162106.93138063376,208172.79183523104,111085.74343093947,5497.470620419538,58533.91549209867,868045.9972853608,74164.6846236377,1059600.6872479937,7963.973991232747,21691.58620497462,5210.384807096149,0.0,0.0,9692.9342820693,21447.155152784733,195.82019360333447,17491.817416306207,81174.8186221484,11973.361944020931,1694.529700033469,0.0,0.0,0.0,0.0,0.0,0.0,0.24111304431427133,0.0,1.1872354166666664e-06,0.0,0.0,0.0,0.00015037346629499218,4.1536312260748525e-05,0.0,0.0,0.0,0.0,0.0,0.0,0.07749208629400613,0.0,0.0,0.0,0.0,0.0,3.1951115142972826e-05,4.1264223781169597e-05
2026-09-22 17:21:24,0.0,0.0,0.0,0.0,0.0,0.0,310795.62229075236,0.0,0.0,0.0,0.0,0.0,0.0,111.29972478824209,0.01128966419356265,0.029483269948069657,0.005522745483908359,0.004545976325056639,0.0041313655757874235,0.0037874606872650616,0.006233152056104559,0.0002734594865456846,0.0026931230251114858,0.03846680532846699,0.0038686280987068745,0.022777153937748755,234331.85709914347,331548.45772201463,330011.9487849454,227946.0182879872,153834.87382713574,279795.7170438188,96696.86233435037,73345.5414040934,94662.93874550257,1139298.911580433,99198.49417433697,1298623.6942160574,184513.524923046,185318.41580674914,261371.46253650656,197363.5989801793,162106.93138063376,208172.79183523104,111085.74343093947,5497.470620419538,46603.35141597883,950139.249318262,74164.6846236377,1059662.7364666113,7963.973991232747,21691.58620497462,7335.978741446945,0.0,0.0,9692.9342820693,21447.155152784733,195.82019360333447,9608.115283362855,44376.612250411126,11973.361944020931,1809.2875878946916,0.0,0.0,0.0,0.0,0.0,0.0,0.24152978284663487,0.0,1.1892944444444445e-06,0.0,0.0,0.0,0.0001505752966940532,4.162823416731418e-05,0.0,0.0,0.0,0.0,0.0,0.0,0.07765784357595824,0.0,0.0,0.0,0.0,0.0,3.130187568206857e-05,4.143658860432078e-05
2026-09-22 17:21:39,0.0,0.0,0.0,0.0,0.0,0.0,310793.1876310294,0.0,0.0,0.0,0.0,0.0,0.0,111.33011664210264,0.01128966419356265,0.029483269948069657,0.005522745483908359,0.004545976325056639,0.003933355230578428,0.003795338654597592,0.006233152056104559,0.0002734594865456846,0.0026931230251114858,0.03846680532846699,0.0036775936312643544,0.022726445661802812,234331.85709914347,331548.45772201463,330011.9487849454,227946.0182879872,158203.38895157145,261439.98000095147,96696.86233435037,73345.5414040934,94662.93874550257,1139298.911580433,94300.0311993023,1269726.6845563906,184513.524923046,185318.41580674914,261371.46253650656,197363.5989801793,167712.8822765293,193259.3430722979,111085.74343093947,5497.470620419538,46603.35141597883,950139.249318262,70502.40159497055,1021026.2762714109,7963.973991232747,21691.58620497462,7335.978741446945,0.0,0.0,5318.433544672782,21447.155152784733,195.82019360333447,9608.115283362855,44376.612250411126,11382.112342324368,1727.394917958373,0.0,0.0,0.0,0.0,0.0,0.0,0.24194657719648704,0.0,1.1913534722222224e-06,0.0,0.0,0.0,0.00015077712709311427,4.172015607387984e-05,0.0,0.0,0.0,0.0,0.0,0.0,0.07765786535592094,0.0,0.0,0.0,0.0,0.0,3.0856213267244655e-05,4.143713860422454e-05
2026-09-22 17:21:54,0.0,0.0,0.0,0.0,0.0,0.0,310669.39461923664,0.0,0.0,0.0,0.0,0.0,0.0,113.17094546281463,0.010623698265648511,0.027757545740063734,0.005522745483908359,0.004501448552309362,0.004118978423431196,0.003795338654597592,0.006233152056104559,0.0002734594865456846,0.0026931230251114858,0.03846680532846699,0.0038562516678484586,0.023827044628927426,188901.86184061947,345770.45622066455,330011.9487849454,249380.17367807,165669.33506013092,261439.98000095147,96696.86233435037,73345.5414040934,94662.93874550257,1139298.911580433,118915.93874347367,1290603.5789058332,149684.24118887,192092.19796937102,261371.46253650656,214883.84180440448,175627.6011019967,193259.3430722979,111085.74343093947,5497.470620419538,46603.35141597883,950139.249318262,88328.13599985767,1036423.4064414075,4145.193575381617,11309.687835779156,7335.978741446945,0.0,0.0,5318.433544672782,21447.155152784733,195.82019360333447,9608.115283362855,44376.612250411126,16111.079766149642,1727.394917958373,0.0,0.0,0.0,0.0,0.0,0.0,0.24236337154633933,0.0,1.1934125000000001e-06,0.0,0.0,0.0,0.0001509789574921753,4.181207798044549e-05,0.0,0.0,0.0,0.0,0.0,0.0,0.07816227947516151,0.0,0.0,0.0,0.0,0.0,3.0407073286325927e-05,4.1863081996622486e-05
2026-09-22 17:22:09,0.0,0.0,0.0,0.0,0.0,0.0,310671.7337586679,0.0,0.0,0.0,0.0,0.0,0.0,113.21157008345487,0.01076466100378894,0.02890437170428823,0.005522745483908359,0.004501448552309362,0.0040927875466240365,0.003795338654597592,0.005773071827853987,0.00028234276314915784,0.0026931230251114858,0.03846680532846699,0.0038562516678484586,0.023809560084529592,191408.34527219247,342794.92093004746,330011.9487849454,249380.17367807,189514.62140483735,261439.98000095147,120844.53278038111,63325.98603266634,94662.93874550257,1139298.911580433,118915.93874347367,1285806.4527950194,151670.3575079565,191703.4960431111,261371.46253650656,214883.84180440448,190794.4152057653,193259.3430722979,120454.23260591106,240.90140716807664,46603.35141597883,950139.249318262,88328.13599985767,1033726.2954780499,4200.194933844261,22061.792758680873,7335.978741446945,0.0,0.0,5318.433544672782,29345.046745994736,209.8173546302603,9608.115283362855,44376.612250411126,16111.079766149642,1727.394917958373,0.0,0.0,0.0,0.0,0.0,0.0,0.24284222423981272,0.0,1.187226896551724e-06,0.0,0.0,0.0,0.00015037261945415699,4.215997666642974e-05,0.0,0.0,0.0,0.0,0.0,0.0,0.07816255310106883,0.0,0.0,0.0,0.0,0.0,2.9961461809918655e-05,4.186463128873714e-05
2026-09-22 17:22:24,0.0,0.0,0.0,0.0,0.0,0.0,310763.2351455218,0.0,0.0,0.0,0.0,0.0,0.0,110.90927740247751,0.011277019051234278,0.02890437170428823,0.005553393261511013,0.004501448552309362,0.0040927875466240365,0.003795338654597592,0.006135564195280521,0.00028234276314915784,0.0026931230251114858,0.038791024162844856,0.0038265589778394304,0.023861664868991776,200518.67452583875,342794.92093004746,354280.0957672709,249380.17367807,189514.62140483735,261439.98000095147,98092.2876992514,63325.98603266634,94662.93874550257,1035495.5502138676,95007.86395227369,1285436.0770471063,158889.30552691975,191703.4960431111,238842.1146631649,214883.84180440448,190794.4152057653,193259.3430722979,108793.33137683051,240.90140716807664,46603.35141597883,864968.5589624542,69933.31909259455,1034311.8147070783,4400.108677011537,22061.792758680873,5267.132217677842,0.0,0.0,5318.433544672782,20714.662014138874,209.8173546302603,9608.115283362855,79613.2297709308,11433.431306010943,1728.0321820725494,0.0,0.0,0.0,0.0,0.0,0.0,0.2432591556191088,0.0,1.189271724137931e-06,0.0,0.0,0.0,0.00015057303845182593,4.225253921525586e-05,0.0,0.0,0.0,0.0,0.0,0.0,0.07830315939717644,0.0,0.0,0.0,0.0,0.0,2.9579379077290167e-05,4.232871988718197e-05
2026-09-22 17:22:39,0.0,0.0,0.0,0.0,0.0,0.0,310761.7537634443,0.0,0.0,0.0,0.0,0.0,0.0,110.9499021620374,0.011277019051234278,0.02890437170428823,0.005553393261511013,0.004507093045968935,0.0040927875466240365,0.003795338654597592,0.006135564195280521,0.00026750680776671304,0.002484332418656665,0.038791024162844856,0.0038265589778394304,0.023404104277791094,200518.67452583875,342794.92093004746,354280.0957672709,227683.50240880056,189514.62140483735,261439.98000095147,98092.2876992514,59998.464927286936,117967.92898891865,1035495.5502138676,95007.86395227369,1264132.2161304432,158889.30552691975,191703.4960431111,238842.1146631649,194809.05395019558,190794.4152057653,193259.3430722979,108793.33137683051,228.243025247993,57214.095090436625,864968.5589624542,69933.31909259455,1020036.5680550472,4400.108677011537,22061.792758680873,5267.132217677842,0.0,0.0,5318.433544672782,20714.662014138874,198.7923123127681,17484.907834988568,79613.2297709308,11433.431306010943,1733.1413426527802,0.0,0.0,0.0,0.0,0.0,0.0,0.24367604768729367,0.0,1.1913165517241381e-06,0.0,0.0,0.0,0.00015077345744949497,4.234510176408198e-05,0.0,0.0,0.0,0.0,0.0,0.0,0.07830322339370056,0.0,0.0,0.0,0.0,0.0,2.9132808429110037e-05,4.233027595560846e-05
2026-09-22 17:22:54,0.0,0.0,0.0,0.0,0.0,0.0,310606.9937345838,0.0,0.0,0.0,0.0,0.0,0.0,111.19206922599497,0.010656345235801834,0.02890437170428823,0.005515255510631329,0.004507093045968935,0.0040927875466240365,0.0038033633295932985,0.006135564195280521,0.0002682377977385958,0.002484332418656665,0.038791024162844856,0.0038265589778394304,0.02350296353944821,189482.36340337177,342794.92093004746,331515.4769063865,227683.50240880056,189514.62140483735,239100.27092034402,98092.2876992514,57057.01710154094,117967.92898891865,1035495.5502138676,95007.86395227369,1274757.0967671243,150144.22572837042,191703.4960431111,225076.59166650785,194809.05395019558,190794.4152057653,177429.3247422289,108793.33137683051,217.04000615347803,57214.095090436625,864968.5589624542,69933.31909259455,1006173.5094568448,4157.931890001565,22061.792758680873,4855.393477880355,0.0,0.0,9533.856600485782,20714.662014138874,189.03484406915828,17484.907834988568,79613.2297709308,11433.431306010943,1724.6328136598186,0.0,0.0,0.0,0.0,0.0,0.0,0.244092972288812,0.0,1.1933613793103447e-06,0.0,0.0,0.0,0.00015097387644716397,4.243766431290809e-05,0.0,0.0,0.0,0.0,0.0,0.0,0.07847931386672147,0.0,0.0,0.0,0.0,0.0,2.8551781448325443e-05,4.2356120653814534e-05
2026-09-22 17:23:09,0.0,0.0,0.0,0.0,0.0,0.0,310606.99960304634,0.0,0.0,0.0,0.0,0.0,0.0,111.23269384663523,0.011270953743859358,0.02890437170428823,0.005515255510631329,0.00451472584286523,0.0040927875466240365,0.0035584523093618826,0.006135564195280521,0.0002682377977385958,0.002732181634678018,0.03915187625109789,0.0038265589778394304,0.023324360311250184,229867.81415942212,342794.92093004746,331515.4769063865,214734.57333251485,189514.62140483735,243613.19022158213,98092.2876992514,57057.01710154094,130185.26653840912,909139.9465776114,95007.86395227369,1304196.7806205556,179972.59779001612,191703.4960431111,225076.59166650785,184083.64878967075,190794.4152057653,180068.5080509329,108793.33137683051,217.04000615347803,62936.45191098724,782057.9794831254,69933.31909259455,1028294.153304048,3969.0986055992144,22061.792758680873,4855.393477880355,0.0,0.0,9941.702913657922,20714.662014138874,189.03484406915828,19347.46186357233,83944.49354110114,11433.431306010943,1724.6328136598186,0.0,0.0,0.0,0.0,0.0,0.0,0.24456351290513886,0.0,1.187218493150685e-06,0.0,0.0,0.0,0.00015037178437499998,4.2573377303502366e-05,0.0,0.0,0.0,0.0,0.0,0.0,0.07847939147646014,0.0,0.0,0.0,0.0,0.0,2.810730389247753e-05,4.2356120653814534e-05
2026-09-22 17:23:24,0.0,0.0,0.0,0.0,0.0,0.0,310621.5101741699,0.0,0.0,0.0,0.0,0.0,0.0,110.80729060855666,0.011270953743859358,0.02890437170428823,0.005515255510631329,0.00451472584286523,0.004085062983755047,0.0036056442778215447,0.006135564195280521,0.00027883484508881066,0.002732181634678018,0.03915187625109789,0.0038182002100362843,0.023426734007183172,229867.81415942212,342794.92093004746,331515.4769063865,214734.57333251485,203151.40137548654,246843.97287364927,98092.2876992514,60947.96243968576,130185.26653840912,909139.9465776114,125948.00479004905,1306840.5344794588,179972.59779001612,191703.4960431111,225076.59166650785,184083.64878967075,170296.1713819374,182456.5651650219,108793.33137683051,231.85505407169697,62936.45191098724,782057.9794831254,92562.2899524858,1031527.3698804902,3969.0986055992144,22061.792758680873,4855.393477880355,0.0,0.0,10073.549146106323,20714.662014138874,201.93827290115541,19347.46186357233,83944.49354110114,11366.524097126958,1727.7126177039424,0.0,0.0,0.0,0.0,0.0,0.0,0.24498052872974757,0.0,1.1892493150684932e-06,0.0,0.0,0.0,0.00015057081157407405,4.266596925544708e-05,0.0,0.0,0.0,0.0,0.0,0.0,0.07875807570931209,0.0,0.0,0.0,0.0,0.0,2.812039472062292e-05,4.274240003129335e-05
2026-09-22 17:23:39,0.0,0.0,0.0,0.0,0.0,0.0,310621.723719898,0.0,0.0,0.0,0.0,0.0,0.0,110.84791519446713,0.011270953743859358,0.02861496066888521,0.005530057520601994,0.004494146560352214,0.004085062983755047,0.003775357476772996,0.00624536704790441,0.00027883484508881066,0.002732181634678018,0.039606017590865204,0.0038182002100362843,0.023691402206959478,229867.81415942212,381555.3100981378,353803.6432510931,223679.2941305538,203151.40137548654,258462.6121653719,132977.4399824606,60947.96243968576,130185.26653840912,1015819.7955665422,125948.00479004905,1321693.5572078624,179972.59779001612,213096.78935806602,241892.5144920039,191350.99145989332,170296.1713819374,191044.56912712057,128936.36861913983,231.85505407169697,62936.45191098724,848616.9410387839,92562.2899524858,1043537.8212328104,3969.0986055992144,21557.247051712773,5222.926587828674,0.0,0.0,10547.698595872143,21084.66401140059,201.93827290115541,19347.46186357233,79162.36704702582,11366.524097126958,1727.7126177039424,0.0,0.0,0.0,0.0,0.0,0.0,0.24539754455435628,0.0,1.1912801369863013e-06,0.0,0.0,0.0,0.00015076983877314817,4.275856120739179e-05,0.0,0.0,0.0,0.0,0.0,0.0,0.07875816770342603,0.0,0.0,0.0,0.0,0.0,2.766856504950988e-05,4.274240003129335e-05
2026-09-22 17:23:54,0.0,0.0,0.0,0.0,0.0,0.0,310566.46144308883,0.0,0.0,0.0,0.0,0.0,0.0,113.39241625802747,0.011183596510384296,0.02861496066888521,0.005530057520601994,0.004494146560352214,0.004072035634348492,0.003775357476772996,0.00624536704790441,0.00027883484508881066,0.002732181634678018,0.039606017590865204,0.0038182002100362843,0.023515522079316273,247670.07676930574,381555.3100981378,353803.6432510931,223679.2941305538,188229.44942025002,258462.6121653719,132977.4399824606,60947.96243968576,130185.26653840912,1015819.7955665422,125948.00479004905,1311052.21749592,193817.2879324923,213096.78935806602,241892.5144920039,191350.99145989332,158252.17993657733,191044.56912712057,128936.36861913983,231.85505407169697,62936.45191098724,848616.9410387839,92562.2899524858,1035470.1833131928,4285.134602929292,21557.247051712773,5222.926587828674,0.0,0.0,10547.698595872143,21084.66401140059,201.93827290115541,19347.46186357233,79162.36704702582,11366.524097126958,1725.1950604907645,0.0,0.0,0.0,0.0,0.0,0.0,0.24581456037896499,0.0,1.1933109589041094e-06,0.0,0.0,0.0,0.00015096886597222223,4.2851153159336505e-05,0.0,0.0,0.0,0.0,0.0,0.0,0.07905024066858736,0.0,0.0,0.0,0.0,0.0,2.7242183546398977e-05,4.272108319194452e-05
2026-09-22 17:24:09,0.0,0.0,0.0,0.0,0.0,0.0,310568.3957299843,0.0,0.0,0.0,0.0,0.0,0.0,113.43304080920825,0.011183596510384296,0.02861496066888521,0.005530057520601994,0.004494146560352214,0.004072035634348492,0.0037610141573526166,0.00624536704790441,0.00027883484508881066,0.002732181634678018,0.040306987167407805,0.0038182002100362843,0.02342724468487225,247670.07676930574,381555.3100981378,353803.6432510931,223679.2941305538,188229.44942025002,284800.8134998904,132977.4399824606,60947.96243968576,130185.26653840912,1118538.8105826485,125948.00479004905,1288107.535830293,193817.2879324923,213096.78935806602,241892.5144920039,191350.99145989332,158252.17993657733,209146.4457593688,128936.36861913983,231.85505407169697,62936.45191098724,933860.6768674153,92562.2899524858,1011336.2253265581,4285.134602929292,21557.247051712773,5222.926587828674,0.0,0.0,9899.339907955291,21084.66401140059,201.93827290115541,19347.46186357233,87437.88347026455,11366.524097126958,1724.8375209411354,0.0,0.0,0.0,0.0,0.0,0.0,0.24628007823210396,0.0,1.1872102040816324e-06,0.0,0.0,0.0,0.00015037096081417623,4.2574132849028635e-05,0.0,0.0,0.0,0.0,0.0,0.0,0.07905019304799527,0.0,0.0,0.0,0.0,0.0,2.678993134952252e-05,4.272108319194452e-05
2026-09-22 17:24:24,0.0,0.0,0.0,0.0,0.0,0.0,310577.02809045336,0.0,0.0,0.0,0.0,0.0,0.0,112.61473093014945,0.011183596510384296,0.02861496066888521,0.005558733916234051,0.004515663111469222,0.004072035634348492,0.0037610141573526166,0.00624536704790441,0.0002682019547839647,0.0024885279200029566,0.040306987167407805,0.0038325821675475598,0.023534085791687902,247670.07676930574,381555.3100981378,375732.5093213345,248725.10761010164,188229.44942025002,284800.8134998904,132977.4399824606,70641.0436817076,147102.8377538895,1118538.8105826485,119496.0362005143,1276784.127476123,193817.2879324923,213096.78935806602,254193.86482795648,212070.33269014658,158252.17993657733,209146.4457593688,128936.36861913983,215.27376300151738,69197.95195743756,933860.6768674153,87820.57936846843,1008175.821655446,4285.134602929292,21557.247051712773,4821.647352809823,0.0,0.0,9899.339907955291,21084.66401140059,187.49650325938612,17558.162054503915,87437.88347026455,10784.248446400277,1604.4042698717992,0.0,0.0,0.0,0.0,0.0,0.0,0.24669698679696786,0.0,1.1892272108843536e-06,0.0,0.0,0.0,0.00015056861541187742,4.2665762488477196e-05,0.0,0.0,0.0,0.0,0.0,0.0,0.07936538087455822,0.0,0.0,0.0,0.0,0.0,2.6126111426770077e-05,4.307733460067076e-05
2026-09-22 17:24:39,0.0,0.0,0.0,0.0,0.0,0.0,310577.7179950142,0.0,0.0,0.0,0.0,0.0,0.0,112.65535582862995,0.011183596510384296,0.02862070310207682,0.005558733916234051,0.004500308713711099,0.0038879165985049465,0.003761014157352617,0.00624536704790441,0.00022911137939539322,0.0024885279200029566,0.04070804925369683,0.0038325821675475598,0.023585834517923773,247670.07676930574,358410.37067044765,375732.5093213345,264736.7784944943,197248.03772351888,284800.8134998904,132977.4399824606,76841.44584211904,147102.8377538895,1056757.2440529387,119496.0362005143,1249640.891772853,193817.2879324923,200814.94872780208,254193.86482795648,225349.75796006504,165982.0736011297,209146.44575936883,128936.36861913983,11.394045943374708,69197.95195743756,882631.7059347134,87820.57936846843,985656.9475246551,4285.134602929292,23090.73390136278,4821.647352809823,0.0,0.0,9899.339907955291,21084.66401140059,0.0,17558.162054503915,82441.64160038093,10784.248446400277,1750.2979171248317,0.0,0.0,0.0,0.0,0.0,0.0,0.24711402446442318,0.0,1.1912442176870747e-06,0.0,0.0,0.0,0.00015076627000957854,4.275739212792577e-05,0.0,0.0,0.0,0.0,0.0,0.0,0.07936543014987373,0.0,0.0,0.0,0.0,0.0,2.5677492070029402e-05,4.308068769811918e-05
2026-09-22 17:24:54,0.0,0.0,0.0,0.0,0.0,0.0,310468.4313424483,0.0,0.0,0.0,0.0,0.0,0.0,112.52375533987554,0.010570882206319434,0.02862070310207682,0.005558733916234051,0.004500308713711099,0.003939407520370403,0.003761014157352617,0.00624536704790441,0.00022911137939539322,0.0026137770625407094,0.04070804925369683,0.003849613746981377,0.0235677036714113,234101.00723210536,358410.37067044765,375732.5093213345,264736.7784944943,199860.35798328006,284800.8134998904,132977.4399824606,76841.44584211904,127782.4002090073,1056757.2440529387,98309.45100296817,1265274.2866012652,183198.6444056958,200814.94872780208,254193.86482795648,225349.75796006504,168180.31262357906,209146.44575936883,128936.36861913983,11.394045943374708,73057.79450158481,882631.7059347134,96292.1205505671,997500.3748107323,4050.365469080429,23090.73390136278,4821.647352809823,0.0,0.0,9899.339907955291,21084.66401140059,0.0,18537.55145806157,82441.64160038093,11824.542253257872,1750.2979171248317,0.0,0.0,0.0,0.0,0.0,0.0,0.24753106213187853,0.0,1.193261224489796e-06,0.0,0.0,0.0,0.00015096392460727968,4.2849021767374344e-05,0.0,0.0,0.0,0.0,0.0,0.0,0.07943424758475728,0.0,0.0,0.0,0.0,0.0,2.5666836505315192e-05,4.304636494423371e-05
2026-09-22 17:25:09,0.0,0.0,0.0,0.0,0.0,0.0,310467.6117211347,0.0,0.0,0.0,0.0,0.0,0.0,112.52375533987554,0.011097789154399667,0.02718863243403435,0.005329315984088113,0.004500308713711099,0.004119273749236409,0.0037735758099191586,0.005771323697418909,0.00022911137939539322,0.0026137770625407094,0.04070804925369683,0.003849613746981377,0.02363939398279847,224627.5844258435,340476.8846505975,344940.9507794879,264736.7784944943,208985.62078089043,252959.53863512893,151739.1338806407,76841.44584211904,127782.4002090073,1056757.2440529387,98309.45100296817,1290031.3323103343,175930.61948575644,190766.93569500314,230884.69217254448,225349.75796006504,175859.1217959454,183733.35190679834,134181.62656011683,11.394045943374708,73057.79450158481,882631.7059347134,96292.1205505671,1018020.9629482714,3875.154234247008,21935.361770713902,5076.754141156327,0.0,0.0,10487.202418265146,19460.376426269067,0.0,18537.55145806157,82441.64160038093,11824.542253257872,1750.3019998523334,0.0,0.0,0.0,0.0,0.0,0.0,0.24799568849494813,0.0,1.1872020270270268e-06,0.0,0.0,0.0,0.0001503701485350076,4.259376864014594e-05,0.0,0.0,0.0,0.0,0.0,0.0,0.0794342733663989,0.0,0.0,0.0,0.0,0.0,2.5210429204574294e-05,4.304636494423371e-05
2026-09-22 17:25:24,0.0,0.0,0.0,0.0,0.0,0.0,310416.2219977295,0.0,0.0,0.0,0.0,0.0,0.0,115.25766268539581,0.011161696123516624,0.026830873645258393,0.005559496420216913,0.0045243653723775635,0.004071138879118407,0.0037735758099191586,0.006140132294407098,0.00022911137939539322,0.0026137770625407094,0.04070804925369683,0.00386331203172815,0.02366693876291446,231571.20906794159,335996.7550172169,359839.42156376265,286988.711147066,233220.50360932518,252959.53863512893,161482.84587306774,76841.44584211904,127782.4002090073,1056757.2440529387,92876.06279941587,1288126.2132223311,179258.17870640056,188256.7488359056,240856.91736962736,243634.01959597156,194913.5422450842,183733.35190679834,142797.90826965665,11.394045943374708,73057.79450158481,882631.7059347134,90970.22660693507,1014529.504873317,4162.318619865675,21646.72759694687,5296.0260863401145,0.0,0.0,10487.202418265146,20709.99673391453,0.0,18537.55145806157,82441.64160038093,11171.020870157918,1750.6226551167208,0.0,0.0,0.0,0.0,0.0,0.0,0.24841272972024223,0.0,1.1892054054054052e-06,0.0,0.0,0.0,0.00015056644933409438,4.26845071770123e-05,0.0,0.0,0.0,0.0,0.0,0.0,0.07928268995428267,0.0,0.0,0.0,0.0,0.0,2.4925759787426557e-05,4.306322507073694e-05
2026-09-22 17:25:39,0.0,0.0,0.0,0.0,0.0,0.0,310416.01507537655,0.0,0.0,0.0,0.0,0.0,0.0,115.25766268539581,0.011161696123516624,0.02873916258273105,0.005559496420216913,0.0045243653723775635,0.004071138879118407,0.0037735758099191586,0.006140132294407098,0.00022911137939539322,0.0026137770625407094,0.040872857350059154,0.00386331203172815,0.023505190016767055,231571.20906794159,366367.56185854995,359839.42156376265,286988.711147066,233220.50360932518,252959.53863512893,161482.84587306774,76841.44584211904,127782.4002090073,1006501.9850438664,92876.06279941587,1277744.5807395803,179258.17870640056,204721.8034115425,240856.91736962736,243634.01959597156,194913.5422450842,183733.35190679834,142797.90826965665,11.394045943374708,73057.79450158481,841206.8796864406,90970.22660693507,1007768.1619423731,4162.318619865675,20745.607164936573,5296.0260863401145,0.0,0.0,10487.202418265146,20709.99673391453,0.0,18537.55145806157,78257.50589441656,11171.020870157918,1645.9083092868389,0.0,0.0,0.0,0.0,0.0,0.0,0.24882982563034012,0.0,1.1912087837837838e-06,0.0,0.0,0.0,0.00015076275013318116,4.2775245713878656e-05,0.0,0.0,0.0,0.0,0.0,0.0,0.07928290410161476,0.0,0.0,0.0,0.0,0.0,2.44661859774825e-05,4.306322507073694e-05
2026-09-22 17:25:54,0.0,0.0,0.0,0.0,0.0,0.0,310792.24955989467,0.0,0.0,0.0,0.0,0.0,0.0,116.6007773991516,0.011161696123516624,0.028906507900671105,0.0053004946280629725,0.004298268505725156,0.004071138879118407,0.0037986204608307455,0.006140132294407098,0.00021827016304316483,0.0018817436551515803,0.0411913367743778,0.00386331203172815,0.023359701555236433,231571.20906794159,344770.4888098936,343075.48324486444,298473.6955923833,233220.50360932518,271646.9221519691,161482.84587306774,73205.42068531182,155238.01765499372,1077893.762647465,92876.06279941587,1275417.6523577273,179258.17870640056,195194.81605877625,229636.0497700808,253551.0991285558,194913.5422450842,196239.64963761324,142797.90826965665,10.854896305651218,82785.68260018814,900759.6531962217,90970.22660693507,1008903.5729957344,4162.318619865675,21943.758483315807,5049.298659253725,0.0,0.0,9582.754105650112,20709.99673391453,0.0,18418.69967006879,83874.84624207033,11171.020870157918,1643.9751481548874,0.0,0.0,0.0,0.0,0.0,0.0,0.2492469215404381,0.0,1.1932121621621623e-06,0.0,0.0,0.0,0.00015095905093226791,4.286598425074502e-05,0.0,0.0,0.0,0.0,0.0,0.0,0.07956152143224843,0.0,0.0,0.0,0.0,0.0,2.3840496987085473e-05,4.2709068814762584e-05
2026-09-22 17:26:09,0.0,0.0,0.0,0.0,0.0,0.0,310788.67529203056,0.0,0.0,0.0,0.0,0.0,0.0,116.63590100929619,0.011161696123516624,0.028906507900671105,0.005231000922810261,0.00454349880541545,0.004071138879118407,0.0036149096489310334,0.006140132294407098,0.00027463681020066874,0.0018817436551515803,0.0411913367743778,0.00386331203172815,0.02278823190567415,231571.20906794159,344770.4888098936,338577.4904753174,315502.5977473549,233220.50360932518,242122.19027609006,161482.84587306774,69855.21631243931,155238.01765499372,1077893.762647465,92876.06279941587,1284151.3351138337,179258.17870640056,195194.81605877625,226625.33830296044,268017.01998558914,194913.5422450842,176415.1420597737,142797.90826965665,10.357104326248786,82785.68260018814,900759.6531962217,90970.22660693507,1023202.3531800224,4162.318619865675,21943.758483315807,4983.098333174474,0.0,0.0,10015.166515501114,20709.99673391453,0.0,18418.69967006879,83874.84624207033,11171.020870157918,1729.8955543178772,0.0,0.0,0.0,0.0,0.0,0.0,0.24975285653876128,0.0,1.1871939597315437e-06,0.0,0.0,0.0,0.00015036934730725622,4.309426909263377e-05,0.0,0.0,0.0,0.0,0.0,0.0,0.07956155185259565,0.0,0.0,0.0,0.0,0.0,2.338410306862936e-05,4.2709068814762584e-05
2026-09-22 17:26:24,0.0,0.0,0.0,0.0,0.0,0.0,310907.77287786367,0.0,0.0,0.0,0.0,0.0,0.0,119.4623702673705,0.011161696123516624,0.028906507900671105,0.0055089824384003125,0.00454349880541545,0.004201932656694736,0.0038246639123446237,0.0057456226230435635,0.000287449858380048,0.0018817436551515803,0.0411913367743778,0.00386331203172815,0.022672142440841876,231571.20906794159,344770.4888098936,326478.1780278024,315502.5977473549,255836.8804461309,256171.27216461374,151059.26789531866,76814.42595723225,155238.01765499372,1077893.762647465,92876.06279941587,1308636.0536736709,179258.17870640056,195194.81605877625,218969.7525080984,268017.01998558914,212459.99095498846,186651.58827045403,133580.42684702788,11.388913604413203,82785.68260018814,900759.6531962217,90970.22660693507,1040031.3925312514,4162.318619865675,21943.758483315807,4785.459477140371,0.0,0.0,10596.294145079519,19373.18436410671,0.0,18418.69967006879,83874.84624207033,11171.020870157918,1729.6856431233762,0.0,0.0,0.0,0.0,0.0,0.0,0.25017010134114875,0.0,1.1891838926174497e-06,0.0,0.0,0.0,0.00015056431272675736,4.318550164662439e-05,0.0,0.0,0.0,0.0,0.0,0.0,0.07971465269071415,0.0,0.0,0.0,0.0,0.0,2.296971310983798e-05,4.3257739507730445e-05
2026-09-22 17:26:39,0.0,0.0,0.0,0.0,0.0,0.0,310908.5041512361,0.0,0.0,0.0,0.0,0.0,0.0,119.49810943683342,0.01123645540755825,0.028906507900671105,0.0055089824384003125,0.00454349880541545,0.004150346308631569,0.0038246639123446237,0.003703711369536614,0.000287449858380048,0.0018817436551515803,0.0411913367743778,0.0037457608199864935,0.022741259199799826,190361.35044260463,344770.4888098936,326478.1780278024,315502.5977473549,240212.94872474685,256171.27216461374,159807.21931789894,76814.42595723225,155238.01765499372,1077893.762647465,98096.37512462377,1348032.8493880443,148307.2622778508,195194.81605877625,218969.7525080984,268017.01998558914,198246.45691895028,186651.58827045403,122480.14509762083,11.388913604413203,82785.68260018814,900759.6531962217,96083.41703371664,1073548.0700345526,4444.064181060432,21943.758483315807,4785.459477140371,0.0,0.0,10596.294145079519,20455.236672712403,0.0,18418.69967006879,83874.84624207033,11798.913743476474,1729.6856431233762,0.0,0.0,0.0,0.0,0.0,0.0,0.2505869422881561,0.0,1.1911738255033556e-06,0.0,0.0,0.0,0.0001507592781462585,4.3276734200614995e-05,0.0,0.0,0.0,0.0,0.0,0.0,0.07971498944688123,0.0,0.0,0.0,0.0,0.0,2.2512483019266583e-05,4.3259132203637815e-05
2026-09-22 17:26:54,0.0,0.0,0.0,0.0,0.0,0.0,310781.2736965723,0.0,0.0,0.0,0.0,0.0,0.0,121.86874852529314,0.01114631735925995,0.028741726612312432,0.00549723209453159,0.00454349880541545,0.004150346308631569,0.0038246639123446237,0.003703711369536614,0.000287449858380048,0.0018817436551515803,0.04079017602502379,0.003895819047524451,0.021830472542564136,183023.39945278032,374869.4372974798,340071.7865216066,315502.5977473549,240212.94872474685,256171.27216461374,159807.21931789894,76814.42595723225,155238.01765499372,1178614.8200394576,94987.02154768021,1350823.7989520498,144772.27701853294,210715.9474834676,225822.77873039118,268017.01998558914,198246.45691895028,186651.58827045403,122480.14509762083,11.388913604413203,82785.68260018814,964122.6518922861,93037.86804111424,1062801.372113397,4042.1859208890737,24085.982098252276,5097.108654025461,0.0,0.0,10596.294145079519,20455.236672712403,0.0,18418.69967006879,79053.73090591896,11424.924443609696,1604.264836837771,0.0,0.0,0.0,0.0,0.0,0.0,0.2510041310300603,0.0,1.1931637583892617e-06,0.0,0.0,0.0,0.00015095424356575965,4.336796675460561e-05,0.0,0.0,0.0,0.0,0.0,0.0,0.07965041550727708,0.0,0.0,0.0,0.0,0.0,2.205507739322475e-05,4.405438745950636e-05
2026-09-22 17:27:09,0.0,0.0,0.0,0.0,0.0,0.0,310781.27929681074,0.0,0.0,0.0,0.0,0.0,0.0,121.86874852529314,0.01114631735925995,0.028552342346720234,0.00549723209453159,0.004287644291018493,0.004150346308631569,0.0038246639123446237,0.003703711369536614,0.000287449858380048,0.0018817436551515803,0.041403831795313595,0.003895819047524451,0.0218527073312543,183023.39945278032,385207.62106339243,340071.7865216066,297735.9453513174,240212.94872474685,256171.27216461374,159807.21931789894,76814.42595723225,155238.01765499372,1271150.3135866693,94987.02154768021,1341290.101115338,144772.27701853294,214351.1261334226,225822.77873039118,252924.38599682288,198246.45691895028,186651.58827045403,122480.14509762083,11.388913604413203,82785.68260018814,1039903.893555412,93037.86804111424,1077818.842660071,4042.1859208890737,21953.730800658006,5097.108654025461,0.0,0.0,10596.294145079519,20455.236672712403,0.0,18418.69967006879,85417.68787127391,11424.924443609696,1604.621422946829,0.0,0.0,0.0,0.0,0.0,0.0,0.251485021547558,0.0,1.1871859999999999e-06,0.0,0.0,0.0,0.0001503685569069069,4.3746720206673675e-05,0.0,0.0,0.0,0.0,0.0,0.0,0.07965067182923286,0.0,0.0,0.0,0.0,0.0,2.1597850829511304e-05,4.405492676211612e-05
2026-09-22 17:27:24,0.0,0.0,0.0,0.0,0.0,0.0,310701.1559247193,0.0,0.0,0.0,0.0,0.0,0.0,116.03144016400587,0.01114631735925995,0.028552342346720234,0.00549723209453159,0.004524296276233756,0.004150346308631569,0.003814290601243951,0.003703711369536614,0.00028697946841069535,0.0018817436551515803,0.041403831795313595,0.003895819047524451,0.021803412624034953,183023.39945278032,385207.62106339243,340071.7865216066,288020.5704529442,240212.94872474685,237593.47615756738,159807.21931789894,86648.8233126365,155238.01765499372,1271150.3135866693,94987.02154768021,1340378.9828980027,144772.27701853294,214351.1261334226,225822.77873039118,245095.35604882738,198246.45691895028,173443.09606081547,122480.14509762083,10.705315457454471,82785.68260018814,1039903.893555412,93037.86804111424,1074798.9909735946,4042.1859208890737,21953.730800658006,5097.108654025461,0.0,0.0,9755.245335176225,20455.236672712403,0.0,18418.69967006879,85417.68787127391,11424.924443609696,1604.0120936602812,0.0,0.0,0.0,0.0,0.0,0.0,0.2519024229614455,0.0,1.1891626666666667e-06,0.0,0.0,0.0,0.00015056220499249252,4.383863786540382e-05,0.0,0.0,0.0,0.0,0.0,0.0,0.07963446231641876,0.0,0.0,0.0,0.0,0.0,2.0879683722085734e-05,4.380634907828495e-05
2026-09-22 17:27:39,0.0,0.0,0.0,0.0,0.0,0.0,310700.4931626791,0.0,0.0,0.0,0.0,0.0,0.0,116.03144016400587,0.01114631735925995,0.028552342346720234,0.005486825861485756,0.004524296276233756,0.004156361560369822,0.003814290601243951,0.0030410890163348908,0.00028697946841069535,0.0012302993780424786,0.041403831795313595,0.003895819047524451,0.021402917023961444,183023.39945278032,385207.62106339243,365113.73299049394,288020.5704529442,260268.23581734672,237593.47615756738,158907.17623796774,86648.8233126365,183793.54335090905,1271150.3135866693,94987.02154768021,1362484.9853731054,144772.27701853294,214351.1261334226,242115.07840628843,245095.35604882738,213570.311577903,173443.09606081547,118670.34292546182,10.705315457454471,93885.87928747735,1039903.893555412,93037.86804111424,1099990.6060810667,4042.1859208890737,21953.730800658006,4750.350342203583,0.0,0.0,9755.245335176225,20390.679602701715,0.0,18344.198014506317,85417.68787127391,11424.924443609696,1684.8464645396775,0.0,0.0,0.0,0.0,0.0,0.0,0.2523198243753331,0.0,1.1911393333333333e-06,0.0,0.0,0.0,0.0001507558530780781,4.3930555524133985e-05,0.0,0.0,0.0,0.0,0.0,0.0,0.07963454857484863,0.0,0.0,0.0,0.0,0.0,2.0428100619070335e-05,4.380775243089638e-05
2026-09-22 17:27:54,0.0,0.0,0.0,0.0,0.0,0.0,310600.3828793923,0.0,0.0,0.0,0.0,0.0,0.0,121.51721852770758,0.011148523209505783,0.028552342346720234,0.005513729635207577,0.004526456246363569,0.004156361560369822,0.003814290601243951,0.0030410890163348908,0.00028697946841069535,0.0012302993780424786,0.041403831795313595,0.003895819047524451,0.021381749840348324,146619.98339846486,385207.62106339243,342821.77310451225,277892.49270827736,260268.23581734672,237593.47615756738,158907.17623796774,86648.8233126365,183793.54335090905,1271150.3135866693,94987.02154768021,1365725.6637253016,119519.35384586689,214351.1261334226,226245.34522299998,235354.61677082066,213570.311577903,173443.09606081547,118670.34292546182,10.705315457454471,93885.87928747735,1039903.893555412,93037.86804111424,1102720.133490168,4282.464861638329,21953.730800658006,5130.007827770734,0.0,0.0,9755.245335176225,20390.679602701715,0.0,18344.198014506317,85417.68787127391,11424.924443609696,1766.6414791182885,0.0,0.0,0.0,0.0,0.0,0.0,0.2527372257892207,0.0,1.193116e-06,0.0,0.0,0.0,0.00015094950116366368,4.402247318286415e-05,0.0,0.0,0.0,0.0,0.0,0.0,0.07958875119595031,0.0,0.0,0.0,0.0,0.0,2.0396356782507868e-05,4.429150805744788e-05
2026-09-22 17:28:09,0.0,0.0,0.0,0.0,0.0,0.0,310599.9956914267,0.0,0.0,0.0,0.0,0.0,0.0,123.75126832107325,0.011148523209505783,0.028552342346720234,0.005513729635207577,0.004526456246363569,0.00413916129710844,0.0037675850386817886,0.0030410890163348908,0.00029917983879557483,0.0012302993780424786,0.041403831795313595,0.003895819047524451,0.02102760609494901,146619.98339846486,385207.62106339243,342821.77310451225,277892.49270827736,277707.04300067225,251271.44676982425,158907.17623796774,78148.73752107902,183793.54335090905,1271150.3135866693,94987.02154768021,1356111.436868178,119519.35384586689,214351.1261334226,226245.34522299998,235354.61677082066,227776.7934476908,183322.5164946811,118670.34292546182,11.582738627698092,93885.87928747735,1039903.893555412,93037.86804111424,1099135.0820778906,4282.464861638329,21953.730800658006,5130.007827770734,0.0,0.0,10401.73241357966,20390.679602701715,0.0,18344.198014506317,85417.68787127391,11424.924443609696,1762.8577499661342,0.0,0.0,0.0,0.0,0.0,0.0,0.2532075233428422,0.0,1.1871781456953641e-06,0.0,0.0,0.0,0.00015036777711595825,4.439980190164357e-05,0.0,0.0,0.0,0.0,0.0,0.0,0.07958907032694654,0.0,0.0,0.0,0.0,0.0,1.99352827728322e-05,4.429425639485644e-05
2026-09-22 17:28:24,0.0,0.0,0.0,0.0,0.0,0.0,310586.10277097375,0.0,0.0,0.0,0.0,0.0,0.0,124.28226290439233,0.011148523209505783,0.028552342346720234,0.005513729635207577,0.004526456246363569,0.00413916129710844,0.0037675850386817886,0.0030410890163348908,0.00029917983879557483,0.0012302993780424786,0.039229509568582704,0.0036760277555486372,0.020970220092943814,146619.98339846486,385207.62106339243,342821.77310451225,277892.49270827736,277707.04300067225,251271.44676982425,158907.17623796774,78148.73752107902,183793.54335090905,1204395.8548686653,97139.24039001533,1343264.3529772437,119519.35384586689,214351.1261334226,226245.34522299998,235354.61677082066,227776.7934476908,183322.5164946811,118670.34292546182,11.582738627698092,93885.87928747735,985293.3405853495,70744.72228552068,1086167.1716926212,4282.464861638329,21953.730800658006,5130.007827770734,0.0,0.0,10401.73241357966,20390.679602701715,0.0,18344.198014506317,80931.97799271396,11684.245689994836,1762.8088891298123,0.0,0.0,0.0,0.0,0.0,0.0,0.25362503683279775,0.0,1.1891417218543047e-06,0.0,0.0,0.0,0.00015056012554996273,4.4492385666429816e-05,0.0,0.0,0.0,0.0,0.0,0.0,0.0796960087643229,0.0,0.0,0.0,0.0,0.0,1.94522526548289e-05,4.42136993532514e-05
