timestamp,aggregator_energy,api-gateway_energy,authority_energy,clientone_energy,clientthree_energy,clienttwo_energy,kernel_processes_energy,orchestrator_energy,policy_energy,policy-enforcer_energy,rabbitmq_energy,server_energy,sidecar_energy,system_processes_energy,aggregator_cpu_usage,api-gateway_cpu_usage,authority_cpu_usage,clientone_cpu_usage,clientthree_cpu_usage,clienttwo_cpu_usage,orchestrator_cpu_usage,policy_cpu_usage,policy-enforcer_cpu_usage,rabbitmq_cpu_usage,server_cpu_usage,sidecar_cpu_usage,aggregator_memory_usage,api-gateway_memory_usage,authority_memory_usage,clientone_memory_usage,clientthree_memory_usage,clienttwo_memory_usage,orchestrator_memory_usage,policy_memory_usage,policy-enforcer_memory_usage,rabbitmq_memory_usage,server_memory_usage,sidecar_memory_usage,aggregator_memory_rss_usage,api-gateway_memory_rss_usage,authority_memory_rss_usage,clientone_memory_rss_usage,clientthree_memory_rss_usage,clienttwo_memory_rss_usage,orchestrator_memory_rss_usage,policy_memory_rss_usage,policy-enforcer_memory_rss_usage,rabbitmq_memory_rss_usage,server_memory_rss_usage,sidecar_memory_rss_usage,aggregator_memory_cache_usage,api-gateway_memory_cache_usage,authority_memory_cache_usage,clientone_memory_cache_usage,clientthree_memory_cache_usage,clienttwo_memory_cache_usage,orchestrator_memory_cache_usage,policy_memory_cache_usage,policy-enforcer_memory_cache_usage,rabbitmq_memory_cache_usage,server_memory_cache_usage,sidecar_memory_cache_usage,aggregator_carbon_coal,api-gateway_carbon_coal,authority_carbon_coal,clientone_carbon_coal,clientthree_carbon_coal,clienttwo_carbon_coal,kernel_processes_carbon_coal,orchestrator_carbon_coal,policy_carbon_coal,policy-enforcer_carbon_coal,rabbitmq_carbon_coal,server_carbon_coal,sidecar_carbon_coal,system_processes_carbon_coal,aggregator_carbon_emission,api-gateway_carbon_emission,authority_carbon_emission,clientone_carbon_emission,clientthree_carbon_emission,clienttwo_carbon_emission,kernel_processes_carbon_emission,orchestrator_carbon_emission,policy_carbon_emission,policy-enforcer_carbon_emission,rabbitmq_carbon_emission,server_carbon_emission,sidecar_carbon_emission,system_processes_carbon_emission
2026-09-22 19:36:03.378000021,0.0,499.20110793378046,0.0,0.0,0.0,0.0,321790.54926655884,0.0,6.4193367195414375,0.0,0.0,0.0,481.83424592539404,132.2305639318204,0.009093943259617694,0.021473497186385727,0.0046650745560608406,0.003801760462980536,0.0034495157494064312,0.0033762943163007466,0.006361064611437012,0.0003405138972168989,0.0025533330301303657,0.03519075395664019,0.00350030342784297,0.01993602204647073,189674.78990230072,171361.48890479602,274836.3450587603,173009.7098905962,251051.1588635406,152550.98749325774,22811.05385072454,91479.64958977434,90978.79409886934,1299329.8759539837,32779.600326293075,975311.3417966103,192542.70706661872,141465.04414220952,208457.39070295217,176391.8712159985,196335.15100707134,108441.03869464365,38765.1708666854,11875.806192140633,43032.50564644017,696914.7725072606,23620.11575635371,836791.3892772922,3825.4708170998115,17125.1028394178,29641.840124512062,788.434121607947,1043.8636980493543,526.7888286446703,11160.259348771762,0.0,9962.670975306692,321483.30038947304,7593.382030574086,10168.109931430872,0.0,0.00012745061580952382,0.0,0.0,0.0,0.0,0.06893591159328154,0.0,6.986018722222221e-07,0.0,0.0,0.0,0.00013468149870158732,1.271647842028513e-05,0.0,7.278803662625426e-05,0.0,0.0,0.0,0.0,0.03964654561056874,0.0,3.9892874392549354e-07,0.0,0.0,0.0,7.674270124779046e-05,1.2833312347546328e-05
2026-09-22 19:36:18.378000021,0.0,501.8486222532264,0.0,0.0,0.0,0.0,321106.6942735892,0.0,6.33890014926445,0.0,0.0,0.0,489.7135763967254,136.1123928374176,0.008684341398135332,0.021756169014549877,0.0046650745560608406,0.003801760462980536,0.0034495157494064312,0.0033762943163007466,0.006384850529388756,0.0003330703570283696,0.0025533330301303657,0.03519075395664019,0.00350030342784297,0.01975128491083354,211846.508149735,171361.48890479602,274836.3450587603,173009.7098905962,251051.1588635406,152550.98749325774,22811.05385072454,90519.2550453598,90978.79409886934,1299329.8759539837,32779.600326293075,1003841.5366312217,205814.55918096847,141465.04414220952,208457.39070295217,176391.8712159985,196335.15100707134,108441.03869464365,38765.1708666854,17177.293481194116,43032.50564644017,696914.7725072606,23620.11575635371,857211.9447460496,3648.857189692004,17352.972083035078,30023.92303717695,788.434121607947,1050.8791334201126,533.5001869206335,11305.78555655608,0.0,10089.337962338757,321483.30038947304,7691.784112634676,10134.382816460224,0.0,0.00012820823485714286,0.0,0.0,0.0,0.0,0.06934069374881507,0.0,7.0275465e-07,0.0,0.0,0.0,0.0001354756018761905,1.2836357538813155e-05,0.0,7.324357775404914e-05,0.0,0.0,0.0,0.0,0.039907768567501445,0.0,3.965876443673729e-07,0.0,0.0,0.0,7.733839828834202e-05,1.3176412382634262e-05
2026-09-22 19:36:33.378000021,0.0,501.8486222532264,0.0,0.0,0.0,0.0,321108.69969603885,0.0,6.419418317466506,0.0,0.0,0.0,489.7135763967254,137.0145262626979,0.008868577797703574,0.021170392223214287,0.0046650745560608406,0.003801760462980536,0.0035294567536063616,0.003373260363641477,0.006384850529388756,0.0003330703570283696,0.002681047121917858,0.03519075395664019,0.00350030342784297,0.01965562284704788,220737.94828985923,164780.59572553434,274836.3450587603,173009.7098905962,267421.03978486994,174207.72281126078,22811.05385072454,90519.2550453598,95701.90651241418,1299329.8759539837,32779.600326293075,1000685.4444817593,214447.1310581806,136032.28121484816,208457.39070295217,176391.8712159985,210703.94522845282,126923.64372697359,38765.1708666854,17177.293481194116,45237.06695508904,696914.7725072606,23620.11575635371,854444.4568550407,3703.6151376416265,16880.76190476191,30406.005949841838,788.434121607947,1073.0397114972027,509.35031564342694,11451.311764340402,0.0,10256.405330677055,321483.30038947304,7790.186194695267,10146.388589652232,0.0,0.00012896585390476188,0.0,0.0,0.0,0.0,0.06974562557222777,0.0,7.069074277777777e-07,0.0,0.0,0.0,0.00013626970505079363,1.2956236657341182e-05,0.0,7.367264095959955e-05,0.0,0.0,0.0,0.0,0.04013752648468591,0.0,3.9888396711229584e-07,0.0,0.0,0.0,7.778881114173499e-05,1.3341211599921153e-05
2026-09-22 19:36:48.378000021,0.0,499.31095799066463,0.0,0.0,0.0,0.0,319386.2803089839,0.0,6.338921415870194,0.0,0.0,0.0,487.76993177971167,130.61549325936255,0.008986147955904845,0.021170392223214287,0.0048088581202568375,0.003677093387834537,0.0035294567536063616,0.003373260363641477,0.006384850529388756,0.0003330703570283696,0.002821196009120815,0.03519075395664019,0.003613328525430753,0.019663261490935377,223664.25689237076,162638.57711422438,289865.5461106185,160519.3392758339,269465.986629624,174207.72281126078,22811.05385072454,90519.2550453598,100704.62190345206,1299329.8759539837,34964.39666329044,1013335.6711996814,217290.04270640988,134263.96816307053,219813.04709397795,163657.32674267126,210703.94522845282,126923.64372697359,38765.1708666854,17177.293481194116,47601.78652389177,696914.7725072606,25166.787336211153,861649.9215117147,3754.4140907408087,16880.76190476191,30867.52493396745,731.5134181952012,1087.1461492733524,516.0100450919181,11596.837972124724,0.0,10396.7054355151,321483.30038947304,7919.341028972963,10157.67845182475,0.0,0.00012972347295238094,0.0,0.0,0.0,0.0,0.07015055739564047,0.0,7.110602055555556e-07,0.0,0.0,0.0,0.00013706380822539683,1.307611577586921e-05,0.0,7.387664236565606e-05,0.0,0.0,0.0,0.0,0.04033976909855603,0.0,3.965686121761413e-07,0.0,0.0,0.0,7.817784665124388e-05,1.3314899891303123e-05
2026-09-22 19:37:03.378000021,0.0,499.31095799066463,0.0,0.0,0.0,0.0,319387.3723843568,0.0,6.419439308735274,0.0,0.0,0.0,487.76993177971167,130.1684001990048,0.009405612656101733,0.02046004076251871,0.0048088581202568375,0.0037896503306579527,0.0035294567536063616,0.003373260363641477,0.006702327717671971,0.0003330703570283696,0.002821196009120815,0.03463081592776457,0.003613328525430753,0.019465305775790347,232043.49677693358,180621.39745647277,289865.5461106185,170642.8849739903,269465.986629624,174207.72281126078,24082.02535410239,90519.2550453598,100704.62190345206,1219932.571697083,34964.39666329044,1015086.6721613136,224625.42614951098,140813.9826565429,219813.04709397795,173976.5632696751,210703.94522845282,126923.64372697359,41026.23889363918,17177.293481194116,47601.78652389177,654654.787439932,25166.787336211153,864440.344958458,3805.2130438399904,16311.223293638484,31270.731465124576,775.0628082716412,1101.2525870495024,522.6697745404093,11783.06604032368,0.0,10537.005540353142,301712.7248694688,8024.557068362523,10149.575538980986,0.0,0.0001301318257790698,0.0,0.0,0.0,0.0,0.0705652710297565,0.0,6.985801232558141e-07,0.0,0.0,0.0,0.00013800902963565892,1.3688015206035922e-05,0.0,7.430440241983869e-05,0.0,0.0,0.0,0.0,0.04056939039976147,0.0,3.9883853806005414e-07,0.0,0.0,0.0,7.862790616065375e-05,1.3390750741045714e-05
2026-09-22 19:37:18.378000021,0.0,500.2205625884814,0.0,0.0,0.0,0.0,317396.8277777411,0.0,6.338959195921131,0.0,0.0,0.0,492.3664826935309,126.892434550576,0.009405612656101733,0.02074343636344399,0.0048088581202568375,0.0037896503306579527,0.0035294567536063616,0.003373260363641477,0.006775736830365442,0.0003330703570283696,0.002821196009120815,0.03272581835767082,0.0034520605293661415,0.019896488526816716,234104.6882009237,190482.4965750593,289865.5461106185,170642.8849739903,269465.986629624,174207.72281126078,24082.02535410239,90519.2550453598,100704.62190345206,1273338.0939944813,33403.8858645042,1018302.2099176905,227432.931858343,148493.3230325816,219813.04709397795,173976.5632696751,210703.94522845282,126923.64372697359,41026.23889363918,17177.293481194116,47601.78652389177,681924.7042597389,24043.557789677965,897783.93995984,3856.0119969391726,16529.2573934416,31673.93799628172,777.9794495927463,1115.3590248256523,529.3295039889005,11937.623458815073,0.0,10677.305645191183,315160.6069022272,7754.097777777776,10196.352536639255,0.0,0.0001308874168643411,0.0,0.0,0.0,0.0,0.07097035128576622,0.0,7.026363248062016e-07,0.0,0.0,0.0,0.00013880401025581393,1.3837438503863825e-05,0.0,7.477981510175643e-05,0.0,0.0,0.0,0.0,0.04074438876563378,0.0,3.96550463297963e-07,0.0,0.0,0.0,7.909228883086559e-05,1.3276584013519803e-05
2026-09-22 19:37:33.378000021,0.0,500.2205625884814,0.0,0.0,0.0,0.0,317397.61754016543,0.0,6.419477364123187,0.0,0.0,0.0,492.3664826935309,128.63847582443836,0.009405612656101733,0.021012769133436443,0.0048088581202568375,0.0037896503306579527,0.003353957825398992,0.003340360156150006,0.006775736830365442,0.0003330703570283696,0.0025929116800682637,0.03449954035076289,0.0034465899149123953,0.019774204613244042,234104.6882009237,190482.4965750593,289865.5461106185,170642.8849739903,256067.0430688284,183127.44728735977,24082.02535410239,90519.2550453598,120448.24574769592,1342352.3431501654,51078.03955270295,1014151.7639072291,227432.931858343,148493.3230325816,219813.04709397795,173976.5632696751,200226.88908691666,133411.36933987998,41026.23889363918,17177.293481194116,57829.28092851951,718884.6614519109,35549.5544320654,893345.7256506592,3906.810950038355,16746.604440169256,32077.144527438857,777.9794495927463,1072.4006706012983,539.0896263537277,12092.180877306466,0.0,9909.657588409178,332242.14459546865,7505.949216478888,10177.015398754447,0.0,0.0001316430079496124,0.0,0.0,0.0,0.0,0.07137543154177592,0.0,7.066925263565892e-07,0.0,0.0,0.0,0.000139598990875969,1.3868599425751879e-05,0.0,7.520784791521631e-05,0.0,0.0,0.0,0.0,0.04097364890684686,0.0,3.9879459485297173e-07,0.0,0.0,0.0,7.954242985853573e-05,1.3429081103246011e-05
2026-09-22 19:37:48.378000021,0.0,497.31136374128226,0.0,0.0,0.0,0.0,315113.2435474138,0.0,6.338991300616035,0.0,0.0,0.0,498.61627133597443,146.29321408678183,0.008924674439186675,0.021282101903428892,0.00471962932052738,0.0037896503306579527,0.003463539277653192,0.0034968576491663864,0.0061698642168611624,0.0003324087573833753,0.0025929116800682637,0.03449954035076289,0.0034465899149123953,0.01979103523728467,222134.18766773757,190482.4965750593,299795.4736353921,170642.8849739903,275105.35321215476,191707.05698908507,21882.80322339274,79352.30880618603,120448.24574769592,1342352.3431501654,51078.03955270295,1016048.6452430245,215803.57896927244,148493.3230325816,225139.24564202613,173976.5632696751,215208.9274554061,139661.75668303328,37279.63489385134,18086.45250917647,57829.28092851951,718884.6614519109,35549.5544320654,895026.0161169142,3749.809230769231,16963.951486896916,26536.68075868894,777.9794495927463,960.240758038898,546.4193923073053,11128.339926345938,0.0,10038.18196161063,332242.14459546865,7601.835057492128,9766.06914065854,0.0,0.00013239859903488375,0.0,0.0,0.0,0.0,0.07178051179778563,0.0,7.107487279069767e-07,0.0,0.0,0.0,0.00014039397149612402,1.3984338513053465e-05,0.0,7.583774814025098e-05,0.0,0.0,0.0,0.0,0.041148283181236534,0.0,3.96532573708193e-07,0.0,0.0,0.0,8.03557624195764e-05,1.4612008467360707e-05
2026-09-22 19:38:03.378000021,0.0,497.31136374128226,0.0,0.0,0.0,0.0,315115.25688410806,0.0,6.419509331149369,0.0,0.0,0.0,498.61627133597443,150.34664576665077,0.008618759507152605,0.021546621599396177,0.00471962932052738,0.003920753900223688,0.003463539277653192,0.003332702037898331,0.006442031084280436,0.00032808899948503026,0.0025929116800682637,0.03449954035076289,0.003558777532806075,0.019726417549565868,238537.29606600286,190482.4965750593,303640.26619991206,183279.70052994607,278659.1744827494,182707.60883255367,23779.827024784056,74924.76061176792,120448.24574769592,1342352.3431501654,54735.252595946986,1010356.1608281137,223773.0870398665,148493.3230325816,228046.026504239,185748.1433389081,217966.68866733785,133105.5100927441,40516.70401518789,17077.299261398624,57829.28092851951,718884.6614519109,38090.32724469538,888967.876645419,3621.041816993275,17181.298533624577,26536.68075868894,817.6295137425558,960.240758038898,526.2222222222222,11284.647024080235,0.0,10166.706334812081,332242.14459546865,7715.927975688481,9773.318280262707,0.0,0.00013359472207272728,0.0,0.0,0.0,0.0,0.07199225922177002,0.0,6.98559362878788e-07,0.0,0.0,0.0,0.00014185054175454545,1.376040660572167e-05,0.0,7.626692334638597e-05,0.0,0.0,0.0,0.0,0.0413772924915521,0.0,3.987514897446012e-07,0.0,0.0,0.0,8.080794722899034e-05,1.4845820206892406e-05
2026-09-22 19:38:18.378000021,0.0,494.5528594987061,0.0,0.0,0.0,0.0,312907.188236803,0.0,6.339055971747399,0.0,0.0,0.0,499.40319713986,165.95245659244506,0.008618759507152605,0.020542394845008402,0.00471962932052738,0.0037403630721353125,0.003463539277653192,0.0033485932179660237,0.006525771068572941,0.00032808899948503026,0.0027446623330023285,0.03379801261711766,0.003558777532806075,0.019584254851899307,238537.29606600286,215887.97852825976,307485.0587644321,186454.66301543277,282212.9957533442,191650.66123554495,23779.827024784056,74924.76061176792,128253.85593208553,1254996.8948228795,54735.252595946986,1009261.5654291206,223773.0870398665,150155.7395746577,230952.8073664519,184247.35322171575,220620.8969545417,140241.33974712878,40516.70401518789,17077.299261398624,61572.94028091862,672281.2440523212,38090.32724469538,888634.9759752074,3666.919056986718,16360.53013062291,26536.68075868894,766.1470870567274,960.240758038898,510.75272705179367,11437.313212759273,0.0,10324.718980615335,310256.2687990099,7818.707651459057,9429.540162591395,0.0,0.00013435281298181817,0.0,0.0,0.0,0.0,0.07239625106716478,0.0,7.025233780303031e-07,0.0,0.0,0.0,0.0001426492766030303,1.3899343759653008e-05,0.0,7.660634487434961e-05,0.0,0.0,0.0,0.0,0.04155761769278281,0.0,3.965159630156633e-07,0.0,0.0,0.0,8.133127771253888e-05,1.5849946111969337e-05
2026-09-22 19:38:33.378000021,0.0,494.5528594987061,0.0,0.0,0.0,0.0,312906.1060076697,0.0,6.419574346453422,0.0,0.0,0.0,499.40319713986,168.56067329340638,0.00890968755890713,0.020809844513102076,0.00471962932052738,0.0037403630721353125,0.003463539277653192,0.0033485932179660237,0.0066095110528654475,0.00032808899948503026,0.0027446623330023285,0.03379801261711766,0.003558777532806075,0.019223808754986253,234834.7926051182,216040.58558391288,307583.4051616022,186454.66301543277,284305.70164757886,191650.66123554495,23779.827024784056,74924.76061176792,128253.85593208553,1254996.8948228795,54735.252595946986,1045185.9543489941,222017.04696877263,150155.7395746577,232542.46897702865,184247.35322171575,220620.8969545417,140241.33974712878,40516.70401518789,17077.299261398624,61572.94028091862,672281.2440523212,38090.32724469538,911671.69464272,798.7319239265787,16576.6847915462,26536.68075868894,770.5779704003903,960.240758038898,517.4250467342387,11589.979401438311,0.0,10461.580439652751,310256.2687990099,7921.4873272296345,6994.400832295448,0.0,0.00013511090389090906,0.0,0.0,0.0,0.0,0.07280024291255952,0.0,7.064873931818181e-07,0.0,0.0,0.0,0.00014344801145151515,1.4038280913584349e-05,0.0,7.703501783781442e-05,0.0,0.0,0.0,0.0,0.04178634051606031,0.0,3.987102287678041e-07,0.0,0.0,0.0,8.1783858428273e-05,1.612635473246718e-05
2026-09-22 19:38:48.378000021,0.0,494.83642406978703,0.0,0.0,0.0,0.0,310807.0702279578,0.0,0.0,0.0,0.0,0.0,502.86903324864153,167.1124650802027,0.00890968755890713,0.021077294181195742,0.00471962932052738,0.0037403630721353125,0.003463539277653192,0.0033485932179660237,0.006351345541345906,0.00032808899948503026,0.0027446623330023285,0.03379801261711766,0.003558777532806075,0.018997475905813136,234834.7926051182,216040.58558391288,307583.4051616022,186454.66301543277,284305.70164757886,191650.66123554495,52624.56623481387,74924.76061176792,128253.85593208553,1254996.8948228795,54735.252595946986,1059333.0501582103,222017.04696877263,150155.7395746577,232542.46897702865,184247.35322171575,220620.8969545417,140241.33974712878,52991.30035674796,17077.299261398624,61572.94028091862,672281.2440523212,38090.32724469538,918033.9946459363,798.7319239265787,16792.839452469492,26536.68075868894,770.5779704003903,960.240758038898,524.0973664166836,11118.935695148553,0.0,10598.441898690167,310256.2687990099,8024.267003000213,6067.420023781353,0.0,0.00013586899480000003,0.0,0.0,0.0,0.0,0.07320423475795423,0.0,7.104514083333334e-07,0.0,0.0,0.0,0.00014424674630000002,1.4177218067515688e-05,0.0,7.753204857964312e-05,0.0,0.0,0.0,0.0,0.0419594867311954,0.0,3.96498990976976e-07,0.0,0.0,0.0,8.247254979205884e-05,1.5916473097499816e-05
2026-09-22 19:39:03.378000021,0.0,494.83642406978703,0.0,0.0,0.0,0.0,310807.3618766543,0.0,0.0,0.0,0.0,0.0,502.86903324864153,167.58356271818246,0.00890968755890713,0.021344743849289412,0.0045352254571693305,0.0037403630721353125,0.003463539277653192,0.0033485932179660237,0.006351345541345906,0.00032808899948503026,0.0027446623330023285,0.03171490099521457,0.003397359168743845,0.018721247557810582,234834.7926051182,216040.58558391288,287963.2471297495,186454.66301543277,284305.70164757886,191650.66123554495,52624.56623481387,74924.76061176792,128253.85593208553,1127196.980247983,52252.581271559895,1065543.3121534875,222017.04696877263,150155.7395746577,217709.02896081778,184247.35322171575,220620.8969545417,140241.33974712878,52991.30035674796,17077.299261398624,61572.94028091862,690396.1291606526,36362.63332346685,924735.5820628321,798.7319239265787,17008.994113392782,24843.956569447477,770.5779704003903,960.240758038898,530.7696860991285,11263.493028648785,0.0,10735.303357727582,270850.1685839849,7754.097777777778,95.93572253714406,0.0,0.00013658733907407407,0.0,0.0,0.0,0.0,0.07342368514824803,0.0,6.98539525185185e-07,0.0,0.0,0.0,0.0001455848824288889,1.3866679648124095e-05,0.0,7.796109982525696e-05,0.0,0.0,0.0,0.0,0.04218792465922551,0.0,3.986691441395165e-07,0.0,0.0,0.0,8.292642992136205e-05,1.606517966619782e-05
2026-09-22 19:39:18.378000021,0.0,506.6481101695133,0.0,0.0,0.0,0.0,308978.0775089223,0.0,0.0,0.0,0.0,0.0,509.4363720452297,161.7844695119945,0.00890968755890713,0.020280675494146996,0.0045352254571693305,0.0037403630721353125,0.003463539277653192,0.0030715545658223367,0.006351345541345906,0.00032808899948503026,0.0025888658642043466,0.03213559787592645,0.003351863438359561,0.018647221423252914,234834.7926051182,204765.84718755004,287963.2471297495,186454.66301543277,284305.70164757886,185258.18754639497,52624.56623481387,74924.76061176792,120973.72619675059,1142149.2026626056,50053.06570561739,1066220.7574261674,222017.04696877263,142319.40327774888,217709.02896081778,184247.35322171575,220620.8969545417,131766.1679230951,52991.30035674796,17077.299261398624,58077.84853359147,699554.2059283295,34831.98783060664,923426.8094647314,798.7319239265787,16326.201728121318,24843.956569447477,770.5779704003903,960.240758038898,0.0,11408.050362149017,0.0,10250.666666666668,274442.98513040144,7519.012147469573,95.20885247936357,0.0,0.00013734520944444446,0.0,0.0,0.0,0.0,0.07382665758817292,0.0,7.024154511111112e-07,0.0,0.0,0.0,0.00014638661020666667,1.3994515326334775e-05,0.0,7.876429081932333e-05,0.0,0.0,0.0,0.0,0.042356194374207096,0.0,3.9648253157762484e-07,0.0,0.0,0.0,8.353875546159818e-05,1.5839844086832943e-05
2026-09-22 19:39:33.378000021,0.0,506.6481101695133,0.0,0.0,0.0,0.0,308977.6171733725,0.0,0.0,0.0,0.0,0.0,509.4363720452297,163.65268630952417,0.008525357048944223,0.01945955438708307,0.004354717171548829,0.003637883084300721,0.0031956359144070705,0.0031121925430083047,0.006351345541345906,0.00033720200197473563,0.0026541892466381755,0.03300325773456131,0.003262483264134685,0.018536056913921385,224704.90028260567,198454.84030876003,286572.93061272864,181109.41530945993,272003.29513047845,187709.2323960601,52624.56623481387,64728.10400929975,151397.94061709885,1290034.3958634804,46825.55531025446,1072914.8363785066,212440.0641264659,137548.55888393175,212245.62475579925,179610.24116465656,207835.52700240753,133509.49053423278,52991.30035674796,12359.900193096204,72625.11444745261,785295.1669980029,33334.311372554606,915933.2337335816,764.2776239731008,14408.951207421573,25200.517751890184,30.595390710272817,72.30385449136213,0.0,11552.60769564925,0.0,9967.345255069025,269377.42495345516,5374.619882207995,94.48198242158308,0.0,0.00013810307981481485,0.0,0.0,0.0,0.0,0.0742296300280978,0.0,7.062913770370372e-07,0.0,0.0,0.0,0.00014718833798444447,1.4009999007720057e-05,0.0,7.919538983653747e-05,0.0,0.0,0.0,0.0,0.042584307333984224,0.0,3.986290971104619e-07,0.0,0.0,0.0,8.399349808850594e-05,1.606644623181839e-05
2026-09-22 19:39:48.378000021,0.0,511.448585746845,0.0,0.0,0.0,0.0,307685.8288583902,0.0,0.0,0.0,0.0,0.0,517.8038767788231,162.48852214484347,0.008224268018113264,0.01945955438708307,0.004354717171548829,0.0035113460960468175,0.003182131356741814,0.0030882296824609784,0.006708321681263086,0.0003173576836376543,0.0026541892466381755,0.03300325773456131,0.003262483264134685,0.018401036537308898,238560.16807376573,198454.84030876003,286572.93061272864,184661.94297716804,256658.31225448177,186263.93294970752,55316.55404124182,58844.27732179669,151397.94061709885,1290034.3958634804,46825.55531025446,1085581.689470716,218183.02380537547,137548.55888393175,212245.62475579925,177862.70438708918,196124.09965695374,132481.5113011986,56012.80948399796,11236.377239286754,72625.11444745261,785295.1669980029,33334.311372554606,930161.506933992,727.5077008435828,14408.951207421573,25200.517751890184,28.30068091604108,68.20958601310834,0.0,11744.994706242305,0.0,10095.468406345512,269377.42495345516,5374.619882207995,92.2761049602668,0.0,0.00013886095018518524,0.0,0.0,0.0,0.0,0.07463260246802271,0.0,7.101673029629631e-07,0.0,0.0,0.0,0.00014799006576222224,1.4105033098629145e-05,0.0,7.983694135603312e-05,0.0,0.0,0.0,0.0,0.04276274826228269,0.0,3.964661418600254e-07,0.0,0.0,0.0,8.483018061695554e-05,1.5915540664537205e-05
2026-09-22 19:40:03.378000021,0.0,511.448585746845,0.0,0.0,0.0,0.0,307686.13583693,0.0,0.0,0.0,0.0,0.0,517.8038767788231,162.55485804350835,0.007977579260255892,0.01945955438708307,0.004354717171548829,0.0035113460960468175,0.003182131356741814,0.003107992768999074,0.006358147596562777,0.0003173576836376543,0.0026541892466381755,0.03300325773456131,0.003262483264134685,0.01792323750910311,252939.85123220607,198454.84030876003,286572.93061272864,184661.94297716804,256658.31225448177,176759.49931601027,53974.51131749503,58844.27732179669,151397.94061709885,1290034.3958634804,46825.55531025446,1080664.4377743572,233449.2447356346,137548.55888393175,212245.62475579925,177862.70438708918,196124.09965695374,125721.41710629003,54653.874808700406,11236.377239286754,72625.11444745261,785295.1669980029,33334.311372554606,924869.0028605646,78.62134775797172,14408.951207421573,25200.517751890184,28.30068091604108,68.20958601310834,0.0,11114.28382621315,0.0,10223.591557621998,269377.42495345516,5374.619882207995,90.49608806934884,0.0,0.00014065594020000002,0.0,0.0,0.0,0.0,0.07484199860541405,0.0,6.985205500000001e-07,0.0,0.0,0.0,0.00014974171028985506,1.388921026066462e-05,0.0,8.026917976628355e-05,0.0,0.0,0.0,0.0,0.04299059520487606,0.0,3.9858962548036465e-07,0.0,0.0,0.0,8.528697993912164e-05,1.603204893953627e-05
2026-09-22 19:40:18.378000021,0.0,508.9306231876128,0.0,0.0,0.0,0.0,306223.524319606,0.0,0.0,0.0,0.0,0.0,521.5027767139028,172.35883550584487,0.007977579260255892,0.01945955438708307,0.004354717171548829,0.0035113460960468175,0.003182131356741814,0.003107992768999074,0.006439987568115506,0.0003173576836376543,0.0026541892466381755,0.03300325773456131,0.003262483264134685,0.01787942586498456,252939.85123220607,198454.84030876003,286572.93061272864,184661.94297716804,256658.31225448177,176759.49931601027,53974.51131749503,58844.27732179669,151397.94061709885,1290034.3958634804,46825.55531025446,1095545.4612505652,233449.2447356346,137548.55888393175,212245.62475579925,177862.70438708918,196124.09965695374,125721.41710629003,54653.874808700406,11236.377239286754,72625.11444745261,785295.1669980029,33334.311372554606,940546.1044724453,78.62134775797172,14408.951207421573,25200.517751890184,28.30068091604108,68.20958601310834,0.0,11259.612529804785,0.0,10249.852102118899,269377.42495345516,5374.619882207995,95.69356034678478,0.0,0.0001414194402,0.0,0.0,0.0,0.0,0.07524392837184779,0.0,7.023122166666666e-07,0.0,0.0,0.0,0.0001505485943478261,1.398145744262919e-05,0.0,8.062308973547626e-05,0.0,0.0,0.0,0.0,0.04316392813495081,0.0,3.964506633356554e-07,0.0,0.0,0.0,8.58228528704813e-05,1.7064882243587123e-05
2026-09-22 19:40:33.378000021,0.0,508.9306231876128,0.0,0.0,0.0,0.0,306223.08296814346,0.0,0.0,0.0,0.0,0.0,521.5027767139028,174.36372279914184,0.007977579260255892,0.01901973148571999,0.004354717171548829,0.0034713226074012844,0.003182131356741814,0.003107992768999074,0.006521827539668236,0.0003173576836376543,0.002518141895619552,0.03300325773456131,0.00300102151864362,0.017657691779317346,252939.85123220607,204785.72545385017,286572.93061272864,196838.64091027994,256658.31225448177,176759.49931601027,53974.51131749503,58844.27732179669,143576.76096385132,1290034.3958634804,45607.01794163626,1085324.475393481,233449.2447356346,143995.4487827943,212245.62475579925,189670.19574220898,196124.09965695374,125721.41710629003,54653.874808700406,11236.377239286754,68873.319243925,785295.1669980029,32784.15279881229,927488.8908737601,78.62134775797172,12897.245345645733,25200.517751890184,0.0,68.20958601310834,0.0,11404.94123339642,0.0,9720.347312402922,269377.42495345516,4214.994875053715,96.696528221656,0.0,0.00014218294020000002,0.0,0.0,0.0,0.0,0.07564585813828152,0.0,7.061038833333334e-07,0.0,0.0,0.0,0.00015135547840579712,1.4073704624593764e-05,0.0,8.105490861702937e-05,0.0,0.0,0.0,0.0,0.04339148950934932,0.0,3.985515591405248e-07,0.0,0.0,0.0,8.628007345951794e-05,1.730180516491606e-05
2026-09-22 19:40:48.378000021,0.0,507.0972176390027,0.0,0.0,0.0,0.0,304860.2948013797,0.0,0.0,0.0,0.0,0.0,526.2986374586868,176.72474473242445,0.007977579260255892,0.01820851433436934,0.004140854701934355,0.0034713226074012844,0.0031349214696297953,0.003107992768999074,0.006547197724218373,0.0003173576836376543,0.0026443339372402706,0.03300325773456131,0.0030020619114050537,0.01742821511357839,252939.85123220607,196051.33859015148,272499.182019844,196838.64091027994,270916.53543307085,176759.49931601027,53974.51131749503,58844.27732179669,147854.65375703588,1290034.3958634804,45622.828961664694,1074165.5698515691,233449.2447356346,137853.8490521809,201822.129569544,189670.19574220898,206595.91334386932,125721.41710629003,54653.874808700406,11236.377239286754,72707.04062304558,785295.1669980029,32795.51839384376,920532.4115481758,78.62134775797172,12347.160469977514,23962.90696118393,0.0,0.0,0.0,11550.269936988057,0.0,6547.340390263658,269377.42495345516,4216.456127540658,98.6642628835273,0.0,0.00014294644020000004,0.0,0.0,0.0,0.0,0.07604778790471528,0.0,7.098955499999999e-07,0.0,0.0,0.0,0.0001521623624637681,1.4165951806558337e-05,0.0,8.141505844349e-05,0.0,0.0,0.0,0.0,0.043568053844999906,0.0,3.9643523237695336e-07,0.0,0.0,0.0,8.698911317781775e-05,1.7341839793314962e-05
2026-09-22 19:41:03.378000021,0.0,507.0972176390027,0.0,0.0,0.0,0.0,304860.6187707014,0.0,0.0,0.0,0.0,0.0,526.2986374586868,177.09786745383957,0.007977579260255892,0.017970767690797838,0.003967846153141475,0.0034713226074012844,0.0031349214696297953,0.003028546484898072,0.006547197724218373,0.00030333136747584034,0.0026443339372402706,0.03176679445971474,0.0029626530946840696,0.017252884277627393,252939.85123220607,193491.51702197836,281859.493131673,196838.64091027994,270916.53543307085,167288.11785090095,53974.51131749503,47580.42766912716,147854.65375703588,1277328.8590844383,45023.926687859974,1075559.4608653751,233449.2447356346,136053.90594239597,174056.6890038063,189670.19574220898,206595.91334386932,118984.8314950185,54653.874808700406,6276.782588844076,72707.04062304558,775643.9462445497,32365.003430530513,908436.3611021634,78.62134775797172,12185.944903156942,24168.39058084197,0.0,0.0,0.0,11626.29628733088,0.0,6547.340390263658,267057.2490173783,4161.105654550396,94.88773689619816,0.0,0.00014344395529858157,0.0,0.0,0.0,0.0,0.07626297604494214,0.0,6.985023822695035e-07,0.0,0.0,0.0,0.0001535504056113475,1.429597296294686e-05,0.0,8.184649753250311e-05,0.0,0.0,0.0,0.0,0.0437953478841335,0.0,3.985140143894503e-07,0.0,0.0,0.0,8.744766118871384e-05,1.7478502945723633e-05
2026-09-22 19:41:18.378000021,0.0,513.4288088472154,0.0,0.0,0.0,0.0,303200.7363660526,0.0,0.0,0.0,0.0,0.0,535.6032705150959,183.51309631682648,0.007640706032043437,0.017118830713225272,0.003967846153141475,0.0034713226074012844,0.0031349214696297953,0.0029758893287776082,0.006547197724218373,0.00030333136747584034,0.0026443339372402706,0.03176679445971474,0.0029838814014737417,0.017033954998380618,242258.8336642981,209585.65007829817,281859.493131673,196838.64091027994,270916.53543307085,176078.0341101019,53974.51131749503,47580.42766912716,147854.65375703588,1277328.8590844383,62679.70979512444,1054303.5232460804,223591.2667535606,142045.78579515024,174056.6890038063,189670.19574220898,206595.91334386932,123965.30250959477,54653.874808700406,6276.782588844076,72707.04062304558,775643.9462445497,30814.64654352363,891938.0188975105,75.30136479552198,11603.153620358882,24168.39058084197,0.0,0.0,0.0,11626.29628733088,0.0,6547.340390263658,267057.2490173783,3961.7792795990517,94.0422413069769,0.0,0.0001442060421780142,0.0,0.0,0.0,0.0,0.076663920630194,0.0,7.022133751773049e-07,0.0,0.0,0.0,0.00015436037724255317,1.4396310040241546e-05,0.0,8.248647123830346e-05,0.0,0.0,0.0,0.0,0.04396485522083427,0.0,3.964203982378869e-07,0.0,0.0,0.0,8.822012484640083e-05,1.824230924580398e-05
2026-09-22 19:41:33.378000021,0.0,513.4288088472154,0.0,0.0,0.0,0.0,303201.5825149809,0.0,0.0,0.0,0.0,0.0,535.6032705150959,185.78318465851618,0.007200778390959064,0.017118830713225272,0.003967846153141475,0.003280891996293035,0.002979867422512728,0.0029758893287776082,0.006892475002220476,0.00030207671355274936,0.0026443339372402706,0.03176679445971474,0.0029838814014737417,0.016908728082896955,248164.16645424996,209585.65007829817,281859.493131673,186040.42163836863,257516.9317566213,176078.0341101019,54073.26617235039,56581.639102405374,147854.65375703588,1277328.8590844383,62679.70979512444,1058660.7163231024,193499.87164925752,142045.78579515024,174056.6890038063,179265.2246780964,196377.62469066208,123965.30250959477,59423.89212648933,10110.576814851629,72707.04062304558,775643.9462445497,30814.64654352363,891890.8576213215,77.47521029255863,11603.153620358882,24168.39058084197,0.0,0.0,0.0,8029.931935651797,0.0,6547.340390263658,267057.2490173783,3961.7792795990517,92.50607905998848,0.0,0.00014496812905744684,0.0,0.0,0.0,0.0,0.07706486521544587,0.0,7.059243680851065e-07,0.0,0.0,0.0,0.0001551703488737589,1.4496647117536231e-05,0.0,8.291900381590888e-05,0.0,0.0,0.0,0.0,0.04419185264688454,0.0,3.984775285723447e-07,0.0,0.0,0.0,8.868031034835742e-05,1.8494770109941366e-05
2026-09-22 19:41:48.378000021,0.0,514.7671490051448,0.0,0.0,0.0,0.0,301856.6369464032,0.0,0.0,0.0,0.0,0.0,540.4010197329612,181.0492382288443,0.007200778390959064,0.01649498828997622,0.003967846153141475,0.003317085725415272,0.0029826871733541842,0.0029758893287776082,0.006595625156250001,0.00030207671355274936,0.002661939881601355,0.03176679445971474,0.0029838814014737417,0.016561363243464966,248164.16645424996,191565.55451466455,281859.493131673,178281.85603917605,244136.1181354513,176078.0341101019,51138.63867050629,56581.639102405374,175969.92638379542,1277328.8590844383,62679.70979512444,1045400.971302544,193499.87164925752,129215.70944728688,174056.6890038063,171789.20955691717,186089.7202572266,123965.30250959477,56198.87909426042,10110.576814851629,86218.95279372144,775643.9462445497,30814.64654352363,880438.2377850135,77.47521029255863,12068.545074583844,24168.39058084197,0.0,0.0,0.0,7594.136934454892,0.0,5894.082770924752,267057.2490173783,3961.7792795990517,91.07180659500642,0.0,0.00014573021593687944,0.0,0.0,0.0,0.0,0.07746580980069773,0.0,7.096353609929078e-07,0.0,0.0,0.0,0.00015598032050496454,1.4596984194830918e-05,0.0,8.343091003607836e-05,0.0,0.0,0.0,0.0,0.044374866986934575,0.0,3.964055974192983e-07,0.0,0.0,0.0,8.936972233816597e-05,1.8281468832313046e-05
2026-09-22 19:42:03.378000021,0.0,514.7671490051448,0.0,0.0,0.0,0.0,301855.57392329583,0.0,0.0,0.0,0.0,0.0,540.4010197329612,183.12232872039198,0.007200778390959064,0.01649498828997622,0.003856785680199214,0.0032548871057428777,0.0028910975619968124,0.0029758893287776082,0.006376013467923131,0.00030207671355274936,0.002661939881601355,0.03176679445971474,0.0029838814014737417,0.016010961837114594,248164.16645424996,191565.55451466455,266959.8465983532,188456.08308124752,235293.44335966758,176078.0341101019,78482.34305937096,56581.639102405374,175969.92638379542,1277328.8590844383,62679.70979512444,1067232.480041344,193499.87164925752,129215.70944728688,164855.71048042132,182927.89055906364,174072.940053388,123965.30250959477,67641.88439758029,10110.576814851629,86218.95279372144,775643.9462445497,30814.64654352363,880127.6156635522,77.47521029255863,12068.545074583844,22890.801974785903,0.0,0.0,0.0,7199.525220892027,0.0,5894.082770924752,267057.2490173783,3961.7792795990517,44.33107374141597,0.0,0.00014700322052708334,0.0,0.0,0.0,0.0,0.07768663646757022,0.0,6.984849715277778e-07,0.0,0.0,0.0,0.00015774786077708337,1.4292438538750086e-05,0.0,8.386385450394638e-05,0.0,0.0,0.0,0.0,0.04460163884161847,0.0,3.9844152105553447e-07,0.0,0.0,0.0,8.983109121688898e-05,1.8463032011907688e-05
2026-09-22 19:42:18.378000021,0.0,514.2439459767226,0.0,0.0,0.0,0.0,300322.05309424305,0.0,0.0,0.0,0.0,0.0,546.2331946674329,196.86301392209475,0.007200778390959064,0.01649498828997622,0.003856785680199214,0.0032548871057428777,0.0028910975619968124,0.0029758893287776082,0.006381398133572702,0.00030629206408630777,0.002661939881601355,0.03051286384337396,0.002922395538303837,0.0160582820193543,248164.16645424996,191565.55451466455,266959.8465983532,188456.08308124752,235293.44335966758,176078.0341101019,78482.34305937096,46177.5391605476,175969.92638379542,1319983.9134851815,67843.15272467585,1059727.8180610219,193499.87164925752,129215.70944728688,164855.71048042132,182927.89055906364,174072.940053388,123965.30250959477,67641.88439758029,11040.013764924212,86218.95279372144,801629.1558169217,32980.36056956583,875020.2476925394,77.47521029255863,12068.545074583844,22890.801974785903,0.0,0.0,0.0,7199.525220892027,0.0,5894.082770924752,275059.03021394333,4337.95016541894,44.183347910234836,0.0,0.00014776796531875,0.0,0.0,0.0,0.0,0.07808665153542371,0.0,7.021186520833333e-07,0.0,0.0,0.0,0.00015856281390208335,1.4407216047539342e-05,0.0,8.420251080690437e-05,0.0,0.0,0.0,0.0,0.044773668275109826,0.0,3.9639150321984133e-07,0.0,0.0,0.0,9.03566056696533e-05,1.9466397069766162e-05
2026-09-22 19:42:33.378000021,0.0,514.2439459767226,0.0,0.0,0.0,0.0,300321.5567339792,0.0,0.0,0.0,0.0,0.0,546.2331946674329,199.17122991193813,0.007200778390959064,0.01649498828997622,0.003856785680199214,0.0032548871057428777,0.0028910975619968124,0.0028857371013863036,0.006381398133572702,0.00030629206408630777,0.002661939881601355,0.03011491556484174,0.0028512885946510003,0.01597314841641206,248164.16645424996,191565.55451466455,266959.8465983532,188456.08308124752,235293.44335966758,163439.66387146723,78482.34305937096,46177.5391605476,175969.92638379542,1302768.7045569732,63030.11745844902,1048714.291710206,193499.87164925752,129215.70944728688,164855.71048042132,182927.89055906364,174072.940053388,115067.43289298526,67641.88439758029,11040.013764924212,86218.95279372144,791174.3212849655,30640.61614232223,851946.6042169936,77.47521029255863,12068.545074583844,22890.801974785903,0.0,0.0,0.0,7199.525220892027,0.0,5894.082770924752,271471.71477445366,4030.200506230389,44.08559134698901,0.0,0.0001485327101104167,0.0,0.0,0.0,0.0,0.07848666660327719,0.0,7.057523326388891e-07,0.0,0.0,0.0,0.00015937776702708338,1.4528437364661937e-05,0.0,8.463497101511032e-05,0.0,0.0,0.0,0.0,0.045000148447747364,0.0,3.984066549875759e-07,0.0,0.0,0.0,9.081830231743932e-05,1.972271880235203e-05
2026-09-22 19:42:48.378000021,0.0,516.9936266526461,0.0,0.0,0.0,0.0,298849.3039020864,0.0,0.0,0.0,0.0,0.0,549.3892101922262,197.36441773396808,0.007200778390959064,0.014614061827710493,0.003525447029360503,0.0032548871057428777,0.0028910975619968124,0.0027820409827165136,0.006381398133572702,0.00030629206408630777,0.0026619398816013556,0.030894863053125138,0.0028512885946510003,0.015612395382875937,248164.16645424996,185716.60330246235,238846.6126405393,188456.08308124752,235293.44335966758,148838.27212980192,78482.34305937096,46177.5391605476,175969.92638379545,1241057.5347818201,63030.11745844902,1030352.5702481763,193499.87164925752,125680.5738751384,141084.78626617865,182927.89055906364,174072.940053388,100513.32564033195,67641.88439758029,11040.013764924212,86218.95279372146,753735.504667811,30640.61614232223,829859.164282256,77.47521029255863,11137.579087696527,24009.910915780405,0.0,0.0,0.0,7199.525220892027,0.0,5894.082770924753,258589.97223036241,4030.200506230389,43.98783478374319,0.0,0.00014929745490208332,0.0,0.0,0.0,0.0,0.07888668167113069,0.0,7.093860131944446e-07,0.0,0.0,0.0,0.00016019272015208337,1.4649658681784532e-05,0.0,8.529009390444469e-05,0.0,0.0,0.0,0.0,0.04517507376627336,0.0,3.963771597485843e-07,0.0,0.0,0.0,9.127730189679707e-05,1.9630644083687755e-05
2026-09-22 19:43:03.378000021,0.0,516.9936266526461,0.0,0.0,0.0,0.0,298847.97377184115,0.0,0.0,0.0,0.0,0.0,549.3892101922262,201.7693842528007,0.007010091004122131,0.014614061827710493,0.0037125714592396017,0.0029338673196332202,0.0028009797032818922,0.0027820409827165136,0.006703654918465193,0.00030629206408630777,0.0024961646396926118,0.030894863053125138,0.0028512885946510003,0.015574048800203499,259083.60645399246,185716.60330246235,251524.16412456264,152520.43570983686,238547.27037822924,148838.27212980192,82074.73022736929,46177.5391605476,164630.57481089587,1241057.5347818201,63030.11745844902,1023142.4206445124,200203.9929444095,125680.5738751384,148573.3146640829,149412.08067625694,163099.8446492927,100513.32564033195,71222.15371863847,11040.013764924212,80663.07720710036,753735.504667811,30640.61614232223,826580.6162744762,54.79357811314552,11137.579087696527,25284.31409192977,0.0,0.0,0.0,7018.929301582769,0.0,5514.273117577984,258589.97223036241,4030.200506230389,43.890078220497365,0.0,0.00015028647792244898,0.0,0.0,0.0,0.0,0.07909954140209385,0.0,6.984682714285714e-07,0.0,0.0,0.0,0.00016111631879863944,1.6753273722795464e-05,0.0,8.572368607053456e-05,0.0,0.0,0.0,0.0,0.04540129507709463,0.0,3.983719565370746e-07,0.0,0.0,0.0,9.173898490282159e-05,1.9879643369337478e-05
2026-09-22 19:43:18.378000021,0.0,523.2263613156721,0.0,0.0,0.0,0.0,297383.4434078592,0.0,0.0,0.0,0.0,0.0,561.7219251885502,197.1333531556763,0.006601555126620965,0.014614061827710493,0.0037125714592396017,0.003084782934056137,0.0028009797032818922,0.0027820409827165136,0.0068208429271346994,0.0002906877712400162,0.002612102216831997,0.030894863053125138,0.0028512885946510003,0.015204258251708177,237797.9133433249,185716.60330246235,251524.16412456264,160365.95589173742,238547.27037822924,148838.27212980192,86623.4382573171,43824.98769588008,172445.47705222672,1241057.5347818201,63030.11745844902,993223.5305832374,183758.97422855353,125680.5738751384,148573.3146640829,157097.70974563237,163099.8446492927,100513.32564033195,75169.39523417762,10477.571481841016,84653.66876979634,753735.504667811,30640.61614232223,804577.0785500482,50.28882927458118,11137.579087696527,25284.31409192977,0.0,0.0,0.0,7407.929179953358,0.0,5457.318829130315,258589.97223036241,4030.200506230389,40.07681626982115,0.0,0.00015105236567755105,0.0,0.0,0.0,0.0,0.07949859632818512,0.0,7.020277952380953e-07,0.0,0.0,0.0,0.00016193182560136056,1.692868594425456e-05,0.0,8.635212328762718e-05,0.0,0.0,0.0,0.0,0.045576814808484946,0.0,3.9636323529685023e-07,0.0,0.0,0.0,9.255662189878351e-05,1.96761700821435e-05
2026-09-22 19:43:33.378000021,0.0,523.2263613156721,0.0,0.0,0.0,0.0,297384.6311637058,0.0,0.0,0.0,0.0,0.0,561.7219251885502,198.31468710244442,0.006601555126620965,0.014614061827710493,0.0035343795252675086,0.003084782934056137,0.0028009797032818922,0.0027820409827165136,0.006604740097222221,0.00028899849506344835,0.002765366002144827,0.030894863053125138,0.0028512885946510003,0.015180815834036628,237797.9133433249,185716.60330246235,231171.45544934698,160365.95589173742,238547.27037822924,148838.27212980192,82894.83762907045,41742.37639821937,181974.59796760278,1241057.5347818201,63030.11745844902,984486.2292464057,183758.97422855353,125680.5738751384,150077.08325259053,157097.70974563237,163099.8446492927,100513.32564033195,71933.81996801806,9979.66583742754,89620.6802568173,753735.504667811,30640.61614232223,798018.4633754918,50.28882927458118,11137.579087696527,23238.370392815243,0.0,0.0,0.0,7089.063871093978,0.0,5777.524269798676,258589.97223036241,4030.200506230389,43.967367969085444,0.0,0.00015181825343265308,0.0,0.0,0.0,0.0,0.07989765125427639,0.0,7.05587319047619e-07,0.0,0.0,0.0,0.00016274733240408164,1.7104098165713657e-05,0.0,8.678669602424397e-05,0.0,0.0,0.0,0.0,0.04580283261361072,0.0,3.9833808486235063e-07,0.0,0.0,0.0,9.302008729956942e-05,1.985816324459847e-05
2026-09-22 19:43:48.378000021,0.0,522.0397175028703,0.0,0.0,0.0,0.0,295972.678249204,0.0,0.0,0.0,0.0,0.0,563.8315789113723,214.60758556156662,0.006601555126620965,0.013933966776688563,0.0035343795252675086,0.003084782934056137,0.0028009797032818922,0.0027820409827165136,0.006604740097222221,0.00028899849506344835,0.002765366002144827,0.03097268039956153,0.0028512885946510003,0.014918977449697113,237797.9133433249,192043.3485644992,231171.45544934698,160365.95589173742,238547.27037822924,148838.27212980192,81812.04465085398,41742.37639821937,182563.62878564367,1117348.2928068433,63030.11745844902,985351.4193414001,183758.97422855353,128452.37964000138,150077.08325259053,157097.70974563237,163099.8446492927,100513.32564033195,70994.20252759082,9979.66583742754,89620.6802568173,678463.8179239405,30640.61614232223,788469.3100322164,50.28882927458118,11801.33278151109,23238.370392815243,0.0,0.0,0.0,6996.464756344561,0.0,5777.524269798676,272890.48505694023,4030.200506230389,41.83265454892419,0.0,0.0001525841411877551,0.0,0.0,0.0,0.0,0.08029670618036766,0.0,7.091468428571428e-07,0.0,0.0,0.0,0.0001635628392068027,1.7279510387172753e-05,0.0,8.71507748543783e-05,0.0,0.0,0.0,0.0,0.045982266147535526,0.0,3.963498482438088e-07,0.0,0.0,0.0,9.355255771862546e-05,2.0886629383258658e-05
2026-09-22 19:44:03.378000021,0.0,522.0397175028703,0.0,0.0,0.0,0.0,295972.19943090464,0.0,0.0,0.0,0.0,0.0,563.8315789113723,219.29056253867418,0.006601555126620965,0.013933966776688563,0.0035343795252675086,0.003084782934056137,0.002719213892754077,0.002710207151013174,0.006351589658257416,0.00028806345320052086,0.002765366002144827,0.030375537960208903,0.00277759382505366,0.014456611928351825,237797.9133433249,192043.3485644992,231171.45544934698,160365.95589173742,227887.50938784066,137828.23252722534,77613.72679391359,46209.42999779572,182563.62878564367,1046643.4745756144,68282.88810904542,986979.6465571503,183758.97422855353,128452.37964000138,150077.08325259053,157097.70974563237,148402.40059466742,93079.16901000393,67351.01979718934,11047.638148739254,89620.6802568173,635756.7190650809,33075.6550717864,772388.5206620627,50.28882927458118,11801.33278151109,23238.370392815243,0.0,0.0,0.0,6637.42981170565,0.0,5777.524269798676,255403.50396627487,4383.811287481418,39.512270412100634,0.0,0.00015357239469133334,0.0,0.0,0.0,0.0,0.08052373918473497,0.0,6.984522393333333e-07,0.0,0.0,0.0,0.0001651294969766667,1.8998957414890403e-05,0.0,8.75849963609535e-05,0.0,0.0,0.0,0.0,0.04620805663317883,0.0,3.9830514685715276e-07,0.0,0.0,0.0,9.401636522942962e-05,2.11401004277839e-05
2026-09-22 19:44:18.378000021,0.0,523.4668675136551,0.0,0.0,0.0,0.0,294336.3704188896,0.0,0.0,0.0,0.0,0.0,572.9651632494467,215.66708075327404,0.006125449319329614,0.012862250346839302,0.0035343795252675086,0.003084782934056137,0.002647025087494801,0.002710207151013174,0.006351589658257416,0.00028806345320052086,0.002765366002144827,0.030375537960208903,0.002673261965890744,0.014210201231747883,244473.06521516983,177245.32079509622,231171.45544934698,160365.95589173742,211474.50648648356,137828.23252722534,77613.72679391359,46209.42999779572,182563.62878564367,1046643.4745756144,61933.10482215579,975822.6658866471,186719.59155089347,118554.39621507573,150077.08325259053,157097.70974563237,137715.37998889916,93079.16901000393,67351.01979718934,11047.638148739254,89620.6802568173,635756.7190650809,30001.754353155742,767901.0493763647,46.079899200220495,10891.973246165799,23238.370392815243,0.0,0.0,0.0,6637.42981170565,0.0,5777.524269798676,255403.50396627487,3975.9163823634967,39.512270412100634,0.0,0.00015433939302466669,0.0,0.0,0.0,0.0,0.08092194640121646,0.0,7.019405726666667e-07,0.0,0.0,0.0,0.00016594875531000003,1.9207965918291763e-05,0.0,8.792109898133627e-05,0.0,0.0,0.0,0.0,0.0463730820270238,0.0,3.963362054487916e-07,0.0,0.0,0.0,9.453084996658058e-05,2.1002558652626044e-05
2026-09-22 19:44:33.378000021,0.0,523.4668675136551,0.0,0.0,0.0,0.0,294337.9274173441,0.0,0.0,0.0,0.0,0.0,572.9651632494467,216.0513261258806,0.006125449319329614,0.012862250346839302,0.0035343795252675086,0.003084782934056137,0.002647025087494801,0.002627851950022744,0.006351589658257416,0.0002862979213891891,0.002765366002144827,0.030375537960208903,0.002673261965890744,0.01394419511927896,244473.06521516983,177245.32079509622,231171.45544934698,160365.95589173742,211474.50648648356,145095.02579680883,77613.72679391359,43711.770501750005,182563.62878564367,1046643.4745756144,61933.10482215579,949128.5825039254,186719.59155089347,118554.39621507573,150077.08325259053,157097.70974563237,137715.37998889916,97119.90642307133,67351.01979718934,10450.503790397423,89620.6802568173,635756.7190650809,30001.754353155742,743594.3866409352,46.079899200220495,10891.973246165799,23238.370392815243,0.0,0.0,0.0,6637.42981170565,0.0,5777.524269798676,255403.50396627487,3975.9163823634967,39.512270412100634,0.0,0.00015510639135799998,0.0,0.0,0.0,0.0,0.08132015361769793,0.0,7.05428906e-07,0.0,0.0,0.0,0.0001667680136433334,1.941697442169312e-05,0.0,8.835483644213578e-05,0.0,0.0,0.0,0.0,0.04659859247913763,0.0,3.9827233389141374e-07,0.0,0.0,0.0,9.499490625351153e-05,2.1147093712655507e-05
2026-09-22 19:44:48.378000021,0.0,527.6353968077558,0.0,0.0,0.0,0.0,292800.9164450006,0.0,0.0,0.0,0.0,0.0,576.7090988364638,210.57346282443507,0.005769600891558357,0.012862250346839302,0.0032825165960392597,0.0028674362001832234,0.002647025087494801,0.002627851950022744,0.006351589658257416,0.0002862979213891891,0.0026113486545964125,0.030036207612733512,0.002673261965890744,0.013897661478028392,224605.4604504471,177245.32079509622,228742.6491873053,157854.08977599043,211474.50648648356,145095.02579680883,77613.72679391359,43711.770501750005,172395.7284633826,919049.0818345676,61933.10482215579,945675.6927276679,171549.60800542237,118554.39621507573,147242.31589439794,128558.47889891797,137715.37998889916,97119.90642307133,67351.01979718934,10450.503790397423,84629.24713442635,559934.3091103935,30001.754353155742,740158.9565354406,42.33179716358356,10891.973246165799,23354.702439810313,0.0,0.0,0.0,6637.42981170565,0.0,5455.744453766794,269501.7537991407,3975.9163823634967,39.512270412100634,0.0,0.00015587338969133332,0.0,0.0,0.0,0.0,0.08171836083417942,0.0,7.089172393333334e-07,0.0,0.0,0.0,0.00016758727197666674,1.9625982925094483e-05,0.0,8.920528860850721e-05,0.0,0.0,0.0,0.0,0.04677257093588111,0.0,3.96323340728138e-07,0.0,0.0,0.0,9.562495335155232e-05,2.0997297811287806e-05
2026-09-22 19:45:03.378000021,0.0,527.6353968077558,0.0,0.0,0.0,0.0,292800.3178762891,0.0,0.0,0.0,0.0,0.0,576.7090988364638,214.11287280819903,0.005769600891558357,0.011902654869707036,0.0032825165960392597,0.0028674362001832234,0.002647025087494801,0.002627851950022744,0.006735463357562536,0.0002862979213891891,0.0025007897183751612,0.030036207612733512,0.002673261965890744,0.013650801784270718,224605.4604504471,159092.69984669244,228742.6491873053,157854.08977599043,211474.50648648356,145095.02579680883,83923.24196547545,43711.770501750005,164615.82662848273,919049.0818345676,61933.10482215579,914144.3424386971,171549.60800542237,107027.09787224616,147242.31589439794,128558.47889891797,137715.37998889916,97119.90642307133,72826.24046735375,10450.503790397423,80810.08501865985,559934.3091103935,30001.754353155742,715580.8191329772,42.33179716358356,11659.186500812686,23354.702439810313,0.0,0.0,0.0,7177.011736541372,0.0,5209.5367509139905,269501.7537991407,3975.9163823634967,41.29896111347405,0.0,0.00015720001179084965,0.0,0.0,0.0,0.0,0.08191976555027214,0.0,6.984368359477124e-07,0.0,0.0,0.0,0.00016878725013137253,1.9315750819387776e-05,0.0,8.96410617454115e-05,0.0,0.0,0.0,0.0,0.04699780973612787,0.0,3.982406737300031e-07,0.0,0.0,0.0,9.608981657471848e-05,2.1178124087906067e-05
2026-09-22 19:45:18.378000021,0.0,529.5286263506564,0.0,0.0,0.0,0.0,291220.6528394478,0.0,0.0,0.0,0.0,0.0,581.4984752617958,221.64710673439123,0.005176406155249145,0.01128295156450022,0.0032825165960392597,0.0028674362001832234,0.002647025087494801,0.002627851950022744,0.006821230695592243,0.0002862979213891891,0.002648661454739024,0.02964622825873699,0.002673261965890744,0.01275192542878166,193394.82602516632,150781.64151854106,228742.6491873053,157854.08977599043,211474.50648648356,145095.02579680883,83923.24196547545,43711.770501750005,171721.71897486865,1026069.5943173065,61933.10482215579,930006.3894182346,145386.7381272069,101452.30950032528,147242.31589439794,128558.47889891797,137715.37998889916,97119.90642307133,72826.24046735375,10450.503790397423,86754.179411586,620594.044001292,30001.754353155742,726097.6748746323,45.9261044942214,11045.644372625968,23354.702439810313,0.0,0.0,0.0,7177.011736541372,0.0,568.307477734743,254029.3233424121,3975.9163823634967,43.45498788148254,0.0,0.00015796975035294118,0.0,0.0,0.0,0.0,0.08231705834670516,0.0,7.018567705882353e-07,0.0,0.0,0.0,0.0001696083726803922,1.9403501767800473e-05,0.0,9.026901015484897e-05,0.0,0.0,0.0,0.0,0.047171877037172405,0.0,3.9631059632878603e-07,0.0,0.0,0.0,9.691498037661004e-05,2.1683129140308092e-05
2026-09-22 19:45:33.378000021,0.0,529.5286263506564,0.0,0.0,0.0,0.0,291220.282425784,0.0,0.0,0.0,0.0,0.0,581.4984752617958,220.66965099090132,0.005176406155249145,0.01128295156450022,0.0032825165960392597,0.0028674362001832234,0.002647025087494801,0.002501380426428145,0.00638193349160759,0.0002862979213891891,0.002648661454739024,0.02964622825873699,0.0025804660177811485,0.012580835985435926,193394.82602516632,150781.64151854106,228742.6491873053,157854.08977599043,211474.50648648356,138111.9881951809,77927.38899029819,43711.770501750005,171721.71897486865,1026069.5943173065,66543.93767021754,903780.1260691206,145386.7381272069,101452.30950032528,147242.31589439794,128558.47889891797,137715.37998889916,92445.78369078253,67623.20707218547,10450.503790397423,86754.179411586,620594.044001292,32207.03048689397,737941.9489765869,45.9261044942214,11045.644372625968,23354.702439810313,0.0,0.0,0.0,6664.253814354257,0.0,568.307477734743,254029.3233424121,4275.443092280408,43.45498788148254,0.0,0.00015873948891503267,0.0,0.0,0.0,0.0,0.08271435114313816,0.0,7.052767052287582e-07,0.0,0.0,0.0,0.0001704294952294118,1.9566364327324283e-05,0.0,9.070571299606024e-05,0.0,0.0,0.0,0.0,0.04739687274933948,0.0,3.9820949469529846e-07,0.0,0.0,0.0,9.738157827107158e-05,2.1744656211374865e-05
2026-09-22 19:45:48.378000021,0.0,533.2684738413348,0.0,0.0,0.0,0.0,289731.3210282318,0.0,0.0,0.0,0.0,0.0,591.7599948021216,230.5832108384793,0.005176406155249145,0.01128295156450022,0.0032825165960392597,0.0028674362001832234,0.002371146336928121,0.0024493637662146325,0.006381933491607592,0.00024759555855182976,0.002648661454739024,0.028904068643471625,0.0025146104250997102,0.0120991198767662,193394.82602516632,150781.64151854106,228742.6491873053,157854.08977599043,192542.85306001198,135842.2750728517,77927.38899029822,45817.34922907002,171721.71897486865,1101137.3589546164,60764.81745275966,910546.9550216271,145386.7381272069,101452.30950032528,147242.31589439794,128558.47889891797,118680.43451915491,89601.4793549349,67623.20707218548,10787.366119998454,86754.179411586,664742.2564676383,29409.956740619484,745152.6011847287,45.9261044942214,11045.644372625968,23354.702439810313,0.0,0.0,0.0,6664.253814354259,0.0,568.307477734743,273736.75221250375,3904.135044120721,39.9020515159432,0.0,0.00015950922747712417,0.0,0.0,0.0,0.0,0.08311164393957118,0.0,7.08696639869281e-07,0.0,0.0,0.0,0.0001712506177784314,1.9729226886848095e-05,0.0,9.105967512363653e-05,0.0,0.0,0.0,0.0,0.047578157540744535,0.0,3.962980946634794e-07,0.0,0.0,0.0,9.792355925074483e-05,2.2483043196626538e-05
2026-09-22 19:46:03.378000021,0.0,533.2684738413348,0.0,0.0,0.0,0.0,289734.0956801001,0.0,0.0,0.0,0.0,0.0,591.7599948021216,231.8897653265728,0.004915233041570748,0.01128295156450022,0.003067747096036176,0.002798323033623889,0.0023620782586794096,0.0024493637662146325,0.006381933491607592,0.0002777055635398717,0.002648661454739024,0.028904068643471625,0.0025146104250997102,0.011972410483872976,204754.71914057925,150781.64151854106,208572.79294910672,148817.59563354956,191806.5030378365,135842.2750728517,77927.38899029822,44882.666029923916,171721.71897486865,1101137.3589546164,60764.81745275966,894656.2950214338,151284.23918462545,101452.30950032528,130538.32157416719,121195.93592114422,118226.55976243912,89601.4793549349,67623.20707218548,11393.206975937434,86754.179411586,664742.2564676383,29409.956740619484,730655.3674200713,42.61727945479847,11045.644372625968,25318.357350694416,0.0,0.0,0.0,6664.253814354259,0.0,568.307477734743,273736.75221250375,3904.135044120721,39.9020515159432,0.0,0.00016047489035384615,0.0,0.0,0.0,0.0,0.08334139567319669,0.0,6.984220250000001e-07,0.0,0.0,0.0,0.0001728417495794872,2.0466848028681725e-05,0.0,9.149598151820552e-05,0.0,0.0,0.0,0.0,0.04780294975682787,0.0,3.981789095068017e-07,0.0,0.0,0.0,9.83905166177202e-05,2.2679892277990488e-05
2026-09-22 19:46:18.378000021,0.0,530.3969879662272,0.0,0.0,0.0,0.0,288062.8693225487,0.0,0.0,0.0,0.0,0.0,593.5235118508208,227.36705539857823,0.004915233041570748,0.008615713835340558,0.003067747096036176,0.002798323033623889,0.0024048854668566218,0.0024493637662146325,0.0035922196627625716,0.0002777055635398717,0.002648661454739024,0.028583335346917354,0.0025146104250997102,0.01182826419960961,204754.71914057925,158606.10276232273,208572.79294910672,148817.59563354956,180784.84061048774,135842.2750728517,71389.21063302673,44882.666029923916,171721.71897486865,1039362.8614564382,60764.81745275966,892724.2846193529,151284.23918462545,88074.96001008918,130538.32157416719,121195.93592114422,111448.34847813833,89601.4793549349,65461.72641592364,11393.206975937434,86754.179411586,628630.3833313487,29409.956740619484,724327.4444579042,42.61727945479847,10172.688168290477,25318.357350694416,0.0,0.0,0.0,2001.6390204064655,0.0,568.307477734743,257710.86613954222,3904.135044120721,39.9020515159432,0.0,0.00016124556984102562,0.0,0.0,0.0,0.0,0.08373791378423656,0.0,7.017761916666666e-07,0.0,0.0,0.0,0.00017366657009230773,2.0672513452296313e-05,0.0,9.182548279776265e-05,0.0,0.0,0.0,0.0,0.04797766507470364,0.0,3.962855795685433e-07,0.0,0.0,0.0,9.890390799852675e-05,2.2484079251930776e-05
2026-09-22 19:46:33.378000021,0.0,530.3969879662272,0.0,0.0,0.0,0.0,288061.73958669114,0.0,0.0,0.0,0.0,0.0,593.5235118508208,228.5746183763572,0.004915233041570748,0.008399043029011814,0.0029026070161853866,0.0026443054099304043,0.0024048854668566218,0.0024493637662146325,0.0035922196627625716,0.0002777055635398717,0.0011870343402405814,0.028583335346917354,0.0025146104250997102,0.011006866413040078,204754.71914057925,154583.582042493,197345.09829108804,132699.6686885542,180784.84061048774,135842.2750728517,71389.21063302673,44882.666029923916,159794.09663276686,1039362.8614564382,60764.81745275966,881439.9327412935,151284.23918462545,85841.22911721386,123511.30527409478,106355.77895436692,111448.34847813833,89601.4793549349,65461.72641592364,11393.206975937434,78650.57946752389,628630.3833313487,29409.956740619484,713015.931588352,42.61727945479847,9914.691482030332,23955.44332170329,0.0,0.0,0.0,2001.6390204064655,0.0,114.12590318599575,257710.86613954222,3904.135044120721,39.9020515159432,0.0,0.00016201624932820512,0.0,0.0,0.0,0.0,0.08413443189527647,0.0,7.051303583333333e-07,0.0,0.0,0.0,0.00017449139060512822,2.08781788759109e-05,0.0,9.226128230018621e-05,0.0,0.0,0.0,0.0,0.04820219627388131,0.0,3.9814865089235093e-07,0.0,0.0,0.0,9.937108469848689e-05,2.2674239448592773e-05
2026-09-22 19:46:48.378000021,0.0,535.7249294053981,0.0,0.0,0.0,0.0,286440.3240654699,0.0,0.0,0.0,0.0,0.0,601.9999880311907,226.67578134783412,0.0044348436616198144,0.008399043029011814,0.002922014771764136,0.0026443054099304043,0.0024048854668566218,0.0024493637662146325,0.0035922196627625716,0.0002777055635398717,0.0012453604056647642,0.028583335346917354,0.002453027212839373,0.010440570819855203,179827.844561747,154583.582042493,211605.0576859876,132699.6686885542,180784.84061048774,135842.2750728517,71389.21063302673,44882.666029923916,167645.73210669257,1039362.8614564382,64381.97726484728,827274.5252500069,131489.92289724454,85841.22911721386,130925.62572431807,106355.77895436692,111448.34847813833,89601.4793549349,65461.72641592364,11393.206975937434,82515.1507677467,628630.3833313487,31141.05547325347,684849.2192140798,46.18272770493867,9914.691482030332,22816.95812360542,0.0,0.0,0.0,2001.6390204064655,0.0,119.73358838107715,257710.86613954222,4138.9770108335915,0.0,0.0,0.0001627869288153846,0.0,0.0,0.0,0.0,0.08453095000631634,0.0,7.08484525e-07,0.0,0.0,0.0,0.0001753162111179487,2.0935686186179622e-05,0.0,9.291020248420132e-05,0.0,0.0,0.0,0.0,0.048376792147000365,0.0,3.962735453571943e-07,0.0,0.0,0.0,0.00010002774490985573,2.245272694778918e-05
2026-09-22 19:47:03.378000021,0.0,535.7249294053981,0.0,0.0,0.0,0.0,286440.07248619763,0.0,0.0,0.0,0.0,0.0,601.9999880311907,227.91533567767118,0.0044348436616198144,0.008399043029011814,0.002922014771764136,0.002587026843672814,0.0024048854668566218,0.0023060564903059997,0.0033256966810760475,0.0002777055635398717,0.0012453604056647642,0.02789295012282308,0.002453027212839373,0.00995488045767528,179827.844561747,154583.582042493,211605.0576859876,124908.21472834655,180784.84061048774,148074.4431576396,65850.24125105281,44882.666029923916,167645.73210669257,920703.6559685303,64381.97726484728,866017.96919506,131489.92289724454,85841.22911721386,130925.62572431807,100111.10507300367,111448.34847813833,97659.08050311079,60382.66061461038,11393.206975937434,82515.1507677467,556913.6545323303,31141.05547325347,720149.1874895956,46.18272770493867,9914.691482030332,22816.95812360542,0.0,0.0,0.0,1846.335198589636,0.0,119.73358838107715,220187.78036210893,4138.9770108335915,0.0,0.0,0.00016374308717232705,0.0,0.0,0.0,0.0,0.08475182547832827,0.0,6.984077729559748e-07,0.0,0.0,0.0,0.00017655552274465413,2.0224316301496024e-05,0.0,9.334700393711989e-05,0.0,0.0,0.0,0.0,0.04860109113054196,0.0,3.981192059659592e-07,0.0,0.0,0.0,0.0001004958082680754,2.2645175344891473e-05
2026-09-22 19:47:18.378000021,0.0,535.4191174459004,0.0,0.0,0.0,0.0,284884.1311016294,0.0,0.0,0.0,0.0,0.0,605.686605750554,234.78084916446323,0.0044348436616198144,0.008399043029011814,0.002922014771764136,0.002587026843672814,0.0024048854668566218,0.0023060564903059997,0.0033256966810760475,0.0002698841738321319,0.0012453604056647642,0.02789295012282308,0.002453027212839373,0.009636989984854129,179827.844561747,154583.582042493,211605.0576859876,124908.21472834655,180784.84061048774,148074.4431576396,65850.24125105281,56530.90018567293,167645.73210669257,920703.6559685303,64381.97726484728,845616.6207090478,131489.92289724454,85841.22911721386,130925.62572431807,100111.10507300367,111448.34847813833,97659.08050311079,60382.66061461038,10774.272326552593,82515.1507677467,556913.6545323303,31141.05547325347,694649.1374651217,46.18272770493867,9914.691482030332,22816.95812360542,0.0,0.0,0.0,1846.335198589636,0.0,119.73358838107715,220187.78036210893,4138.9770108335915,0.0,0.0,0.00016451464063144656,0.0,0.0,0.0,0.0,0.08514752172918535,0.0,7.016986534591196e-07,0.0,0.0,0.0,0.00017738229632955978,2.0380840864433087e-05,0.0,9.367872255820383e-05,0.0,0.0,0.0,0.0,0.048782275664328446,0.0,3.962617339868193e-07,0.0,0.0,0.0,0.00010100356656380415,2.3512315897934704e-05
2026-09-22 19:47:33.378000021,0.0,535.4191174459004,0.0,0.0,0.0,0.0,284883.01754275215,0.0,0.0,0.0,0.0,0.0,605.686605750554,237.51046553984148,0.00420475346687211,0.008399043029011814,0.002658493606714249,0.002587026843672814,0.002255086961861569,0.0021797310360526603,0.0033256966810760475,0.0002710326170511106,0.0012453604056647642,0.02789295012282308,0.002453027212839373,0.009448745774554509,165673.80758643374,154583.582042493,225398.17818793046,124908.21472834655,173799.8958304385,139962.94572735895,65850.24125105281,61443.30034397107,167645.73210669257,920703.6559685303,64381.97726484728,833664.2323840385,121140.5065701771,85841.22911721386,135571.71435557876,100111.10507300367,103912.00988983308,92309.32963691154,60382.66061461038,11710.53084903616,82515.1507677467,556913.6545323303,31141.05547325347,679766.6010995861,42.54773982444902,9914.691482030332,16908.51083903091,0.0,0.0,0.0,1846.335198589636,0.0,119.73358838107715,220187.78036210893,4138.9770108335915,0.0,0.0,0.00016528619409056602,0.0,0.0,0.0,0.0,0.08554321798004244,0.0,7.049895339622642e-07,0.0,0.0,0.0,0.00017820906991446544,2.053736542737015e-05,0.0,9.411503458404666e-05,0.0,0.0,0.0,0.0,0.049006379224098805,0.0,3.980903062797902e-07,0.0,0.0,0.0,0.00010147181394706883,2.3716566743700226e-05
2026-09-22 19:47:48.378000021,0.0,532.4634843828144,0.0,0.0,0.0,0.0,283238.06256885506,0.0,0.0,0.0,0.0,0.0,606.6052551711756,231.1436383709771,0.00420475346687211,0.007952039007696558,0.0026068062471090794,0.002587026843672814,0.002255086961861569,0.002239888955328848,0.003495649687439643,0.0002710326170511106,0.0012453604056647642,0.026588311021116733,0.002086812864718548,0.009317792244782006,165673.80758643374,146225.8792411156,212346.7979938146,124908.21472834655,173799.8958304385,150933.2400272607,70752.23079061047,61443.30034397107,167645.73210669257,877639.5130445563,60713.601436959645,823400.8306977414,121140.5065701771,81200.14452344758,127721.61546903203,100111.10507300367,103912.00988983308,101328.05527340334,65241.47560521766,11710.53084903616,82515.1507677467,530865.0893293777,29220.084398176514,669050.1591850889,42.54773982444902,9378.644615479008,15929.446122312012,0.0,0.0,0.0,1597.655915092873,0.0,119.73358838107715,209888.92037371045,0.0,0.0,0.0,0.00016605774754968554,0.0,0.0,0.0,0.0,0.08593891423089955,0.0,7.082804144654088e-07,0.0,0.0,0.0,0.00017903584349937107,2.0693889990307213e-05,0.0,9.430790372972902e-05,0.0,0.0,0.0,0.0,0.04918316651330012,0.0,3.9625013932458387e-07,0.0,0.0,0.0,0.00010184985548479517,2.3556702910665216e-05
2026-09-22 19:48:03.378000021,0.0,532.4634843828144,0.0,0.0,0.0,0.0,283236.99797525274,0.0,0.0,0.0,0.0,0.0,606.6052551711756,234.30656710885202,0.00420475346687211,0.006765222262037914,0.0026068062471090794,0.002270805813878563,0.002255086961861569,0.002239888955328848,0.003495649687439643,0.0002710326170511106,0.0012453604056647642,0.02741765167561281,0.002210568174629459,0.008856637322954435,165673.80758643374,149267.31168083745,212346.7979938146,126841.37991231398,173799.8958304385,150933.2400272607,70752.23079061047,61443.30034397107,167645.73210669257,996517.4240170465,64314.130592530026,818140.1234804887,121140.5065701771,80741.93279835525,127721.61546903203,101269.19102377005,103912.00988983308,101328.05527340334,65241.47560521766,11710.53084903616,82515.1507677467,599195.6651639167,30952.937717924007,639351.0223791496,42.54773982444902,9418.162469731027,15929.446122312012,0.0,0.0,0.0,1597.655915092873,0.0,119.73358838107715,200113.7716481175,0.0,0.0,0.0,0.00016621311207407405,0.0,0.0,0.0,0.0,0.08617532688391194,0.0,6.98394048765432e-07,0.0,0.0,0.0,0.00017977443089814817,2.189068003315408e-05,0.0,9.474309237594765e-05,0.0,0.0,0.0,0.0,0.04940705419066879,0.0,3.9806193682821933e-07,0.0,0.0,0.0,0.0001023176885214538,2.379315050857157e-05
2026-09-22 19:48:18.378000021,0.0,533.4564396125229,0.0,0.0,0.0,0.0,281746.62028308946,0.0,0.0,0.0,0.0,0.0,609.9362155590949,247.1530084862647,0.0036989003373347736,0.006765222262037914,0.0026068062471090794,0.002300866534806866,0.002255086961861569,0.002239888955328848,0.003495649687439643,0.0002710326170511106,0.0012306561818181821,0.02741765167561281,0.002210568174629459,0.008622606949902162,174380.22367861608,149267.31168083745,212346.7979938146,128520.49456861842,173799.8958304385,150933.2400272607,70752.23079061047,61443.30034397107,141200.29090909092,996517.4240170465,64314.130592530026,808540.3335689083,126357.47746262816,80741.93279835525,127721.61546903203,102609.78336830036,103912.00988983308,101328.05527340334,65241.47560521766,11710.53084903616,69591.04000000001,599195.6651639167,30952.937717924007,606234.9370824873,7.671977988016281,9418.162469731027,15929.446122312012,0.0,0.0,0.0,1597.655915092873,0.0,119.15636363636365,200113.7716481175,0.0,0.0,0.0,0.0001669818157777778,0.0,0.0,0.0,0.0,0.08656996670371098,0.0,7.01623987037037e-07,0.0,0.0,0.0,0.00018060079663888891,2.2098171059575417e-05,0.0,9.538838477445857e-05,0.0,0.0,0.0,0.0,0.0495789863616601,0.0,3.962385152596855e-07,0.0,0.0,0.0,0.00010292317856139027,2.4533163624390425e-05
2026-09-22 19:48:33.378000021,0.0,533.4564396125229,0.0,0.0,0.0,0.0,281745.4645726784,0.0,0.0,0.0,0.0,0.0,609.9362155590949,248.54867595379417,0.0036989003373347736,0.006765222262037914,0.0026068062471090794,0.002350084831728767,0.002255086961861569,0.0021547311778537938,0.003218162589320622,0.00026074909481489124,0.0012299998918182116,0.02710751288537009,0.002210568174629459,0.00836484054179477,174380.22367861608,149267.31168083745,212346.7979938146,140972.27994560025,173799.8958304385,130822.92470766333,65098.89222057806,57466.61815913935,140023.58362993176,1053780.1675862155,64314.130592530026,786339.3191437719,126357.47746262816,80741.93279835525,127721.61546903203,110512.20457742161,103912.00988983308,82296.425178047,60028.46470388855,10952.611610623151,69011.09584545872,630874.9107866773,30952.937717924007,570050.5311736786,7.671977988016281,9418.162469731027,15929.446122312012,0.0,0.0,0.0,1469.9978934940175,0.0,118.16336171302258,158541.6080150867,0.0,0.0,0.0,0.0001677505194814815,0.0,0.0,0.0,0.0,0.08696488994303225,0.0,7.048539253086419e-07,0.0,0.0,0.0,0.00018142716237962966,2.2305662085996756e-05,0.0,9.582453408908333e-05,0.0,0.0,0.0,0.0,0.04980264040565113,0.0,3.9803384186194717e-07,0.0,0.0,0.0,0.00010339163815020489,2.4693726581767217e-05
2026-09-22 19:48:48.378000021,0.0,541.2524674982708,0.0,0.0,0.0,0.0,280202.581265718,0.0,0.0,0.0,0.0,0.0,618.3271537231117,244.05845945086114,0.003570455023782464,0.006765222262037914,0.0026068062471090794,0.002350084831728767,0.002255086961861569,0.0021547311778537938,0.003218162589320622,0.00026074909481489124,0.0012299998918182116,0.02710751288537009,0.002210568174629459,0.008316520948640915,163299.63098595507,149267.31168083745,212346.7979938146,140972.27994560025,173799.8958304385,130822.92470766333,65098.89222057806,57466.61815913935,140023.58362993176,1053780.1675862155,64314.130592530026,725974.9342527014,118332.33713572143,80741.93279835525,127721.61546903203,110512.20457742161,103912.00988983308,82296.425178047,60028.46470388855,10952.611610623151,69011.09584545872,630874.9107866773,30952.937717924007,527555.9536735442,7.183847567734424,9418.162469731027,15929.446122312012,0.0,0.0,0.0,1469.9978934940175,0.0,118.16336171302258,158541.6080150867,0.0,0.0,0.0,0.00016851922318518518,0.0,0.0,0.0,0.0,0.08735981318235353,0.0,7.080838635802471e-07,0.0,0.0,0.0,0.0001822535281203704,2.2513153112418092e-05,0.0,9.647992156860907e-05,0.0,0.0,0.0,0.0,0.04997917464414287,0.0,3.9622745768289256e-07,0.0,0.0,0.0,0.00010422231312865182,2.4523702861673772e-05
2026-09-22 19:49:03.378000021,0.0,541.2524674982708,0.0,0.0,0.0,0.0,280201.51298746,0.0,0.0,0.0,0.0,0.0,618.3271537231117,246.02623840447822,0.003570455023782464,0.006765222262037914,0.002551398031879625,0.002350084831728767,0.00212301920316696,0.002111452775649509,0.003218162589320622,0.00026074909481489124,0.0012299998918182116,0.02710751288537009,0.002210568174629459,0.0081825192753091,163299.63098595507,149267.31168083745,198005.7101876784,140972.27994560025,145759.66910516407,121436.40036219265,65098.89222057806,57466.61815913935,140023.58362993176,1053780.1675862155,64314.130592530026,704694.8289710364,118332.33713572143,80741.93279835525,119095.78772174334,110512.20457742161,75088.43411426984,76391.66956885143,60028.46470388855,10952.611610623151,69011.09584545872,630874.9107866773,30952.937717924007,511181.643502984,7.183847567734424,9418.162469731027,14853.632464176011,0.0,0.0,0.0,1469.9978934940175,0.0,118.16336171302258,158541.6080150867,0.0,0.0,0.0,0.0001700478892036364,0.0,0.0,0.0,0.0,0.08758027628316263,0.0,6.983808236363636e-07,0.0,0.0,0.0,0.00018395899652606066,2.2045085850268365e-05,0.0,9.691706423349874e-05,0.0,0.0,0.0,0.0,0.050202617342206525,0.0,3.9800661176026267e-07,0.0,0.0,0.0,0.0001046924064870537,2.4725351459363177e-05
2026-09-22 19:49:18.378000021,0.0,541.729211140283,0.0,0.0,0.0,0.0,278779.89723908395,0.0,0.0,0.0,0.0,0.0,619.3028816765994,257.61727501079383,0.003570455023782464,0.0044956823178154024,0.00205854066177478,0.002350084831728767,0.002044628431714494,0.002111452775649509,0.003406966310390476,0.000266603546140573,0.0012299998918182116,0.02710751288537009,0.002210568174629459,0.008080053363363598,163299.63098595507,154178.8035403642,161252.35595938208,140972.27994560025,132872.0703751308,121436.40036219265,69325.28834738683,46568.26498979494,140023.58362993176,1053780.1675862155,64314.130592530026,697772.7745241537,118332.33713572143,82745.26538670856,123962.65823135685,110512.20457742161,68390.0362224938,76391.66956885143,48717.52018477865,11870.869861560444,69011.09584545872,630874.9107866773,30952.937717924007,505293.5732867857,7.183847567734424,9816.121343339393,7750.1524809580105,0.0,0.0,0.0,1565.4341319852813,0.0,118.16336171302258,158541.6080150867,0.0,0.0,0.0,0.0001708200437490909,0.0,0.0,0.0,0.0,0.0879744156060891,0.0,7.015520357575756e-07,0.0,0.0,0.0,0.0001847893541018182,2.2243581555043973e-05,0.0,9.72558348886433e-05,0.0,0.0,0.0,0.0,0.05038157198017708,0.0,3.962164795941979e-07,0.0,0.0,0.0,0.00010521235472431288,2.5447694332812246e-05
2026-09-22 19:49:33.378000021,0.0,541.729211140283,0.0,0.0,0.0,0.0,278778.7413357318,0.0,0.0,0.0,0.0,0.0,619.3028816765994,259.170326191379,0.003570455023782464,0.004246894907434602,0.0020858915589724455,0.002350084831728767,0.002044628431714494,0.002111452775649509,0.003406966310390476,0.000266603546140573,0.0012299998918182116,0.025405619908853684,0.002144546516101597,0.00788887807479818,163299.63098595507,145429.32866279,163394.84296127784,140972.27994560025,132872.0703751308,121436.40036219265,69325.28834738683,46568.26498979494,140023.58362993176,1094545.9332003277,58328.45774300892,670549.340776663,118332.33713572143,78049.56400548933,125609.69391279538,110512.20457742161,68390.0362224938,76391.66956885143,48717.52018477865,11870.869861560444,69011.09584545872,652488.4682565759,28072.168636477156,469170.34567037434,7.183847567734424,9259.067422070098,7853.125245941024,0.0,0.0,0.0,1565.4341319852813,0.0,118.16336171302258,109736.22475021704,0.0,0.0,0.0,0.00017159219829454548,0.0,0.0,0.0,0.0,0.08836855492901556,0.0,7.04723247878788e-07,0.0,0.0,0.0,0.00018561971167757577,2.2442077259819584e-05,0.0,9.769253584070044e-05,0.0,0.0,0.0,0.0,0.05060481992028723,0.0,3.9797974938874483e-07,0.0,0.0,0.0,0.00010568267094328602,2.5656912035767136e-05
2026-09-22 19:49:48.378000021,0.0,544.4834764618126,0.0,0.0,0.0,0.0,277283.0442994691,0.0,0.0,0.0,0.0,0.0,623.2794018953659,250.8369742619865,0.002581245858187418,0.004246894907434602,0.0021880717758132025,0.002350084831728767,0.002044628431714494,0.0019988874894256974,0.003406966310390476,0.000266603546140573,0.0012299998918182116,0.026240851906911278,0.001944784894176234,0.007341090629103375,170429.3541267231,145429.32866279,171398.9601516602,140972.27994560025,132872.0703751308,129486.57580599678,69325.28834738683,46568.26498979494,140023.58362993176,1047411.5344701906,63218.20076543552,690161.1395879495,123152.33116071558,78049.56400548933,131762.85451508156,110512.20457742161,68390.0362224938,79186.5100103393,48717.52018477865,11870.869861560444,69011.09584545872,624150.7000326766,30147.25503758012,475331.9398760391,0.0,9259.067422070098,8237.821198641066,0.0,0.0,0.0,1565.4341319852813,0.0,118.16336171302258,104875.73208085116,0.0,0.0,0.0,0.00017236435284,0.0,0.0,0.0,0.0,0.08876269425194205,0.0,7.078944600000001e-07,0.0,0.0,0.0,0.00018645006925333333,2.251115035921885e-05,0.0,9.804033080744557e-05,0.0,0.0,0.0,0.0,0.05078224859082734,0.0,3.9620592960063003e-07,0.0,0.0,0.0,0.00010622679154103051,2.5505425942316974e-05
2026-09-22 19:50:03.378000021,0.0,544.4834764618126,0.0,0.0,0.0,0.0,277281.9617395156,0.0,0.0,0.0,0.0,0.0,623.2794018953659,253.4919363528219,0.0026154612703341187,0.004246894907434602,0.0021880717758132025,0.0020803827428832553,0.002044628431714494,0.0019988874894256974,0.0031454611999010415,0.00025380137345384874,0.0012069564120700696,0.026240851906911278,0.001944784894176234,0.007079848379380161,172688.46112919852,145429.32866279,171398.9601516602,119388.37691161508,132872.0703751308,129486.57580599678,63843.78791189266,44332.079542336025,112131.48875596862,1047411.5344701906,63218.20076543552,675612.8879490747,124784.76293939543,78049.56400548933,131762.85451508156,90652.13731796815,68390.0362224938,79186.5100103393,44865.46108087843,11300.83646137005,55379.37250737754,624150.7000326766,30147.25503758012,464907.74292966875,0.0,9259.067422070098,8237.821198641066,0.0,0.0,0.0,1441.6563867963107,0.0,115.59947294429755,104875.73208085116,0.0,0.0,0.0,0.00017280455580892857,0.0,0.0,0.0,0.0,0.0889982509008464,0.0,6.983680708333334e-07,0.0,0.0,0.0,0.00018749788159285718,2.374096573152292e-05,0.0,9.847663610444922e-05,0.0,0.0,0.0,0.0,0.05100529465250298,0.0,3.979535972635012e-07,0.0,0.0,0.0,0.00010669743475648561,2.5709865937754015e-05
2026-09-22 19:50:18.378000021,0.0,550.5203079101166,0.0,0.0,0.0,0.0,275686.8151844307,0.0,0.0,0.0,0.0,0.0,625.863218693468,265.2558494539378,0.002737232971736115,0.004246894907434602,0.0021880717758132025,0.0019662325751943228,0.0018876828075551737,0.0019988874894256974,0.0033564065720906714,0.0002533775338760806,0.0012069564120700696,0.026240851906911278,0.001944784894176234,0.006723865439621295,180728.5601980364,145429.32866279,171398.9601516602,112837.56154305329,122318.09512155544,129486.57580599678,68164.48562162279,42350.78133537318,112131.48875596862,1047411.5344701906,63218.20076543552,641994.8535372271,130594.54229438993,78049.56400548933,131762.85451508156,85678.07342919319,41811.44696951559,79186.5100103393,47901.779903402865,10794.885804830074,55379.37250737754,624150.7000326766,30147.25503758012,442486.17816862557,0.0,9259.067422070098,8237.821198641066,0.0,0.0,0.0,1539.222049053771,0.0,115.59947294429755,104875.73208085116,0.0,0.0,0.0,0.00017357522991607143,0.0,0.0,0.0,0.0,0.08939169437074412,0.0,7.014826541666666e-07,0.0,0.0,0.0,0.00018832920897380952,2.392392113167832e-05,0.0,9.917465990905967e-05,0.0,0.0,0.0,0.0,0.051179783445915235,0.0,3.9619556467085043e-07,0.0,0.0,0.0,0.00010734294137791857,2.6447940894625144e-05
2026-09-22 19:50:33.378000021,0.0,550.5203079101166,0.0,0.0,0.0,0.0,275685.7813683678,0.0,0.0,0.0,0.0,0.0,625.863218693468,265.9903822260061,0.0026570988541988446,0.004032026485524017,0.0021880717758132025,0.002017545374912403,0.0018876828075551737,0.0019988874894256974,0.0033564065720906714,0.0002533775338760806,0.0012069564120700696,0.026240851906911278,0.0019361079375109643,0.006249894940648584,190382.25801297417,138027.72550198837,171398.9601516602,107103.79817799578,122318.09512155544,129486.57580599678,68164.48562162279,42350.78133537318,112131.48875596862,1047411.5344701906,59831.0572147011,624349.3265219262,135622.1803243182,74077.24353234925,131762.85451508156,81324.40084092501,41811.44696951559,79186.5100103393,47901.779903402865,10794.885804830074,55379.37250737754,624150.7000326766,28532.006909089956,426861.00119025237,0.0,8787.828619502456,8237.821198641066,0.0,0.0,0.0,1539.222049053771,0.0,115.59947294429755,104875.73208085116,0.0,0.0,0.0,0.0001743459040232143,0.0,0.0,0.0,0.0,0.08978513784064182,0.0,7.045972375e-07,0.0,0.0,0.0,0.00018916053635476194,2.410687653183372e-05,0.0,9.96121196472272e-05,0.0,0.0,0.0,0.0,0.05140262035153384,0.0,3.9792790388843034e-07,0.0,0.0,0.0,0.00010781435253220615,2.6605669070912182e-05
2026-09-22 19:50:48.378000021,0.0,554.0279765477125,0.0,0.0,0.0,0.0,274299.08015656716,0.0,0.0,0.0,0.0,0.0,632.8147361617652,263.26006664834586,0.0026570988541988446,0.004032026485524017,0.0020702322586302092,0.002017545374912403,0.0018876828075551737,0.0019322736231347794,0.0033564065720906714,0.00023749987080771035,0.0012069564120700696,0.026240851906911278,0.0019361079375109643,0.006208988021490715,190382.25801297417,138027.72550198837,162168.19773645914,107103.79817799578,122318.09512155544,117997.48691422361,68164.48562162279,31257.686471453202,112131.48875596862,1047411.5344701906,59831.0572147011,623946.7976786385,135622.1803243182,74077.24353234925,124666.71108398246,81324.40084092501,41811.44696951559,72160.44690785096,47901.779903402865,11799.56497432597,55379.37250737754,624150.7000326766,28532.006909089956,426458.0002748261,0.0,8787.828619502456,7794.1699055627505,0.0,0.0,0.0,1539.222049053771,0.0,115.59947294429755,104875.73208085116,0.0,0.0,0.0,0.00017511657813035715,0.0,0.0,0.0,0.0,0.09017858131053953,0.0,7.077118208333334e-07,0.0,0.0,0.0,0.0001899918637357143,2.4289831931989123e-05,0.0,0.00010024835527586062,0.0,0.0,0.0,0.0,0.05158297571714546,0.0,3.9618446106937975e-07,0.0,0.0,0.0,0.00010863372931003148,2.6408477522223232e-05
2026-09-22 19:51:03.378000021,0.0,554.0279765477125,0.0,0.0,0.0,0.0,274297.9417319488,0.0,0.0,0.0,0.0,0.0,632.8147361617652,264.62150600531476,0.0026570988541988446,0.002483195854187376,0.0021234683866109597,0.002017545374912403,0.0018876828075551737,0.0019322736231347794,0.003169745541906889,0.00023749987080771035,0.0012069564120700696,0.02578269275288563,0.0019361079375109643,0.00586259282718698,190382.25801297417,144343.57635135562,154873.46249309948,107103.79817799578,122318.09512155544,117997.48691422361,64341.56451586646,31257.686471453202,112131.48875596862,916593.7969338616,59831.0572147011,589813.2316141088,135622.1803243182,75843.54966662174,119059.69067120734,81324.40084092501,41811.44696951559,72160.44690785096,45215.26765694466,11799.56497432597,55379.37250737754,540712.248673655,28532.006909089956,393755.6961793285,0.0,1152.2884194586888,7443.401514335647,0.0,0.0,0.0,1452.8966788245182,0.0,115.59947294429755,55686.73578519812,0.0,0.0,0.0,0.00017670302743742693,0.0,0.0,0.0,0.0,0.09041226097289122,0.0,6.983557654970761e-07,0.0,0.0,0.0,0.00019174345632631584,2.532814552178773e-05,0.0,0.00010068668414760702,0.0,0.0,0.0,0.0,0.05180562851765356,0.0,3.9790173440628303e-07,0.0,0.0,0.0,0.00010910665529506826,2.6605222150005843e-05
2026-09-22 19:51:18.378000021,0.0,554.1375920115586,0.0,0.0,0.0,0.0,272780.51038459566,0.0,0.0,0.0,0.0,0.0,633.9464302507504,273.843949021709,0.0026570988541988446,0.002483195854187376,0.0018649251108355963,0.002017545374912403,0.0018876828075551737,0.0018218440543767039,0.003169745541906889,0.00023749987080771035,0.0013293943567599764,0.025491648902909173,0.0019361079375109643,0.005588499354135277,190382.25801297417,144343.57635135562,122457.83658827339,107103.79817799578,122318.09512155544,123454.86758907916,64341.56451586646,31257.686471453202,97020.156107959,1005251.5050296102,59831.0572147011,569704.8479807499,135622.1803243182,75843.54966662174,93672.0881508924,81324.40084092501,41811.44696951559,75603.48424126727,45215.26765694466,11799.56497432597,48831.07112629698,496052.2105587658,28532.006909089956,379814.5339098789,0.0,1152.2884194586888,0.0,0.0,0.0,0.0,1452.8966788245182,0.0,128.39722892699288,50981.27054801119,0.0,0.0,0.0,0.00017747727597543862,0.0,0.0,0.0,0.0,0.09080501506840148,0.0,7.014157070175438e-07,0.0,0.0,0.0,0.0001925788159754386,2.551193539398661e-05,0.0,0.00010103736250008392,0.0,0.0,0.0,0.0,0.051986757317494456,0.0,3.961743460255258e-07,0.0,0.0,0.0,0.00010962697965552476,2.7304816156922693e-05
2026-09-22 19:51:33.378000021,0.0,554.1375920115586,0.0,0.0,0.0,0.0,272779.225759654,0.0,0.0,0.0,0.0,0.0,633.9464302507504,276.4488700620705,0.0026570988541988446,0.002483195854187376,0.0018649251108355963,0.001692973134684493,0.0017645275995642176,0.0018218440543767039,0.003296806303107352,0.00023749987080771035,0.0012237416649900842,0.025491648902909173,0.001759290219874643,0.005253821404434693,190382.25801297417,144343.57635135562,122457.83658827339,109028.53674290916,98223.4596295848,123454.86758907916,67195.80108408899,31257.686471453202,88955.82444744633,1005251.5050296102,64960.441214672515,567537.5938362321,135622.1803243182,75843.54966662174,93672.0881508924,81914.80157408034,16939.353589153856,75603.48424126727,33711.51840140998,11799.56497432597,44772.22429799098,496052.2105587658,30837.403905351228,375281.0313568859,0.0,1152.2884194586888,0.0,0.0,0.0,0.0,1517.3481863648326,0.0,117.724829707125,50981.27054801119,0.0,0.0,0.0,0.00017825152451345032,0.0,0.0,0.0,0.0,0.09119776916391176,0.0,7.044756485380119e-07,0.0,0.0,0.0,0.00019341417562456138,2.5695725266185488e-05,0.0,0.00010147531144848523,0.0,0.0,0.0,0.0,0.05220923442044146,0.0,3.9787681669887254e-07,0.0,0.0,0.0,0.00011010011020521822,2.750800749569883e-05
2026-09-22 19:51:48.378000021,0.0,556.9158376735072,0.0,0.0,0.0,0.0,271474.22357582033,0.0,0.0,0.0,0.0,0.0,637.8356011668027,270.3096185523754,0.002106269193114176,0.002483195854187376,0.0018649251108355963,0.0017949658941537742,0.0017423418619163782,0.001787902400414853,0.0033407301236398337,0.00024046792852819212,0.0012237416649900842,0.025491648902909173,0.001759290219874643,0.005295264448124111,162473.24247846648,144343.57635135562,122457.83658827339,124575.646821025,90649.63452046903,116602.46455328267,68091.0603246977,42121.70783434322,88955.82444744633,1005251.5050296102,64960.441214672515,546786.9525842491,114027.68614081656,75843.54966662174,93672.0881508924,92370.98650010729,15633.192087313606,71407.08797882068,34160.66176865765,15305.698467805558,44772.22429799098,496052.2105587658,30837.403905351228,362661.5906749306,0.0,1152.2884194586888,0.0,0.0,0.0,0.0,1537.5640326401683,0.0,117.724829707125,50981.27054801119,0.0,0.0,0.0,0.00017902577305146198,0.0,0.0,0.0,0.0,0.091590523259422,0.0,7.075355900584795e-07,0.0,0.0,0.0,0.00019424953527368423,2.587951513838437e-05,0.0,0.00010181915207301513,0.0,0.0,0.0,0.0,0.052396154072714335,0.0,3.961642909777561e-07,0.0,0.0,0.0,0.00011062152310421878,2.7331938129683088e-05
2026-09-22 19:52:03.378000021,0.0,556.9158376735072,0.0,0.0,0.0,0.0,271473.5319910655,0.0,0.0,0.0,0.0,0.0,637.8356011668027,271.71850023911884,0.0020535748958419487,0.002305928396366311,0.0018649251108355963,0.0017949658941537742,0.0017423418619163782,0.001787902400414853,0.0035139056425985476,0.00024046792852819212,0.0012237416649900842,0.025491648902909173,0.0017496368608076508,0.005181062150067199,175531.39369348582,158658.5266803375,122457.83658827339,124575.646821025,90649.63452046903,116602.46455328267,71620.73924869625,42121.70783434322,88955.82444744633,1005251.5050296102,60120.766348308905,545591.8427417657,121807.04661317637,82549.76391416004,93672.0881508924,92370.98650010729,15633.192087313606,71407.08797882068,35931.469379813905,15305.698467805558,44772.22429799098,496052.2105587658,28539.95940168117,350416.9705843016,0.0,1066.6407651877423,0.0,0.0,0.0,0.0,1617.267702026849,0.0,117.724829707125,50981.27054801119,0.0,0.0,0.0,0.00017947804853793103,0.0,0.0,0.0,0.0,0.09184819595182396,0.0,6.983438844827587e-07,0.0,0.0,0.0,0.0001952532862902299,2.6956420497298454e-05,0.0,0.00010225669661239927,0.0,0.0,0.0,0.0,0.0526184796651806,0.0,3.9785221151951485e-07,0.0,0.0,0.0,0.00011109486024976623,2.7530636657444868e-05
2026-09-22 19:52:18.378000021,0.0,563.940968570945,0.0,0.0,0.0,0.0,270006.8981895986,0.0,0.0,0.0,0.0,0.0,642.3007278901446,284.67463136045956,0.0020535748958419487,0.00034735214607971656,0.0018498046693766362,0.0017949658941537742,0.0017423418619163782,0.0016466990844417693,0.0035139056425985476,0.00024046792852819212,0.0012237416649900842,0.023074987642390653,0.0017496368608076508,0.00470296298333081,175531.39369348582,139350.2378475141,113596.94213293037,124575.646821025,90649.63452046903,92850.22196327274,71620.73924869625,42121.70783434322,88955.82444744633,876752.8877507012,60120.766348308905,477830.42675979517,121807.04661317637,70516.28221845625,86894.09411113712,92370.98650010729,15633.192087313606,47759.72924438603,35931.469379813905,15305.698467805558,44772.22429799098,412973.3631613098,28539.95940168117,294089.35346582957,0.0,0.0,0.0,0.0,0.0,0.0,1617.267702026849,0.0,117.724829707125,7.555381281594412,0.0,0.0,0.0,0.00018025091060689657,0.0,0.0,0.0,0.0,0.09224037743644807,0.0,7.013510683908046e-07,0.0,0.0,0.0,0.00019608937106034487,2.715180925841693e-05,0.0,0.00010287732612427937,0.0,0.0,0.0,0.0,0.05280003670093206,0.0,3.961545182788504e-07,0.0,0.0,0.0,0.00011168452372166862,2.822777971556677e-05
2026-09-22 19:52:33.378000021,0.0,563.940968570945,0.0,0.0,0.0,0.0,270006.0373759675,0.0,0.0,0.0,0.0,0.0,642.3007278901446,286.1434594284249,0.0020535748958419487,0.00034735214607971656,0.0018498046693766362,0.0017949658941537742,0.0017423418619163782,0.0016466990844417693,0.0032635183144968613,0.0002457336483779953,0.0012237416649900842,0.024118584559620956,0.0017496368608076508,0.004698375595794096,175531.39369348582,139350.2378475141,113596.94213293037,124575.646821025,90649.63452046903,92850.22196327274,66400.16552280271,44438.75268628569,88955.82444744633,916405.1998129841,60120.766348308905,471444.7967826119,121807.04661317637,70516.28221845625,86894.09411113712,92370.98650010729,15633.192087313606,47759.72924438603,33312.35532228315,16148.999312895634,44772.22429799098,431650.63117863395,28539.95940168117,292061.61512170767,0.0,0.0,0.0,0.0,0.0,0.0,1499.3819420988502,0.0,117.724829707125,7.897083419691617,0.0,0.0,0.0,0.00018102377267586209,0.0,0.0,0.0,0.0,0.09263255892107213,0.0,7.043582522988506e-07,0.0,0.0,0.0,0.0001969254558304598,2.734719801953541e-05,0.0,0.00010331565072522353,0.0,0.0,0.0,0.0,0.0530221926780955,0.0,3.97828135759186e-07,0.0,0.0,0.0,0.00011215835439272988,2.8432496919220085e-05
2026-09-22 19:52:48.378000021,0.0,567.0163043617649,0.0,0.0,0.0,0.0,268618.37349692784,0.0,0.0,0.0,0.0,0.0,646.4683287067394,280.0023952935604,0.0016495301332392135,0.00034735214607971656,0.0016148629764159486,0.0017949658941537742,0.0015460062548985987,0.0016466990844417693,0.0032635183144968613,0.0002457336483779953,0.0011582124968163685,0.023027494129628664,0.0017496368608076508,0.003962123688289397,172556.60460601782,139350.2378475141,81092.26847107438,124575.646821025,92427.7187328386,92850.22196327274,66400.16552280271,44438.75268628569,84082.92724339927,874948.3331780693,60120.766348308905,474541.4671158537,115835.87752580958,70516.28221845625,62799.84558457645,92370.98650010729,13192.093515218061,47759.72924438603,33312.35532228315,16148.999312895634,42319.65362085067,412123.37112674717,28539.95940168117,292395.84352784697,0.0,0.0,0.0,0.0,0.0,0.0,1499.3819420988502,0.0,111.27599966041261,7.539830608160469,0.0,0.0,0.0,0.00018179663474482757,0.0,0.0,0.0,0.0,0.09302474040569624,0.0,7.073654362068965e-07,0.0,0.0,0.0,0.00019776154060057471,2.7542586780653894e-05,0.0,0.00010393080166857549,0.0,0.0,0.0,0.0,0.05327218852118081,0.0,3.9614435485452317e-07,0.0,0.0,0.0,0.00011296422794034435,2.8364937990494787e-05
2026-09-22 19:53:03.378000021,0.0,567.0163043617649,0.0,0.0,0.0,0.0,268617.5986685061,0.0,0.0,0.0,0.0,0.0,646.4683287067394,281.4537965692734,0.0016495301332392135,0.00034735214607971656,0.0016997130657846204,0.0017949658941537742,0.001622449370486634,0.0016466990844417693,0.0032635183144968613,0.0002396283452682169,6.665507530481404e-05,0.023951879774758874,0.001677697624104847,0.00392490203663152,172556.60460601782,139350.2378475141,85353.11680766208,124575.646821025,96997.85728450716,92850.22196327274,66400.16552280271,54641.02800514959,85239.39165169699,835179.309116187,64047.918097329886,471429.06162596977,115835.87752580958,70516.28221845625,66099.55124877862,92370.98650010729,13844.383715362257,47759.72924438603,33312.35532228315,15088.700617062617,41092.02880663626,396009.43162248353,30359.752105012485,290084.95628990507,0.0,0.0,0.0,0.0,0.0,0.0,1499.3819420988502,0.0,0.0,7.154060313479185,0.0,0.0,0.0,0.00018320665595932206,0.0,0.0,0.0,0.0,0.09327978421051458,0.0,6.983324062146893e-07,0.0,0.0,0.0,0.00019938637155706218,2.876119183836052e-05,0.0,0.00010436987329955611,0.0,0.0,0.0,0.0,0.053272309427400064,0.0,3.9780390731366685e-07,0.0,0.0,0.0,0.0001134394554764243,2.857479142915754e-05
2026-09-22 19:53:18.378000021,0.0,568.1733737660097,0.0,0.0,0.0,0.0,267142.96617789764,0.0,0.0,0.0,0.0,0.0,648.3490797918405,274.1364827911885,0.0016495301332392135,0.00034735214607971656,0.0016997130657846204,0.001761788069922189,0.001622449370486634,0.0016466990844417693,0.0032635183144968613,0.0002396283452682169,6.665507530481404e-05,0.023951879774758874,0.0016439787778426938,0.0028735701148293004,172556.60460601782,139350.2378475141,85353.11680766208,88548.47329358349,96997.85728450716,92850.22196327274,66400.16552280271,54641.02800514959,85239.39165169699,835179.309116187,59719.43796495734,455649.0773110041,115835.87752580958,70516.28221845625,66099.55124877862,61014.06811248475,13844.383715362257,47759.72924438603,33312.35532228315,15088.700617062617,41092.02880663626,396009.43162248353,28307.9823096133,278877.14550248324,0.0,0.0,0.0,0.0,0.0,0.0,1499.3819420988502,0.0,0.0,7.154060313479185,0.0,0.0,0.0,0.00018398221528135596,0.0,0.0,0.0,0.0,0.09367139374894529,0.0,7.012886209039548e-07,0.0,0.0,0.0,0.00020022579528587573,2.897885238109773e-05,0.0,0.00010557549307145246,0.0,0.0,0.0,0.0,0.05330529274786621,0.0,3.9944667554588023e-07,0.0,0.0,0.0,0.00011452234845517808,2.838055754455455e-05
2026-09-22 19:53:33.378000021,0.0,568.1733737660097,0.0,0.0,0.0,0.0,267142.2910240772,0.0,0.0,0.0,0.0,0.0,648.3490797918405,275.5601216119416,0.0016413204508584848,0.00034735214607971656,0.0016997130657846204,0.001761788069922189,0.0015403128096493327,0.0015596797859179078,9.485425827968262e-05,0.0002336478304924621,6.665507530481404e-05,0.023951879774758874,0.0016439787778426938,0.0029033073142220567,158465.79819406764,139350.2378475141,85353.11680766208,88548.47329358349,92087.33708531773,87943.58099931796,65880.41259174835,57691.18097800022,85239.39165169699,835179.309116187,59719.43796495734,433600.9006184621,106379.103988818,70516.28221845625,66099.55124877862,61014.06811248475,13143.511265363568,45235.881277381835,31774.11203640987,15933.016251924664,41092.02880663626,396009.43162248353,28307.9823096133,280522.3194982635,0.0,0.0,0.0,0.0,0.0,0.0,0.0,0.0,0.0,7.154060313479185,0.0,0.0,0.0,0.00018475777460338986,0.0,0.0,0.0,0.0,0.09406300328737599,0.0,7.042448355932205e-07,0.0,0.0,0.0,0.0002010652190146893,2.919651292383494e-05,0.0,0.00010601777596977938,0.0,0.0,0.0,0.0,0.05330541227649468,0.0,4.011200604219322e-07,0.0,0.0,0.0,0.00011452234845517808,2.8585972710785655e-05
2026-09-22 19:53:48.378000021,0.0,573.0385493344278,0.0,0.0,0.0,0.0,264804.2076444923,0.0,0.0,0.0,0.0,0.0,655.938854548719,286.9718905801696,0.00159971524005048,7.264961973448658e-05,0.0016997130657846204,0.001761788069922189,0.0016434320040783366,0.0016025711416987583,9.485425827968262e-05,0.0002336478304924621,6.665507530481404e-05,0.023951879774758874,0.0016439787778426938,0.002773553374255119,168752.7729938266,112547.25982974518,85353.11680766208,88548.47329358349,87829.70493377083,59048.99894147617,65880.41259174835,57691.18097800022,85239.39165169699,835179.309116187,59719.43796495734,403811.96574529127,113283.60580881532,55894.74734131625,66099.55124877862,61014.06811248475,12535.82471562889,47105.33492384258,31774.11203640987,15933.016251924664,41092.02880663626,396009.43162248353,28307.9823096133,274550.86545721756,0.0,0.0,0.0,0.0,0.0,0.0,0.0,0.0,0.0,7.154060313479185,0.0,0.0,0.0,0.00018553333392542376,0.0,0.0,0.0,0.0,0.09445461282580668,0.0,7.072010502824859e-07,0.0,0.0,0.0,0.00020190464274350285,2.9414173466572148e-05,0.0,0.00010713028149685611,0.0,0.0,0.0,0.0,0.05341053921740234,0.0,4.0275002813014457e-07,0.0,0.0,0.0,0.00011562748364616955,2.9547691242462785e-05
2026-09-22 19:54:03.378000021,0.0,573.0385493344278,0.0,0.0,0.0,0.0,264802.93603640335,0.0,0.0,0.0,0.0,0.0,655.938854548719,289.0614109828337,0.00159971524005048,7.774315294100797e-05,0.0016134366338682446,0.001761788069922189,0.0016434320040783366,0.0016025711416987583,9.425312518806072e-05,0.0002336478304924621,6.665507530481404e-05,0.021821582376112023,0.0016439787778426938,0.0027533179656961133,168752.7729938266,107524.10418277154,81020.64298055328,88548.47329358349,87829.70493377083,59048.99894147617,60144.77603218639,57691.18097800022,85239.39165169699,830531.1653226203,59719.43796495734,405827.98179447313,113283.60580881532,53400.07962423076,62744.37704448686,61014.06811248475,12535.82471562889,47105.33492384258,29007.815477628505,15933.016251924664,41092.02880663626,395061.0192059939,28307.9823096133,274923.98134100833,0.0,0.0,0.0,0.0,0.0,0.0,0.0,0.0,0.0,7.093676276772138,0.0,0.0,0.0,0.00018645479273333336,0.0,0.0,0.0,0.0,0.09470541891229362,0.0,6.983213105555556e-07,0.0,0.0,0.0,0.00020297959235166668,3.080081554709102e-05,0.0,0.00010713028149685611,0.0,0.0,0.0,0.0,0.05341066055767608,0.0,4.044372468877853e-07,0.0,0.0,0.0,0.00011562748364616955,2.9751795290217078e-05
2026-09-22 19:54:18.378000021,0.0,577.5680703650255,0.0,0.0,0.0,0.0,262486.7024627407,0.0,0.0,0.0,0.0,0.0,660.2712555314652,289.7242182777088,0.00159971524005048,7.774315294100797e-05,0.0016696668492158146,0.0017436323064537744,0.0016434320040783366,0.0016025711416987583,9.425312518806072e-05,0.0002336478304924621,7.170385377241057e-05,0.022919463617074094,0.001591061599599277,0.002732117228770104,168752.7729938266,107524.10418277154,76971.37928436785,74498.2722894344,87829.70493377083,59048.99894147617,60144.77603218639,57691.18097800022,85346.57252026831,872316.6129004386,42454.9354101935,393496.01918298664,113283.60580881532,53400.07962423076,59608.527725604086,50959.16754996866,12535.82471562889,47105.33492384258,29007.815477628505,15933.016251924664,41143.69833704363,414937.2167495973,13941.414369913153,264856.34294605005,0.0,0.0,0.0,0.0,0.0,0.0,0.0,0.0,0.0,7.45057129838392,0.0,0.0,0.0,0.00018723095940000002,0.0,0.0,0.0,0.0,0.09509644810852376,0.0,7.012282550000001e-07,0.0,0.0,0.0,0.00020381999651833337,3.1057584962213756e-05,0.0,0.00010821292105066293,0.0,0.0,0.0,0.0,0.053525820013915454,0.0,4.0605159698566247e-07,0.0,0.0,0.0,0.00011640403426287493,2.9685434574761313e-05
2026-09-22 19:54:33.378000021,0.0,577.5680703650255,0.0,0.0,0.0,0.0,262485.5204188887,0.0,0.0,0.0,0.0,0.0,660.2712555314652,291.2350124898141,0.00159971524005048,7.774315294100797e-05,0.0016276919684862186,0.00171886564109158,0.0016146240197698525,0.0016025711416987583,9.425312518806072e-05,0.00019854883274812195,7.170385377241057e-05,0.022919463617074094,0.001591061599599277,0.002732117228770104,168752.7729938266,107524.10418277154,49640.89423938026,69060.87683281655,58775.47096115134,59048.99894147617,60144.77603218639,63490.76516362818,85346.57252026831,872316.6129004386,42454.9354101935,393496.01918298664,113283.60580881532,53400.07962423076,41854.888891510105,47239.81758930487,13437.25024787429,47105.33492384258,29007.815477628505,11337.782186611053,41143.69833704363,414937.2167495973,13941.414369913153,264856.34294605005,0.0,0.0,0.0,0.0,0.0,0.0,0.0,0.0,0.0,7.45057129838392,0.0,0.0,0.0,0.0001880071260666667,0.0,0.0,0.0,0.0,0.09548747730475393,0.0,7.041351994444444e-07,0.0,0.0,0.0,0.00020466040068500003,3.131435437733649e-05,0.0,0.00010821292105066293,0.0,0.0,0.0,0.0,0.053525912560652984,0.0,4.07752643975453e-07,0.0,0.0,0.0,0.00011640403426287493,2.98874745389954e-05
2026-09-22 19:54:48.378000021,0.0,583.1562460458866,0.0,0.0,0.0,0.0,260138.19675349683,0.0,0.0,0.0,0.0,0.0,669.5900033171806,280.93928804744405,0.00159971524005048,7.774315294100797e-05,0.0016276919684862186,0.00171886564109158,0.0016146240197698525,0.0016025711416987583,9.425312518806072e-05,0.00020536771998922528,7.170385377241057e-05,0.022919463617074094,0.001577685129259064,0.0026968560004568057,168752.7729938266,107524.10418277154,49640.89423938026,69060.87683281655,58775.47096115134,59048.99894147617,60144.77603218639,57489.37653766566,85346.57252026831,872316.6129004386,38930.576364430286,364841.23866806115,113283.60580881532,53400.07962423076,41854.888891510105,47239.81758930487,13437.25024787429,47105.33492384258,29007.815477628505,10265.432960705126,41143.69833704363,414937.2167495973,12784.080143147625,246461.14922305325,0.0,0.0,0.0,0.0,0.0,0.0,0.0,0.0,0.0,7.45057129838392,0.0,0.0,0.0,0.00018878329273333335,0.0,0.0,0.0,0.0,0.09587850650098409,0.0,7.070421438888889e-07,0.0,0.0,0.0,0.0002055008048516667,3.157112379245923e-05,0.0,0.00010874375106432992,0.0,0.0,0.0,0.0,0.053643599276910585,0.0,4.0935328310790585e-07,0.0,0.0,0.0,0.00011729967530276561,2.9736506374235696e-05
2026-09-22 19:55:03.378000021,0.0,583.1562460458866,0.0,0.0,0.0,0.0,260139.22381152838,0.0,0.0,0.0,0.0,0.0,669.5900033171806,282.4070798117336,0.0015686546705046727,7.774315294100797e-05,0.0016276919684862186,0.00171886564109158,0.0016146240197698525,0.0016025711416987583,9.792131200665844e-05,0.00020536771998922528,7.170385377241057e-05,0.022919463617074094,0.001577685129259064,0.0026240424987404387,142414.12334941016,107524.10418277154,49640.89423938026,69060.87683281655,58775.47096115134,59048.99894147617,63486.80462597609,57489.37653766566,85346.57252026831,872316.6129004386,38930.576364430286,361680.634545174,93133.97928051764,53400.07962423076,41854.888891510105,47239.81758930487,13437.25024787429,47105.33492384258,30619.675312599542,10265.432960705126,41143.69833704363,414937.2167495973,12784.080143147625,223741.632853355,0.0,0.0,0.0,0.0,0.0,0.0,0.0,0.0,0.0,7.45057129838392,0.0,0.0,0.0,0.0001898697455147541,0.0,0.0,0.0,0.0,0.09613569638345826,0.0,6.983105786885247e-07,0.0,0.0,0.0,0.00020639630982677596,3.120434273077223e-05,0.0,0.00010874375106432992,0.0,0.0,0.0,0.0,0.053643690901954415,0.0,4.1106815494329603e-07,0.0,0.0,0.0,0.00011729967530276561,2.993510858447569e-05
2026-09-22 19:55:18.378000021,0.0,588.9921951744992,0.0,0.0,0.0,0.0,258077.64027995113,0.0,0.0,0.0,0.0,0.0,678.2457481270214,296.7685952693548,0.0015940840892335047,7.14155132912997e-05,0.0016276919684862186,0.00171886564109158,0.0016146240197698525,0.0015916851900656009,9.792131200665844e-05,0.00020536771998922528,7.170385377241057e-05,0.022919463617074094,0.001577685129259064,0.002613247986560464,154801.81851258344,84786.13211068224,49640.89423938026,69060.87683281655,58775.47096115134,34561.21417663381,63486.80462597609,57489.37653766566,85346.57252026831,872316.6129004386,38930.576364430286,327321.0999651028,101065.59684415124,41949.422175428095,41854.888891510105,47239.81758930487,13437.25024787429,26434.29495285074,30619.675312599542,10265.432960705126,41143.69833704363,414937.2167495973,12784.080143147625,195541.74292532483,0.0,0.0,0.0,0.0,0.0,0.0,0.0,0.0,0.0,7.45057129838392,0.0,0.0,0.0,0.00019064718267322405,0.0,0.0,0.0,0.0,0.09652613836825036,0.0,7.01169868306011e-07,0.0,0.0,0.0,0.00020723693960819674,3.145499606897885e-05,0.0,0.00010936259695976756,0.0,0.0,0.0,0.0,0.053749919661557656,0.0,4.126560219193321e-07,0.0,0.0,0.0,0.00011829363842913574,3.1071174130194463e-05
2026-09-22 19:55:33.378000021,0.0,588.9921951744992,0.0,0.0,0.0,0.0,258079.3400959137,0.0,0.0,0.0,0.0,0.0,678.2457481270214,299.46009954029773,0.0015940840892335047,7.141212409769715e-05,0.0016276919684862186,0.0016899292733539302,0.0016158974002561353,0.0015916851900656009,9.261668125307231e-05,0.00020536771998922528,7.170385377241057e-05,0.022919463617074094,0.001577685129259064,0.0025992082969600837,154801.81851258344,84782.10838245723,49640.89423938026,74673.08958677186,53057.02180028428,34561.21417663381,59053.752759570925,57489.37653766566,85346.57252026831,872316.6129004386,38930.576364430286,320409.5903418908,101065.59684415124,41947.43136549458,41854.888891510105,51078.74809421325,12129.898198664743,26434.29495285074,28481.615134694457,10265.432960705126,41143.69833704363,414937.2167495973,12784.080143147625,189259.81110513824,0.0,0.0,0.0,0.0,0.0,0.0,0.0,0.0,0.0,7.45057129838392,0.0,0.0,0.0,0.000191424619831694,0.0,0.0,0.0,0.0,0.09691658035304246,0.0,7.040291579234973e-07,0.0,0.0,0.0,0.00020807756938961755,3.170564940718548e-05,0.0,0.00010936259695976756,0.0,0.0,0.0,0.0,0.05375001337425087,0.0,4.143847291784673e-07,0.0,0.0,0.0,0.00011829363842913574,3.127715202488217e-05
2026-09-22 19:55:48.378000021,0.0,592.2013834683145,0.0,0.0,0.0,0.0,256662.95880414962,0.0,0.0,0.0,0.0,0.0,678.8597457913309,287.7914504753444,0.0015940840892335047,7.561743095976961e-05,0.0016276919684862186,0.001671406602627801,0.0016158974002561353,0.0015916851900656009,9.261668125307231e-05,0.00020536771998922528,7.19216643593501e-05,0.02150480275684113,0.001562350840064543,0.002632424982098656,154801.81851258344,80750.08274871034,49640.89423938026,70214.04173567407,53057.02180028428,34561.21417663381,59053.752759570925,57489.37653766566,79482.80265050201,884591.6710755293,21384.794089622843,319964.8150045207,101065.59684415124,39952.51614384731,41854.888891510105,48028.61874792978,12129.898198664743,26434.29495285074,28481.615134694457,10265.432960705126,38316.90434268357,420386.49111583363,3.9223760252426345,188483.9457229029,0.0,0.0,0.0,0.0,0.0,0.0,0.0,0.0,0.0,7.560160256014848,0.0,0.0,0.0,0.00019220205699016399,0.0,0.0,0.0,0.0,0.09730702233783456,0.0,7.068884475409837e-07,0.0,0.0,0.0,0.00020891819917103827,3.1956302745392114e-05,0.0,0.00011055576906007501,0.0,0.0,0.0,0.0,0.053840114557429965,0.0,4.159580829046021e-07,0.0,0.0,0.0,0.00011940627099882316,3.098575285170566e-05
2026-09-22 19:56:03.378000021,0.0,592.2013834683145,0.0,0.0,0.0,0.0,256662.4174232122,0.0,0.0,0.0,0.0,0.0,678.8597457913309,286.9572137914658,0.0015940840892335047,7.561743095976961e-05,0.0015092961965099613,0.001671406602627801,0.0015943068941072138,0.0015916851900656009,8.353219167134584e-05,0.00021085706951484085,6.93297197491819e-05,0.02272529872190733,0.001562350840064543,0.0026403235649144876,154801.81851258344,80750.08274871034,24008.153348562933,70214.04173567407,39463.92618318447,34561.21417663381,62022.429041455114,66425.96777684381,56886.18489607137,843452.7214544383,21384.794089622843,322630.2649638508,101065.59684415124,39952.51614384731,26974.60580419689,48028.61874792978,107.97243825768666,26434.29495285074,29913.407211725797,9559.12695816157,26762.040913328823,401962.7402896729,3.9223760252426345,191429.01940439627,0.0,0.0,0.0,0.0,0.0,0.0,0.0,0.0,0.0,7.190039267865826,0.0,0.0,0.0,0.00019315390374623656,0.0,0.0,0.0,0.0,0.09755991980537226,0.0,6.983001930107527e-07,0.0,0.0,0.0,0.00021005791450268816,3.3437845612861965e-05,0.0,0.00011055576906007501,0.0,0.0,0.0,0.0,0.05384020727345567,0.0,4.177006193335865e-07,0.0,0.0,0.0,0.00011940627099882316,3.118839131796733e-05
2026-09-22 19:56:18.378000021,0.0,599.6014250209674,0.0,0.0,0.0,0.0,256240.70540163363,0.0,0.0,0.0,0.0,0.0,688.5744404176576,304.9895764658203,0.001628246955624256,7.561743095976961e-05,0.0015845768570468587,0.001671406602627801,0.0015943068941072138,0.0015916851900656009,8.765038409996016e-05,0.00020746824741472127,6.93297197491819e-05,0.02272529872190733,0.001562350840064543,0.0026365106975426668,141015.8903802462,80750.08274871034,25205.631780251948,70214.04173567407,39463.92618318447,34561.21417663381,65080.17591211943,69743.24170596722,56886.18489607137,843452.7214544383,21384.794089622843,327420.49748001556,91299.13015074746,39952.51614384731,28320.04492168622,48028.61874792978,107.97243825768666,26434.29495285074,31388.15801891244,10036.504160252473,26762.040913328823,401962.7402896729,3.9223760252426345,194106.76818465948,0.0,0.0,0.0,0.0,0.0,0.0,0.0,0.0,0.0,7.190039267865826,0.0,0.0,0.0,0.00019393204353118282,0.0,0.0,0.0,0.0,0.09794981339208157,0.0,7.011133650537636e-07,0.0,0.0,0.0,0.00021089974918010753,3.369952119499722e-05,0.0,0.00011153144720418408,0.0,0.0,0.0,0.0,0.0539354276408528,0.0,4.1926003970011825e-07,0.0,0.0,0.0,0.0001207262632255468,3.200099563099844e-05
2026-09-22 19:56:33.378000021,0.0,599.6014250209674,0.0,0.0,0.0,0.0,256240.70540163363,0.0,0.0,0.0,0.0,0.0,688.5744404176576,305.01654573399657,0.001628246955624256,7.561743095976961e-05,0.0015845768570468587,0.001671406602627801,0.0015943068941072138,0.0015666240361803074,8.765038409996016e-05,0.00021825559857938177,6.93297197491819e-05,0.02272529872190733,0.0016336571367913902,0.002636192777553878,141015.8903802462,80750.08274871034,25205.631780251948,70214.04173567407,39463.92618318447,19007.80420802897,65080.17591211943,73369.55488409975,56886.18489607137,843452.7214544383,19968.147775792204,324339.0985958734,91299.13015074746,39952.51614384731,28320.04492168622,48028.61874792978,107.97243825768666,14540.550664918524,31388.15801891244,10558.354111709368,26762.040913328823,401962.7402896729,7.186664666471911,192714.49489828182,0.0,0.0,0.0,0.0,0.0,0.0,0.0,0.0,0.0,7.190039267865826,370.1132303233034,0.0,0.0,0.000194710183316129,0.0,0.0,0.0,0.0,0.09833970697879084,0.0,7.039265370967741e-07,0.0,0.0,0.0,0.00021174158385752688,3.396119677713246e-05,0.0,0.00011153144720418408,0.0,0.0,0.0,0.0,0.05393555048425002,0.0,4.2101640529120276e-07,0.0,0.0,0.0,0.0001207262632255468,3.21293213448744e-05
2026-09-22 19:56:48.378000021,0.0,596.7616368789355,0.0,0.0,0.0,0.0,258216.1024661481,0.0,0.0,0.0,0.0,0.0,685.1377103700632,313.0808702022467,0.001628246955624256,7.561743095976961e-05,0.0015845768570468587,0.0016767880076212671,0.0016542499314363616,0.0016434528169801852,8.765038409996016e-05,0.00021825559857938177,6.93297197491819e-05,0.02272529872190733,0.0016336571367913902,0.002657929358359776,141015.8903802462,80750.08274871034,25205.631780251948,57137.73102446243,37074.05137466787,17806.735637244114,65080.17591211943,73369.55488409975,56886.18489607137,843452.7214544383,19968.147775792204,331126.2684658108,91299.13015074746,39952.51614384731,28320.04492168622,39071.92283658362,205.88668436828414,13494.542134719963,31388.15801891244,10558.354111709368,26762.040913328823,401962.7402896729,7.186664666471911,190528.09231144347,0.0,0.0,0.0,0.0,0.0,0.0,0.0,0.0,0.0,7.190039267865826,370.1132303233034,0.0,0.0,0.00019548832310107526,0.0,0.0,0.0,0.0,0.09872960056550012,0.0,7.06739709139785e-07,0.0,0.0,0.0,0.00021258341853494625,3.42228723592677e-05,0.0,0.00011206440209619357,0.0,0.0,0.0,0.0,0.054157163072955435,0.0,4.2256236235279344e-07,0.0,0.0,0.0,0.00012115877352581716,3.255262608821843e-05
2026-09-22 19:57:03.378000021,0.0,596.7616368789355,0.0,0.0,0.0,0.0,258217.28630026153,0.0,0.0,0.0,0.0,0.0,685.1377103700632,310.3109838356047,0.0015449747674283899,0.00011792757401171588,0.0015845768570468587,0.0017308208133021735,0.0016542499314363616,0.0016434528169801852,8.358215239028281e-05,0.00021825559857938177,6.93297197491819e-05,0.02306641484841562,0.0016336571367913902,0.0026673367489795014,133804.02259705143,55200.455278586494,25205.631780251948,53555.444411417615,37074.05137466787,17806.735637244114,62059.52474172502,73369.55488409975,56886.18489607137,1021952.4606735881,19968.147775792204,288171.5946132282,86629.88859511554,27654.94656799922,28320.04492168622,36484.91989612571,205.88668436828414,13494.542134719963,29931.298461796574,10558.354111709368,26762.040913328823,505772.25755343627,7.186664666471911,159450.0762499288,0.0,507.06207267535837,0.0,291.61690395544576,0.0,0.0,0.0,0.0,0.0,21.85013065090736,370.1132303233034,0.0,0.0,0.00019636265629947088,0.0,0.0,0.0,0.0,0.0992063207926075,0.0,6.98290137037037e-07,0.0,0.0,0.0,0.00021383694875291002,3.478732578995121e-05,0.0,0.00011206440209619357,0.0,0.0,0.0,0.0,0.05415729885088632,0.0,4.243325580901745e-07,0.0,0.0,0.0,0.00012115877352581716,3.2653471797979225e-05
2026-09-22 19:57:18.378000021,0.0,588.0878203922508,0.0,0.0,0.0,0.0,260391.71197652092,0.0,0.0,0.0,0.0,0.0,675.7563736470428,307.7335062635011,0.0016601349514021562,0.00011792757401171588,0.0015845768570468587,0.0017308208133021735,0.0016542499314363616,0.0016434528169801852,0.00011022060731008416,0.00021825559857938177,7.580520265874848e-05,0.02306641484841562,0.0016336571367913902,0.0027120025866014847,127434.17327885539,55200.455278586494,25205.631780251948,53555.444411417615,37074.05137466787,17806.735637244114,59160.39599213358,73369.55488409975,52783.657365118204,1021952.4606735881,19968.147775792204,258849.05421460312,82596.42174840679,27654.94656799922,28320.04492168622,36484.91989612571,205.88668436828414,13494.542134719963,28475.54329911824,10558.354111709368,24832.011507559888,505772.25755343627,7.186664666471911,140237.25518845144,0.0,507.06207267535837,0.0,291.61690395544576,0.0,0.0,119.23257046428819,0.0,0.0,21.85013065090736,370.1132303233034,0.0,0.0,0.00019714117746349208,0.0,0.0,0.0,0.0,0.09959661297733519,0.0,7.010586555555556e-07,0.0,0.0,0.0,0.00021468041568412696,3.485584273772832e-05,0.0,0.00011268493208993107,0.0,0.0,0.0,0.0,0.054382858438049395,0.0,4.258649406289633e-07,0.0,0.0,0.0,0.00012187137411947909,3.3607009230856793e-05
2026-09-22 19:57:33.378000021,0.0,588.0878203922508,0.0,0.0,0.0,0.0,260392.36855563213,0.0,0.0,0.0,0.0,0.0,675.7563736470428,308.31809900516544,0.0016601349514021562,0.00011792757401171588,0.0015104621809806046,0.0017308208133021735,0.0016542499314363616,0.0016434528169801852,0.00011022060731008416,0.00021825559857938177,7.09520272348652e-05,0.02306641484841562,0.0016818900814874593,0.002711028185595011,127434.17327885539,55200.455278586494,24026.700492614564,53555.444411417615,37074.05137466787,17806.735637244114,59160.39599213358,73369.55488409975,27651.53595137853,1021952.4606735881,21918.86691794053,230833.01143766296,82596.42174840679,27654.94656799922,26995.444637251756,36484.91989612571,205.88668436828414,13494.542134719963,28475.54329911824,10558.354111709368,12951.966305237336,505772.25755343627,7.888741017793964,117431.12858708629,0.0,507.06207267535837,0.0,291.61690395544576,0.0,0.0,119.23257046428819,0.0,0.0,21.85013065090736,406.27016241638916,0.0,0.0,0.00019791969862751322,0.0,0.0,0.0,0.0,0.09998690516206289,0.0,7.038271740740741e-07,0.0,0.0,0.0,0.0002155238826153439,3.50546810654848e-05,0.0,0.00011268493208993107,0.0,0.0,0.0,0.0,0.05438299719587438,0.0,4.2764896801993684e-07,0.0,0.0,0.0,0.00012187137411947909,3.383781039016809e-05
2026-09-22 19:57:48.378000021,0.0,587.9529608905112,0.0,0.0,0.0,0.0,262125.8999436693,0.0,0.0,0.0,0.0,0.0,672.6726028392745,296.0657380758573,0.0016601349514021562,0.00011792757401171588,0.0016406198228544582,0.0017308208133021735,0.0015622792457894808,0.0016434528169801852,0.00010801734574035654,0.00021676610377731445,7.47359334978376e-05,0.02306641484841562,0.0016818900814874593,0.002711028185595011,127434.17327885539,55200.455278586494,24636.23160211807,53555.444411417615,38922.41325832709,17806.735637244114,31135.372662390455,67001.69146036745,29126.20586772749,1021952.4606735881,21918.86691794053,230833.01143766296,82596.42174840679,27654.94656799922,27590.6873783579,36484.91989612571,155.72003743085585,13494.542134719963,14846.103532387746,9641.97732478493,13642.700993591845,505772.25755343627,7.888741017793964,117431.12858708629,0.0,507.06207267535837,47.30040035851941,291.61690395544576,0.0,0.0,125.81443671515039,0.0,0.0,21.85013065090736,406.27016241638916,0.0,0.0,0.0001986982197915344,0.0,0.0,0.0,0.0,0.10037719734679058,0.0,7.065956925925925e-07,0.0,0.0,0.0,0.00021636734954656083,3.525351939324127e-05,0.0,0.00011306162136900508,0.0,0.0,0.0,0.0,0.05460814560051978,0.0,4.2916705823845184e-07,0.0,0.0,0.0,0.00012218063855845568,3.400116767704243e-05
2026-09-22 19:58:03.378000021,0.0,587.9529608905112,0.0,0.0,0.0,0.0,262123.4297483847,0.0,0.0,0.0,0.0,0.0,672.6726028392745,296.1928829564439,0.0017043503255930012,0.00011792757401171588,0.0016406198228544582,0.0017531631439058342,0.0015968212360457023,0.0016434528169801852,0.00010801734574035654,0.0002153298602126771,7.47359334978376e-05,0.02306641484841562,0.0016818900814874593,0.0027389790341133765,112339.31925389537,55200.455278586494,24636.23160211807,50901.47913766189,36587.85081466715,17806.735637244114,31135.372662390455,69891.92411813933,29126.20586772749,1021952.4606735881,21918.86691794053,215595.9620225346,72839.52991760602,27654.94656799922,27590.6873783579,34720.00675020039,252.77195755973221,13494.542134719963,14846.103532387746,10057.90052227724,13642.700993591845,505772.25755343627,7.888741017793964,106340.03891385827,0.0,507.06207267535837,47.30040035851941,276.4882082436822,0.0,0.0,125.81443671515039,0.0,0.0,21.85013065090736,406.27016241638916,0.0,0.0,0.000198633248275,0.0,0.0,0.0,0.0,0.10106961160420942,0.0,6.982803953125e-07,0.0,0.0,0.0,0.00021643359897864585,3.539884071994147e-05,0.0,0.00011306162136900508,0.0,0.0,0.0,0.0,0.054608222772932334,0.0,4.3096491529912273e-07,0.0,0.0,0.0,0.00012218063855845568,3.420607068945068e-05
2026-09-22 19:58:18.378000021,0.0,583.8266235659328,0.0,0.0,0.0,0.0,264419.56015266455,0.0,0.0,0.0,0.0,0.0,665.0223183942724,313.93257946096645,0.0017043503255930012,0.00012337131984098965,0.0016406198228544582,0.0017375392535251913,0.0016752867216659178,0.001546441556786549,0.00010801734574035654,0.00022608933385602392,7.47359334978376e-05,0.02305334960970821,0.0015872485976111768,0.0027767058322336986,112339.31925389537,58441.89818132444,24636.23160211807,36861.087362481776,38385.72487668939,18826.90192411389,31135.372662390455,73384.24197265881,29126.20586772749,911788.8519469097,20685.472350225362,224806.83188490433,72839.52991760602,29278.881186401042,27590.6873783579,25106.114945793943,265.19280590103597,14267.658399432232,14846.103532387746,10560.467678871137,13642.700993591845,435451.46089310286,7.444834389139954,107170.05939140204,0.0,536.8374205130913,47.30040035851941,298.3495537230415,0.0,0.0,125.81443671515039,0.0,0.0,23.292402294362283,383.4089710407076,0.0,0.0,0.0001994084774416667,0.0,0.0,0.0,0.0,0.10146085698620089,0.0,7.010056557291666e-07,0.0,0.0,0.0,0.00021727403257239586,3.5522696170950216e-05,0.0,0.00011362541711997521,0.0,0.0,0.0,0.0,0.05485750847225304,0.0,4.324694314845894e-07,0.0,0.0,0.0,0.00012263460532271867,3.5077557633071286e-05
2026-09-22 19:58:33.378000021,0.0,583.8266235659328,0.0,0.0,0.0,0.0,264417.7564377416,0.0,0.0,0.0,0.0,0.0,665.0223183942724,314.6731001713614,0.0017043503255930012,0.00012337131984098965,0.0016406198228544582,0.0017375392535251913,0.0016752867216659178,0.0016902934381170542,0.00011170580637287307,0.00022608933385602392,7.47359334978376e-05,0.02375711767838171,0.001723824600038862,0.002796086520179138,112339.31925389537,58441.89818132444,24636.23160211807,36861.087362481776,38385.72487668939,17834.457405722937,29265.177018601953,73384.24197265881,29126.20586772749,998950.5393082157,19685.42004015804,197614.33544388533,72839.52991760602,29278.881186401042,27590.6873783579,25106.114945793943,265.19280590103597,13545.948984383907,13979.936874722427,10560.467678871137,13642.700993591845,494517.14693488606,38.91098300839864,83223.24363871364,0.0,536.8374205130913,47.30040035851941,298.3495537230415,0.0,0.0,118.03274242378012,0.0,0.0,50581.03521812514,364.34829544227813,0.0,0.0,0.00020018370660833336,0.0,0.0,0.0,0.0,0.10185224778384538,0.0,7.037309161458333e-07,0.0,0.0,0.0,0.00021811446616614588,3.5741951090238544e-05,0.0,0.00011362541711997521,0.0,0.0,0.0,0.0,0.054857554972506335,0.0,4.342811197377551e-07,0.0,0.0,0.0,0.00012263460532271867,3.5341360838859524e-05
2026-09-22 19:58:48.378000021,0.0,572.2489445488449,0.0,0.0,0.0,0.0,266752.92778981634,0.0,0.0,0.0,0.0,0.0,658.6384551854327,328.0205608813365,0.0017043503255930012,0.0001684018112120195,0.0016406198228544582,0.0017375392535251913,0.0016752867216659178,0.0016902934381170542,0.0001176984691835586,0.00022608933385602392,7.102439653046893e-05,0.02375711767838171,0.001723824600038862,0.002761862306783304,112339.31925389537,53195.62633461112,24636.23160211807,36861.087362481776,38385.72487668939,17834.457405722937,31265.816595404835,73384.24197265881,27679.739827393776,998950.5393082157,19685.42004015804,202608.01044948018,72839.52991760602,26668.0662395911,27590.6873783579,25106.114945793943,265.19280590103597,13545.948984383907,14935.639789999439,10560.467678871137,12965.17698736613,494517.14693488606,38.91098300839864,73700.73404287861,0.0,488.25885238450513,47.30040035851941,298.3495537230415,0.0,0.0,126.10175139309186,0.0,0.0,50581.03521812514,364.34829544227813,0.0,0.0,0.000200958935775,0.0,0.0,0.0,0.0,0.10224363858148988,0.0,7.064561765625001e-07,0.0,0.0,0.0,0.00021895489975989584,3.5961206009526864e-05,0.0,0.00011421448799783474,0.0,0.0,0.0,0.0,0.055104172897105536,0.0,4.3577426325627013e-07,0.0,0.0,0.0,0.00012303104548170722,3.593944561462256e-05
2026-09-22 19:59:03.378000021,0.0,572.2489445488449,0.0,0.0,0.0,0.0,266751.0567720009,0.0,0.0,0.0,0.0,0.0,658.6384551854327,328.5235378010377,0.0017310808362653244,0.0001684018112120195,0.001551501547988933,0.0017375392535251913,0.0016752867216659178,0.0016902934381170546,0.0001176984691835586,0.0002213435177259919,8.102063242614575e-05,0.02375711767838171,0.001723824600038862,0.002843744457300725,126971.58677695981,53195.62633461112,25935.45067436465,36861.087362481776,38385.72487668939,17834.45740572294,31265.816595404835,68671.77794138945,26200.787620881914,998950.5393082157,19685.42004015804,219358.18548462854,82377.79644312458,26668.0662395911,29045.71296170538,25106.114945793943,265.19280590103597,13545.948984383911,14935.639789999439,9881.802422435496,12272.436476333394,494517.14693488606,38.91098300839864,82008.61713498345,0.0,488.25885238450513,49.79483957565211,298.3495537230415,0.0,0.0,126.10175139309186,0.0,0.0,50581.03521812514,364.34829544227813,0.0,0.0,0.00020073905376820513,0.0,0.0,0.0,0.0,0.10298548004743624,0.0,6.982709533333333e-07,0.0,0.0,0.0,0.00021880407447230768,3.703502905620757e-05,0.0,0.00011421448799783474,0.0,0.0,0.0,0.0,0.05510422005950196,0.0,4.3759979295474366e-07,0.0,0.0,0.0,0.00012303104548170722,3.61837217725201e-05
2026-09-22 19:59:18.378000021,0.0,567.4612579061571,0.0,0.0,0.0,0.0,268696.0321201297,0.0,0.0,0.0,0.0,0.0,650.0392422400394,341.77062006347995,0.0017310808362653244,0.00016812371292233076,0.001647069445974938,0.0017375392535251913,0.0016752867216659178,0.0016902934381170546,0.0001176984691835586,0.0002213435177259919,8.102063242614575e-05,0.02375711767838171,0.0016590916038714707,0.002979786794839229,126971.58677695981,28797.402185390933,27532.997584634588,36861.087362481776,38385.72487668939,17834.45740572294,31265.816595404835,68671.77794138945,26200.787620881914,998950.5393082157,427.49168589314127,237978.18376631066,82377.79644312458,14657.62429816289,30834.842812625033,25106.114945793943,265.19280590103597,13545.948984383911,14935.639789999439,9881.802422435496,12272.436476333394,494517.14693488606,41.249197761618895,92529.12867192015,0.0,510.50107177264886,52.862054142704125,298.3495537230415,0.0,0.0,126.10175139309186,0.0,0.0,50581.03521812514,386.24248813152235,0.0,0.0,0.00020151045889641025,0.0,0.0,0.0,0.0,0.10337798583224436,0.0,7.009542866666667e-07,0.0,0.0,0.0,0.00021964069883128213,3.7299161143775796e-05,0.0,0.00011508531765926811,0.0,0.0,0.0,0.0,0.05533327601833653,0.0,4.3907435044624875e-07,0.0,0.0,0.0,0.00012352839546665996,3.702932741258386e-05
2026-09-22 19:59:33.378000021,0.0,567.4612579061571,0.0,0.0,0.0,0.0,268694.1305927307,0.0,0.0,0.0,0.0,0.0,650.0392422400394,342.8427469398498,0.0017310808362653244,0.00017036087120841594,0.0015626590709275413,0.0017375392535251913,0.0016752867216659178,0.0016902934381170546,0.0001176984691835586,0.0002213435177259919,8.428915744117478e-05,0.023850942085914477,0.001743741189669987,0.0030285932896021673,126971.58677695981,29180.598260453447,26121.963788835892,36861.087362481776,38385.72487668939,17834.45740572294,31265.816595404835,68671.77794138945,27619.608725863436,1079855.1753172553,449.303015694776,247848.11168345888,82377.79644312458,14852.667728283346,29254.593326058566,25106.114945793943,265.19280590103597,13545.948984383911,14935.639789999439,9881.802422435496,12937.011607971393,534163.4690563543,43.35379976002224,97765.95443589096,0.0,517.2941153173102,50.15293594075714,298.3495537230415,0.0,0.0,126.10175139309186,0.0,0.0,54719.672821314736,405.94921593475374,0.0,0.0,0.00020228186402461535,0.0,0.0,0.0,0.0,0.10377067203277855,0.0,7.0363762e-07,0.0,0.0,0.0,0.00022047732319025647,3.756329323134403e-05,0.0,0.00011508531765926811,0.0,0.0,0.0,0.0,0.05533332381583754,0.0,4.409137011541584e-07,0.0,0.0,0.0,0.00012352839546665996,3.732088505517512e-05
2026-09-22 19:59:48.378000021,0.0,568.9807294427442,0.0,0.0,0.0,0.0,270114.4185612374,0.0,0.0,0.0,0.0,0.0,650.5336593540005,327.48067274814827,0.0017535210274317254,0.00017897266288681516,0.0017889897666569956,0.0015375652499999995,0.0017173821281329159,0.0016902934381170546,0.0001176984691835586,0.00020441613522115853,8.428915744117478e-05,0.024426950018755934,0.001743741189669987,0.0030719853706853025,139599.45715984813,30655.68600500162,39316.542984846674,36548.83555555555,48544.55781741506,17834.45740572294,31265.816595404835,57956.16326333375,27619.608725863436,1029729.1323583793,449.303015694776,256509.64764198882,90570.62258885957,15603.474409636712,42324.06713528696,24893.44,12324.765668746946,13545.948984383911,14935.639789999439,5732.418457476629,12937.011607971393,514218.00694013975,43.35379976002224,114102.50865997205,0.0,543.4434835729148,7859.663113150618,295.8222222222222,0.0,0.0,126.10175139309186,0.0,0.0,52334.974810290136,405.94921593475374,100.15486184693128,0.0,0.0002030532691528205,0.0,0.0,0.0,0.0,0.10416335823331274,0.0,7.063209533333333e-07,0.0,0.0,0.0,0.00022131394754923078,3.782742531891226e-05,0.0,0.00011570985786704465,0.0,0.0,0.0,0.0,0.05553303179321836,0.0,4.423766497147463e-07,0.0,0.0,0.0,0.0001241764740708043,3.710262451014578e-05
2026-09-22 20:00:03.378000021,0.0,568.9807294427442,0.0,0.0,0.0,0.0,270112.53103918605,0.0,0.0,0.0,0.0,0.0,650.5336593540005,327.8398616791063,0.0017535210274317254,0.00017897266288681516,0.0017889897666569956,0.00190978761164619,0.0017401776927889313,0.0018059701413305636,0.0001133969286853504,0.0002146212332728874,8.428915744117478e-05,0.024426950018755934,0.001743741189669987,0.0033535262207441347,139599.45715984813,30655.68600500162,39316.542984846674,51646.350549552146,49188.91098046307,26824.48786029384,195.4706415144948,60849.51768550027,27619.608725863436,1029729.1323583793,449.303015694776,275600.2183492494,90570.62258885957,15603.474409636712,42324.06713528696,39918.16268483824,12488.357677811115,22573.59293187927,58.641192454348435,6018.598862799321,12937.011607971393,514218.00694013975,43.35379976002224,145480.62813539666,0.0,543.4434835729148,7859.663113150618,311.8606459752987,0.0,0.0,132.92003622985646,0.0,0.0,52334.974810290136,405.94921593475374,1853.7900265208266,0.0,0.0002036682537838384,0.0,0.0,0.0,0.0,0.10477976118756119,0.0,6.982617974747474e-07,0.0,0.0,0.0,0.0002219542404717172,3.712463856172781e-05,0.0,0.00011570985786704465,0.0,0.0,0.0,0.0,0.05553307933331354,0.0,4.442298301272267e-07,0.0,0.0,0.0,0.0001241764740708043,3.734175814866474e-05
2026-09-22 20:00:18.378000021,0.0,567.9337859431065,0.0,0.0,0.0,0.0,271486.2675492442,0.0,0.0,0.0,0.0,0.0,645.8025017505074,340.0964616295299,0.0017535210274317254,0.00017897266288681516,0.0017889897666569956,0.00190978761164619,0.0018236451724812429,0.0018059701413305636,0.00010800827272727272,0.0002146212332728874,8.428915744117478e-05,0.024426950018755934,0.0016449222535877442,0.0037409836002078047,139599.45715984813,30655.68600500162,39316.542984846674,51646.350549552146,51548.2530438409,26824.48786029384,186.18181818181816,60849.51768550027,27619.608725863436,1029729.1323583793,423.84072447144143,296610.91142203094,90570.62258885957,15603.474409636712,42324.06713528696,39918.16268483824,13087.360725133509,22573.59293187927,55.854545454545445,6018.598862799321,12937.011607971393,514218.00694013975,40.89691201040225,167939.65654702618,0.0,543.4434835729148,7859.663113150618,311.8606459752987,0.0,0.0,126.60363636363635,0.0,0.0,52334.974810290136,382.9438124610392,5908.701403052103,0.0,0.00020443906691515153,0.0,0.0,0.0,0.0,0.10517328742258214,0.0,7.009044742424243e-07,0.0,0.0,0.0,0.0002227901217848485,3.736880627968085e-05,0.0,0.00011617929666716257,0.0,0.0,0.0,0.0,0.05571500167041706,0.0,4.4567884007427873e-07,0.0,0.0,0.0,0.00012466755214424758,3.802177858310172e-05
2026-09-22 20:00:33.378000021,0.0,567.9337859431065,0.0,0.0,0.0,0.0,271486.2675492442,0.0,0.0,0.0,0.0,0.0,645.8025017505074,340.5041309803905,0.0017535210274317254,0.00016893624881183692,0.0017889897666569956,0.00190978761164619,0.0018236451724812429,0.0018059701413305636,0.00012370682770287435,0.0002146212332728874,8.434331132127922e-05,0.024426950018755934,0.00189380158632552,0.003924484375267541,139599.45715984813,28936.57899985364,39316.542984846674,51646.350549552146,51548.2530438409,26824.48786029384,31151.285458096463,60849.51768550027,0.0,1029729.1323583793,5661.7998333648,309897.04939432023,90570.62258885957,14728.464071982638,42324.06713528696,39918.16268483824,13087.360725133509,22573.59293187927,14824.7406213471,6018.598862799321,0.0,514218.00694013975,5331.882925781513,177751.6565015576,0.0,512.9683051880698,7859.663113150618,311.8606459752987,0.0,0.0,12133.388512556903,0.0,0.0,52334.974810290136,4558.529314457249,7196.285733409507,0.0,0.00020520988004646466,0.0,0.0,0.0,0.0,0.10556681365760308,0.0,7.03547151010101e-07,0.0,0.0,0.0,0.00022362600309797982,3.761297399763389e-05,0.0,0.00011617929666716257,0.0,0.0,0.0,0.0,0.05571513972207136,0.0,4.4754585123753154e-07,0.0,0.0,0.0,0.00012466755214424758,3.81901379955637e-05
2026-09-22 20:00:48.378000021,0.0,562.5840627463317,0.0,0.0,0.0,0.0,272915.93874322687,0.0,0.0,0.0,0.0,0.0,637.8827387741075,330.0678576208434,0.0016637937549855502,0.0022191892913888144,0.0017889897666569956,0.00190978761164619,0.0018236451724812429,0.0018059701413305636,0.00012370682770287435,0.0002468626596313481,8.624884682810906e-05,0.024426950018755934,0.00189380158632552,0.003982513861826174,132456.18466412806,44302.19191778014,39316.542984846674,51646.350549552146,51548.2530438409,26824.48786029384,31151.285458096463,56535.375181869465,26928.268984954666,1029729.1323583793,5661.7998333648,315448.42972419836,85936.14441522004,28711.78206182437,42324.06713528696,39918.16268483824,13087.360725133509,22573.59293187927,14824.7406213471,6562.902355052527,12721.310441319869,514218.00694013975,5331.882925781513,180214.26898210528,0.0,2553.329120360406,7859.663113150618,311.8606459752987,0.0,0.0,12133.388512556903,7940.0825139278,10094.512347371732,52334.974810290136,4558.529314457249,7630.239568730684,0.0,0.0002059806931777778,0.0,0.0,0.0,0.0,0.10596033989262402,0.0,7.061898277777779e-07,0.0,0.0,0.0,0.00022446188441111118,3.7857141715586925e-05,0.0,0.00011696899345748905,0.0,0.0,0.0,0.0,0.05590558171609936,0.0,4.4898129413339495e-07,0.0,0.0,0.0,0.00012530215594666396,3.831686490501831e-05
2026-09-22 20:01:03.378000021,0.0,562.5840627463317,0.0,0.0,0.0,0.0,272914.0471341995,0.0,0.0,0.0,0.0,0.0,637.8827387741075,330.4158000111044,0.002492157462061858,0.0022191892913888144,0.0017845233222008607,0.0019971672436730407,0.0018236451724812429,0.001813021208245907,0.00012370682770287435,0.0002468626596313481,8.624884682810906e-05,0.023916283225639944,0.00189380158632552,0.004241963378096677,146657.35516967525,44302.19191778014,41570.66673442136,50914.04165267451,51548.2530438409,29021.671542125496,31151.285458096463,56535.375181869465,26928.268984954666,1190320.039747397,5661.7998333648,317325.91243040864,101745.45235999915,28711.78206182437,44750.62037891812,39804.62801768894,13087.360725133509,24422.58741365843,14824.7406213471,6562.902355052527,12721.310441319869,514951.6604512523,5331.882925781513,189266.58894870128,3639.7948013479577,2553.329120360406,8310.278857618214,295.50055267219363,0.0,0.0,12133.388512556903,7940.0825139278,10094.512347371732,100132.18048587021,4558.529314457249,10429.034656151196,0.0,0.00020626551241343283,0.0,0.0,0.0,0.0,0.10650027209467886,0.0,6.982529149253731e-07,0.0,0.0,0.0,0.00022480916357810947,3.716101575786394e-05,0.0,0.00011696899345748905,0.0,0.0,0.0,0.0,0.05590561681417894,0.0,4.5086213606292065e-07,0.0,0.0,0.0,0.00012530215594666396,3.855727190320277e-05
2026-09-22 20:01:18.378000021,0.0,557.1891342876271,0.0,0.0,0.0,0.0,274131.33907729853,0.0,0.0,0.0,0.0,0.0,631.5953083842242,338.9058201685442,0.002492157462061858,0.0023850783447464706,0.0017845233222008607,0.0019971672436730407,0.0018236451724812429,0.0019226426614621565,0.00012370682770287435,0.0002468626596313481,8.624884682810906e-05,0.02510941080068459,0.00189188133755008,0.0049092137078705885,146657.35516967525,47773.32265682357,41570.66673442136,50914.04165267451,51548.2530438409,33703.6795645401,31151.285458096463,56535.375181869465,26928.268984954666,1249702.3295936845,6075.327106104215,343066.44854432996,101745.45235999915,30961.385184678347,44750.62037891812,39804.62801768894,13087.360725133509,29387.584379308493,14824.7406213471,6562.902355052527,12721.310441319869,540641.397443526,5721.313684507917,215381.2255956509,3639.7948013479577,2753.3855693285823,8310.278857618214,295.50055267219363,0.0,0.0,12133.388512556903,7940.0825139278,10094.512347371732,105127.54136865815,4891.475771518744,11754.481987283609,0.0,0.00020703451365721394,0.0,0.0,0.0,0.0,0.10689433982230262,0.0,7.008561487562188e-07,0.0,0.0,0.0,0.00022564322327960204,3.739112359877302e-05,0.0,0.00011728989071526651,0.0,0.0,0.0,0.0,0.05608058131314979,0.0,4.5228376480140134e-07,0.0,0.0,0.0,0.00012544745582681045,3.914277649415955e-05
2026-09-22 20:01:33.378000021,0.0,557.1891342876271,0.0,0.0,0.0,0.0,274131.33907729853,0.0,0.0,0.0,0.0,0.0,631.5953083842242,341.49290422824424,0.0025316614346886663,0.0023850783447464706,0.002185319388806372,0.0019971672436730407,0.001731050348700663,0.0019226426614621565,0.00012370682770287435,0.0002458505489147762,8.624884682810906e-05,0.02510941080068459,0.0020523263630030683,0.005002086754959253,159479.56353912034,47773.32265682357,39633.40653272626,50914.04165267451,48930.911973978655,33703.6795645401,31151.285458096463,59254.6026898686,26928.268984954666,1249702.3295936845,7172.778872863202,352324.3712955552,110636.34173624482,30961.385184678347,42614.20170480448,39804.62801768894,12422.855437381824,29387.584379308493,14824.7406213471,6878.563559365084,12721.310441319869,540641.397443526,6872.423227140116,220700.04935841286,3958.4006394155626,2753.3855693285823,14896.995075444796,295.50055267219363,0.0,0.0,12133.388512556903,8321.983062357865,10094.512347371732,105127.54136865815,8774.67565005299,12283.155691532713,0.0,0.00020780351490099505,0.0,0.0,0.0,0.0,0.1072884075499264,0.0,7.034593825870647e-07,0.0,0.0,0.0,0.00022647728298109452,3.7621231439682114e-05,0.0,0.00011728989071526651,0.0,0.0,0.0,0.0,0.056080609745354594,0.0,4.541784375127002e-07,0.0,0.0,0.0,0.00012544745582681045,3.9387515956385744e-05
2026-09-22 20:01:48.378000021,0.0,555.2579202232437,0.0,0.0,0.0,0.0,275504.3300258246,0.0,0.0,0.0,0.0,0.0,628.6328381483913,335.0782818592,0.0025316614346886663,0.0023850783447464706,0.002185319388806372,0.0020349156078186452,0.0021076487764564635,0.0019226426614621565,0.00011804819219766455,0.00025987812968330284,8.602597617223292e-05,0.02510941080068459,0.0020523263630030683,0.005127329219584705,159479.56353912034,47773.32265682357,39633.40653272626,54769.14264491352,32847.93336105818,33703.6795645401,58002.954219791915,62635.51328294287,28861.10485118914,1249702.3295936845,7172.778872863202,373511.0567522081,110636.34173624482,30961.385184678347,42614.20170480448,42818.54826416061,14281.078502397255,29387.584379308493,13882.834079254,7271.036166509378,13634.410540707022,540641.397443526,6872.423227140116,236796.51980158963,3958.4006394155626,2753.3855693285823,14896.995075444796,317.8752146875379,0.0,0.0,22439.505635624693,8796.813360995931,10819.068223133669,105127.54136865815,8774.67565005299,11592.440713533379,0.0,0.00020857251614477608,0.0,0.0,0.0,0.0,0.10768247527755018,0.0,7.060626164179104e-07,0.0,0.0,0.0,0.0002273113426825871,3.785133928059121e-05,0.0,0.00011784148944527969,0.0,0.0,0.0,0.0,0.056272544965067325,0.0,4.5558612525799585e-07,0.0,0.0,0.0,0.00012578264227996178,3.981727878370171e-05
2026-09-22 20:02:03.378000021,0.0,555.2579202232437,0.0,0.0,0.0,0.0,275503.35754865577,0.0,0.0,0.0,0.0,0.0,628.6328381483913,335.43110093075313,0.0030467216550652647,0.004422243796527655,0.0022426385994626682,0.0020349156078186452,0.0021076487764564635,0.0019226426614621565,0.00011105147131295843,0.00025987812968330284,8.742144235500224e-05,0.02510941080068459,0.0020523263630030683,0.005570955376802042,195071.10147574075,84534.36546185777,42999.51370231555,54769.14264491352,32847.93336105818,33703.6795645401,60745.20616531819,62635.51328294287,53548.88283264649,1249702.3295936845,7172.778872863202,392334.7199414117,139995.20887360198,52637.26200575717,32036.62579670538,42818.54826416061,14281.078502397255,29387.584379308493,14539.183902730101,7271.036166509378,12667.208704239412,540641.397443526,6872.423227140116,253818.12004987433,7443.758309994315,13804.474906332276,16162.212635973823,317.8752146875379,0.0,0.0,23500.396047391732,8796.813360995931,20024.552208337846,105127.54136865815,8774.67565005299,10998.155021218836,0.0,0.00020850248498529412,0.0,0.0,0.0,0.0,0.10821256629942161,0.0,6.982442936274511e-07,0.0,0.0,0.0,0.00022757602589117641,3.9376962020312306e-05,0.0,0.00011784148944527969,0.0,0.0,0.0,0.0,0.05627255081153323,0.0,4.574946293012962e-07,0.0,0.0,0.0,0.00012578264227996178,4.006091381764555e-05
2026-09-22 20:02:18.378000021,0.0,549.5367469091523,0.0,0.0,0.0,0.0,276838.2490006402,0.0,0.0,0.0,0.0,0.0,628.150159490383,353.78860070724284,0.0030467216550652647,0.004422243796527655,0.0022426385994626682,0.0020349156078186452,0.0021076487764564635,0.0019226426614621565,0.00011252680285398211,0.00025987812968330284,8.742144235500224e-05,0.02510941080068459,0.0020523263630030683,0.0056525755490500285,195071.10147574075,84534.36546185777,42999.51370231555,54769.14264491352,32847.93336105818,33703.6795645401,61552.213200543505,62635.51328294287,53548.88283264649,1249702.3295936845,7172.778872863202,393413.3453509209,139995.20887360198,52637.26200575717,32036.62579670538,42818.54826416061,14281.078502397255,29387.584379308493,14732.338629442293,7271.036166509378,12667.208704239412,540641.397443526,6872.423227140116,254905.46214920058,7443.758309994315,13804.474906332276,16162.212635973823,317.8752146875379,0.0,0.0,23812.601505863848,8796.813360995931,20024.552208337846,105127.54136865815,8774.67565005299,11166.639250278278,0.0,0.00020926840410294114,0.0,0.0,0.0,0.0,0.10860713041402106,0.0,7.00809244607843e-07,0.0,0.0,0.0,0.00022840799402843137,3.962624609438638e-05,0.0,0.00011845382194012294,0.0,0.0,0.0,0.0,0.056446025130992034,0.0,4.5888849923643364e-07,0.0,0.0,0.0,0.0001264055071640321,4.11910574852734e-05
2026-09-22 20:02:33.378000021,0.0,549.5367469091523,0.0,0.0,0.0,0.0,276837.7517487322,0.0,0.0,0.0,0.0,0.0,628.150159490383,354.193803117486,0.0030467216550652647,0.004422243796527655,0.0022426385994626682,0.0019453729945741775,0.0021076487764564635,0.0020539260573943065,0.00011802652328189432,0.00025070534336698523,8.742144235500224e-05,0.023812518585506114,0.002092073495805633,0.005665402703892414,195071.10147574075,84534.36546185777,42999.51370231555,52359.13009267717,32847.93336105818,38578.42936212929,64560.56281802539,71835.09482993519,53548.88283264649,1185155.644870351,7888.734235701064,400694.2302401264,139995.20887360198,52637.26200575717,32036.62579670538,40934.3990187689,14281.078502397255,34272.375352703566,15452.378136975469,12212.360878566691,12667.208704239412,512717.45987631695,7558.233649267703,260861.65852951165,7443.758309994315,13804.474906332276,16162.212635973823,303.88771697539437,0.0,0.0,24976.436677769278,8027.9316148556245,20024.552208337846,99697.74092116422,9655.338560803197,11075.496301446396,0.0,0.0002100343232205882,0.0,0.0,0.0,0.0,0.10900169452862059,0.0,7.033741955882352e-07,0.0,0.0,0.0,0.00022923996216568624,3.987553016846046e-05,0.0,0.00011845382194012294,0.0,0.0,0.0,0.0,0.05644609344965838,0.0,4.6081083301917806e-07,0.0,0.0,0.0,0.0001264055071640321,4.144291271203093e-05
2026-09-22 20:02:48.378000021,0.0,543.0056349563934,0.0,0.0,0.0,0.0,278205.52641292225,0.0,0.0,0.0,0.0,0.0,618.3627249900186,350.92609338169706,0.0030467216550652647,0.004788061319019977,0.002455118375184893,0.0022749961062222567,0.0021858699182340296,0.0020539260573943065,0.0001226274354256936,0.00025070534336698523,8.742144235500224e-05,0.025778660315867747,0.002092073495805633,0.0063663314638858475,195071.10147574075,91567.98860393558,46360.652901640904,53505.13809367415,33767.04691741116,38578.42936212929,90338.91528268912,71835.09482993519,53548.88283264649,1213316.9540801889,7888.734235701064,459987.7323906346,139995.20887360198,57016.90881751867,36110.6438191459,42555.86216703969,16149.457221370554,34272.375352703566,14462.349730936705,12212.360878566691,12667.208704239412,525835.6391577455,7558.233649267703,304396.90905776905,7443.758309994315,14953.066649287051,15121.68640307248,291.2410316140894,0.0,0.0,34799.57573171229,8027.9316148556245,20024.552208337846,150772.0416074924,9655.338560803197,10854.110531014307,0.0,0.00021080024233823525,0.0,0.0,0.0,0.0,0.10939625864322006,0.0,7.059391465686272e-07,0.0,0.0,0.0,0.00023007193030294111,4.012481424253453e-05,0.0,0.00011935713824615201,0.0,0.0,0.0,0.0,0.056633862834098186,0.0,4.621908888062042e-07,0.0,0.0,0.0,0.00012686314691555376,4.137337293584985e-05
2026-09-22 20:03:03.378000021,0.0,543.0056349563934,0.0,0.0,0.0,0.0,278204.5248447422,0.0,0.0,0.0,0.0,0.0,618.3627249900186,353.6915534963672,0.0030467216550652647,0.004788061319019977,0.002455118375184893,0.002220000570962576,0.0022200292475525484,0.0020539260573943065,0.0001226274354256936,0.00025070534336698523,8.423637024048341e-05,0.025778660315867747,0.002188224068802035,0.00660140571702175,195071.10147574075,91567.98860393558,46360.652901640904,55907.71642470671,36224.09763627419,38578.42936212929,90338.91528268912,71835.09482993519,56458.83051231542,1213316.9540801889,7787.286804617969,460893.9947163069,139995.20887360198,57016.90881751867,36110.6438191459,44458.616595303705,17322.63932080684,34272.375352703566,14462.349730936705,12212.360878566691,13355.568808631935,525835.6391577455,7485.115320380806,320155.16390314366,7443.758309994315,14953.066649287051,15121.68640307248,304.5359042653112,0.0,0.0,34799.57573171229,8027.9316148556245,21112.724288737198,150772.0416074924,13186.326697674747,11100.823527335799,0.0,0.00021096933173719805,0.0,0.0,0.0,0.0,0.10992512341276094,0.0,6.982359222222222e-07,0.0,0.0,0.0,0.00023034390267294685,3.933968971320049e-05,0.0,0.00011935713824615201,0.0,0.0,0.0,0.0,0.05663390169541173,0.0,4.6412705341334823e-07,0.0,0.0,0.0,0.00012686314691555376,4.1618498293335305e-05
2026-09-22 20:03:18.378000021,0.0,541.8853122651567,0.0,0.0,0.0,0.0,279470.88770101493,0.0,0.0,0.0,0.0,0.0,614.1615148978807,353.38872889219846,0.0031640323413765136,0.004788061319019977,0.002455118375184893,0.002333353303941807,0.0022200292475525484,0.0020539260573943065,0.0001226274354256936,0.00025070534336698523,8.892525760182702e-05,0.025778660315867747,0.002188224068802035,0.006775862370757928,212706.88351527034,91567.98860393558,46360.652901640904,58762.35192987711,36224.09763627419,38578.42936212929,90338.91528268912,71835.09482993519,59601.52405513631,1213316.9540801889,7787.286804617969,492962.6068308883,152646.2065389993,57016.90881751867,36110.6438191459,46728.66362207918,17322.63932080684,34272.375352703566,14462.349730936705,12212.360878566691,14098.985905208741,525835.6391577455,7485.115320380806,344774.0291167952,8117.4746740035625,14953.066649287051,15121.68640307248,320.08543947277593,0.0,0.0,34799.57573171229,8027.9316148556245,22287.93145635819,150772.0416074924,13186.326697674747,14227.378572222158,0.0,0.00021173309019130438,0.0,0.0,0.0,0.0,0.1103201699419276,0.0,7.007637e-07,0.0,0.0,0.0,0.0002311738434942029,3.9576175739888505e-05,0.0,0.0001197931861388413,0.0,0.0,0.0,0.0,0.05681170375785358,0.0,4.654935531402506e-07,0.0,0.0,0.0,0.00012688286259719895,4.236264520248255e-05
2026-09-22 20:03:33.378000021,0.0,541.8853122651567,0.0,0.0,0.0,0.0,279469.6657602914,0.0,0.0,0.0,0.0,0.0,614.1615148978807,354.0495209011565,0.0031640323413765136,0.004788061319019977,0.0025132484101060898,0.002333353303941807,0.0022200292475525484,0.0020539260573943065,0.0001226274354256936,0.00025044307796488356,8.892525760182702e-05,0.025778660315867747,0.002188224068802035,0.00685968409080314,212706.88351527034,91567.98860393558,49299.69546212792,58762.35192987711,36224.09763627419,38578.42936212929,90338.91528268912,75848.83450929311,59601.52405513631,1213316.9540801889,7787.286804617969,498265.3228687571,152646.2065389993,57016.90881751867,38390.71435673278,46728.66362207918,17322.63932080684,34272.375352703566,14462.349730936705,12894.718680877477,14098.985905208741,525835.6391577455,7485.115320380806,347975.2083629921,8117.4746740035625,14953.066649287051,16093.858056628575,320.08543947277593,0.0,0.0,34799.57573171229,8476.487125807498,22287.93145635819,150772.0416074924,13186.326697674747,14701.369794266571,0.0,0.00021249684864541062,0.0,0.0,0.0,0.0,0.11071521647109424,0.0,7.032914777777777e-07,0.0,0.0,0.0,0.00023200378431545893,3.9812661766576526e-05,0.0,0.0001197931861388413,0.0,0.0,0.0,0.0,0.05681177196588802,0.0,4.6744354858729486e-07,0.0,0.0,0.0,0.00012688286259719895,4.261417439463241e-05
2026-09-22 20:03:48.378000021,0.0,543.7227645911685,0.0,0.0,0.0,0.0,281035.7621440765,0.0,0.0,0.0,0.0,0.0,613.0781259217399,364.03776966947186,0.003007730462059323,0.0067628233732777805,0.0025132484101060898,0.0024447239407995843,0.0022200292475525484,0.0020539260573943065,0.0001226274354256936,0.00025044307796488356,8.375287444699948e-05,0.025778660315867747,0.002188224068802035,0.007024303160392665,202199.25209748413,117624.86660639883,49299.69546212792,55496.389312890395,36224.09763627419,38578.42936212929,90338.91528268912,75848.83450929311,81727.10553520492,1213316.9540801889,7787.286804617969,495112.100576002,145105.5475385588,70155.91248020338,38390.71435673278,44180.23641372489,17322.63932080684,34272.375352703566,14462.349730936705,12894.718680877477,12906.96258396674,525835.6391577455,7485.115320380806,349312.24267014704,7716.474807388901,24604.509213504534,16093.858056628575,300.61886259642694,0.0,0.0,34799.57573171229,8476.487125807498,30488.83065673836,150772.0416074924,13186.326697674747,14984.850118422846,0.0,0.0002132606070995169,0.0,0.0,0.0,0.0,0.11111026300026093,0.0,7.058192555555556e-07,0.0,0.0,0.0,0.00023283372513671497,4.004914779326454e-05,0.0,0.00012060202421331922,0.0,0.0,0.0,0.0,0.05698730041403338,0.0,4.6879571138763814e-07,0.0,0.0,0.0,0.00012752568501784206,4.305086089154225e-05
2026-09-22 20:04:03.378000021,0.0,543.7227645911685,0.0,0.0,0.0,0.0,281035.7621440765,0.0,0.0,0.0,0.0,0.0,613.0781259217399,364.67705886044615,0.003937398946188712,0.0067628233732777805,0.0025132484101060898,0.0024447239407995843,0.0022200292475525484,0.002018878534379716,0.00011765893782640047,0.00024094332417327698,8.375287444699948e-05,0.026332594738970636,0.002188224068802035,0.00730360356361442,197682.25310019703,117624.86660639883,49299.69546212792,55496.389312890395,36224.09763627419,40842.132035869196,91906.115397572,83933.09842084716,81727.10553520492,1042744.9436254795,7787.286804617969,492235.9119027842,145784.49307759182,70155.91248020338,38390.71435673278,44180.23641372489,17322.63932080684,36282.10702301989,14713.24267213348,17258.31443061789,12906.96258396674,427346.4875362757,7485.115320380806,350377.95704611257,10991.617528388679,24604.509213504534,16093.858056628575,300.61886259642694,0.0,0.0,35403.27900747063,15554.77875105145,30488.83065673836,197976.45824907895,13186.326697674747,15259.169793485575,0.0,0.00021381916683142852,0.0,0.0,0.0,0.0,0.11164007864712039,0.0,6.982277899999998e-07,0.0,0.0,0.0,0.00023325657551904758,4.04958077187064e-05,0.0,0.00012060202421331922,0.0,0.0,0.0,0.0,0.056987425292530626,0.0,4.707595365896259e-07,0.0,0.0,0.0,0.00012752568501784206,4.322568936465025e-05
2026-09-22 20:04:18.378000021,0.0,534.9136162179909,0.0,0.0,0.0,0.0,282330.03010648047,0.0,0.0,0.0,0.0,0.0,609.6643138542352,368.74162663496327,0.003937398946188712,0.007120445169938406,0.0028342337703962197,0.0024447239407995843,0.002146232449155454,0.0022420562010757655,0.00011765893782640047,0.00024094332417327698,8.375287444699948e-05,0.026332594738970636,0.002223665585200552,0.007461261708715236,197682.25310019703,123901.04111168919,88010.29720389997,55496.389312890395,38099.41484078837,78073.18475786189,91906.115397572,83933.09842084716,81727.10553520492,1042744.9436254795,8541.252992879481,520074.1719181266,145784.49307759182,73877.76541095125,67082.23272021781,44180.23641372489,18197.08409624411,69342.24423340318,14713.24267213348,17258.31443061789,12906.96258396674,427346.4875362757,8209.825223637314,368779.3575038733,10991.617528388679,25930.38780000126,14901.731600993577,300.61886259642694,0.0,0.0,35403.27900747063,15554.77875105145,30488.83065673836,197976.45824907895,14463.02867704978,15428.812925473258,0.0,0.00021458219302190472,0.0,0.0,0.0,0.0,0.1120356988333394,0.0,7.007194566666666e-07,0.0,0.0,0.0,0.0002340850636142857,4.0736342151612365e-05,0.0,0.00012140838332064104,0.0,0.0,0.0,0.0,0.05715806493170424,0.0,4.720982779487247e-07,0.0,0.0,0.0,0.0001280352046627648,4.353376906026542e-05
2026-09-22 20:04:33.378000021,0.0,534.9136162179909,0.0,0.0,0.0,0.0,282328.940276616,0.0,0.0,0.0,0.0,0.0,609.6643138542352,371.4267999830221,0.003937398946188712,0.007120445169938406,0.0028342337703962197,0.0024447239407995843,0.002326191118343094,0.0022420562010757655,0.00011765893782640047,0.0002212131502923777,8.375287444699948e-05,0.026332594738970636,0.0023580689443826654,0.008039258349323121,197682.25310019703,123901.04111168919,88010.29720389997,55496.389312890395,68929.01173935017,78073.18475786189,91906.115397572,90696.17651574007,81727.10553520492,1042744.9436254795,8074.544736071025,582009.3829021753,145784.49307759182,73877.76541095125,67082.23272021781,44180.23641372489,44932.9898279067,69342.24423340318,14713.24267213348,17762.716027558487,12906.96258396674,427346.4875362757,7766.243937057404,418631.9220072354,10991.617528388679,25930.38780000126,14901.731600993577,300.61886259642694,0.0,0.0,35403.27900747063,17015.774954526634,30488.83065673836,197976.45824907895,13293.636833658751,14084.857974069515,0.0,0.0002153452192123809,0.0,0.0,0.0,0.0,0.11243131901955844,0.0,7.032111233333333e-07,0.0,0.0,0.0,0.00023491355170952377,4.0976876584518346e-05,0.0,0.00012140838332064104,0.0,0.0,0.0,0.0,0.05715812343945247,0.0,4.7407593512207094e-07,0.0,0.0,0.0,0.0001280352046627648,4.372675057287753e-05
2026-09-22 20:04:48.378000021,0.0,528.0650442648108,0.0,0.0,0.0,0.0,283771.4595578601,0.0,0.0,0.0,0.0,0.0,599.3500703192794,359.43839882753093,0.004122586475351271,0.007120445169938406,0.0028218866792579086,0.00249347143852979,0.002441312212958577,0.0022420562010757655,0.00011765893782640047,0.0002212131502923777,8.375287444699948e-05,0.026332594738970636,0.0023580689443826654,0.008078590437778817,185777.49964273142,123901.04111168919,68159.31559063375,58933.96624844642,72340.24619021919,78073.18475786189,91906.115397572,90696.17651574007,81727.10553520492,1042744.9436254795,8074.544736071025,582834.117301138,139462.24581388597,73877.76541095125,56865.625174164765,46919.816622932536,47156.68285662888,69342.24423340318,14713.24267213348,17762.716027558487,12906.96258396674,427346.4875362757,7766.243937057404,416682.4780908728,11844.707240550597,25930.38780000126,15695.692184138603,319.3634710579639,0.0,0.0,35403.27900747063,17015.774954526634,30488.83065673836,197976.45824907895,13293.636833658751,14383.255966081708,0.0,0.0002161082454028571,0.0,0.0,0.0,0.0,0.11282693920577745,0.0,7.057027899999999e-07,0.0,0.0,0.0,0.00023574203980476183,4.108724462854375e-05,0.0,0.00012211231615294352,0.0,0.0,0.0,0.0,0.05734819001042811,0.0,4.754007257681191e-07,0.0,0.0,0.0,0.0001282896490097358,4.339699426921203e-05
2026-09-22 20:05:03.378000021,0.0,528.0650442648108,0.0,0.0,0.0,0.0,283769.2398768886,0.0,0.0,0.0,0.0,0.0,599.3500703192794,360.4335951694586,0.004122586475351271,0.007120445169938406,0.0029681737995538764,0.0025667501351769903,0.002441312212958577,0.0022420562010757655,0.00011765893782640047,0.0002212131502923777,9.075318594775051e-05,0.026332594738970636,0.0023580689443826654,0.008301934230751325,185777.49964273142,123901.04111168919,71692.70694627812,91377.7273816961,72340.24619021919,78073.18475786189,91906.115397572,90696.17651574007,83555.67672592806,1042744.9436254795,8074.544736071025,591742.0460900501,139462.24581388597,73877.76541095125,59813.54955812552,74240.3718110917,47156.68285662888,69342.24423340318,14713.24267213348,17762.716027558487,13195.74437534704,427346.4875362757,7766.243937057404,421502.4396075543,11844.707240550597,25930.38780000126,16509.35973058784,301.0325947157609,0.0,0.0,35403.27900747063,17015.774954526634,31170.99108579862,197976.45824907895,13293.636833658751,14685.115965667603,0.0,0.00021626635420422528,0.0,0.0,0.0,0.0,0.11335101201246517,0.0,6.9821988685446e-07,0.0,0.0,0.0,0.00023597276856338024,4.1073516237590766e-05,0.0,0.00012211231615294352,0.0,0.0,0.0,0.0,0.05734816092119669,0.0,4.773922115959506e-07,0.0,0.0,0.0,0.0001282896490097358,4.364146000190312e-05
2026-09-22 20:05:18.378000021,0.0,527.3962589352354,0.0,0.0,0.0,0.0,284995.1364240834,0.0,0.0,0.0,0.0,0.0,595.1478497726278,362.9247301654764,0.004122586475351271,0.007688538825768569,0.0029681737995538764,0.0025667501351769903,0.002441312212958577,0.0022420562010757655,0.00012198230924131693,0.0002212131502923777,9.075318594775051e-05,0.026517714813540223,0.0023580689443826654,0.008435956930786984,185777.49964273142,133820.6351232684,71692.70694627812,91377.7273816961,72340.24619021919,78073.18475786189,85719.66137377672,90696.17651574007,83555.67672592806,1106221.4372964941,8074.544736071025,579978.576949681,139462.24581388597,79792.46501947769,59813.54955812552,74240.3718110917,47156.68285662888,69342.24423340318,13722.85374166519,17762.716027558487,13195.74437534704,451509.2331721043,7766.243937057404,417360.1760789607,11844.707240550597,28006.390690945107,16509.35973058784,301.0325947157609,0.0,0.0,33020.18668631373,17015.774954526634,31170.99108579862,210584.00239007367,13293.636833658751,14883.75347940464,0.0,0.00021702725209154928,0.0,0.0,0.0,0.0,0.11374677877021977,0.0,7.006764596244131e-07,0.0,0.0,0.0,0.0002367991535399061,4.1311272557719387e-05,0.0,0.00012273300550137914,0.0,0.0,0.0,0.0,0.05752665636281529,0.0,4.787030568199014e-07,0.0,0.0,0.0,0.0001284502244762335,4.4524927492625965e-05
2026-09-22 20:05:33.378000021,0.0,527.3962589352354,0.0,0.0,0.0,0.0,284994.14609907375,0.0,0.0,0.0,0.0,0.0,595.1478497726278,363.7877073927105,0.00479319018797972,0.009518428576844443,0.0029681737995538764,0.0025667501351769903,0.002441312212958577,0.0023585075956983723,0.0001191425069233216,0.00023051577660036096,9.075318594775051e-05,0.026897006750687995,0.0023580689443826654,0.008578645733451812,206898.55245791707,124649.54907854031,71692.70694627812,91377.7273816961,72340.24619021919,99093.06660973022,92645.8037862623,83425.86508351513,83555.67672592806,1189017.2918320075,8074.544736071025,588683.2769910663,157820.94216238614,75290.97107913454,59813.54955812552,74240.3718110917,47156.68285662888,87354.13145060497,14831.659327189356,16338.83596597605,13195.74437534704,527370.9324033896,7766.243937057404,424692.5428550844,10833.044451373436,25625.436748886696,16509.35973058784,301.0325947157609,0.0,0.0,35688.2153720434,15651.770561699865,31170.99108579862,194041.01637536232,13293.636833658751,14929.492902600325,0.0,0.00021778814997887327,0.0,0.0,0.0,0.0,0.11414260450001264,0.0,7.031330323943662e-07,0.0,0.0,0.0,0.00023762553851643193,4.1549028877848014e-05,0.0,0.00012273300550137914,0.0,0.0,0.0,0.0,0.05752672611578782,0.0,4.807083740959879e-07,0.0,0.0,0.0,0.0001284502244762335,4.477546614636881e-05
2026-09-22 20:05:48.378000021,0.0,526.9636408404466,0.0,0.0,0.0,0.0,286423.5134192384,0.0,0.0,0.0,0.0,0.0,594.0998440577808,372.6704538770236,0.00479319018797972,0.009518428576844443,0.0029681737995538764,0.0025667501351769903,0.002441312212958577,0.002311926747068341,0.0001191425069233216,0.00023051577660036096,9.075318594775051e-05,0.026897006750687995,0.0023046586088826715,0.009087127921246052,206898.55245791707,124649.54907854031,71692.70694627812,91377.7273816961,72340.24619021919,86477.42504623346,92645.8037862623,83425.86508351513,83555.67672592806,1189017.2918320075,8495.460613451096,584785.225453233,157820.94216238614,75290.97107913454,59813.54955812552,74240.3718110917,47156.68285662888,78239.75781133675,14831.659327189356,16338.83596597605,13195.74437534704,527370.9324033896,8171.088480937508,437937.27720515744,10833.044451373436,25625.436748886696,16509.35973058784,301.0325947157609,0.0,0.0,35688.2153720434,15651.770561699865,31170.99108579862,194041.01637536232,13986.617428145395,15269.11134590152,0.0,0.00021854904786619713,0.0,0.0,0.0,0.0,0.11453859512953311,0.0,7.055896051643193e-07,0.0,0.0,0.0,0.0002384519234929577,4.178678519797664e-05,0.0,0.00012317919119734,0.0,0.0,0.0,0.0,0.05769959967370358,0.0,4.820058041891664e-07,0.0,0.0,0.0,0.0001288953042753769,4.503971205439342e-05
2026-09-22 20:06:03.378000021,0.0,526.9636408404466,0.0,0.0,0.0,0.0,286423.5134192384,0.0,0.0,0.0,0.0,0.0,594.0998440577808,373.5219777611684,0.005069557340654027,0.009518428576844443,0.0031868357902841817,0.002622657482912901,0.002441312212958577,0.0024345107897349697,0.0001191425069233216,0.00023610128204780203,8.796560790287946e-05,0.026897006750687995,0.0023246435416436465,0.009115454876046548,224322.6736835671,124649.54907854031,106179.44517049033,97066.80744043912,72340.24619021919,91062.67082662422,92645.8037862623,73276.00462380864,79179.42605776624,1189017.2918320075,8569.129315825912,569617.918069597,171111.9545716829,75290.97107913454,85930.71277758306,78862.49835030735,47156.68285662888,82388.22221313213,14831.659327189356,17281.76175436786,12504.613773545743,527370.9324033896,8241.944378312559,429896.9403102598,11745.357647967592,25625.436748886696,15090.202523647322,319.77456369114776,0.0,0.0,35688.2153720434,16555.04531929897,29538.402183264334,194041.01637536232,14107.902900873387,14620.426492222612,0.0,0.00021889703158055551,0.0,0.0,0.0,0.0,0.11506247209800334,0.0,6.982122032407407e-07,0.0,0.0,0.0,0.00023891515148333336,4.2211704827756224e-05,0.0,0.00012317919119734,0.0,0.0,0.0,0.0,0.05769972395103979,0.0,4.840249523710297e-07,0.0,0.0,0.0,0.0001288953042753769,4.5214049344449924e-05
2026-09-22 20:06:18.378000021,0.0,521.1364611778063,0.0,0.0,0.0,0.0,287821.9549015525,0.0,0.0,0.0,0.0,0.0,587.8816687840804,379.78474740214176,0.005069557340654027,0.009518428576844443,0.0031868357902841817,0.002622657482912901,0.0026243477296529127,0.0024345107897349697,0.0001191425069233216,0.00023610128204780203,8.796560790287946e-05,0.026038229037428064,0.0022941756087831297,0.00986889546525526,224322.6736835671,124649.54907854031,106179.44517049033,97066.80744043912,71235.54711291054,91062.67082662422,92645.8037862623,73276.00462380864,79179.42605776624,1077210.1166547046,8456.818050898355,563105.3759478757,171111.9545716829,75290.97107913454,85930.71277758306,78862.49835030735,46699.10287953222,82388.22221313213,14831.659327189356,17281.76175436786,12504.613773545743,453797.26603041805,8133.921361682235,433296.8498522017,11745.357647967592,25625.436748886696,15090.202523647322,319.77456369114776,0.0,0.0,35688.2153720434,16555.04531929897,29538.402183264334,203961.03389124715,13922.997718342654,14054.131892985099,0.0,0.00021965649685833332,0.0,0.0,0.0,0.0,0.11545896198977786,0.0,7.006346569444443e-07,0.0,0.0,0.0,0.00023974027648333338,4.245234897232466e-05,0.0,0.00012414064335510724,0.0,0.0,0.0,0.0,0.05786102254790321,0.0,4.853081629729131e-07,0.0,0.0,0.0,0.00012939158549039217,4.56809445084886e-05
2026-09-22 20:06:33.378000021,0.0,521.1364611778063,0.0,0.0,0.0,0.0,287821.9549015525,0.0,0.0,0.0,0.0,0.0,587.8816687840804,380.39428523068005,0.005069557340654027,0.010074642645682705,0.0031868357902841817,0.0024940226900197304,0.0026243477296529127,0.0024345107897349697,0.0001191425069233216,0.00023610128204780203,8.251758789679063e-05,0.02733307261227314,0.0025697019343929603,0.01038696439921635,224322.6736835671,132035.37588276278,106179.44517049033,92305.92320250417,71235.54711291054,91062.67082662422,92645.8037862623,73276.00462380864,82919.55734652952,1130778.222085512,8217.75529167346,575204.421356044,171111.9545716829,79752.16709968192,85930.71277758306,74994.48996247064,46699.10287953222,82388.22221313213,14831.659327189356,17281.76175436786,13095.283592170319,476363.94955398334,7911.231559657222,442228.9370818219,11745.357647967592,27143.813983372962,15090.202523647322,304.0904207785062,0.0,0.0,35688.2153720434,16555.04531929897,30933.682595439845,214103.7219317133,13217.01139717641,14368.946409180257,0.0,0.00022041596213611105,0.0,0.0,0.0,0.0,0.11585545188155233,0.0,7.030571106481481e-07,0.0,0.0,0.0,0.00024056540148333335,4.26929931168931e-05,0.0,0.00012414064335510724,0.0,0.0,0.0,0.0,0.05786114687362213,0.0,4.87341141506449e-07,0.0,0.0,0.0,0.00012939158549039217,4.5877956866288815e-05
2026-09-22 20:06:48.378000021,0.0,518.8373433099705,0.0,0.0,0.0,0.0,289327.2560437024,0.0,0.0,0.0,0.0,0.0,584.6068877782207,365.24336156352,0.0050695573406540255,0.010074642645682705,0.003269713823199998,0.002759315500545267,0.0026243477296529127,0.0024345107897349697,0.002292286984301744,0.00023610128204780203,8.361458086910671e-05,0.02733307261227314,0.0025697019343929603,0.010508116832591067,224322.67368356703,132035.37588276278,112372.28745941579,98366.60443842511,71235.54711291054,91062.67082662422,88879.61257438146,73276.00462380864,84021.89412096936,1130778.222085512,8217.75529167346,579731.0694017623,171111.95457168287,79752.16709968192,90942.56183322704,81789.78056563286,46699.10287953222,82388.22221313213,16756.443317352838,17281.76175436786,13269.372952235772,476363.94955398334,7911.231559657222,444152.5766471226,11745.357647967588,27143.813983372962,15970.32809019968,289.0706259735415,0.0,0.0,33186.35081621367,16555.04531929897,31344.91653089488,214103.7219317133,13217.01139717641,14529.720366029826,0.0,0.00022117542741388886,0.0,0.0,0.0,0.0,0.11625194177332686,0.0,7.054795643518518e-07,0.0,0.0,0.0,0.00024139052648333343,4.2809589821878204e-05,0.0,0.00012463033598386148,0.0,0.0,0.0,0.0,0.05804766494410392,0.0,4.886108080251914e-07,0.0,0.0,0.0,0.00012958059550181284,4.56698662750682e-05
2026-09-22 20:07:03.378000021,0.0,518.8373433099705,0.0,0.0,0.0,0.0,289326.1116484033,0.0,0.0,0.0,0.0,0.0,584.6068877782207,365.38024609303915,0.0050695573406540255,0.010074642645682705,0.003269713823199998,0.002844986059987609,0.0026243477296529127,0.0026152681016641446,0.0024825409486424125,0.00023610128204780203,8.77594377852869e-05,0.028143279067792085,0.0025697019343929603,0.010670563510368429,224322.67368356703,132035.37588276278,112372.28745941579,88569.52512846676,71235.54711291054,93741.6850540156,96330.71423309234,73276.00462380864,88186.94195518664,1035064.2648669806,8217.75529167346,593349.1864578375,171111.95457168287,79752.16709968192,90942.56183322704,76317.65006013337,46699.10287953222,85755.24392361927,18161.196994598387,17281.76175436786,13927.148805236186,438768.6266886286,7911.231559657222,461469.7758864214,11745.357647967588,27143.813983372962,15970.32809019968,313.4808119829439,0.0,0.0,35968.48348366102,16555.04531929897,32898.71483640277,195044.54467997164,13217.01139717641,14369.867591212182,0.0,0.00022128920065205473,0.0,0.0,0.0,0.0,0.11680049273704257,0.0,6.982047301369862e-07,0.0,0.0,0.0,0.00024159200421004567,4.294471857875979e-05,0.0,0.00012463033598386148,0.0,0.0,0.0,0.0,0.058047758977778835,0.0,4.906576174916303e-07,0.0,0.0,0.0,0.00012958059550181284,4.582566502156107e-05
2026-09-22 20:07:18.378000021,0.0,520.3656761015296,0.0,0.0,0.0,0.0,290742.3255743553,0.0,0.0,0.0,0.0,0.0,587.5108257122317,382.6120035014913,0.0050695573406540255,0.012159842921843134,0.003269713823199998,0.002844986059987609,0.0026243477296529127,0.0026152681016641446,0.0024825409486424125,0.00023696153148650232,8.77594377852869e-05,0.028143279067792085,0.0025697019343929603,0.011391354902352263,224322.67368356703,127601.2568958461,112372.28745941579,88569.52512846676,71235.54711291054,93741.6850540156,96330.71423309234,71610.83682397017,88186.94195518664,1035064.2648669806,8217.75529167346,605392.7401572056,171111.95457168287,81123.65676866827,90942.56183322704,76317.65006013337,46699.10287953222,85755.24392361927,18161.196994598387,16889.040653571064,13927.148805236186,438768.6266886286,7911.231559657222,470413.9819016952,11745.357647967588,24580.932118830104,15970.32809019968,313.4808119829439,0.0,0.0,35968.48348366102,16178.838557862004,32898.71483640277,195044.54467997164,13217.01139717641,13770.491427580337,0.0,0.00022204645635981736,0.0,0.0,0.0,0.0,0.11719749960974701,0.0,7.00593999543379e-07,0.0,0.0,0.0,0.00024241499507762556,4.315341404571382e-05,0.0,0.00012523968792692834,0.0,0.0,0.0,0.0,0.05821589575555921,0.0,4.919130566594442e-07,0.0,0.0,0.0,0.00013006353199517375,4.687803986668085e-05
2026-09-22 20:07:33.378000021,0.0,520.3656761015296,0.0,0.0,0.0,0.0,290742.3255743553,0.0,0.0,0.0,0.0,0.0,587.5108257122317,382.77512109867484,0.006010018434652121,0.012159842921843134,0.003269713823199998,0.002844986059987609,0.00276219247801974,0.0026152681016641446,0.0024825409486424125,0.00023696153148650232,8.345551688812088e-05,0.028143279067792085,0.0025697019343929603,0.0115506119744006,218099.2455614133,127601.2568958461,112372.28745941579,88569.52512846676,78221.73256973778,93741.6850540156,96330.71423309234,71610.83682397017,83862.05528867559,1035064.2648669806,8217.75529167346,625964.3911205305,166548.44795307156,81123.65676866827,90942.56183322704,76317.65006013337,51363.48237349424,85755.24392361927,18161.196994598387,16889.040653571064,13244.129995026282,438768.6266886286,7911.231559657222,496003.48745522887,11381.392668860159,24580.932118830104,15970.32809019968,313.4808119829439,0.0,0.0,35968.48348366102,16178.838557862004,31285.2876102539,195044.54467997164,13217.01139717641,14008.034925628657,0.0,0.00022280371206757988,0.0,0.0,0.0,0.0,0.1175944025005004,0.0,7.029832689497716e-07,0.0,0.0,0.0,0.00024323798594520549,4.336210951266784e-05,0.0,0.00012523968792692834,0.0,0.0,0.0,0.0,0.058216021325162695,0.0,4.93973695919575e-07,0.0,0.0,0.0,0.00013006353199517375,4.711838931763626e-05
2026-09-22 20:07:48.378000021,0.0,514.6167972450303,0.0,0.0,0.0,0.0,292264.4441210978,0.0,0.0,0.0,0.0,0.0,584.7720891740221,369.30303567998203,0.0060100184346521205,0.013498455098784461,0.003610005255198893,0.002844986059987609,0.00276219247801974,0.002695955339555606,0.0024825409486424125,0.00023696153148650232,0.0013501388714909572,0.028143279067792085,0.0025624617030843627,0.012609129076889571,218099.24556141323,141718.37718692742,113915.66657014261,88569.52512846676,78221.73256973778,100852.34071537713,96330.71423309234,71610.83682397017,82175.12753283889,1035064.2648669806,8693.702658060914,622872.9375202405,166548.4479530715,90098.74407513949,92939.48656349316,76317.65006013337,51363.48237349424,92260.09830452313,18161.196994598387,16889.040653571064,15190.88070010237,438768.6266886286,8369.426004740702,495627.20394893177,11381.392668860157,27300.434920214542,15624.142455214624,313.4808119829439,0.0,0.0,35968.48348366102,16178.838557862004,29688.210825497063,195044.54467997164,13982.500456259606,14243.519757773034,0.0,0.00022356096777534246,0.0,0.0,0.0,0.0,0.11799138060192822,0.0,7.053725383561644e-07,0.0,0.0,0.0,0.00024406097681278543,4.3570804979621865e-05,0.0,0.00012584190715920178,0.0,0.0,0.0,0.0,0.058402384788105645,0.0,4.952155934063003e-07,0.0,0.0,0.0,0.0001306547604445828,4.708295427983429e-05
2026-09-22 20:08:03.378000021,0.0,514.6167972450303,0.0,0.0,0.0,0.0,292260.63909582555,0.0,0.0,0.0,0.0,0.0,584.7720891740221,370.1702578132445,0.0060100184346521205,0.013498455098784461,0.003610005255198893,0.002844986059987609,0.002894368544861092,0.002695955339555606,0.003093673107865718,0.00023696153148650232,0.0013501388714909572,0.028633245361147953,0.002561770019113994,0.012733136252505437,218099.24556141323,141718.37718692742,113915.66657014261,88569.52512846676,73747.15339322676,100852.34071537713,120849.8210588052,71610.83682397017,82175.12753283889,1128427.7111428035,8691.355971371122,650066.3541922835,166548.4479530715,90098.74407513949,92939.48656349316,76317.65006013337,51072.05445464913,92260.09830452313,30820.031154405813,16889.040653571064,15190.88070010237,478354.2465617245,8367.166849881258,515920.2930356322,11381.392668860157,27300.434920214542,15624.142455214624,313.4808119829439,0.0,0.0,33828.14463715034,16178.838557862004,29688.210825497063,212907.71236632115,13978.726167098668,14504.241604492661,0.0,0.00022385184609684684,0.0,0.0,0.0,0.0,0.11852732260261134,0.0,6.98197459009009e-07,0.0,0.0,0.0,0.0002450000924918919,4.2928978294219505e-05,0.0,0.00012584190715920178,0.0,0.0,0.0,0.0,0.05840232192022537,0.0,4.972900630413539e-07,0.0,0.0,0.0,0.0001306547604445828,4.732173085571995e-05
2026-09-22 20:08:18.378000021,0.0,508.9708131602818,0.0,0.0,0.0,0.0,293695.22409896675,0.0,0.0,0.0,0.0,0.0,576.2389595022871,384.50067833727553,0.0060100184346521205,0.013498455098784461,0.003610005255198893,0.0029447390636051203,0.002894368544861092,0.002695955339555606,0.003093673107865718,0.00023696153148650232,0.0013501388714909572,0.028633245361147953,0.002809591282405121,0.012983531817995159,218099.24556141323,141718.37718692742,113915.66657014261,112893.34981675849,73747.15339322676,100852.34071537713,120849.8210588052,71610.83682397017,82175.12753283889,1128427.7111428035,8694.287022598228,666046.9360417456,166548.4479530715,90098.74407513949,92939.48656349316,97117.28554154049,51072.05445464913,92260.09830452313,30820.031154405813,16889.040653571064,15190.88070010237,478354.2465617245,8357.922680260534,527737.8866396095,11381.392668860157,27300.434920214542,15624.142455214624,290.7392275380235,0.0,0.0,33828.14463715034,16178.838557862004,29688.210825497063,212907.71236632115,13242.51791246879,14778.408751920531,0.0,0.00022460752740315312,0.0,0.0,0.0,0.0,0.11892476647408418,0.0,7.005544409909909e-07,0.0,0.0,0.0,0.00024582347537477475,4.3147088341562004e-05,0.0,0.000126646920714119,0.0,0.0,0.0,0.0,0.058578791960577824,0.0,4.985180061477859e-07,0.0,0.0,0.0,0.0001309782197673241,4.814835273773673e-05
2026-09-22 20:08:33.378000021,0.0,508.9708131602818,0.0,0.0,0.0,0.0,293694.32414608874,0.0,0.0,0.0,0.0,0.0,576.2389595022871,385.61037208845886,0.0060100184346521205,0.013498455098784461,0.003610005255198893,0.0029183847711055804,0.002894368544861092,0.0027691959669411854,0.003352304967338596,0.0002490143375299598,0.0014566685911970045,0.028633245361147953,0.002809591282405121,0.013259675827155669,218099.24556141323,141718.37718692742,113915.66657014261,117714.58800394642,73747.15339322676,121926.96527659385,131289.24546720253,79029.86326380174,89010.06588631171,1128427.7111428035,8694.287022598228,716631.4834881268,166548.4479530715,90098.74407513949,92939.48656349316,101264.78906100293,51072.05445464913,110701.37493756709,33482.37175766008,18639.722329348242,16454.386291604707,478354.2465617245,8357.922680260534,561396.3201797428,11381.392668860157,27300.434920214542,15624.142455214624,303.15557507837934,0.0,0.0,36750.33645937921,17855.90220994205,32157.535752751806,212907.71236632115,13242.51791246879,13846.021857257538,0.0,0.00022536320870945945,0.0,0.0,0.0,0.0,0.11932210049433503,0.0,7.02911422972973e-07,0.0,0.0,0.0,0.0002466468582576577,4.3365198388904496e-05,0.0,0.000126646920714119,0.0,0.0,0.0,0.0,0.05857886321385541,0.0,5.006063067506181e-07,0.0,0.0,0.0,0.0001309782197673241,4.839301747283685e-05
2026-09-22 20:08:48.378000021,0.0,508.43835574276864,0.0,0.0,0.0,0.0,294963.86273571313,0.0,0.0,0.0,0.0,0.0,575.1494223589368,387.3610051518636,0.006776332291389574,0.013498455098784461,0.003610005255198893,0.002957225863985607,0.002894368544861092,0.0027691959669411854,0.003352304967338596,0.0002490143375299598,0.001378548886968046,0.02887616615230888,0.002809591282405121,0.013471323535304185,203612.4404998062,141718.37718692742,113915.66657014261,119281.2639581467,73747.15339322676,121926.96527659385,131289.24546720253,79029.86326380174,84156.56499078554,1193569.7401495713,8694.287022598228,712577.1987190148,160669.15849498898,90098.74407513949,92939.48656349316,102612.53289393992,51072.05445464913,110701.37493756709,33482.37175766008,18639.722329348242,15557.168906060473,545539.3054348448,8357.922680260534,561833.3362046806,11535.336056368464,27300.434920214542,15624.142455214624,307.19030482522373,0.0,0.0,36750.33645937921,17855.90220994205,30404.064086151262,193197.62614776377,13242.51791246879,13982.632260013399,0.0,0.00022611889001576576,0.0,0.0,0.0,0.0,0.11971951437393798,0.0,7.052684049549549e-07,0.0,0.0,0.0,0.0002474702411405405,4.358330843624699e-05,0.0,0.0001272542369568549,0.0,0.0,0.0,0.0,0.05875979360509511,0.0,5.018207111753539e-07,0.0,0.0,0.0,0.00013128392316150739,4.9284911736940846e-05
2026-09-22 20:09:03.378000021,0.0,508.43835574276864,0.0,0.0,0.0,0.0,294962.01394896663,0.0,0.0,0.0,0.0,0.0,575.1494223589368,388.5577269726185,0.006776332291389574,0.014712350259608507,0.003841016782255111,0.0031072874304021317,0.002894368544861092,0.0029173315069420413,0.003352304967338596,0.00023886330637896372,0.001378548886968046,0.02887616615230888,0.002809591282405121,0.013790385638458804,203612.4404998062,170575.3506748109,150426.6066554361,125334.07633602111,73747.15339322676,133801.29063313227,131289.24546720253,71488.3827732265,84156.56499078554,1193569.7401495713,8694.287022598228,714730.8501150412,160669.15849498898,108130.99164886717,120375.67428021992,107819.50663495772,51072.05445464913,121482.45310549198,33482.37175766008,16861.013667949028,15557.168906060473,545539.3054348448,8357.922680260534,560835.5317313379,11535.336056368464,24885.87241729125,15288.756630995673,322.778379747548,0.0,0.0,36750.33645937921,16151.990136750142,30404.064086151262,193197.62614776377,13242.51791246879,14119.921640808237,0.0,0.00022648021695688888,0.0,0.0,0.0,0.0,0.12023928643066556,0.0,6.981903817777777e-07,0.0,0.0,0.0,0.0002479955355613334,4.490098297224807e-05,0.0,0.0001272542369568549,0.0,0.0,0.0,0.0,0.05875979006563037,0.0,5.03922841583503e-07,0.0,0.0,0.0,0.00013128392316150739,4.953457902807626e-05
2026-09-22 20:09:18.378000021,0.0,507.55065086511274,0.0,0.0,0.0,0.0,296322.3619572633,0.0,0.0,0.0,0.0,0.0,573.2951232565653,398.60072139805635,0.006776332291389574,0.014712350259608507,0.004044374520577968,0.0031566333597720666,0.00297899960441049,0.0029173315069420413,0.003352304967338596,0.00023886330637896372,0.001378548886968046,0.02887616615230888,0.002809591282405121,0.013953994940235404,203612.4404998062,170575.3506748109,158390.7516324522,122252.5658125036,58549.64553472412,133801.29063313227,131289.24546720253,71488.3827732265,84156.56499078554,1193569.7401495713,8694.287022598228,724657.5965561895,160669.15849498898,108130.99164886717,126748.81094127409,105707.32411965668,54209.32471827291,121482.45310549198,33482.37175766008,16861.013667949028,15557.168906060473,545539.3054348448,8357.922680260534,570167.8626794098,11535.336056368464,24885.87241729125,16098.200365949227,304.91450245702964,0.0,0.0,36750.33645937921,16151.990136750142,30404.064086151262,193197.62614776377,13242.51791246879,14403.918502568007,0.0,0.00022723458473466668,0.0,0.0,0.0,0.0,0.12063710542271684,0.0,7.005159373333333e-07,0.0,0.0,0.0,0.00024881792556133333,4.512862756045194e-05,0.0,0.00012765262044653344,0.0,0.0,0.0,0.0,0.05891618468403433,0.0,5.051232931233808e-07,0.0,0.0,0.0,0.0001316619876003706,5.011473656698688e-05
2026-09-22 20:09:33.378000021,0.0,507.55065086511274,0.0,0.0,0.0,0.0,296322.3619572633,0.0,0.0,0.0,0.0,0.0,573.2951232565653,397.94212452487574,0.006776332291389574,0.015511163956163778,0.004044374520577968,0.0031566333597720666,0.0030536790330735726,0.0029173315069420413,0.0030916040993602782,0.00023886330637896372,0.001378548886968046,0.02887616615230888,0.002869113494667217,0.014085212209522548,203612.4404998062,179852.6336122818,158390.7516324522,122252.5658125036,86023.74202910488,133801.29063313227,151283.57217741074,71488.3827732265,84156.56499078554,1193569.7401495713,9198.305446482365,745399.8297672888,160669.15849498898,114012.0395251708,126748.81094127409,105707.32411965668,78016.10784598088,121482.45310549198,30851.23430111898,16861.013667949028,15557.168906060473,545539.3054348448,8842.441652926278,586427.9675697448,11535.336056368464,26239.369734738695,16098.200365949227,304.91450245702964,0.0,0.0,45111.29805943645,16151.990136750142,30404.064086151262,193197.62614776377,14010.202828914687,14646.29455367062,0.0,0.00022798895251244442,0.0,0.0,0.0,0.0,0.12103471882890776,0.0,7.028414928888888e-07,0.0,0.0,0.0,0.00024964031556133333,4.535627214865581e-05,0.0,0.00012765262044653344,0.0,0.0,0.0,0.0,0.05891631135622035,0.0,5.072392551154157e-07,0.0,0.0,0.0,0.0001316619876003706,5.0280001579938816e-05
2026-09-22 20:09:48.378000021,0.0,501.25222604189014,0.0,0.0,0.0,0.0,297672.3551127311,0.0,0.0,0.0,0.0,0.0,570.7575681149582,389.38864493466383,0.006776332291389574,0.015511163956163778,0.004044374520577968,0.0031566333597720666,0.0030536790330735726,0.0029173315069420413,0.0030916040993602782,0.00023886330637896372,0.001378548886968046,0.029473278651281222,0.002869113494667217,0.014452713910024168,203612.4404998062,179852.6336122818,158390.7516324522,122252.5658125036,86023.74202910488,133801.29063313227,151283.57217741074,71488.3827732265,84156.56499078554,1123039.365397904,9198.305446482365,761923.6425644994,160669.15849498898,114012.0395251708,126748.81094127409,105707.32411965668,78016.10784598088,121482.45310549198,30851.23430111898,16861.013667949028,15557.168906060473,594251.7015174031,8842.441652926278,602182.4561915946,11535.336056368464,26239.369734738695,16098.200365949227,304.91450245702964,0.0,0.0,45111.29805943645,16151.990136750142,30404.064086151262,210842.74476765646,14010.202828914687,14788.149832281297,0.0,0.00022874332029022222,0.0,0.0,0.0,0.0,0.12143250292779662,0.0,7.051670484444445e-07,0.0,0.0,0.0,0.00025046270556133333,4.558391673685968e-05,0.0,0.00012845551905078375,0.0,0.0,0.0,0.0,0.05909363443223371,0.0,5.084258893770179e-07,0.0,0.0,0.0,0.00013222036393762714,5.03361296571707e-05
2026-09-22 20:10:03.378000021,0.0,501.25222604189014,0.0,0.0,0.0,0.0,297671.37426420965,0.0,0.0,0.0,0.0,0.0,570.7575681149582,390.5650660021253,0.006776332291389574,0.015511163956163778,0.004044374520577968,0.0031566333597720666,0.0030536790330735726,0.002979598805766798,0.0032734031297795055,0.00023886330637896372,0.0014115248863958462,0.029473278651281222,0.0029645769602630627,0.01441850581301442,203612.4404998062,179852.6336122818,158390.7516324522,122252.5658125036,86023.74202910488,126642.21663028821,160261.4211748323,71488.3827732265,115788.97881736136,1123039.365397904,8989.809406780976,769864.935736399,160669.15849498898,114012.0395251708,126748.81094127409,105707.32411965668,78016.10784598088,115256.76708976908,32682.085588889386,16861.013667949028,30596.302200589646,594251.7015174031,8661.559593341388,607628.1292252738,11535.336056368464,26239.369734738695,16098.200365949227,304.91450245702964,0.0,3.5590651892838774,47788.40579972929,16151.990136750142,41296.68873454812,210842.74476765646,16899.571040309114,14245.714501783923,0.0,0.00022908991510657898,0.0,0.0,0.0,0.0,0.12194323629399627,0.0,6.981834907894736e-07,0.0,0.0,0.0,0.000251279865022807,4.503244103069352e-05,0.0,0.00012845551905078375,0.0,0.0,0.0,0.0,0.059093622399343765,0.0,5.105556823794586e-07,0.0,0.0,0.0,0.00013222036393762714,5.058689965879594e-05
2026-09-22 20:10:18.378000021,0.0,495.89859730027115,0.0,0.0,0.0,0.0,299057.9705334117,0.0,0.0,0.0,0.0,0.0,564.8317093751846,398.5204141774995,0.006776332291389574,0.015511163956163778,0.004157221653411656,0.0031566333597720666,0.003185999813836152,0.002979598805766798,0.0032734031297795055,0.0002627255394763846,0.0014115248863958462,0.029604900693857763,0.0029645769602630627,0.01474339980614886,203612.4404998062,179852.6336122818,154483.04772148278,122252.5658125036,93242.2827486902,126642.21663028821,160261.4211748323,74004.32805349215,115788.97881736136,1044296.5735235674,8989.809406780976,792820.6351178577,160669.15849498898,114012.0395251708,124865.73657520882,105707.32411965668,84562.70112344182,115256.76708976908,32682.085588889386,18254.966279350287,30596.302200589646,554350.7819826838,8661.559593341388,627452.5888222319,11535.336056368464,26239.369734738695,15066.350890619453,304.91450245702964,0.0,3.5590651892838774,47788.40579972929,24670.56743589836,41296.68873454812,242480.85421091557,16899.571040309114,14187.659956158606,0.0,0.0002298429425188596,0.0,0.0,0.0,0.0,0.12234138904717824,0.0,7.004784469298244e-07,0.0,0.0,0.0,0.0002521022378298245,4.525365493199138e-05,0.0,0.00012924413569497908,0.0,0.0,0.0,0.0,0.059258543664325085,0.0,5.117283560789192e-07,0.0,0.0,0.0,0.00013271323767344499,5.0855493931061986e-05
2026-09-22 20:10:33.378000021,0.0,495.89859730027115,0.0,0.0,0.0,0.0,299057.9705334117,0.0,0.0,0.0,0.0,0.0,564.8317093751846,398.94903937925426,0.0075683208691741865,0.016853715742486137,0.004157221653411656,0.0032373236165946892,0.003185999813836152,0.002979598805766798,0.0032734031297795055,0.0002627255394763846,0.0014115248863958462,0.029604900693857763,0.003069538444665038,0.015166892537256072,225430.49658582572,166169.9076522717,154483.04772148278,112178.99668626665,93242.2827486902,126642.21663028821,160261.4211748323,74004.32805349215,115788.97881736136,1044296.5735235674,9696.688490580767,797865.2342163712,183343.9728672021,109477.68533083174,124865.73657520882,100422.68762863391,84562.70112344182,115256.76708976908,32682.085588889386,18254.966279350287,30596.302200589646,554350.7819826838,9342.62801565968,633337.100088148,11532.27708539138,28524.969997537002,15066.350890619453,326.7802650036898,0.0,3.5590651892838774,47788.40579972929,24670.56743589836,41296.68873454812,242480.85421091557,18228.40380561473,13890.672479024865,0.0,0.00023059596993114034,0.0,0.0,0.0,0.0,0.12273954180036023,0.0,7.027734030701754e-07,0.0,0.0,0.0,0.0002529246106368421,4.547486883328924e-05,0.0,0.00012924413569497908,0.0,0.0,0.0,0.0,0.05925857795925977,0.0,5.138719783054436e-07,0.0,0.0,0.0,0.00013271323767344499,5.1070334087346564e-05
2026-09-22 20:10:48.378000021,0.0,493.2240036317844,0.0,0.0,0.0,0.0,300359.290212537,0.0,0.0,0.0,0.0,0.0,561.7139149146815,396.9849817834229,0.0075683208691741865,0.017734144154826843,0.004157221653411656,0.003096610129027859,0.003185999813836152,0.003085641553676323,0.0032734031297795055,0.0002627255394763846,0.0014115248863958462,0.029604900693857763,0.003069538444665038,0.015295225792803496,225430.49658582572,191904.7927042235,154483.04772148278,107303.02513539752,93242.2827486902,134232.68305172474,160261.4211748323,74004.32805349215,115788.97881736136,1044296.5735235674,9696.688490580767,830783.5435959415,183343.9728672021,124003.13333189602,124865.73657520882,96057.71573190288,84562.70112344182,122164.8317440085,32682.085588889386,18254.966279350287,30596.302200589646,554350.7819826838,9342.62801565968,654085.7679135585,11532.27708539138,37748.08299017599,15066.350890619453,312.5764360997847,0.0,3.7723824031623177,47788.40579972929,24670.56743589836,41296.68873454812,242480.85421091557,18228.40380561473,13967.499177620626,0.0,0.00023134899734342107,0.0,0.0,0.0,0.0,0.1231376945535422,0.0,7.050683592105263e-07,0.0,0.0,0.0,0.00025374698344385956,4.56960827345871e-05,0.0,0.0001296961431222365,0.0,0.0,0.0,0.0,0.059437957175056386,0.0,5.150312695372592e-07,0.0,0.0,0.0,0.0001328882495814105,5.168017395888851e-05
2026-09-22 20:11:03.378000021,0.0,493.2240036317844,0.0,0.0,0.0,0.0,300358.9069803739,0.0,0.0,0.0,0.0,0.0,561.7139149146815,398.9284532962716,0.0075683208691741865,0.017734144154826843,0.004354932680379198,0.003056143583820425,0.003185999813836152,0.003085641553676323,0.003360443872902304,0.0002627255394763846,0.0014115248863958462,0.029604900693857763,0.003131417387811993,0.01551258274295508,225430.49658582572,191904.7927042235,166694.086772471,105900.78767681918,93242.2827486902,134232.68305172474,164819.5712235244,74004.32805349215,115788.97881736136,1044296.5735235674,9297.891094825594,854466.8080895763,183343.9728672021,124003.13333189602,134735.68934956912,94802.43213654496,84562.70112344182,122164.8317440085,33611.62838793795,18254.966279350287,30596.302200589646,554350.7819826838,8963.12381963443,671191.983367603,11532.27708539138,37748.08299017599,16257.263432770582,308.4916827872386,0.0,3.7723824031623177,49147.60205935388,24670.56743589836,41296.68873454812,242480.85421091557,17235.115200164517,14138.462390983746,0.0,0.00023150948217445888,0.0,0.0,0.0,0.0,0.12366157174416324,0.0,6.981767787878789e-07,0.0,0.0,0.0,0.0002543293563372294,4.724711108728332e-05,0.0,0.0001296961431222365,0.0,0.0,0.0,0.0,0.05943799327615759,0.0,5.171887240025303e-07,0.0,0.0,0.0,0.0001328882495814105,5.1944246521761164e-05
2026-09-22 20:11:18.378000021,0.0,492.4229379955971,0.0,0.0,0.0,0.0,301534.6723624451,0.0,0.0,0.0,0.0,0.0,560.1832987795755,398.1924540363326,0.0075683208691741865,0.017734144154826843,0.0044156400220051765,0.00335738723125044,0.003284795825852744,0.003116245276507636,0.0031907486225475775,0.0002627255394763846,0.0014115248863958462,0.028970255696477494,0.003131417387811993,0.015765295281331942,225430.49658582572,191904.7927042235,200136.03840008992,135690.94466211027,85490.03589828164,129223.1282891899,186215.51380895497,74004.32805349215,115788.97881736136,1200728.7056146157,9297.891094825594,862201.1547381602,183343.9728672021,124003.13333189602,160364.400121626,120575.08669894724,77670.80395573257,117918.57820722976,43476.56366562579,18254.966279350287,30596.302200589646,657722.1696831455,8963.12381963443,689542.9745059221,11532.27708539138,37748.08299017599,15362.960645532083,295.4926853399337,0.0,3.5337762056768187,46535.79787182386,24670.56743589836,41296.68873454812,239960.82488388638,17235.115200164517,14171.012598212856,0.0,0.0002322605871528138,0.0,0.0,0.0,0.0,0.12406015635457367,0.0,7.004419303030302e-07,0.0,0.0,0.0,0.00025515095049307357,4.748991497772838e-05,0.0,0.00013028153967581082,0.0,0.0,0.0,0.0,0.059606617934105835,0.0,5.183337653003002e-07,0.0,0.0,0.0,0.0001334332841818632,5.1820976652976905e-05
2026-09-22 20:11:33.378000021,0.0,492.4229379955971,0.0,0.0,0.0,0.0,301533.0890408372,0.0,0.0,0.0,0.0,0.0,560.1832987795755,399.3368393422954,0.0075683208691741865,0.017734144154826843,0.0044156400220051765,0.00335738723125044,0.003284795825852744,0.003116245276507636,0.0031907486225475775,0.0002627255394763846,0.0014320126256707204,0.030443539569815565,0.003131417387811993,0.01599624963793454,225430.49658582572,191904.7927042235,200136.03840008992,135690.94466211027,85490.03589828164,129223.1282891899,186215.51380895497,74004.32805349215,117603.02477508431,1261791.826933604,9297.891094825594,869947.7932840475,183343.9728672021,124003.13333189602,160364.400121626,120575.08669894724,77670.80395573257,117918.57820722976,43476.56366562579,18254.966279350287,31075.649189354408,691170.6651290773,8963.12381963443,696786.2394341445,11532.27708539138,37748.08299017599,15362.960645532083,295.4926853399337,0.0,3.5337762056768187,46535.79787182386,24670.56743589836,41943.67683334132,252164.04522264638,17235.115200164517,14364.202648862654,0.0,0.00023301169213116882,0.0,0.0,0.0,0.0,0.12445874096498409,0.0,7.027070818181817e-07,0.0,0.0,0.0,0.0002559725446489177,4.773271886817345e-05,0.0,0.00013028153967581082,0.0,0.0,0.0,0.0,0.05960661550964186,0.0,5.205050496018871e-07,0.0,0.0,0.0,0.0001334332841818632,5.208080622706719e-05
2026-09-22 20:11:48.378000021,0.0,489.42658626854035,0.0,0.0,0.0,0.0,302943.7370335753,0.0,0.0,0.0,0.0,0.0,557.8515131074421,393.9920094198988,0.007935553162839677,0.017734144154826843,0.0044156400220051765,0.0034823161422764394,0.00343109887192849,0.003126623092941343,0.0031907486225475775,0.0002709058360670983,0.001413298571542834,0.030443539569815565,0.003131417387811993,0.01614639790900647,212224.0425225146,191904.7927042235,200136.03840008992,146362.68708150994,94173.63867071306,135333.43745219056,186215.51380895497,64645.704382272845,116066.14630642328,1261791.826933604,9297.891094825594,909750.565443982,172911.6539784335,124003.13333189602,160364.400121626,130058.00592139151,85560.17259945931,123494.35228456976,43476.56366562579,19612.775439465215,30669.541470355492,691170.6651290773,8963.12381963443,729732.0029420699,10768.341164934101,37748.08299017599,15362.960645532083,318.7324220269835,0.0,3.70087063695555,46535.79787182386,26505.570685813324,41395.54183473118,252164.04522264638,17235.115200164517,14620.091464520514,0.0,0.00023376279710952378,0.0,0.0,0.0,0.0,0.12485732557539451,0.0,7.049722333333333e-07,0.0,0.0,0.0,0.00025679413880476187,4.797552275861852e-05,0.0,0.00013124741385827024,0.0,0.0,0.0,0.0,0.05977862702114469,0.0,5.216361282969126e-07,0.0,0.0,0.0,0.0001338995106851215,5.233945553908171e-05
2026-09-22 20:12:03.378000021,0.0,489.42658626854035,0.0,0.0,0.0,0.0,302943.40402941825,0.0,0.0,0.0,0.0,0.0,557.8515131074421,395.18378761335134,0.008503096731309669,0.019613214752525927,0.0044156400220051765,0.0034823161422764394,0.00343109887192849,0.0033044867479313797,0.0031907486225475775,0.00026010578291658644,0.0013557345885760832,0.030443539569815565,0.003321347711629547,0.01662079351598895,231076.02277975014,212339.0436999597,200136.03840008992,146362.68708150994,94173.63867071306,143032.12677677034,186215.51380895497,58731.23758983642,138360.74607628872,1261791.826933604,9419.460715995723,935598.2853688733,188270.099604026,137207.1347278754,160364.400121626,130058.00592139151,85560.17259945931,130519.55366479025,43476.56366562579,17817.301305593144,42417.16303068706,691170.6651290773,9080.447617471109,735745.2066805926,11725.280546596487,41767.54384657054,15362.960645532083,318.7324220269835,0.0,3.9114014104345425,46535.79787182386,24079.08766627423,39440.33415665532,252164.04522264638,17453.706620815603,13738.469216532414,0.0,0.0002343476956273504,0.0,0.0,0.0,0.0,0.12538008729683076,0.0,6.981702388888888e-07,0.0,0.0,0.0,0.00025754330409615385,4.845980385623732e-05,0.0,0.00013124741385827024,0.0,0.0,0.0,0.0,0.05977872478181571,0.0,5.238212424348155e-07,0.0,0.0,0.0,0.0001338995106851215,5.260132301318151e-05
2026-09-22 20:12:18.378000021,0.0,484.19295958279014,0.0,0.0,0.0,0.0,304082.53770052665,0.0,0.0,0.0,0.0,0.0,554.3416761066111,402.0890859007638,0.008503096731309669,0.019613214752525927,0.0044840459984613595,0.0034823161422764394,0.00343109887192849,0.0033187545863495823,0.0031907486225475775,0.00026010578291658644,0.0013557345885760832,0.030443539569815565,0.003321347711629547,0.01682596405147116,231076.02277975014,212339.0436999597,209994.3030091896,146362.68708150994,94173.63867071306,140127.3846764088,186215.51380895497,58731.23758983642,138360.74607628872,1261791.826933604,9419.460715995723,947939.8474825671,188270.099604026,137207.1347278754,168263.60060004325,130058.00592139151,85560.17259945931,128311.32546629765,43476.56366562579,17817.301305593144,42417.16303068706,691170.6651290773,9080.447617471109,745483.8434392882,11725.280546596487,41767.54384657054,16119.706569122684,318.7324220269835,0.0,3.692518503159736,46535.79787182386,24079.08766627423,39440.33415665532,252164.04522264638,17453.706620815603,13933.224053141254,0.0,0.00023509826827692302,0.0,0.0,0.0,0.0,0.12577909479409097,0.0,7.0040635e-07,0.0,0.0,0.0,0.000258364666275641,4.870473648366995e-05,0.0,0.00013180862093863216,0.0,0.0,0.0,0.0,0.05994250980312123,0.0,5.249389431121646e-07,0.0,0.0,0.0,0.00013424995169226668,5.2817727706331635e-05
2026-09-22 20:12:33.378000021,0.0,484.19295958279014,0.0,0.0,0.0,0.0,304081.33323517005,0.0,0.0,0.0,0.0,0.0,554.3416761066111,403.2551120475279,0.008503096731309669,0.01850552984677218,0.004698454615845008,0.0034823161422764394,0.00343109887192849,0.0033187545863495823,0.0032550899784390525,0.0002601057829165864,0.0013557345885760832,0.030551518662292387,0.003321347711629547,0.01706988433410311,231076.02277975014,200346.8865458991,240526.9283230841,146362.68708150994,94173.63867071306,140127.3846764088,220012.79060652666,58731.237589836404,138360.74607628872,1190688.6755183015,9419.460715995723,977784.8446081785,188270.099604026,129458.1617003805,191367.77352974386,130058.00592139151,85560.17259945931,128311.32546629765,55257.84208520403,17817.30130559314,42417.16303068706,654034.5110702692,9080.447617471109,765842.6504256325,11725.280546596487,39408.66089683403,22875.90028249848,318.7324220269835,0.0,3.692518503159736,59250.96204354176,24079.087666274227,39440.33415665532,283055.90958278225,17453.706620815603,14120.971876012016,0.0,0.00023584884092649568,0.0,0.0,0.0,0.0,0.12617810229135126,0.0,7.02642461111111e-07,0.0,0.0,0.0,0.00025918602845512824,4.894966911110257e-05,0.0,0.00013180862093863216,0.0,0.0,0.0,0.0,0.05994247314023266,0.0,5.271378883185997e-07,0.0,0.0,0.0,0.00013424995169226668,5.3079665313515066e-05
2026-09-22 20:12:48.378000021,0.0,483.569594734966,0.0,0.0,0.0,0.0,305463.91138081485,0.0,0.0,0.0,0.0,0.0,553.1917731274991,412.3455626688113,0.008503096731309669,0.020657227297963533,0.004925535662977314,0.003309205295885215,0.0034517786505907245,0.0033187545863495823,0.0032550899784390525,0.0002601057829165864,0.0014792907840341242,0.030551518662292387,0.003321347711629547,0.017210819505019487,231076.02277975014,224880.21497257322,252151.8371948068,139086.79149777038,120555.47784466363,140127.3846764088,220012.79060652666,58731.237589836404,151859.45124518723,1190688.6755183015,9419.460715995723,975357.8374748733,188270.099604026,142016.01279175642,199090.62983269856,123592.63903190257,108533.63281691092,128311.32546629765,55257.84208520403,17817.30130559314,46555.452206553746,654034.5110702692,9080.447617471109,760403.1217381794,11725.280546596487,48745.57462968309,23981.515599655206,302.88778383358084,0.0,3.692518503159736,59250.96204354176,24079.087666274227,43288.198942307594,283055.90958278225,17453.706620815603,14020.961557415187,0.0,0.00023659941357606835,0.0,0.0,0.0,0.0,0.1265771097886115,0.0,7.048785722222221e-07,0.0,0.0,0.0,0.0002600073906346154,4.9194601738535204e-05,0.0,0.00013238757818550238,0.0,0.0,0.0,0.0,0.06010408727393075,0.0,5.282413363580812e-07,0.0,0.0,0.0,0.00013452980618077186,5.361282438275943e-05
2026-09-22 20:13:03.378000021,0.0,483.569594734966,0.0,0.0,0.0,0.0,305463.91138081485,0.0,0.0,0.0,0.0,0.0,553.1917731274991,412.38105932660534,0.008722042263496547,0.020657227297963533,0.004925535662977314,0.003537515848672896,0.0034517786505907245,0.0033187545863495823,0.0032550899784390525,0.00025903493065167,0.0014792907840341242,0.031032988132607988,0.003321347711629547,0.017387547494982638,217604.01086849213,224880.21497257322,252151.8371948068,136472.20216002243,120555.47784466363,140127.3846764088,220012.79060652666,64695.384198453336,151859.45124518723,1085174.248359123,9419.460715995723,982531.0219454971,177506.7541754841,142016.01279175642,200616.77090304226,121725.30640767599,108533.63281691092,128311.32546629765,55257.84208520403,19627.847733717903,46555.452206553746,588275.6346755418,9080.447617471109,766860.647528496,14645.713770619874,48745.57462968309,23981.515599655206,287.9449658756627,0.0,3.692518503159736,59250.96204354176,26525.940049748835,43288.198942307594,299533.6291244596,17453.706620815603,14209.866351784032,0.0,0.00023693740180506331,0.0,0.0,0.0,0.0,0.12709226364597556,0.0,6.981638645569619e-07,0.0,0.0,0.0,0.00026102511059915604,4.882016625874154e-05,0.0,0.00013238757818550238,0.0,0.0,0.0,0.0,0.06010421058899304,0.0,5.304541182284214e-07,0.0,0.0,0.0,0.00013452980618077186,5.378870286424877e-05
2026-09-22 20:13:18.378000021,0.0,478.075179022098,0.0,0.0,0.0,0.0,306731.1132804006,0.0,0.0,0.0,0.0,0.0,547.903030551737,407.0758465475989,0.008722042263496547,0.020657227297963533,0.004925535662977314,0.0036988388537067293,0.0034517786505907245,0.0033295071842103477,0.0032550899784390525,0.00025903493065167,0.0014792907840341242,0.031032988132607988,0.0034965243798084785,0.017542975237070452,217604.01086849213,224880.21497257322,252151.8371948068,146792.82914073014,120555.47784466363,162937.04907796407,220012.79060652666,64695.384198453336,151859.45124518723,1085174.248359123,10291.857579599999,986672.5667628836,177506.7541754841,142016.01279175642,200616.77090304226,130930.70839915924,108533.63281691092,147268.1539599693,55257.84208520403,19627.847733717903,46555.452206553746,588275.6346755418,9921.446296742879,768613.2839784529,14645.713770619874,48745.57462968309,23981.515599655206,309.7206281478281,0.0,3.4750266396085157,59250.96204354176,26525.940049748835,43288.198942307594,299533.6291244596,19070.206691611762,14459.78260102997,0.0,0.00023768666973755272,0.0,0.0,0.0,0.0,0.12749166727905678,0.0,7.00371670464135e-07,0.0,0.0,0.0,0.00026184709372151894,4.905998376937418e-05,0.0,0.00013273502927643572,0.0,0.0,0.0,0.0,0.06027166688775307,0.0,5.315443261797711e-07,0.0,0.0,0.0,0.00013484752912374672,5.4195104978858037e-05
2026-09-22 20:13:33.378000021,0.0,478.075179022098,0.0,0.0,0.0,0.0,306730.6069781107,0.0,0.0,0.0,0.0,0.0,547.903030551737,407.5373273070914,0.009402482807810713,0.020657227297963533,0.004925535662977314,0.0036988388537067293,0.0034517786505907245,0.0033295071842103477,0.0032550899784390525,0.00025903493065167,0.0014115399338607846,0.031032988132607988,0.003530232712604824,0.017670377786182134,211618.9442877778,224880.21497257322,252151.8371948068,146792.82914073014,120555.47784466363,162937.04907796407,220012.79060652666,64695.384198453336,144904.3569258266,1085174.248359123,39040.125803211675,973531.5017248255,177260.47688099867,142016.01279175642,200616.77090304226,130930.70839915924,108533.63281691092,147268.1539599693,55257.84208520403,19627.847733717903,44423.233510107435,588275.6346755418,9158.01425518413,776341.710994648,16095.266758433821,48745.57462968309,23981.515599655206,309.7206281478281,0.0,3.4750266396085157,59250.96204354176,26525.940049748835,41305.61897056193,299533.6291244596,17602.798977848903,13742.610030060348,0.0,0.00023843593767004217,0.0,0.0,0.0,0.0,0.127891070912138,0.0,7.025794763713079e-07,0.0,0.0,0.0,0.0002626690768438818,4.929980128000683e-05,0.0,0.00013273502927643572,0.0,0.0,0.0,0.0,0.060271658161868615,0.0,5.337709341936338e-07,0.0,0.0,0.0,0.00013484752912374672,5.445788541360121e-05
2026-09-22 20:13:48.378000021,0.0,469.86536534653794,0.0,0.0,0.0,0.0,308216.2339036127,0.0,0.0,0.0,0.0,0.0,545.6150550063093,413.13821267255474,0.009402482807810713,0.02088497381074615,0.004925535662977314,0.0036988388537067293,0.0036497097455756335,0.0034634461910742985,0.0032550899784390525,0.0002478069038704683,0.0013930487990603583,0.03124260135483011,0.003530232712604824,0.017923167563418985,211618.9442877778,227262.35223455905,252151.8371948068,146792.82914073014,126505.85743168757,177109.7868447602,220012.79060652666,73084.19345687359,143006.1137852618,1176640.9058759382,39040.125803211675,985049.3810527185,177260.47688099867,149028.60517476837,200616.77090304226,130930.70839915924,114011.12952984883,160077.9657203142,55257.84208520403,17756.39620203068,43841.29035752552,659295.3195397021,9158.01425518413,787141.6357798015,16095.266758433821,46031.77607097438,23981.515599655206,309.7206281478281,0.0,3.7772945496664434,59250.96204354176,31969.403301333357,40764.51648378309,322871.68614396715,17602.798977848903,13948.845534894837,0.0,0.00023918520560253168,0.0,0.0,0.0,0.0,0.12829047454521922,0.0,7.047872822784811e-07,0.0,0.0,0.0,0.00026349105996624467,4.941566401661349e-05,0.0,0.00013334007238836206,0.0,0.0,0.0,0.0,0.06043311428438969,0.0,5.34846889271359e-07,0.0,0.0,0.0,0.00013511661417852852,5.4650009380975773e-05
2026-09-22 20:14:03.378000021,0.0,469.86536534653794,0.0,0.0,0.0,0.0,308217.8937592169,0.0,0.0,0.0,0.0,0.0,545.6150550063093,411.0502635515705,0.009402482807810713,0.022958766379624462,0.004701643900186786,0.0036988388537067293,0.0036497097455756335,0.0034634461910742985,0.003511455388651775,0.0002478069038704683,0.0013422931365001218,0.030217711977505637,0.003530232712604824,0.018425778040046897,211618.9442877778,249913.64011641583,240690.19663766777,146792.82914073014,126505.85743168757,177109.7868447602,237458.2806998095,73084.19345687359,164183.58884892514,1221496.3799807352,39040.125803211675,1049843.909052174,177260.47688099867,163342.15779927952,191497.67288890362,130930.70839915924,114011.12952984883,160077.9657203142,59639.406147984555,17756.39620203068,54845.56229078077,683486.311402293,9158.01425518413,836577.2373789876,16095.266758433821,50619.77316439816,22891.428313849257,309.7206281478281,0.0,3.7772945496664434,63949.15285553276,31969.403301333357,48678.58295109838,335774.97333484667,17602.798977848903,13856.138494081344,0.0,0.00023932964312166666,0.0,0.0,0.0,0.0,0.12881351642822308,0.0,6.981576495833333e-07,0.0,0.0,0.0,0.0002636906729141666,5.019146190791648e-05,0.0,0.00013334007238836206,0.0,0.0,0.0,0.0,0.060433238964148164,0.0,5.370873271486616e-07,0.0,0.0,0.0,0.00013511661417852852,5.4788647392288525e-05
2026-09-22 20:14:18.378000021,0.0,466.67185326597564,0.0,0.0,0.0,0.0,309388.77775247424,0.0,0.0,0.0,0.0,0.0,541.4430088203534,421.72177879669914,0.009498860199250026,0.022958766379624462,0.005318353058949333,0.0036988388537067293,0.0036497097455756335,0.0034634461910742985,0.003205690460082389,0.0002478069038704683,0.0014374085866603044,0.03061906430778292,0.003530232712604824,0.01861035406525802,239631.09157300755,249913.64011641583,250469.84551680204,146792.82914073014,126505.85743168757,177109.7868447602,245184.88659991,73084.19345687359,176505.00353266104,1237720.3223790042,39040.125803211675,1062874.3733157737,199234.65654525007,163882.31853843707,196639.76913812483,130930.70839915924,114011.12952984883,160077.9657203142,64544.29209511226,17756.39620203068,58961.53345017112,692564.3919663723,9158.01425518413,846215.2460127376,14978.291809010063,50619.77316439816,31628.839897162878,309.7206281478281,0.0,3.7772945496664434,69752.8115358867,31969.403301333357,52331.74348292852,340234.74408443394,17602.798977848903,14023.717145855848,0.0,0.00024007702228833334,0.0,0.0,0.0,0.0,0.12921330488972124,0.0,7.003378579166667e-07,0.0,0.0,0.0,0.0002645107124975,5.0198571354744376e-05,0.0,0.00013351079965705443,0.0,0.0,0.0,0.0,0.06059347628364723,0.0,5.381494662636264e-07,0.0,0.0,0.0,0.00013497923995285568,5.5108224917524345e-05
2026-09-22 20:14:33.378000021,0.0,466.67185326597564,0.0,0.0,0.0,0.0,309388.77775247424,0.0,0.0,0.0,0.0,0.0,541.4430088203534,422.09552554059553,0.009498860199250026,0.022958766379624462,0.005318353058949333,0.003849115051457852,0.0036497097455756335,0.0034634461910742985,0.003205690460082389,0.0002478069038704683,0.0014374085866603044,0.03210818642218263,0.003530232712604824,0.018797487598672797,239631.09157300755,249913.64011641583,250469.84551680204,156304.91880902648,126505.85743168757,177109.7868447602,245184.88659991,73084.19345687359,176505.00353266104,1297915.3918615172,39040.125803211675,1072214.5714864964,199234.65654525007,163882.31853843707,199132.14781534817,139414.9418996416,114011.12952984883,160077.9657203142,64544.29209511226,17756.39620203068,58961.53345017112,726246.4451263302,9158.01425518413,852832.0718984997,14978.291809010063,50619.77316439816,31628.839897162878,329.79034411630226,0.0,3.7772945496664434,69752.8115358867,31969.403301333357,52331.74348292852,356781.6599669835,17602.798977848903,14128.626438487581,0.0,0.00024082440145499996,0.0,0.0,0.0,0.0,0.12961309335121937,0.0,7.025180662499998e-07,0.0,0.0,0.0,0.0002653307520808333,5.0364601269274286e-05,0.0,0.00013351079965705443,0.0,0.0,0.0,0.0,0.06059354149983637,0.0,5.4040373526759e-07,0.0,0.0,0.0,0.00013497923995285568,5.536142446511842e-05
2026-09-22 20:14:48.378000021,0.0,465.9342763784471,0.0,0.0,0.0,0.0,310813.19052210747,0.0,0.0,0.0,0.0,0.0,540.1511174793917,413.7499059891674,0.009498860199250026,0.022958766379624462,0.005318353058949333,0.0036493364911493894,0.0036497097455756335,0.003315169399160963,0.003205690460082389,0.00024491762297594886,0.0014374085866603044,0.03210818642218263,0.0036682684269669047,0.018891768652226894,239631.09157300755,249913.64011641583,250469.84551680204,148192.30818779513,126505.85743168757,169527.3762741921,245184.88659991,64241.43425167326,176505.00353266104,1297915.3918615172,39417.82604498855,1073113.148582956,199234.65654525007,163882.31853843707,199390.2941778718,132178.96271849205,114011.12952984883,153224.72016558578,64544.29209511226,19130.23824010792,58961.53345017112,726246.4451263302,9488.924059278092,866121.4155677184,14978.291809010063,50619.77316439816,31628.839897162878,312.6734122318595,0.0,3.615581305967243,69752.8115358867,34442.92944300586,52331.74348292852,356781.6599669835,17474.689157907964,14262.064460968564,0.0,0.0002415717806216667,0.0,0.0,0.0,0.0,0.1300128818127175,0.0,7.046982745833333e-07,0.0,0.0,0.0,0.0002661507916641666,5.05306311838042e-05,0.0,0.0001340699534754445,0.0,0.0,0.0,0.0,0.060751955786188395,0.0,5.414522048848714e-07,0.0,0.0,0.0,0.00013523336266577725,5.587824132093929e-05
2026-09-22 20:15:03.378000021,0.0,465.9342763784471,0.0,0.0,0.0,0.0,310813.19052210747,0.0,0.0,0.0,0.0,0.0,540.1511174793917,412.54983670013905,0.009498860199250026,0.022958766379624462,0.005318353058949333,0.0038969256800863916,0.0036508310897460567,0.0034985955632411913,0.003205690460082389,0.00024491762297594886,0.0014374085866603044,0.032228367476598324,0.0036682684269669047,0.01909324088654017,239631.09157300755,249913.64011641583,250469.84551680204,175249.77498333447,122194.54575164238,170539.06704303675,245184.88659991,64241.43425167326,176505.00353266104,1386506.9633410075,39417.82604498855,1069592.145083103,199234.65654525007,163882.31853843707,199390.2941778718,155481.27454972887,110452.0111867101,154883.37444582902,64544.29209511226,19130.23824010792,58961.53345017112,793857.4168876075,9488.924059278092,863091.1909980723,14978.291809010063,50619.77316439816,31628.839897162878,297.4837041244841,0.0,3.4720986021751483,69752.8115358867,34442.92944300586,52331.74348292852,379888.5237088715,17474.689157907964,14255.46485237361,0.0,0.00024169954608436211,0.0,0.0,0.0,0.0,0.13052497659002277,0.0,6.981515880658437e-07,0.0,0.0,0.0,0.0002666431119539094,5.0336251769391604e-05,0.0,0.0001340699534754445,0.0,0.0,0.0,0.0,0.060752080185990265,0.0,5.437203018535697e-07,0.0,0.0,0.0,0.00013523336266577725,5.6044942970048577e-05
2026-09-22 20:15:18.378000021,0.0,462.28098823102965,0.0,0.0,0.0,0.0,312001.4616678049,0.0,0.0,0.0,0.0,0.0,536.3685638709877,417.58006129285144,0.00978847598072329,0.022958766379624462,0.005318353058949333,0.0038969256800863916,0.0036508310897460567,0.003567893232240492,0.003205690460082389,0.00024491762297594886,0.0014374085866603044,0.032228367476598324,0.0036682684269669047,0.01948233361608565,251788.85696229458,249913.64011641583,250469.84551680204,175249.77498333447,122194.54575164238,183281.8078494116,245184.88659991,64241.43425167326,176505.00353266104,1386506.9633410075,39417.82604498855,1113167.471734121,209296.98126358577,163882.31853843707,199390.2941778718,155481.27454972887,110452.0111867101,166618.1270215984,64544.29209511226,19130.23824010792,58961.53345017112,793857.4168876075,9488.924059278092,895956.0257692256,15755.24457269849,50619.77316439816,31628.839897162878,297.4837041244841,0.0,3.73625130668457,69752.8115358867,34442.92944300586,52331.74348292852,379888.5237088715,17474.689157907964,13593.26626321074,0.0,0.00024244501419135804,0.0,0.0,0.0,0.0,0.13092510855175885,0.0,7.003048802469135e-07,0.0,0.0,0.0,0.00026746214076049386,5.0532461567233914e-05,0.0,0.00013438468588114748,0.0,0.0,0.0,0.0,0.060909019168290876,0.0,5.44754809631257e-07,0.0,0.0,0.0,0.00013529219420583305,5.620799007031122e-05
2026-09-22 20:15:33.378000021,0.0,462.28098823102965,0.0,0.0,0.0,0.0,312001.4616678049,0.0,0.0,0.0,0.0,0.0,536.3685638709877,417.95188821014614,0.010326664990861014,0.02175776982974978,0.005318353058949333,0.0038969256800863916,0.003723436310786335,0.003567893232240492,0.003347059013377673,0.00023201368342750926,0.0013669810560161906,0.032228367476598324,0.0036682684269669047,0.019936614450074986,265632.68678412895,236840.4020084305,250469.84551680204,175249.77498333447,130078.02927898162,183281.8078494116,258428.66969971493,60856.75505212845,167856.93251061582,1386506.9633410075,39417.82604498855,1144753.3764416075,219453.88633610422,155309.4668487747,199390.2941778718,155481.27454972887,117570.88545174967,166618.1270215984,68064.9188518505,18122.32613154625,56072.64351141411,793857.4168876075,9488.924059278092,921986.3656396057,16621.49785847626,47971.80105994592,31628.839897162878,297.4837041244841,0.0,3.73625130668457,73427.49352059422,32628.239777136594,49767.687930451946,379888.5237088715,17474.689157907964,13891.397024608923,0.0,0.0002431904822983539,0.0,0.0,0.0,0.0,0.1313252405134949,0.0,7.024581724279836e-07,0.0,0.0,0.0,0.0002682811695670782,5.072867136507621e-05,0.0,0.00013438468588114748,0.0,0.0,0.0,0.0,0.060909085062979956,0.0,5.470367390169611e-07,0.0,0.0,0.0,0.00013529219420583305,5.64607344871853e-05
2026-09-22 20:15:48.378000021,0.0,458.9001113123055,0.0,0.0,0.0,0.0,313370.60044924734,0.0,0.0,0.0,0.0,0.0,527.7680600368304,408.5611923496501,0.010326664990861014,0.023138542753649616,0.005318353058949333,0.004006090804609448,0.003723436310786335,0.003567893232240492,0.003355727996518088,0.0002289522131403099,0.00145087502051368,0.032228367476598324,0.0036682684269669047,0.02011392612601853,265632.68678412895,250511.28570443057,250469.84551680204,187798.32966493888,130078.02927898162,183281.8078494116,259098.00769814054,60053.737123982544,179710.75801567192,1386506.9633410075,39417.82604498855,1159395.9776636218,220804.5270135974,164157.566058876,199390.2941778718,166863.77078743972,117570.88545174967,166618.1270215984,68241.20903126533,17883.198153544905,60032.416407594515,793857.4168876075,9488.924059278092,934440.821777291,16621.49785847626,50604.56219327981,31628.839897162878,15.22236602617645,0.0,3.73625130668457,73617.67292909247,32197.703159099026,53282.2135427936,379888.5237088715,17474.689157907964,14092.365968221835,0.0,0.00024393595040534983,0.0,0.0,0.0,0.0,0.131725372475231,0.0,7.046114646090535e-07,0.0,0.0,0.0,0.00026910019837366253,5.0924881162918526e-05,0.0,0.00013535460771208223,0.0,0.0,0.0,0.0,0.06106398258759994,0.0,5.480578864646783e-07,0.0,0.0,0.0,0.00013571700848737025,5.695671550826271e-05
2026-09-22 20:16:03.378000021,0.0,458.9001113123055,0.0,0.0,0.0,0.0,313370.60044924734,0.0,0.0,0.0,0.0,0.0,527.7680600368304,409.4134520509925,0.0097863934366168,0.022829526953672317,0.005074363818181818,0.004006090804609448,0.003723436310786335,0.003567893232240492,0.003311841817946974,0.00023015616761802192,0.0014315552249625299,0.032331526908693495,0.0036682684269669047,0.020015850224231812,251735.28770379312,247165.7014046982,249882.06545454543,187798.32966493888,130078.02927898162,183281.8078494116,255709.5264371269,65579.60648772576,177317.7365258018,1289838.7350539279,39417.82604498855,1151799.980186574,209252.45235063805,161965.23778055309,198909.20727272725,166863.77078743972,117570.88545174967,166618.1270215984,67348.75115370128,19528.727999562747,59233.02707699207,735619.0332145179,9488.924059278092,927126.8238335561,15751.892570630365,49928.737037169194,31546.64727272727,15.22236602617645,0.0,3.73625130668457,72654.90170821037,35160.38808081243,52572.70965196568,401434.93357557536,17474.689157907964,14188.956239148129,0.0,0.00024476860590487805,0.0,0.0,0.0,0.0,0.13223225943591604,0.0,6.981456743902438e-07,0.0,0.0,0.0,0.0002697479944686991,5.0266408163202865e-05,0.0,0.00013535460771208223,0.0,0.0,0.0,0.0,0.06106402167468813,0.0,5.503536482983935e-07,0.0,0.0,0.0,0.00013571700848737025,5.721700880794544e-05
