timestamp,aggregator_energy,api-gateway_energy,authority_energy,clientone_energy,clientthree_energy,clienttwo_energy,kernel_processes_energy,orchestrator_energy,policy_energy,policy-enforcer_energy,rabbitmq_energy,server_energy,sidecar_energy,system_processes_energy,aggregator_cpu_usage,authority_cpu_usage,clientone_cpu_usage,clientthree_cpu_usage,clienttwo_cpu_usage,policy_cpu_usage,server_cpu_usage,sidecar_cpu_usage,aggregator_memory_usage,authority_memory_usage,clientone_memory_usage,clientthree_memory_usage,clienttwo_memory_usage,policy_memory_usage,server_memory_usage,sidecar_memory_usage,aggregator_memory_rss_usage,authority_memory_rss_usage,clientone_memory_rss_usage,clientthree_memory_rss_usage,clienttwo_memory_rss_usage,policy_memory_rss_usage,server_memory_rss_usage,sidecar_memory_rss_usage,aggregator_memory_cache_usage,authority_memory_cache_usage,clientone_memory_cache_usage,clientthree_memory_cache_usage,clienttwo_memory_cache_usage,policy_memory_cache_usage,server_memory_cache_usage,sidecar_memory_cache_usage,aggregator_carbon_coal,api-gateway_carbon_coal,authority_carbon_coal,clientone_carbon_coal,clientthree_carbon_coal,clienttwo_carbon_coal,kernel_processes_carbon_coal,orchestrator_carbon_coal,policy_carbon_coal,policy-enforcer_carbon_coal,rabbitmq_carbon_coal,server_carbon_coal,sidecar_carbon_coal,system_processes_carbon_coal,aggregator_carbon_emission,api-gateway_carbon_emission,authority_carbon_emission,clientone_carbon_emission,clientthree_carbon_emission,clienttwo_carbon_emission,kernel_processes_carbon_emission,orchestrator_carbon_emission,policy_carbon_emission,policy-enforcer_carbon_emission,rabbitmq_carbon_emission,server_carbon_emission,sidecar_carbon_emission,system_processes_carbon_emission
2026-07-03 15:08:51.430999994,0.0,0.0,0.0,215.39752079999997,0.0,0.0,923.7049007999997,0.0,0.0,0.0,0.0,0.0,204.87720000000002,1815.3107279999992,0.0004030154389444636,0.0004213437808200585,0.00042547704105800314,0.0004751585305502999,0.0004882709139132229,0.0002959606604970439,0.0002729775,0.0009676315048111912,9834.182257483424,11202.68400164197,12829.751805227688,11732.061234936107,13237.960292007872,25294.104334298303,11096.746666666666,47459.23266111257,9211.49847124807,10595.265856804248,12030.704153948034,11051.308895578772,12537.982748682789,7254.59740876347,10480.64,46619.785494518954,0.0,0.0,174.06252845623467,0.0,0.0,0.0,0.0,0.0,0.0,0.0,0.0,0.0,0.0,0.0,0.0,0.0,0.0,0.0,0.0,0.0,0.0,0.0,0.0,0.0,0.0,1.354611075253333e-05,0.0,0.0,5.809077487253332e-05,0.0,0.0,0.0,0.0,0.0,1.2884499466666665e-05,0.00011416287467199993
2026-07-03 15:09:06.430999994,216.64388759999997,69.02732189999996,0.0,280.84402079999995,222.53116880000002,190.13003799999987,6703.557220199998,96.03112320000002,179.59497049999996,56.508413100000006,428.2031348999999,247.15860479999992,1633.0468199999996,17999.0732034,0.0004174902147073645,0.00046187853035328856,0.000465243606443068,0.0005206453050835873,0.0005364254321002349,0.00031416601842595965,0.0002729775,0.0009658008724329123,7003.47066605876,12125.069096783593,13875.052728448443,12699.818684163924,14392.178536151843,26850.014576301026,11096.746666666666,46859.09706828743,6838.785093465794,11496.294736953614,13039.50630423435,11994.252051236646,13663.558829429314,7700.847738908424,10480.64,46020.71335191246,0.0,0.0,190.81606357368236,0.0,0.0,0.0,0.0,0.0,0.0,0.0,0.0,0.0,0.0,0.0,0.0,0.0,0.0,0.0,0.0,0.0,0.0,0.0,1.362449337573333e-05,4.341051577266664e-06,0.0,1.7661968419199998e-05,1.399473794897778e-05,1.1957066834222214e-05,0.00042157926518146646,6.039290636800002e-06,1.1294528144777773e-05,3.5537513127333333e-06,2.692921937259999e-05,1.5543530035199996e-05,0.0001027005000133333,0.0011319417147915998
2026-07-03 15:09:21.430999994,287.18588759999994,89.93582189999995,282.2595888,354.3344675999999,279.9121688,249.9695379999999,9665.486593299998,125.11912320000003,229.68747049999996,73.62491310000001,557.9066348999999,312.2826047999999,2367.9830859999997,25398.662862,0.0004533562880642142,0.00046527851534180977,0.0003526008333333333,0.0005319915200290118,0.0004218658333333333,0.0003323713763548755,0.00044124318481346305,0.000986993902166684,7499.830419376255,8073.575862219315,10914.133333333331,9412.611036059081,11646.293333333335,28405.924818303753,8045.148524662686,42168.03731716793,7323.473020900824,7851.315934420413,10181.973333333335,8962.864012388876,10985.813333333334,8147.098069053377,7841.003803878199,40624.069165813715,0.0,0.0,143.36,0.0,0.0,0.0,0.0,0.0,0.0,0.0,0.0,0.0,0.0,0.0,0.0,0.0,0.0,0.0,0.0,0.0,0.0,0.0,1.8060801375733327e-05,5.655963910599997e-06,1.775099191786667e-05,2.2283700962399988e-05,1.7603365282311113e-05,1.5720306500888884e-05,0.0006078517124230887,7.868602636800002e-06,1.4444789811444439e-05,4.6301889794e-06,3.508612837259999e-05,1.9639106035199992e-05,0.00014891982518622218,0.0015972936866546663
2026-07-03 15:09:36.430999994,346.96440709999996,109.67138714999999,358.36358880000006,421.30121759999986,335.384245,303.87581400000005,11781.47070445,151.16544495,284.8904894999999,94.64191815000002,706.7349353999999,384.4695047999998,2897.4557607,31377.18979775,0.000489222361421064,0.0005027345905432819,0.000476226729805726,0.0005746572114636321,0.0004218658333333333,0.00035057673428379134,0.00047624166413219783,0.0010187887527009257,7996.190172693751,8609.350878569872,7888.301284253578,10042.80657253472,11646.293333333335,29961.835060306475,8571.757681928777,41907.29686014308,7808.160948335853,8375.456006030307,7622.452456441717,9577.402516902388,10985.813333333334,8593.34839919833,8354.306170611222,40642.57412378241,0.0,0.0,98.13563680981595,0.0,0.0,0.0,0.0,0.0,0.0,0.0,0.0,0.0,0.0,0.0,0.0,0.0,0.0,0.0,0.0,0.0,0.0,0.0,2.1820206046511106e-05,6.897111680766665e-06,2.253708791786667e-05,2.6495165462399986e-05,2.1091942518888892e-05,1.9110412302666667e-05,0.0007409236020798554,9.5066268713e-06,1.791644633966666e-05,5.951925074766668e-06,4.444577482626666e-05,2.4178859968533323e-05,0.00018221777339513332,0.001973276602836278
2026-07-03 15:09:51.430999994,415.3839071,130.35863715,428.8457823499999,474.8904383999999,392.44049500000006,362.569314,13929.756051899998,179.67969495,335.8979894999999,112.49416815000004,840.0459354000001,450.81225479999983,3416.7131964,37250.088205299995,0.0005250884347779137,0.000540190665744754,0.0005108736495398773,0.0006173229028982524,0.0006060694041910031,0.00031247999999998733,0.0005112401434509327,0.0010550632226094586,8492.549926011245,9145.125894920426,8362.084515337425,10673.00210901036,8744.43829408751,26705.92,9098.366839194869,40711.81487012915,8292.848875770882,8899.596077640199,8080.268407361964,10191.941021415898,8433.73545650169,7659.52,8867.608537344244,39447.15635364359,0.0,0.0,105.46488016359918,0.0,0.0,0.0,0.0,0.0,0.0,0.0,0.0,0.0,0.0,0.0,0.0,0.0,0.0,0.0,0.0,0.0,0.0,0.0,2.612303237984444e-05,8.198109847433333e-06,2.696963475667777e-05,2.9865332014933327e-05,2.468014668555556e-05,2.2801581302666665e-05,0.0008760268805972666,1.1299856371299997e-05,2.112425133966666e-05,7.074633241433334e-06,5.282955549293333e-05,2.8351081801866655e-05,0.0002148732965736,0.002342616658244422
2026-07-03 15:10:06.430999994,489.1774684333333,146.14847310000002,503.9650323499999,540.0224383999999,449.9792806666667,426.5668633333333,16134.845133849998,202.45686990000002,393.2922840333333,131.99470920000005,985.3348820999997,515.3874431999999,3962.5491003666666,43157.08679821667,0.0005609545081347634,0.0005776467409462262,0.0005455205692740287,0.0006599885943328725,0.000648794580950917,0.00031247999999998733,0.0005462386227696675,0.001123082847629898,8988.909679328743,9680.900911270983,8835.867746421269,11303.197645486,9257.802368275437,26705.92,9624.97599646096,43103.9064959587,8777.536803205912,9423.736149250091,8538.084358282209,10806.47952592941,8934.770398606415,7659.52,9380.91090407727,41781.98773119476,0.0,0.0,112.79412351738242,0.0,0.0,0.0,0.0,0.0,4.887230225555555e-05,1.477697929444444e-05,5.365795849444443e-05,4.641170457222222e-05,4.070513228333333e-05,4.1924984433333334e-05,0.0015465673424611111,2.036783438333333e-05,3.7663805688888884e-05,1.2751928294444445e-05,9.522454104444443e-05,4.758119831111111e-05,0.00038267892331111106,0.004164754173177777,3.0763827459251844e-05,9.191115086066666e-06,3.1693800923344434e-05,3.396141112604444e-05,2.8298696984148143e-05,2.6826316071851845e-05,0.001014702482862122,1.2732287595933335e-05,2.4733714751429628e-05,8.301000600800001e-06,6.19666159187333e-05,3.241214365013333e-05,0.00024920031008972586,0.0027141012364211813
2026-07-03 15:10:21.430999994,558.3569684333332,166.1649731,559.5519414333332,598.7911278000001,507.0967806666667,485.9993633333333,18277.998274733334,230.1853699,445.14178403333324,150.07270920000002,1120.2863820999994,581.5034432,4474.2612868,49055.84339636667,0.0005968205814916133,0.0006151028161476982,0.00058016748900818,0.0007026542857674928,0.0006915197577108309,0.0003213120236551238,0.0005812371020884023,0.0011911024726503371,9485.269432646237,10216.675927621538,9309.650977505113,11933.393181961637,9771.166442463367,23108.78343151196,10151.585153727052,45495.998121788245,9262.224730640943,9947.876220859984,8995.900309202454,11421.018030442921,9435.805340711138,6631.764024994231,9894.21327081029,44116.81910874591,0.0,0.0,120.12336687116564,0.0,0.0,0.0,0.0,0.0,5.6474468922222214e-05,1.7075562627777773e-05,6.200454182777778e-05,5.3631121238888885e-05,4.703688228333333e-05,4.8446484433333335e-05,0.0017871384257944446,2.3536084383333328e-05,4.352247235555555e-05,1.4735511627777778e-05,0.00011003687437777777,5.498253164444445e-05,0.0004422052566444444,0.00481258850651111,3.511444934814074e-05,1.0449930530511109e-05,3.518959987236296e-05,3.7657308703866664e-05,3.189075309525926e-05,3.056395996074073e-05,0.0011494830026110073,1.4476102151488887e-05,2.799447219587407e-05,9.437905934133334e-06,7.045356580762219e-05,3.657010542791111e-05,0.0002813813209254222,0.003085067484704837
2026-07-03 15:10:36.430999994,613.3424125500001,180.51924584999998,632.1374414333334,663.2382528,564.4797554999999,534.0209965,20435.240308758333,251.42730607499996,505.2214336249999,168.65996085000003,1255.2006765,644.5621163999998,4969.995632258334,55225.09888495,0.0005092906249999999,0.0006525588913491703,0.0006148144087423313,0.000745319977202113,0.000734244934470745,0.0003355577720327391,0.000616235581407137,0.0012591220976707765,8273.92,10752.450943972095,9783.434208588958,12563.588718437277,10284.530516651295,24133.338660828467,10678.194310993144,47888.0897476178,8079.360000000001,10472.016292469874,9453.7162601227,12035.556534956433,9936.840282815861,6925.791122160043,10407.515637543316,46451.65048629708,0.0,0.0,127.45261022494888,0.0,0.0,0.0,0.0,0.0,6.40766355888889e-05,1.9374145961111112e-05,7.03511251611111e-05,6.085053790555555e-05,5.336863228333334e-05,5.496798443333334e-05,0.0020277095091277776,2.670433438333333e-05,4.938113902222222e-05,1.6719094961111115e-05,0.0001248492077111111,6.238386497777779e-05,0.0005017315899777777,0.005460422839844445,3.8572422833699995e-05,1.1352654794566662e-05,3.97544213168074e-05,4.17103167872e-05,3.549950462366666e-05,3.3583987113222217e-05,0.0012851495571952463,1.581198391538333e-05,3.1772814603527767e-05,1.06068375379e-05,7.893817587766666e-05,4.053579532026665e-05,0.00031255750309535735,0.0034730451076535216
2026-07-03 15:10:51.430999994,680.95716255,199.92699585,700.0396268750001,723.5096097599998,621.6241304999999,592.2101215,22589.517740015,278.458431075,557.9295586249999,186.79271085000005,1390.1481765000003,710.3659913999998,5493.291341895,60974.982370595,0.0006513484895123436,0.0006689715679879673,0.0006494613284764827,0.0006202447916666665,0.0007769701112306587,0.00034980352041035433,0.0006512340607258717,0.0012264709317103685,6644.291314478662,7643.118521463633,10257.217439672804,10716.16,10797.894590839227,25157.893890144966,11204.803468259235,51503.54636161568,6489.488696483451,7477.578183703459,9911.532211042946,10234.026666666665,10437.875224920586,7219.818219325855,10920.81800427634,49438.99807044247,0.0,0.0,134.78185357873213,0.0,0.0,0.0,0.0,0.0,7.167880225555553e-05,2.1672729294444437e-05,7.869770849444444e-05,6.806995457222221e-05,5.970038228333332e-05,6.148948443333334e-05,0.0022682805924611107,2.987258438333332e-05,5.523980568888887e-05,1.8702678294444444e-05,0.00013966154104444443,6.97851983111111e-05,0.000561257923311111,0.0061082571731777766,4.28246393337e-05,1.2573186627899998e-05,4.4024714312361116e-05,4.5500715458239983e-05,3.9093250873666655e-05,3.7243436529888885e-05,0.0014206296712053874,1.7511941332049997e-05,3.5087570020194435e-05,1.1747186037900001e-05,8.7424874211e-05,4.4674127903599976e-05,0.00034546698883473,0.0038346488913063074
2026-07-03 15:11:06.430999994,756.0897656400001,215.55951317999998,772.142751875,787.5869097599998,672.7810354400002,661.7204879999999,24788.53476273,304.61567531999987,610.5794676600001,206.67661278,1536.4027271999996,779.65800192,6054.31425555,66935.052024985,0.0006862760542923399,0.0007052625741918785,0.000684108248210634,0.0007700129209256979,0.0008196952879905727,0.0003640492687879696,0.0006751766799602102,0.001235752220669123,6956.128530815282,8006.657226519032,10731.000670756648,18651.7378707621,11311.258665027155,26182.449119461464,7859.226330889225,53976.304057449415,6794.060545425349,7833.24309747134,10369.348161963193,17406.878216555586,10938.91016702531,7513.845316491667,7664.19801116811,51429.60791529142,0.0,0.0,142.11109693251535,0.0,0.0,0.0,0.0,0.0,7.834846635000001e-05,2.2488694372222216e-05,8.354936256944445e-05,7.385281322222221e-05,6.541727154722222e-05,6.742654083611111e-05,0.0025075068037250002,3.1322266036111105e-05,6.182587650555557e-05,2.1011290483333336e-05,0.00015637016572222224,7.687540776666668e-05,0.0006140368661777778,0.006805638853108333,4.754964526136e-05,1.3556298273319997e-05,4.855919972902778e-05,4.953046565823998e-05,4.231045178433778e-05,4.161486624533333e-05,0.0015589234084116865,1.915694135901332e-05,3.8398664299506666e-05,1.2997662537053333e-05,9.662266039946662e-05,4.9031825454079986e-05,0.00038074909651569994,0.004209471049571279
2026-07-03 15:11:21.430999994,824.3835656400001,234.63321318,844.3064702600001,849.0950207999999,729.42133544,720.922488,26950.013336019998,331.5694753199999,663.28256766,224.96431278,1672.3507271999997,845.75760192,6585.97116094,72927.95059545999,0.0007212036190723362,0.00074155358039579,0.0006860270391343072,0.0008095041462951562,0.0008624204647504865,0.00037829501716558493,0.0007096012244279299,0.0013376184598487232,7267.965747151903,8370.195931574433,7613.424784156996,19525.780177339904,11824.622739215083,27207.00434877797,8211.282443317386,67164.65119361319,7098.632394367249,8188.908011239223,7362.793962876059,18238.26622003284,11439.945109130036,7807.872413657481,8007.517778673291,63105.67407961071,0.0,0.0,99.11476678104951,0.0,0.0,0.0,0.0,0.0,8.586121635e-05,2.4645111038888888e-05,9.15608209027778e-05,8.093447988888889e-05,7.169006321388889e-05,7.389199916944445e-05,0.0027479489287249997,3.4325724369444446e-05,6.775429317222223e-05,2.3026040483333336e-05,0.00017136433238888892,8.424690776666668e-05,0.0006729161995111112,0.007458224228108334,5.1844566461360004e-05,1.4755822073319999e-05,5.309749579635111e-05,5.3398642419199996e-05,4.5872497317671105e-05,4.533801424533333e-05,0.0016948563942430354,2.085203589234666e-05,4.171310369950666e-05,1.4147755670386664e-05,0.00010517227906613331,5.3188755854079995e-05,0.0004141844085657822,0.004586357781892261
2026-07-03 15:11:36.430999994,892.7453355333333,249.18510225,916.4147702600001,912.9790208000001,778.9206419333332,784.5125400000001,29074.38806578,356.32122854999994,713.4200900499999,243.07975965000003,1812.75802155,924.1956287999999,7127.67357876,79055.60755665333,0.0007561311838523325,0.0007778445865997014,0.000719068820522906,0.0008489953716646142,0.000858538557544243,0.00038454256054522496,0.0007440257688956497,0.001423152722384064,7579.802963488524,8733.734636629833,7935.121809750724,20399.82248391771,17270.595086465997,22441.736103921437,8563.33855574555,74585.54826590959,7403.204243309147,8544.572925007105,7673.900854329896,19069.65422351009,16106.456174348294,6444.159055062649,8350.837546178474,69753.83372168503,0.0,0.0,103.97581196001573,0.0,0.0,0.0,0.0,0.0,9.337396635e-05,2.6801527705555553e-05,9.957227923611111e-05,8.801614655555554e-05,7.796285488055556e-05,8.035745750277777e-05,0.0029883910537249997,3.7329182702777774e-05,7.368270983888888e-05,2.504079048333334e-05,0.00018635849905555555,9.161840776666665e-05,0.0007317955328444444,0.008110809603108332,5.614376221242963e-05,1.5670974208166666e-05,5.763230666301778e-05,5.7416236196977776e-05,4.898545370380739e-05,4.933712196e-05,0.0018284559605812756,2.2408646151033327e-05,4.486619677425555e-05,1.5287015995766666e-05,0.00011400233779969999,5.812163621119998e-05,0.0004482514717309066,0.004971719319673976
2026-07-03 15:11:51.430999994,961.0443355333333,267.91885225000004,978.6657096833335,971.1211751999997,835.0463919333333,844.0475400000003,31211.584362304762,383.10947855,765.93434005,261.35450965000007,1949.0412715500001,991.1896287999999,7645.989566307143,84872.31687187143,0.000791058748632329,0.0008141355928036128,0.0007521106019115046,0.0008884865970340723,0.0008990209172552673,0.0003984893604097701,0.0007784503133633694,0.0014681762031469893,7891.6401798251445,9097.273341685232,8256.818835344453,21273.86479049551,18007.897269903086,23255.66526071114,8915.394668173712,81442.65379445373,7707.776092251045,8900.237838774987,7985.007745783734,19901.042226987345,16807.941349993605,6677.879339519132,8694.157313683658,75906.99909874803,0.0,0.0,108.83685713898194,0.0,0.0,0.0,0.0,0.0,0.00010088671635,2.895794437222221e-05,0.00010758373756944445,9.509781322222219e-05,8.423564654722221e-05,8.682291583611112e-05,0.003228833178724999,4.03326410361111e-05,7.961112650555555e-05,2.7055540483333332e-05,0.00020135266572222224,9.898990776666666e-05,0.0007906748661777777,0.008763394978108331,6.043901043465184e-05,1.6849118930388887e-05,6.154719907564075e-05,6.107273168479998e-05,5.251513975936296e-05,5.308121196000001e-05,0.001962861861007166,2.409332942881111e-05,4.816875960758888e-05,1.643629471798889e-05,0.00012257303996636668,6.233481443342221e-05,0.0004808477882810936,0.005337525705497692
2026-07-03 15:12:06.430999994,1035.1995473428574,284.0519107285714,1050.0549596833334,1034.6296751999996,877.0037433142857,908.1389922857144,33400.891294790476,408.6293517857142,818.2498779,280.7271351,2091.9232503,1059.2746258285713,8210.750001835713,90790.83634123809,0.0008259863134123254,0.0008504265990075241,0.0007851523833001035,0.0009279778224035303,0.0009395032769662914,0.00041243616027431527,0.0008128748578310893,0.0015302588090861523,8203.477396161765,9460.812046740632,8578.51586093818,22147.907097073312,18745.19945334017,24069.594417500848,9267.450780601874,84667.35448871249,8012.347941192944,9255.902752542868,8296.114637237572,20732.430230464597,17509.426525638915,6911.599623975618,9037.47708118884,78924.39468136393,0.0,0.0,113.69790231794816,0.0,0.0,0.0,0.0,0.0,0.0001094964508814815,3.0033809231481485e-05,0.00011445071679074075,0.00010129852555925926,8.79759951148148e-05,9.544607100000002e-05,0.003463778156724074,4.294672396851852e-05,8.481369772592592e-05,2.9297943831481487e-05,0.00021848829689444447,0.0001080331368425926,0.0008518595904592592,0.009453114501933334,6.510254931067303e-05,1.786370905248571e-05,6.603678968675185e-05,6.506671068479998e-05,5.5153790968431735e-05,5.71118521815238e-05,0.002100544941427934,2.5698245901190473e-05,5.1458825654599995e-05,1.7654617607399996e-05,0.00013155872885219996,6.661660424655238e-05,0.0005163649445598904,0.005709734818793417
2026-07-03 15:12:21.430999994,1103.8871187714285,302.61569644285714,1115.4024673571428,1113.2431190999998,932.2371718857142,967.9742065714286,35567.67943094286,435.33470892857144,870.7513779,299.07363510000005,2228.6377503000003,1126.3376972571427,8755.779363514286,97010.14041135713,0.0008609138781923216,0.0008867176052114356,0.0008064385479412676,0.0009674690477729886,0.0009799856366773157,0.00042638296013886034,0.0008472994022988089,0.001538347916250998,8515.314612498385,9824.350751796032,16475.363842377603,23021.949403651117,19482.50163677725,24883.52357429055,9619.506893030037,80233.56400084496,8316.919790134843,9611.567666310752,15363.415371279463,21563.818233941853,18210.91170128423,7145.319908432102,9380.79684869402,75052.36324298196,0.0,0.0,96.64801026049267,0.0,0.0,0.0,0.0,0.0,0.00011708522865925926,3.2115337009259265e-05,0.00012238285567962965,0.00010831913667037035,9.40732728925926e-05,0.00010206107100000001,0.0037038392956129634,4.5923196190740744e-05,9.069180883703704e-05,3.132847160925926e-05,0.0002336308802277778,0.00011552049795370372,0.0009108987015703705,0.010108273501933334,6.942223435829206e-05,1.9031164909628573e-05,7.014642183601585e-05,7.001062282339998e-05,5.86273599208127e-05,6.087482232438094e-05,0.0022368118397681834,2.7377716139285713e-05,5.4760586654599984e-05,1.8808408607400004e-05,0.00014015655185219998,7.083412629417142e-05,0.0005506412355276761,0.006100859941425348
2026-07-03 15:12:36.430999994,1166.455603425,318.698276025,1186.407110214286,1177.6251816,991.9548193999999,1025.27745125,37750.956527199996,457.91831647500004,925.3861905624998,317.79968456250003,2365.4593027125,1197.1654067999998,9306.692710760715,102722.01261770893,0.0008727450696007594,0.0009073908195709652,0.0008389983363186061,0.0010069602731424467,0.0010204679963883398,0.0003991411428022227,0.0007495470833333332,0.0016196639502439381,15090.249336095641,7379.496308939621,17076.55795143956,23895.99171022892,20219.803820214333,21718.90329964509,8619.804444444444,81352.25431453352,14290.994169719052,7219.918593398205,15929.79456724603,22395.206237419105,18912.396876929542,6234.472241891308,8405.902222222223,76109.24473251463,0.0,0.0,100.61068329574101,0.0,0.0,0.0,0.0,0.0,0.00012467400643703704,3.419686478703704e-05,0.00013031499456851852,0.00011533974778148147,0.00010017055067037037,0.000108676071,0.003943900434501851,4.889966841296296e-05,9.656991994814814e-05,3.3358999387037036e-05,0.00024877346356111114,0.00012300785906481482,0.0009699378126814814,0.010763432501933332,7.335709683761666e-05,2.0042580470016664e-05,7.461182493125397e-05,7.405953919839998e-05,6.238293642004443e-05,6.447855971194444e-05,0.002374115710488355,2.8797974124983333e-05,5.81965093175972e-05,1.9986069051374998e-05,0.00014876110725947498,7.528840224986664e-05,0.0005852875638100626,0.006460073237958139
2026-07-03 15:12:51.430999994,1234.7847284250001,337.118651025,1248.9100740375,1240.6524391999997,1047.4390693999999,1084.96526375,39905.026258524995,484.38544147500005,978.0090030624999,336.1681220625,2502.1799902125,1264.4400317999998,9834.1519191625,108595.55922289999,0.0009067608682491109,0.0009430586578956607,0.0008715581246959445,0.000863644861111111,0.001060950356099364,0.0004117979703429151,0.0009169322637792187,0.0016739354878313748,15621.585697831333,7641.668273949221,17677.752060501523,20724.053333333333,20957.10600365142,22407.61309164164,16921.363031881327,81313.78092415734,14794.248389887345,7476.421227940825,16496.173763212595,19378.062222222223,19613.882052574852,6432.168323580267,15919.112424898463,76066.8779946109,0.0,0.0,104.57335633098934,0.0,0.0,0.0,0.0,0.0,0.00013226278421481477,3.6278392564814816e-05,0.0001382471334574074,0.00012236035889259258,0.00010626782844814814,0.000115291071,0.00418396157339074,5.187614063518518e-05,0.00010244803105925924,3.5389527164814815e-05,0.00026391604689444444,0.00013049522017592592,0.0010289769237925926,0.011418591501933332,7.765423958761667e-05,2.120101738668333e-05,7.854256687835832e-05,7.802325339857776e-05,6.587227925337776e-05,6.823225992027777e-05,0.002509582762480572,3.046246220831667e-05,6.150589952593054e-05,2.1141239676374996e-05,0.00015735931938447499,7.951922866653331e-05,0.0006184588873606638,0.00682945405779571
2026-07-03 15:13:06.430999994,1302.4408013444443,354.04879710000006,1319.4346365375,1304.964272533333,1103.4649985333335,1138.5231215555557,42081.02898184722,507.2021892,1029.7378297444445,355.56074010000003,2640.7146071999996,1323.7545119999997,10378.081539676388,114595.27400190695,0.0009407766668974623,0.0009787264962203563,0.000904117913073283,0.0010497431490982408,0.0011014327158103882,0.00042445479788360765,0.0009513866511661351,0.0017280322216249237,16152.922059567027,7903.840238958823,18278.946169563485,18514.60615009162,21694.408187088506,23096.322883638197,17495.933967404,80745.93800112649,15297.502610055635,7732.923862483447,17062.55295917916,17277.123942221984,20315.367228220162,6629.864405269226,16466.37383785668,75521.13589295071,0.0,0.0,108.53602936623767,0.0,0.0,0.0,0.0,0.0,0.00013991324705833335,3.771824208611111e-05,0.00014440870619583334,0.00013139686866666666,0.00011318889620138891,0.0001222189755347222,0.004430990821116666,5.41950654138889e-05,0.00010829491570555556,3.7611892937500006e-05,0.00027995434345416665,0.00013737814442916666,0.0010957041441138889,0.01207837880152361,8.190905484010615e-05,2.226573546206667e-05,8.297777825335831e-05,8.206775313931849e-05,6.939568768554074e-05,7.160045408893826e-05,0.0026464291559695026,3.18973821208e-05,6.475906795948394e-05,2.2360819877399996e-05,0.00016607160751946662,8.32494504213333e-05,0.0006526660168285372,0.007206769453897703
2026-07-03 15:13:21.430999994,1370.7346346777776,372.3919637666668,1387.1264600555558,1376.3068149599999,1158.9764985333336,1197.8912882222223,44250.255328106665,533.4801891999999,1082.314996411111,373.98224010000007,2777.5292738666667,1390.6270119999997,10931.30690482,120692.78723785334,0.0009747924655458139,0.0010143943345450517,0.0009366777014506215,0.0010878986920889587,0.0011229953475855314,0.0004371116254243002,0.0009858410385530513,0.0017659968743509702,16684.25842130272,8166.012203968423,18880.140278625444,19125.587143455872,17486.398995314237,23785.03267563475,18070.504902926667,77196.18846022774,15800.756830223927,7989.426497026067,17628.932155145725,17858.313621515048,16352.5400408268,6827.560486958186,17013.635250814896,72243.46635385069,0.0,0.0,112.49870240148599,0.0,0.0,0.0,0.0,0.0,0.00014750537205833337,3.976495041944445e-05,0.00015224476869583336,0.00013852686866666666,0.00011933087536805559,0.00012885095470138887,0.004671430071116667,5.713585708055555e-05,0.00011417133237222222,3.965283043750001e-05,0.00029514553095416667,0.00014483270692916667,0.0011551604357805556,0.012733788947356946,8.620397813640244e-05,2.341931683243704e-05,8.723484182127163e-05,8.655440636303999e-05,7.28867442410963e-05,7.533405212597531e-05,0.0027828493906342632,3.354997634302222e-05,6.806558755207652e-05,2.3519327544066668e-05,0.000174675729889837,8.745498764355553e-05,0.0006874577453475689,0.007590235286291664
2026-07-03 15:13:36.430999994,1450.82654675,388.18286769,1457.5072933888891,1440.94886496,1207.93221588,1246.8313830000002,46375.02596518778,557.04013056,1127.1685949099997,392.61781916999996,2915.61634416,1460.5181472000002,11477.829057977779,126412.5970259889,0.0010088082641941652,0.0010500621728697474,0.00096923748982796,0.001126054235079677,0.0011627966662846308,0.0004497684529649927,0.0010202954259399676,0.0018154752668002984,17215.594783038414,8428.184168978025,19481.334387687406,19736.568136820115,18047.2238993353,24473.742467631302,18645.07583844934,77738.76778404161,16304.011050392215,8245.92913156869,18195.31135111229,18439.50330080811,16886.12702985848,7025.256568647146,17560.896663773117,72726.68163791043,0.0,0.0,116.46137543673431,0.0,0.0,0.0,0.0,0.0,0.00015509749705833336,4.1811658752777774e-05,0.00016008083119583335,0.00014565686866666665,0.0001254728545347222,0.00013548293386805556,0.004911869321116667,6.007664874722223e-05,0.00012004774903888888,4.16937679375e-05,0.00031033671845416663,0.0001522872694291667,0.0012146167274472222,0.013389199093190278,9.124086949561109e-05,2.4412389234726664e-05,9.166101422867901e-05,9.061967306303999e-05,7.596551490978667e-05,7.841184030866666e-05,0.002916473855144031,3.503163487744e-05,7.088638052433997e-05,2.469129840557999e-05,0.00018335987231050664,9.185036347946667e-05,0.0007218279163128246,0.007949947768523301
2026-07-03 15:13:51.430999994,1519.68029675,406.40621769,1526.11813046,1503.5337726545454,1263.1440658800002,1305.707133,48534.25418453909,583.1905305600001,1179.3879449099998,411.04936917,3052.49074416,1527.5291472,12022.698389043637,132234.2456662382,0.0010428240628425167,0.0010857300111944428,0.0010017972782052984,0.0011642097780703948,0.0012025979849837301,0.0004624252805056853,0.001054749813326884,0.0018639294530143696,17746.931144774106,8690.356133987625,20082.528496749368,20347.54913018437,18608.048803356363,25162.452259627862,19219.646773972006,76152.79225203545,16807.26527056051,8502.431766111311,18761.690547078855,19020.69298010118,17419.714018890158,7222.952650336107,18108.158076731335,71301.29490821918,0.0,0.0,120.42404847198264,0.0,0.0,0.0,0.0,0.0,0.00016268962205833335,4.385836708611111e-05,0.00016791689369583332,0.00015278686866666667,0.0001316148337013889,0.0001421149130347222,0.0051523085711166665,6.30174404138889e-05,0.00012592416570555556,4.373470543750001e-05,0.00032552790595416665,0.0001597418319291667,0.001274073019113889,0.014044609239023613,9.557100532894445e-05,2.555843546806e-05,9.597587353781777e-05,9.455556836916362e-05,7.943772680978668e-05,8.211447080866666e-05,0.0030522653187165694,3.667620447743999e-05,7.417039742433998e-05,2.5850438105579997e-05,0.00019196775124383998,9.606461081279998e-05,0.0007560941431331887,0.00831606478301009
2026-07-03 15:14:06.430999994,1605.216049181818,423.14283245454544,1596.41743046,1568.0874999272726,1309.812211236364,1362.3562787272726,50713.57589249637,607.4325459,1223.7440742090905,431.6711448545455,3189.1026856636367,1586.5546943999998,12583.50060039091,137913.88599662183,0.0009506534374999999,0.0011213978495191385,0.0008957695833333334,0.001202365321061113,0.0012423993036828293,0.0004295880555555698,0.0010892042007138,0.0019061265730964962,16307.200000000003,8952.528098997225,18124.799999999996,20958.53012354862,19168.873707377425,23375.644444444446,19794.21770949467,76515.99341003063,15443.62666666667,8758.93440065393,16917.333333333332,19601.88265939424,17953.301007921837,6710.044444444445,18655.419489689553,71634.71217820927,0.0,0.0,107.52,0.0,0.0,0.0,0.0,0.0,0.00017158915530555554,4.541407306555555e-05,0.00017519158369111112,0.00016065066205888886,0.0001360710131988889,0.00014672316628333332,0.005387050549037778,6.516892757333334e-05,0.0001297509699577778,4.593292442999999e-05,0.0003411021575288889,0.00016654717605222224,0.001337907212621111,0.014684454311188888,0.00010095025375965656,2.6610982574363633e-05,0.00010039691840448444,9.86152805509818e-05,8.237263461775355e-05,8.567707263995959e-05,0.003189320439461438,3.8200757886599995e-05,7.69599051113717e-05,2.714731866529697e-05,0.00020055912445395759,9.977666189226664e-05,0.0007913623710912505,0.008673251052676438
2026-07-03 15:14:21.430999994,1674.7928673636363,441.30237790909086,1669.1473203636363,1643.1597798,1364.6662566909092,1421.1359605454547,52892.364076000005,633.5010459,1275.6300287545455,450.1966903090909,3325.9658220272727,1653.2301034909092,13145.403279227274,143897.80973975456,0.0010863651284925575,0.001131379908146423,0.0010495238943817352,0.001240520864051831,0.001268396850810638,0.0004295880555555698,0.0011236585881007166,0.0019277895759042718,14504.285596344116,7213.742870869808,16131.98765340047,21569.511116912865,16834.814684077635,23375.644444444446,20368.788645017343,77242.35576448744,13705.849838235947,7057.749486003952,15201.5881771568,20183.072338687303,16017.188277084608,6710.044444444445,19202.680902647775,72318.633829188,0.0,0.0,96.7740353802291,0.0,0.0,0.0,0.0,0.0,0.0001792395719722222,4.7438889732222226e-05,0.00018300261702444446,0.00016781337872555553,0.00014213782986555556,0.00015326491628333335,0.005627235782371111,6.807452757333333e-05,0.0001355360032911111,4.798087442999999e-05,0.00035631042419555556,0.0001739727927188889,0.0013975586959544444,0.015339170477855555,0.00010532586254753535,2.7753016210727263e-05,0.00010497082036953534,0.00010333649281853332,8.582234458745051e-05,8.937366151874748e-05,0.003326342007446222,3.98401768866e-05,8.022295514167474e-05,2.831236963499394e-05,0.00020916629502971515,0.00010396980428620607,0.0008266998062269595,0.009049573368077896
2026-07-03 15:14:36.430999994,1752.0366090583332,456.29177295,1739.5491385454543,1708.1294047999997,1417.4973966999996,1473.4404900000002,55048.50406443485,660.86624265,1321.0760553833334,471.20694825,3466.6460196000003,1710.4184484,13701.605269211363,149360.01849228863,0.0011196234442868473,0.0011662466163761124,0.0010815466906202934,0.0012692615396842687,0.0013077638236644324,0.000459078452717134,0.0011419781278091152,0.0020060424114916485,14912.431476817961,7418.551944689532,16585.28141600947,18197.809057592418,17316.546852467924,43934.62208656262,16195.07939842092,76502.89993940879,14091.527996095658,7258.1296716239885,15628.738584813067,17304.684770564025,16475.523874181097,12557.030459938427,15426.03931525568,71627.74290955288,0.0,0.0,99.76184737482701,0.0,0.0,0.0,0.0,0.0,0.00018688998863888886,4.946370639888889e-05,0.0001908136503577778,0.0001749760953922222,0.00014820464653222224,0.0001598066662833333,0.005867421015704443,7.098012757333331e-05,0.00014132103662444444,5.0028824429999986e-05,0.0003715186908622222,0.00018139840938555555,0.0014572101792877776,0.01599388664452222,0.00011018363563633518,2.8695682609966668e-05,0.00010939831249074743,0.00010742236034631109,8.914483628135552e-05,9.266303526e-05,0.0034619392556077913,4.1561143704433326e-05,8.308100526077406e-05,2.963368141216666e-05,0.00021801351634373334,0.00010756631575493333,0.0008616787313748479,0.009393085607403928
2026-07-03 15:14:51.430999994,1821.9192340583334,474.3260229500001,1803.8401344083331,1769.143642707692,1472.2732717,1531.9629900000002,57201.878182489105,686.98599265,1372.7103053833334,489.83069825,3603.6600196000004,1776.7260734000001,14246.512445651922,155161.66638721476,0.001152881760081137,0.001201113324605802,0.0011135694868588514,0.0013071326622073518,0.0013471307965182272,0.0004706436801260094,0.001175947450158968,0.0020573323579606297,15320.577357291806,7623.361018509258,17038.575178618474,18698.919961213123,17798.279020858205,45041.434860167516,16637.87148934868,82170.6087935812,14477.206153955367,7458.5098572440265,16055.888992469338,17781.361604260466,16933.85947127758,12873.3705364326,15847.804966111451,76772.35838172972,0.0,0.0,102.74965936942495,0.0,0.0,0.0,0.0,0.0,0.00019454040530555555,5.1488523065555556e-05,0.00019862468369111113,0.00018213881205888887,0.0001542714631988889,0.00016634841628333333,0.006107606249037778,7.388572757333333e-05,0.00014710606995777775,5.2076774429999994e-05,0.00038672695752888886,0.0001888240260522222,0.0015168616626211112,0.01664860281118889,0.00011457847627522405,2.9829836554411113e-05,0.00011344150178612406,0.00011125947797472818,9.25896301980222e-05,9.634345026e-05,0.0035973625612543145,4.320378575998889e-05,8.632822587188518e-05,3.080490835661111e-05,0.0002266301745659556,0.00011173632861604445,0.0008959473382487763,0.009757944797240393
2026-07-03 15:15:06.430999994,1906.2940258692306,490.5337042846154,1874.0042594083332,1833.9683350153846,1527.4697312307694,1586.794599076923,59379.62914964936,709.1108127923077,1416.1427129230772,509.9859517846154,3724.738402430769,1837.5620529230766,14812.648390453847,160860.1999119667,0.0011861400758754273,0.0012359800328354915,0.0011455922830974094,0.0013450037847304351,0.0013864977693720218,0.0004822089075348848,0.0012099167725088207,0.0020998405680574123,15728.72323776565,7828.1700923289845,17491.868941227473,19200.030864833832,18280.011189248493,46148.247633772415,17080.663580276436,85611.69562503048,14862.884311815074,7658.8900428640645,16483.039400125606,18258.038437956908,17392.19506837407,13189.710612926767,16269.570616967221,79806.2340283024,0.0,0.0,105.73747136402285,0.0,0.0,0.0,0.0,0.0,0.00020521214008425924,5.2958042679629637e-05,0.00020603877213240738,0.0001902072267342592,0.0001602612694731482,0.0001718528385,0.006351061744468519,7.67013230537037e-05,0.00015105672895833334,5.4689124712962956e-05,0.00040234516321481484,0.00019437746061481476,0.00158751307842037,0.01723627185084907,0.00011988471318244274,3.084911962501025e-05,0.00011785404564723516,0.00011533623084652304,9.606087420851283e-05,9.97917492308376e-05,0.003734318899855726,4.459519111560513e-05,8.905964172382907e-05,3.207244985667692e-05,0.0002342446595306461,0.00011556223577271793,0.0009315509987774306,0.010116319238908126
2026-07-03 15:15:21.430999994,1976.7119874076925,508.5010504384615,1943.5766402461536,1917.0661493142857,1582.2606927692311,1645.1812913846156,61559.181553019785,735.0842358692306,1467.479636,528.6657979384615,3861.168710123077,1903.672822153846,15385.313837087913,166966.1736676066,0.001219398391669717,0.001270846741065181,0.0011703788309603894,0.0013828749072535185,0.0014258647422258164,0.0004937741349437603,0.0012438860948586737,0.002155228803902191,16136.869118239496,8032.979166148712,15795.521151840761,19701.14176845454,18761.743357638778,47255.06040737732,17523.455671204196,85310.4865570891,15248.562469674785,7859.270228484103,14884.527111774616,18734.71527165335,17850.530665470556,13506.05068942094,16691.33626782299,79529.43104847544,0.0,0.0,96.1491601345436,0.0,0.0,0.0,0.0,0.0,0.00021297687619537036,5.496184823518518e-05,0.00021383478602129632,0.00019740421284537035,0.00016632517225092594,0.0001783553385,0.006591370716690741,7.960351749814815e-05,0.00015677235395833336,5.675843026851851e-05,0.00041756894099259265,0.00020173223839259257,0.0016475807728648147,0.017888451114737962,0.0001243132205414171,3.197906606090768e-05,0.00012222937537548033,0.00012056216005687618,9.950661690082053e-05,0.00010346362343596582,0.003871388528778799,4.6228630833553836e-05,9.22881637751111e-05,3.324720462590769e-05,0.00024282460999218455,0.00011971986859323076,0.0009675652924213066,0.010500317143985036
2026-07-03 15:15:36.430999994,2054.1870464285716,525.1208541857143,2013.719409476923,1982.514685028571,1648.1013103428572,1698.3990267142858,63704.80655666649,758.3903460642857,1511.3020639000001,549.6963569571428,3991.098695421428,1961.9468808000004,15944.316523213187,172997.78870061375,0.0012526567074640069,0.001297589799999451,0.0012022027723509804,0.0014207460297766018,0.0014652317150796108,0.0004964707820251902,0.0012778554172085265,0.0022047822110343113,16545.014998713345,7124.160977006099,16196.382968179516,20202.25267207525,19243.475526029066,43101.053828315366,17966.247762131952,86307.96782662817,15634.240627534498,6970.185963797217,15262.26954369647,19211.39210534979,18308.866262567044,12318.78687180364,17113.10191867876,80448.23786963156,0.0,0.0,98.79137549647514,0.0,0.0,0.0,0.0,0.0,0.00022074161230648144,5.696565379074073e-05,0.00022163079991018516,0.00020460119895648142,0.00017238907502870371,0.00018485783849999998,0.006831679688912962,8.250571194259258e-05,0.00016248797895833332,5.882773582407406e-05,0.0004327927187703704,0.00020908701617037033,0.001707648467309259,0.01854063037862685,0.00012918554091984126,3.3024267052123803e-05,0.00012664057619599315,0.00012467814574735234,0.00010364726018378412,0.00010681042768003173,0.004006324501230358,4.769432620804285e-05,9.504410757415554e-05,3.4569793115304755e-05,0.0002509957624009475,0.00012338465939253337,0.0010027203502376292,0.010879638711616374
2026-07-03 15:15:51.430999994,2124.8477607142854,543.0422113285714,2078.2986220999996,2055.96013392,1703.262096057143,1756.6085624285715,65872.11115865715,784.2727389214285,1562.3849924714286,568.4564283857143,4127.307159707143,2027.7946308,16502.273100407143,178963.41614046713,0.0012859150232582969,0.0013322373170384827,0.001234026713741572,0.0014622388349108347,0.00149045141101503,0.0005078460371444322,0.0013118247395583792,0.0022577376105238508,16953.160879187188,7301.824937670905,16597.244784518272,17467.840162752458,16642.455404481625,44088.595292901286,18409.03985305971,86734.89525268058,16019.918785394208,7144.010060262097,15640.011975618323,16616.111683330564,15834.171424451966,12601.037808816942,17534.867569534526,80836.43518613784,0.0,0.0,101.43359085840667,0.0,0.0,0.0,0.0,0.0,0.00022850634841759256,5.89694593462963e-05,0.00022942681379907405,0.00021179818506759257,0.00017845297780648151,0.00019136033849999996,0.007071988661135184,8.540790638703702e-05,0.00016820360395833334,6.089704137962961e-05,0.0004480164965481482,0.0002164417939481481,0.0017677161617537037,0.01919280964251574,0.00013362931472936506,3.4151321290219045e-05,0.00013070189112317774,0.00012929704842207996,0.00010711626070759365,0.00011047116070384126,0.004142623879533327,4.932204113661427e-05,9.825665619320317e-05,3.57495931629238e-05,0.00025956176137713804,0.00012752575122586664,0.0010378096194256048,0.011254810392833822
2026-07-03 15:16:06.430999994,2205.54090008,560.44843686,2148.2541220999997,2121.66423392,1767.9676502933332,1827.6901056,68042.25611126714,808.01120946,1607.0488924200001,589.7465472599999,4255.747734420001,2090.51532288,17091.19736800619,184842.6045692743,0.0013059747286228074,0.0013668848340775146,0.001265850655132163,0.0015002050098969907,0.0015294439251011403,0.0005192212922636742,0.001345794061908232,0.002314466962056639,14347.152192193842,7479.48889833571,16998.106600857023,17891.076316604,17049.319181835715,45076.1367574872,18851.83194398747,88838.54942491703,13591.251111645288,7317.834156726978,16017.754407540177,17018.71092486796,16221.274807964104,12883.288745830243,17956.633220390297,82797.0078716193,0.0,0.0,104.07580622033821,0.0,0.0,0.0,0.0,0.0,0.00023890178134920636,6.0591577496825395e-05,0.00023651747274444445,0.00022220582516666666,0.00018704542379999997,0.00019680471552301583,0.0073121061255357125,8.750760336428571e-05,0.0001722128652873016,6.342724564603174e-05,0.0004605167819436508,0.00022244780604603175,0.0018396263086650792,0.019894522114688097,0.0001387040166050311,3.524597947364e-05,0.00013510131478984438,0.00013342910626652443,0.00011118552111844739,0.00011494139997439998,0.004279101884330799,5.081492717270666e-05,0.00010106551923441333,3.708850508324e-05,0.00026763924640908,0.00013147018586112,0.0010748464122546113,0.011624546020689915
2026-07-03 15:16:21.430999994,2276.5245000799996,578.3533368600001,2217.578615653333,2208.3051695999998,1823.4278502933334,1886.3125056000001,70223.19797928666,833.8251094600001,1657.9285924199999,608.5874472600001,4391.708034420001,2156.2647228800006,17668.01478858,190981.62098967668,0.0013388974705992778,0.001401532351116546,0.001297674596522754,0.0015381711848831462,0.0015684364391872507,0.0005305965473829163,0.0013797633842580852,0.002352971333582821,14684.200192578446,7657.152859000517,17398.96841719578,18314.312470455552,17456.182959189802,46063.67822207311,19294.624034915225,86780.78726793706,13910.541236161951,7491.658253191861,16395.49683946203,17421.310166405354,16608.37819147624,13165.539682843542,18378.398871246067,80874.71702512229,0.0,0.0,106.71802158226974,0.0,0.0,0.0,0.0,0.0,0.00024675297182539683,6.258283940158729e-05,0.00024429030607777774,0.0002295083251666666,0.0001931924238,0.000203272441713492,0.007552408804107142,9.038342479285712e-05,0.0001778724129063492,6.55116980269841e-05,0.00047565105575317454,0.00022975825842698412,0.00190008318961746,0.020548329221830947,0.00014316809633836442,3.6371998740306665e-05,0.0001394610551621985,0.00013887785844373329,0.00011467335147400296,0.0001186280975744,0.004416258895141805,5.243833466159556e-05,0.00010426528703441332,3.827338834990667e-05,0.00027618963860908004,0.00013560509257223112,0.0011111218189262533,0.012010621942239666
2026-07-03 15:16:36.430999994,2344.7691901562503,596.9806691062499,2287.514215653333,2274.6381696000003,1889.6058212500002,1944.3234058750002,72396.91134523292,857.6713129875,1713.5003640812502,631.3539579187501,4533.418445531251,2217.9113856,18231.16060142917,196868.79798532667,0.0013718202125757484,0.0014361798681555775,0.0013294985379133453,0.0015761373598693017,0.001607428953273361,0.0005419718025021583,0.001389486486596793,0.0023982463620639736,15021.248192963054,7834.816819665322,17799.830233534536,18737.548624307095,17863.046736543893,47051.219686659024,16097.302669008526,83243.90641135912,14229.831360678616,7665.4823496567415,16773.239271383885,17823.90940794275,16995.48157498838,13447.790619856843,15333.79424201998,77611.23939196969,0.0,0.0,109.36023694420126,0.0,0.0,0.0,0.0,0.0,0.0002546041623015873,6.457410130634921e-05,0.00025206313941111114,0.0002368108251666666,0.0001993394238,0.00020974016790396822,0.007792711482678571,9.325924622142855e-05,0.00018353196052539684,6.75961504079365e-05,0.0004907853295626983,0.0002370687108079365,0.0019605400705698414,0.021202136328973806,0.0001474599290698264,3.754345096823749e-05,0.00014385922733997625,0.0001430494671104,0.0001188352105363889,0.00012227633863613893,0.004552961313489092,5.393799590565832e-05,0.00010776013400777639,3.97051489091125e-05,0.00028510164890785416,0.0001394819826944,0.0011465374333787673,0.012380859962188321
2026-07-03 15:16:51.430999994,2415.6699714062506,614.9072628562498,2360.5697819437496,2352.2560497882355,1945.3823837500004,2002.9273746249999,74569.01444102537,883.4261254874998,1764.5197703312501,650.3127391687499,4669.551414281249,2283.5393856,18802.714796918382,202783.11634838898,0.0014047429545522184,0.001470827385194609,0.0013613224793039365,0.0016141035348554572,0.001646421467359471,0.0005455222128501369,0.0014228682107759287,0.002454251366548996,15358.296193347662,8012.480780330128,18200.69204987329,19160.784778158642,18269.910513897976,42467.80358629665,16457.766304464425,85125.45613103252,14549.121485195281,7839.306446121623,17150.98170330574,18226.50864948014,17382.584958500513,12141.417583974478,15677.16078804714,79365.45848513374,0.0,0.0,112.0024523061328,0.0,0.0,0.0,0.0,0.0,0.00026245535277777773,6.656536321111111e-05,0.0002598359727444444,0.0002441133251666666,0.00020548642379999995,0.0002162078940944444,0.00803301416125,9.613506764999998e-05,0.00018919150814444445,6.968060278888886e-05,0.000505919603372222,0.00024437916318888886,0.002020996951522222,0.021855943436116663,0.00015191880042399308,3.8670834530737484e-05,0.00014845361073112916,0.00014793076935334904,0.00012234293657805556,0.00012596187711530553,0.004689562463735595,5.5557687447324973e-05,0.00011096868777860974,4.089744559661249e-05,0.0002936629000536873,0.00014360925469439998,0.001182481841672867,0.01275280487257646
2026-07-03 15:17:06.430999994,2492.4528393000005,634.0577898882352,2430.5979381937505,2418.9088144941175,2005.0800832705886,2070.634060352941,76757.45076013089,907.2999703764706,1813.6334678058827,673.8528504529412,4814.809859823529,2343.3938304000003,19387.749656341177,208945.84827334192,0.001437665696528689,0.0015054749022336406,0.0013836056911689417,0.0016582849203029694,0.0016854139814455815,0.0005567332260314207,0.0014562499349550643,0.0024738573316089533,15695.34419373227,8190.144740994934,15650.847780943179,17251.714143690213,18676.774291252066,43340.558342328804,16818.229939920326,88242.38702581232,14868.411609711946,8013.130542586504,14748.410099999173,16410.523926804744,17769.688342012654,12390.935549269141,16020.527334074304,82115.25449650112,0.0,0.0,96.30906829836252,0.0,0.0,0.0,0.0,0.0,0.0002712248989756945,6.857665731041666e-05,0.00026788674637291665,0.00025526287748402774,0.00021342909742291672,0.00022418449026319443,0.008281221769214584,9.852284129027776e-05,0.00019517433747083337,7.252520266458334e-05,0.0005207650754409722,0.0002505192435694444,0.0020945716922069445,0.022565169583847917,0.00015674758967153333,3.987518989741567e-05,0.0001528576036686292,0.00015212248766707448,0.0001260972585701281,0.00013021987535108493,0.004827190792248231,5.705908702589802e-05,0.00011405739364201437,4.2377857039596075e-05,0.0003027980422955686,0.0001473734342229333,0.0012192740339432339,0.013140372235856835
2026-07-03 15:17:21.430999994,2563.5213393000004,652.0190545941175,2502.4584713058825,2505.953102,2060.965936211765,2129.4967956470587,78939.91543702352,933.0014997882353,1864.599320747059,692.9414092764706,4951.2013304117645,2408.860536282353,19968.26511637647,214931.9494921941,0.0014666239860318898,0.0015378720038193275,0.0014152097473906081,0.0016963952932399055,0.0017244064955316916,0.0005679442392127046,0.0014896316591342,0.0025541855091885586,14092.034127584844,7018.0303358353,15987.67736946846,17625.285892673182,19083.638068606153,44213.313098360966,17178.69357537623,89316.36336810963,13350.92741220548,6866.349131950615,15065.817883584776,16765.88039016845,18156.79172552479,12640.453514563806,16363.893880101468,83105.45170999378,0.0,0.0,98.5287031486115,0.0,0.0,0.0,0.0,0.0,0.00027910276355902784,7.056850106041665e-05,0.00027566765262291665,0.0002626771170673611,0.0002196282536729167,0.0002306960423465278,0.008521754050464582,0.00010138448712361109,0.00020084327497083335,7.463173391458335e-05,0.0005358909608576388,0.0002577957019027777,0.002155409588040278,0.023220586365097915,0.0001612170086715333,4.100475387780783e-05,0.0001573768327510144,0.0001575966061924444,0.00012961185776620655,0.00013392168737069276,0.004964443570817257,5.867542765334901e-05,0.00011726257950475949,4.357831529449803e-05,0.0003113755503347843,0.0001514905626150902,0.0012557820062076756,0.013516831490286872
2026-07-03 15:17:36.430999994,2634.886408366666,666.8744291999999,2572.5379418941184,2573.1526853333335,2114.805627244444,2182.352840222222,81096.22018235132,958.8791137499998,1917.5815127,715.04607885,5089.359497699999,2467.9352216000007,20511.766215957843,220855.50253978596,0.001499457300502993,0.0015724684469430063,0.001446813803612274,0.0017345056661768419,0.0016006745833333335,0.0005791552523939883,0.001523013383313336,0.0025970416008425155,14388.78861679565,7166.8100913574945,16324.50695799374,17998.857641656152,17792.568888888887,45086.06785439312,17539.15721083213,93400.36152579918,13632.07544298864,7011.913299715082,15383.22566717038,17121.23685353215,16928.426666666663,12889.97147985847,16707.260426128632,86741.38501417244,0.0,0.0,100.74833799886045,0.0,0.0,0.0,0.0,0.0,0.00028698062814236114,7.256034481041665e-05,0.00028344855887291664,0.00027009135665069446,0.0002258274099229167,0.00023720759442986112,0.008762286331714584,0.00010424613295694445,0.00020651221247083336,7.673826516458335e-05,0.0005510168462743055,0.0002650721602361111,0.002216247483873611,0.023876003146347916,0.00016570507857061476,4.1938991880799985e-05,0.0001617840527902301,0.00016182271332207407,0.00013299777611337283,0.0001372457452850864,0.0051000511803567595,6.030284204249998e-05,0.00012059457068757778,4.496845340323333e-05,0.00032006416396646655,0.0001552057039361778,0.0012899621864702377,0.013889357159724317
2026-07-03 15:17:51.430999994,2705.9629083666664,684.7524292,2640.9247649722224,2649.1812425684216,2170.637460577778,2241.0540068888886,83265.48502739445,984.5853637499999,1968.6010127,734.2154955166667,5225.798331033334,2533.2328049333337,21077.189774214035,226748.63313366842,0.001532290614974096,0.001607064890066685,0.0014784178598339403,0.0017726160391137785,0.0017580139303586303,0.0005903662655752721,0.0015563951074924714,0.002652032415236494,14685.543106006453,7315.589846879692,16661.336546519018,18372.42939063912,16573.237791330048,45958.82261042527,17899.620846288028,93581.9829339076,13913.2234737718,7157.477467479551,15700.633450755979,17476.59331689585,15768.315544078789,13139.48944515313,17050.62697215579,86910.19216858032,0.0,0.0,102.96797284910942,0.0,0.0,0.0,0.0,0.0,0.0002948584927256945,7.455218856041666e-05,0.00029122946512291664,0.00027750559623402775,0.00023202656617291666,0.00024371914651319447,0.009002818612964583,0.00010710777879027777,0.00021218114997083334,7.884479641458335e-05,0.0005661427316909722,0.0002723486185694444,0.002277085379706944,0.024531419927597914,0.0001701750006817259,4.306331943635555e-05,0.00016608482410825312,0.00016660406481041403,0.0001365089780763358,0.00014093739643323452,0.00523647383616725,6.191947954249999e-05,0.00012380313035424443,4.617399671804814e-05,0.00032864465059609626,0.00015931219639914073,0.0013255210458005713,0.0142599695948507
2026-07-03 15:18:06.430999994,2783.185914552632,700.9497772263156,2710.959348305556,2716.6055320421056,2223.8586754105268,2294.4597039999994,85391.34639930702,1009.911527842105,2017.6766677631576,756.805340605263,5362.320248905263,2594.9339843368425,21632.501075216667,232716.30928555585,0.0015651239294451993,0.0016416613331903635,0.0015100219160556064,0.0018107264120507149,0.001796037090759003,0.0005764407057425412,0.0015897768316716074,0.002707467240668655,14982.297595217256,7464.369602401888,16998.1661350443,18746.00113962209,16911.45740485519,42044.23717127972,18260.084481743932,95483.7988897349,14194.371504554958,7303.041635244019,16018.041234341581,17831.949780259558,16090.108645487782,17993.356402372054,17393.993518182957,88676.41679363308,0.0,0.0,105.18760769935838,0.0,0.0,0.0,0.0,0.0,0.00030348665164074077,7.633654383703704e-05,0.00029903781411419754,0.0002883613868580247,0.00023773153069135808,0.0002506457200209877,0.009243496291817902,0.00010976206958333331,0.00021784466119135804,8.185071124876545e-05,0.0005825746158308643,0.000278445350371605,0.00234691141823642,0.025248289813160497,0.00017503146973742102,4.408195265667718e-05,0.0001704892212378827,0.00017084430345953684,0.00013985600114248422,0.00014429602138488884,0.0053701668957786405,6.351221386207015e-05,0.0001268894437726608,4.7594646975842094e-05,0.000337230362320042,0.00016319251501496141,0.0013604439565080703,0.014635270117291623
2026-07-03 15:18:21.430999994,2854.4197303421056,718.785014068421,2777.0792992,2789.6086972800003,2279.625043831579,2353.025703999999,87557.48811982526,1035.6081067894736,2068.6470625,776.0617879736842,5498.761196273685,2660.1411948631576,22192.704229137893,238709.73972348106,0.0015979572439163022,0.0016762577763140426,0.0015416259722772728,0.001848836784987651,0.0018340602511593756,0.0005871818542513997,0.001484894236111111,0.0027298547498431245,15279.052084428062,7613.149357924083,17334.995723569584,19119.57288860506,17249.67701838033,42827.67142722223,17127.53777777778,94468.4467284679,14475.51953533812,7448.605803008487,16335.449017927185,18187.306243623258,16411.901746896772,18328.636876782235,16315.164444444446,87743.2496122194,0.0,0.0,107.40724254960736,0.0,0.0,0.0,0.0,0.0,0.00031138404052962956,7.832298828148149e-05,0.00030681943448456796,0.00029586518315432106,0.00024391782698765432,0.0002571680718728395,0.009484032356632716,0.0001126183195833333,0.00022351345748765429,8.39806464339506e-05,0.0005977344862012346,0.0002856911096308642,0.002407983205273457,0.02590530573908642,0.00017951128526373685,4.5203590884747355e-05,0.00017464743148302221,0.00017543539140671999,0.00014336308608985264,0.0001479791720515555,0.0055063931417579,6.512824316031577e-05,0.00013009491526388888,4.880566355478947e-05,0.0003458109818989894,0.00016729332403250523,0.0013956745104102275,0.015012190298165586
2026-07-03 15:18:36.430999994,2919.174953135,731.7410339400001,2847.0152992000008,2857.1680972799995,2333.04023058,2404.7943557,89701.47567774948,1062.432050925,2119.56361526,795.0096160649999,5634.4877381100005,2717.30029968,22723.585942056317,244325.3622633779,0.0016307905583874053,0.001702207566918873,0.0015732300284989386,0.001889577748522539,0.0018720834115597484,0.0005979230027602585,0.0016524975581716649,0.0028094019062751014,15575.806573638865,6914.1399473027095,17671.825312094865,17313.186556725857,17587.896631905474,43611.10568316476,24897.196309600753,95065.46944078871,14756.66756612128,6764.861517687432,16652.856801512786,16469.35673938173,16733.694848305768,18663.91735119242,23550.59761483376,88305.32816018624,0.0,0.0,109.62687739985633,0.0,0.0,0.0,0.0,0.0,0.0003192814294185185,8.030943272592593e-05,0.0003146010548549384,0.00030336897945061733,0.00025010412328395066,0.00026369042372469137,0.009724568421447533,0.00011547456958333332,0.00022918225378395064,8.611058161913582e-05,0.0006128943565716049,0.0002929368688901234,0.0024690549923104942,0.02656232166501235,0.00018358366927493446,4.601838057889332e-05,0.00017904562881635558,0.00017968412700671997,0.00014672230783425332,0.0001512348450362444,0.005641226137067356,6.681517120261666e-05,0.00013329700069301777,4.9997271410309994e-05,0.00035434667330780666,0.00017088799662432,0.001429061071467097,0.015365350560119099
2026-07-03 15:18:51.430999994,2990.2510281349996,749.4581339399999,2912.224641885,2926.800527314286,2388.7504555799997,2463.1952807000002,91861.41823619715,1088.1559259249998,2170.53271526,814.2585910649999,5770.91138811,2782.3149496799997,23278.750790251426,250152.67594093143,0.0016590591600992184,0.0017366277705034353,0.0014703308333333335,0.001927741695533231,0.0019101065719601207,0.000608664151269117,0.0016857972187335913,0.002849019569856989,14127.998016489524,7046.809402113622,16575.146666666667,17645.28074222417,17926.116245430618,44394.53993910727,25369.462578993036,97561.79075041469,13385.193331603818,6894.666597749927,15619.413333333334,16785.264939996672,17055.48794971476,18999.1978256026,23997.320721291635,90490.51066683201,0.0,0.0,102.39999999999999,0.0,0.0,0.0,0.0,0.0,0.0003271788183074073,8.229587717037038e-05,0.0003223826752253086,0.0003108727757469136,0.00025629041958024696,0.0002702127755765432,0.009965104486262345,0.00011833081958333332,0.0002348510500802469,8.824051680432099e-05,0.0006280542269419753,0.00030018262814938274,0.0025301267793475307,0.02721933759093827,0.00018805356465826774,4.713258931222666e-05,0.00018314657192298995,0.0001840632331622095,0.00015022586198425332,0.00015490761431957774,0.005777062524631953,6.843291711928332e-05,0.00013650239075968442,5.120781806030999e-05,0.0003629262050744733,0.00017497669572431998,0.0014639747719202563,0.015731823842507462
2026-07-03 15:19:06.430999994,3052.648115942857,763.1871749999999,2982.047316885,2994.4078130285716,2437.2735990476185,2530.493974666667,94013.66309914763,1115.5956188999999,2218.1164853333335,834.5293244571427,5909.846210014285,2834.760064457143,23820.45813378238,255675.56935850953,0.0016918017815494022,0.0017710479740879973,0.0016235610369818572,0.0019659056425439234,0.0019481297323604935,0.0006194052997779757,0.0017190968792955177,0.002867245783785401,14392.41255139591,7179.478856924535,15592.599991826537,17977.374927722485,18264.335858955757,45177.9741950498,25841.72884838531,96728.32435144264,13635.705800906067,7024.47167781242,14694.155260406616,17101.17314061162,17377.28105112375,19334.478300012786,24444.0438277495,89710.41918387407,0.0,0.0,96.706064543229,0.0,0.0,0.0,0.0,0.0,0.0003350742036172223,8.35237901488889e-05,0.000329165295355,0.000319230607445,0.0002614302975977778,0.00027531969702722223,0.010201473067317224,0.0001212701591861111,0.0002401059697972222,9.0745514135e-05,0.000643142518467778,0.00030505233905611114,0.002589952772345,0.02780299490479056,0.00019197764818040634,4.799599344999999e-05,0.00018753764237298994,0.0001883149802415746,0.00015327742856232802,0.00015913995440681482,0.005912414812679728,7.015856892193333e-05,0.00013949488118874073,5.248262196030475e-05,0.0003716636616520095,0.00017827491072030475,0.0014980421448578696,0.01607915247299071
2026-07-03 15:19:21.430999994,3123.5226873714287,780.8121750000001,3064.228830038096,3057.6717020727274,2492.820027619048,2589.1009746666664,96184.20447808139,1141.3591189,2269.007913904762,853.8018958857142,6046.327852871429,2899.487707314285,24385.814703541124,261649.29676086493,0.0017245444029995861,0.001805468177672559,0.0016549145151885083,0.002004069589554615,0.0019861528927608662,0.0006301464482868342,0.001752396539857444,0.002947208277225931,14656.827086302295,7312.148311735449,15878.368058876937,18309.4691132208,18602.555472480897,45961.40845099231,26313.995117777587,97403.75405874036,13886.218270208317,7154.276757874915,14963.457387563472,17417.081341226567,17699.074152532743,19669.758774422968,24890.766934207368,90331.47348503789,0.0,0.0,98.58788624534829,0.0,0.0,0.0,0.0,0.0,0.0003429715452838889,8.549235681555556e-05,0.00033692337035499996,0.000326754532445,0.00026759193093111114,0.0002818086886938889,0.010441910908983889,0.00012412836751944444,0.00024576501146388887,9.288428913499999e-05,0.0006583007018011112,0.0003122420973894444,0.0026509951973450003,0.028458281846457226,0.00019643487122802538,4.910441011666667e-05,0.00019270594642239582,0.0001922935759303515,0.0001567706817369312,0.0001628256835179259,0.006048917748288229,7.177880681082223e-05,0.00014269538658556613,5.369465256347936e-05,0.00038024684052502533,0.00018234556025998726,0.0015335967913560305,0.01645483355184995
2026-07-03 15:19:36.430999994,3180.756948568181,796.0186979863636,3134.334258609524,3125.183088436364,2550.0651387636362,2650.047955181818,98340.86363374676,1168.2108820772726,2319.5803936136367,874.8771100363637,6188.181535772727,2962.5362423999995,24935.363206806276,267180.27011772164,0.00175728702444977,0.0018398883812571212,0.0016862679933951595,0.002042233536565307,0.0020097476365532607,0.0006038339999999968,0.0017856962004193708,0.003001922668410728,14921.241621208681,7444.817766546363,16164.136125927336,18641.563298719113,16344.903686057602,44042.240000000005,26786.261387169863,99167.89685678131,14136.730739510565,7284.08183793741,15232.759514720328,17732.989541841514,15551.248707343237,18848.42666666667,25337.49004066523,91967.52735532151,0.0,0.0,100.46970794746757,0.0,0.0,0.0,0.0,0.0,0.0003508688869505556,8.746092348222224e-05,0.000344681445355,0.00033427845744500004,0.0002737535642644445,0.00028829768036055557,0.010682348750650557,0.00012698657585277778,0.00025142405313055555,9.5023064135e-05,0.0006734588851344445,0.0003194318557227778,0.0027120376223450002,0.029113568788123892,0.0002000342703210656,5.006073145114241e-05,0.0001971147989303323,0.00019653929200610907,0.00016037076317113535,0.00016665857140365652,0.006184547646300074,7.346748436174846e-05,0.00014587583364281313,5.502004936450909e-05,0.0003891678610274848,0.00018631061257759994,0.0015681572861169278,0.016802670320736717
2026-07-03 15:19:51.430999994,3251.3288803863634,813.5903116227272,3217.099113977273,3188.189707617392,2605.6485933090908,2708.7067506363633,100509.83614272729,1193.998404804545,2370.4648254318186,894.1894736727272,6324.781763045455,3027.2272196727267,25500.832571013438,272895.53632002155,0.0017900296458999545,0.0018525934449280118,0.0017176214716018107,0.0020803974835759994,0.0020474974310463116,0.0006038339999999968,0.001818995860981297,0.003045942150641893,15185.656156115063,6868.302497411229,16449.904192977734,18973.657484217427,16636.51683595341,44042.240000000005,27258.52765656214,98204.02697294552,14387.243208812813,6720.0137125803385,15502.061641877184,18048.89774245646,15828.702077975813,18848.42666666667,25784.2131471231,91087.55807652444,0.0,0.0,102.35152964958684,0.0,0.0,0.0,0.0,0.0,0.00035876622861722227,8.94294901488889e-05,0.000352439520355,0.000341802382445,0.00027991519759777776,0.00029478667202722223,0.010922786592317223,0.0001298447841861111,0.00025708309479722223,9.7161839135e-05,0.0006886170684677778,0.0003266216140561111,0.002773080047345,0.029768855729790558,0.0002044724606998535,5.116579070871817e-05,0.00020231978872345963,0.0002005017082790493,0.00016386634486810503,0.0001703475578733535,0.0063209519174204035,7.50892330132636e-05,0.000149075899021601,5.6234582455418177e-05,0.00039775849754263633,0.00019037895625941817,0.0016037190261326227,0.017162097061903577
2026-07-03 15:20:06.430999994,3321.422054126088,829.5750380739131,3287.48150034091,3255.605838052174,2657.9920418434785,2775.3594468695646,102622.25308032648,1220.6167401652174,2415.2357260086956,915.7633303304349,6474.360615756522,3088.413609182609,26065.51751985988,278597.40476858325,0.0018227722673501382,0.0018866119769744918,0.0017489749498084618,0.0021185614305866914,0.0020852472255393625,0.0006305935050775854,0.00183561512178463,0.003087119073355694,15450.070691021449,6988.6865722946895,16735.672260028135,19305.75166971574,16928.129985849224,62829.59219267227,24577.285265902505,97109.79067346486,14637.755678115063,6837.798657884957,15771.363769034038,18364.805943071406,16106.155448608393,17935.49277385909,23251.661482697542,90068.53853121692,0.0,0.0,104.23335135170612,0.0,0.0,0.0,0.0,0.0,0.00036406282257828284,9.064752930656566e-05,0.0003630850053156567,0.00034824469382474754,0.0002859545686000001,0.0003026059524237374,0.01115737578534192,0.00013303133511464644,0.0002619927696732323,9.962762014545455e-05,0.0007046861694797981,0.0003332274607212121,0.00283825142884293,0.030342398801445958,0.00020888054251504061,5.2171052394426084e-05,0.0002067460587992172,0.00020474143381528113,0.00016715816618704542,0.00017453927188090817,0.0064537994714960875,7.67632305481681e-05,0.0001518914912134357,5.7591338329669576e-05,0.0004071653453909101,0.0001942269003108174,0.0016392314351378545,0.01752068123322423
2026-07-03 15:20:21.430999994,3391.983814995652,847.1131032913042,3366.471424256522,3319.1554221000006,2713.507824452174,2834.1876859999993,104782.43944430434,1246.4218271217392,2465.991682530435,935.1235042434784,6611.235224452173,3153.0312613565216,26627.785435669564,284455.1381705435,0.001855514888800322,0.001920630509020972,0.001780328428015113,0.0021291779762340154,0.002122997020032414,0.0006407980590510217,0.0018686129471354894,0.0031443303601288706,15714.485225927832,7109.070647178147,17021.440327078533,17202.092890863492,17219.743135745037,63846.32953534477,24996.17916527211,95707.14536042618,14888.268147417311,6955.583603189572,16040.665896190896,16363.67768321386,16383.608819240972,18225.7331625997,23647.961523158974,88758.02890444973,0.0,0.0,106.11517305382542,0.0,0.0,0.0,0.0,0.0,0.00037190414833585857,9.259993082171716e-05,0.0003709052704671718,0.00035574532261262626,0.0002921135686000001,0.0003091235963631313,0.011397687656554044,0.00013589661541767677,0.00026763567118838385,0.00010177343832727274,0.0007198639725101009,0.00034040464253939397,0.0028993827849035357,0.030995925112052028,0.00021331809325417098,5.3274001829208685e-05,0.0002117136473476879,0.0002087379965454,0.00017064949207110339,0.00017823891447511106,0.006589651191719584,7.838608379454493e-05,0.00015508347692358066,5.880887815575652e-05,0.00041577323744888107,0.00019829063265864346,0.0016745918396209969,0.017889067578280845
2026-07-03 15:20:36.430999994,3448.7897904208335,862.1736391874999,3437.0342286043483,3386.4931096,2764.146393066667,2894.660826749999,106918.58863560816,1270.6912022624997,2513.849056833333,954.4627786499999,6735.933191174999,3211.3578042000004,27153.411807100543,289992.7279612024,0.0018772533214715182,0.001954649041067452,0.0018116819062217644,0.0021668508991439924,0.0021607468145254647,0.0006510026130244582,0.0019016107724863485,0.003198657248813394,14070.072648539084,7229.454722061606,17307.20839412893,17492.76434725967,17511.356285640853,64863.06687801727,25415.07306464172,97324.96962812352,13332.042351212443,7073.368548494189,16309.96802334775,16640.18206290499,16661.06218987355,18515.97355134031,24044.261563620406,90258.38858330814,0.0,0.0,107.99699475594468,0.0,0.0,0.0,0.0,0.0,0.00037974547409343434,9.455233233686869e-05,0.00037872553561868694,0.0003632459514005051,0.0002982725686,0.00031564124030252524,0.011637999527766162,0.00013876189572070705,0.0002732785727035353,0.00010391925650909092,0.0007350417755404041,0.00034758182435757576,0.002960514140964142,0.031649451422658084,0.00021689055793091018,5.4221142197791656e-05,0.00021615126371000678,0.00021297278889262223,0.00017383409538619259,0.00018204200310449994,0.006723991240861578,7.991235783117497e-05,0.0001580931740186296,6.002510363509999e-05,0.00042361535402278327,0.0002019587241308,0.0017076478980909895,0.018237320447337835
2026-07-03 15:20:51.430999994,3519.0712279208333,879.6614516875001,3515.976489025,3445.9100253119996,2819.5643930666665,2953.5225142499994,109074.820356673,1296.4651397625,2564.5465568333334,973.8225286500001,6872.560816175001,3275.8491167,27710.771720236,295761.9324483848,0.0019098040031472851,0.001988667573113933,0.0017042114583333333,0.0022045238220539695,0.0021930443305700847,0.0006612071669978945,0.001934608597837208,0.003218707152249999,14302.751310370551,7349.838796945066,16327.68,17783.435803655844,16197.349302458566,65879.80422068978,25833.96696401133,97992.43548448519,13552.516107904996,7191.153493798806,15386.88,16916.68644259612,15410.859081238268,18806.213940080925,24440.56160408184,90872.73578907635,0.0,0.0,101.54666666666667,0.0,0.0,0.0,0.0,0.0,0.0003875867998510101,9.65047338520202e-05,0.00038654580077020207,0.0003707465801883838,0.0003044315686000001,0.0003221588842419192,0.011878311398978283,0.00014162717602373738,0.00027892147421868684,0.0001060650746909091,0.0007502195785707071,0.0003547590061757576,0.0030216454970247476,0.03230297773326414,0.00022131047944479903,5.532093129501389e-05,0.00022111585475423885,0.00021670945270295465,0.000177319271830637,0.00018574374922949993,0.006859594257986323,8.153325212284165e-05,0.00016128148346307403,6.124261680176667e-05,0.00043220771355056113,0.0002060145111169111,0.001742699643739286,0.01860013930730953
2026-07-03 15:21:06.430999994,3579.824962464,897.947898732,3586.7078640250006,3513.093285312,2868.1396672799997,3021.6602213599995,111221.4786535765,1322.0093752439998,2608.241872736,993.2946287159999,6998.599575708,3334.795623552,28253.4320511085,301516.646867603,0.001942354684823052,0.002022686105160413,0.0018695942258535243,0.002242196744963947,0.002230699763314583,0.0006714117209713308,0.0019676064231880673,0.003297402658208862,14535.429972202017,7470.222871828524,15772.437644176782,18074.107260052024,16463.007576821303,66896.54156336228,26252.860863380938,98677.58243824147,13772.989864597548,7308.938439103422,14643.22466177395,17193.190822287248,15663.617860068065,19096.454328821535,24836.861644543267,91499.03010829398,0.0,0.0,97.01387686641992,0.0,0.0,0.0,0.0,0.0,0.00039380042999675926,9.798758146064815e-05,0.00039632151646388884,0.00037684621981018515,0.00030928957731990746,0.0003298133713875,0.012113784754205095,0.00014441633568194442,0.0002834168355236111,0.00010847640779444446,0.0007655508963435187,0.00036058470430787044,0.0030831027933453706,0.03288360205115556,0.00022513121430606925,5.647094563136799e-05,0.00022556407233757222,0.00022093453327628795,0.00018037411685338666,0.00019002885392108441,0.006994595213102699,8.313970070978931e-05,0.00016402943332984176,6.246719553925065e-05,0.0004401341510945253,0.00020972159143671463,0.0017768269489919343,0.01896204690300703
2026-07-03 15:21:21.430999994,3649.919842464,915.451278732,3659.6195433879993,3577.353195046154,2923.42576728,3080.7031613599997,113378.68772524768,1347.778835244,2658.803632736,1012.6565687159999,7135.020795708,3399.179883552,28809.364532536612,307348.5229245938,0.0019749053664988195,0.0020575113249748887,0.0019008669721343578,0.0022774677015351694,0.002268355196059081,0.0006836548081490194,0.001988793274104816,0.0033517289715900627,14768.108634033486,6870.66574601808,16024.232506622318,16943.596118913465,16728.665851184047,63248.29647415483,24164.76795449487,98700.03708608408,13993.463621290104,6722.325937915531,14876.992505568958,16117.779821530523,15916.376638897866,18055.01714689473,22861.783453886557,91527.34408797938,0.0,0.0,98.64739311954203,0.0,0.0,0.0,0.0,0.0,0.0004016094786078704,9.993067173842592e-05,0.0004041805581305556,0.0003843190670324074,0.00031542277870879633,0.00033635355888749993,0.012354000677816205,0.00014728010651527778,0.0002890369813569445,0.00011062749112777779,0.0007807317435657408,0.00036773508625231486,0.0031442406127898145,0.03353568271782222,0.00022953940342606926,5.757171375136798e-05,0.00023014940683973415,0.00022497576759956923,0.00018385099825338663,0.00019374199881441774,0.007130259694721132,8.476031341645599e-05,0.00016720920623650843,6.368484643258398e-05,0.000448713530041192,0.00021377064601004798,0.001811788925046191,0.0193288071083689
2026-07-03 15:21:36.430999994,3706.6992159346155,933.3146891884614,3730.393083387999,3644.4815988923083,2977.806092969231,3146.0722814615383,115531.25145444323,1372.405472226923,2705.782887903846,1031.4589670192308,7253.337539180769,3460.538660123077,29349.926342030463,313014.2054523875,0.002007456048174586,0.0020915432879537958,0.0019321397184151915,0.0023151006595687183,0.0023060106288035793,0.0006938966184779737,0.002021595109840651,0.003398579501870848,15000.787295864953,6979.662732673267,16276.027369067851,17212.110278506447,16994.324125546787,64195.81713574662,24544.68757801552,97591.05407693064,14213.937377982656,6828.969645764576,15110.760349363967,16373.206832001575,16169.135417727664,18325.498768468005,23221.217493525066,90502.84131609573,0.0,0.0,100.28090937266411,0.0,0.0,0.0,0.0,0.0,0.0004094185272189815,0.00010187376201620371,0.0004120395997972223,0.0003917919142546296,0.0003215559800976853,0.00034289374638749997,0.012594216601427316,0.00015014387734861112,0.0002946571271902779,0.00011277857446111114,0.000795912590787963,0.0003748854681967593,0.0032053784322342593,0.034187763384488895,0.00023311019513544355,5.8695123786741016e-05,0.00023460027613306749,0.0002291973983303385,0.00018727091651339826,0.00019785299014524782,0.007265632035912762,8.630905525338205e-05,0.00017016367939484188,6.48673083703205e-05,0.0004561543385751461,0.0002176294312921846,0.0018457842566210266,0.019685115587339035
2026-07-03 15:21:51.430999994,3776.5431967038458,950.824823803846,3785.579607934615,3711.2835720000007,3033.075381430769,3205.234185307692,117670.76056372821,1398.153491457692,2756.27779175,1050.810409326923,7389.419096873076,3524.8666793538464,29890.383274992306,318745.48266012693,0.0020400067298503534,0.002125575250932702,0.001963412464696025,0.0023527336176022676,0.0023345471116480825,0.0007041384288069282,0.002054396945576486,0.003450292563914787,15233.465957696422,7088.659719328455,16527.822231513386,17480.624438099432,16090.968960996997,65143.33779733841,24924.60720153617,97377.51151100677,14434.411134675212,6935.613353613622,15344.528193158976,16628.63384247263,15309.993728490546,18595.980390041284,23580.65153316357,90301.57998173681,0.0,0.0,101.91442562578622,0.0,0.0,0.0,0.0,0.0,0.00041722757583009264,0.0001038168522939815,0.0004198986414638889,0.0003992647614768519,0.00032768918148657413,0.0003494339338875,0.012834432525038426,0.00015300764818194443,0.00030027727302361115,0.00011492965779444447,0.0008110934380101851,0.0003820358501412037,0.0032665162516787036,0.034839844051155554,0.00023750260548159743,5.979631669699743e-05,0.00023807089534344354,0.00023339850019466667,0.0001907467406544239,0.00020157361654268372,0.00740018338656335,8.792831957389486e-05,0.00017333924779227775,6.608429907544872e-05,0.00046471235653668455,0.00022167494894603077,0.0018797729926272938,0.02004554924284798
2026-07-03 15:22:06.430999994,3829.466101062963,969.9128208,3856.0629348576917,3778.4060719999998,3083.6068489333334,3263.601323333333,119757.2158527312,1423.9649655,2798.6471510481488,1070.7364899,7516.4526129000005,3584.286747733333,30421.84110733248,324313.04832201026,0.0020613690936650687,0.002159607213911609,0.0019946852109768583,0.0023903665756358165,0.0023720549422342986,0.0007143802391358827,0.0020871987813123206,0.003461022495472926,13845.915627866858,7197.6567059836425,16779.61709395892,17749.13859769241,16339.07141216015,66090.8584589302,25304.526825056822,105603.52721753776,13116.61597232535,7042.257061462668,15578.296036953983,16884.060852943683,15546.054526354123,18866.462011614563,23940.085572802076,88100.30125907743,0.0,0.0,103.5479418789083,0.0,0.0,0.0,0.0,0.0,0.0004223910449141026,0.00010589493862350426,0.00042625757839358973,0.00040632235700598297,0.000333224917041453,0.0003577897208816239,0.013063850247344017,0.00015571467473034185,0.0003045503949324787,0.00011703049922008547,0.0008229718683576923,0.0003882949325021368,0.003325493378340599,0.03544614387285042,0.00024083086813351523,6.0996739619199995e-05,0.00024250351345882817,0.00023761975963911108,0.00019392460849958513,0.00020524426100074068,0.007531398241405095,8.955157449699999e-05,0.00017600380972147242,6.733742814259998e-05,0.00047270135321126667,0.00022541181102411848,0.0019131957851944645,0.020395687261139755
2026-07-03 15:22:21.430999994,3899.0028232851846,987.4514874666665,3920.452687862963,3843.7597062,3138.791348933334,3322.748823333333,121908.40679063916,1449.7141321666663,2848.9958732703703,1090.098323233333,7652.370557344443,3648.526803288889,30969.60213336931,330097.97766340687,0.002093743112483493,0.0021936391768905155,0.002025957957257692,0.0024279995336693658,0.002409562772820514,0.000724622049464837,0.0021200006170481555,0.0035287445647750504,14054.155970127476,7306.653692638829,17031.411956404456,18017.652757285396,16587.173863323304,67038.379120522,25684.446448577466,106349.02195257806,13313.887765162277,7148.900769311714,15812.063880748992,17139.487863414735,15782.115324217699,19136.943633187842,24299.519612440577,88642.03633077546,0.0,0.0,105.18145813203041,0.0,0.0,0.0,0.0,0.0,0.00043015148722179485,0.00010784050913632477,0.0004340890591628205,0.0004137875749547009,0.0003393471414004274,0.00036436326575341876,0.013303867779395299,0.0001585755657559829,0.0003101457923683761,0.00011918065947649573,0.0008380920414346153,0.0003954289389123931,0.00338659150013547,0.03609738342413248,0.00024520395533104603,6.209972687845924e-05,0.0002465529134811596,0.00024172977707879998,0.0001973951003884741,0.00020896398155629626,0.007666684249277973,9.117091097848146e-05,0.00017917018491900327,6.855507232778517e-05,0.0004812490817174394,0.0002294517967401679,0.0019476438674985589,0.020759495039720917
2026-07-03 15:22:36.430999994,3952.7456755392855,1007.4568429714284,3990.826632307407,3910.8513312,3201.601293,3382.6569860714285,124053.20704472328,1472.6695145035712,2901.7267288750004,1109.0706434785714,7772.154178424998,3708.4114630285712,31504.63237507963,335496.0965342811,0.0021261171313019175,0.002227671139869422,0.00204784505096743,0.002465632491702915,0.0024470706034067295,0.0007348638597937915,0.0021528024527839905,0.0035818933519567043,14262.396312388097,7415.650679294017,24148.872094552666,18286.166916878377,16835.27631448646,67985.89978211379,26064.366072098117,106696.79246832569,13511.159557999206,7255.54447716076,14411.65565142452,17394.914873885788,16018.176122081279,19407.42525476112,24658.953652079086,88820.96882244387,0.0,0.0,95.90156243510143,0.0,0.0,0.0,0.0,0.0,0.0004379119295294872,0.0001097860796491453,0.0004419205399320513,0.0004212527929034189,0.00034546936575940177,0.0003709368106252137,0.013543885311446582,0.00016143645678162394,0.0003157411898042736,0.00012133081973290598,0.0008532122145115385,0.00040256294532264956,0.0034476896219303417,0.03674862297541453,0.0002485837835950262,6.335784145798093e-05,0.0002509786526539991,0.00024594909482879995,0.000201345147982,0.00021273153934626981,0.00780156835414593,9.261454946766901e-05,0.00018248636983813892,6.974822046765236e-05,0.0004887821405542832,0.00023321787645268568,0.0019812913249216742,0.021098976737600344
2026-07-03 15:22:51.430999994,4022.0056576821435,1025.0385572571427,4047.3165562428576,3979.1581702344834,3256.917543,3441.8177896428565,126201.2016798442,1498.3699252178574,2952.116818160715,1128.4256791928572,7907.790553424999,3772.5761594571436,32047.10804005234,341277.2911328121,0.0021584911501203413,0.0022536961735917763,0.0020789742629160283,0.002498225488078469,0.002484578433992945,0.0007030237499999871,0.0021991860973820353,0.003635430499281942,14470.636654648712,6781.239652934176,24500.6508905878,16968.071023586945,17083.378765649613,65040.21333333333,24082.953268540692,108261.93578648119,13708.43135083613,6634.830581965086,14621.591538039891,16137.642123915633,16254.236919944855,18566.542222222222,22784.380284232524,90123.60579467687,0.0,0.0,97.3681804054683,0.0,0.0,0.0,0.0,0.0,0.0004456723718371796,0.00011173165016196581,0.0004497520207012821,0.0004287180108521368,0.0003515915901183761,0.0003775103554970085,0.013783902843497862,0.00016429734780726497,0.000321336587240171,0.00012348097998931624,0.0008683323875884615,0.000409696951732906,0.0035087877437252135,0.03739986252669658,0.00025293946691645476,6.446353593417141e-05,0.00025453124120371743,0.00025024483603919084,0.00020482392548199998,0.00021645209654865073,0.00793665335008798,9.423081974147858e-05,0.00018565534656432938,7.096543715812855e-05,0.00049731216147095,0.00023725312291697143,0.0020154070167410693,0.0214625496423524
2026-07-03 15:23:06.430999994,4086.421843265517,1047.8465360586208,4117.449913385714,4046.270290924138,3316.0448297103453,3504.558202413793,128356.37101232844,1520.5594666551724,3000.2959051344833,1148.7856983620688,8047.505688941379,3826.1494838068966,32600.84120215554,346842.2452337516,0.0021908651689387655,0.0022876069331960232,0.002110103474864627,0.0025357822008132214,0.0025242944698437297,0.0007030237499999871,0.0022321929005084842,0.003661998659075136,14678.876996909328,6879.429436344411,24852.42968662294,17213.687982930616,15998.423195471654,65040.21333333333,24429.15322349624,109029.58332232016,13905.703143673056,6730.9004174449265,14831.527424655264,16371.238422749055,15221.939672005461,18566.542222222222,23111.91284803961,90691.30379660882,0.0,0.0,98.83479837583516,0.0,0.0,0.0,0.0,0.0,0.00044964144747738097,0.00011414192172698412,0.00045531146914126985,0.00043608354681349214,0.0003590668248984127,0.0003840767572956349,0.014017472561502382,0.00016684916046468256,0.0003269560624507937,0.000125654468934127,0.0008805623983527777,0.0004151490185662698,0.0035653779977829364,0.037932678298559924,0.00025699052925425356,6.58979043787977e-05,0.0002589418501084794,0.0002544654427403402,0.00020854237484622837,0.00022039777139624514,0.008072189554775322,9.562629534742528e-05,0.00018868527581179082,7.224585614143677e-05,0.0005060986911045355,0.0002406222897594115,0.0020502306800466706,0.021812523422478153
2026-07-03 15:23:21.430999994,4155.599826024138,1065.5163808862071,4179.922299389656,4111.49950368,3371.424726262069,3563.779495517241,130501.3458666938,1546.2006735517243,3050.6488878931036,1168.1576811206899,8183.210844113794,3890.1370527724134,33146.19323099793,352733.6029236993,0.00222323918775719,0.0023215176928002698,0.002141232686813226,0.0025733389135479748,0.0025618353669981486,0.0007492245078226576,0.0022651997036349323,0.0036702621198055514,14887.117339169945,6977.619219754648,25204.20848265808,17459.304942274295,16227.602639370469,84046.96343994375,24775.353178451787,107028.92752415719,14102.974936509981,6826.970252924769,15041.463311270634,16604.834721582483,15439.995890825761,23973.47598781694,23439.445411846697,89030.25808880162,0.0,0.0,100.30141634620205,0.0,0.0,0.0,0.0,0.0,0.0004573370010488095,0.00011609544553650795,0.0004631040643793651,0.00044354705871825403,0.0003652122058507936,0.0003906501799146825,0.014257379740073808,0.00016970476165515872,0.00033255187197460314,0.0001278050284579365,0.0008956331066861111,0.00042225423880436506,0.0036263989680210317,0.038581891042607536,0.0002613410557255179,6.700914128684368e-05,0.00026287066905050495,0.00025856763545365326,0.00021202515500714784,0.0002241221327180842,0.008207084640060964,9.723884235891955e-05,0.00019185191894972184,7.346413861270115e-05,0.000514633037529823,0.00024464639687435397,0.0020845272631938696,0.022183024361645976
2026-07-03 15:23:36.430999994,4221.792483313334,1085.11447182,4249.9273511137935,4178.58090368,3430.183382266667,3628.4092868,132669.46408944827,1567.80169542,3102.939789103333,1186.10546325,8310.67983912,3948.4352016,33694.51157893965,358081.2057589301,0.002255613206575614,0.0023554284524045167,0.002172361898761825,0.0026108956262827273,0.002599376264152568,0.000759233825885436,0.0022982065067613812,0.0037856951760225598,15095.357681430562,7075.809003164883,25555.987278693217,17704.921901617974,16456.78208326928,85169.79482158914,25121.55313340733,107213.74730771795,14300.246729346907,6923.0400884046085,15251.399197886005,16838.43102041591,15658.052109646058,24293.75134417146,23766.977975653776,89058.72278770768,0.0,0.0,101.76803431656892,0.0,0.0,0.0,0.0,0.0,0.00046503255462023823,0.00011804896934603175,0.0004708966596174604,0.0004510105706230159,0.00037135758680317463,0.00039722360253373015,0.01449728691864524,0.00017256036284563495,0.0003381476814984128,0.00012995558798174604,0.0009107038150194444,0.00042935945904246033,0.0036874199382591274,0.03923110378665517,0.0002655038383950385,6.824164345001332e-05,0.00026727320897004515,0.0002627863101647644,0.00021572042159588147,0.00022818662848097772,0.008343435186069746,9.859730662307999e-05,0.0001951404356258318,7.459285468883332e-05,0.0005226494209935467,0.0002483127026784,0.002119010394853316,0.022519329162172714
2026-07-03 15:23:51.430999994,4290.921583313334,1102.8157718199998,4310.527865163333,4247.937928567742,3485.6178822666666,3687.7189867999996,134819.87749289558,1593.37699542,3153.324239103333,1205.4542132499998,8446.250639119999,4012.3307016,34241.9396147857,363934.8679485059,0.002158467625,0.0023893392120087633,0.0022057497652077057,0.0026484523390174807,0.002636917161306987,0.0008007454450222791,0.0023312133098878293,0.0038281463107562377,14470.485333333334,7173.99878657512,24145.0866827952,17950.53886096165,16685.961527168096,89826.5105316323,25467.75308836288,105386.97816579392,13708.288,7019.109923884452,14405.106791402673,17072.02731924933,15876.108328466358,25622.028508361702,24094.51053946086,87706.43036066445,0.0,0.0,96.29023615841096,0.0,0.0,0.0,0.0,0.0,0.0004727281081916666,0.00012000249315555553,0.0004786892548555555,0.0004584740825277778,0.0003775029677555556,0.0004037970251527778,0.014737194097216667,0.0001754159640361111,0.00034374349102222226,0.00013210614750555557,0.0009257745233527779,0.0004364646792805555,0.0037484409084972223,0.03988031653070278,0.0002698512906839274,6.93548585389022e-05,0.0002710843079647163,0.0002671480963965935,0.00021920663570699255,0.00023191654961431105,0.00847867229566432,0.00010020570882307998,0.0001983090577036096,7.580967607772221e-05,0.0005311753179713245,0.0002523310196784,0.0021534375357743,0.022887459473206036
2026-07-03 15:24:06.430999994,4365.223330067742,1124.5360981258063,4380.380515163333,4315.055283406452,3542.9491507096777,3752.452358967742,136975.14767438849,1615.2271101290323,3203.303691977419,1225.5314398451612,8586.772629590321,4077.3282122322576,34818.03599648925,369246.4405838734,0.0023209810869795327,0.00242324997161301,0.002236911065057035,0.0026756380355835788,0.002674458058461406,0.0008007454450222791,0.0023642201130142783,0.003881377583952719,13932.863453868606,7272.188569985356,24473.299640448135,26444.21041639308,16915.140971066914,89826.5105316323,25813.953043318426,106827.22118649361,13204.300570699706,7115.179759364291,14600.920654795495,16159.55085205398,16094.164547286658,25622.028508361702,24422.043103267948,88904.74621667629,0.0,0.0,97.65819727991772,0.0,0.0,0.0,0.0,0.0,0.000479515794385926,0.00012278552637259258,0.00048453471771962967,0.0004659476028485185,0.0003842856172540741,0.00041140327170888886,0.014973397468223333,0.00017740373151333336,0.00034951489374518516,0.00013421310600925923,0.0009403903689985185,0.00044305255855111116,0.003810291957928889,0.040415980451074085,0.0002745240449798157,7.072082572657848e-05,0.0002754772635091607,0.0002713690322675613,0.00022281213547796415,0.0002359875594639713,0.008614214842633765,0.0001015798382592258,0.00020145220996213545,7.707231055026236e-05,0.000540012589816458,0.0002564186409026064,0.0021896675971125458,0.023221498374496927
2026-07-03 15:24:21.430999994,4434.434442970967,1142.300888448387,4443.342023670968,4384.498933425,3598.413344258065,3811.8479073548383,139124.64380256613,1640.7435617419355,3253.6817726225804,1244.8916979096775,8722.421645719354,4141.240986425806,35368.25688448306,375109.64183055324,0.002353363795409933,0.002457160731217257,0.0022680723649063646,0.0027130488870782438,0.0027119989556158254,0.0007836824015731061,0.002405352977988926,0.0038991545054697335,14119.786753976063,7370.378353395592,24801.51259810108,26801.43622983016,17144.32041496573,84270.3103488518,24204.041517015914,106194.47106205951,13381.449470956864,7211.249594844134,14796.734518188317,16377.844709461962,16312.220766106959,24037.183247883346,22899.718634848014,88481.2232830639,0.0,0.0,99.02615840142447,0.0,0.0,0.0,0.0,0.0,0.00048719680549703714,0.00012475233748370372,0.0004922961232751852,0.00047341127507074073,0.000390441206142963,0.00041799323837555554,0.015213245318223332,0.00018024543151333336,0.0003551135159674074,0.00013636296712037037,0.0009554537912207409,0.00045014949188444437,0.0038713262245955553,0.04106337433996296,0.00027887665496906304,7.183803365130967e-05,0.0002794368428219742,0.00027573626625761665,0.00022630021698334047,0.000239722879506982,0.008749394265805824,0.00010318453954954838,0.00020462043147826447,7.828985566854192e-05,0.0005485434057196837,0.00026043804425744514,0.0022242703774019348,0.023590228586232567
2026-07-03 15:24:36.430999994,4505.211100434376,1160.82421509375,4513.086507541936,4451.6519178,3657.2400121875003,3879.3457144375,141314.2478997384,1663.254207028125,3303.864981721875,1263.0066214125002,8847.97033895625,4221.5074162500005,35946.50994087228,380467.4808045095,0.0023857465038403343,0.002353831666666667,0.0022992336647556944,0.0027504597385729084,0.0027438179697433602,0.0007836824015731061,0.0024384722319112356,0.003982226867156645,14953.864008596453,7071.185454545455,26056.911010299467,27158.66204326723,15940.726825482856,84270.3103488518,25406.947751296222,107095.13890874483,14171.912020572512,6918.516363636364,15665.109071425775,16596.138566869944,15167.043595527637,24037.183247883346,23765.89338026304,89188.98985401345,0.0,0.0,100.39411952293119,0.0,0.0,0.0,0.0,0.0,0.0004948778166081481,0.00012671914859481477,0.0005000575288307407,0.0004808749472929629,0.0003965967950318519,0.0004245832050422222,0.015453093168223332,0.00018308713151333334,0.00036071213818962956,0.00013851282823148148,0.0009705172134429629,0.0004572464252177776,0.003932360491262221,0.04171076822885185,0.0002833277203162063,7.300294508256249e-05,0.0002838229959187484,0.00027995944283053334,0.0002299997607664583,0.00024396774159684718,0.008887096034583548,0.00010460020901976873,0.0002077763977393979,7.942908307994168e-05,0.000556439023538804,0.0002654859108441667,0.0022606360696148563,0.02392717712615026
2026-07-03 15:24:51.430999994,4574.446272309376,1178.60062134375,4580.627724096875,4520.631992072728,3712.7552465625004,3938.8655738125003,143464.64521396306,1688.7246289031252,3354.2400910968754,1282.3478089125,8983.46468270625,4285.668744375,36501.185024046594,386235.3939446236,0.0024181292122707355,0.00252442070392739,0.002330394964605024,0.0027878705900675734,0.002781280248652987,0.0007836824015731061,0.0024715914858335457,0.004036516300819284,14953.864008596453,7044.139010956684,26257.03661223512,28426.96341225986,16823.000931487015,84270.3103488518,25644.76540909129,110489.69376042526,14171.912020572512,6892.133905983408,15665.109071425775,17463.508592638464,16006.496524836895,24037.183247883346,24069.17842870837,91794.36462330387,0.0,0.0,101.76208064443794,0.0,0.0,0.0,0.0,0.0,0.0005025588277192594,0.00012868595970592594,0.0005078189343862964,0.0004883386195151852,0.00040275238392074083,0.00043117317170888894,0.015692941018223338,0.00018592883151333337,0.0003663107604118519,0.0001406626893425926,0.0009855806356651854,0.0004643433585511111,0.00399339475792889,0.04235816211774074,0.00028768184334745624,7.412088352006248e-05,0.0002880705879820923,0.0002842975230570182,0.00023349105217270835,0.00024771087941976384,0.009022332132344787,0.00010620201555101875,0.00021094443239564795,8.064542887160834e-05,0.0005649601122679707,0.0002695209454795833,0.0022955189692900413,0.024289914774739657
2026-07-03 15:25:06.430999994,4651.617845633334,1199.3782494,4650.338677221875,4587.812128436363,3771.9014789818184,4007.4943551515144,145661.89327260066,1712.0466638999997,3405.1976433878785,1301.832394281818,9119.134736645456,4359.1728096,37083.907764205396,391914.5489458772,0.002448640737380339,0.002558323881411199,0.0023615562644543537,0.00281953542467265,0.0028187425275626146,0.0007836824015731061,0.002504710739755856,0.004087777346504306,22130.249968391116,7044.139010956684,26257.03661223512,27027.38006067693,16823.000931487015,84270.3103488518,25644.76540909129,109192.9203745043,20795.4326499285,6892.133905983408,15665.109071425775,16513.666679240334,16006.496524836895,24037.183247883346,24262.803875626305,90595.93215622226,0.0,0.0,103.13004176594468,0.0,0.0,0.0,0.0,0.0,0.0005110227521968752,0.00013120712782291669,0.0005145344795059028,0.0004962544684347222,0.0004097331191659723,0.00043931431849548617,0.015939291203267713,0.00018799642918020836,0.00037194797126979167,0.00014275673186527779,0.001000079736571528,0.0004743997611510418,0.004062527379154863,0.042908079913399316,0.0002925350778476074,7.542756546226665e-05,0.000292454632367509,0.00028852240718833127,0.00023721069301152318,0.000252026867223973,0.009160514621365775,0.00010766871241859997,0.00021414909623972654,8.187079279594543e-05,0.000573492251215703,0.0002741435344703999,0.002332165754948917,0.024647070522596272
2026-07-03 15:25:21.430999994,4720.971345633334,1217.1992493999999,4720.412892263636,4654.240992564705,3827.4702062545457,4067.1498096969685,147812.25832345043,1737.4851638999996,3455.5813706606054,1321.1757124636363,9254.631691190909,4423.471945963636,37638.88478946916,397862.9295211688,0.002480998606478604,0.002592227058895009,0.0023927175643036836,0.0028568697665937995,0.002856204806472242,0.0006424711333300289,0.002544548300354968,0.004097121334208227,22130.249968391116,7044.139010956684,26257.03661223512,27027.38006067693,16823.000931487015,88939.779999055,24218.84524235082,107163.05693266858,20795.4326499285,6892.133905983408,15665.109071425775,16513.666679240334,16006.496524836895,25315.410350031827,22913.724607556276,88970.79717660166,0.0,0.0,104.49800288745143,0.0,0.0,0.0,0.0,0.0,0.0005187155490718752,0.00013318228407291667,0.0005222801409642361,0.0005037249476013891,0.00041590112958263893,0.0004459276362038195,0.01617923693764271,0.00019082647605520833,0.00037754717439479173,0.00014490575269861114,0.001015134663654861,0.0004815412455260418,0.004123683556238195,0.04355400642381598,0.000296896642403163,7.654830835115555e-05,0.0002968615218912464,0.0002927000446435136,0.00024070534852667477,0.00025577853247649824,0.009295748690119215,0.00010926851141859999,0.00021731767286598916,8.308727258382422e-05,0.0005820135041348949,0.0002781872357128242,0.002367067643426616,0.025021157567664612
2026-07-03 15:25:36.430999994,4805.897338944118,1237.8585493852943,4790.129210445455,4721.410286682352,3882.117719258824,4123.941618588235,150007.47811598502,1758.0684893470589,3507.9447429529414,1341.2847740558823,9384.77418609706,4507.5146328,38219.48725154564,403338.47241797677,0.002513356475576869,0.002626130236378818,0.002430526524722923,0.002894204108514948,0.00289366708538187,0.0006424711333300289,0.0025777556478899758,0.004139969426994905,22130.249968391116,7044.139010956684,23719.77201650915,27027.38006067693,16823.000931487015,88939.779999055,24218.84524235082,105501.15469124007,20795.4326499285,6892.133905983408,14158.423010747496,16513.666679240334,16006.496524836895,25315.410350031827,22913.724607556276,87846.84389360677,0.0,0.0,95.6359458108206,0.0,0.0,0.0,0.0,0.0,0.0005264083459468751,0.00013515744032291667,0.0005300258024225694,0.0005111954267680557,0.00042206913999930557,0.0004525409539121528,0.01641918267201771,0.00019365652293020836,0.0003831463775197917,0.00014705477353194448,0.0010301895907381946,0.0004886827299010417,0.004184839733321529,0.04419993293423265,0.0003022375437602634,7.784754877245295e-05,0.00030124590367912524,0.00029692424691802347,0.0002441420699000549,0.00025935010623566007,0.009433803623738612,0.0001105629738856039,0.00022061074716792938,8.435190912395882e-05,0.0005901980210367705,0.0002834725869072,0.0024035810871527582,0.025365508376508316
2026-07-03 15:25:51.430999994,4875.4762948264715,1255.7205052676472,4875.340747279412,4788.791836868571,3937.673263376471,4183.555677411765,152175.49503496833,1783.4369305235296,3558.3569194235297,1360.6391417029413,9520.19387727353,4572.096647505883,38790.846191628654,409139.38211351336,0.002545714344675135,0.0026600334138626273,0.002461773723201653,0.002931538450436097,0.002931129364291497,0.0006154326327237171,0.002610962995424983,0.0042282480996628504,22130.249968391116,7044.139010956684,23719.77201650915,27027.38006067693,16823.000931487015,85196.7351046249,24218.84524235082,104596.48225699214,20795.4326499285,6892.133905983408,14158.423010747496,16513.666679240334,16006.496524836895,24250.00724849395,22913.724607556276,87233.3190080611,0.0,0.0,96.87171839280605,0.0,0.0,0.0,0.0,0.0,0.0005341011428218751,0.00013713259657291668,0.0005377714638809028,0.0005186659059347223,0.0004282371504159723,0.0004591542716204861,0.01665912840639271,0.0001964865698052084,0.00038874558064479165,0.00014920379436527778,0.001045244517821528,0.0004958242142760417,0.0042459959104048615,0.044845859444649305,0.00030661328698575364,7.897086733127647e-05,0.0003066047625511275,0.00030116179774084564,0.00024763589634123145,0.00026309916815722874,0.009570147798865785,0.00011215836696403528,0.0002237811129326353,8.55690838004294e-05,0.0005987144149485352,0.0002875340780542588,0.002439513216051313,0.025730321141805394
2026-07-03 15:26:06.430999994,4964.33287756,1279.08294474,4945.279350220589,4855.964108297142,3987.049251085715,4244.137628342858,154358.29968454866,1805.0367032485715,3614.85859586,1382.4964581171428,9664.488166105715,4657.4982144000005,39393.58842046748,414640.8325839792,0.0025780722137734003,0.0027186443498571308,0.0024930209216803842,0.002968872792357245,0.0029685916432011243,0.0006074017435570918,0.002644170342959991,0.004207075322469825,22130.249968391116,6568.052480953879,23719.77201650915,27027.38006067693,16823.000931487015,84084.98785463671,24218.84524235082,102853.21202304935,20795.4326499285,6426.320822154348,14158.423010747496,16513.666679240334,16006.496524836895,23933.56461911855,22913.724607556276,85619.77093926644,0.0,0.0,98.10749097479149,0.0,0.0,0.0,0.0,0.0,0.0005444841921611112,0.00013977721418333334,0.0005472985795833334,0.0005260480902555555,0.0004336324730444445,0.00046650473908888885,0.016904183741055553,0.00019851857541111113,0.0003952550276777778,0.00015145595531666667,0.00105971525755,0.0005075923097333333,0.00431722024605,0.04545071215082222,0.00031220137874432883,8.044010519142665e-05,0.0003110031235805392,0.0003053861872551313,0.0002507410973460571,0.0002669090997380064,0.009707421957939394,0.0001135167526709657,0.00022733444058408445,8.694366614381141e-05,0.0006077889224462038,0.0002929048877056,0.0024774190051093993,0.026076301249170243
2026-07-03 15:26:21.430999994,5034.18307756,1297.0220447399997,5030.1792850771435,4921.8919126,4042.5188225142865,4303.765285485714,156527.88303980572,1830.3522889628568,3665.355838717143,1401.8859295457144,9800.032323248572,4722.3702144,39963.953761371435,420576.83702132,0.00254877149143558,0.002567923236842388,0.0024455000120984925,0.0027620006963847772,0.002840216619826106,0.0006419551410654882,0.002620123416487148,0.004058595317974434,16997.130953638673,310.12116215666407,18949.23286248481,20501.570004641475,15943.025968943493,85787.59788707788,18800.643180055806,88542.04113642305,15762.891645958027,313.7272221817416,8858.985550676864,9686.11495049145,15169.2311500527,24418.187716204997,17597.58592337402,70737.41280535249,0.0,0.0,0.0,0.0,0.0,0.0,0.0,0.0,0.0005522151872591505,0.00014176187594803924,0.0005550695354656863,0.0005335173157457517,0.00043978951226013085,0.0004731285234026144,0.017144202025369284,0.00020133729109738567,0.00040086715512875826,0.00015360644061078436,0.0010747618899029413,0.0005147994862039217,0.004378519378402942,0.04609605546454772,0.00031659418021099555,8.156827525809331e-05,0.000316342386150407,0.0003095323136146222,0.00025422951706034286,0.0002706590168427682,0.009843864644503337,0.00011510882172810855,0.00023051015607932252,8.816304845809713e-05,0.000616313143884299,0.0002969846157056,0.0025132886476595807,0.026449609972674124
2026-07-03 15:26:36.430999994,5116.538184177778,1320.0238281000002,5100.326527934286,4989.047204266666,4093.8305501888885,4357.018064388889,158722.8482676574,1852.9494399,3725.287851580555,1422.147949425,9929.700849600002,4797.5120464,40545.19631142476,425998.39966385596,0.00254877149143558,0.002690305710688575,0.0024455000120984925,0.0029119588191115703,0.0029384795884331324,0.0006419551410654882,0.002620123416487148,0.0039886077905174604,16997.130953638673,324.90096338758246,18949.23286248481,29482.09524620565,9442.758993188543,85787.59788707788,18800.643180055806,86290.19393474053,15762.891645958027,328.6788815665078,8858.985550676864,9325.173738667689,8820.078997516684,24418.187716204997,17597.58592337402,67919.15191540467,0.0,0.0,0.0,0.0,0.0,0.0,0.0,0.0,0.0005599461823571896,0.00014374653771274511,0.0005628404913480393,0.0005409865412359478,0.00044594655147581707,0.0004797523077163399,0.017384220309683007,0.00020415600678366016,0.00040647928257973864,0.000155756925904902,0.0010898085222558825,0.0005220066626745099,0.004439818510755883,0.046741398778273206,0.00032177340136051353,8.301483185606667e-05,0.0003207538683123117,0.00031375563529054807,0.0002574564546007679,0.00027400802493823454,0.009981903568832674,0.00011652993144259998,0.00023427921377717714,8.943730437494999e-05,0.0006244678534304,0.00030171020202915557,0.0025498423458073793,0.026790566023304718
2026-07-03 15:26:51.430999994,5186.559517511111,1338.031994766667,5184.141149644444,5051.4097192864865,4149.243841855556,4416.558606055556,160889.0856417832,1878.2279398999997,3775.913309913889,1441.549324425,10065.1648496,4862.523213066666,41111.0863053961,431842.4387546166,0.00254877149143558,0.002690305710688575,0.0024414966542039163,0.0029119588191115703,0.0029384795884331324,0.0006419551410654882,0.002620123416487148,0.004013080172383102,16997.130953638673,324.90096338758246,17886.38433575474,29482.09524620565,9442.758993188543,85787.59788707788,18800.643180055806,89750.40342503897,15762.891645958027,328.6788815665078,8360.409733767905,9325.173738667689,8820.078997516684,24418.187716204997,17597.58592337402,66357.1709929862,0.0,0.0,0.0,0.0,0.0,0.0,0.0,0.0,0.0005676771774552288,0.000145731199477451,0.0005706114472303922,0.0005484557667261438,0.00045210359069150334,0.0004863760920300654,0.01762423859399673,0.00020697472246993464,0.00041209141003071897,0.0001579074111990196,0.0011048551546088236,0.0005292138391450981,0.004501117643108824,0.047386742091998696,0.00032617696521236545,8.414734544865927e-05,0.0003260248767443062,0.0003176775445684613,0.0002609413349433605,0.00027775246344749385,0.01011813583036103,0.00011811966822037775,0.00023746299260125122,9.065743529161664e-05,0.0006329870338748444,0.00030579868206619256,0.0025854305387615767,0.027158091148345886
2026-07-03 15:27:06.430999994,5252.484739862162,1363.5669094783786,5254.473816311111,5118.501354421621,4197.689077059459,4479.5836340540545,163065.19346883206,1901.8447211675675,3828.7502331270266,1463.328035854054,10210.298973981082,4930.481857037838,41688.73691881412,437221.745062075,0.00254877149143558,0.002690305710688575,0.0024414966542039163,0.0029119588191115703,0.0029384795884331324,0.0006419551410654882,0.0026560780405148606,0.004014598251745683,16997.130953638673,324.90096338758246,17886.38433575474,29482.09524620565,9442.758993188543,85787.59788707788,17165.797661415054,87797.09596157992,15762.891645958027,328.6788815665078,8360.409733767905,9325.173738667689,8820.078997516684,24418.187716204997,16067.3545259587,64992.04729405391,0.0,0.0,0.0,0.0,0.0,0.0,0.0,0.0,0.0005790665718123457,0.0001489250038506173,0.0005816412546617284,0.000555216297708642,0.00045702756956851853,0.0004923918998033952,0.01787276090836389,0.00020904963728518518,0.00041903652528641985,0.0001604466406861111,0.0011202682146962963,0.0005379378050962964,0.0045730292142410495,0.04797186643914012,0.00033032292919577596,8.575320786275135e-05,0.0003304480200035654,0.0003218968629558486,0.00026398800195729483,0.0002817160374305105,0.01025498883370655,0.000119604901353427,0.00024078584799443298,9.20270742548216e-05,0.0006421143576970325,0.0003100725256759352,0.002621758344005421,0.027496389745014935
2026-07-03 15:27:21.430999994,5322.451510132432,1381.6750310999998,5340.854375494595,5186.972769410526,4253.010536518918,4539.170525945946,165242.1974979404,1927.1011535999996,3879.404949343243,1482.7609817999999,10345.8913929,4995.531911091892,42263.703015911095,443193.8651873555,0.00254877149143558,0.002707661097378765,0.0024414966542039163,0.0029119588191115703,0.0029384795884331324,0.0006419551410654882,0.002515022580257425,0.004019558298369249,16997.130953638673,307.2336367860964,17886.38433575474,29482.09524620565,9442.758993188543,85787.59788707788,17725.01234300937,86282.6734939266,15762.891645958027,310.76505789858027,8360.409733767905,9325.173738667689,8820.078997516684,24418.187716204997,16574.846218664476,64063.60904077252,0.0,0.0,0.0,0.0,0.0,0.0,0.0,0.0,0.0005868467199604939,0.0001509259112580247,0.0005894559954024692,0.0005626760014123456,0.0004631680417907407,0.0004990075155441359,0.018112893450030556,0.00021185835950740737,0.00042466656232345687,0.00016260234901944445,0.0011353197702518518,0.0005451653606518518,0.004634470931833642,0.04861640067062161,0.00033472306163721734,8.689200751139998e-05,0.0003358803973922156,0.0003262029541651508,0.0002674671070744119,0.0002854633908539339,0.010391898198203808,0.00012119325032639994,0.0002439714668142528,9.32491906332e-05,0.0006506416142645998,0.00031416345129755673,0.0026579173230006307,0.0278719697440048
2026-07-03 15:27:36.430999994,5397.835021642106,1406.8407265578946,5411.399010629729,5254.082256252631,4312.22086216842,4607.498985894737,167432.90532762077,1951.0649592789473,3934.5193560815787,1505.1040285657893,10481.123914973683,5054.818867957894,42861.37719582276,448668.4571853084,0.00254877149143558,0.002707661097378765,0.002441496654203917,0.0029119588191115703,0.0029384795884331324,0.0006368692201905985,0.0026684226156872158,0.004020291233685844,16997.130953638673,307.2336367860964,17886.384335754745,29482.09524620565,9442.758993188543,63151.288923815264,18806.122923389452,87365.40286476271,15762.891645958027,310.76505789858027,8360.409733767907,9325.173738667689,8820.078997516684,17980.1013176913,17585.804138941363,64958.54422201484,0.0,0.0,0.0,0.0,0.0,0.0,0.0,0.0,0.0005946268681086421,0.00015292681866543208,0.0005972707361432098,0.0005701357051160494,0.00046930851401296293,0.0005056231312848766,0.01835302599169722,0.0002146670817296296,0.0004302965993604938,0.00016475805735277778,0.0011503713258074074,0.0005523929162074073,0.004695912649426234,0.049260934902103086,0.0003394638469166035,8.847465013686313e-05,0.00034031687111293625,0.0003304233952265543,0.00027119077866525845,0.0002897604917796023,0.010529669379492594,0.00012270030743909821,0.000247437550615797,9.465432001869296e-05,0.0006591462373194561,0.0003178919421404631,0.002695504388092853,0.028216260751876054
2026-07-03 15:27:51.430999994,5467.872074273684,1425.0401476105262,5473.107053289474,5357.64,4429.711578947368,4667.199143789474,170064.40792928523,1976.3046698052633,3985.2315534499994,1524.5746206710528,10616.71167813158,5119.794841642106,43508.51540971458,455647.50095560245,0.0025632448356240783,0.002707661097378765,0.002440241385311352,0.0029119588191115703,0.0027691352475490514,0.0006368692201905985,0.0026684226156872158,0.00402923108175095,15563.689833769216,307.2336367860964,19548.889081174417,29482.09524620565,9694.422512811854,63151.288923815264,18806.122923389452,81751.78271916247,14433.539232601119,310.76505789858027,9003.878226224353,9325.173738667689,9039.133515921987,17980.1013176913,17585.804138941363,59461.59984869369,0.0,0.0,0.0,0.0,0.0,0.0,0.0,0.0,0.0006024070162567903,0.00015492772607283954,0.0006050854768839506,0.0005775954088197532,0.0004754489862351852,0.0005122387470256174,0.01859315853336389,0.00021747580395185186,0.0004359266363975309,0.00016691376568611112,0.001165422881362963,0.000559620471762963,0.004757354367018828,0.04990546913358457,0.0003438683993376561,8.96191915052842e-05,0.00034419762135131575,0.00033395077347039994,0.00027467302415648656,0.00029351496837609354,0.010664281976620638,0.00012428760478997542,0.00025062678436141105,9.587880392220176e-05,0.0006676732010913859,0.0003219782089299369,0.0027293699876041366,0.028581573463301847
2026-07-03 15:28:06.430999994,5604.941538461539,1462.6369230769233,5543.5379743421045,5357.64,4429.393846153846,4787.212307692308,172591.589891599,2018.6430769230765,4060.4799999999996,1560.3815384615384,10853.181538461537,5189.433846153845,44255.20306059757,462913.69553005585,0.002561657468078666,0.0027093014536038284,0.002440241385311352,0.0029201425182921923,0.0029303215309918985,0.0006368692201905986,0.00269870811300774,0.0040061605287306555,16188.501661427452,49.29717639238508,19548.889081174417,27256.30511109324,9426.353865271396,63151.28892381527,17579.22763499359,82747.4009603585,14995.817801376194,49.29717639238508,9003.878226224353,8621.157299455923,8789.184816724224,17980.101317691304,16438.521398707584,59642.77151027833,0.0,0.0,0.0,0.0,0.0,0.0,0.0,0.0,0.0006103241471438597,0.0001585952822842105,0.0006137564361842104,0.0005839507656321638,0.00048202677890906435,0.000520245307053801,0.018833822704887426,0.00021994650291988304,0.0004424553551143275,0.00016967265289619885,0.0011815529466637428,0.0005652200577923977,0.004826794917226609,0.05051005672934386,0.00034839585988567854,9.11803640576359e-05,0.0003486269437197368,0.00033816247380373337,0.00027813531822440336,0.00029796653724576636,0.010800347715986838,0.0001258416273732974,0.0002540352515480296,9.727373519768205e-05,0.000676584207773682,0.0003255222527619281,0.002767232948929034,0.028951932766900897
2026-07-03 15:28:21.430999994,5604.941538461539,1462.6369230769233,5637.0215384615385,5356.498461538461,4429.393846153846,4787.212307692308,172954.12307692308,2018.6430769230765,4060.4799999999996,1560.3815384615384,10853.181538461537,5189.433846153845,44354.624615384615,463918.1723076923,0.002561657468078666,0.0027093014536038284,0.002429037709103238,0.00291419377652051,0.0029303215309918985,0.0006368692201905986,0.00269870811300774,0.004022768643130817,16188.501661427452,49.29717639238508,26647.270345714987,28532.95615275814,9426.353865271396,63151.28892381527,17579.22763499359,82332.3973657146,14995.817801376194,49.29717639238508,8240.93533739045,8864.045261669025,8789.184816724224,17980.101317691304,16438.521398707584,59399.43745184041,0.0,0.0,0.0,0.0,0.0,0.0,0.0,0.0,0.0006181060418807018,0.00016061744017894735,0.0006215820940789473,0.0005913963884391814,0.00048817282715467834,0.000526878657930994,0.01907396202506287,0.0002227509152005848,0.0004480968507283625,0.00017183605201900586,0.0011966182536812865,0.0005724268560380116,0.004888338623366959,0.05115408162408071,0.0003528019667061914,9.233015919438802e-05,0.0003532159147011099,0.00034210826994443994,0.00028161731394235216,0.0003017298180320912,0.010936466955264177,0.00012742850512543414,0.000257227239992474,9.85003684626393e-05,0.0006851160143719726,0.00032960172436876577,0.0028022644199470143,0.029322538621025258
2026-07-03 15:28:36.430999994,5587.836923076923,1464.4799999999998,5637.0215384615385,5356.498461538461,4435.790769230768,4792.4338461538455,172956.11076923076,2009.5107692307688,4067.138461538462,1567.2830769230768,10865.750769230766,5182.375384615384,44410.913846153846,463839.0707692307,0.002561657468078666,0.0027093014536038284,0.002429037709103238,0.00291419377652051,0.0029303215309918985,0.000618552836152052,0.00269870811300774,0.0039969319866036725,16188.501661427452,49.29717639238508,26647.270345714987,28532.95615275814,9426.353865271396,66160.64217046312,17579.22763499359,80295.15555739022,14995.817801376194,49.29717639238508,8240.93533739045,8864.045261669025,8789.184816724224,18833.144855850587,16438.521398707584,57996.88597580472,0.0,0.0,0.0,0.0,0.0,0.0,0.0,0.0,0.0006258879366175439,0.0001626395980736842,0.0006294077519736841,0.0005988420112461989,0.0004943188754002925,0.0005335120088081871,0.01931410134523831,0.00022555532748128656,0.00045373834634239766,0.0001739994511418129,0.0012116835606988308,0.0005796336542836258,0.00494988232950731,0.051798106518817555,0.0003562064440917083,9.393041055749164e-05,0.00035764723996606725,0.00034631669926943993,0.0002857599651082977,0.0003058178944980667,0.011073463346820259,0.00012893906711220496,0.0002607504861490305,9.985178732036331e-05,0.0006936690692301298,0.00033327161413184,0.0028391304913549863,0.02968490735966965
2026-07-03 15:28:51.430999994,5587.836923076923,1464.4799999999998,5617.839999999999,5346.206153846154,4435.790769230768,4792.4338461538455,172923.51076923075,2009.5107692307688,4067.138461538462,1567.2830769230768,10865.750769230766,5182.375384615384,44401.36615384615,463909.4061538461,0.002561657468078666,0.0027093014536038284,0.002429037709103238,0.00291419377652051,0.0029303215309918985,0.0006472685455832148,0.00269870811300774,0.004027219673767357,16188.501661427452,49.29717639238508,26647.270345714987,28532.95615275814,9426.353865271396,69232.08516661024,17579.22763499359,79209.57960568152,14995.817801376194,49.29717639238508,8240.93533739045,8864.045261669025,8789.184816724224,19707.45515522599,16438.521398707584,57017.79335460096,0.0,0.0,0.0,0.0,0.0,0.0,0.0,0.0,0.000633669831354386,0.00016466175596842106,0.0006372334098684211,0.0006062876340532166,0.0005004649236459066,0.0005401453596853801,0.019554240665413742,0.00022835973976198835,0.00045937984195643274,0.00017616285026461989,0.0012267488677163744,0.0005868404525292397,0.005011426035647661,0.05244213141355439,0.00036060019596670834,9.508574626582498e-05,0.0003616019915967921,0.0003500844917539642,0.00028925002959163113,0.0003095851763480666,0.011208690068669817,0.00013052500618720498,0.0002639465348573639,0.00010107995543703,0.00070220113718013,0.00033734607833184,0.0028733671912605425,0.03004621092138301
2026-07-03 15:29:06.430999994,5575.612307692309,1485.32,5617.839999999999,5346.206153846154,4434.778461538461,4777.452307692308,172883.93846153846,2000.4953846153844,4070.855384615384,1566.467692307692,10860.316923076922,5164.7292307692305,44415.624615384615,464627.7969230769,0.002700141830576929,0.002573028011917012,0.002429037709103238,0.0029709048662051344,0.0030065933515887474,0.0006479797222810793,0.00269870811300774,0.00399089186991946,40542.929627699275,46.81760887010126,26647.270345714987,34842.24670426989,13382.998645946513,63880.63249029083,17579.22763499359,78319.87313951223,39270.96541040975,46.81760887010126,8240.93533739045,16167.928629326656,12541.700791288491,18199.71389117754,16438.521398707584,56482.57775528751,0.0,0.0,0.0,0.0,0.0,0.0,0.0,0.0,0.0006398788014791668,0.00016825593465138888,0.0006445013361538889,0.0006124369023402777,0.0005080096573455557,0.0005486435883483333,0.019798243543240557,0.00023096634115916666,0.00046628663670361106,0.00017886279536611114,0.001242557515605,0.0005919681305883333,0.005081018744909722,0.05311306972356,0.00036377990670531164,9.780688001962926e-05,0.00036602748428012555,0.0003542876307620942,0.00029283559413741355,0.0003121200287454742,0.011340116596958065,0.0001318972289342764,0.0002675161776836672,0.00010213707574358534,0.0007105543950517575,0.00034067129449553166,0.0029069780719221824,0.03046753889294053
2026-07-03 15:29:21.430999994,5575.612307692309,1485.32,5578.08923076923,5324.16,4434.778461538461,4777.452307692308,172770.62461538462,2000.4953846153844,4070.855384615384,1566.467692307692,10860.316923076922,5164.7292307692305,44364.27692307692,465623.9015384615,0.002700141830576929,0.002826096806201831,0.0024290377091032377,0.0028607333999558318,0.0030065933515887474,0.0006479797222810793,0.002870969235756295,0.003941094435158948,40542.929627699275,16695.11256903887,26647.27034571498,27121.23034239271,13382.998645946513,63880.63249029083,24699.23209701892,58396.54240144021,39270.96541040975,16661.7074972022,8240.935337390449,8167.352442375701,12541.700791288491,18199.71389117754,23512.806101092247,38404.10351015617,0.0,0.0,0.0,0.0,0.0,0.0,0.0,0.0,0.0006476416139791667,0.00017029716381805556,0.0006523202278205556,0.000619866798173611,0.0005141726740122223,0.0005552995633483332,0.020038429734907222,0.00023376835365916662,0.0004719434825369444,0.00018103270369944444,0.001257631840605,0.0005991497055883333,0.005142660099076389,0.05375742112356,0.0003681590441036856,9.898101250743413e-05,0.00036844815229500376,0.0003564321468278857,0.0002963267971780639,0.00031587249370482385,0.011469231035679752,0.00013348060243021135,0.00027071669600887044,0.0001033631904996829,0.0007190843164582617,0.0003447368172760195,0.0029374465709164177,0.030890066783910736
2026-07-03 15:29:36.430999994,5548.212307692307,1538.756923076923,5578.08923076923,5324.16,4408.464615384616,4756.147692307692,172584.0123076923,1989.0861538461538,4071.0738461538454,1592.9815384615383,10838.56923076923,5139.624615384614,44575.1479294,465726.41538461536,0.002700141830576929,0.002826096806201831,0.0024327794539816157,0.0029922562992893862,0.0030065933515887474,0.0006479797222810793,0.002870969235756295,0.004262906466887133,40542.929627699275,16695.11256903887,29058.63416338774,28368.135366181272,13382.998645946513,63880.63249029083,24699.23209701892,65528.121178429945,39270.96541040975,16661.7074972022,8867.921102695927,8542.848415931581,12541.700791288491,18199.71389117754,23512.806101092247,46134.935306778374,0.0,0.0,0.0,0.0,0.0,0.0,0.0,0.0,0.0006554044264791667,0.00017233839298472217,0.0006601391194872222,0.0006272966940069443,0.0005203356906788888,0.0005619555383483333,0.020278615926573887,0.00023657036615916665,0.00047760032837027775,0.0001832026120327778,0.001272706165605,0.0006063312805883333,0.005204301453243056,0.05440177252356,0.0003709725430351365,0.00010348312735087142,0.0003728496950104509,0.00036061114943106035,0.00029839041589128896,0.00031845876883552376,0.011595049710970034,0.00013447869290271426,0.0002742694214966592,0.0001061167187125,0.0007265918780963143,0.00034736068086171424,0.0029843109777050753,0.031273575071994276
2026-07-03 15:29:51.430999994,5548.212307692307,1538.756923076923,5553.987692307693,5307.409230769231,4408.464615384616,4756.147692307692,172509.14769230766,1989.0861538461538,4071.0738461538454,1592.9815384615383,10838.56923076923,5139.624615384614,45034.92264457692,465741.24307692307,0.002700141830576929,0.002826096806201831,0.0024327794539816157,0.0029922562992893862,0.0028638476905891784,0.0006479797222810793,0.002870969235756295,0.0043322068261525855,40542.929627699275,16695.11256903887,29058.63416338774,28368.135366181272,4757.162493992665,63880.63249029083,24699.23209701892,64558.653947121136,39270.96541040975,16661.7074972022,8867.921102695927,8542.848415931581,4503.645997447601,18199.71389117754,23512.806101092247,45333.799208281795,0.0,0.0,0.0,0.0,0.0,0.0,0.0,0.0,0.0006631672389791668,0.0001743796221513889,0.0006679580111538891,0.0006347265898402777,0.0005264987073455556,0.0005686115133483334,0.02051880211824056,0.0002393723786591667,0.0004832571742036111,0.00018537252036611112,0.001287780490605,0.0006135128555883333,0.005265942807409723,0.05504612392356001,0.00037533327655894604,0.0001046962742318238,0.0003754262026762767,0.0003632295512927379,0.0003018649955579555,0.0003221975424783809,0.011725773265363124,0.0001360552050455714,0.00027747405509983376,0.00010736073954583332,0.0007351098142391713,0.00035140940014742844,0.0030461898886068027,0.03163755244885961
2026-07-03 15:30:06.430999994,5537.978461538461,1594.8414711923076,5553.987692307693,5307.409230769231,4389.7261538461535,4751.719999999999,172352.30153846153,1978.4030769230767,4057.9046153846143,1617.9569230769227,10822.101538461537,5125.024615384615,45615.69747018076,465383.87076923077,0.002700141830576929,0.002826096806201831,0.002698881496668194,0.0029922562992893862,0.0030145804829629285,0.0006479797222810793,0.002870969235756295,0.004757963153067649,40542.929627699275,16695.11256903887,42158.493850265964,28368.135366181272,5007.546056237089,63880.63249029083,24699.23209701892,76660.64522244832,39270.96541040975,16661.7074972022,23819.893191157407,8542.848415931581,4740.686235058311,18199.71389117754,23512.806101092247,57623.807031626704,0.0,0.0,0.0,0.0,0.0,0.0,0.0,0.0,0.0006658881181396826,0.00018524867185158733,0.0006688681945838625,0.0006355722110095239,0.0005284472257544974,0.0005709142582547618,0.020702165430503176,0.00024073488973809528,0.0004890696774997354,0.00018996315347222223,0.0013006968753380955,0.0006165572037338625,0.0052965551316534396,0.055893435437887044,0.0003782411657401493,0.00010918248551472712,0.00037980645196992747,0.00036739067579661386,0.0003044194032904889,0.00032502469806428935,0.011851555007053389,0.00013695025570509145,0.0002804105740361333,0.00010996983112463566,0.0007425377731638495,0.0003546069430246201,0.003113819458534841,0.03200658171751128
2026-07-03 15:30:21.430999994,5537.978461538461,1594.8461538461538,5530.470769230769,5294.84923076923,4389.7261538461535,4751.719999999999,172280.85538461537,1978.4030769230767,4057.9046153846143,1617.9569230769227,10822.101538461537,5125.024615384615,45926.94825628461,465670.9661538461,0.003815594577910474,0.002826096806201831,0.002698881496668194,0.0029922562992893862,0.0033984841030824196,0.0006208961269765004,0.002870969235756295,0.004774686977257725,67818.04843765231,16695.11256903887,42158.493850265964,28368.135366181272,17071.58858461228,68490.0333663288,24699.23209701892,77076.47228044327,65916.41144815345,16661.7074972022,23819.893191157407,8542.848415931581,16983.81692093818,19509.046183220984,23512.806101092247,57814.18907782013,0.0,0.0,0.0,0.0,0.0,0.0,0.0,0.0,0.0006735925943301587,0.00018739204089920637,0.0006766071509330689,0.0006429259252952381,0.0005345614797227512,0.000577519865397619,0.020941694168598413,0.0002435202468809524,0.0004947283243251323,0.0001921610701388889,0.0013157462324809525,0.0006236909100830688,0.00535783747292328,0.056540135132331484,0.00038258521354635086,0.0001104331239410837,0.0003828450378487039,0.00037031496598638784,0.00030788351195715555,0.0003287530146534367,0.011982766873918698,0.00013851896199966509,0.00028361214645473797,0.00011122948825641859,0.0007510432240863301,0.000358645967288186,0.0031668690681436037,0.03237791864502876
2026-07-03 15:30:36.430999994,5511.363076923076,1648.2374795230767,5530.470769230769,5294.84923076923,4383.732307692307,4724.018461538461,172105.7446153846,1962.9938461538459,4052.7599999999998,1642.2215384615383,10785.058461538461,5110.950769230768,46163.01748044743,465519.3969230769,0.003815594577910474,0.002826096806201831,0.002698881496668194,0.00286335162421771,0.0033984841030824196,0.0006208961269765004,0.002870969235756295,0.005384861099557238,67818.04843765231,16695.11256903887,42158.493850265964,27146.052460838124,17071.58858461228,68490.0333663288,24699.23209701892,108362.52270953657,65916.41144815345,16661.7074972022,23819.893191157407,8174.827434739642,16983.81692093818,19509.046183220984,23512.806101092247,88286.44944089396,0.0,0.0,0.0,0.0,0.0,0.0,0.0,0.0,0.000681297070520635,0.0001895354099468254,0.0006843461072822751,0.0006502796395809524,0.0005406757336910052,0.0005841254725404762,0.02118122290669365,0.0002463056040238095,0.000500386971150529,0.00019435898680555556,0.0013307955896238097,0.000630824616432275,0.005419119814193123,0.057186834826775924,0.00038552377729206006,0.0001147515412911515,0.0003872099903603318,0.0003744622387969939,0.00031091328999164843,0.00033126597135650496,0.012109905405091647,0.00013934588899990752,0.000286719812301297,0.00011385571497357725,0.0007578441752851877,0.0003621968663474666,0.003216331645197576,0.03275249982085509
2026-07-03 15:30:51.430999994,5511.363076923076,1648.5569230769227,5496.618461538461,5274.6861538461535,4383.732307692307,4724.018461538461,172018.82153846152,1962.9938461538459,4052.7599999999998,1642.2215384615383,10785.058461538461,5110.950769230768,46437.67444351538,465652.45538461534,0.003936738485023656,0.00270576955131026,0.0026988814966681933,0.0033171173340112562,0.0033984841030824196,0.0006245732868434022,0.002870969235756295,0.008007615455192792,65798.91982497199,17564.753741556473,42158.49385026596,32773.04784240308,17071.58858461228,62636.493430834635,24699.23209701892,177492.59510426805,64346.85329337397,17529.58515786926,23819.8931911574,14615.986302361564,16983.81692093818,17850.349978696948,23512.806101092247,154475.91241878853,0.0,0.0,0.0,0.0,0.0,0.0,0.0,0.0,0.0006890015467111111,0.00019167877899444445,0.0006920850636314814,0.0006576333538666667,0.0005467899876592592,0.0005907310796833332,0.02142075164478889,0.0002490909611666666,0.0005060456179759259,0.0001965569034722222,0.0013458449467666667,0.0006379583227814813,0.005480402155462963,0.05783353452122038,0.0003898520457541813,0.00011603653280630301,0.0003898078919130898,0.0003769690544353067,0.0003143725662189212,0.0003349806593716566,0.012240237950185286,0.00014090628882566512,0.0002899203364831152,0.00011513067499630451,0.0007663305391639757,0.0003662304546277696,0.0032673032277494647,0.033126491245619484
2026-07-03 15:31:06.430999994,5490.033846153847,1704.1982150230767,5496.618461538461,5274.6861538461535,4375.135384615384,4704.430769230769,171896.37538461536,1947.0184615384612,4047.0338461538454,1667.4399999999998,10757.375384615381,5076.606153846153,46660.905983742305,465238.5815384615,0.003936738485023656,0.003758676702036988,0.0026988814966681933,0.0031840219911246767,0.0033984841030824196,0.0006245732868434022,0.003543625999079893,0.008616720446289909,65798.91982497199,25331.588417535142,42158.49385026596,34360.348732363025,17071.58858461228,62636.493430834635,18917.83480191939,192757.65126019323,64346.85329337397,25268.78587953046,23819.8931911574,15315.869580208126,16983.81692093818,17850.349978696948,18314.389190820984,164753.0140940394,0.0,0.0,0.0,0.0,0.0,0.0,0.0,0.0,0.000691519142325505,0.00020523543791919186,0.0006942330319247474,0.0006597796845247474,0.0005508507394969696,0.0005934885723297979,0.02161426248254318,0.0002493020843406565,0.0005110415448454545,0.0002036979150280303,0.0013558500638949493,0.0006420635310522726,0.005739154937519444,0.058517679132814894,0.00039279339436453187,0.00012037962933074518,0.0003941531468070292,0.0003810983577464177,0.0003171071181556899,0.0003377503165839012,0.012366721829654965,0.00014161951007741328,0.0002928503818660499,0.0001177110475113733,0.0007734799234602665,0.0003690561820556799,0.0033150711654684048,0.03349382427497151
2026-07-03 15:31:21.430999994,5490.033846153847,1704.8553846153845,5472.2615384615365,5260.587692307692,4375.135384615384,4704.430769230769,171834.82153846152,1947.0184615384612,4047.0338461538454,1667.4399999999998,10757.375384615381,5076.606153846153,46956.499444999354,465618.2061538461,0.003936738485023656,0.003758676702036988,0.002715486040998046,0.0032262000041849283,0.0033984841030824196,0.0006245732868434022,0.003543625999079893,0.009785967416950656,65798.91982497199,25331.588417535142,35586.31944483614,34815.51243463271,17071.58858461228,62636.493430834635,18917.83480191939,208691.37286231466,64346.85329337397,25268.78587953046,16807.431765495538,15518.755411079834,16983.81692093818,17850.349978696948,18314.389190820984,180509.4706608408,0.0,0.0,0.0,0.0,0.0,0.0,0.0,0.0,0.0006991662597497475,0.00020750574094949493,0.0007019101607126263,0.0006670758133126263,0.0005569422849515152,0.000600051625360101,0.021853282334815913,0.0002520589744921717,0.0005166928630272728,0.00020595049457348483,0.0013708436396525252,0.0006491637469613635,0.0058359381458527775,0.059164792909330056,0.0003971064338534208,0.00012169822695296735,0.00039680992279991995,0.0003837892561435825,0.00032055850649643066,0.00034145463984316043,0.012497358894960814,0.000143170630981117,0.00029604795274753133,0.00011900030537063255,0.0007819516437565627,0.0003730766121223466,0.003366528051522959,0.03387279391527022
2026-07-03 15:31:36.430999994,5463.261538461538,1757.2322150769228,5472.2615384615365,5260.587692307692,4378.347692307692,4685.313846153846,171662.44307692305,1931.947692307692,4045.7723076923075,1688.3353846153846,10716.024615384613,5048.218461538461,47155.58812661961,465288.2923076923,0.005688639978431391,0.003758676702036988,0.002715486040998046,0.00337424104482011,0.003282059700466685,0.0006356528581244273,0.003543625999079893,0.010444698231682089,65652.8276848497,25331.588417535142,35586.31944483614,36413.096181574736,17863.9644987015,66519.7892885904,18917.83480191939,229281.65917841444,64347.73078805078,25268.78587953046,16807.431765495538,16230.866469736764,17772.099243083583,18959.18020553967,18314.389190820984,200675.81327493786,0.0,0.0,0.0,0.0,0.0,0.0,0.0,0.0,0.0007068133771739899,0.00020977604397979794,0.000709587289500505,0.000674371942100505,0.0005630338304060605,0.000606614678390404,0.022092302187088634,0.00025481586464368676,0.0005223441812090909,0.00020820307411893938,0.0013858372154101008,0.0006562639628704544,0.00593272135418611,0.0598119066858452,0.0004000688739739237,0.0001258890290665739,0.0004011367663999199,0.00038790314101314776,0.0003235689982096831,0.00034432003235422223,0.012624416999319642,0.00014398147916572167,0.00029936902047996664,0.00012136906950261736,0.0007884378332609113,0.00037577745709486374,0.003414377196157592,0.0342359418534288
2026-07-03 15:31:51.430999994,5463.261538461538,1758.230769230769,5442.276923076922,5229.60923076923,4378.347692307692,4685.313846153846,171573.3415384615,1931.947692307692,4045.7723076923075,1688.3353846153846,10716.024615384613,5048.218461538461,47426.02049909846,465028.13538461534,0.005688639978431391,0.003758676702036988,0.002575282410921725,0.00337424104482011,0.0037842965191968976,0.0006356528581244273,0.003543625999079893,0.010727939742473358,65652.8276848497,25331.588417535142,33748.95733289988,36413.096181574736,39969.3462288672,66519.7892885904,18917.83480191939,240338.25793428364,64347.73078805078,25268.78587953046,15939.644964088722,16230.866469736764,39157.48618174775,18959.18020553967,18314.389190820984,210679.21773065728,0.0,0.0,0.0,0.0,0.0,0.0,0.0,0.0,0.0007144604945982324,0.000212046347010101,0.0007172644182883839,0.0006816680708883839,0.0005691253758606062,0.000613177731420707,0.022331322039361362,0.00025757275479520195,0.0005279954993909091,0.00021045565366439395,0.0014008307911676768,0.0006633641787795455,0.006029504562519445,0.06045902046236036,0.0004043674019884164,0.0001272385207187478,0.00040357752770203134,0.00039073940431448497,0.000327015690072002,0.0003480153520208888,0.012754784052798927,0.0001455246658613739,0.00030256791097996665,0.00012266989745913912,0.0007968882727319261,0.000379783818370226,0.003465589284954321,0.03459790212784935
2026-07-03 15:32:06.430999994,5449.418461538461,1813.5527370384616,5442.276923076922,5229.60923076923,4361.821538461539,4679.535384615385,171384.40615384612,1919.6307692307691,4037.123076923077,1710.3169230769226,10687.603076923075,5017.273846153846,47657.92174338256,464957.29538461537,0.005688639978431391,0.003758676702036988,0.0030489941147675476,0.00337424104482011,0.0037842965191968976,0.0006356528581244273,0.003543625999079893,0.011104839536220401,65652.8276848497,25331.588417535142,34631.61600830737,36413.096181574736,39969.3462288672,66519.7892885904,18917.83480191939,250090.8049792287,64347.73078805078,25268.78587953046,17670.255609295906,16230.866469736764,39157.48618174775,18959.18020553967,18314.389190820984,220515.5386125187,0.0,0.0,0.0,0.0,0.0,0.0,0.0,0.0,0.0007171458579618357,0.00022500387153043478,0.0007185119953973429,0.0006840482447954105,0.0005731598305492754,0.0006165094618111111,0.022518372481500237,0.0002574578886347826,0.0005334966833514493,0.00021702391558115942,0.0014098309105263283,0.0006657896280859903,0.006088921448271376,0.06111071837131184,0.0004074854559844741,0.0001315836727901234,0.0004078842442600023,0.000394839881633634,0.0003297410597387272,0.0003513387368943357,0.012880553044309732,0.00014633547137769926,0.0003055608521763782,0.00012506145475809643,0.0008038770310945927,0.000382503844535739,0.00351477205902846,0.03496363981793888
2026-07-03 15:32:21.430999994,5449.418461538461,1814.8621601153845,5415.698461538462,5213.652307692308,4361.821538461539,4679.535384615385,171312.51076923075,1919.6307692307691,4037.123076923077,1710.3169230769226,10687.603076923075,5017.273846153846,47949.04332372102,465078.28307692305,0.005688639978431391,0.00415524365946226,0.0029470050797914286,0.0036544681101557874,0.0037842965191968976,0.0006314089665850329,0.003543625999079893,0.0113689786410455,65652.8276848497,53741.22602684909,36376.69063260779,33827.09294957253,39969.3462288672,61410.94460852187,18917.83480191939,260201.76831706017,64347.73078805078,53089.043432841485,18557.00332893618,15147.729673016125,39157.48618174775,17503.079577930715,18314.389190820984,228903.1402497137,0.0,0.0,0.0,0.0,0.0,0.0,0.0,0.0,0.0007247404304256039,0.00022738813239999998,0.0007261210352524153,0.0006912923136359904,0.0005792295914188406,0.0006230382951444444,0.022756841977877054,0.00026018436689565215,0.000539146411612319,0.00021932219818985508,0.0014247610155987923,0.0006728403382309178,0.006185029377619203,0.06175788069377561,0.00041177156725397774,0.0001329647067688468,0.00041036292440112867,0.0003977636962371999,0.00033318022827773426,0.00035503014875249166,0.013011125646772663,0.0001478709731791177,0.000308757588062903,0.00012637372776518863,0.0008123121331087772,0.0003864967778407035,0.0035661994876466274,0.035331133242117264
2026-07-03 15:32:36.430999994,5425.449230769231,1865.6832657769228,5415.698461538462,5213.652307692308,4349.963076923077,4683.876923076923,171165.2123076923,1906.7199999999998,4036.452307692307,1731.1415384615382,10653.083076923076,5003.341538461538,48182.3217370304,464742.0923076923,0.005749466212446352,0.004307910373774922,0.0031178629040241428,0.0036544681101557874,0.0037842965191968976,0.0006052566420227485,0.003543625999079893,0.011918015404277789,69268.69987506393,58885.96223203381,38485.69351722915,33827.09294957253,39969.3462288672,42723.917895514416,18917.83480191939,281282.61444001936,67924.96280098482,58171.34512263004,19632.878370619404,15147.729673016125,39157.48618174775,12186.5358028904,18314.389190820984,248741.1920637744,0.0,0.0,0.0,0.0,0.0,0.0,0.0,0.0,0.0007323350028893721,0.0002297723932695653,0.000733730075107488,0.00069853638247657,0.0005852993522884059,0.0006295671284777777,0.022995311474253866,0.0002629108451565217,0.0005447961398731885,0.00022162048079855075,0.0014396911206712563,0.0006798910483758455,0.006281137306967029,0.062405043016239385,0.0004145534798748491,0.00013705702050847496,0.00041465054098978104,0.00040185207932053334,0.00033601181244700555,0.00035875086188834256,0.013139272623741646,0.00014864857585876665,0.00031208902031049535,0.00012872262352104163,0.0008190403590699165,0.0003896404189760667,0.0036152283469371048,0.03569735418370513
2026-07-03 15:32:51.430999994,5425.449230769231,1867.194535007692,5387.535384615385,5197.329230769229,4349.963076923077,4683.876923076923,171085.4246153846,1906.7199999999998,4036.452307692307,1731.1415384615382,10653.083076923076,5003.341538461538,48470.85922071941,464597.6153846154,0.006041201716738197,0.004307910373774922,0.0031178629040241428,0.0036544681101557874,0.0037842965191968976,0.0006379001640496729,0.0032953700000000006,0.01242275013460809,72783.48513390169,58885.96223203381,38485.69351722915,33827.09294957253,39969.3462288672,45028.16217483009,19012.887272727276,292108.62957140186,71371.56506709648,58171.34512263004,19632.878370619404,15147.729673016125,39157.48618174775,12843.796578392312,18405.934545454547,258980.34522279925,0.0,0.0,0.0,0.0,0.0,0.0,0.0,0.0,0.0007399295753531401,0.0002321566541391305,0.0007413391149625605,0.0007057804513171498,0.0005913691131579711,0.0006360959618111113,0.02323378097063068,0.00026563732341739133,0.000550445868134058,0.00022391876340724641,0.00145462122574372,0.000686941758520773,0.006377245236314855,0.06305220533870314,0.00041882409530540456,0.00013846601068903054,0.0004173153987016324,0.00040525828711128156,0.0003394447734261723,0.000362442575270287,0.013270144855813182,0.00015017628846987778,0.00031528713649105086,0.00013004555025715277,0.0008274579189310277,0.00039362466788578885,0.0036679227110746615,0.03606115141323626
2026-07-03 15:33:06.430999994,5398.741538461538,1922.9782269153843,5387.535384615385,5197.329230769229,4343.0584615384605,4688.36,170984.8923076923,1915.2553846153849,4043.4153846153845,1763.3107692307692,10631.036923076923,4974.763076923076,48713.39015359889,464810.23692307685,0.00575742046137339,0.004307910373774922,0.003287799862064787,0.003713562134474875,0.0037842965191968976,0.0006379001640496729,0.0041789790002057115,0.013865305081204518,69364.53146382356,58885.96223203381,62586.06070218647,36570.8467127189,39969.3462288672,45028.16217483009,19750.85886829659,321225.9115348654,68018.93536165648,58171.34512263004,44041.637187618624,16376.379156890476,39157.48618174775,12843.796578392312,19145.824101235445,287871.9846604775,0.0,0.0,0.0,0.0,0.0,0.0,0.0,0.0,0.0007426700837162036,0.000244819774074537,0.0007427384370032406,0.0007096602308074073,0.0005951243871502314,0.0006419976537358796,0.023433641811216897,0.00026567282192407405,0.0005566842073527777,0.00023006007584490734,0.001463833489199074,0.0006904098945791666,0.006446990935753472,0.06371183978826435,0.00042220028017277817,0.00014277793800869523,0.0004215864071877435,0.00040933979974393453,0.0003421805545021987,0.00036587046267898407,0.013398233102782965,0.00015232476869648164,0.00031868209172980635,0.00013304678467536464,0.0008349599397556776,0.00039645255808966524,0.003717696714679212,0.036444103794817724
2026-07-03 15:33:21.430999994,5398.741538461538,1924.7034961461536,5362.206153846154,5194.255384615384,4343.0584615384605,4688.36,170916.0646153846,1915.2553846153849,4043.4153846153845,1763.3107692307692,10631.036923076923,4974.763076923076,49026.12473144999,465124.1076923076,0.007692193962088347,0.004307910373774922,0.003287799862064787,0.003713562134474874,0.004110504382177226,0.0006385978444669716,0.0041789790002057115,0.014466374946859562,94212.19448949363,58885.96223203381,62586.06070218647,36570.84671271889,40691.34857684421,42392.08390551803,19750.85886829659,316284.19059482554,92264.3671795683,58171.34512263004,44041.637187618624,16376.379156890473,39896.82242328422,18146.862898072868,19145.824101235445,283387.3299427122,0.0,0.0,0.0,0.0,0.0,0.0,0.0,0.0,0.0007502153406606482,0.0002473091560189815,0.0007502843883921297,0.0007168701196962963,0.0006011706336780092,0.0006485201155414353,0.023671719057744678,0.000268371960812963,0.0005623399156861112,0.00023239740223379626,0.001478705503087963,0.0006974242070791666,0.006543037133670139,0.06435912882298658,0.0004264618674380843,0.0001442162537433891,0.0004244886296769528,0.000413073712109728,0.00034560653517566803,0.0003695595159170794,0.013529287284723978,0.00015385873265566527,0.0003218821844985138,0.00013438661255971837,0.000843368279816902,0.00040042521968150193,0.0037714092001068164,0.03682140238817255
2026-07-03 15:33:36.430999994,5364.446153846154,1971.9231162615383,5362.206153846154,5194.255384615384,4337.169230769229,4680.975384615384,170766.4769230769,1965.7067717076923,4050.3969230769226,1795.0061538461537,10598.64923076923,4966.04923076923,49293.82451973375,464830.49846153846,0.007692193962088347,0.004307910373774922,0.003287799862064787,0.003995075360075841,0.004110504382177226,0.0006385978444669716,0.0041789790002057115,0.014822454759085224,94212.19448949363,58885.96223203381,62586.06070218647,57390.49023694251,40691.34857684421,42392.08390551803,19750.85886829659,299368.43946362083,92264.3671795683,58171.34512263004,44041.637187618624,38017.78347009038,39896.82242328422,18146.862898072868,19145.824101235445,267064.95970442775,0.0,0.0,0.0,0.0,0.0,0.0,0.0,0.0,0.0007577605976050927,0.00024979853796342595,0.0007578303397810186,0.0007240800085851852,0.000607216880205787,0.0006550425773469907,0.023909796304272455,0.00027107109970185187,0.0005679956240194445,0.0002347347286226852,0.0014935775169768522,0.0007044385195791666,0.006639083331586805,0.0650064178577088,0.00042974773770296666,0.00014802448693765734,0.00042874591033681674,0.00041715179304972804,0.0003482544847563858,0.00037268343188579553,0.013657524101460426,0.00015864175068193998,0.00032521907381170313,0.00013746084896148136,0.0008501533546396588,0.0004038731868895359,0.0038236993361742957,0.037170584118308286
2026-07-03 15:33:51.430999994,5364.446153846154,1973.8578085692307,5331.963076923077,5175.412307692307,4337.169230769229,4680.975384615384,170682.0523076923,1965.8030769230768,4050.3969230769226,1795.0061538461537,10598.64923076923,4966.04923076923,49581.711721323074,464896.50769230764,0.007692193962088347,0.004307910373774922,0.003287799862064787,0.003995075360075841,0.004110504382177226,0.0006385978444669716,0.0041789790002057115,0.015160959391706886,94212.19448949363,58885.96223203381,62586.06070218647,57390.49023694251,40691.34857684421,42392.08390551803,19750.85886829659,320090.77680311503,92264.3671795683,58171.34512263004,44041.637187618624,38017.78347009038,39896.82242328422,18146.862898072868,19145.824101235445,283060.3845614064,0.0,0.0,0.0,0.0,0.0,0.0,0.0,0.0,0.000765305854549537,0.0002522879199078704,0.0007653762911699073,0.000731289897474074,0.0006132631267335648,0.0006615650391525462,0.02414787355080023,0.0002737702385907407,0.0005736513323527778,0.00023707205501157403,0.0015084495308657405,0.0007114528320791666,0.006735129529503472,0.06565370689243101,0.0004339996712029666,0.00014948628193099062,0.0004315944859139342,0.00042065832542061176,0.0003516728285497191,0.00037636689951246223,0.013788701135729484,0.00016020778778193996,0.00032842051319836976,0.00013881779811481464,0.0008585456705863252,0.0004078406940695359,0.003876842103891593,0.03754208985535708
2026-07-03 15:34:06.430999994,5337.187692307692,2025.7006050923076,5331.963076923077,5175.412307692307,4324.264615384614,4670.535384615384,170510.37846153844,2002.5045253692304,4056.2861538461534,1829.4092307692304,10574.649230769228,4957.412307692307,49832.83216259769,464980.03076923074,0.007692193962088347,0.004933709866679346,0.003446972316228769,0.003995075360075841,0.004110504382177226,0.0006385978444669716,0.0041789790002057115,0.015426566618586362,94212.19448949363,77297.19247182367,61222.21801611276,57390.49023694251,40691.34857684421,42392.08390551803,19750.85886829659,326010.1296958043,92264.3671795683,76034.7574467507,43711.450796510944,38017.78347009038,39896.82242328422,18146.862898072868,19145.824101235445,289036.3594856136,0.0,0.0,0.0,0.0,0.0,0.0,0.0,0.0,0.0007694702519833333,0.00026427083290955555,0.0007679314309795556,0.0007368501147077778,0.0006163952900242222,0.0006665952708017778,0.024347637002421776,0.00028339006749,0.0005797370706515556,0.0002455664010135556,0.0015187531663431112,0.0007163879266497777,0.006817704882986667,0.06633355173349378,0.00043727901437331894,0.00015345890389783267,0.00043583791620726756,0.0004247308729892392,0.00035422906437249156,0.0003790367240998344,0.013914189087563662,0.0001643105019598588,0.00033172799873974686,0.00014207256516939604,0.0008661134112351803,0.00041116362726399994,0.003927808738715751,0.03790074859929086
2026-07-03 15:34:21.430999994,5337.187692307692,2027.8416050923074,5313.147692307692,5176.941538461538,4324.264615384614,4670.535384615384,170457.7569230769,2002.9969230769227,4056.2861538461534,1829.4092307692304,10574.649230769228,4957.412307692307,50155.581433586325,465220.1938461538,0.00782972024037313,0.0050834736732560835,0.0035039733993612724,0.003995075360075841,0.004388445582206258,0.0006385978444669716,0.0041789790002057115,0.016180849374212387,98766.82300203171,82379.24809172396,64634.55027939907,57390.49023694251,41957.28263614745,42392.08390551803,19750.85886829659,338661.81187289476,96690.77956202875,81033.75126124946,46147.78843113781,38017.78347009038,41145.27796158786,18146.862898072868,19145.824101235445,301043.5631825853,0.0,0.0,0.0,0.0,0.0,0.0,0.0,0.0,0.0007769825019833333,0.0002668535095762222,0.0007754286576462222,0.0007440438980411112,0.0006224130866908889,0.0006731031641351111,0.02458534019575511,0.00028615691749,0.0005853969773182222,0.0002479638376802223,0.0015335805796764445,0.000723381939983111,0.006913905682986667,0.06698115860682712,0.00044152151176547576,0.00015494508302201567,0.0004389178435851651,0.00042868539944533325,0.00035763910894111897,0.0003827103674462396,0.014045821216911615,0.0001659010951363294,0.0003349304618835377,0.00014344788597985355,0.0008744977449541346,0.000415124924388183,0.003982120406171466,0.03827325671438298
2026-07-03 15:34:36.430999994,5293.695384615385,2078.0198996,5313.147692307692,5176.941538461538,4312.335384615385,4655.873846153845,170272.01846153845,2025.846275830769,4064.836923076922,1862.1907692307689,10561.464615384615,4948.406153846153,50376.56903244715,464996.9292307692,0.008200596487672105,0.0050834736732560835,0.0035039733993612724,0.004071361991523634,0.004388445582206258,0.0006296620330473483,0.004316323015824507,0.016810961259465827,103445.18538894759,82379.24809172396,64634.55027939907,62167.738180725886,41957.28263614745,44993.997527071086,19677.107782632655,366618.6635869013,101270.80443794548,81033.75126124946,46147.78843113781,41182.425855263464,41145.27796158786,19260.66918955375,19086.758985973152,327661.8596785634,0.0,0.0,0.0,0.0,0.0,0.0,0.0,0.0,0.0007844947519833333,0.0002694361862428889,0.0007829258843128888,0.0007512376813744444,0.0006284308833575555,0.0006796110574684444,0.024823043389088445,0.00028892376749,0.000591056883984889,0.0002503612743468889,0.001548407993009778,0.0007303759533164444,0.007010106482986666,0.06762876548016043,0.0004442619141372393,0.00015887103357304353,0.0004431500549446421,0.000432756826112,0.0003604003508333606,0.0003852639591397692,0.014171815193472572,0.0001688083624858538,0.000338262527942882,0.00014653798984746663,0.0008815676443915794,0.0004186216616511999,0.004031883819987562,0.038626280433515986
2026-07-03 15:34:51.430999994,5293.695384615385,2080.387745753846,5297.144615384615,5156.547692307692,4312.335384615385,4655.873846153845,170197.98769230768,2026.4092307692306,4064.836923076922,1862.1907692307689,10561.464615384615,4948.406153846153,50687.05827679776,464844.1292307692,0.007836178210107172,0.0050834736732560835,0.0035039733993612724,0.004071361991523634,0.004388445582206258,0.0006296620330473483,0.00457010558055516,0.018082365038920932,98848.28608552551,82379.24809172396,64634.55027939907,62167.738180725886,41957.28263614745,44993.997527071086,20834.04317909165,380479.317070472,96770.53032052364,81033.75126124946,46147.78843113781,41182.425855263464,41145.27796158786,19260.66918955375,20208.98422956531,339870.81751731696,0.0,0.0,0.0,0.0,0.0,0.0,0.0,0.0,0.0007920070019833335,0.00027201886290955556,0.0007904231109795555,0.0007584314647077778,0.0006344486800242222,0.0006861189508017777,0.02506074658242178,0.00029169061748999994,0.0005967167906515557,0.0002527587110135556,0.0015632354063431113,0.0007373699666497778,0.007106307282986667,0.06827637235349378,0.00044849011554749563,0.00016038046486791535,0.0004467159859748564,0.00043668522011331817,0.0003638042675769504,0.0003889269533128461,0.01430359564870809,0.0001704114595243153,0.00034146621855826666,0.00014792959518079992,0.0008899394955197846,0.0004225785676512,0.004087048432166106,0.038992797262880435
2026-07-03 15:35:06.430999994,5257.203076923077,2132.711464130769,5297.144615384615,5156.547692307692,4287.513846153845,4648.20923076923,170064.53538461536,2050.446696576923,4073.630769230769,1896.1661538461537,10547.415384615384,4943.064615384615,50935.38150020355,464556.6307692307,0.010229387943371871,0.0055179326996682284,0.0035039733993612724,0.0039030371411560645,0.004388445582206258,0.0005947271591110393,0.00457010558055516,0.018628213499977855,94807.49803569425,81490.70328957892,64634.55027939907,59597.49872553934,41957.28263614745,42497.64305594065,20834.04317909165,384585.23057896446,92831.96767313953,80218.99849210172,46147.78843113781,39479.795216108105,41145.27796158786,18192.049811616103,20208.98422956531,343325.6494831503,0.0,0.0,0.0,0.0,0.0,0.0,0.0,0.0,0.0007950444292606838,0.0002834995361696581,0.0007946255769564101,0.0007651611914743588,0.0006378976691200854,0.0006887770848903844,0.0252609731077547,0.000301380351424359,0.000602860443200641,0.0002616727790222222,0.0015742146841521366,0.0007428381057754272,0.007189981105838033,0.06889794256972798,0.000451294559619057,0.00016444923303705913,0.0004509418943594718,0.00044075531365419857,0.00036640713542414083,0.00039181729832514045,0.014430938447134174,0.00017344540850658112,0.00034481364319401586,0.00015113401110237483,0.0008974651891432817,0.0004261396625579874,0.0041380999144305045,0.03936090360106343
2026-07-03 15:35:21.430999994,5257.203076923077,2135.314964130769,5300.264615384614,5140.627692307692,4287.513846153845,4648.20923076923,170010.93538461535,2051.0861538461536,4073.630769230769,1896.1661538461537,10547.415384615384,4943.064615384615,51277.82063211538,464797.4584615384,0.010229387943371871,0.0055179326996682284,0.003601527491537011,0.004370902238315813,0.004522605169444427,0.0006275944994791573,0.00457010558055516,0.01900307953103071,94807.49803569425,81490.70328957892,67859.02173062983,57707.59871939036,43769.48147741542,40652.25731714645,20834.04317909165,388029.85683123936,92831.96767313953,80218.99849210172,49603.79180976482,38488.16536508034,42986.06431958063,17406.056462333483,20208.98422956531,346693.1480572256,0.0,0.0,0.0,0.0,0.0,0.0,0.0,0.0,0.0008025147497735044,0.0002861663759132479,0.0008020918461871795,0.000772350614551282,0.0006438913293764959,0.0006952488060442308,0.025498324171857267,0.0003042126783474359,0.000608524895123718,0.00026413144568888887,0.0015890059405623933,0.0007498177820574787,0.007286194766094445,0.06954530480370236,0.0004555094637259752,0.0001659825982320277,0.00045540367760631264,0.0004444183861071111,0.00036980362666942386,0.00039547308342576936,0.014563285643212217,0.00017506184043110943,0.0003480186698103681,0.0001525425110017459,0.0009058291544703258,0.0004300928966774843,0.00419438243360825,0.039743675973752286
2026-07-03 15:35:36.430999994,5222.778461538462,2184.222408546154,5300.264615384614,5140.627692307692,4270.643076923077,4619.181538461538,169825.70769230765,2073.5400783230766,4080.4923076923073,1928.6984615384613,10534.550769230767,4925.206153846153,51483.19513668269,464615.99692307686,0.010229387943371871,0.005794615081421919,0.003773477936872708,0.004370902238315813,0.004522605169444427,0.0006153001387720111,0.00457010558055516,0.019763392031671545,94807.49803569425,89626.71876866693,71098.86622273637,57707.59871939036,43769.48147741542,43602.90323078361,20834.04317909165,399223.72997193434,92831.96767313953,88228.04721916236,51972.06308134914,38488.16536508034,42986.06431958063,18665.715501898245,20208.98422956531,358941.5255740742,0.0,0.0,0.0,0.0,0.0,0.0,0.0,0.0,0.0008099850702863248,0.00028883321565683766,0.0008095581154179487,0.0007795400376282051,0.0006498849896329061,0.0007017205271980768,0.025735675235959828,0.00030704500527051285,0.000614189347046795,0.0002665901123555555,0.0016037971969726497,0.00075679745833953,0.007382408426350854,0.07019266703767672,0.00045867012913196657,0.0001698717556789321,0.0004596317759207782,0.0004484847554589628,0.0003728699281988625,0.00039812701667623046,0.014688921556180528,0.00017800810890719994,0.00035127681088409417,0.00015566124336359997,0.0009133298904131997,0.00043312623044776296,0.004244650058396514,0.040109662151490366
2026-07-03 15:35:51.430999994,5222.778461538462,2187.0444470076923,5291.575384615384,5117.996923076921,4270.643076923077,4619.181538461538,169753.37846153844,2074.255384615384,4080.4923076923073,1928.6984615384613,10534.550769230767,4925.206153846153,51805.14314737436,464516.9323076923,0.010229387943371871,0.005794615081421919,0.003773477936872708,0.0044570877025826485,0.004452225565816381,0.0006153001387720111,0.00457010558055516,0.020844467482991912,94807.49803569425,89626.71876866693,71098.86622273637,61733.789249669375,45719.997685323426,43602.90323078361,20834.04317909165,416533.2918157821,92831.96767313953,88228.04721916236,51972.06308134914,41173.438888142926,44901.66880789931,18665.715501898245,20208.98422956531,376365.01189331297,0.0,0.0,0.0,0.0,0.0,0.0,0.0,0.0,0.0008174553907991455,0.0002915000554004274,0.0008170243846487178,0.0007867294607051281,0.0006558786498893163,0.0007081922483519231,0.02597302630006239,0.0003098773321935897,0.0006198537989698718,0.00026904877902222214,0.0016185884533829059,0.0007637771346215811,0.007478622086607266,0.07084002927165108,0.0004628753676319666,0.00017142674459868517,0.0004636285829256798,0.00045256059464272483,0.00037626341439022065,0.00040177362540462546,0.01482086913409365,0.00017963670752448393,0.0003544823221865634,0.00015708539020310613,0.0009216859580428292,0.0004370710862378865,0.004300710457904887,0.040481909972104005
2026-07-03 15:36:06.430999994,5210.252307692308,2237.5906050999997,5291.575384615384,5117.996923076921,4251.116923076923,4607.061538461538,169598.5876923077,2098.7956770923074,4074.8953846153845,1961.9753846153844,10529.332307692306,4906.486153846153,52070.19380124414,464431.41538461536,0.01080913982551997,0.005794615081421919,0.003773477936872708,0.0044570877025826485,0.00451128443934345,0.0006153001387720111,0.00457010558055516,0.02114545596655213,101961.05895493104,89626.71876866693,71098.86622273637,61733.789249669375,46326.474495862174,43602.90323078361,20834.04317909165,423157.03204953554,99835.90424729075,88228.04721916236,51972.06308134914,41173.438888142926,45497.29046724212,18665.715501898245,20208.98422956531,382805.4330615016,0.0,0.0,0.0,0.0,0.0,0.0,0.0,0.0,0.0008204095296314817,0.00030299700168415645,0.0008245065942094651,0.0007932020932860085,0.0006606327397487656,0.0007114671074893005,0.026174501056002678,0.0003176756422288066,0.0006254741397002058,0.00027785641619670784,0.0016303002897308642,0.0007672833789185185,0.0075667853148710905,0.0715298640298249,0.00046665949743205135,0.00017548285313639025,0.0004678545730120995,0.000456627049085149,0.0003792786219161972,0.00040471266911641207,0.014948623527188842,0.0001827042545951963,0.0003576132533407822,0.00016032995473453204,0.0009304631059257669,0.0004399873683455999,0.004353187515543262,0.04085373854743857
2026-07-03 15:36:21.430999994,5210.252307692308,2240.640951253846,5279.639999999999,5104.541538461538,4251.116923076923,4607.061538461538,169541.31999999998,2099.5661538461536,4074.8953846153845,1961.9753846153844,10529.332307692306,4906.486153846153,52399.26501747417,464600.5169230769,0.012199896276447963,0.005794615081421919,0.003773477936872708,0.0044570877025826485,0.004724709882165479,0.0006153001387720111,0.0043419117986542985,0.0215938983345788,104283.74389102677,89626.71876866693,71098.86622273637,61733.789249669375,48518.14484309964,43602.90323078361,19793.761062732916,419237.964192109,102278.70412592181,88228.04721916236,51972.06308134914,41173.438888142926,47649.73274742493,18665.715501898245,19199.912456838527,378603.2753030756,0.0,0.0,0.0,0.0,0.0,0.0,0.0,0.0,0.0008278392796314814,0.00030574433193106997,0.0008319730077897119,0.0008003850253847735,0.0006666151749339506,0.0007179098790942386,0.026411527238101435,0.000320553024944856,0.0006311381921693416,0.000280372576690535,0.0016450636601012343,0.0007742316011407407,0.007663088767031584,0.07217761087859033,0.000470860944589627,0.00017706038432426907,0.00047187622777218174,0.00046076329608089515,0.0003826687269404396,0.00040835291355277575,0.015080945678981699,0.00018434578666186302,0.0003608180962741155,0.00016177045732241086,0.0009388229567984947,0.0004439230236183272,0.004409376204745513,0.041229411807165633
2026-07-03 15:36:36.430999994,5184.163076923077,2287.9634969384615,5279.639999999999,5104.541538461538,4240.956923076922,4580.427692307693,169302.43384615384,2121.8573558461535,4075.510769230769,1992.0861538461538,10499.984615384616,4890.3938461538455,52619.24954727289,463931.33538461535,0.012199896276447963,0.005525298072196169,0.003773477936872708,0.0044570877025826485,0.004857072139569733,0.0006304504607052282,0.004742456647481986,0.02140052984592264,104283.74389102677,85461.12717952351,71098.86622273637,61733.789249669375,70674.23026151488,40813.2740182991,11595.001712116771,426771.55457651103,102278.70412592181,84127.4618527462,51972.06308134914,41173.438888142926,69143.47283171002,17470.029739631693,11569.92756568958,385402.665902176,0.0,0.0,0.0,0.0,0.0,0.0,0.0,0.0,0.0008352690296314814,0.00030849166217798355,0.0008394394213699588,0.000807567957483539,0.0006725976101191358,0.0007243526506991769,0.0266485534202002,0.00032343040766090534,0.0006368022446384773,0.00028288873718436213,0.001659827030471605,0.0007811798233629629,0.007759392219192078,0.07282535772735575,0.00047432920993272057,0.00018094172891989761,0.00047610038868127263,0.0004648303665689903,0.00038590220067713645,0.00041099354929960316,0.015204455382604995,0.0001872615609261428,0.0003639526036945944,0.00016485724289995834,0.0009463290333219821,0.0004468951019017524,0.0044604377736321,0.0415818923072036
2026-07-03 15:36:51.430999994,5184.163076923077,2291.2360353999998,5255.803076923076,5084.243076923076,4240.956923076922,4580.427692307693,169224.68307692307,2122.6953846153842,4075.510769230769,1992.0861538461538,10499.984615384616,4890.3938461538455,52918.299237779924,463890.37230769225,0.012199896276447963,0.005452865383678396,0.003998464551799792,0.004249519414008873,0.004857072139569733,0.0006376241985575264,0.0049984468986824905,0.02284550597742613,104283.74389102677,84340.7931949152,94202.72317748054,58858.82294054718,70674.23026151488,43724.70791266325,12220.881424170866,455340.3269825132,102278.70412592181,83024.61126250669,75862.1245389,39255.97600318408,69143.47283171002,12504.490990712187,12194.453815283256,413588.04028621997,0.0,0.0,0.0,0.0,0.0,0.0,0.0,0.0,0.0008426987796314816,0.0003112389924248971,0.0008469058349502058,0.0008147508895823045,0.0006785800453043211,0.0007307954223041151,0.02688557960229897,0.0003263077903769547,0.0006424662971076132,0.0002854048976781893,0.0016745904008419752,0.0007881280455851851,0.007855695671352572,0.07347310457612119,0.0004785241728374824,0.000182539658098469,0.0004793171954799326,0.000469142844513628,0.0003892909302723745,0.00041462496150198414,0.015336039050952092,0.0001889143483070952,0.0003671568273969753,0.00016631227560829167,0.0009546813487684107,0.00045082228953270475,0.004515250792128528,0.04194840501930321
2026-07-03 15:37:06.430999994,5160.458461538461,2345.4961529615384,5255.803076923076,5084.243076923076,4234.329230769231,4571.138461538461,169080.42153846152,2153.5416615615386,4069.1076923076917,2031.6584615384616,10485.273846153847,4876.461538461538,53201.166813854674,463509.16,0.012199896276447963,0.006445025978512688,0.003941269245313809,0.004298031222246818,0.004857072139569733,0.0006376241985575264,0.0049984468986824905,0.023344689851377082,104283.74389102677,85202.69336548753,98647.7076556002,62764.23492078256,70674.23026151488,43724.70791266325,12220.881424170866,463900.8099186883,102278.70412592181,83943.69402934522,79439.5814226009,41858.14470977126,69143.47283171002,12504.490990712187,12194.453815283256,421970.0293412476,0.0,0.0,0.0,0.0,0.0,0.0,0.0,0.0,0.0008480162765031746,0.00032261397579642855,0.0008522113971170635,0.0008225052211573414,0.0006838087417529763,0.0007341658984623017,0.027084122929636707,0.00033406766665873013,0.0006475096317200397,0.0002941652822847222,0.001688595188931548,0.0007918076700704365,0.007946874770157935,0.07410545184258194,0.00048182434280171025,0.00018658318118436023,0.0004835324973251706,0.00047321204358965135,0.00039239814797971314,0.0004174535913233996,0.015463537975539707,0.0001924789044224187,0.0003700880730998666,0.0001698916407799789,0.0009626853317138947,0.00045387868243458243,0.004567717035562447,0.042304564107581114
2026-07-03 15:37:21.430999994,5160.458461538461,2348.998268346154,5235.88,5069.12923076923,4234.329230769231,4571.138461538461,169010.63384615383,2154.6246153846155,4069.1076923076917,2031.6584615384616,10485.273846153847,4876.461538461538,53504.87960264961,463697.2123076923,0.012943998115028844,0.006721776387439357,0.004172776171289504,0.004948074279995551,0.004857072139569733,0.0006376241985575264,0.0049984468986824905,0.024133850597964735,112329.68753562824,91390.05441757929,104277.92840356988,62161.91259868787,70674.23026151488,43724.70791266325,12220.881424170866,476696.8784933291,109906.41383163458,90039.51746294726,84105.79734220827,42245.32325141777,69143.47283171002,12504.490990712187,12194.453815283256,434599.6133499034,0.0,0.0,0.0,0.0,0.0,0.0,0.0,0.0,0.00085542787174127,0.0003254371722249999,0.0008596589268789682,0.0008296931467525793,0.0006897845899672618,0.0007405818210813492,0.027320812807612893,0.0003369877857063491,0.0006531682596962301,0.00029673601145138896,0.0017033519300029762,0.0007987273278085317,0.00804329654396746,0.07475306411341527,0.0004860115297081431,0.000188202384716524,0.00048679431241035624,0.0004772044808142345,0.00039578444819608733,0.0004210780335573177,0.01559481813591816,0.00019414831976744792,0.0003732899350998666,0.00017136509765717188,0.0009710346260998595,0.00045779834993750636,0.004621940145450609,0.042679454988575574
2026-07-03 15:37:36.430999994,5122.833846153846,2401.6244324153845,5235.88,5069.12923076923,4227.332307692307,4561.658461538462,168894.97230769228,2202.024954261538,4070.8584615384616,2076.9075308076926,10467.892307692307,4869.741538461538,53772.3068965257,463028.83999999997,0.012943998115028844,0.006721776387439357,0.004172776171289504,0.004948074279995551,0.004857072139569733,0.0006376241985575264,0.0049984468986824905,0.025208755791622912,112329.68753562824,91390.05441757929,104442.1931709075,62161.91259868787,70674.23026151488,43724.70791266325,12220.881424170866,477506.0218221239,110169.87542468857,90039.51746294726,84105.79734220827,42245.32325141777,69143.47283171002,12504.490990712187,12194.453815283256,434255.0153290928,0.0,0.0,0.0,0.0,0.0,0.0,0.0,0.0,0.0008628394669793651,0.0003282603686535714,0.0008671064566408729,0.0008368810723478174,0.0006957604381815476,0.0007469977437003968,0.027557502685589087,0.00033990790475396817,0.0006588268876724206,0.0002993067406180556,0.0017181086710744047,0.000805646985546627,0.008139718317776982,0.0754006763842486,0.0004888205110155463,0.00019221382540397013,0.0004910013738606486,0.00048127302543492413,0.0003988296425278666,0.0004239247794588122,0.015722247289681118,0.0001987183790569517,0.0003764952395099149,0.00017531479138161037,0.000978778866275261,0.00046145971185493334,0.004674161234049475,0.043020599446986316
2026-07-03 15:37:51.430999994,5122.833846153846,2405.3783554923075,5215.286153846155,5048.206153846153,4227.332307692307,4561.658461538462,168818.92923076922,2203.5142619538456,4070.8584615384616,2076.9415384615386,10467.892307692307,4869.741538461538,54058.746213361424,462877.65846153843,0.012354686645291834,0.006721776387439357,0.004172776171289504,0.004948074279995551,0.004606859743589744,0.0006435443376226652,0.0049984468986824905,0.025587813368231658,107215.56648365891,91390.05441757929,104442.1931709075,62161.91259868787,71106.56000000001,60947.23694792021,12220.881424170866,493259.6025235363,105154.08581854786,90039.51746294726,84105.79734220827,42245.32325141777,69566.35897435898,11617.24441482862,12194.453815283256,449295.77202036575,0.0,0.0,0.0,0.0,0.0,0.0,0.0,0.0,0.0008702510622174604,0.0003310835650821429,0.0008745539864027778,0.0008440689979430556,0.0007017362863958334,0.0007534136663194446,0.02779419256356528,0.0003428280238015873,0.0006644855156486112,0.0003018774697847223,0.0017328654121458336,0.0008125666432847222,0.008236140091586509,0.07604828865508195,0.0004929959255442819,0.00019385349162236092,0.0004940885096208951,0.0004847353410316745,0.0004022130490278666,0.00042754258477490417,0.015852983801179877,0.00020041265126384823,0.000379697130785777,0.00017680935829540349,0.000987123002545376,0.00046537718652160003,0.0047269801292408094,0.043380193059663626
2026-07-03 15:38:06.430999994,5104.0584615384605,2459.071509838461,5215.286153846155,5048.206153846153,4220.301538461538,4551.972307692307,168683.21538461535,2249.744730884615,4070.347692307692,2116.1415472,10440.683076923075,4857.630769230769,54334.240113634514,462742.8123076923,0.014200966202845366,0.006721776387439357,0.004172776171289504,0.004948074279995551,0.004792599288858507,0.0006143170576154635,0.0049984468986824905,0.025744008493919054,135154.70865628257,91390.05441757929,104442.1931709075,62161.91259868787,73973.4369737137,42391.7427343594,12220.881424170866,495331.67467306566,132504.96455868758,90039.51746294726,84105.79734220827,42245.32325141777,72371.13806490549,12110.378579560967,12194.453815283256,452690.0258063575,0.0,0.0,0.0,0.0,0.0,0.0,0.0,0.0,0.000873551675497318,0.0003425852030180077,0.0008782865438973182,0.0008500419716222223,0.0007065386765051725,0.0007569825106561302,0.027997327111140998,0.00035435569811264364,0.0006700942756965517,0.00031270218409023,0.001745910758357663,0.0008174904049532568,0.008319487308863865,0.07663959070063679,0.0004962235664205273,0.0001977226926415898,0.0004982860567013548,0.0004887988037265898,0.0004052663047145296,0.00043027313777197737,0.015980221343778703,0.00020500313955726325,0.0003828712385345035,0.00018015465878601914,0.0009942145497334731,0.00046842125265891067,0.004778200058809174,0.04373307477154023
2026-07-03 15:38:21.430999994,5104.0584615384605,2463.0867790692305,5197.796923076923,5037.2646153846135,4220.301538461538,4551.972307692307,168621.6369230769,2251.654153961538,4070.347692307692,2116.350769230769,10440.683076923075,4857.630769230769,54641.39026551292,462752.65538461535,0.014200966202845366,0.006721776387439357,0.004358545364942499,0.005134682544975363,0.005278764719602574,0.0006225061619427573,0.0050850266517818345,0.026290879385323377,135154.70865628257,91390.05441757929,96069.3664726418,61571.756713065166,71568.2935046528,42956.84246513192,12013.929637945861,509595.87478701613,132504.96455868758,90039.51746294726,77404.60214564616,42671.817240182914,70034.5826321871,12271.815011126126,11989.735878605923,466522.2032595804,0.0,0.0,0.0,0.0,0.0,0.0,0.0,0.0,0.0008809287329685823,0.00034548213979961685,0.0008857027048168582,0.000857219638288889,0.000712504616160345,0.0007633743928400383,0.02823373365137088,0.00035734911190574706,0.0006757524825931034,0.0003153427616764369,0.001760653048587548,0.0008243932095509578,0.008415775385372486,0.07728672749374023,0.0005003910212227872,0.00019938111581108134,0.0005015136006430007,0.0004926865248493598,0.0004086469571608572,0.000433883498280452,0.01611147739551767,0.00020672182573805417,0.00038607289747800635,0.00018166473879166887,0.001002548186637428,0.0004723314364781198,0.0048320241853307975,0.04409301546564618
2026-07-03 15:38:36.430999994,5085.21846153846,2513.560826053846,5197.796923076923,5037.2646153846135,4219.633846153847,4531.529230769231,168464.2492307692,2294.6574639461533,4074.6707692307687,2154.5059204,10404.036923076925,4853.572307692307,54930.10608004878,462507.2215384615,0.014200966202845366,0.00703628643626948,0.004358545364942499,0.005127079277009519,0.005278764719602574,0.0006551283461835007,0.0053079576478039115,0.026784143507159325,135154.70865628257,98050.99299219114,96069.3664726418,64490.61813886252,71568.2935046528,45207.978461801766,13030.462720347927,526708.8268902936,132504.96455868758,96602.02252906766,77404.60214564616,44694.71098173203,70034.5826321871,12914.914525212687,13000.473162878772,483249.37638114823,0.0,0.0,0.0,0.0,0.0,0.0,0.0,0.0,0.0008883057904398468,0.00034837907658122596,0.0008931188657363984,0.0008643973049555555,0.0007184705558155173,0.0007697662750239462,0.028470140191600764,0.00036034252569885054,0.0006814106894896552,0.0003179833392626438,0.001775395338817433,0.000831296014148659,0.008512063461881107,0.07793386428684368,0.0005034662500101258,0.00020308836325769888,0.0005057030447051476,0.0004967485386215822,0.0004117962663988726,0.000436903754443,0.01623789290550105,0.0002111536212879822,0.00038934282936512436,0.00018502436727356995,0.0010092623974816168,0.00047558199545375994,0.0048847531202653284,0.044433070468884256
2026-07-03 15:38:51.430999994,5085.21846153846,2517.8239414384616,5160.876923076922,5030.584615384614,4219.633846153847,4531.529230769231,168381.14769230768,2296.975117792307,4074.6707692307687,2154.944615384615,10404.036923076925,4853.572307692307,55217.12508775996,462266.7538461538,0.015354720859959382,0.007279483966374039,0.004358545364942499,0.005364552003722777,0.005278764719602574,0.0006551283461835007,0.0053079576478039115,0.027637982265094046,144583.74950723557,93519.02019998893,96069.3664726418,67477.65268805168,71568.2935046528,45207.978461801766,13030.462720347927,550604.8458093297,141337.28528596085,92213.3508025814,77404.60214564616,46764.85156529711,70034.5826321871,12914.914525212687,13000.473162878772,505194.5098284981,0.0,0.0,0.0,0.0,0.0,0.0,0.0,0.0,0.0008956828479111111,0.00035127601336283523,0.0009005350266559387,0.0008715749716222223,0.0007244364954706896,0.0007761581572078543,0.028706546731830648,0.00036333593949195396,0.0006870688963862069,0.0003206239168488506,0.0017901376290473182,0.0008381988187463601,0.008608351538389727,0.07858100107994712,0.0005076246834545703,0.00020476373740769887,0.0005087629167636217,0.0005005119321356676,0.000415175020693317,0.00044050924519299997,0.01636842915848329,0.00021289480079909328,0.00039254504983179104,0.00018654969482356996,0.0010175826839538388,0.00047948676342042654,0.00493793234441946,0.04478663277077258
2026-07-03 15:39:06.430999994,5074.083076923078,2569.0793499384613,5160.876923076922,5030.584615384614,4207.913846153846,4512.353846153846,168240.98153846152,2317.5041282076927,4073.28923076923,2184.1645515846153,10364.873846153847,4835.421538461538,55483.74622252875,462335.9538461538,0.015354720859959382,0.007279483966374039,0.004328259800245311,0.005364552003722777,0.005278764719602574,0.0006432019357568889,0.0053079576478039115,0.028374368582963598,146439.23761649098,93519.02019998893,100855.2767429852,67477.65268805168,71568.2935046528,63307.17322249791,13030.462720347927,579511.3425726409,143156.38744995825,92213.3508025814,81452.17570899655,46764.85156529711,70034.5826321871,18085.195077024655,13000.473162878772,532722.7604954895,0.0,0.0,0.0,0.0,0.0,0.0,0.0,0.0,0.000899369022062963,0.0003618418169405556,0.0009041909485168518,0.0008779078800288889,0.0007293154462225926,0.000779886334925,0.028908028951381483,0.00037636339092296295,0.0006926504211479629,0.00032988200973388886,0.0017997210843898152,0.0008423426730753704,0.008692635984546296,0.07911908600332963,0.0005108523734072321,0.00020860236235815515,0.0005129430798913996,0.0005045715238351213,0.00041816063596433365,0.0004432343510259818,0.01649617855868967,0.00021589515027814094,0.0003956383711485129,0.00018940090075560216,0.0010243390354010642,0.0004824959043006601,0.004989736045395233,0.04514598874315818
2026-07-03 15:39:21.430999994,5074.083076923078,2573.593042246154,5131.732307692307,5025.790769230768,4207.913846153846,4512.353846153846,168169.38153846152,2320.1149359,4073.28923076923,2184.763076923077,10364.873846153847,4835.421538461538,55791.35641132472,462531.29230769223,0.015354720859959382,0.007279483966374039,0.004569030745304463,0.005478243854093433,0.005278764719602574,0.0006432019357568889,0.0053079576478039115,0.028778491520064925,148294.72572574636,93519.02019998893,106465.61933245604,91488.97505916303,71568.2935046528,63307.17322249791,13030.462720347927,589796.4857300775,144975.48961395564,92213.3508025814,85983.16927862185,71177.21766126795,70034.5826321871,18085.195077024655,13000.473162878772,542541.0891212354,0.0,0.0,0.0,0.0,0.0,0.0,0.0,0.0,0.0009067160776185185,0.00036480184194055557,0.0009115763957390741,0.0008850786466955556,0.0007352725073337037,0.0007862564599249999,0.029144150229159255,0.00037943967981185186,0.0006983080017035185,0.0003325769347338888,0.0018144212371675927,0.0008492229425198146,0.00878884445676852,0.0797653320588852,0.0005150032442050463,0.0002102953394947672,0.000516552053910467,0.0005084318027662451,0.0004215362166637873,0.0004468326944795336,0.016627333228875187,0.00021764662490655627,0.00039883971044905934,0.0001909369814550557,0.0010326466380349445,0.00048639343751923927,0.005044209036465889,0.04551143564978853
2026-07-03 15:39:36.430999994,5054.015384615384,2624.227828761538,5131.732307692307,5025.790769230768,4197.415384615385,4489.704615384615,168071.4646153846,2290.347205130769,4080.4707692307684,2192.232104784615,10328.206153846155,4819.673846153845,55992.32350913866,462434.0523076923,0.014598340912597423,0.007279483966374039,0.004569030745304463,0.005478243854093433,0.005559295359980106,0.0006432019357568889,0.0053079576478039115,0.029025899402795343,141126.87934987352,93519.02019998893,106465.61933245604,91488.97505916303,73650.26088732776,63307.17322249791,13030.462720347927,599855.695100953,138359.39467517173,92213.3508025814,85983.16927862185,71177.21766126795,72126.03588921504,18085.195077024655,13000.473162878772,552264.111679047,0.0,0.0,0.0,0.0,0.0,0.0,0.0,0.0,0.0009140631331740739,0.0003677618669405556,0.0009189618429612961,0.0008922494133622221,0.0007412295684448148,0.0007926265849250001,0.029380271506937033,0.0003825159687007407,0.0007039655822590742,0.0003352718597338888,0.0018291213899453707,0.0008561032119642593,0.008885052928990741,0.08041157811444075,0.0005184629272754201,0.00021413559475121825,0.0005207275998339643,0.0005124898036694709,0.0004243032211884416,0.0004497069197938565,0.01675501009803259,0.0002175063155622946,0.00040210803065047557,0.00019246056697874622,0.0010400563975953667,0.0004894427697819182,0.005092893810642364,0.04587074187396469
2026-07-03 15:39:51.430999994,5054.015384615384,2628.9654056846152,5104.212307692308,5020.833846153844,4197.415384615385,4489.704615384615,168007.20923076922,2292.9580128230764,4080.4707692307684,2192.7938461538456,10328.206153846155,4819.673846153845,56298.817964044174,462328.3230769231,0.01654266221366602,0.007856218979759895,0.004706008920248187,0.005478243854093433,0.005559295359980106,0.0006432019357568889,0.005396582398975646,0.029698182380027725,139622.28314808538,130304.44102326222,98059.65746387932,91488.97505916303,73650.26088732776,63307.17322249791,12828.789729506609,615223.3751915722,136970.14854218546,127934.80941466092,79202.7250635713,71177.21766126795,72126.03588921504,18085.195077024655,12797.735639252289,566419.8510213074,0.0,0.0,0.0,0.0,0.0,0.0,0.0,0.0,0.0009214101887296297,0.00037072189194055556,0.0009263472901835184,0.0008994201800288888,0.000747186629555926,0.000798996709925,0.029616392784714812,0.0003855922575896296,0.0007096231628146296,0.00033796678473388886,0.0018438215427231482,0.0008629834814087037,0.008981261401212963,0.0810578241699963,0.0005226082717162803,0.0002158457561436914,0.0005242299370837447,0.000516368702008838,0.000427673967242205,0.0004532994785089104,0.016886129554062424,0.00021924267879885371,0.0004053099033010132,0.00019399654795724082,0.0010483568347620332,0.0004933335602872945,0.0051470623518477384,0.04622619526623013
2026-07-03 15:40:06.430999994,5044.833846153846,2680.724856561538,5104.212307692308,5020.833846153844,4188.172307692307,4476.60923076923,167888.2646153846,2266.1348278846153,4080.412307692307,2202.4035009923077,10308.467692307691,4807.024615384615,56551.524119007954,462649.7630769231,0.01654266221366602,0.007856218979759895,0.004706008920248187,0.005478243854093433,0.005559295359980106,0.0006301356346511969,0.005619849143031231,0.030333627880686578,139622.28314808538,130736.76775245143,98059.65746387932,91488.97505916303,73650.26088732776,67120.10150025645,13800.66171063715,618492.2099287321,136970.14854218546,128766.45061841539,79202.7250635713,71177.21766126795,72126.03588921504,19174.448446079852,13767.237072478987,570777.831764616,0.0,0.0,0.0,0.0,0.0,0.0,0.0,0.0,0.0009258070613551972,0.00038140593888584236,0.0009315051560200718,0.0009059172718697133,0.0007509560884032258,0.0008024781762718639,0.02982204904268029,0.0003875625550598566,0.0007150357140625449,0.0003430307319953405,0.001854087910061111,0.0008668959949405019,0.009061342468382671,0.08165696306077169,0.0005259218331778181,0.0002196913909616455,0.0005284001277074006,0.000520425295881854,0.00043041469213070334,0.00045639965090275137,0.017013903515061334,0.00021915522135467088,0.0004083094426276395,0.00019551585316934282,0.0010553024735147237,0.0004964016921713778,0.0051965756022885725,0.046600834167240625
2026-07-03 15:40:21.430999994,5044.833846153846,2685.685587330769,5084.492307692308,5019.913846153846,4188.172307692307,4476.60923076923,167828.66153846154,2268.7454048076925,4080.412307692307,2202.9323076923074,10308.467692307691,4807.024615384615,56877.02166367126,462790.76307692303,0.01654266221366602,0.007856218979759895,0.004706008920248187,0.005638372864179317,0.005559295359980106,0.0006301356346511969,0.005619849143031231,0.03087816975619364,139622.28314808538,130736.76775245143,98059.65746387932,97334.13810833167,73650.26088732776,67120.10150025645,13800.66171063715,622224.9900387458,136970.14854218546,128766.45061841539,79202.7250635713,75724.67753112916,72126.03588921504,19174.448446079852,13767.237072478987,579466.8280359505,0.0,0.0,0.0,0.0,0.0,0.0,0.0,0.0,0.000933130991462724,0.0003844274254449821,0.000938872983977061,0.0009130827100417563,0.0007568958464677419,0.0008088254531535841,0.030057929354508246,0.0003906303346297491,0.0007206913565356632,0.00034574447930716843,0.0018687529933944448,0.0008737527906394265,0.00915743727026439,0.08230283651776094,0.0005300606318127387,0.00022141837225794178,0.0005324026197836042,0.0005242944144044417,0.0004337805114534546,0.00045998833796624325,0.017145071829415225,0.00022087724491022642,0.0004115097294107082,0.00019705170315346978,0.0010635922682343004,0.0005002860453565629,0.005251643892862747,0.046966750053895896
2026-07-03 15:40:36.430999994,5034.584615384615,2731.3067847384614,5084.492307692308,5019.913846153846,4188.446153846153,4448.215384615385,167671.27384615384,2239.3993737153846,4088.092307692307,2211.8341311153845,10293.160000000002,4798.212307692305,57092.428364613166,462956.5846153846,0.01788090582385851,0.007856218979759895,0.004706008920248187,0.005824702157346785,0.005559295359980106,0.0006335269314766708,0.005619849143031231,0.03160996727664033,149314.10914907284,130736.76775245143,98059.65746387932,92101.74949017924,73650.26088732776,62373.06290137739,13800.66171063715,642749.6033472219,146062.20796184885,128766.45061841539,79202.7250635713,72020.7459828894,72126.03588921504,17819.862910026597,13767.237072478987,599232.3423358568,0.0,0.0,0.0,0.0,0.0,0.0,0.0,0.0,0.000940454921570251,0.0003874489120041219,0.0009462408119340504,0.0009202481482137991,0.0007628356045322581,0.0008151727300353047,0.030293809666336203,0.00039369811419964155,0.0007263469990087814,0.0003484582266189964,0.0018834180767277775,0.0008806095863383512,0.00925353207214611,0.08294870997475019,0.0005335411448753361,0.00022507627081139476,0.0005365714972756677,0.0005283495582533999,0.00043698474751794437,0.0004626233739110485,0.017271122389051114,0.00022072518515605936,0.00041473039594096587,0.00019853321829698436,0.0010708895574225877,0.0005036288134978332,0.005299898615959996,0.04734505509907825
2026-07-03 15:40:51.430999994,5034.584615384615,2736.4717078153844,5072.787692307693,4999.098461538461,4188.446153846153,4448.215384615385,167604.27692307692,2242.009719869231,4088.092307692307,2212.326153846154,10293.160000000002,4798.212307692305,57393.02231319809,462916.7692307692,0.01788090582385851,0.007856218979759895,0.0047995562685827125,0.005824702157346785,0.0058014320304636425,0.0006335269314766708,0.005619849143031231,0.03156348810757931,151225.2141007859,130736.76775245143,93519.05724602718,92101.74949017924,98053.05797805323,62373.06290137739,13800.66171063715,643769.7018349208,147937.05717788616,128766.45061841539,75654.94456696119,72020.7459828894,95833.09753573917,17819.862910026597,13767.237072478987,600178.6441767836,0.0,0.0,0.0,0.0,0.0,0.0,0.0,0.0,0.0009477788516777778,0.00039047039856326173,0.0009536086398910393,0.0009274135863858422,0.0007687753625967743,0.0008215200069170251,0.03052968997816416,0.00039676589376953396,0.0007320026414818997,0.0003511719739308244,0.0018980831600611113,0.0008874663820372759,0.009349626874027833,0.08359458343173944,0.0005376748433336695,0.00022681822277493643,0.0005407135996985711,0.00053127777078848,0.00044034932272627776,0.0004662046784787569,0.017401869567765085,0.0002224327025050177,0.0004179308399930492,0.00020006864806260938,0.0010791716762350875,0.0005075089940707499,0.005353304876409393,0.047703688618600665
2026-07-03 15:41:06.430999994,5031.627692307692,2786.936785892307,5072.787692307693,4999.098461538461,4177.076923076923,4423.630769230769,167472.1692307692,2214.7149248461537,4087.2799999999993,2222.697374553846,10280.209230769233,4780.101538461538,57620.316477990826,463248.77230769227,0.01788090582385851,0.007856218979759895,0.005018744234627114,0.005824702157346785,0.0058014320304636425,0.0006335269314766708,0.005685314407654526,0.03324777978887357,152888.3961370449,130736.76775245143,93072.34433151725,92101.74949017924,98053.05797805323,62373.06290137739,31474.739760652457,650993.9493622504,149811.90639392348,128766.45061841539,82531.62998531168,72020.7459828894,95833.09753573917,17819.862910026597,30869.190128054153,611954.7064133468,0.0,0.0,0.0,0.0,0.0,0.0,0.0,0.0,0.0009523910872097221,0.0004007804614564236,0.0009606263021987848,0.0009322376732092014,0.0007735025081609374,0.000825273884182118,0.03073325190374826,0.00039319785711232634,0.0007371315727597222,0.00035376285327343745,0.0019085269717854167,0.0008916488627805554,0.00942558644994064,0.08428873403691006,0.0005413519871745599,0.00023075001264165126,0.0005448822707662794,0.0005353243311884799,0.0004431787887981114,0.00046892351447874866,0.017529865846034512,0.00022236672759680303,0.0004208177216475989,0.00020160033520176616,0.0010861303284882204,0.0005104193000398112,0.005402185610504806,0.048086332758923774
2026-07-03 15:41:21.430999994,5031.627692307692,2792.349785892307,5073.6892307692315,4979.141538461539,4177.076923076923,4423.630769230769,167417.42153846152,2217.3260786923074,4087.2799999999993,2223.1907692307695,10280.209230769233,4780.101538461538,57932.35110606721,463394.2461538461,0.018809744045266814,0.00835965780667724,0.005018744234627114,0.006051212827291601,0.0058014320304636425,0.0005976148137755687,0.005915984008599803,0.03374823487102765,175643.74066704203,141058.25802678187,93072.34433151725,99328.04588430344,98053.05797805323,43898.82425552396,33998.80456891934,673646.0204449191,172284.70811228576,138526.55701519182,82531.62998531168,77674.47834983794,95833.09753573917,12566.542898478641,33344.69388295178,634744.4648290458,0.0,0.0,0.0,0.0,0.0,0.0,0.0,0.0,0.0009596944413763888,0.00040385811510225693,0.0009679914454279515,0.000939385160188368,0.0007794329690984374,0.0008316012774112847,0.030968884429789928,0.000396214672216493,0.0007427831769263888,0.00035647562671093746,0.0019231596905354168,0.0008984851544472221,0.009521533317601624,0.0849349776358684,0.00054548220237456,0.00023250869074421533,0.0005487172265510223,0.0005384685497479271,0.0004465393064032396,0.0004724982442172102,0.017660268166920772,0.00022406072641218766,0.00042401578273990655,0.0002031357364633046,0.0010944023676933486,0.000514292121660324,0.005455332127148471,0.048450637793027454
2026-07-03 15:41:36.430999994,5021.636923076922,2838.032724923077,5073.6892307692315,4979.141538461539,4176.876923076923,4405.492307692308,167347.17846153845,2188.6533863846153,4088.793846153845,2230.8327591692305,10272.553846153847,4768.40923076923,58151.858214216554,463674.96307692304,0.018809744045266814,0.007947949092850255,0.005018744234627114,0.006051212827291601,0.0058014320304636425,0.0006314299484312552,0.005915984008599803,0.034055106093883694,175643.74066704203,135791.39878787877,93072.34433151725,99328.04588430344,98053.05797805323,46382.77314569377,33998.80456891934,683819.4237067655,172284.70811228576,133339.07393939394,82531.62998531168,77674.47834983794,95833.09753573917,13277.601812135525,33344.69388295178,643792.7067827513,0.0,0.0,0.0,0.0,0.0,0.0,0.0,0.0,0.0009669977955430554,0.00040693576874809023,0.0009753565886571182,0.0009465326471675348,0.0007853634300359373,0.0008379286706404513,0.031204516955831596,0.0003992314873206597,0.0007484347810930554,0.0003591884001484375,0.0019377924092854168,0.0009053214461138888,0.00961748018526261,0.08558122123482674,0.000548471574150496,0.0002362166625419293,0.0005528833638843555,0.0005425083404448969,0.0004498292419585374,0.0004751959082502357,0.01778805173181763,0.00022399545054068584,0.00042675986221269195,0.00020456742668769088,0.0011022168642399422,0.0005174855617567999,0.005503192263435702,0.04882381966037695
2026-07-03 15:41:51.430999994,5021.636923076922,2843.660417230769,5060.076923076924,4949.046153846152,4176.876923076923,4405.492307692308,167261.83384615384,2191.264540230769,4088.793846153845,2231.326153846154,10272.553846153847,4768.40923076923,58422.303039969585,463908.38461538457,0.018809744045266814,0.008749242958073361,0.005018744234627114,0.006051212827291601,0.006000163148290481,0.0006314299484312552,0.005915984008599803,0.03476630051963784,175643.74066704203,130541.44699557139,93072.34433151725,99328.04588430344,105097.64660948618,46382.77314569377,33998.80456891934,695759.175502372,172284.70811228576,128593.1212407619,82531.62998531168,77674.47834983794,102718.19386354958,13277.601812135525,33344.69388295178,654280.3833784463,0.0,0.0,0.0,0.0,0.0,0.0,0.0,0.0,0.000974301149709722,0.00041001342239392353,0.0009827217318862849,0.0009536801341467013,0.0007912938909734375,0.0008442560638696182,0.03144014948187326,0.00040224830242482635,0.0007540863852597222,0.0003619011735859375,0.0019524251280354167,0.0009121577377805555,0.009713427052923594,0.08622746483378507,0.0005525932161656473,0.0002379900005722323,0.000556367623814338,0.0005449416530828019,0.0004531892323524767,0.0004787640522906397,0.017917313319470777,0.00022567624042452421,0.000429954524864207,0.00020610204993011516,0.0011104854710530737,0.0005213533056052849,0.005554170392370916,0.04919713892814519
2026-07-03 15:42:06.430999994,5023.4338461538455,2889.381243,5060.076923076924,4949.046153846152,4158.295384615384,4389.009230769231,167143.67076923075,2164.2594127153843,4080.470769230769,2240.004869792308,10263.289230769231,4752.56,58657.905512387275,464555.84615384607,0.019429793450033938,0.008749242958073361,0.005018744234627114,0.005798038228461142,0.006000163148290481,0.000601525469922853,0.005915984008599803,0.03525163561020708,183852.95807005244,130541.44699557139,93072.34433151725,95172.29415533517,105097.64660948618,44186.08823053963,33998.80456891934,716812.2601118607,180332.53702501117,128593.1212407619,82531.62998531168,74424.68273747849,102718.19386354958,12648.77551236847,33344.69388295178,674595.9729634057,0.0,0.0,0.0,0.0,0.0,0.0,0.0,0.0,0.000978729079071212,0.00042050581751010106,0.0009882738800228957,0.0009563402665262627,0.0007963076120239056,0.0008474577450572391,0.03164342701041061,0.000398927784903872,0.0007581553117446128,0.0003644262485040404,0.0019638486578102696,0.0009161885085718854,0.009779423737569992,0.08692615899828182,0.0005563504227926065,0.00024175881213708657,0.0005605286614304997,0.0005489695695554387,0.0004560884936739025,0.00048166570945145596,0.018045653244009422,0.00022554863291816515,0.0004327229715505725,0.00020753702488473532,0.0011177428948164058,0.0005243163530877454,0.005603245367754892,0.04958214257167833
2026-07-03 15:42:21.430999994,5023.4338461538455,2895.2416276153845,5053.230769230768,4931.812307692307,4158.295384615384,4389.009230769231,167075.6615384615,2166.8701434846153,4080.470769230769,2240.446153846154,10263.289230769231,4752.56,58961.05019165251,464527.9753846153,0.019731228726300558,0.008749242958073361,0.005153823707281176,0.005722398068119997,0.006108926747346735,0.0005936325955674623,0.005915984008599803,0.03585426892314444,203544.7261194295,130541.44699557139,113422.57558392786,93930.6935817814,102798.89887290294,43606.303566218456,33998.80456891934,728683.557162219,199228.67855326584,128593.1212407619,102911.43919241813,73453.75175810553,100611.16016551534,12482.805489716775,33344.69388295178,685274.8495250532,0.0,0.0,0.0,0.0,0.0,0.0,0.0,0.0,0.0009860111321015152,0.00042363892357070705,0.0009956255365885524,0.0009634543725868688,0.0008022312534380471,0.0008537618864713804,0.0318788188513197,0.0004018973783382155,0.0007637951425526936,0.0003671375969888889,0.001978457503769865,0.0009230039302890573,0.009875086157393225,0.0875727927710091,0.0005604693667080294,0.00024354693848534527,0.0005639426164366116,0.000552392637251294,0.00045944509331569355,0.00048522892302857044,0.018175792318214205,0.00022721604639080195,0.00043591449067495057,0.00020907091163597908,0.0011260040280701373,0.0005281774347245612,0.005655933979973039,0.04993949875163744
2026-07-03 15:42:36.430999994,5011.790769230769,2934.4281450999997,5053.230769230768,4931.812307692307,4145.070769230769,4361.778461538462,166925.56,2140.194797330769,4083.2676923076915,2247.3217233153846,10233.599999999999,4752.60923076923,59182.53392198404,464847.9723076923,0.02060399962181956,0.008749242958073361,0.005320288109631327,0.006144532931554025,0.006108926747346735,0.0006276076824032626,0.005915984008599803,0.03654129521283661,206326.42677982987,130541.44699557139,120607.00900072763,91034.00774860094,102798.89887290294,62600.89748350623,33998.80456891934,732272.2780760339,201832.93381051946,128593.1212407619,109436.75970206843,71531.64012053379,100611.16016551534,17907.80144305353,33344.69388295178,688828.5538910482,0.0,0.0,0.0,0.0,0.0,0.0,0.0,0.0,0.0009932931851318182,0.00042677202963131315,0.001002977193154209,0.0009705684786474747,0.0008081548948521886,0.0008600660278855221,0.032114210692228785,0.00040486697177255894,0.0007694349733607746,0.00036984894547373743,0.001993066349729462,0.000929819352006229,0.009970748577216457,0.08821942654373637,0.0005640445281066513,0.00024708698948324413,0.0005680981490137258,0.0005564161481336471,0.00046246269596156075,0.00048764794266632024,0.01830282299654841,0.00022707390432310192,0.0004390969707352028,0.00021047960424235492,0.001133223498164699,0.0005317398919330666,0.005705344012448971,0.050313993240914665
2026-07-03 15:42:51.430999994,5011.790769230769,2940.501568176923,5033.876923076922,4916.6061538461545,4145.070769230769,4361.778461538462,166851.39076923075,2142.8055280999997,4083.2676923076915,2247.7446153846154,10233.599999999999,4752.60923076923,59468.962675487746,464721.14769230766,0.02060399962181956,0.008898600442534347,0.005320288109631327,0.006348796505546214,0.006108926747346735,0.0006276076824032626,0.005846474431333328,0.036851707485019314,208983.27820946104,137062.7038857467,120607.00900072763,87037.86134287274,102798.89887290294,62600.89748350623,34766.71123165558,742470.2377910712,204437.18906777306,135016.991887452,109436.75970206843,75935.12340191573,100611.16016551534,17907.80144305353,34097.53234191298,698760.0614251127,0.0,0.0,0.0,0.0,0.0,0.0,0.0,0.0,0.001000575238162121,0.00042990513569191914,0.0010103288497198654,0.000977682584708081,0.00081407853626633,0.0008663701692996634,0.03234960253313788,0.00040783656520690235,0.0007750748041688554,0.00037256029395858585,0.0020076751956890574,0.0009366347737234008,0.010066410997039688,0.08886606031646363,0.0005681595048664551,0.00024888790853716574,0.0005710947381262414,0.0005597794203113044,0.000465816836932149,0.0004912028152594574,0.018432359538471305,0.00022872812810741564,0.0004422884241616734,0.00021201257917372748,0.0011414770447284246,0.0005355988064085567,0.0057571238348570015,0.050672414894362854
2026-07-03 15:43:06.430999994,5002.218461538461,2986.019939323076,5033.876923076922,4916.6061538461545,4130.239999999999,4335.821538461538,166705.42769230768,2116.972540230769,4079.916923076923,2257.441004676923,10217.092307692305,4739.116923076923,59691.409684722414,465268.35384615377,0.02060399962181956,0.009430425350851736,0.005320288109631327,0.006348796505546214,0.006376920441693376,0.0006276076824032626,0.006223725252023726,0.03725245626043923,211640.1296390922,141692.8305855678,120607.00900072763,87037.86134287274,111456.93301859786,62600.89748350623,52273.59890767553,745905.3719269513,207041.44432502668,139171.01042757428,109436.75970206843,75935.12340191573,109084.93634115322,17907.80144305353,51035.21505138004,703673.7046911323,0.0,0.0,0.0,0.0,0.0,0.0,0.0,0.0,0.0010062170639972222,0.00043974871788545747,0.001014275811286111,0.00098253661345,0.0008186173145888888,0.0008694284633027777,0.032553532002833334,0.0004043188835562091,0.0007804486449472224,0.0003748722410297386,0.0020186007002194447,0.0009414195475027778,0.010139297016338122,0.08952110727435557,0.0005719718572776756,0.00025262906067642025,0.000575241854807614,0.000563798191205024,0.0004687188492638222,0.0004938308214216038,0.018560474235496897,0.00022861123463933624,0.000445341969179238,0.00021344811863445508,0.0011487639972551217,0.0005386024123667477,0.005806281863160436,0.05104705787854369
2026-07-03 15:43:21.430999994,5002.218461538461,2992.3282470153836,5014.763076923077,4897.3107692307685,4130.239999999999,4335.821538461538,166631.3969230769,2119.5836940769227,4079.916923076923,2257.8646153846153,10217.092307692305,4739.116923076923,59972.317135809855,465111.7815384615,0.02060399962181956,0.009430425350851736,0.005320288109631327,0.006348796505546214,0.006376920441693376,0.0006342994816383143,0.006223725252023726,0.03785529352319641,212548.1143704932,143508.50880054044,120607.00900072763,87037.86134287274,111456.93301859786,66679.1489959457,52273.59890767553,753450.8867538607,208340.42058028877,140959.58896769656,109436.75970206843,75935.12340191573,109084.93634115322,19074.438364494486,51035.21505138004,711359.4077080227,0.0,0.0,0.0,0.0,0.0,0.0,0.0,0.0,0.0010134873409580066,0.00044293055366977123,0.001021602872560621,0.0009896343928617647,0.0008245309518437908,0.0008757091569302288,0.03278869656165686,0.0004072415404189542,0.0007860865542609477,0.0003775806773042483,0.002033182937964542,0.0009482202999537584,0.010234797682062103,0.09016780182337517,0.0005760846579974825,0.0002544439451450193,0.0005781374499827017,0.0005671679014899656,0.0004720697579304889,0.000497379034407111,0.018690324210510555,0.00023025273444126856,0.00044853243461885145,0.00021498039410788506,0.0011570106049507741,0.0005424552085454917,0.005857820273366613,0.0514019706223136
2026-07-03 15:43:36.430999994,4980.876923076923,3033.0805571692304,5014.763076923077,4897.3107692307685,4122.036923076923,4311.80923076923,166517.6769230769,2090.9110017692306,4078.6523076923077,2261.850235446154,10197.243076923076,4723.246153846154,60196.96762010594,465955.16615384613,0.02060399962181956,0.009650749720919848,0.005366792430409079,0.006348796505546214,0.006376920441693376,0.0006342994816383143,0.006223725252023726,0.038405671790020975,212548.1143704932,163415.53891212624,118217.5964554147,87037.86134287274,111456.93301859786,66679.1489959457,52273.59890767553,774486.5434212058,208340.42058028877,160421.18356237852,107679.77523798206,75935.12340191573,109084.93634115322,19074.438364494486,51035.21505138004,730641.7382645024,0.0,0.0,0.0,0.0,0.0,0.0,0.0,0.0,0.0010207576179187905,0.00044611238945408495,0.0010289299338351306,0.0009967321722735294,0.0008304445890986927,0.0008819898505576798,0.03302386112048039,0.00041016419728169936,0.0007917244635746732,0.0003802891135787581,0.0020477651757096404,0.0009550210524047388,0.010330298347786086,0.09081449637239476,0.0005796739725203899,0.0002580234616219286,0.0005822756085962284,0.0005711820786042513,0.00047530250643405456,0.0005001465307180571,0.01881967995682085,0.00022998430058837805,0.00045157518258635333,0.0002161940575188867,0.0011649003895454067,0.000545725887801097,0.005908878699180782,0.05179208688011974
2026-07-03 15:43:51.430999994,4980.876923076923,3039.6104033230768,4993.175384615384,4874.44,4122.036923076923,4311.80923076923,166437.32923076922,2093.5221556153847,4078.6523076923077,2262.273846153846,10197.243076923076,4723.246153846154,60468.712564977046,465759.1846153846,0.02077743427733273,0.009650749720919848,0.005363167787437733,0.0064878520387426026,0.006102163670866368,0.0006342994816383143,0.006223725252023726,0.03948441545598206,196422.32000702043,164447.22125474436,123763.95067872322,106078.66239191552,106654.68602767569,66679.1489959457,52273.59890767553,790290.8624128476,192553.9868199464,161835.43826747042,112724.45232832569,94908.4880569502,104384.88948797247,19074.438364494486,51035.21505138004,745297.1368741096,0.0,0.0,0.0,0.0,0.0,0.0,0.0,0.0,0.0010280278948795753,0.00044929422523839877,0.0010362569951096407,0.001003829951685294,0.0008363582263535947,0.0008882705441851307,0.03325902567930393,0.0004130868541444444,0.0007973623728883989,0.00038299754985326805,0.0020623474134547387,0.0009618218048557193,0.010425799013510068,0.0914611909214144,0.0005837830624441994,0.00025985086674097625,0.0005851628390448736,0.0005743431313013334,0.00047865258227214986,0.0005036892136609142,0.01894907320125029,0.0002316122742598067,0.00045476460471492464,0.00021772407815222002,0.0011731444719787398,0.0005495745786439542,0.005959977953285099,0.05214593879140963
2026-07-03 15:44:06.430999994,4957.403076923075,3087.870574792307,4993.175384615384,4874.44,4112.904615384615,4293.975384615384,166277.3969230769,2064.769393753846,4076.8307692307685,2266.6870310076924,10200.664615384614,4687.907692307693,60672.14370479487,466383.91076923074,0.021824006596471632,0.009650749720919848,0.005661523928880316,0.00668199388972717,0.0060224521653452,0.000626590218769606,0.006243952519685568,0.039574947661199976,198406.02003192183,164447.22125474436,129131.90639558085,111783.74112917414,105261.4743649432,60798.180079453006,67038.74012365154,811510.7652018586,194504.20532706915,161835.43826747042,117716.86277263201,100016.07367872902,103021.32778370804,17390.136199146487,65292.74268797787,766493.4383919185,0.0,0.0,0.0,0.0,0.0,0.0,0.0,0.0,0.001033806855680635,0.0004591066836150794,0.0010391084927631748,0.0010082458818300001,0.0008419454145579367,0.0008914838235914287,0.03346767451622921,0.00040941337554714294,0.0008024312754228573,0.0003849660305207937,0.0020745480891788894,0.0009661174972061909,0.010497445538067144,0.09211686472435858,0.000587030236263616,0.0002636988246317699,0.0005892921702067784,0.0005783513546346667,0.0004819231019364144,0.0005070222730035115,0.019077694911664538,0.00023138885950730893,0.0004577861221521198,0.0002188431676236357,0.0011815507525572977,0.000552587829819493,0.006009868866659867,0.052524444199252576
2026-07-03 15:44:21.430999994,4957.403076923075,3094.6355363307684,4970.812307692308,4852.633846153844,4112.904615384615,4293.975384615384,166199.1046153846,2067.380316830769,4076.8307692307685,2267.0769230769233,10200.664615384614,4687.907692307693,60948.18204079077,466456.7692307692,0.021824006596471632,0.009650749720919848,0.005661523928880316,0.00668199388972717,0.006445988988950023,0.0005930220726836222,0.006437486046388008,0.03999652001136209,199722.32601629323,164447.22125474436,130649.0111947649,111783.74112917414,101869.50907235373,63484.082734446645,70780.23282598295,812330.175109455,196225.47489469862,161835.43826747042,118995.379134249,100016.07367872902,99730.90794620053,18158.38638240771,68936.78969470384,768211.3006797866,0.0,0.0,0.0,0.0,0.0,0.0,0.0,0.0,0.0010410667318711112,0.0004623353145674603,0.001046404130858413,0.0010153248318300002,0.0008478567597960318,0.0008977429807342859,0.0337026529067054,0.00041228965411857146,0.0008080651897085715,0.0003876692471874604,0.0020891136058455557,0.0009729006614919048,0.010592754188067145,0.09276362231721573,0.0005911333017988271,0.00026554036409186384,0.0005924170138455897,0.0005815579788391776,0.00048527262483312797,0.0005105634918626665,0.01920722855930209,0.0002330039046340695,0.0004609743749079884,0.00022037032065649957,0.0011897959668577672,0.000556430710734986,0.006061479418081682,0.052889677360743015
2026-07-03 15:44:36.430999994,4929.956923076923,3139.8432435692303,4970.812307692308,4852.633846153844,4105.092307692307,4271.843076923077,165990.92923076922,2037.332470676923,4074.449230769231,2270.3978002384615,10196.104615384616,4665.486153846152,61170.75026258264,466646.8861538461,0.021824006596471632,0.009650749720919848,0.005661523928880316,0.00668199388972717,0.006412919610210165,0.0006258131841911514,0.006437486046388008,0.0406664630612258,199722.32601629323,164447.22125474436,130649.0111947649,111783.74112917414,106183.17027617835,66994.43037880666,70780.23282598295,815524.635289228,196225.47489469862,161835.43826747042,118995.379134249,100016.07367872902,103953.93430148026,19162.453010092908,68936.78969470384,771099.6947732111,0.0,0.0,0.0,0.0,0.0,0.0,0.0,0.0,0.0010483266080615874,0.00046556394551984124,0.0010536997689536511,0.00102240378183,0.000853768105034127,0.000904002137877143,0.03393763129718159,0.00041516593269,0.0008136991039942858,0.00039037246385412703,0.0021036791225122224,0.000979683825777619,0.010688062838067143,0.09341037991007287,0.0005945408736044731,0.00026934267356459353,0.0005965393552681248,0.0005855606849826962,0.0004886490374663246,0.0005137110875348208,0.019333389337113868,0.00023276224824715275,0.0004640102745239401,0.00022150875336192502,0.0011983267200016917,0.0005598498637219555,0.00611290398346959,0.053260810747926796
2026-07-03 15:44:51.430999994,4929.956923076923,3146.841397415384,4941.513846153845,4830.96,4105.092307692307,4271.843076923077,165909.71692307692,2039.9433937538463,4074.449230769231,2270.7876923076924,10196.104615384616,4665.486153846152,61433.59714460387,466414.45538461534,0.021824006596471632,0.010156704832696595,0.005661523928880316,0.00668199388972717,0.0064980086179581105,0.0006258131841911514,0.006437486046388008,0.041329743006652056,199722.32601629323,174605.2250989867,130649.0111947649,111783.74112917414,107592.0481582504,66994.43037880666,70780.23282598295,828095.3934337213,196225.47489469862,171433.1529608811,118995.379134249,100016.07367872902,105333.2338497118,19162.453010092908,68936.78969470384,782995.7087426176,0.0,0.0,0.0,0.0,0.0,0.0,0.0,0.0,0.0010555864842520634,0.00046879257647222233,0.0010609954070488889,0.00102948273183,0.0008596794502722222,0.0009102612950200001,0.03417260968765778,0.0004180422112614286,0.00081933301828,0.00039307568052079374,0.0021182446391788887,0.0009864669900633335,0.010783371488067144,0.09405713750293,0.0005986391498961398,0.0002711977398747787,0.0005993960436603051,0.0005886241794202447,0.0004919987446931766,0.0005172495950672284,0.019462672432643182,0.00023436450646474534,0.0004671974807924586,0.00022303323112581389,0.0012065738994507659,0.0005636898383145481,0.006163669905123902,0.05361848017805403
2026-07-03 15:45:06.430999994,4891.455384615385,3194.4223530230765,4941.513846153845,4830.96,4094.6030769230765,4261.0153846153835,165730.59076923077,2012.7434064230767,4073.784615384615,2274.593678023077,10200.716923076923,4624.033846153846,61624.77431733052,467195.3261538461,0.023085143495988173,0.010285925412219775,0.005360874870246537,0.007045428891159441,0.006807120619835678,0.0006258131841911514,0.006437486046388008,0.04194270373249604,209216.38555868354,166167.2595855215,123711.03782918936,111940.9915827373,112710.23056576391,66994.43037880666,70780.23282598295,839082.5208837993,205125.2968774502,163427.57725149172,112676.25919977632,109521.61533596068,110343.96385852392,19162.453010092908,68936.78969470384,798131.4944222886,0.0,0.0,0.0,0.0,0.0,0.0,0.0,0.0,0.0010600363829634258,0.0004791433920850309,0.0010642355599816357,0.0010334529862631172,0.0008649297840557099,0.0009154402400368827,0.03437426480125663,0.00041427468683256165,0.0008247669585634259,0.0003943482373347223,0.002133611378622994,0.0009908527324805558,0.010857201114769784,0.09472799139652315,0.0006018595765220719,0.00027514353966479906,0.0006035096989056755,0.0005926205090001532,0.000494933537154758,0.0005203701299963348,0.019590574922612965,0.00023413964801982193,0.00047042881114331566,0.00022424353094994428,0.0012153260863824896,0.000566593894216767,0.006213036305622669,0.05401302882204648
2026-07-03 15:45:21.430999994,4891.455384615385,3201.6607761,4898.972307692306,4812.006153846152,4094.6030769230765,4261.0153846153835,165637.6123076923,2015.3551371923077,4073.784615384615,2274.984615384615,10200.716923076923,4624.033846153846,61883.05626501101,467205.4646153846,0.023085143495988173,0.010285925412219775,0.005760587416853473,0.007031602445284093,0.006807120619835678,0.0006258131841911514,0.006774969715383026,0.04264460928617771,211876.98568847092,166167.2595855215,143482.72145497796,105458.7866257931,112710.23056576391,66994.43037880666,77797.85066859864,862512.5597067409,207739.31371966252,163590.49071093794,132168.5466493877,103239.52377557565,110343.96385852392,19162.453010092908,75771.63645995223,821223.720928448,0.0,0.0,0.0,0.0,0.0,0.0,0.0,0.0,0.0010672771537967591,0.0004824208943998457,0.0010715035021112655,0.0010405107061705247,0.0008708366150742284,0.0009216920201294752,0.034609015618386266,0.0004171055317399692,0.0008303995071745371,0.0003970416609458334,0.00214818236704892,0.0009976195241472223,0.010952355656899414,0.09537491354930093,0.0006059518934992408,0.0002770128321990457,0.000606493822602222,0.0005959174552119279,0.0004982804385931141,0.0005239057976036405,0.019720175029499454,0.00023572949420703652,0.0004736163163853248,0.00022576587582209042,0.0012235766942272383,0.0005704275362715616,0.0062645024044348,0.054377217058026735
2026-07-03 15:45:36.430999994,4856.0184615384605,3244.8598262076916,4898.972307692306,4812.006153846152,4098.563076923077,4243.926153846152,165460.83999999997,1988.051098730769,4063.409230769231,2280.445916161538,10194.292307692307,4577.966153846153,62068.35816309339,467772.5415384615,0.023386149372658305,0.010285925412219775,0.005956140129523919,0.007031602445284093,0.006807120619835678,0.0006258131841911514,0.006774969715383026,0.04317760111624638,199302.8735071667,166167.2595855215,151765.09054597953,105458.7866257931,112710.23056576391,66994.43037880666,77797.85066859864,863687.1485565536,195887.82852689276,163590.49071093794,139801.21881539506,103239.52377557565,110343.96385852392,19162.453010092908,75771.63645995223,822280.5623600953,0.0,0.0,0.0,0.0,0.0,0.0,0.0,0.0,0.0010745179246300926,0.0004856983967146605,0.001078771444240895,0.0010475684260779319,0.000876743446092747,0.000927943800222068,0.03484376643551589,0.0004199363766473766,0.0008360320557856481,0.0003997350845569445,0.002162753355474845,0.001004386315813889,0.011047510199029041,0.0960218357020787,0.0006096265136859712,0.0002808580138957946,0.0006105998308350984,0.0005999091000993152,0.0005017875406397442,0.0005268757976500419,0.019847503594403227,0.00023556962812367477,0.0004765046694714081,0.0002271892643877901,0.001232518893371173,0.0005731554878882449,0.006314932475466246,0.05475975495370333
2026-07-03 15:45:51.430999994,4856.0184615384605,3252.30986466923,4859.175384615383,4793.959999999999,4098.563076923077,4243.926153846152,165368.13230769229,1990.6628294999998,4063.409230769231,2280.8184615384616,10194.292307692307,4577.966153846153,62331.81375924755,467449.3907692307,0.023386149372658305,0.010285925412219775,0.005956140129523919,0.007031602445284093,0.006994935480960116,0.0006373936350462662,0.006404798714771818,0.0434405998366207,199302.8735071667,166167.2595855215,151765.09054597953,105458.7866257931,126388.29425402246,81899.49373943162,73547.12934625715,866064.7853587845,195887.82852689276,163590.49071093794,139801.21881539506,103239.52377557565,123488.29008926464,17573.30731361761,71631.6234909432,824500.7134921149,0.0,0.0,0.0,0.0,0.0,0.0,0.0,0.0,0.001081758695463426,0.0004889758990294753,0.0010860393863705246,0.0010546261459853394,0.0008826502771112654,0.0009341955803146604,0.035078517252645526,0.00042276722155478396,0.0008416646043967592,0.00040242850816805557,0.0021773243439007716,0.0010111531074805556,0.011142664741158673,0.09666875785485647,0.0006137160472535387,0.0002827405655894883,0.0006137579899513929,0.0006031766399792639,0.0005051355109505551,0.0005304076733437356,0.019977192835053843,0.00023714774702908022,0.00047969017483627286,0.00022871094646436668,0.0012407741333982,0.0005769817485954522,0.006366619011247369,0.0551121335061529
2026-07-03 15:46:06.430999994,4811.2215384615365,3297.372188199999,4859.175384615383,4793.959999999999,4093.0092307692294,4236.024615384616,165150.3415384615,1963.0786635230768,4050.187692307692,2287.8920004538463,10198.606153846153,4538.926153846154,62487.780184264106,468131.6707692307,0.023386149372658305,0.010810357966073492,0.005956140129523919,0.007031602445284093,0.006994935480960116,0.0006373936350462662,0.006751923600633627,0.043835840337309855,199302.8735071667,175388.7831773531,151765.09054597953,105458.7866257931,126388.29425402246,81899.49373943162,70112.67785698587,888212.2871839922,195887.82852689276,172266.9006548687,139801.21881539506,103239.52377557565,123488.29008926464,17573.30731361761,68294.22442576571,845819.0556296767,0.0,0.0,0.0,0.0,0.0,0.0,0.0,0.0,0.0010866611067513513,0.0004995281877975976,0.0010895922451097599,0.001059144656354805,0.0008883064029854356,0.0009386847824966967,0.035281246127250455,0.00041919084749684685,0.0008463062940746247,0.0004043819806451952,0.002194037633618919,0.0010137009491430935,0.011214520756515729,0.09737774546873966,0.0006164283911454217,0.00028668117355445775,0.0006178576669018434,0.0006071634986992638,0.0005081650644128509,0.000533493200929831,0.020102765320236717,0.00023703918607816802,0.00048262332031174924,0.00023013654325560267,0.0012494727086635761,0.0005795362474463572,0.006413914361513271,0.055496175822605666
2026-07-03 15:46:21.430999994,4811.2215384615365,3305.050572815384,4824.221538461538,4786.796923076922,4093.0092307692294,4236.024615384616,165072.98153846152,1965.6899712153845,4050.187692307692,2288.246153846154,10198.606153846153,4538.926153846154,62777.84365969711,468116.5846153846,0.025343720739064504,0.010810357966073492,0.005956140129523919,0.007031602445284093,0.006994935480960116,0.0006454752504478894,0.006751923600633627,0.044640388590263924,209679.02949655365,177614.44078472303,151765.09054597953,105458.7866257931,126388.29425402246,88195.86190202872,70112.67785698587,897719.6520146951,205655.36742025043,174458.04406253327,139801.21881539506,103239.52377557565,123488.29008926464,18924.329250737635,68294.22442576571,855559.1306418744,0.0,0.0,0.0,0.0,0.0,0.0,0.0,0.0,0.0010938864310756754,0.0005028542508606606,0.001096835490605255,0.0010661854964448946,0.0008942115673998497,0.0009449248455597596,0.035515784073196395,0.0004219790434427927,0.0008519322557863361,0.00040707046487942943,0.002208622863348648,0.0010204396946385888,0.01130950088545717,0.09802508021198288,0.0006205088222431995,0.0002885773553100133,0.0006212695525890323,0.0006108855938267789,0.0005115109381950732,0.0005370221241431645,0.020233150258862798,0.0002386061495315013,0.00048580716087174924,0.00023165759027338043,0.0012577308788369092,0.0005833541300108017,0.006466949757594958,0.055862574694878694
2026-07-03 15:46:36.430999994,4781.15076923077,3346.4270320230767,4824.221538461538,4786.796923076922,4091.6953846153842,4214.873846153845,164855.3938461538,1937.9955866000003,4050.2461538461525,2291.9842385923075,10195.246153846154,4509.541538461537,62934.155355595954,468661.5999999999,0.025343720739064504,0.010810357966073492,0.005956140129523919,0.0073819534680011345,0.007313535990581116,0.0006454752504478894,0.006751923600633627,0.04494311339261693,212406.3033576507,178052.6085895974,151765.09054597953,114669.7906341053,136447.6784540831,88195.86190202872,70112.67785698587,901611.3605250609,208335.90957725677,175291.47261316556,139801.21881539506,112256.6924510257,132933.5668806726,18924.329250737635,68294.22442576571,859427.2918681381,0.0,0.0,0.0,0.0,0.0,0.0,0.0,0.0,0.0011011117553999998,0.0005061803139237237,0.0011040787361007508,0.0010732263365349848,0.0009001167318142642,0.0009511649086228228,0.03575032201914235,0.00042476723938873875,0.000857558217498048,0.00040975894911366356,0.0022232080930783787,0.0010271784401340842,0.011404481014398612,0.09867241495522612,0.0006231260045125383,0.0002924553682912491,0.0006253646959134766,0.0006148707253530948,0.000514624056893676,0.0005398958510381052,0.020357624806558918,0.00023856541913769739,0.0004891320784717956,0.00023297176777399125,0.0012669105010164104,0.0005860796634869753,0.006514097247426171,0.056235037461098404
2026-07-03 15:46:51.430999994,4781.15076923077,3354.3427627923074,4793.649230769231,4768.916923076923,4091.6953846153842,4214.873846153845,164767.2061538461,1940.606894292308,4050.2461538461525,2292.3199999999997,10195.246153846154,4509.541538461537,63220.16444591978,468422.82461538457,0.025343720739064504,0.011022484761341277,0.0063183558725822975,0.007342566264782415,0.007313535990581116,0.0006454752504478894,0.006751923600633627,0.045619675445160116,215133.57721874776,193543.70708752424,146585.56138256827,108099.5953959213,136545.74786298748,88195.86190202872,70112.67785698587,938449.3368771386,211016.45173426307,190415.78491131993,143061.7959974931,105894.519131334,133412.67893583854,18924.329250737635,68294.22442576571,894005.3570323021,0.0,0.0,0.0,0.0,0.0,0.0,0.0,0.0,0.0011083370797243244,0.0005095063769867868,0.001111321981596246,0.001080267176625075,0.0009060218962286787,0.0009574049716858859,0.03598485996508829,0.0004275554353346847,0.0008631841792097598,0.00041244743334789785,0.002237793322808108,0.0010339171856295797,0.011499461143340054,0.09931974969846938,0.0006271968862800821,0.0002943645061508983,0.0006292250914342524,0.0006183086620651428,0.0005179684180822724,0.0005434204968802106,0.020487965985492025,0.00024012188810699562,0.0004923168375902165,0.00023449146536171057,0.0012751746819111474,0.0005898904434299578,0.006567411063735229,0.056595995140783235
