timestamp,api-gateway_energy,clientone_energy,clientthree_energy,clienttwo_energy,kernel_processes_energy,orchestrator_energy,policy_energy,policy-enforcer_energy,rabbitmq_energy,server_energy,sidecar_energy,system_processes_energy,clientone_cpu_usage,clientthree_cpu_usage,clienttwo_cpu_usage,policy_cpu_usage,server_cpu_usage,sidecar_cpu_usage,clientone_memory_usage,clientthree_memory_usage,clienttwo_memory_usage,policy_memory_usage,server_memory_usage,sidecar_memory_usage,clientone_memory_rss_usage,clientthree_memory_rss_usage,clienttwo_memory_rss_usage,policy_memory_rss_usage,server_memory_rss_usage,sidecar_memory_rss_usage,clientone_memory_cache_usage,clientthree_memory_cache_usage,clienttwo_memory_cache_usage,policy_memory_cache_usage,server_memory_cache_usage,sidecar_memory_cache_usage,api-gateway_carbon_coal,clientone_carbon_coal,clientthree_carbon_coal,clienttwo_carbon_coal,kernel_processes_carbon_coal,orchestrator_carbon_coal,policy_carbon_coal,policy-enforcer_carbon_coal,rabbitmq_carbon_coal,server_carbon_coal,sidecar_carbon_coal,system_processes_carbon_coal,api-gateway_carbon_emission,clientone_carbon_emission,clientthree_carbon_emission,clienttwo_carbon_emission,kernel_processes_carbon_emission,orchestrator_carbon_emission,policy_carbon_emission,policy-enforcer_carbon_emission,rabbitmq_carbon_emission,server_carbon_emission,sidecar_carbon_emission,system_processes_carbon_emission
2026-09-13 14:44:34.448999882,3520.309915966386,15744.612100840335,15658.835294117647,15243.08413695924,561237.8611764705,4583.737815126051,11476.046722689074,5176.258487394958,31403.855798319328,14103.157310924369,101609.63568297715,1335063.7383428128,0.003022107338655381,0.0027904685078479737,0.003236180236122583,0.0007570260375209239,0.0028372965169059044,0.0031055822803274795,6830.567641118196,12218.5010153933,36947.83923052046,24936.85888993064,31456.2601456527,58772.542603288995,3302.3100555024357,8320.458643040996,25786.117550471623,7118.275680303648,7457.708118476581,31263.375531905618,0.0,0.0,0.0,0.0,0.0,0.0,0.0010073791711045453,0.0036270746245158463,0.0034970427055984843,0.0035202494276650093,0.12853828894581687,0.001213638726558494,0.00265510767586076,0.0011871278899115703,0.007138754331919116,0.003209694247363934,0.023013800918136453,0.30233969872846045,0.00045766001069980924,0.004142174190218486,0.0038037555495285123,0.0022227000245269106,0.0728588470346763,0.0005959115951698327,0.0014919503655278581,0.0006729426020083329,0.00408267718574677,0.0034394000129732497,0.014845357731332033,0.1642549451742408
2026-09-13 14:44:49.448999882,3520.309915966386,15744.612100840335,15665.678319327732,15225.547667146111,561310.2847058823,4583.737815126051,11476.046722689074,5176.258487394958,31403.855798319328,14113.46420168067,101294.56719409002,1334810.0333516866,0.003022107338655381,0.0027904685078479737,0.003235082094108055,0.0007570260375209239,0.0028372965169059044,0.003091829373928199,6830.567641118196,12218.5010153933,36973.58944766242,24936.85888993064,31456.2601456527,57607.27000040538,3302.3100555024357,8320.458643040996,25852.5679730566,7118.275680303648,7457.708118476581,30131.749922135943,0.0,0.0,0.0,0.0,0.0,0.0,0.0010094421483772726,0.003634457160034972,0.0035042044239180442,0.003532714237474819,0.12879879377891143,0.0012161240957044995,0.0026604772009285104,0.0011895589684239667,0.00715325692754753,0.0032162376134841526,0.02306491330652976,0.30295263591667404,0.00045766001069980924,0.004142174190218486,0.003872053731154973,0.0022106450656107506,0.07303258868000435,0.0005959115951698327,0.0014919503655278581,0.0006729426020083329,0.00408267718574677,0.003502157067802748,0.01486944640298551,0.16484644365497955
2026-09-13 14:45:04.448999882,3471.5737815126054,15789.73613445378,15665.678319327732,15273.748628818585,561396.0826890756,4573.452100840335,11488.918991596636,5181.014117647059,31438.70319327731,14113.46420168067,101287.27138833624,1334560.7339717932,0.003022107338655381,0.0027904685078479737,0.0032339839520935266,0.0007570260375209239,0.0028372965169059044,0.003082499888428366,6830.567641118196,12218.5010153933,36999.3396648044,24936.85888993064,31456.2601456527,57647.52265276868,3302.3100555024357,8320.458643040996,25919.018395641582,7118.275680303648,7457.708118476581,30010.39568736499,0.0,0.0,0.0,0.0,0.0,0.0,0.0010089522233602168,0.0036441986652689697,0.003510069863723361,0.003527860932535787,0.1290653674003563,0.001217478646062881,0.0026683056831862855,0.001190276984634371,0.007172348805923482,0.0032229435514319785,0.02310565036931422,0.3036435785684132,0.00045315869075912714,0.00416232064630252,0.003872053731154973,0.002217643514560398,0.0731752438358462,0.0005969913637737447,0.0014996954741953248,0.000676298912862086,0.004103822207120966,0.003502157067802748,0.014888648636006179,0.16507967042979263
2026-09-13 14:45:19.448999882,3471.5737815126054,15789.73613445378,15670.845378151258,15234.249821897532,561374.2588235294,4573.452100840335,11488.918991596636,5181.014117647059,31438.70319327731,14111.298151260504,100946.03621100304,1334965.443986109,0.003022107338655381,0.0027917210704824454,0.0032328858100789983,0.0007492131353894868,0.0027594351719086143,0.0030323460846637218,6830.567641118196,11882.275691447203,37025.08988194637,24389.940580402883,31137.312791037715,57095.18936581031,3302.3100555024357,8091.498568551327,25985.46881822656,6962.1567673720665,6748.834806918092,29224.825397003817,0.0,0.0,0.0,0.0,0.0,0.0,0.0010110099945350797,0.0036515859925047413,0.003517228938176912,0.0035402726492024536,0.12932588449120774,0.0012199617095874711,0.002673680163024995,0.0011927045700168848,0.007186860723945161,0.003229487247908943,0.02315674274601899,0.3042566733685159,0.00045315869075912714,0.00416232064630252,0.00394208821512605,0.0022025947199122366,0.07333675769008652,0.0005969913637737447,0.0014996954741953248,0.000676298912862086,0.004103822207120966,0.0035637509399325078,0.014908776849122457,0.1657549605263047
2026-09-13 14:45:34.448999882,3421.6487394957976,15810.700840336136,15670.845378151258,15281.623509072859,561409.3542857142,4558.220168067228,11482.563025210084,5155.103193277311,31468.06588235294,14111.298151260504,100975.54687509482,1334697.156323399,0.002984796922093686,0.0027917210704824454,0.003230567106702075,0.0007492131353894868,0.0028108866077956665,0.0029601918843599044,6784.347635460182,11882.275691447203,36225.67003623135,24389.940580402883,30930.369024127813,55941.165945584056,3167.6917268508937,8091.498568551327,25340.807385280445,6962.1567673720665,6703.980926733599,27979.763019002996,0.0,0.0,0.0,0.0,0.0,0.0,0.0010130677657099432,0.0036589733197405143,0.003524388012630464,0.00355268436586912,0.12958640158205922,0.0012224447731120616,0.0026790546428637047,0.0011951321553993982,0.007201372641966842,0.003236030944385908,0.02320783512272376,0.30486976816861866,0.0004484500375962149,0.004176133115294117,0.00394208821512605,0.0022094440911943833,0.07347283749896247,0.0005974119967798885,0.0015049340865758065,0.0006756410131035944,0.004124285221077607,0.0035637509399325078,0.014933397707782315,0.1659854647414868
2026-09-13 14:45:49.448999882,3421.6487394957976,15810.700840336136,15676.003361344536,15246.924031831886,561444.697815126,4558.220168067228,11482.563025210084,5155.103193277311,31468.06588235294,14115.845042016805,100668.2368405432,1334391.4797812712,0.002984796922093686,0.0027667756244950993,0.003184394948589569,0.0007309044064070278,0.0028108866077956665,0.002951567606072236,6784.347635460182,11740.168640269547,36933.61158676949,24705.370932549336,30930.369024127813,55646.587605328525,3167.6917268508937,7808.330817816185,25711.248178470283,7050.866564118356,6703.980926733599,27868.50529921102,0.0,0.0,0.0,0.0,0.0,0.0,0.0010151255368848065,0.0036663606469762872,0.0035315470870840165,0.0035650960825357875,0.12984691867291068,0.0012249278366366517,0.0026844291227024145,0.001197559740781912,0.007215884559988521,0.003242574640862872,0.023258927499428535,0.3054828629687214,0.0004484500375962149,0.004176133115294117,0.004014366677673949,0.002195289570688496,0.07364184209372329,0.0005974119967798885,0.0015049340865758065,0.0006756410131035944,0.004124285221077607,0.003629039464997647,0.014958454115099407,0.16657486422292117
2026-09-13 14:46:04.448999882,3370.997647058824,15833.305210084032,15676.003361344536,15293.50925423991,561466.2584873949,4559.015798319327,11486.217478991593,5151.118991596639,31516.118319327725,14115.845042016805,100686.37416523861,1333883.0971752594,0.0029877544751950205,0.0027667756244950993,0.0031838616126496277,0.0007340105258034123,0.0028108866077956665,0.002937529650036711,6605.049076955737,11740.168640269547,36934.26251587256,24810.361176383947,30930.369024127813,55514.74555250939,3083.9751204903628,7808.330817816185,25758.58530137579,7080.830582947832,6703.980926733599,27765.583786826013,0.0,0.0,0.0,0.0,0.0,0.0,0.0010143892050150248,0.0036744553978645157,0.003537340518675881,0.0035561761497387625,0.13010185408367642,0.001226065348440746,0.0026908413929056466,0.001198813832924206,0.0072373366480807735,0.0032488901755763433,0.023289835539607794,0.30612444030721075,0.00044359307412753337,0.004190401507591036,0.004014366677673949,0.002201997025430648,0.07377617843677572,0.0005999256139312194,0.0015114832625436052,0.0006778410867989548,0.00414723867340442,0.003629039464997647,0.014981405260630387,0.16677482917823694
2026-09-13 14:46:19.448999882,3370.997647058824,15833.305210084032,15683.696470588233,15274.657899714102,561528.8319327731,4559.015798319327,11486.217478991593,5151.118991596639,31516.118319327725,14116.247394957982,100380.89273233408,1334053.406642167,0.0029877544751950205,0.0027667756244950993,0.0031833282767096873,0.0007454686551322978,0.0028108866077956665,0.0029264898672594947,6605.049076955737,11740.168640269547,36934.91344497564,25197.65852030719,30930.369024127813,51685.7377664527,3083.9751204903628,7808.330817816185,25805.922424281292,7191.364519074346,6703.980926733599,24342.22913830815,0.0,0.0,0.0,0.0,0.0,0.0,0.0010164413242562172,0.003681844150552688,0.0035444968303289972,0.0035684359731653365,0.13036236000019255,0.001228545690581667,0.0026962179469056467,0.0012012390449838263,0.007251862549962494,0.003255433412135484,0.023340862094176292,0.3067375922273559,0.00044359307412753337,0.004190401507591036,0.004089661990243901,0.0021903074411388805,0.07394880427762389,0.0005999256139312194,0.0015114832625436052,0.0006778410867989548,0.00414723867340442,0.0036953708808307706,0.015006668025926376,0.1674258413338396
2026-09-13 14:46:34.448999882,3318.873277310925,15849.732100840334,15683.696470588233,15320.768483158472,561554.9122689075,4553.041008403362,11483.110588235293,5136.752268907564,31537.073949579833,14116.247394957982,100394.59985946256,1333759.2217517423,0.0029877544751950205,0.0027667756244950993,0.003182794940769747,0.0007454686551322978,0.002813573910692009,0.0029354465612174132,6605.049076955737,11740.168640269547,36935.564374078705,25197.65852030719,30407.035167403996,51861.37304453681,3083.9751204903628,7808.330817816185,25853.259547186797,7191.364519074346,6590.551300625562,24400.533447410242,0.0,0.0,0.0,0.0,0.0,0.0,0.00101849344349741,0.0036892329032408586,0.0035516531419821137,0.0035806957965919097,0.13062286591670869,0.0012310260327225888,0.0027015945009056467,0.0012036642570434472,0.0072663884518442134,0.003261976648694624,0.023391888648744797,0.30735074414750113,0.00043848792599392704,0.004203055439585434,0.004089661990243901,0.0021969194618267776,0.0740837679511159,0.000601545567403432,0.0015171429955511612,0.0006786652157333523,0.004166662898100417,0.0036953708808307706,0.01502896641753342,0.16765209403013703
2026-09-13 14:46:49.448999882,3318.873277310925,15849.732100840334,15698.014789915967,15284.590964424542,561619.7394957982,4553.041008403362,11483.110588235293,5136.752268907564,31537.073949579833,14136.337815126051,100089.2524367089,1333948.4474510285,0.0029877544751950205,0.0027667756244950993,0.00317923741918478,0.0007479455262226988,0.002813573910692009,0.0029034144673759084,6605.049076955737,11740.168640269547,36066.46219185098,24598.19014582162,30407.035167403996,50151.85857691829,3083.9751204903628,7808.330817816185,25098.50618125085,7020.277368452457,6590.551300625562,24351.182029223244,0.0,0.0,0.0,0.0,0.0,0.0,0.0010205455627386023,0.0036966216559290326,0.0035588094536352305,0.003592955620018483,0.13088337183322482,0.0012335063748635101,0.0027069710549056467,0.0012060894691030676,0.007280914353725934,0.003268519885253763,0.0234429152033133,0.30796389606764624,0.00043848792599392704,0.004203055439585434,0.0041692139812931454,0.002182924463816652,0.07425675071677386,0.000601545567403432,0.0015171429955511612,0.0006786652157333523,0.004166662898100417,0.003769144880922285,0.015054181655852816,0.16830802199160794
2026-09-13 14:47:04.448999882,3268.8514285714277,15879.953949579833,15698.014789915967,15330.129118613731,561678.3287394957,4546.086050420167,11485.766722689077,5116.6134453781515,31606.596302521004,14136.337815126051,100137.7370960321,1333294.3902367428,0.002977025948138461,0.0027191202200095247,0.0031786467900740342,0.0007479455262226988,0.002813573910692009,0.0029199813033534807,6764.405677685898,11537.954018914768,36051.63228397233,24598.19014582162,30407.035167403996,50906.01761561366,3153.9560214977196,7673.838826421648,25131.311127656543,7020.277368452457,6590.551300625562,24778.338326850513,0.0,0.0,0.0,0.0,0.0,0.0,0.001019331439567061,0.003704353257977466,0.0035650238441205643,0.003587010967007337,0.13114380926509947,0.0012348048673129085,0.0027129951054064814,0.001207295854150814,0.007302475469989066,0.0032765191311013332,0.02347729499765533,0.3085547156684207,0.00043360657987995185,0.0042193919863697475,0.0041692139812931454,0.00218942816097466,0.0743960553340106,0.000603029188458442,0.0015235638984365512,0.0006787085020831862,0.00419255155024645,0.003769144880922285,0.015081723476043078,0.16848834792646036
2026-09-13 14:47:19.448999882,3268.8514285714277,15879.953949579833,15710.339495798316,15304.926291566951,561730.2715966386,4546.086050420167,11485.766722689077,5116.6134453781515,31606.596302521004,14143.316974789916,99988.25902427432,1332496.1979831934,0.002977025948138461,0.002769397483320377,0.0031229623555454004,0.0007479455262226988,0.0028122475896718343,0.002917815019334112,6764.405677685898,11628.643105898165,36638.88674200241,24598.19014582162,31242.90694661532,50824.53046821731,3153.9560214977196,7734.155710653032,25551.511229570802,7020.277368452457,6768.941552737493,24769.887390703705,0.0,0.0,0.0,0.0,0.0,0.0,0.0010213770047552328,0.0037117426959774667,0.003572178265491532,0.0035991789364517818,0.13140431507108888,0.0012372828384150589,0.0027183729433694448,0.0012097186209518893,0.007317015433989067,0.003283065277768,0.023528266746027815,0.30916782318876457,0.00043360657987995185,0.0042193919863697475,0.004250915689230986,0.002177178737297494,0.07456739805003332,0.000603029188458442,0.0015235638984365512,0.0006787085020831862,0.00419255155024645,0.0038418584010959673,0.01513048208296317,0.16902141605335913
2026-09-13 14:47:34.448999882,3216.9327731092435,15881.315294117647,15710.339495798316,15349.99830011396,561734.355630252,4548.448739495797,11478.657478991598,5101.463193277311,31647.36403361345,14143.316974789916,100082.14511138233,1332161.025882353,0.0029771888651610487,0.002769397483320377,0.0031742943946037,0.0007479455262226988,0.0028122475896718343,0.0029068381468611458,6585.090236247012,11628.643105898165,37273.718251951024,24598.19014582162,31242.90694661532,48515.95548679322,3070.3488218084226,7734.155710653032,26003.621651485984,7020.277368452457,6768.941552737493,22610.069028664373,0.0,0.0,0.0,0.0,0.0,0.0,0.0010234225699434051,0.0037191321339774667,0.0035793326868625,0.0036113469058962257,0.1316648208770783,0.00123976080951721,0.0027237507813324072,0.0012121413877529646,0.007331555397989068,0.0032896114244346667,0.023579238494400308,0.3097809307091085,0.00042841975284231326,0.004228076688784313,0.004250915689230986,0.0021835903865133357,0.0746995113227961,0.0006057463497775578,0.0015286870901433515,0.0006793948629164606,0.004214684245417696,0.0038418584010959673,0.015164979480992866,0.16934773543306847
2026-09-13 14:47:49.448999882,3216.9327731092435,15881.315294117647,15703.602352941178,15284.134729862517,561691.1586554622,4548.448739495797,11478.657478991598,5101.463193277311,31647.36403361345,14143.534789915968,99985.47979101735,1331806.9583193278,0.0029771888651610487,0.002769397483320377,0.003173741752554279,0.0007387798461123714,0.0028122475896718343,0.0029166683859150966,6585.090236247012,11628.643105898165,37240.59549558442,23041.241075455546,31242.90694661532,48434.1597748821,3070.3488218084226,7734.155710653032,26024.637483424172,7123.69731474883,6768.941552737493,22577.707134102693,0.0,0.0,0.0,0.0,0.0,0.0,0.0010254681351315772,0.0037265215719774663,0.0035864871082334675,0.00362351487534067,0.13192532668306772,0.0012422387806193603,0.00272912861929537,0.0012145641545540401,0.007346095361989068,0.0032961575711013334,0.023630210242772794,0.3103940382294524,0.00042841975284231326,0.004228076688784313,0.004257391757231833,0.002165746843550195,0.07485821825351796,0.0006057463497775578,0.0015286870901433515,0.0006793948629164606,0.004214684245417696,0.0038493921156980437,0.015182765380659482,0.16972553091924628
2026-09-13 14:48:04.448999882,3165.3257142857133,15888.829915966391,15703.602352941178,15329.01542626205,561710.0166962371,4553.270924369747,11483.806386554623,5086.234285714286,31698.305546218493,14143.534789915968,100089.08696364061,1331437.4289328933,0.0029771888651610487,0.002769397483320377,0.003173189110504858,0.0007521663362981294,0.002768172961559405,0.002907625253415098,6585.090236247012,11628.643105898165,37207.47273921782,23458.742106577818,30753.256067410908,47526.30525419428,3070.3488218084226,7734.155710653032,26045.65331536236,7252.776775554385,6662.856091860101,22096.10457705788,0.0,0.0,0.0,0.0,0.0,0.0,0.0010237086535156042,0.0037338368449290997,0.003591650072114,0.003617393014329725,0.13218008241493964,0.0012432524687428174,0.0027340706377582424,0.0012153412945165637,0.007366884220540081,0.0033037759451328046,0.023662678643970893,0.310910829893475,0.0004232197120768306,0.004238404227602241,0.004257391757231833,0.0021721063940436697,0.07499229695284089,0.0006087948551147518,0.001535441743176329,0.0006800546939735893,0.004238220315226325,0.0038493921156980437,0.015218789818778364,0.17004730424950765
2026-09-13 14:48:19.448999882,3165.3257142857133,15888.829915966391,15709.719327731094,15283.750260858624,561711.3508138842,4553.270924369747,11483.806386554623,5086.234285714286,31698.305546218493,14137.221176470588,100025.24108066918,1331393.9959917169,0.0029750409134488664,0.002769397483320377,0.003172636468455437,0.0007406295484943847,0.002756455263269106,0.00290805002490536,6766.139595239268,11628.643105898165,37174.349982851214,23098.930032085977,30623.07728846668,45664.62395313865,3152.311573654346,7734.155710653032,26066.66914730055,7141.53310163605,6634.652168723695,20377.030169982005,0.0,0.0,0.0,0.0,0.0,0.0,0.0010257466441822708,0.003741226135934392,0.0035988005287806665,0.0036294621201771295,0.1324405769009414,0.0012457275254094838,0.0027394476180732028,0.0012177607858498971,0.00738143657569881,0.0033103242176195768,0.023713596066109878,0.3115237474850156,0.0004232197120768306,0.004238404227602241,0.004267352367601158,0.002157377741454031,0.0751569322492349,0.0006087948551147518,0.001535441743176329,0.0006800546939735893,0.004238220315226325,0.0038551449747108255,0.015241527937913432,0.17046519609553112
2026-09-13 14:48:34.448999882,3113.537142857144,15888.103865546218,15709.719327731094,15328.155909056455,561693.5576470587,4556.970756302521,11473.892773109243,5070.08268907563,31727.991932773108,14137.221176470588,100116.0769829801,1330936.1062184875,0.0029750409134488664,0.002765642902377597,0.003161788187147141,0.0007568298425091984,0.0028224208334777586,0.002915805909060501,6766.139595239268,7111.2231765293,36073.364945571964,22749.044261175783,30233.995900929058,41683.50128862238,3152.311573654346,3337.4575741922686,25084.134109608574,7033.358358854643,6550.35562179865,16351.320734461216,0.0,0.0,0.0,0.0,0.0,0.0,0.0010277846348489376,0.0037486154269396827,0.0036059509854473332,0.0036415312260245345,0.13270107138694312,0.0012482025820761506,0.0027448245983881635,0.0012201802771832303,0.0073959889308575395,0.0033168724901063494,0.023764513488248862,0.31213666507655624,0.0004179407598559425,0.004246537094285714,0.004267352367601158,0.0021636458206480604,0.07528611310314819,0.000611697800008474,0.001540179944568886,0.0006805745730273285,0.004258957079573477,0.0038551449747108255,0.015275666415274447,0.1707755295989162
2026-09-13 14:48:49.448999882,3113.537142857144,15888.103865546218,15726.421512605046,15279.212343398478,561692.5078991597,4556.970756302521,11473.892773109243,5070.08268907563,31727.991932773108,14132.804369747899,100042.64644780033,1330903.8544537814,0.0029721734778451834,0.002765284653026614,0.003161063332292057,0.0007568298425091984,0.0028206364319431935,0.0029117558763380107,6635.023123676018,6911.590168839253,36023.08329768853,22749.044261175783,27268.764016587615,41717.244204856135,3091.2250463978926,3243.2201262855788,25089.02458615655,7033.358358854643,3184.527407985225,16370.156932994736,0.0,0.0,0.0,0.0,0.0,0.0,0.0010298226255156043,0.0037560047179449733,0.0036131014421139996,0.0036536003318719383,0.1329615658729449,0.0012506776387428173,0.0027502015787031243,0.0012225997685165638,0.007410541286016269,0.003323420762593122,0.023815430910387847,0.31274958266809694,0.0004179407598559425,0.004246537094285714,0.004280200379747193,0.0021485799220778974,0.07545042406644946,0.000611697800008474,0.001540179944568886,0.0006805745730273285,0.004258957079573477,0.003861409412030223,0.015296914104243478,0.17119544030954612
2026-09-13 14:49:04.448999882,3063.0373109243683,15890.87495798319,15726.421512605046,15323.314386837797,561676.2746218487,4556.529075630252,11482.45411764706,5053.646722689076,31774.074957983194,14132.804369747899,100121.27590074152,1330650.142184874,0.0029721734778451834,0.002765284653026614,0.003101902474661719,0.0007568298425091984,0.0028206364319431935,0.002909970935977663,6635.023123676018,6911.590168839253,32285.148492786248,22749.044261175783,27268.764016587615,41413.12562153988,3091.2250463978926,3243.2201262855788,21394.023159544333,7033.358358854643,3184.527407985225,16209.261037179205,0.0,0.0,0.0,0.0,0.0,0.0,0.0010281712069146827,0.0037642309906938316,0.0036200960317559518,0.003646901066759004,0.13321854634285835,0.0012520477707250002,0.002755095333131575,0.0012228246263537037,0.007426732111903008,0.0033296631362139104,0.02385045543704711,0.31333474881157136,0.00041278074237695056,0.004255605741294117,0.004280200379747193,0.002154781600732967,0.07557980103040043,0.000614046537334934,0.0015473973882352938,0.0006810390583433374,0.004281934863385354,0.003861409412030223,0.015329235102477193,0.17153191769869813
2026-09-13 14:49:19.448999882,3063.0373109243683,15890.87495798319,15715.340168067227,15276.730442094315,561642.8309243697,4556.529075630252,11482.45411764706,5053.646722689076,31774.074957983194,14130.163361344536,100031.77660470307,1331172.105882353,0.0029721734778451834,0.002765284653026614,0.00316095328744407,0.0007568298425091984,0.0028206364319431935,0.0029014955689844013,6635.023123676018,6911.590168839253,32837.356111013214,22749.044261175783,27268.764016587615,41338.7438421283,3091.2250463978926,3243.2201262855788,21712.64162484465,7033.358358854643,3184.527407985225,16198.21199312807,0.0,0.0,0.0,0.0,0.0,0.0,0.0010302019112797618,0.0037716219283578734,0.0036272461805654764,0.0036588593286637655,0.1334790339210756,0.0012545206457250002,0.0027604713702409503,0.001225239783761111,0.0074412876906431655,0.003336210806817585,0.02390132333753495,0.31394761198707066,0.00041278074237695056,0.004255605741294117,0.004285489624766611,0.0021402255410198894,0.07573973792926278,0.000614046537334934,0.0015473973882352938,0.0006810390583433374,0.004281934863385354,0.0038681553086702906,0.015347980324698269,0.17202410532982715
2026-09-13 14:49:34.448999882,3013.4329411764697,15889.202016806725,15715.340168067227,15320.218119300196,561633.2440336135,4557.034285714286,11482.16369747899,5036.88100840336,31797.768403361355,14130.163361344536,100110.26487976658,1330836.915630252,0.0029721734778451834,0.002765284653026614,0.003160188350876096,0.0007568298425091984,0.0028206364319431935,0.002900919641375175,6635.023123676018,6911.590168839253,32836.84261821491,22749.044261175783,27268.764016587615,39403.623930253976,3091.2250463978926,3243.2201262855788,21772.26274650282,7033.358358854643,3184.527407985225,14515.870942027292,0.0,0.0,0.0,0.0,0.0,0.0,0.0010322326156448412,0.003779012866021915,0.0036343963293749997,0.0036708175905685275,0.13373952149929288,0.001256993520725,0.0027658474073503254,0.0012276549411685187,0.007455843269383322,0.0033427584774212596,0.02395219123802279,0.3145604751625699,0.00040768849621354407,0.004263484843383753,0.004285489624766611,0.0021463180382219867,0.07586999255077788,0.0006165229130372148,0.0015534263222314805,0.0006814415598446436,0.004301932260105926,0.0038681553086702906,0.015380318876299199,0.1723501867318058
2026-09-13 14:49:49.448999882,3013.4329411764697,15889.202016806725,15716.181176470587,15291.677462917929,561668.0611764706,4557.034285714286,11482.16369747899,5036.88100840336,31797.768403361355,14130.844033613448,100040.2779136814,1331114.3576470588,0.0029721734778451834,0.0027661208317848293,0.0031515428068206583,0.0007592605640717005,0.002817799917275594,0.0029096513042578495,6635.023123676018,10183.26969376674,32242.721969618473,23185.28058622613,26627.665404704087,39507.17817022414,3091.2250463978926,3185.9803882784336,21275.94332132266,7167.778816066236,3109.6580043143267,14559.082818469498,0.0,0.0,0.0,0.0,0.0,0.0,0.0010342633200099206,0.0037864038036859574,0.003641546478184524,0.003682775852473289,0.13400000907751017,0.001259466395725,0.0027712234444597,0.0012300700985759258,0.007470398848123482,0.003349306148024934,0.02400305913851063,0.31517333833806926,0.00040768849621354407,0.004263484843383753,0.004294024620187839,0.0021344529523172106,0.0760391404418622,0.0006165229130372148,0.0015534263222314805,0.0006814415598446436,0.004301932260105926,0.0038758094848273437,0.015402017432828177,0.1728117698474017
2026-09-13 14:50:04.448999882,2961.7532773109247,15908.375798319328,15716.181176470587,15334.732317381546,561683.7529411765,4555.678991596638,11484.341848739494,5019.458823529412,31852.56705882353,14130.844033613448,100131.03089528094,1330830.2601680672,0.002966965949810948,0.002766992626068925,0.0031506562266550363,0.0007592605640717005,0.002817799917275594,0.0029083263016153574,3421.0701999938155,10366.0149180167,32233.577252464438,23185.28058622613,26627.665404704087,37907.35092568201,5.918806574383764,3243.1548241934815,21327.481184793873,7167.778816066236,3109.6580043143267,12919.677918080513,0.0,0.0,0.0,0.0,0.0,0.0,0.001032987968877034,0.003796895096849999,0.003648165642047638,0.0036761483931156956,0.13426075071931512,0.001259907919763538,0.0027766642938420543,0.001229781067066877,0.007483130781030842,0.0033546074177415366,0.024036456412934434,0.315848163677199,0.0004022619563251183,0.0042769668333781504,0.004294024620187839,0.0021404626632494685,0.07617282408912257,0.0006187471311630532,0.0015597902278257183,0.0006817371796342067,0.004326179373959465,0.0038758094848273437,0.015436289818507322,0.17314451535012676
2026-09-13 14:50:19.448999882,2961.7532773109247,15908.375798319328,15690.60605042017,15283.607135321237,561629.9858823529,4555.678991596638,11484.341848739494,5019.458823529412,31852.56705882353,14121.09680672269,100000.53511085993,1331097.6161344538,0.0029189747658965874,0.002766992626068925,0.0031497696464894143,0.0007498839013734776,0.002817004702805415,0.002892931629892133,3365.7338018250725,10366.0149180167,32224.432535310407,22503.343668469966,23760.981727040933,35924.88425563216,5.823068861289053,3243.1548241934815,21379.019048265087,6956.601674791001,5.8449723819346975,11104.70983971235,0.0,0.0,0.0,0.0,0.0,0.0,0.0010350121952549865,0.003804292086433333,0.0036553147503153548,0.003687996671927065,0.13452123876177918,0.001262376814776661,0.002782040456632752,0.0012321909259907615,0.00749768279991105,0.0033611526553717444,0.024087268800669123,0.3164611471870049,0.0004022619563251183,0.0042769668333781504,0.004295329044547701,0.0021256065254948676,0.07632996582183371,0.0006187471311630532,0.0015597902278257183,0.0006817371796342067,0.004326179373959465,0.00388059870415931,0.01544861049825668,0.1736057174982429
2026-09-13 14:50:34.448999882,2911.304873949579,15909.743193277314,15690.60605042017,15326.133990816925,561635.9818487396,4558.900840336134,11473.115294117648,5002.54487394958,31903.85344537815,14121.09680672269,100089.55283331027,1331269.4026890756,0.002906612407772375,0.002766992626068925,0.003148883066323792,0.0007498839013734776,0.002817004702805415,0.0028944077830527415,3351.4793426584315,10366.0149180167,32215.287818156372,22503.343668469966,23760.981727040933,35692.771989242035,5.79840716722912,3243.1548241934815,21430.5569117363,6956.601674791001,5.8449723819346975,9453.06806583475,0.0,0.0,0.0,0.0,0.0,0.0,0.0010370364216329394,0.003811689076016666,0.0036624638585830704,0.003699844950738435,0.13478172680424325,0.0012648457097897846,0.002787416619423449,0.0012346007849146458,0.00751223481879126,0.0033676978930019526,0.02413808118840381,0.317074130696811,0.00039694867239319244,0.004285672341445379,0.004295329044547701,0.002131521056060201,0.07646232881376461,0.0006215939980509849,0.001564328739653979,0.0006820836814688227,0.004350005519067862,0.00388059870415931,0.015482654240091591,0.1739981062350785
2026-09-13 14:50:49.448999882,2911.304873949579,15909.743193277314,15664.453109243697,15284.492613238664,561590.4524369747,4558.900840336134,11473.115294117648,5002.54487394958,31903.85344537815,14105.653109243696,99957.39339875792,1331186.4514285715,0.002969809421167989,0.002766992626068925,0.0031479964861581694,0.0007465326424478146,0.002817004702805415,0.0029002649815034324,3306.8005763569613,10366.0149180167,32206.143101002337,21108.878712536924,23760.981727040933,37388.87096228124,5.721108263593359,3243.1548241934815,21482.094775207515,7118.91618887939,5.8449723819346975,9494.69551288906,0.0,0.0,0.0,0.0,0.0,0.0,0.0010390606480108922,0.003819086065599999,0.003669612966850788,0.0037116932295498044,0.1350422148467073,0.001267314604802908,0.0027927927822141473,0.0012370106438385304,0.0075267868376714675,0.003374243130632161,0.024188893576138498,0.317687114206617,0.00039694867239319244,0.004285672341445379,0.004296447953924158,0.002118147969012811,0.07662055212754329,0.0006215939980509849,0.001564328739653979,0.0006820836814688227,0.004350005519067862,0.0038838091715895774,0.015494634792557744,0.17441448381520802
2026-09-13 14:51:04.448999882,2860.1757983193284,15925.059831932775,15664.453109243697,15326.753637533335,561581.8850420167,4561.862521008404,11470.250420168064,4985.43731092437,31974.479999999996,14105.653109243696,100056.67363476018,1330845.0292436974,0.002969965740432105,0.0027688693859780167,0.003093327071032185,0.0007465326424478146,0.002817004702805415,0.0029001726769311417,3407.373377477573,7085.743117676841,28984.63624170816,21108.878712536924,23760.981727040933,37432.57469383104,5.895109649615177,2.380962069111842,18258.545416443034,7118.91618887939,5.8449723819346975,9536.753855535071,0.0,0.0,0.0,0.0,0.0,0.0,0.0010378022918619474,0.0038287594021052967,0.003675958386496094,0.003705002435897324,0.13530204232462703,0.0012680437908470187,0.0027971764640193457,0.0012365116892021789,0.007541811672583607,0.003379261877239405,0.024222525191854468,0.31839951999807736,0.0003914888991398913,0.004298144157787115,0.004296447953924158,0.00212400456530575,0.07675091865750527,0.0006244086595748886,0.0015699998973801278,0.0006823858050024713,0.004376533072941175,0.0038838091715895774,0.01553030960795228,0.17473984958616814
2026-09-13 14:51:19.448999882,2860.1757983193284,15925.059831932775,15645.103865546216,15285.866391585838,561518.891092437,4561.862521008404,11470.250420168064,4985.43731092437,31974.479999999996,14077.564033613447,99929.95201410857,1330748.64302521,0.002969965740432105,0.002765074380001163,0.003141939146422148,0.0007465326424478146,0.002817004702805415,0.00290010693801669,3407.373377477573,6916.522190589267,28499.68689706611,21108.878712536924,23760.981727040933,37400.456944577454,5.895109649615177,2.3241001984506946,17611.484994165592,7118.91618887939,5.8449723819346975,9556.22205472713,0.0,0.0,0.0,0.0,0.0,0.0,0.0010398201362629889,0.0038361608006841075,0.003683105932069011,0.0037167400258594457,0.13556252914176575,0.001270509303867852,0.002802550719147551,0.0012389158929782204,0.007556364607338129,0.003385804158247157,0.02427327851425233,0.3190126950814057,0.0003914888991398913,0.004298144157787115,0.004299408935301178,0.0021108909592653514,0.07690671016202243,0.0006244086595748886,0.0015699998973801278,0.0006823858050024713,0.004376533072941175,0.0038835148915585056,0.015543055626777286,0.17515504681092578
2026-09-13 14:51:34.448999882,2809.5489075630244,15916.398655462182,15645.103865546216,15327.894980104391,561501.4598319328,4566.227899159665,11473.69613445378,4974.573781512604,32025.276302521008,14077.564033613447,100013.13561032707,1330527.3337815125,0.002969965740432105,0.002765074380001163,0.0031410310395829596,0.0007465326424478146,0.002817565874222987,0.0028972534893407943,3407.373377477573,6916.522190589267,28533.034165173896,21108.878712536924,23576.3003732606,37739.476195212555,5.895109649615177,2.3241001984506946,17712.558306217,7118.91618887939,5.7995425497541575,9598.891423364705,0.0,0.0,0.0,0.0,0.0,0.0,0.0010418379806640306,0.003843562199262919,0.003690253477641927,0.0037284776158215665,0.1358230159589045,0.0012729748168886855,0.0028079249742757554,0.0012413200967542623,0.007570917542092652,0.0033923464392549086,0.024324031836650186,0.3196258701647341,0.00038604408705599863,0.004304147894184872,0.004299408935301178,0.00211669486761191,0.07703583932739494,0.0006274193255278582,0.0015765351289880652,0.0006835278036296871,0.004400410514172727,0.0038835148915585056,0.015576270284093752,0.1754961628398423
2026-09-13 14:51:49.448999882,2809.5489075630244,15916.398655462182,15628.084033613442,15274.070872065608,561448.1405042016,4566.227899159665,11473.69613445378,4974.573781512604,32025.276302521008,14058.64739495798,99891.23101500272,1330307.4887394956,0.002969965740432105,0.002765074380001163,0.0031401229327437706,0.0007465326424478146,0.002817565874222987,0.002896909078999227,3407.373377477573,6916.522190589267,28566.381433281684,21108.878712536924,23576.3003732606,37397.35214748185,5.895109649615177,2.3241001984506946,17813.631618268406,7118.91618887939,5.7995425497541575,9372.18683350295,0.0,0.0,0.0,0.0,0.0,0.0,0.0010438558250650723,0.0038509635978417295,0.0036974010232148436,0.0037402152057836886,0.13608350277604322,0.0012754403299095186,0.002813299229403961,0.0012437243005303036,0.007585470476847173,0.003398888720262661,0.024374785159048045,0.3202390452480624,0.00038604408705599863,0.004304147894184872,0.004302990838782571,0.002101951745264809,0.07719290424059465,0.0006274193255278582,0.0015765351289880652,0.0006835278036296871,0.004400410514172727,0.003885726129375043,0.01558968716011447,0.17589565144385882
2026-09-13 14:52:04.448999882,2758.870588235295,15913.27663865546,15628.084033613442,15316.049530795768,561452.1216806723,4572.958991596639,11479.313949579831,4965.3226890756305,32110.336134453784,14058.64739495798,99988.66221377453,1330253.5280672268,0.002969965740432105,0.002765074380001163,0.003139214825904582,0.0007488681821514996,0.002817565874222987,0.002895404993206114,3407.373377477573,6916.522190589267,28599.72870138947,20521.759593719424,23576.3003732606,37311.53431508268,5.895109649615177,2.3241001984506946,17914.704930319815,6920.911744556721,5.7995425497541575,9412.733365994309,0.0,0.0,0.0,0.0,0.0,0.0,0.0010422813524815081,0.0038576069162880758,0.0037037659185308776,0.00373520070915774,0.13633553166209328,0.0012762685179832848,0.002818704806410423,0.0012434614970337047,0.007603286190663711,0.003404364900775128,0.024404891313647703,0.3208530691710199,0.00038053867088482467,0.0043116433671820725,0.004302990838782571,0.0021077286671948438,0.07732495663658231,0.0006307609150257749,0.0015833736064571713,0.0006848807278864488,0.004429067708495163,0.003885726129375043,0.0156251642783357,0.17625891968005014
2026-09-13 14:52:19.448999882,2758.870588235295,15913.27663865546,15608.344537815126,15261.258576998169,561401.7640336135,4572.958991596639,11479.313949579831,4965.3226890756305,32110.336134453784,14043.3156302521,99876.89044961138,1330426.9028571427,0.0029217214476043737,0.002765074380001163,0.0031383067190653936,0.000751165915219939,0.002817565874222987,0.0028847717292623553,3352.0238100537654,6916.522190589267,28633.075969497262,20967.08087876248,23576.3003732606,37470.952836235396,5.799349152342154,2.3241001984506946,18015.778242371223,7071.488764765174,5.7995425497541575,9477.903383901066,0.0,0.0,0.0,0.0,0.0,0.0,0.0010442922665641955,0.0038650068579547414,0.003710911954060594,0.0037468522477198314,0.13659600233307095,0.0012787308726344476,0.002824079121295918,0.0012458605558192343,0.007617845396432942,0.00341090513282641,0.024455582769243967,0.32146624536445806,0.00038053867088482467,0.0043116433671820725,0.004305804491490714,0.002093012154592342,0.07748238776435033,0.0006307609150257749,0.0015833736064571713,0.0006848807278864488,0.004429067708495163,0.0038889101053993353,0.01564009569587233,0.17671119334431826
2026-09-13 14:52:34.448999882,2708.4463865546218,15912.169411764704,15608.344537815126,15302.990726723443,561388.4833613446,4578.519327731093,11478.539495798319,4954.516638655463,32164.121344537816,14043.3156302521,99970.26149738267,1330126.9744537815,0.0029687289775019374,0.0027662860846442957,0.003137891602925882,0.000751165915219939,0.002769772254811812,0.002895172175726971,3300.1582690048963,7053.997702619418,28161.415582472866,20967.08087876248,23914.44173106071,37607.455113974895,5.709616382361412,2.3702949269554496,17570.42102423072,7071.488764765174,5.88272206313606,9549.208738137335,0.0,0.0,0.0,0.0,0.0,0.0,0.0010463031806468828,0.0038724067996214087,0.003718057989590309,0.0037585037862819235,0.13685647300404866,0.0012811932272856104,0.0028294534361814148,0.0012482596146047643,0.007632404602202172,0.0034174453648776917,0.024506274224840228,0.32207942155789604,0.0003750148754014547,0.004319682523607842,0.004305804491490714,0.00209873552898978,0.07761204494272005,0.0006339475146105501,0.0015893329401595931,0.0006860085727166161,0.0044534844840562115,0.0038889101053993353,0.015674984646828163,0.1770419581615028
2026-09-13 14:52:49.448999882,2708.4463865546218,15912.169411764704,15601.323025210082,15256.966762818933,561400.847394958,4578.519327731093,11478.539495798319,4954.516638655463,32164.121344537816,14051.350588235291,99909.58089708394,1330355.5593277311,0.0029724029533176356,0.0027662860846442957,0.003069522289078857,0.000751165915219939,0.0028171928031621067,0.0028935355058524403,3373.7135115393726,7053.997702619418,28487.587679458797,20967.08087876248,24323.874650466973,37511.81309058974,4.671115973055552,2.3702949269554496,17662.18843595805,7071.488764765174,5.983438613221237,9548.868279310847,0.0,0.0,0.0,0.0,0.0,0.0,0.0010483140947295702,0.0038798067412880756,0.003725204025120025,0.0037701553248440144,0.13711694367502633,0.0012836555819367734,0.0028348277510669116,0.0012506586733902938,0.007646963807971404,0.003423985596928974,0.02455696568043649,0.32269259775133413,0.0003750148754014547,0.004319682523607842,0.004312112454973519,0.0020853735636455198,0.07777812054562822,0.0006339475146105501,0.0015893329401595931,0.0006860085727166161,0.0044534844840562115,0.0038985609965397914,0.015697878666274756,0.17750244008453384
2026-09-13 14:53:04.448999882,2654.757983193277,15912.723025210085,15601.323025210082,15298.566310551016,561394.6729411765,4590.169411764706,11476.061848739497,4942.152605042017,32240.529075630246,14051.350588235291,100022.00120204464,1330332.8611764708,0.0029724029533176356,0.0027643781250070282,0.0030824482085940142,0.000751165915219939,0.0027711331154464504,0.0028926814791613007,3373.7135115393726,6854.320410077395,28588.93078123321,20967.08087876248,23926.191513843252,39084.58050617186,4.671115973055552,2.3031990625260064,17756.402553922337,7071.488764765174,5.885612396399501,9402.215869425094,0.0,0.0,0.0,0.0,0.0,0.0,0.0010465885700041433,0.00388637012043257,0.00372995639329205,0.0037642581837412092,0.13737207995136447,0.0012846999440667593,0.002839366783061463,0.0012509599214181764,0.007668113106545792,0.003431971677498727,0.02459063910825281,0.3233288112767351,0.0003689840932420026,0.004328172258840336,0.004312112454973519,0.002091059529830587,0.07790875669116004,0.0006379864036381611,0.0015950547289259234,0.0006869084523635337,0.004481102406293341,0.0038985609965397914,0.015735820359609298,0.1778703058808449
2026-09-13 14:53:19.448999882,2654.757983193277,15912.723025210085,15602.947563025213,15259.327132766979,561411.2601680672,4590.169411764706,11476.061848739497,4942.152605042017,32240.529075630246,14055.740168067225,99970.80475872895,1330621.1848739497,0.0029724029533176356,0.0027643781250070282,0.003135095869116771,0.000751165915219939,0.002815211533088546,0.0028787573663525048,3373.7135115393726,6854.320410077395,28948.450258162135,20967.08087876248,23591.445393457612,37431.297345860956,4.671115973055552,2.3031990625260064,17850.616671886626,7071.488764765174,5.803268078681888,9434.597281216562,0.0,0.0,0.0,0.0,0.0,0.0,0.0010485923309015795,0.003893768466488549,0.0037370978458561538,0.003775811318604334,0.13763254052364743,0.0012871595844513744,0.0028447395166473224,0.0012533549643668944,0.007682684881991084,0.0034385146673206095,0.02464127900749873,0.3239420307092183,0.0003689840932420026,0.004328172258840336,0.004320807282943296,0.002078766330086743,0.07807542794133294,0.0006379864036381611,0.0015950547289259234,0.0006869084523635337,0.004481102406293341,0.003907207040033895,0.015760194334730065,0.17833977885634403
2026-09-13 14:53:34.448999882,2609.8396638655463,15911.58857142857,15602.947563025213,15300.527852737267,561407.6571428571,4598.4524369747905,11472.631260504199,4926.932773109243,32288.167058823536,14055.740168067225,100077.99376708761,1330376.5603361344,0.0029724029533176356,0.0027643781250070282,0.003134146305848111,0.0007580965245957109,0.002815211533088546,0.002891230013386074,3373.7135115393726,6854.320410077395,28959.607941126244,21027.20107700334,23591.445393457612,37648.72311217286,4.671115973055552,2.3031990625260064,17944.830789850912,7091.765278642044,5.803268078681888,9475.766706532897,0.0,0.0,0.0,0.0,0.0,0.0,0.0010505960917990152,0.003901166812544529,0.0037442392984202567,0.003787364453467458,0.13789300109593036,0.0012896192248359898,0.002850112250233181,0.0012557500073156122,0.007697256657436376,0.0034450576571424933,0.02469191890674465,0.3245552501417015,0.00036412015119836167,0.004336202544761903,0.004320807282943296,0.0020843790722938123,0.07820642148252194,0.000641567840282466,0.001600640946283454,0.0006873968279076336,0.00450478718449827,0.003907207040033895,0.01579738193496411,0.17867813397523935
2026-09-13 14:53:49.448999882,2609.8396638655463,15911.58857142857,15609.276302521002,15260.29065166243,561413.3354621849,4598.4524369747905,11472.631260504199,4926.932773109243,32288.167058823536,14053.918991596638,100009.38869775477,1330632.2117647058,0.0029724029533176356,0.002763818667736643,0.0031331967425794515,0.0007580965245957109,0.002815211533088546,0.002888723876750051,3373.7135115393726,6985.976914313556,28970.76562409036,21027.20107700334,23591.445393457612,37569.21432061199,4.671115973055552,1.1739164702257698,18039.0449078152,7091.765278642044,5.803268078681888,9484.475821395978,0.0,0.0,0.0,0.0,0.0,0.0,0.001052599852696451,0.00390856515860051,0.0037513807509843584,0.003798917588330581,0.1381534616682133,0.0012920788652206053,0.00285548498381904,0.0012581450502643303,0.007711828432881669,0.0034516006469643766,0.02474255880599057,0.32516846957418477,0.00036412015119836167,0.004336202544761903,0.004330809013346513,0.002072085425100729,0.07837158242560378,0.000641567840282466,0.001600640946283454,0.0006873968279076336,0.00450478718449827,0.003914127978199279,0.01581899347556607,0.17914417814101233
2026-09-13 14:54:04.448999882,2605.3048739495794,15907.716302521007,15609.276302521002,15300.915118004137,561435.8339495799,4608.360000000001,11475.874285714284,4909.244369747898,32346.456806722683,14053.918991596638,100107.29734445976,1330794.4749579832,0.002971259856551622,0.002763818667736643,0.0031316841488077,0.0007580965245957109,0.002815211533088546,0.002883326273026141,3374.029028979082,6985.976914313556,31178.28402967195,21027.20107700334,23591.445393457612,37126.200436592975,4.67155282655463,1.1739164702257698,17557.108815058054,7091.765278642044,5.803268078681888,9341.883571919445,0.0,0.0,0.0,0.0,0.0,0.0,0.0010507222821616753,0.003914561954011868,0.003757284324895418,0.0037922975488862277,0.13841004485702435,0.0012939581024206106,0.0028599072264581414,0.0012580871952757682,0.007734780380530099,0.0034586886979280293,0.024779046582855457,0.3258068575249198,0.0003648643118988771,0.0043434841014677854,0.004330809013346513,0.0020776015300380864,0.07850622435887893,0.0006453855428571429,0.0016071581551020404,0.0006875234015111926,0.004530014058300966,0.003914127978199279,0.015854775595668905,0.17953751730931422
2026-09-13 14:54:19.448999882,2605.3048739495794,15907.716302521007,15589.291764705886,15271.944756165456,561391.2756302521,4608.360000000001,11475.874285714284,4909.244369747898,32346.456806722683,14060.85882352941,100007.0348508322,1330853.4181512604,0.002971259856551622,0.002763818667736643,0.0031307277012126516,0.0007580965245957109,0.0028080602761539203,0.0028558417586518423,3374.029028979082,6985.976914313556,31215.372678842396,21027.20107700334,24067.90607609743,37404.636186037555,4.67155282655463,1.1739164702257698,17644.51709883609,7091.765278642044,4.736611281888793,9402.993690168507,0.0,0.0,0.0,0.0,0.0,0.0,0.0010527186689301233,0.003921957647193686,0.0037644234254043253,0.0038037437672512895,0.1386704981772425,0.0012964166405885498,0.0028652781744531283,0.0012604775782274222,0.007749368018787672,0.003465232719392676,0.024829638500076502,0.32642012397356496,0.0003648643118988771,0.0043434841014677854,0.004333502882372715,0.002066965708682344,0.07866435718829788,0.0006453855428571429,0.0016071581551020404,0.0006875234015111926,0.004530014058300966,0.003923491631833909,0.015871336376093198,0.17997803331280848
2026-09-13 14:54:34.448999882,2602.7152941176473,15891.029243697478,15589.291764705886,15312.233740256364,561396.3791596638,4608.940840336134,11468.011764705881,4889.105546218487,32355.502184873953,14060.85882352941,100103.11470744986,1331132.2063865545,0.002971259856551622,0.002765755863201913,0.0031297712536176034,0.0007580965245957109,0.0028080602761539203,0.002872514330045539,3374.029028979082,6805.422830094595,31252.461328012843,21027.20107700334,24067.90607609743,37596.02494408667,4.67155282655463,1.143576345167971,17731.925382614125,7091.765278642044,4.736611281888793,9441.935505492105,0.0,0.0,0.0,0.0,0.0,0.0,0.0010547150556985709,0.003929353340375504,0.003771562525913231,0.0038151899856163508,0.13893095149746068,0.0012988751787564885,0.0028706491224481157,0.001262867961179076,0.007763955657045251,0.0034717767408573227,0.024880230417297547,0.3270333904222103,0.00036587712775086503,0.004347255900100838,0.004333502882372715,0.0020724185799363432,0.07879656428705505,0.0006479026117251605,0.0016121176276816607,0.0006872868110331189,0.0045483800064854175,0.003923491631833909,0.01590687902434191,0.180387558844827
2026-09-13 14:54:49.448999882,2602.7152941176473,15891.029243697478,15583.900840336131,15275.019278317597,561371.1005042016,4608.940840336134,11468.011764705881,4889.105546218487,32355.502184873953,14072.239663865545,100015.4627227592,1331179.6174789916,0.002971259856551622,0.002762624981705819,0.0031276269829063103,0.0007580965245957109,0.0027634989496269544,0.002864672909534479,3374.029028979082,6952.844235143485,31736.621124489546,21027.20107700334,23685.970606056067,37544.126442791276,4.67155282655463,0.0,17819.33366639216,7091.765278642044,4.6614456297281315,9480.635390982505,0.0,0.0,0.0,0.0,0.0,0.0,0.0010567114424670189,0.0039367490335573225,0.003778701626422136,0.003826636203981413,0.13919140481767883,0.0013013337169244276,0.002876020070443103,0.0012652583441307302,0.0077785432953028245,0.0034783207623219695,0.0249308223345186,0.3276466568708556,0.00036587712775086503,0.004347255900100838,0.0043402400657863134,0.002060790682822259,0.07895737378550366,0.0006479026117251605,0.0016121176276816607,0.0006872868110331189,0.0045483800064854175,0.003934104170603771,0.015925393560824404,0.1808274392383462
2026-09-13 14:55:04.448999882,2594.0087394957977,15887.677310924371,15583.900840336131,15315.275086026657,561374.4796638655,4609.040672268908,11468.347563025209,4868.882016806722,32388.431596638646,14072.239663865545,100094.350349546,1331311.7132773108,0.002971259856551622,0.002762624981705819,0.0031267367653714435,0.0007580965245957109,0.002751798698476313,0.0028733323329784796,3374.029028979082,6952.844235143485,31762.639057507135,21027.20107700334,23585.687664072328,37505.50702789106,4.67155282655463,0.0,17906.74195017019,7091.765278642044,4.641709749386928,9519.343725520454,0.0,0.0,0.0,0.0,0.0,0.0,0.0010550186325328033,0.0039447716475060155,0.0037835504060103535,0.003823010599719281,0.13944970913374483,0.0013025768497857727,0.0028796131840831607,0.0012645406998225885,0.007795861919770642,0.003485372713436466,0.024964192165966573,0.3283670561217036,0.0003660240791130568,0.004354665242801121,0.0043402400657863134,0.002066221693542754,0.07908933591023518,0.0006503524224786384,0.0016182256026325821,0.0006870169823938986,0.0045701256393531516,0.003934104170603771,0.01595824757039321,0.18121749297342443
2026-09-13 14:55:19.448999882,2594.0087394957977,15887.677310924371,15572.734789915965,15273.833069843457,561307.0144537815,4609.040672268908,11468.347563025209,4868.882016806722,32388.431596638646,14070.394285714285,99977.1597094713,1331332.1425210084,0.002971259856551622,0.002762624981705819,0.003125490269451965,0.0007475375518904593,0.0028158337141395806,0.0028597467205530107,3374.029028979082,6952.844235143485,33884.223132199026,20877.028355205217,23267.946455148012,37296.20491762834,4.67155282655463,0.0,17511.91783111384,7040.725239720831,4.57917765414967,9352.57807081701,0.0,0.0,0.0,0.0,0.0,0.0,0.0010570080630883589,0.0039521685184333325,0.0037906851875760096,0.0038343878205526153,0.1397101585036201,0.001305033096629207,0.002884980817167738,0.001266925222549861,0.007810454688567635,0.0034919176890003756,0.025014730353680226,0.32898052277793366,0.0003660240791130568,0.004354665242801121,0.0043453600807626565,0.0020541495560277736,0.0792441698640602,0.0006503524224786384,0.0016182256026325821,0.0006870169823938986,0.0045701256393531516,0.003941024162304922,0.015971994071101756,0.18165456621187573
2026-09-13 14:55:34.448999882,2592.266218487395,15870.972100840334,15572.734789915965,15314.056269990731,561304.1707563025,4607.627899159664,11469.778487394959,4845.727058823529,32395.483361344537,14070.394285714285,100051.293516194,1331157.8934453782,0.002969159787440846,0.002762624981705819,0.00312459594658959,0.0007475375518904593,0.002817321511196361,0.0028651620239270575,3462.2915824257743,6952.844235143485,33933.63321271766,20877.028355205217,23747.474407462072,37372.5543897625,4.7937578157504666,0.0,17593.964569764998,7040.725239720831,3.5053347383579125,9363.849536794654,0.0,0.0,0.0,0.0,0.0,0.0,0.0010589974936439143,0.003959565389360651,0.003797819969141666,0.0038457650413859477,0.13997060787349533,0.0013074893434726416,0.002890348450252315,0.001269309745277134,0.007825047457364629,0.003498462664564285,0.025065268541393876,0.3295939894341638,0.00036714815887013626,0.00435840406440336,0.0043453600807626565,0.0020595590998107077,0.07937523877147551,0.000652588105291999,0.0016244890375312477,0.0006863105939298071,0.004588240971163052,0.003941024162304922,0.016004121481016126,0.18200309390339317
2026-09-13 14:55:49.448999882,2592.266218487395,15870.972100840334,15585.476974789914,15267.452400984588,561271.1445378151,4607.627899159664,11469.778487394959,4845.727058823529,32395.483361344537,14072.396974789914,100049.31197667705,1330929.0968067227,0.0029168598433552168,0.002762624981705819,0.003116648085468382,0.0007475375518904593,0.002817321511196361,0.002856657273314896,3401.3054216489286,6952.844235143485,30384.095363172524,20877.028355205217,23747.474407462072,37337.287118884815,4.709318686949018,0.0,17676.01130841616,7040.725239720831,3.5053347383579125,9401.562710769347,0.0,0.0,0.0,0.0,0.0,0.0,0.0010609869241994699,0.003966962260287969,0.003804954750707323,0.0038571422622192815,0.14023105724337057,0.0013099455903160758,0.0028957160833368925,0.0012716942680044067,0.007839640226161619,0.0035050076401281953,0.02511580672910753,0.33020745609039387,0.00036714815887013626,0.00435840406440336,0.004357152196946543,0.002046919833257279,0.07953489676146659,0.000652588105291999,0.0016244890375312477,0.0006863105939298071,0.004588240971163052,0.003949022055261633,0.016036258365068647,0.1824067611938299
2026-09-13 14:56:04.448999882,2594.2386554621853,15870.100840336137,15585.476974789914,15307.822605815603,561279.996302521,4606.35731092437,11479.428907563026,4827.630252100839,32451.7825210084,14072.396974789914,100156.91733840357,1330863.7946218485,0.0029722970968041515,0.002715419161962079,0.003115931043131483,0.0007475375518904593,0.002817321511196361,0.0028616866896404446,3350.4832619445087,6877.657440236767,30534.761578654317,20877.028355205217,23747.474407462072,37474.49986404625,4.638952249144353,0.0,17758.058047067323,7040.725239720831,3.5053347383579125,9435.828943789289,0.0,0.0,0.0,0.0,0.0,0.0,0.001059734711479878,0.003971519396129602,0.0038117278513750625,0.003853292176496645,0.1404844723619602,0.001310425014007648,0.0029006553346313632,0.0012709903963168756,0.007855810044854056,0.00351073871741791,0.02514497681188432,0.3308868920031543,0.0003687985175058259,0.0043664819117647065,0.004357152196946543,0.00205233229964466,0.07966761581286137,0.0006548425079528281,0.0016319224732886095,0.0006862988014970694,0.004613364795474894,0.003949022055261633,0.016073811205328255,0.182770268993554
2026-09-13 14:56:19.448999882,2594.2386554621853,15870.100840336137,15590.677310924366,15265.329980302018,561244.105210084,4606.35731092437,11479.428907563026,4827.630252100839,32451.7825210084,14069.704537815127,100117.54900014853,1330809.8702521008,0.0029722970968041515,0.002758428865105764,0.003115214000794584,0.0007475375518904593,0.002817321511196361,0.0028523027680619046,3350.4832619445087,6986.59310990141,30685.427794136114,20877.028355205217,23747.474407462072,38003.010643044894,4.638952249144353,0.0,17840.104785718486,7040.725239720831,3.5053347383579125,9457.359507209883,0.0,0.0,0.0,0.0,0.0,0.0,0.0010617180755149653,0.003978910972000249,0.0038188619560116546,0.0038645975143651264,0.14074490873901016,0.0013128775616266955,0.00290602217475482,0.0012733691394246451,0.00787040575443117,0.0035172821751293538,0.025195454042383887,0.3315004809065632,0.0003687985175058259,0.0043664819117647065,0.0043668453592260415,0.002040368719256353,0.07982684184360608,0.0006548425079528281,0.0016319224732886095,0.0006862988014970694,0.004613364795474894,0.003955702028749382,0.016099969111209787,0.18319856433151063
2026-09-13 14:56:34.448999882,2600.788235294118,15865.327058823532,15590.677310924366,15305.457779544444,561231.5294117647,4604.596638655462,11484.108907563024,4800.6544537815125,32436.269243697483,14069.704537815127,100205.4487617872,1330546.3169747898,0.0029722970968041515,0.002758428865105764,0.0031144969584576843,0.0007436341349743031,0.0028287583436244546,0.002851991729406737,3350.4832619445087,6986.59310990141,30836.094009617904,21505.95832401957,23237.95827127024,39183.161203616146,4.638952249144353,0.0,17922.15152436965,7252.830287915777,3.430125704281181,9322.253945334525,0.0,0.0,0.0,0.0,0.0,0.0,0.001063701439550053,0.003986302547870895,0.003825996060648245,0.0038759028522336067,0.14100534511606008,0.001315330109245743,0.0029113890148782773,0.0012757478825324144,0.007885001464008284,0.003523825632840796,0.025245931272883465,0.33211406980997205,0.0003711040692041522,0.0043734830654117655,0.0043668453592260415,0.0020457322132949683,0.07995650652382517,0.0006570256380199137,0.0016386568844573121,0.0006850009464303367,0.00462830127527717,0.003955702028749382,0.01613441964042626,0.1835348893642816
2026-09-13 14:56:49.448999882,2600.788235294118,15865.327058823532,15597.931764705882,15271.664621033622,561249.3932773109,4604.596638655462,11484.108907563024,4800.6544537815125,32436.269243697483,14075.972773109243,100192.79973445008,1330716.137142857,0.0029722970968041515,0.002758428865105764,0.0031137799161207852,0.0007436341349743031,0.0028293506189337944,0.002852793089428334,3350.4832619445087,6986.59310990141,30986.7602250997,21505.95832401957,23890.206127570855,39084.57380378395,4.638952249144353,0.0,18004.19826302081,7252.830287915777,1.1756412640898999,9321.639764862191,0.0,0.0,0.0,0.0,0.0,0.0,0.0010656848035851408,0.003993694123741542,0.0038331301652848367,0.0038872081901020874,0.14126578149311,0.0013177826568647906,0.002916755855001734,0.0012781266256401838,0.0078995971735854,0.0035303690905522387,0.02529640850338304,0.33272765871338095,0.0003711040692041522,0.0043734830654117655,0.00437712044832427,0.0020350479115903734,0.08012337345111809,0.0006570256380199137,0.0016386568844573121,0.0006850009464303367,0.00462830127527717,0.0039649031879048086,0.016164883371384147,0.18399477631610076
2026-09-13 14:57:04.448999882,2605.489411764706,15883.735462184875,15597.931764705882,15311.281081425777,561251.7105882353,4600.84537815126,11484.904537815124,4774.758655462186,32453.310252100833,14075.972773109243,100309.33820258388,1330937.9092436973,0.0029696082307163903,0.002758428865105764,0.0031131340195387296,0.0007479192360348913,0.0028293506189337944,0.0028429937621759984,3409.682490652676,6986.59310990141,30122.691369514396,20819.24395514873,23890.206127570855,39183.15443393616,4.7209172594706486,0.0,17533.661246184525,7021.237596315949,1.1756412640898999,9377.244636631907,0.0,0.0,0.0,0.0,0.0,0.0,0.0010650515836052126,0.004001187814728025,0.0038414110774723886,0.0038812654729538315,0.141519826415755,0.0013178689077052064,0.0029220023021205607,0.001277381043231393,0.007915466351249952,0.0035379567306118515,0.02533147590558384,0.33334402504620236,0.00037315181971329703,0.004386881834380952,0.00437712044832427,0.0020403270607195793,0.08025516235538613,0.0006589218199562175,0.0016448399322477223,0.0006838292540865757,0.004647883703388178,0.0039649031879048086,0.016204021801267086,0.1843983927295508
2026-09-13 14:57:19.448999882,2605.489411764706,15883.735462184875,15608.565378151261,15269.533136558674,561264.4346218487,4600.84537815126,11484.904537815124,4774.758655462186,32453.310252100833,14077.261512605042,100259.56097386219,1331523.9862184874,0.0029696082307163903,0.002758428865105764,0.003070224712044772,0.0007479192360348913,0.0028293506189337944,0.0028520063999892538,3409.682490652676,6986.59310990141,30262.82784242082,20819.24395514873,23890.206127570855,39542.326545475844,4.7209172594706486,0.0,17609.973912108213,7021.237596315949,1.1756412640898999,9443.285722781267,0.0,0.0,0.0,0.0,0.0,0.0,0.0010670300873365558,0.00400857957954284,0.003848547312547014,0.0038924773232568623,0.14178025107553624,0.00132031706006839,0.0029273689209931095,0.0012797539829080098,0.007930064417916617,0.003544502120735308,0.025381904344601837,0.33395761860848905,0.00037315181971329703,0.004386881834380952,0.004388353256905585,0.002028696435856497,0.08042130813988513,0.0006589218199562175,0.0016448399322477223,0.0006838292540865757,0.004647883703388178,0.003972705722330343,0.016228502812001888,0.184917113353449
2026-09-13 14:57:34.448999882,2610.260168067228,15878.68638655462,15608.565378151261,15308.972924225485,561237.7068907563,4595.472605042017,11475.52638655462,4747.574117647058,32454.335798319335,14077.261512605042,100332.37052008067,1331384.436302521,0.002971614609600018,0.002758428865105764,0.0031128007729538617,0.0007479192360348913,0.0028421506901237987,0.002843973969455552,3315.4422889419357,6986.59310990141,30402.96431532724,20819.24395514873,23439.15100157641,39504.507952014545,4.590435844848647,0.0,17686.286578031904,7021.237596315949,1.1534447616542696,9480.515698044672,0.0,0.0,0.0,0.0,0.0,0.0,0.0010690085910678992,0.004015971344357654,0.003855683547621641,0.0039036891735598927,0.14204067573531745,0.0013227652124315741,0.002932735539865658,0.0012821269225846267,0.007944662484583283,0.0035510475108587653,0.025432332783619838,0.33457121217077573,0.00037521454098439385,0.004393808953008403,0.004388353256905585,0.002033936370565374,0.08054893323893149,0.0006605809509723887,0.0016495613802641053,0.0006824449398319326,0.004665181983961585,0.003972705722330343,0.016260629163430008,0.1852710484749233
2026-09-13 14:57:49.448999882,2610.260168067228,15878.68638655462,15621.301512605038,15281.459900778038,561260.0783193277,4595.472605042017,11475.52638655462,4747.574117647058,32454.335798319335,14079.56974789916,100283.72814691918,1331533.3915966386,0.002971614609600018,0.0027004532928513124,0.003112004962152617,0.0007479192360348913,0.0028421506901237987,0.002855434890690889,3315.4422889419357,6864.221844692551,30543.100788233663,20819.24395514873,23439.15100157641,41363.001436088845,4.590435844848647,0.0,17762.599243955596,7021.237596315949,1.1534447616542696,9517.745673308073,0.0,0.0,0.0,0.0,0.0,0.0,0.0010709870947992427,0.004023363109172469,0.003862819782696269,0.003914901023862923,0.1423011003950987,0.0013252133647947584,0.0029381021587382076,0.0012844998622612437,0.007959260551249951,0.003557592900982222,0.025482761222637835,0.3351848057330624,0.00037521454098439385,0.004393808953008403,0.004400189540354493,0.0020243057306860435,0.08071646904938796,0.0006605809509723887,0.0016495613802641053,0.0006824449398319326,0.004665181983961585,0.0039807978668173144,0.016285275698494216,0.18573009636428486
2026-09-13 14:58:04.448999882,2616.818823529413,15890.339495798316,15621.301512605038,15320.500724557765,561252.3458823529,4592.214453781512,11475.148235294118,4722.289411764705,32489.845714285704,14079.56974789916,100383.9365422443,1331482.6618487395,0.002971322601689933,0.0027119306940900064,0.003111209151351372,0.0007479192360348913,0.0028421506901237987,0.0028334317760847117,3375.5709107443754,6893.395994273846,30683.237261140086,20819.24395514873,23439.15100157641,41357.67090143213,4.673687657659225,0.0,17838.911909879287,7021.237596315949,1.1534447616542696,9413.57222059335,0.0,0.0,0.0,0.0,0.0,0.0,0.0010704573380872007,0.004031398503072303,0.0038713811126807394,0.003910037356511745,0.1425568664332165,0.0013253966471243079,0.0029430738318434735,0.0012837926493629666,0.007973551141267443,0.0035653015798299014,0.025521099378943715,0.3358402108559069,0.00037754025301038065,0.004405361212773107,0.004400189540354493,0.00202947739385312,0.08084681526099242,0.000662539489233811,0.0016555713865743942,0.0006813059900346018,0.004687456564033611,0.0039807978668173144,0.016321900237299965,0.18609660106907933
2026-09-13 14:58:19.448999882,2616.818823529413,15890.339495798316,15614.570420168071,15289.88052705119,561244.6921008404,4592.214453781512,11475.148235294118,4722.289411764705,32489.845714285704,14088.185546218487,100310.42756272182,1331782.817142857,0.002971322601689933,0.00275457629728673,0.003110945085695668,0.0007418164874485882,0.0028421506901237987,0.0028543064402075844,3375.5709107443754,7001.79589951122,30041.787905012992,21163.807118721576,23439.15100157641,41231.919742896185,4.673687657659225,0.0,17489.604485438962,5360.147264583554,1.1534447616542696,9317.933027123174,0.0,0.0,0.0,0.0,0.0,0.0,0.0010724312170995467,0.004038791450376225,0.0038785199756437034,0.003921168457108506,0.14281728262151708,0.0013278406236675179,0.0029484397302619644,0.0012861599098567935,0.007988148643105679,0.0035718491067906867,0.025571490405641252,0.3364538805349178,0.00037754025301038065,0.004405361212773107,0.004406545492131912,0.002019537265650992,0.08101003330976322,0.000662539489233811,0.0016555713865743942,0.0006813059900346018,0.004687456564033611,0.003990679158048159,0.016342486613511797,0.18657775207188773
2026-09-13 14:58:34.448999882,2620.763697478992,15879.246050420172,15614.570420168071,15328.668707919776,561228.8278991596,4586.965714285713,11470.695126050417,4698.160336134454,32487.72201680673,14088.185546218487,100371.65227866397,1332015.9761344537,0.002971322601689933,0.00275457629728673,0.003110154657780239,0.0007545471981541927,0.0028454436448070467,0.002855354144232445,3375.5709107443754,7001.79589951122,30174.25537893759,20975.41265557854,20606.81663620399,41089.8594600996,4.673687657659225,0.0,17561.74092410981,5312.432689383824,1.182329257915198,9309.421093358123,0.0,0.0,0.0,0.0,0.0,0.0,0.0010744050961118922,0.004046184397680146,0.0038856588386066656,0.003932299557705267,0.14307769880981766,0.0013302846002107276,0.002953805628680457,0.001288527170350621,0.008002746144943913,0.003578396633751471,0.025621881432338796,0.33706755021392887,0.0003794944138747263,0.004410607620560225,0.004406545492131912,0.0020246605350311767,0.08113919619935776,0.0006642063406482589,0.0016609909271040172,0.0006803076541261209,0.004704319216857567,0.003990679158048159,0.016372810296458117,0.18698438553871544
2026-09-13 14:58:49.448999882,2620.763697478992,15879.246050420172,15602.75394957983,15299.91434340063,561201.4951260504,4586.965714285713,11470.695126050417,4698.160336134454,32487.72201680673,14082.661512605042,100258.33102242062,1331879.977815126,0.0029713238067031796,0.00275457629728673,0.0031092452643304833,0.0007545471981541927,0.002846330364072557,0.002854631176483754,3303.14374328846,7001.79589951122,30306.722852862185,20975.41265557854,20184.710733870634,41206.20457442447,4.573407744255396,0.0,17633.87736278066,5312.432689383824,1.1581106623369462,9345.342673725328,0.0,0.0,0.0,0.0,0.0,0.0,0.001076378975124238,0.004053577344984068,0.0038927977015696287,0.003943430658302028,0.14333811499811824,0.0013327285767539374,0.002959171527098948,0.001290894430844448,0.008017343646782148,0.003584944160712255,0.02567227245903634,0.33768121989293987,0.0003794944138747263,0.004410607620560225,0.004411456511178589,0.0020150672526735905,0.08129955249338779,0.0006642063406482589,0.0016609909271040172,0.0006803076541261209,0.004704319216857567,0.003996556774476379,0.016386846773470853,0.18740532514049668
2026-09-13 14:59:04.448999882,2623.014453781512,15879.618151260504,15602.75394957983,15338.692158549766,561204.5505882353,4584.829915966387,11472.619159663864,4676.490756302522,32521.456134453783,14082.661512605042,100337.07461233658,1332204.2742857141,0.0029713238067031796,0.00275457629728673,0.0031085585148159503,0.0007545471981541927,0.002846330364072557,0.002846124798032929,3303.14374328846,7001.79589951122,30439.190326786775,20975.41265557854,20184.710733870634,41539.70853175157,4.573407744255396,0.0,17706.013801451503,5312.432689383824,1.1581106623369462,9408.174480843807,0.0,0.0,0.0,0.0,0.0,0.0,0.0010759964844390523,0.004061147300108029,0.003897854024466789,0.00394017155907989,0.1435878407743796,0.0013326697890016974,0.0029639291477253993,0.0012903085608772149,0.008033591533967098,0.003591807780609003,0.0257019602776495,0.33833340270127277,0.0003812065356966314,0.004419033071193276,0.004411456511178589,0.002020174464628078,0.0814314421703319,0.0006663200526798954,0.0016673325604123997,0.0006796412569733776,0.0047263908938634264,0.003996556774476379,0.01642005911273236,0.18782521636603514
2026-09-13 14:59:19.448999882,2623.014453781512,15879.618151260504,15596.833613445382,15307.666178342859,561195.2571428572,4584.829915966387,11472.619159663864,4676.490756302522,32521.456134453783,14087.184201680673,100251.37879276821,1331998.3905882353,0.002973393675956899,0.002754777369461598,0.0031078717653014176,0.0007545471981541927,0.002846330364072557,0.0028516495380288887,3394.227829162835,6840.431440065218,30571.65780071137,20975.41265557854,20184.710733870634,41409.60965589349,4.699519320405448,0.0,17778.150240122348,5312.432689383824,1.1581106623369462,9444.096061211012,0.0,0.0,0.0,0.0,0.0,0.0,0.0010779660506155231,0.004068540570181022,0.0039049890753246326,0.00395123903050083,0.14384823756495757,0.001335109184835031,0.0029692939448268483,0.0012926704162693722,0.008048192046132548,0.003598355884015328,0.02575229204578395,0.33894714217058586,0.0003812065356966314,0.004419033071193276,0.004418025204773675,0.0020103803179744337,0.08159439976131946,0.0006663200526798954,0.0016673325604123997,0.0006796412569733776,0.0047263908938634264,0.004005285048445731,0.01643855447555572,0.18823705991540227
2026-09-13 14:59:34.448999882,2626.811092436975,15887.281008403359,15596.833613445382,15346.46924977143,561192.0352941176,4578.68268907563,11467.343193277311,4650.979159663864,32527.086050420163,14087.184201680673,100326.91834160284,1332105.6463865547,0.002973393675956899,0.002754777369461598,0.0031071850157868845,0.0007545471981541927,0.002846330364072557,0.0028434164190367884,3394.227829162835,6840.431440065218,30704.125274635968,20975.41265557854,20184.710733870634,41207.02082241064,4.699519320405448,0.0,17850.286678793196,5312.432689383824,1.1581106623369462,9449.84196409983,0.0,0.0,0.0,0.0,0.0,0.0,0.0010799356167919933,0.004075933840254015,0.003912124126182476,0.00396230650192177,0.1441086343555355,0.0013375485806683641,0.002974658741928298,0.0012950322716615288,0.008062792558297997,0.0036049039874216544,0.025802623813918398,0.33956088163989895,0.00038314651878257187,0.0044294916287058814,0.004418025204773675,0.002015476387497254,0.08172537543404533,0.0006678464005197373,0.0016726260357432384,0.0006783915596695146,0.004744398949068567,0.004005285048445731,0.01647128088535531,0.18862668881680072
2026-09-13 14:59:49.448999882,2626.811092436975,15887.281008403359,15598.170756302517,15321.903310573707,561203.9667226891,4578.68268907563,11467.343193277311,4650.979159663864,32527.086050420163,14094.538487394957,100241.32761876736,1331893.0497478992,0.002973393675956899,0.0027546790318852222,0.003102367275742475,0.0007545471981541927,0.0028505611496458896,0.0028393019768105936,3394.227829162835,6964.949371504888,30112.402700541745,20975.41265557854,20671.869199634217,42814.62038181553,4.699519320405448,0.0,17528.058452409103,5312.432689383824,1.1860616902653174,9274.850618425104,0.0,0.0,0.0,0.0,0.0,0.0,0.0010819051829684641,0.0040833271103270065,0.003919259177040319,0.003973373973342711,0.14436903114611344,0.0013399879765016976,0.0029800235390297475,0.0012973941270536858,0.008077393070463448,0.0036114520908279804,0.025852955582052847,0.34017462110921204,0.00038314651878257187,0.0044294916287058814,0.004426647260515499,0.0020066252569352953,0.08189142161714097,0.0006678464005197373,0.0016726260357432384,0.0006783915596695146,0.004744398949068567,0.004014824682076124,0.016489745070601473,0.1890382235333775
2026-09-13 15:00:04.448999882,2624.877983193277,15887.156974789916,15598.170756302517,15360.564163161742,561205.2100840335,4575.823865546217,11464.998655462183,4628.886050420169,32569.230252100828,14094.538487394957,100322.90163965795,1332042.0292436974,0.002973393675956899,0.0027546790318852222,0.0031035712999445534,0.0007496899720866196,0.0028505611496458896,0.0028411006670761795,3394.227829162835,6964.949371504888,30238.1625989281,21340.53953120474,20671.869199634217,43406.440164094965,4.699519320405448,0.0,17596.542216222424,5404.908197813611,1.1860616902653174,9337.281172071107,0.0,0.0,0.0,0.0,0.0,0.0,0.001081310500955539,0.004090515866918599,0.003924048233728102,0.0039706895807988364,0.14462256313316138,0.0013403759082451627,0.0029845459743676568,0.00129723973644922,0.00809414255290431,0.0036181998809920292,0.02588066812038774,0.34085547405534805,0.00038425174599533924,0.004437783094296918,0.004426647260515499,0.0020116884557876383,0.08202305024552838,0.0006698476351896051,0.0016783430618120185,0.0006776153247030579,0.0047677582235152866,0.004014824682076124,0.016523503157570348,0.1894340614615044
2026-09-13 15:00:19.448999882,2624.877983193277,15887.156974789916,15585.210756302518,15326.23788013287,561139.0487394958,4575.823865546217,11464.998655462183,4628.886050420169,32569.230252100828,14087.16,100202.71102067562,1331531.8124369746,0.0029767218576091624,0.0027546790318852222,0.0031029721130146123,0.0007445026496580786,0.002851976478542182,0.00285074537364053,3318.363827394308,6964.949371504888,30363.922497314452,20733.31357686375,20127.267585763188,43475.41419913629,5.741113888225446,0.0,17665.025980035745,5251.1163719910355,1.1548148250480916,9400.040201919759,0.0,0.0,0.0,0.0,0.0,0.0,0.0010832754078898457,0.004097908766677053,0.003931179021440997,0.003981699149981226,0.1448829475572091,0.0013428115767366467,0.0029899092573412787,0.001299597019904208,0.008108746956285951,0.0036247483459678747,0.025930932145323445,0.3414693346072196,0.00038425174599533924,0.004437783094296918,0.004431205748814348,0.0020016528331361257,0.08217767004634523,0.0006698476351896051,0.0016783430618120185,0.0006776153247030579,0.0047677582235152866,0.004020167677310924,0.016536210986564135,0.18980382464481502
2026-09-13 15:00:34.448999882,2625.5707563025217,15879.415462184876,15585.210756302518,15364.499871559901,561110.6662184873,4569.640336134455,11458.933109243697,4601.8860504201675,32548.335126050417,14087.16,100266.5530360818,1331698.32302521,0.0029767218576091624,0.0027546790318852222,0.003102372926084671,0.0007445026496580786,0.002851976478542182,0.0028488931744551933,3318.363827394308,6964.949371504888,30489.682395700806,20733.31357686375,20127.267585763188,43319.38279804279,5.741113888225446,0.0,17733.509743849063,5251.1163719910355,1.1548148250480916,9434.974754215053,0.0,0.0,0.0,0.0,0.0,0.0,0.0010852403148241521,0.004105301666435506,0.003938309809153893,0.003992708719163615,0.1451433319812568,0.001345247245228131,0.0029952725403148994,0.0013019543033591955,0.008123351359667593,0.0036312968109437206,0.025981196170259138,0.34208319515909114,0.0003857407164917732,0.004443942636067227,0.004431205748814348,0.002006649964470008,0.08230493853554291,0.0006713573927265025,0.0016835109307873736,0.0006760948331106559,0.004781900499919497,0.004020167677310924,0.01656707437854222,0.1902023957769408
2026-09-13 15:00:49.448999882,2625.5707563025217,15879.415462184876,15586.363361344536,15341.949011620967,561096.9922689076,4569.640336134455,11458.933109243697,4601.8860504201675,32548.335126050417,14091.870252100842,100175.77865834447,1331699.905210084,0.0029799280756522286,0.0027544016739714287,0.00310177373915473,0.0007445026496580786,0.002851976478542182,0.0028469108693022155,3390.8500549171113,10191.020300750624,30615.44229408716,20733.31357686375,20127.267585763188,43187.64094314393,1.174930718959498,0.0,17801.99350766238,5251.1163719910355,1.1548148250480916,9315.613823860887,0.0,0.0,0.0,0.0,0.0,0.0,0.0010872052217584585,0.004112694566193962,0.0039454405968667875,0.004003718288346006,0.14540371640530453,0.0013476829137196152,0.0030006358232885205,0.0013043115868141835,0.008137955763049235,0.003637845275919565,0.02603146019519484,0.3426970557109627,0.0003857407164917732,0.004443942636067227,0.004439770509896193,0.0019982434299806013,0.08246721012174076,0.0006713573927265025,0.0016835109307873736,0.0006760948331106559,0.004781900499919497,0.004028959124570298,0.01658457057183921,0.1906458062635539
2026-09-13 15:01:04.448999882,2626.151596638655,15881.312268907564,15586.363361344536,15379.744414136689,561099.276302521,4566.563697478991,11452.909915966384,4572.493109243697,32547.748235294108,14091.870252100842,100253.84102150073,1331827.8776470588,0.0029799280756522286,0.0027526508340757505,0.003032814930204683,0.0007408640038019069,0.002851976478542182,0.002834892907441661,3390.8500549171113,10415.241544496717,30009.251444323992,19202.45379054161,20127.267585763188,43077.908584179546,1.174930718959498,0.0,17471.249036452027,5349.557247842487,1.1548148250480916,9349.858016286666,0.0,0.0,0.0,0.0,0.0,0.0,0.001086058985684643,0.004118454345345324,0.00395075972754541,0.0039992347208030925,0.1456467369933743,0.0013483492707474895,0.003005160630759453,0.00130414998197259,0.008153208058672673,0.0036427883636160675,0.026056970873980553,0.3433649788242559,0.000387213915248923,0.0044527964519887955,0.004439770509896193,0.0020031661692429537,0.08259896820127129,0.0006733187112266082,0.0016886786334919844,0.0006741929755864699,0.004799015046524961,0.004028959124570298,0.016617819284065947,0.19103923887377966
2026-09-13 15:01:19.448999882,2626.151596638655,15881.312268907564,15579.027226890757,15331.191248293493,561055.5408403361,4566.563697478991,11452.909915966384,4572.493109243697,32547.748235294108,14090.608739495796,100148.4924420998,1331688.5183193276,0.0029799280756522286,0.0027526508340757505,0.003045722147799851,0.0007408640038019069,0.002851886730381334,0.0028354132429343508,3390.8500549171113,10415.241544496717,30128.517830729583,19202.45379054161,20692.103259384086,42874.69214503832,1.174930718959498,0.0,17536.191038318,5349.557247842487,1.187222632358947,9352.810761066581,0.0,0.0,0.0,0.0,0.0,0.0,0.0010880182803706337,0.004125844309374102,0.003957887246869083,0.004010169457626454,0.14590709033591454,0.0013507817478006297,0.0030105224170689764,0.0013065027217068895,0.008167813627017996,0.0036493339427527585,0.026107168273363297,0.34397893614838654,0.000387213915248923,0.0044527964519887955,0.004445913988447144,0.0019914672494144906,0.08275679511434642,0.0006733187112266082,0.0016886786334919844,0.0006741929755864699,0.004799015046524961,0.004036045027294681,0.016632842995504542,0.19146323727327988
2026-09-13 15:01:34.448999882,2627.546218487396,15886.315966386554,15579.027226890757,15369.459683245073,561028.6678991596,4562.037983193277,11440.917983193276,4542.011092436975,32518.96941176471,14090.608739495796,100216.43811925795,1331648.927394958,0.0029799280756522286,0.0027526508340757505,0.003088375523357711,0.0007408640038019069,0.002851886730381334,0.0028436611334901416,3390.8500549171113,10415.241544496717,30247.784217135173,19202.45379054161,20692.103259384086,43725.00368173891,1.174930718959498,0.0,17601.133040183973,5349.557247842487,1.187222632358947,9365.635692284717,0.0,0.0,0.0,0.0,0.0,0.0,0.0010899775750566239,0.004133234273402878,0.0039650147661927536,0.004021104194449815,0.1461674436784548,0.0013532142248537694,0.0030158842033785,0.0013088554614411887,0.00818241919536332,0.003655879521889449,0.02615736567274604,0.3445928934725173,0.0003888081463173505,0.004462524993165266,0.004445913988447144,0.001996438183091996,0.08288423714835734,0.000675062352545724,0.0016929567525457239,0.0006720988962926345,0.004811957303806229,0.004036045027294681,0.016664445075114654,0.19183284692104455
2026-09-13 15:01:49.448999882,2627.546218487396,15886.315966386554,15589.754621848737,15333.880055293504,561042.72,4562.037983193277,11440.917983193276,4542.011092436975,32518.96941176471,14095.557983193277,100152.05351845261,1331342.2315966387,0.0029787643798879298,0.0027526508340757505,0.0030883033544607374,0.0007408640038019069,0.002850380853821124,0.0028428155458800506,3308.477931036992,10415.241544496717,30367.050603540767,19202.45379054161,20169.017108686505,41943.51410311099,1.1463887494930671,0.0,17666.075042049946,5349.557247842487,1.1572102305747034,7772.058342282861,0.0,0.0,0.0,0.0,0.0,0.0,0.0010919368697426145,0.004140624237431656,0.003972142285516426,0.0040320389312731774,0.14642779702099504,0.0013556467019069096,0.0030212459896880243,0.0013112082011754885,0.008197024763708642,0.0036624251010261392,0.02620756307212879,0.3452068507966479,0.0003888081463173505,0.004462524993165266,0.004457214195833626,0.0019865211988077795,0.08305057457340781,0.000675062352545724,0.0016929567525457239,0.0006720988962926345,0.004811957303806229,0.004044911857552432,0.01668622608750943,0.19223334727396765
2026-09-13 15:02:04.448999882,2629.8907563025205,15900.75831932773,15589.754621848737,15372.238834514286,561017.5563025209,4553.54319327731,11432.768067226889,4509.568739495799,32529.73613445379,14095.557983193277,100225.00256126432,1331557.2877310924,0.002977774332883908,0.0027513352973447926,0.0030882311855637634,0.0007273550852240449,0.002850380853821124,0.0028400630932385743,3381.001384885471,10190.855526960182,30486.31698994636,18852.316135829824,20169.017108686505,41473.00431623279,1.1715181513809672,0.0,17731.017043915916,5252.013389701367,1.1572102305747034,7647.449777543338,0.0,0.0,0.0,0.0,0.0,0.0,0.0010908675759623814,0.004149400374519999,0.003978855690718825,0.004027477999352573,0.1466788007822669,0.001356738464689134,0.0030254153838234887,0.0013109870797825864,0.008212256262647126,0.003668333293303096,0.02624255528281229,0.3458231564677701,0.00039054491617823586,0.004474915078789915,0.004457214195833626,0.0019914906212766975,0.0831782528603164,0.0006762117933874725,0.0016977927451168702,0.0006696814843527998,0.004830741749057271,0.004044911857552432,0.016718699324017868,0.19263991577031617
2026-09-13 15:02:19.448999882,2629.8907563025205,15900.75831932773,15593.230588235296,15319.488492186938,561002.726722689,4553.54319327731,11432.768067226889,4509.568739495799,32529.73613445379,14099.41210084033,100159.42825536114,1331435.120672269,0.002977774332883908,0.002752909653087426,0.003087402399652678,0.0007361791781520377,0.002850380853821124,0.002831232283009771,3381.001384885471,10471.829287366305,32817.897901878685,20768.858009581123,20169.017108686505,41511.82769596623,1.1715181513809672,0.0,17483.145944071344,5258.962877377378,1.1572102305747034,7680.965387475,0.0,0.0,0.0,0.0,0.0,0.0,0.0010928214464659787,0.0041567928126152376,0.003985982468296762,0.004038338109285233,0.1469391375127422,0.0013591685408282227,0.0030307750569913377,0.0013133352098785092,0.008226862948361412,0.003674877734969762,0.02629271007563604,0.3464371178734566,0.00039054491617823586,0.004474915078789915,0.00446644867788433,0.001979445173114536,0.0833403038915406,0.0006762117933874725,0.0016977927451168702,0.0006696814843527998,0.004830741749057271,0.004053469078895556,0.01674025033383672,0.19306776531673173
2026-09-13 15:02:34.448999882,2635.34218487395,15904.182857142856,15593.230588235296,15358.864260768018,560988.0242016806,4546.539831932773,11423.67731092437,4479.885378151261,32517.326722689075,14099.41210084033,100226.09635331281,1331506.942184874,0.002977774332883908,0.002752909653087426,0.003087323639119436,0.0007485760211458507,0.002850380853821124,0.0028404787500559215,3381.001384885471,10471.829287366305,32955.998629134,21118.59388849021,20169.017108686505,41547.380196986516,1.1715181513809672,0.0,17545.44425150246,5347.520852169317,1.1572102305747034,7714.48099740666,0.0,0.0,0.0,0.0,0.0,0.0,0.0010947753169695757,0.004164185250710477,0.0039931092458747,0.004049198219217893,0.14719947424321755,0.0013615986169673118,0.003036134730159186,0.0013156833399744327,0.008241469634075698,0.0036814221766364296,0.026342864868459794,0.347051079279143,0.00039274718656592047,0.004484213808761904,0.00446644867788433,0.001984532952324348,0.08346951607024644,0.0006775745244205918,0.0017024799093849302,0.0006676409570284584,0.004846083616117505,0.004053469078895556,0.016771712472381187,0.19345392287129667
2026-09-13 15:02:49.448999882,2635.34218487395,15904.182857142856,15604.381512605045,15308.85120401178,561003.5919327731,4546.539831932773,11423.67731092437,4479.885378151261,32517.326722689075,14112.822857142854,100159.64522088566,1331559.3569747899,0.002977774332883908,0.002752909653087426,0.002992826764195324,0.0007485760211458507,0.0028501193332608346,0.002837674760032102,3381.001384885471,10471.829287366305,33094.09935638931,21118.59388849021,20647.368189674522,42734.663292057056,1.1715181513809672,0.0,17607.742558933576,5347.520852169317,1.1846559291797878,7748.96263573407,0.0,0.0,0.0,0.0,0.0,0.0,0.001096729187473173,0.004171577688805715,0.004000236023452637,0.0040600583291505515,0.14745981097369293,0.0013640286931064002,0.003041494403327035,0.001318031470070356,0.008256076319789986,0.0036879666183030953,0.026393019661283545,0.3476650406848294,0.00039274718656592047,0.004484213808761904,0.004477889267339877,0.0019729397203567586,0.08363608236131136,0.0006775745244205918,0.0017024799093849302,0.0006676409570284584,0.004846083616117505,0.004064782882112844,0.016793082260291782,0.1939079161665105
2026-09-13 15:03:04.448999882,2640.509243697479,15918.189579831933,15604.381512605045,15350.21523314712,561003.8702521009,4540.577142857142,11426.387899159665,4452.507226890756,32546.2931092437,14112.822857142854,100240.78419805529,1331772.84605042,0.002977774332883908,0.002752909653087426,0.0030057273901542237,0.0007485760211458507,0.0028501193332608346,0.0028364582723965285,3381.001384885471,10471.829287366305,33232.20008364464,21118.59388849021,20647.368189674522,42109.330315303625,1.1715181513809672,0.0,17670.040866364696,5347.520852169317,1.1846559291797878,7625.218480976497,0.0,0.0,0.0,0.0,0.0,0.0,0.0010960917231999463,0.0041800479627034275,0.0040085010061810715,0.004056115991848488,0.14771593188754248,0.0013653727490286986,0.0030464315176143304,0.0013177276034397332,0.00826841061770211,0.0036956394996048463,0.026431130523062504,0.34832271153500916,0.00039491268873667113,0.0044965053406274495,0.004477889267339877,0.0019782705407421393,0.08376752389146049,0.0006790854954141655,0.0017089224658371584,0.0006659138212781582,0.004867600502009745,0.004064782882112844,0.01682700875164776,0.19431506445991253
2026-09-13 15:03:19.448999882,2640.509243697479,15918.189579831933,15615.114957983189,15294.861340246995,561020.2396638655,4540.577142857142,11426.387899159665,4452.507226890756,32546.2931092437,14122.318991596636,100182.77556774372,1331779.1203361345,0.002977774332883908,0.002752909653087426,0.003018628016113123,0.0007485760211458507,0.0028501193332608346,0.0028471988215946677,3381.001384885471,10471.829287366305,33370.30081089995,21118.59388849021,20647.368189674522,41993.8645546064,1.1715181513809672,0.0,17732.339173795808,5347.520852169317,1.1846559291797878,7657.9607420800485,0.0,0.0,0.0,0.0,0.0,0.0,0.0010980409856999464,0.004187442310812175,0.004015629807966786,0.00406690788172944,0.1479762612093968,0.0013678008942667936,0.0030517904471917957,0.0013200710177254473,0.008283013276685562,0.0037021859410942084,0.02648124645357407,0.34893675019706016,0.00039491268873667113,0.0044965053406274495,0.0044892216209363725,0.001966085658661426,0.08393422296556027,0.0006790854954141655,0.0017089224658371584,0.0006659138212781582,0.004867600502009745,0.0040749812996144314,0.01684976822330615,0.19476324605515927
2026-09-13 15:03:34.448999882,2649.642352941176,15908.436302521013,15615.114957983189,15338.736836203663,561011.2426890756,4532.79025210084,11429.053109243694,4423.316974789916,32558.73277310924,14122.318991596636,100245.46745717317,1331816.8900840336,0.002974648803699276,0.002752909653087426,0.003031528642072023,0.000745000348682094,0.002845555316841898,0.002845850686028792,3391.1340953236645,10471.829287366305,33508.40153815526,20697.409179562284,20023.88507788454,41956.83243839193,1.1750291390587888,0.0,17794.637481226928,5240.579397162403,1.1488172735447242,7690.735316876702,0.0,0.0,0.0,0.0,0.0,0.0,0.0010999902481999462,0.004194836658920921,0.0040227586097525,0.0040776997716103925,0.14823659053125107,0.001370229039504889,0.00305714937676926,0.0013224144320111617,0.008297615935669014,0.003708732382583569,0.02653136238408564,0.34955078885911106,0.0003976789079189321,0.004502087473613446,0.0044892216209363725,0.0019717256563997563,0.08406427869267544,0.0006803163737476166,0.0017153610765567398,0.000663885773852129,0.004886667545173362,0.0040749812996144314,0.016880635813016426,0.19514508244393475
2026-09-13 15:03:49.448999882,2649.642352941176,15908.436302521013,15632.15294117647,15290.679324449718,561071.1902521008,4532.79025210084,11429.053109243694,4423.316974789916,32558.73277310924,14133.37613445378,100186.9729622492,1331834.5694117646,0.002974648803699276,0.0027546172374224567,0.002995846929738562,0.000745000348682094,0.002845555316841898,0.0028129897149451375,3391.1340953236645,10337.22785346319,33126.43011764706,20697.409179562284,20023.88507788454,39027.9905514547,1.1750291390587888,0.0,17622.327215686277,5240.579397162403,1.1488172735447242,7721.825240261709,0.0,0.0,0.0,0.0,0.0,0.0,0.0011019395106999462,0.004202231007029669,0.004029887411538214,0.004088491661491345,0.1484969198531054,0.0013726571847429841,0.0030625083063467247,0.001324757846296876,0.008312218594652466,0.003715278824072932,0.026581478314597215,0.35016482752116196,0.0003976789079189321,0.004502087473613446,0.004502381155709341,0.0019605718926689244,0.08423753124378384,0.0006803163737476166,0.0017153610765567398,0.000663885773852129,0.004886667545173362,0.004085641006516488,0.016903284252789603,0.19559577391134986
2026-09-13 15:04:04.448999882,2657.70756302521,15915.536470588233,15632.15294117647,15337.628553263277,561079.2010084033,4527.145210084034,11430.444705882352,4395.92974789916,32604.48302521008,14133.37613445378,100269.05404310416,1332110.556302521,0.002974648803699276,0.0027546172374224567,0.003059971093785916,0.000745000348682094,0.002845555316841898,0.0028158457005059085,3391.1340953236645,10337.22785346319,35508.58306741888,20697.409179562284,20023.88507788454,39110.01790369836,1.1750291390587888,0.0,19997.177871173946,5240.579397162403,1.1488172735447242,7754.766850377194,0.0,0.0,0.0,0.0,0.0,0.0,0.0011017825958909153,0.004208978277817723,0.004039161372480614,0.004084776239935824,0.14875953414306656,0.0013738327224430936,0.0030680582464925436,0.0013245703693680515,0.008327423221715952,0.003723310590606807,0.02661923911840704,0.35078856283118154,0.000400293937433797,0.004512437741215685,0.004502381155709341,0.001966591725826184,0.08437015163617856,0.0006818616188969704,0.0017216106774097868,0.000662098438500106,0.0049107648522844416,0.004085641006516488,0.01693746096391301,0.19601294342691125
2026-09-13 15:04:19.448999882,2657.70756302521,15915.536470588233,15643.772773109245,15271.407089686089,561095.8759663865,4527.145210084034,11430.444705882352,4395.92974789916,32604.48302521008,14120.304201680672,100194.99804679495,1332132.2803361344,0.002974648803699276,0.0027546172374224567,0.0030728934072499154,0.0007506822432330412,0.00284995646356314,0.002819387591041505,3391.1340953236645,10337.22785346319,35660.47028628678,21210.8109977321,20643.323656320386,39154.43842604434,1.1750291390587888,0.0,20076.124370845835,5370.572623243242,0.0,7787.661724325582,0.0,0.0,0.0,0.0,0.0,0.0,0.0011037281396261399,0.004216371487324765,0.00404629396231513,0.004095502633613984,0.14901986749176482,0.0013762586562492403,0.0030734175098958076,0.001326909314994529,0.008342026940025811,0.003729859645771126,0.026669312286569,0.351402618513291,0.000400293937433797,0.004512437741215685,0.0045139952966485415,0.001953202744945489,0.0845369360537571,0.0006818616188969704,0.0017216106774097868,0.000662098438500106,0.0049107648522844416,0.004089324475842101,0.016957452522787044,0.19646515931703434
2026-09-13 15:04:34.448999882,2665.188907563024,15911.358655462183,15643.772773109245,15324.731369033914,561098.916302521,4521.400336134455,11422.691092436973,4370.033949579831,32635.56403361345,14120.304201680672,100266.98106628207,1332035.6581512603,0.002974648803699276,0.0027546172374224567,0.003085815720713915,0.0007506822432330412,0.00284995646356314,0.0028184457977420032,3391.1340953236645,10337.22785346319,35812.35750515469,21210.8109977321,20643.323656320386,40673.35213620465,1.1750291390587888,0.0,20155.070870517724,5370.572623243242,0.0,7697.730739789687,0.0,0.0,0.0,0.0,0.0,0.0,0.0011056736833613644,0.004223764696831807,0.004053426552149645,0.004106229027292145,0.14928020084046303,0.0013786845900553867,0.003078776773299071,0.0013292482606210064,0.008356630658335673,0.003736408700935445,0.026719385454730956,0.3520166741954006,0.00040282924332462374,0.004519591960605042,0.0045139952966485415,0.0019600228845817877,0.08466881642234261,0.00068338580841466,0.0017264794988602495,0.0006605075776117503,0.004932693336606172,0.004089324475842101,0.016989963038456325,0.19682776772848973
2026-09-13 15:04:49.448999882,2665.188907563024,15911.358655462183,15535.85711757627,15242.26797132278,559872.5117226447,4521.400336134455,11422.691092436973,4370.033949579831,32635.56403361345,14000.017160994068,99969.15209454218,1329320.9058450898,0.00297454479097582,0.0027562525816389656,0.003098738034177915,0.0007454675816859612,0.00284995646356314,0.0028123439948476137,3313.557293351445,10552.224661980292,36159.27322075462,22657.642885702444,20643.323656320386,40733.30690938677,1.148148750295026,0.0,20462.811095679805,5258.736744029082,0.0,7696.607019406193,0.0,0.0,0.0,0.0,0.0,0.0,0.0011076192270965892,0.00423115790633885,0.0040605591419841615,0.004116955420970306,0.1495405341891613,0.0013811105238615336,0.0030841360367023347,0.0013315872062474841,0.00837123437664553,0.003742957756099765,0.026769458622892917,0.35263072987751015,0.00040282924332462374,0.004519591960605042,0.004491066699641314,0.0019446573295214915,0.0846476729879592,0.00068338580841466,0.0017264794988602495,0.0006605075776117503,0.004932693336606172,0.004061887331936816,0.01697192458901311,0.1968755131816985
2026-09-13 15:05:04.448999882,2671.04268907563,15927.325714285715,15601.281537067794,15309.34499930469,560447.4617910109,4523.678319327731,11419.263529411766,4352.847731092436,32716.334117647057,14058.975309299154,100209.79716287747,1330728.2975286108,0.00297454479097582,0.002754801183132072,0.003111660347641915,0.0007454675816859612,0.00284995646356314,0.0028240552345256617,3313.557293351445,10315.665551295864,36311.16043962253,22657.642885702444,20643.323656320386,40789.28245898207,1.148148750295026,0.0,20541.757595351693,5258.736744029082,0.0,7696.625000629963,0.0,0.0,0.0,0.0,0.0,0.0,0.0011077707974205383,0.00423961149787191,0.004069006333082511,0.0041122255436996935,0.14980287612983637,0.001382474842867729,0.0030886320724918346,0.0013315307610452846,0.008388465493594155,0.0037504777082132874,0.02680774678990999,0.3532760770551144,0.0004051255989718239,0.004532474472571429,0.004509979427114157,0.0019532152314264417,0.0848658699652824,0.0006861207782896685,0.00173199627100346,0.0006602103558675233,0.004962191173425605,0.004078993122091282,0.017033095483490135,0.19746068181321752
2026-09-13 15:05:19.448999882,2671.04268907563,15927.325714285715,15695.304201680676,15230.6728474445,561318.7855462185,4523.678319327731,11419.263529411766,4352.847731092436,32716.334117647057,14143.934117647059,100369.46456492708,1332960.912605042,0.0029731222969712383,0.002754801183132072,0.003124084251366876,0.0007454675816859612,0.002843591008195379,0.002828342652442294,3293.152916561616,10315.665551295864,38500.558923147124,22657.642885702444,23404.27297987793,40771.25376200936,1.1681989771414034,0.0,20160.098663861056,5258.736744029082,0.0,7696.625000629963,0.0,0.0,0.0,0.0,0.0,0.0,0.001109713195894717,0.004247006560226223,0.004076141228035564,0.004122878918029196,0.1500632129932663,0.0013848989156376823,0.0030939898381168347,0.0013338655069373034,0.008403073803034716,0.003757028459961539,0.02685777909421079,0.3538901873026984,0.0004051255989718239,0.004532474472571429,0.0045075751052100835,0.0019384317309498167,0.0850038586241473,0.0006861207782896685,0.00173199627100346,0.0006602103558675233,0.004962191173425605,0.004076858047058824,0.017048823948820624,0.19798809956184787
2026-09-13 15:05:34.448999882,2686.102184873949,15923.695462184876,15695.304201680676,15326.215230819193,561394.2494117647,4520.426218487396,11420.192268907562,4330.781848739496,32759.685378151265,14143.934117647059,100469.56822875701,1333897.0608403361,0.0029731222969712383,0.002754801183132072,0.0031370026336710564,0.0007351290152757348,0.002843591008195379,0.002823093765234281,3293.152916561616,10315.665551295864,38556.269154897585,23058.695265691822,23404.27297987793,40771.740723993185,1.1681989771414034,0.0,20146.12109914857,5342.050670961,0.0,7696.602360189492,0.0,0.0,0.0,0.0,0.0,0.0,0.001111655594368895,0.004254401622580536,0.004083276122988615,0.004133532292358697,0.15032354985669627,0.0013873229884076351,0.003099347603741835,0.0013362002528293218,0.008417682112475273,0.003763579211709791,0.02690781139851159,0.3545042975502824,0.0004088292669952686,0.0045397865996190485,0.0045075751052100835,0.0019505915606197943,0.08514653363367593,0.0006880164678087705,0.0017381724569281826,0.0006591522760031071,0.0049860791728493755,0.004076858047058824,0.017086144085136725,0.19850453310168453
2026-09-13 15:05:49.448999882,2686.102184873949,15923.695462184876,15686.52201680672,15375.503951284587,561395.6531092437,4520.426218487396,11420.192268907562,4330.781848739496,32759.685378151265,14142.950924369745,100502.76726108571,1333436.2699159663,0.0029731222969712383,0.002754801183132072,0.0031499210159752367,0.0007303541835062087,0.002843591008195379,0.002831493533661238,3293.152916561616,10315.665551295864,38576.91908297992,22658.785385612297,23404.27297987793,40865.82164711872,1.1681989771414034,0.0,20132.14353443609,5249.402807819267,0.0,7696.602360189492,0.0,0.0,0.0,0.0,0.0,0.0,0.0011135979928430736,0.004261796684934849,0.004090411017941666,0.0041441856666881985,0.15058388672012626,0.0013897470611775882,0.003104705369366834,0.0013385349987213406,0.008432290421915834,0.003770129963458043,0.02695784370281239,0.3551184077978664,0.0004088292669952686,0.0045397865996190485,0.0045132738262689065,0.0019567560184874117,0.08531080577401517,0.0006880164678087705,0.0017381724569281826,0.0006591522760031071,0.0049860791728493755,0.004083986604610643,0.01712430708785709,0.198887140929814
2026-09-13 15:06:04.448999882,2694.388235294117,15919.46319327731,15686.52201680672,15470.900009395968,561356.3344537815,4523.424201680673,11410.720336134453,4311.605042016807,32821.15159663865,14142.950924369745,100587.10386554622,1333127.9737815126,0.0029731222969712383,0.002754680393906089,0.003162839398279417,0.0007303541835062087,0.002847593678966323,0.002803948473742625,3293.152916561616,10506.614918399911,38597.56901106224,22658.785385612297,20686.365127441877,39419.40422259041,1.1681989771414034,0.0,20118.165969723606,5249.402807819267,0.0,6422.446771298442,0.0,0.0,0.0,0.0,0.0,0.0,0.0011140402351053579,0.004268955701930556,0.004096505171178321,0.004142037408200436,0.15083352380093265,0.0013908285332077776,0.00310841359191765,0.001338320605881257,0.008450717755154177,0.003775887680213311,0.026993012745984386,0.35579925835361476,0.00041151434285714266,0.004546922973361344,0.0045132738262689065,0.0019688965513402434,0.08543606903380711,0.0006908632963265305,0.001742761128163265,0.0006585121224489795,0.005012779693061223,0.004083986604610643,0.01715901712921462,0.19921856738316837
2026-09-13 15:06:19.448999882,2694.388235294117,15919.46319327731,15679.155630252102,15524.322250723582,561308.1640336134,4523.424201680673,11410.720336134453,4311.605042016807,32821.15159663865,14134.707226890754,100609.95025210084,1332634.5559663866,0.0029688372332068048,0.002754680393906089,0.003175757780583597,0.0007303541835062087,0.002847593678966323,0.0028129888029695964,1.2029280254917365,10506.614918399911,38618.21893914456,22658.785385612297,20686.365127441877,39329.97075834338,1.2029280254917365,0.0,20104.188405011126,5249.402807819267,0.0,6422.446771298442,0.0,0.0,0.0,0.0,0.0,0.0,0.0011159800218186447,0.004276350354708333,0.0041036382539289045,0.004152639343228684,0.1510938421909789,0.0013932502686390133,0.0031137685149061566,0.0013406509135735645,0.00846533269149677,0.0037824370557920147,0.027043011165345743,0.35641348412879437,0.00041151434285714266,0.004546922973361344,0.004519371433053221,0.0019755866924868522,0.0855927713733429,0.0006908632963265305,0.001742761128163265,0.0006585121224489795,0.005012779693061223,0.004089013748436974,0.017195466221307895,0.19946820709278196
2026-09-13 15:06:34.448999882,2703.503193277311,15918.764369747898,15679.155630252102,15590.304977286083,561301.4752941177,4530.5243697479,11408.248739495799,4299.77344537815,32877.02722689076,14134.707226890754,100675.8393277311,1331783.6218487395,0.002973758115158795,0.002754680393906089,0.0031555307238193544,0.0007234990461841488,0.0028542578916040027,0.002801465109703759,1.1664072435712336,10506.614918399911,37478.0887771568,23110.840397116706,20243.55991289481,39512.725888992594,1.1664072435712336,0.0,18577.870039318375,3571.385927394853,0.0,6422.463973229856,0.0,0.0,0.0,0.0,0.0,0.0,0.0011179198085319313,0.004283745007486112,0.004110771336679486,0.004163241278256932,0.15135416058102522,0.0013956720040702484,0.0031191234378946616,0.0013429812212658722,0.008479947627839364,0.003788986431370718,0.027093009584707107,0.357027709903974,0.0004143352139538167,0.004555065986823529,0.004519371433053221,0.001983983490390529,0.08572297679657555,0.0006943419888425957,0.001748412649954099,0.000658977416736106,0.005038688374436833,0.004089013748436974,0.01722708563963749,0.19971786903289465
2026-09-13 15:06:49.448999882,2703.503193277311,15918.764369747898,15664.044705882356,15529.625000499962,561248.9606722689,4530.5243697479,11408.248739495799,4299.77344537815,32877.02722689076,14137.212100840337,100638.52638655463,1331168.3727731092,0.002973758115158795,0.0027542735849663577,0.0031045233934157953,0.0007234990461841488,0.0028542578916040027,0.002801783977337615,1.1664072435712336,10226.224673821735,36851.717242289764,23110.840397116706,20243.55991289481,39375.322723229976,1.1664072435712336,0.0,18279.23007325593,3571.385927394853,0.0,6422.468966606318,0.0,0.0,0.0,0.0,0.0,0.0,0.001119859595245218,0.004291139660263888,0.004117904419430069,0.00417384321328518,0.1516144789710715,0.001398093739501484,0.0031244783608831675,0.0013453115289581799,0.008494562564181955,0.003795535806949422,0.02714300800406847,0.3576419356791536,0.0004143352139538167,0.004555065986823529,0.004523224968745098,0.0019807927324581357,0.08587897304178436,0.0006943419888425957,0.001748412649954099,0.000658977416736106,0.005038688374436833,0.004097147326980391,0.017253261861920288,0.199948623397449
2026-09-13 15:07:04.448999882,2705.0218487394955,15924.978151260502,15664.044705882356,15595.629431269192,561224.2114285714,4532.9687394958,11410.708235294118,4280.74487394958,32907.51529411765,14137.212100840337,100670.35462184875,1331398.1405042016,0.002973758115158795,0.0027534975677800375,0.0030912757898483205,0.0007313266519047827,0.0028542578916040027,0.0028003706485395007,1.1664072435712336,10458.030903096833,36715.334928088705,22610.23807974966,20243.55991289481,39035.22342563935,1.1664072435712336,0.0,18202.99094609305,3493.8481350658976,0.0,6311.715299944628,0.0,0.0,0.0,0.0,0.0,0.0,0.001120107618864845,0.004299621939796667,0.00412339698951331,0.004171166113643309,0.15186456967707362,0.0013997776811838702,0.0031294180915606208,0.0013450731141881097,0.008511971132372313,0.003801766264509312,0.027178447878585574,0.35827523565406755,0.00041599750571287325,0.004565189894061624,0.004523224968745098,0.0019892115511207574,0.08600639337246946,0.000697112184133889,0.0017548198978546714,0.0006583234035562462,0.005060751833830943,0.004097147326980391,0.017279075492573157,0.20036005603014873
2026-09-13 15:07:19.448999882,2705.0218487394955,15924.978151260502,15649.780840336136,15509.797237109193,561187.7062184874,4532.9687394958,11410.708235294118,4280.74487394958,32907.51529411765,14127.788571428573,100644.45277310924,1331249.0339495798,0.002973758115158795,0.0027534975677800375,0.0031531860355157627,0.0007313266519047827,0.0028542578916040027,0.0027983219597070425,1.1664072435712336,10458.030903096833,36210.83020531094,22610.23807974966,20243.55991289481,37837.1332934841,1.1664072435712336,0.0,17959.6650157268,3493.8481350658976,0.0,4895.29551940388,0.0,0.0,0.0,0.0,0.0,0.0,0.0011220444805546596,0.00430701846680816,0.004130527235462383,0.0041817129115599766,0.15212487049596435,0.0014021981412533147,0.0031347723038893877,0.0013473989805075541,0.008526590882947025,0.0038083150903713797,0.0272284093212926,0.35888949412944937,0.00041599750571287325,0.004565189894061624,0.004527307710655462,0.001982767958632553,0.08616479750078035,0.000697112184133889,0.0017548198978546714,0.0006583234035562462,0.005060751833830943,0.0041018202737142856,0.017307192616381094,0.20066065556513235
2026-09-13 15:07:34.448999882,2703.460840336136,15928.56907563025,15649.780840336136,15575.74362347283,561175.7596638656,4532.66319327731,11409.864201680673,4257.665546218487,32897.00268907563,14127.788571428573,100654.84739495798,1331072.534117647,0.002973758115158795,0.0027534975677800375,0.0031528467461398838,0.0007313266519047827,0.0028542578916040027,0.002800915443195258,1.1664072435712336,10458.030903096833,36232.140430436506,22610.23807974966,20243.55991289481,38077.4594997533,1.1664072435712336,0.0,17955.000836655185,3493.8481350658976,0.0,4983.024305433085,0.0,0.0,0.0,0.0,0.0,0.0,0.0011239813422444743,0.004314414993819655,0.004137657481411459,0.004192259709476642,0.15238517131485507,0.0014046186013227588,0.0031401265162181546,0.0013497248468269983,0.008541210633521739,0.003814863916233448,0.027278370763999624,0.35950375260483125,0.0004171861624687524,0.004574567049120447,0.004527307710655462,0.001991198525445933,0.0862941592111118,0.0006994606081039472,0.0017607199592345173,0.0006570241831509074,0.005076520474723536,0.0041018202737142856,0.01732933404172563,0.20101087965671566
2026-09-13 15:07:49.448999882,2703.460840336136,15928.56907563025,15653.317310924369,15506.36710667242,561182.5058823529,4532.66319327731,11409.864201680673,4257.665546218487,32897.00268907563,14134.165714285718,100623.7119327731,1330598.6591596638,0.002973758115158795,0.0027534975677800375,0.0031525074567640057,0.0007323763757663699,0.0028497700545729392,0.0028076662098932745,1.1664072435712336,10458.030903096833,36253.45065556207,21123.87570970623,20771.49578736486,38003.87906943723,1.1664072435712336,0.0,17950.336657583564,1793.3259712384818,0.0,4983.024305433085,0.0,0.0,0.0,0.0,0.0,0.0,0.0011259182039342892,0.004321811520831149,0.0041447877273605325,0.004202806507393309,0.1526454721337458,0.0014070390613922033,0.003145480728546922,0.001352050713146443,0.008555830384096451,0.0038214127420955184,0.02732833220670665,0.3601180110802131,0.0004171861624687524,0.004574567049120447,0.004536534270078431,0.0019868116558235684,0.08645919355600261,0.0006994606081039472,0.0017607199592345173,0.0006570241831509074,0.005076520474723536,0.004111079144285715,0.017356529786966408,0.201262198331943
2026-09-13 15:08:04.448999882,2698.2937815126056,15939.586890756307,15653.317310924369,15572.304688761973,561172.6013445378,4536.111932773109,11412.952941176472,4236.328739495799,32894.730756302524,14134.165714285718,100649.12672268906,1330860.209747899,0.0029767758610126124,0.0027534975677800375,0.003152168167388127,0.0007323763757663699,0.0028497700545729392,0.0028095118712117614,1.1564777009584704,10458.030903096833,36274.76088068763,21123.87570970623,20771.49578736486,37813.47910695092,1.1564777009584704,0.0,17945.672478511944,1793.3259712384818,0.0,4983.024305433085,0.0,0.0,0.0,0.0,0.0,0.0,0.0011255964698474077,0.004328402218198287,0.0041498066624226435,0.004199367757994423,0.1528977932464132,0.0014086957498731546,0.0031507337480640094,0.0013518341346167562,0.008571072152140122,0.0038274089722531964,0.02735982297871238,0.3607447216712441,0.0004178147937801003,0.0045860848082521005,0.004536534270078431,0.0019952601567362017,0.08658886284934551,0.0007023900380086151,0.0017672280951062781,0.000655970387955653,0.005093554023495516,0.004111079144285715,0.01738126634125969,0.2016785276565748
2026-09-13 15:08:19.448999882,2698.2937815126056,15939.586890756307,15644.365714285714,15514.59673037479,561211.6568067227,4536.111932773109,11412.952941176472,4236.328739495799,32894.730756302524,14135.31226890756,100662.05042016806,1330806.3065546218,0.0029767758610126124,0.0027483950890043523,0.0031521949635222547,0.00073246002698058,0.0027963361251906725,0.0028102070992806535,1.1564777009584704,10172.148634333505,36912.37682874873,22559.218096928416,20382.024841354643,35615.74800031353,1.1564777009584704,0.0,18251.52137689364,1755.5901277940109,0.0,4881.303531285211,0.0,0.0,0.0,0.0,0.0,0.0,0.0011275294531807407,0.0043357973660293385,0.004156933282537586,0.004209854312225256,0.1531580804397161,0.0014111148987237293,0.003156087788313443,0.001354155635191469,0.008585692967208616,0.003833956852390183,0.02740973399711971,0.36135900123049225,0.0004178147937801003,0.0045860848082521005,0.004542138787809523,0.001992329783078867,0.08675889457410577,0.0007023900380086151,0.0017672280951062781,0.000655970387955653,0.005093554023495516,0.00411882058312605,0.017416066771044878,0.20199329008722502
2026-09-13 15:08:34.448999882,2694.0978151260506,15936.734117647062,15644.365714285714,15580.445803904202,561204.4991596639,4540.1052100840325,11422.67899159664,4211.809411764706,32857.50857142858,14135.31226890756,100670.81142857143,1330673.2003361343,0.0029767758610126124,0.002704397663973585,0.0031518588305908925,0.00073246002698058,0.002848890604309864,0.0028096532613016856,1.1564777009584704,10349.665552288501,36927.73482263611,22559.218096928416,20081.98424444599,35681.24040203802,1.1564777009584704,0.0,18243.862112436793,1755.5901277940109,0.0,4881.324569641049,0.0,0.0,0.0,0.0,0.0,0.0,0.0011294624365140744,0.004343192513860388,0.004164059902652528,0.0042203408664560895,0.15341836763301897,0.0014135340475743042,0.0031614418285628755,0.0013564771357661817,0.008600313782277106,0.003840504732527169,0.027459645015527046,0.3619732807897404,0.0004185888448442907,0.004593616047058823,0.004542138787809523,0.0020007858888134076,0.0868889907623973,0.0007054077193079583,0.0017747707515570934,0.0006543995642906576,0.005105154861176471,0.00411882058312605,0.01743793971470464,0.2023498019312145
2026-09-13 15:08:49.448999882,2694.0978151260506,15936.734117647062,15651.493109243702,15532.015403613446,561278.1842016807,4540.1052100840325,11422.67899159664,4211.809411764706,32857.50857142858,14147.03798319328,100712.96470588235,1330882.3300840335,0.0029767758610126124,0.002748274631881189,0.0031571874180534782,0.000725516609770166,0.002848890604309864,0.0028096532613016856,1.1564777009584704,10517.581665122649,35974.89644879891,22867.95748926072,20081.98424444599,35681.24040203802,1.1564777009584704,0.0,17796.748926710432,1779.7074218998296,0.0,4881.324569641049,0.0,0.0,0.0,0.0,0.0,0.0,0.0011313954198474076,0.004350587661691438,0.004171186522767471,0.0042308274206869214,0.15367865482632187,0.001415953196424879,0.0031667958688123086,0.0013587986363408943,0.0086149345973456,0.003847052612664155,0.027509556033934374,0.36258756034898854,0.0004185888448442907,0.004593616047058823,0.004552410676302521,0.001999014530292451,0.08706442402861765,0.0007054077193079583,0.0017747707515570934,0.0006543995642906576,0.005105154861176471,0.0041296513783865545,0.017477826485099296,0.20270455276774574
2026-09-13 15:09:04.448999882,2684.698487394957,15951.863193277306,15651.493109243702,15597.902903613447,561269.3173109244,4546.854453781513,11421.943865546218,4189.861512605042,32840.13781512605,14147.03798319328,100737.8894117647,1330822.3099159664,0.002979381605288887,0.002748274631881189,0.003156891521969337,0.0007376054810334674,0.002848890604309864,0.0027975872303628853,1.1918618185204153,10517.581665122649,35983.513181672635,23248.993278682407,20081.98424444599,34233.44107352924,1.1918618185204153,0.0,17786.02987636148,1809.3616760133289,0.0,4881.324569641049,0.0,0.0,0.0,0.0,0.0,0.0,0.001130709632661526,0.004357495009770295,0.004176562136837672,0.004227775334307618,0.15393892109058535,0.0014181175148918123,0.003172773050547469,0.0013585832496962014,0.008629894249137555,0.003853954155968594,0.0275480104986223,0.3632321776631796,0.0004185472515782782,0.004606336820957981,0.004552410676302521,0.0020074944388195825,0.0871942664708219,0.0007088592793164326,0.0017806927798601792,0.0006532037131276038,0.005119811214744721,0.0041296513783865545,0.017502522663002833,0.20307216846210246
2026-09-13 15:09:19.448999882,2684.698487394957,15951.863193277306,15653.087394957987,15555.427510483361,561286.0194957983,4546.854453781513,11421.943865546218,4189.861512605042,32840.13781512605,14140.019495798317,100759.6225210084,1330911.9196638656,0.002979381605288887,0.002748274631881189,0.0031565956258851956,0.0007376054810334674,0.0028452808508271157,0.002807954797910935,1.1918618185204153,10517.581665122649,35992.12991454638,23248.993278682407,20681.07890107292,32881.193119707576,1.1918618185204153,0.0,17775.310826012534,1809.3616760133289,0.0,4966.520219147522,0.0,0.0,0.0,0.0,0.0,0.0,0.0011326381497848135,0.0043648893283643984,0.004183685770399316,0.00423820524377947,0.15419920824614397,0.0014205362295036845,0.0031781281428898108,0.0013609004237829596,0.00864451564029402,0.003860502637261111,0.02759788619226185,0.3638465085602923,0.0004185472515782782,0.004606336820957981,0.004561077769299721,0.002006461671127941,0.08736088839045826,0.0007088592793164326,0.0017806927798601792,0.0006532037131276038,0.005119811214744721,0.00413501303455462,0.017538898826510736,0.2034087986949566
2026-09-13 15:09:34.448999882,2678.6541176470582,15938.806386554621,15653.087394957987,15621.395453340505,561247.6840336134,4551.228907563025,11417.239663865545,4163.188235294118,32790.24,14140.019495798317,100751.40907563025,1330763.5936134453,0.0029814156926259655,0.002748274631881189,0.0031620919138843776,0.0007376054810334674,0.0028452808508271157,0.0027872366928548865,1.1636499175132438,10517.581665122649,34073.27994657845,23248.993278682407,20681.07890107292,32617.594552166112,1.1636499175132438,0.0,15586.064478821387,1809.3616760133289,0.0,4966.536356220144,0.0,0.0,0.0,0.0,0.0,0.0,0.0011345666669081008,0.004372283646958503,0.0041908094039609595,0.004248635153251324,0.15445949540170256,0.0014229549441155565,0.0031834832352321536,0.0013632175978697174,0.008659137031450484,0.0038670511185536285,0.027647761885901397,0.364460839457405,0.0004190205380523974,0.004610919589781512,0.004561077769299721,0.0020149707364542926,0.08748613449997812,0.0007119464857679542,0.001785993150630605,0.0006512454754325261,0.005129361016470588,0.00413501303455462,0.017557842592790293,0.20376287005559163
2026-09-13 15:09:49.448999882,2678.6541176470582,15938.806386554621,15662.716638655467,15581.639125987409,561283.9290756303,4551.228907563025,11417.239663865545,4163.188235294118,32790.24,14151.881344537811,100786.84336134454,1330996.108235294,0.0029814156926259655,0.002748274631881189,0.0031617342011138506,0.00072622204745661,0.0028452808508271157,0.0028054943285904348,1.1636499175132438,10517.581665122649,34101.67467215682,22890.19256811031,20681.07890107292,32289.849992384625,1.1636499175132438,0.0,15597.713812809616,1781.4378753027504,0.0,4831.199693305834,0.0,0.0,0.0,0.0,0.0,0.0,0.0011364951840313888,0.004379677965552608,0.004197933037522603,0.004259065062723177,0.1547197825572612,0.0014253736587274291,0.0031888383275744964,0.0013655347719564758,0.008673758422606944,0.0038735995998461456,0.027697637579540947,0.3650751703545177,0.0004190205380523974,0.004610919589781512,0.004572092011977592,0.0020142634973853595,0.08765581089481489,0.0007119464857679542,0.001785993150630605,0.0006512454754325261,0.005129361016470588,0.004145898468633051,0.017596626679504332,0.20412144903282461
2026-09-13 15:10:04.448999882,2670.519327731092,15933.699831932772,15662.716638655467,15647.696400635296,561279.9146218487,4560.168403361343,11420.201344537814,4140.992268907563,32778.26319327731,14151.881344537811,100802.60773109243,1330901.6339495797,0.0029814156926259655,0.002700328690699162,0.003164640247271257,0.0007329160607287994,0.002802354378295044,0.002807000448673932,1.1636499175132438,10334.093688323197,33272.9492991255,22543.3778534516,20369.065496448053,32190.469543225216,1.1636499175132438,0.0,15220.325549788296,1754.4468892476102,0.0,4831.167768972664,0.0,0.0,0.0,0.0,0.0,0.0,0.0011348394233859009,0.004387211698831532,0.004204316925459977,0.004259667880503924,0.15497389008874818,0.001427822070173358,0.0031935043199974875,0.0013653495714264937,0.008686610359358556,0.0038805387352862605,0.027737142799575468,0.36572372039492707,0.00041915932775933893,0.004617792759254902,0.004572092011977592,0.0020228028272969403,0.08778640429211956,0.0007157548356133039,0.0017924917706998087,0.0006499617949466845,0.005144810083395239,0.004145898468633051,0.01761976282725261,0.204483740191064
2026-09-13 15:10:19.448999882,2670.519327731092,15933.699831932772,15669.937815126048,15596.549149991599,561277.4611764706,4560.168403361343,11420.201344537814,4140.992268907563,32778.26319327731,14145.537478991597,100818.7018487395,1330740.2813445376,0.0029814156926259655,0.002745976400431571,0.0031643049220739404,0.0007329160607287994,0.0028482055579615176,0.002805145118564586,1.1636499175132438,10420.639004137549,33295.585392940884,22543.3778534516,20073.507725015323,32603.482999340686,1.1636499175132438,0.0,15229.361102736077,1754.4468892476102,0.0,4945.528283702119,0.0,0.0,0.0,0.0,0.0,0.0,0.0011367618689641318,0.0043946062528855846,0.004211439305845465,0.0042700675479642415,0.15523416683748978,0.00143024083547948,0.003198858256798382,0.001367662506800643,0.008701228763074774,0.0038870878760520265,0.027786998064885295,0.36633810874387873,0.00041915932775933893,0.004617792759254902,0.004582412148403362,0.002020595576714025,0.08795004526563305,0.0007157548356133039,0.0017924917706998087,0.0006499617949466845,0.005144810083395239,0.004151453295686275,0.017655195292379692,0.20478186438814122
2026-09-13 15:10:34.448999882,2665.5035294117642,15918.49210084033,15669.937815126048,15662.665399991596,561229.490420168,4564.600336134453,11406.037310924366,4112.591596638654,32703.83394957983,14145.537478991597,100808.24974789916,1330473.8964705882,0.0029814156926259655,0.002745976400431571,0.0031639695968766245,0.0007085060955638535,0.0028482055579615176,0.0027931135653991414,1.1636499175132438,10420.639004137549,33318.22148675627,20952.35057667418,20073.507725015323,32607.03548010934,1.1636499175132438,0.0,15238.396655683857,1778.1706790503754,0.0,4945.528283702119,0.0,0.0,0.0,0.0,0.0,0.0,0.0011386843145423633,0.004402000806939639,0.004218561686230952,0.004280467215424559,0.1554944435862314,0.0014326596007856027,0.003204212193599278,0.0013699754421747931,0.008715847166790988,0.003893637016817792,0.02783685333019513,0.36695249709283045,0.000419780718299555,0.00462172783065546,0.004582412148403362,0.002029161202418413,0.08807373697712034,0.000718862753963703,0.0017962964529962566,0.0006476774971259088,0.005150411078065107,0.004151453295686275,0.017673749886669723,0.20511753020605708
2026-09-13 15:10:49.448999882,2665.5035294117642,15918.49210084033,15675.216806722687,15606.26895258354,561236.4363025209,4564.600336134453,11406.037310924366,4112.591596638654,32703.83394957983,14163.628235294118,100821.69983193277,1330500.3610084034,0.0029832201816867064,0.002745976400431571,0.0031636342716793078,0.0007222740378675686,0.0028482055579615176,0.0028016748443106974,1.1991439704663955,10420.639004137549,33340.85758057166,21359.504101072987,20073.507725015323,32704.686226570502,1.1991439704663955,0.0,15247.432208631637,1812.7247237771749,0.0,4945.528283702119,0.0,0.0,0.0,0.0,0.0,0.0,0.0011406067601205947,0.004409395360993694,0.004225684066616441,0.004290866882884876,0.155754720334973,0.0014350783660917253,0.0032095661304001725,0.0013722883775489428,0.008730465570507205,0.003900186157583559,0.02788670859550496,0.3675668854417822,0.000419780718299555,0.00462172783065546,0.004592170876246497,0.0020262418872343587,0.08823883970756301,0.000718862753963703,0.0017962964529962566,0.0006476774971259088,0.005150411078065107,0.004164185388,0.017708728230187033,0.20544446689066287
2026-09-13 15:11:04.448999882,2662.393613445378,15937.133445378151,15675.216806722687,15672.349644364363,561237.4225210084,4574.032941176471,11413.297815126052,4089.9660504201684,32695.783865546222,14163.628235294118,100853.00470588234,1330452.7532773109,0.0029832201816867064,0.002745976400431571,0.0031124407531659863,0.0007222740378675686,0.0027943614812632714,0.0027993049414824175,1.1991439704663955,10420.639004137549,33818.946555596965,21359.504101072987,17008.804199170896,32691.31697234679,1.1991439704663955,0.0,15463.855779618869,1812.7247237771749,0.0,4945.528283702119,0.0,0.0,0.0,0.0,0.0,0.0,0.0011391163116489435,0.004418913402895973,0.004231798697780179,0.004289302739825323,0.15601076951809023,0.0014376852435468302,0.003214557852357942,0.0013721561853484612,0.008742618805193765,0.003909808924568233,0.027926643057041817,0.3682821193522011,0.0004206979652453922,0.004635492341848739,0.004592170876246497,0.002034821482141415,0.08837020516415979,0.0007227655375976272,0.0018034715615733352,0.0006462757372332462,0.005166422303176329,0.004164185388,0.01773462074205258,0.2058137683606798
2026-09-13 15:11:19.448999882,2662.393613445378,15937.133445378151,15698.274957983193,15608.964862435068,561223.4974789915,4574.032941176471,11413.297815126052,4089.9660504201684,32695.783865546222,14157.841008403362,100865.16605042017,1330137.3509243696,0.002929313600171696,0.002745976400431571,0.003165515431258795,0.0007222740378675686,0.0028463512525985155,0.0027854121986412433,1.1774755221939546,10420.639004137549,34365.330951116484,21359.504101072987,17325.25711584976,32287.619771695066,1.1774755221939546,0.0,15715.773067946786,1812.7247237771749,0.0,4831.93417343513,0.0,0.0,0.0,0.0,0.0,0.0,0.0011410330149147093,0.0044263115181085,0.004238919382464864,0.004299657206839212,0.1562710392146525,0.0014401043257540375,0.0032199111856912746,0.0013744650068574702,0.008757233074768712,0.003916363219870245,0.027976475282956534,0.36889667594589615,0.0004206979652453922,0.004635492341848739,0.004607152991372549,0.0020309595660087925,0.08853202151464495,0.0007227655375976272,0.0018034715615733352,0.0006462757372332462,0.005166422303176329,0.004169903668560224,0.017769393600332025,0.2060877459326512
2026-09-13 15:11:34.448999882,2660.514957983193,15925.870588235295,15698.274957983193,15674.998348921556,561201.5435294118,4581.490084033614,11416.970420168065,4066.792941176471,32654.76504201681,14157.841008403362,100870.7899159664,1329905.2053781513,0.0029803467893789915,0.00274750072101291,0.0031628331816004407,0.0007222740378675686,0.0028463512525985155,0.002786005483759766,3.4799580977701705,10196.489266809362,33446.3626744076,21359.504101072987,17325.25711584976,32222.48572608851,1.1599860325900568,0.0,15297.359554775248,1812.7247237771749,0.0,4831.914281945109,0.0,0.0,0.0,0.0,0.0,0.0,0.001142949718180475,0.004433709633321028,0.004246040067149549,0.0043100116738531,0.15653130891121478,0.0014425234079612445,0.0032252645190246087,0.001376773828366479,0.008771847344343654,0.00392291751517226,0.028026307508871248,0.3695112325395911,0.00042180713339453425,0.0046405627505882365,0.004607152991372549,0.002039551509307954,0.08865976033070631,0.0007263650945554691,0.0018100855063907914,0.0006447632506178942,0.005177198043076054,0.004169903668560224,0.01779078194999054,0.20642827559018226
2026-09-13 15:11:49.448999882,2660.514957983193,15925.870588235295,15718.295798319325,15615.256287262342,561201.2924369748,4581.490084033614,11416.970420168065,4066.792941176471,32654.76504201681,14151.74823529412,100855.07092436973,1329512.0278991596,0.0029803467893789915,0.002745460868029615,0.003162448957611776,0.0007087283954621749,0.0028028317481991294,0.002780510143938624,3.4799580977701705,10480.066922346114,33452.0800071682,20958.92455738084,17060.36127680481,30620.90792947335,1.1599860325900568,0.0,15298.650897528612,1778.728595437582,0.0,3371.657503831604,0.0,0.0,0.0,0.0,0.0,0.0,0.0011448664214462408,0.004441107748533556,0.004253160751834234,0.00432036614086699,0.15679157860777704,0.0014449424901684517,0.0032306178523579415,0.0013790826498754883,0.008786461613918599,0.003929471810474273,0.02807613973478596,0.37012578913328614,0.00042180713339453425,0.0046405627505882365,0.004621266288571426,0.0020361275466273697,0.08882372310556993,0.0007263650945554691,0.0018100855063907914,0.0006447632506178942,0.005177198043076054,0.004175525730705883,0.01782064062562425,0.20668986331892197
2026-09-13 15:12:04.448999882,2662.1636974789917,15936.431596638651,15718.295798319325,15681.241867262343,561201.3499159664,4589.987899159662,11421.738151260502,4046.0914285714302,32645.45949579832,14151.74823529412,100885.31999999999,1329627.4729411763,0.0029803467893789915,0.002745460868029615,0.003162064733623111,0.0007282759599823145,0.0028485405940935397,0.002791893754583336,3.4799580977701705,10480.066922346114,33457.7973399288,20666.04265291143,16823.586958641103,30879.38994845169,1.1599860325900568,0.0,15299.942240281976,1753.7749465211236,0.0,3431.661887345339,0.0,0.0,0.0,0.0,0.0,0.0,0.0011435449667280945,0.004448834530046555,0.004264342954846309,0.004316955657041703,0.15704571230475595,0.0014474978816546255,0.0032367649560183956,0.001378935825850369,0.008800023349683475,0.003936566557668445,0.02811286950608932,0.3707724030481586,0.0004234754252891745,0.004651991942610642,0.004621266288571426,0.0020447316357724054,0.08895493417081876,0.0007301380750963912,0.001816877536767177,0.0006436194326050422,0.005192975119011368,0.004175525730705883,0.017846386034932472,0.20708422975604157
2026-09-13 15:12:19.448999882,2662.1636974789917,15936.431596638651,15712.744537815128,15613.511351263733,561143.2265546218,4589.987899159662,11421.738151260502,4046.0914285714302,32645.45949579832,14136.316638655462,100832.4181512605,1329203.3929411764,0.0029803467893789915,0.002745460868029615,0.003161680509634445,0.0007282759599823145,0.0028485405940935397,0.0027920241175701083,3.4799580977701705,10480.066922346114,33463.5146726894,20666.04265291143,16823.586958641103,30956.389940032583,1.1599860325900568,0.0,15301.23358303534,1753.7749465211236,0.0,3431.661887345339,0.0,0.0,0.0,0.0,0.0,0.0,0.001145456258115119,0.0044562331928243324,0.004271470428000671,0.004327253047166443,0.1573059718327692,0.0014499171920573102,0.003242119602817513,0.0013812405434118905,0.008814635865794588,0.003943121753224001,0.028162665787262488,0.3713870126944905,0.0004234754252891745,0.004651991942610642,0.004627868829187675,0.002040229001203221,0.08910970662398612,0.0007301380750963912,0.001816877536767177,0.0006436194326050422,0.005192975119011368,0.004178381058016807,0.017869651553252885,0.2073407229296856
2026-09-13 15:12:34.448999882,2663.67025210084,15928.98352941176,15712.744537815128,15679.449910474259,561119.9263865546,4596.836974789916,11417.218487394957,4023.2934453781513,32611.912941176473,14136.316638655462,100840.9855462185,1329313.8010084033,0.002934185849466441,0.002745460868029615,0.0031612962856457805,0.0007298601415799814,0.0028485405940935397,0.0027804854183252304,3.532826939369846,10480.066922346114,33469.23200545,21063.20310270297,16823.586958641103,31177.82906792886,1.1776089797899487,0.0,15302.524925788704,1787.479030960112,0.0,3431.6890880040523,0.0,0.0,0.0,0.0,0.0,0.0,0.0011473675495021437,0.004463631855602111,0.004278597901155033,0.004337550437291184,0.15756623136078243,0.0014523365024599949,0.0032474742496166305,0.0013835452609734118,0.008829248381905698,0.003949676948779556,0.028212462068435664,0.37200162234082235,0.000425122767070122,0.004658165750117646,0.004627868829187675,0.0020488452411874434,0.08923718948254475,0.0007336568980156769,0.0018221923347221235,0.0006421191365129581,0.005204873485397923,0.004178381058016807,0.017891561445705854,0.2077342755510255
2026-09-13 15:12:49.448999882,2663.67025210084,15928.98352941176,15724.74554621849,15606.34977805592,561104.4191596638,4596.836974789916,11417.218487394957,4023.2934453781513,32611.912941176473,14151.485042016806,100807.34218487395,1328984.5431932772,0.002985842549821405,0.002745460868029615,0.003161048147858118,0.0007298601415799814,0.0028485405940935397,0.0027887508837674516,3.5950227892496884,10480.066922346114,32887.64693716773,21063.20310270297,16823.586958641103,32602.035307960792,1.1983409297498961,0.0,15037.246023380078,1787.479030960112,0.0,3333.967472818607,0.0,0.0,0.0,0.0,0.0,0.0,0.0011492788408891683,0.0044710305183798885,0.004285725374309396,0.004347847827415924,0.1578264908887957,0.0014547558128626794,0.0032528288964157465,0.001385849978534933,0.00884386089801681,0.003956232144335112,0.02826225834960884,0.3726162319871542,0.000425122767070122,0.004658165750117646,0.004639644413210083,0.0020436004324287773,0.08939869743826434,0.0007336568980156769,0.0018221923347221235,0.0006421191365129581,0.005204873485397923,0.004190280927394956,0.017918207945611067,0.2080053106896333
2026-09-13 15:13:04.448999882,2664.2964705882355,15948.614117647061,15724.74554621849,15672.262193640336,561121.2423529412,4604.127731092438,11420.304201680674,4001.8779831932784,32619.125042016803,14151.485042016806,100853.15294117648,1329076.3250420166,0.0029866849815755312,0.002745460868029615,0.0031646620761116963,0.0007298601415799814,0.0028533611538408233,0.0027805429112850353,3289.316654131369,10480.066922346114,33572.43007212487,21063.20310270297,17188.708269238763,32508.800135835223,1.1655976804150847,0.0,15353.427557235456,1787.479030960112,0.0,3333.967472818607,0.0,0.0,0.0,0.0,0.0,0.0,0.0011485684056807084,0.004477216944413466,0.004293373941816334,0.004344908495473251,0.15808050495259796,0.001457198419089965,0.0032586615118067397,0.0013865578265303804,0.008860342249546247,0.003962168002299227,0.028294989139487914,0.3732182754761537,0.00042663073399901136,0.004672264643647057,0.004639644413210083,0.0020522314475544374,0.08953256105523726,0.0007372536859261353,0.0018287201960596002,0.0006408161254544171,0.005223263031237905,0.004190280927394956,0.017946744700586343,0.20839593885661667
2026-09-13 15:13:19.448999882,2664.2964705882355,15948.614117647061,15708.433613445375,15609.322558669599,561106.1344537815,4604.127731092438,11420.304201680674,4001.8779831932784,32619.125042016803,14151.028235294114,100837.54285714286,1329061.4924369745,0.0029866849815755312,0.002745406444868594,0.003164241479475118,0.0007263930989177997,0.0028561642849785017,0.0027902949534922574,3289.316654131369,10481.434109560645,33566.41493250991,20598.059112581373,20146.185747688276,32424.45579282621,1.1655976804150847,0.0,15349.314698084227,1748.0056837837378,0.0,3333.967472818607,0.0,0.0,0.0,0.0,0.0,0.0,0.0011504753445695974,0.004484613601146357,0.004300502280149667,0.004355152693240396,0.15834075422177563,0.0014596177685344096,0.003264016944372529,0.0013888598931970472,0.008874957858265893,0.003968722172829029,0.028344740519641975,0.373832864403208,0.00042663073399901136,0.004672264643647057,0.004643063899831931,0.00204827814135095,0.08969412507185029,0.0007372536859261353,0.0018287201960596002,0.0006408161254544171,0.005223263031237905,0.004197561853098038,0.017976592291924665,0.20871612066632
2026-09-13 15:13:34.448999882,2662.811092436975,15963.876302521012,15708.433613445375,15675.257789438829,561103.7929411764,4611.651428571428,11409.985210084034,3982.967394957983,32621.91428571429,14151.028235294114,100877.98084033614,1329276.24,0.0029866849815755312,0.002745406444868594,0.0031638208828385405,0.0007263930989177997,0.0028561642849785017,0.002788989233253255,3289.316654131369,10481.434109560645,33560.39979289496,20598.059112581373,20146.185747688276,32270.42188381915,1.1655976804150847,0.0,15345.201838933,1748.0056837837378,0.0,3333.930958643495,0.0,0.0,0.0,0.0,0.0,0.0,0.0011523822834584863,0.004492010257879249,0.004307630618483,0.004365396891007542,0.15860100349095335,0.0014620371179788541,0.0032693723769383187,0.0013911619598637138,0.008889573466985542,0.00397527634335883,0.028394491899796034,0.37444745333026225,0.0004278001193362051,0.0046851020674509814,0.004643063899831931,0.002056930258790508,0.08982492993577958,0.0007408956035534211,0.00183309775461055,0.0006398929055518675,0.005240949635534214,0.004197561853098038,0.01800420033353314,0.2091261642484887
2026-09-13 15:13:49.448999882,2662.811092436975,15963.876302521012,15705.033277310922,15616.43768935628,561138.1078991597,4611.651428571428,11409.985210084034,3982.967394957983,32621.91428571429,14174.261848739494,100888.6900840336,1329571.0588235294,0.0029866849815755312,0.002745406444868594,0.0031634002862019625,0.000720917972380747,0.0028561642849785017,0.0027845914740771537,3289.316654131369,10481.434109560645,33554.38465328001,20952.41114039805,20146.185747688276,32706.652569147398,1.1655976804150847,0.0,15341.088979781773,1778.1758189337315,0.0,3424.6813680081577,0.0,0.0,0.0,0.0,0.0,0.0,0.0011542892223473753,0.004499406914612141,0.004314758956816334,0.004375641088774687,0.15886125276013105,0.0014644564674232987,0.0032747278095041077,0.0013934640265303806,0.008904189075705188,0.003981830513888631,0.02844424327995009,0.37506204225731654,0.0004278001193362051,0.0046851020674509814,0.00465028943680672,0.0020534826852529296,0.08999440726255847,0.0007408956035534211,0.00183309775461055,0.0006398929055518675,0.005240949635534214,0.004211881908352939,0.018038753608832878,0.2094951773040287
2026-09-13 15:14:04.448999882,2656.633613445379,15977.054117647058,15705.033277310922,15682.434347584129,561163.0749579831,4613.127731092437,11410.923025210082,3960.844033613445,32636.98588235293,14174.261848739494,100928.92840336134,1329725.922352941,0.0029866849815755312,0.002745406444868594,0.0031649562638390253,0.000732551285738856,0.0028561642849785017,0.0027835176232621486,3289.316654131369,10481.434109560645,31357.162719283886,21290.516131177017,20146.185747688276,32855.489324885675,1.1655976804150847,0.0,12929.59737678186,1806.869896900958,0.0,3424.6813680081577,0.0,0.0,0.0,0.0,0.0,0.0,0.0011533085678019134,0.004508413027897368,0.004321441586844481,0.004375603446075154,0.15912030790719078,0.0014669812718496322,0.0032790189737546788,0.0013940758484476089,0.008922579503364515,0.0039898070881333346,0.028488829287524126,0.3757761649145819,0.00042821163463032286,0.004697342671999999,0.00465028943680672,0.0020621609124934367,0.09012960445799754,0.0007435707191582515,0.0018392788439234513,0.0006384318445590001,0.005260618928917447,0.004211881908352939,0.01806635751383458,0.20989602541036348
2026-09-13 15:14:19.448999882,2656.633613445379,15977.054117647058,15681.863193277308,15607.677096007228,561125.8436974789,4613.127731092437,11410.923025210082,3960.844033613445,32636.98588235293,14174.30420168067,100884.53949579832,1329844.3078991596,0.002986770337898364,0.002745406444868594,0.003112188415548101,0.000732551285738856,0.0028588818478530293,0.0027835176232621486,3217.617725509147,10481.434109560645,30831.479229584962,21290.516131177017,20598.445790965205,32855.489324885675,1.1401905476644745,0.0,12707.403391065684,1806.869896900958,0.0,3424.6813680081577,0.0,0.0,0.0,0.0,0.0,0.0,0.001155210744402355,0.004515812330528946,0.004328569190045365,0.004385813513940953,0.15938055522268282,0.0014694007955803165,0.0032843726681991226,0.0013963751276970568,0.00893720131750925,0.003996363596905263,0.028538566102165864,0.3763909167914524,0.00042821163463032286,0.004697342671999999,0.00465164718994958,0.0020565798433807617,0.0902876050596576,0.0007435707191582515,0.0018392788439234513,0.0006384318445590001,0.005260618928917447,0.004219322878879551,0.018091052464336784,0.21023740994362577
2026-09-13 15:14:34.448999882,2649.8783193277304,15987.905546218488,15681.863193277308,15673.685871007228,561132.6020168067,4616.431260504201,11404.942184873948,3937.7163025210098,32606.754957983187,14174.30420168067,100901.09949579832,1329751.406722689,0.0029890730590151904,0.002745406444868594,0.0031582873782941435,0.000732551285738856,0.0028588818478530293,0.0027781162527859868,3300.7591603974415,10481.434109560645,30403.8135796441,21290.516131177017,20598.445790965205,32485.435074277506,1.1696524310409078,0.0,12529.698648928552,1806.869896900958,0.0,3327.5849612386965,0.0,0.0,0.0,0.0,0.0,0.0,0.001157112921002796,0.004523211633160526,0.0043356967932462465,0.004396023581806752,0.1596408025381749,0.0014718203193110008,0.0032897263626435673,0.0013986744069465048,0.008951823131653986,0.004002920105677192,0.0285883029168076,0.3770056686683229,0.0004285231796398558,0.004708911899081233,0.00465164718994958,0.0020652776345585397,0.09041987839821873,0.0007465428838415365,0.0018443420790396155,0.0006367849792076833,0.005272978087490995,0.004219322878879551,0.018114425798828607,0.21059917713032827
2026-09-13 15:14:49.448999882,2649.8783193277304,15987.905546218488,15670.143529411765,15634.049530863078,561167.8245378151,4616.431260504201,11404.942184873948,3937.7163025210098,32606.754957983187,14194.615462184873,100928.80436974789,1329984.1905882352,0.0029890730590151904,0.002745406444868594,0.0031578155367619474,0.0007296112632273151,0.0028588818478530293,0.0027709603085613642,3300.7591603974415,10481.434109560645,30419.485056262194,22672.01962689374,20598.445790965205,32404.643406021933,1.1696524310409078,0.0,12553.219861778807,1763.8288019699132,0.0,3327.5849612386965,0.0,0.0,0.0,0.0,0.0,0.0,0.001159015097603238,0.004530610935792104,0.00434282439644713,0.00440623364967255,0.15990104985366693,0.0014742398430416855,0.003295080057088012,0.0014009736861959532,0.008966444945798726,0.004009476614449123,0.02863803973144934,0.3776204205451934,0.0004285231796398558,0.004708911899081233,0.004656383149764707,0.0020642919175431797,0.0905895467531361,0.0007465428838415365,0.0018443420790396155,0.0006367849792076833,0.005272978087490995,0.004232808044498599,0.018152054480619087,0.21095877566600035
2026-09-13 15:15:04.448999882,2641.704201680673,15984.363025210083,15670.143529411765,15700.132623455671,561144.781512605,4624.569075630252,11405.937478991598,3921.253109243698,32634.142184873952,14194.615462184873,100954.9119327731,1329854.6057142857,0.0029890730590151904,0.0027067697972172136,0.0031573436952297513,0.0007296112632273151,0.0028648813859810775,0.002765217952286656,3300.7591603974415,10310.71855696915,30435.15653288029,22672.01962689374,19961.74262708346,32538.685671359242,1.1696524310409078,0.0,12576.741074629059,1763.8288019699132,0.0,3327.6157679618213,0.0,0.0,0.0,0.0,0.0,0.0,0.0011570494284719294,0.004539088548747168,0.0043467676036812505,0.004406416230414387,0.1601599737632849,0.0014768454298750612,0.003299620208164284,0.0014021664583821361,0.008982400064792588,0.004017872365141068,0.028678619654882876,0.3783183612954773,0.00042859739074924103,0.004716245511932772,0.004656383149764707,0.0020730174108106697,0.09071701565115113,0.000750302868085587,0.001850530820004237,0.0006361949418939341,0.005294653421408093,0.004232808044498599,0.01817716453343219,0.21131470454818926
2026-09-13 15:15:19.448999882,2641.704201680673,15984.363025210083,15642.302521008407,15650.318217456897,561146.2699159663,4624.569075630252,11405.937478991598,3921.253109243698,32634.142184873952,14193.45075630252,100947.95697478991,1330197.9216806723,0.0029890730590151904,0.0027500083100080006,0.0031541713275734374,0.0007296112632273151,0.0028648813859810775,0.002772317451130751,3300.7591603974415,10475.424154270426,31267.913573319376,22672.01962689374,19961.74262708346,32584.2137231096,1.1696524310409078,0.0,12838.136745535949,1763.8288019699132,0.0,3414.642991800252,0.0,0.0,0.0,0.0,0.0,0.0,0.0011589452678359641,0.004546489612472658,0.004353889989097918,0.00441659369254674,0.16042021891577973,0.0014792652588224296,0.0033049725826231587,0.0014044639249391538,0.008997024056622652,0.0040244318776683,0.02872833840221623,0.37893324862809274,0.00042859739074924103,0.004716245511932772,0.004656307919327732,0.0020706623184166342,0.09088124263614444,0.000750302868085587,0.001850530820004237,0.0006361949418939341,0.005294653421408093,0.0042398991509243695,0.01820857339541841,0.21169204095365557
2026-09-13 15:15:34.448999882,2629.488403361345,15982.121344537816,15642.302521008407,15716.40710160324,561115.0255462184,4630.513613445379,11402.373781512606,3904.98050420168,32633.062184873947,14193.45075630252,100987.63563025209,1330260.2077310926,0.0029890730590151904,0.0027500083100080006,0.00315373654836156,0.0007232662854071103,0.0028696490960049463,0.002772317451130751,3300.7591603974415,10475.424154270426,31272.612449314085,21385.650433771512,20384.353311221876,32584.2137231096,1.1696524310409078,0.0,12858.46367718366,1814.2374117153283,0.0,3414.642991800252,0.0,0.0,0.0,0.0,0.0,0.0,0.0011608411071999992,0.0045538906761981475,0.004361012374514583,0.004426771154679094,0.16068046406827458,0.0014816850877697977,0.0033103249570820333,0.0014067613914961708,0.009011648048452716,0.004030991390195533,0.028778057149549587,0.3795481359607081,0.00042800509279288196,0.004723959911193278,0.004656307919327732,0.0020794064065665727,0.09100736419601073,0.0007537144511715275,0.0018559785402273848,0.0006356185259911021,0.005311724056549678,0.0042398991509243695,0.018236151689061578,0.2120785514972345
2026-09-13 15:15:49.448999882,2629.488403361345,15982.121344537816,15627.86319327731,15663.891363227012,561099.9206722688,4630.513613445379,11402.373781512606,3904.98050420168,32633.062184873947,14197.616470588237,100974.57579831932,1330222.1475630251,0.0029890730590151904,0.0027500083100080006,0.0031533017691496826,0.0007232662854071103,0.0028696490960049463,0.0027627673183966573,3300.7591603974415,10475.424154270426,31277.311325308794,21385.650433771512,20384.353311221876,32296.833147104466,1.1696524310409078,0.0,12878.790608831368,1814.2374117153283,0.0,3336.637689074445,0.0,0.0,0.0,0.0,0.0,0.0,0.0011627369465640343,0.004561291739923637,0.00436813475993125,0.004436948616811446,0.16094070922076942,0.0014841049167171663,0.0033156773315409075,0.0014090588580531888,0.009026272040282784,0.004037550902722767,0.028827775896882943,0.38016302329332347,0.00042800509279288196,0.004723959911193278,0.004660199863747898,0.0020766650928040423,0.0911688871519415,0.0007537144511715275,0.0018559785402273848,0.0006356185259911021,0.005311724056549678,0.004248584145058824,0.018266463100462264,0.2123952728714265
2026-09-13 15:16:04.448999882,2621.4383193277313,15992.854789915966,15627.86319327731,15729.984923467975,561108.5394957983,4640.793277310926,11405.39899159664,3893.1973109243695,32672.634957983195,14197.616470588237,101040.5949579832,1330025.7357983193,0.002941562649962645,0.0027500083100080006,0.0031038604217934543,0.0007254837963521401,0.0028696490960049463,0.002751960202744746,3267.9297976164617,10475.424154270426,30790.783778531462,20912.247281417145,20384.353311221876,32496.8155315325,1.1580190636486398,0.0,12676.155148845963,1773.9779504943333,0.0,3336.637689074445,0.0,0.0,0.0,0.0,0.0,0.0,0.0011605224761075507,0.004568621496733333,0.004372403936718518,0.004435887866474527,0.16119835498054105,0.0014874527088789133,0.003321041313057032,0.0014105465475707088,0.009044991029534126,0.004045602124276624,0.028869727870784935,0.38082890444766193,0.00042808014324977045,0.004735513919691876,0.004660199863747898,0.0020854275507545465,0.09130146782933365,0.0007578402422427796,0.0018624984605380974,0.0006357580303424897,0.005335432136640068,0.004248584145058824,0.01829883800425626,0.2127404437553849
2026-09-13 15:16:19.448999882,2621.4383193277313,15992.854789915966,15612.749243697477,15670.367192315687,561069.2117647058,4640.793277310926,11405.39899159664,3893.1973109243695,32672.634957983195,14184.952941176472,101002.27159663866,1330459.0638655461,0.00299138310247412,0.0027500083100080006,0.0031488871527500855,0.0007254837963521401,0.0028698604435573936,0.00276997660805163,3323.277842403151,10475.424154270426,30401.62412137918,20912.247281417145,20078.380731632333,32622.608686998075,1.1776321199160706,0.0,12516.657229444025,1773.9779504943333,0.0,3336.637689074445,0.0,0.0,0.0,0.0,0.0,0.0,0.0011624116248003613,0.004576022444785281,0.004379521677459259,0.0044460254012041135,0.1614585959358406,0.001489874048748194,0.0033263937060677854,0.0014128426962635192,0.009059621665897763,0.004052164057177058,0.028919426463158232,0.38144387439459315,0.00042808014324977045,0.004735513919691876,0.00466387514907563,0.002081713398501782,0.09145903241349222,0.0007578402422427796,0.0018624984605380974,0.0006357580303424897,0.005335432136640068,0.004252228596862745,0.018324576188389202,0.21313260215904453
2026-09-13 15:16:34.448999882,2614.5166386554624,15974.863865546218,15612.749243697477,15736.490603029973,561036.2944537814,4647.975126050421,11396.329411764704,3875.3697478991603,32658.129075630255,14184.952941176472,101019.72100840336,1330188.0443697479,0.00299138310247412,0.0027500083100080006,0.0031484316160335655,0.0007254837963521401,0.0028698604435573936,0.002768244608420375,3323.277842403151,10475.424154270426,30401.216452439898,20912.247281417145,20078.380731632333,32649.775068253723,1.1776321199160706,0.0,12534.660272202835,1773.9779504943333,0.0,3336.6677467744717,0.0,0.0,0.0,0.0,0.0,0.0,0.0011643007734931717,0.00458342339283723,0.0043866394182,0.004456162935933701,0.16171883689114014,0.001492295388617475,0.003331746099078537,0.0014151388449563295,0.0090742523022614,0.00405872599007749,0.028969125055531526,0.3820588443415245,0.0004283315494103524,0.004738558785658263,0.00466387514907563,0.002090497493242463,0.09158482999294991,0.0007614693889979522,0.001867040110726643,0.0006348948421721631,0.005350322434743308,0.004252228596862745,0.018348169699863276,0.21346576395809105
2026-09-13 15:16:49.448999882,2614.5166386554624,15974.863865546218,15604.635630252102,15680.613257066221,560986.1425210084,4647.975126050421,11396.329411764704,3875.3697478991603,32658.129075630255,14177.907226890757,100975.75865546218,1329884.7942857144,0.00299138310247412,0.0027527390500167634,0.003147976079317046,0.0007254837963521401,0.0028244166793813183,0.0027478743612292227,3323.277842403151,10449.078151140167,30400.80878350061,20912.247281417145,20384.868225404298,32702.197730616004,1.1776321199160706,0.0,12552.663314961643,1773.9779504943333,0.0,3377.603638208415,0.0,0.0,0.0,0.0,0.0,0.0,0.001166189922185982,0.004590824340889177,0.004393757158940741,0.004466300470663286,0.1619790778464397,0.0014947167284867563,0.0033370984920892905,0.00141743499364914,0.009088882938625037,0.004065287922977923,0.02901882364790482,0.38267381428845576,0.0004283315494103524,0.004738558785658263,0.0046696294174061615,0.002087248227629175,0.09174058264704257,0.0007614693889979522,0.001867040110726643,0.0006348948421721631,0.005350322434743308,0.004257546774084034,0.018372854949343563,0.21373980633298667
2026-09-13 15:17:04.448999882,2607.852100840335,16002.114957983196,15604.635630252102,15746.7752217721,560998.7425210084,4665.53949579832,11395.397647058826,3867.277310924369,32668.992605042004,14177.907226890757,101043.57176470588,1329634.2494117648,0.00299138310247412,0.0027527390500167634,0.0031550245733370256,0.0007254837963521401,0.0028749667654290956,0.0027639359849744105,3323.277842403151,10449.078151140167,31109.46613782629,20912.247281417145,20749.707043412025,32818.91065691559,1.1776321199160706,0.0,12789.146893424248,1773.9779504943333,0.0,3440.317977183065,0.0,0.0,0.0,0.0,0.0,0.0,0.0011638468382407423,0.004599125259047957,0.004399214101184309,0.004466480827081066,0.16223711714434022,0.001497778226040836,0.00334266581862163,0.0014187252600734398,0.009107075771233089,0.004072873272635699,0.02905985177155723,0.38325109271906266,0.00042861790280347413,0.004755028459764706,0.0046696294174061615,0.0020960550543332635,0.09187379778230356,0.0007668125632935527,0.0018729096790113696,0.0006356128440081914,0.005369367032955297,0.004257546774084034,0.018405626290188007,0.21407595955341632
2026-09-13 15:17:19.448999882,2607.852100840335,16002.114957983196,15594.95193277311,15675.496376459763,560910.3519327731,4665.53949579832,11395.397647058826,3867.277310924369,32668.992605042004,14165.201344537814,100978.4631932773,1329914.271932773,0.00299138310247412,0.0027527390500167634,0.0031544745867130063,0.0007269297883771152,0.0028749667654290956,0.0027639359849744105,3323.277842403151,10449.078151140167,31098.710875329434,22787.005796275585,20749.707043412025,32818.91065691559,1.1776321199160706,0.0,12803.961585736302,1772.0517171236072,0.0,3440.317977183065,0.0,0.0,0.0,0.0,0.0,0.0,0.0011657291423532966,0.0046065276579726885,0.004406329155837988,0.004476586123112813,0.1624973545706464,0.0015002006015819613,0.003348018555801117,0.001421019782259587,0.00912171215026535,0.004079436855431397,0.029109527932104518,0.38386600235758284,0.00042861790280347413,0.004755028459764706,0.004674904516795518,0.002090720790386344,0.092023239627986,0.0007668125632935527,0.0018729096790113696,0.0006356128440081914,0.005369367032955297,0.0042611548829803916,0.018426437404450588,0.21444375865972964
2026-09-13 15:17:34.448999882,2601.92268907563,15996.993277310923,15594.95193277311,15741.674928785345,560866.0719327731,4682.411092436974,11387.755966386556,3863.7650420168075,32619.37915966387,14165.201344537814,100993.86151260504,1329754.4924369745,0.0029432943284030772,0.0027527390500167634,0.003156175150109918,0.0007269297883771152,0.0028749667654290956,0.0027632452527352183,3269.8536062341195,10449.078151140167,33099.26779627339,22787.005796275585,20749.707043412025,32470.436318403245,1.158700781798058,0.0,12493.912659668342,1772.0517171236072,0.0,3346.2236182770303,0.0,0.0,0.0,0.0,0.0,0.0,0.0011676114464658507,0.0046139300568974195,0.004413444210491667,0.0044866914191445595,0.16275759199695258,0.001502622977123087,0.003353371292980604,0.0014233143044457344,0.009136348529297606,0.004086000438227097,0.02915920409265182,0.38448091199610296,0.0004290184234446719,0.004761890161792716,0.004674904516795518,0.002099547360971537,0.09214709861244448,0.0007720600743563306,0.0018776718969338324,0.0006370774942108609,0.005378451358135725,0.0042611548829803916,0.018449669754060684,0.2147944497764197
2026-09-13 15:17:49.448999882,2601.92268907563,15996.993277310923,15590.492773109243,15665.476062210259,560816.6581512605,4682.411092436974,11387.755966386556,3863.7650420168075,32619.37915966387,14158.125378151259,100935.2087394958,1329653.701512605,0.002988380285222835,0.0027527390500167634,0.0031556379663854783,0.0007269297883771152,0.0028306920929487465,0.0027610899948646195,3221.357043563758,10449.078151140167,33099.7696905621,22787.005796275585,20430.160224834053,32400.504054788427,1.141515607216073,0.0,12506.910615701205,1772.0517171236072,0.0,3346.2236182770303,0.0,0.0,0.0,0.0,0.0,0.0,0.0011694937505784043,0.0046213324558221506,0.004420559265145347,0.004496796715176305,0.16301782942325876,0.001505045352664212,0.003358724030160091,0.001425608826631881,0.009150984908329864,0.004092564021022795,0.02920888025319911,0.3850958216346231,0.0004290184234446719,0.004761890161792716,0.0046817383659159655,0.002093516814869265,0.09230287024931179,0.0007720600743563306,0.0018776718969338324,0.0006370774942108609,0.005378451358135725,0.0042664462077030806,0.018471611994509446,0.21510082030900587
2026-09-13 15:18:04.448999882,2597.0157983193285,16013.299159663862,15590.492773109243,15731.665424279223,560845.839327731,4696.212100840335,11382.97613445378,3862.573109243696,32609.541176470593,14158.125378151259,100983.57579831933,1329632.1952941176,0.0029855730388730355,0.0027527390500167634,0.0031551007826610394,0.0007269297883771152,0.002875505711223043,0.002763312987682375,3312.7391107094945,10449.078151140167,33100.27158485081,22787.005796275585,23472.046900876805,32599.482826654003,1.1738976295923085,0.0,12519.908571734068,1772.0517171236072,0.0,3346.2261046976732,0.0,0.0,0.0,0.0,0.0,0.0,0.001167135608092015,0.004629318518996046,0.004425803530325807,0.004496333777327535,0.16327050164023527,0.0015081706298764419,0.0033628589091131388,0.00142685082645609,0.009167814230546325,0.004099128985787712,0.02924772961712758,0.38568995514418525,0.00042958181587176046,0.00477513615515406,0.0046817383659159655,0.002102362287672426,0.09243879193182342,0.0007768175008036151,0.0018828994267297504,0.0006389222473271658,0.005394062647750866,0.0042664462077030806,0.018500883792452644,0.21547376155081369
2026-09-13 15:18:19.448999882,2597.0157983193285,16013.299159663862,15586.33008403361,15656.363269510963,560821.0235294118,4696.212100840335,11382.97613445378,3862.573109243696,32609.541176470593,14158.579159663868,100950.97008403362,1329878.4352941175,0.0029855730388730355,0.0027527390500167634,0.003156402544723896,0.0007269297883771152,0.002875505711223043,0.0027620151270962767,3312.7391107094945,10449.078151140167,31112.75707406434,22787.005796275585,23472.046900876805,32521.602111038734,1.1738976295923085,0.0,9939.17332739364,1772.0517171236072,0.0,3346.2261046976732,0.0,0.0,0.0,0.0,0.0,0.0,0.0011690110984145959,0.004636721852863568,0.004432915578712903,0.004506403346740135,0.16353072699773635,0.001510594135252786,0.003368209707945411,0.001429143657638886,0.009182454122106153,0.004105692570723611,0.029297380151645975,0.3863048316256248,0.00042958181587176046,0.00477513615515406,0.004688656725019606,0.002096410675495992,0.09259859309916903,0.0007768175008036151,0.0018828994267297504,0.0006389222473271658,0.005394062647750866,0.004274003095663866,0.018527572295005425,0.2158363717779761
2026-09-13 15:18:34.448999882,2594.3838655462177,16009.795966386553,15586.33008403361,15722.561729738234,560796.6826890756,4696.674957983194,11392.581176470589,3851.531092436975,32544.19663865546,14158.579159663868,100940.74184873949,1329727.6376470588,0.0029855730388730355,0.0027567722727939617,0.003155822840749452,0.0007353787329313774,0.002875505711223043,0.0027621745695255613,3312.7391107094945,10374.205016889357,31144.963854495196,23534.143399731372,23472.046900876805,32060.969207036294,1.1738976295923085,0.0,9993.667045354763,1830.2468060335377,0.0,3284.0095078814825,0.0,0.0,0.0,0.0,0.0,0.0,0.0011708865887371765,0.0046441251867310905,0.0044400276271000004,0.004516472916152735,0.16379095235523744,0.00151301764062913,0.0033735605067776817,0.0014314364888216814,0.009197094013665984,0.004112256155659508,0.02934703068616438,0.3869197081070643,0.00043051753325895045,0.00478248182840336,0.004688656725019606,0.002105274749248809,0.09272568148237356,0.0007793761533451027,0.001890508960790905,0.0006391311968928749,0.0054004526642468745,0.004274003095663866,0.01854610684271912,0.2161883450154416
2026-09-13 15:18:49.448999882,2594.3838655462177,16009.795966386553,15601.801008403363,15659.064437434616,560822.3425210085,4696.674957983194,11392.581176470589,3851.531092436975,32544.19663865546,14158.455126050421,100937.94957983193,1329759.8107563024,0.0029855730388730355,0.0027567722727939617,0.0031552431367750074,0.0007239018549780676,0.0028830991402850597,0.002761067597882628,3312.7391107094945,10374.205016889357,31177.17063492605,23166.851717991085,20614.724668507064,30627.9662574392,1.1738976295923085,0.0,10048.160763315886,1801.682586976577,0.0,3341.6242637601026,0.0,0.0,0.0,0.0,0.0,0.0,0.0011727620790597572,0.004651528520598611,0.004447139675487096,0.004526542485565334,0.16405117771273856,0.0015154411460054742,0.003378911305609954,0.0014337293200044772,0.00921173390522581,0.004118819740595406,0.029396681220682775,0.38753458458850376,0.00043051753325895045,0.00478248182840336,0.004701487164985994,0.0021008664821541905,0.09289381594245852,0.0007793761533451027,0.001890508960790905,0.0006391311968928749,0.0054004526642468745,0.004281385733310923,0.018578251692204596,0.2165162527279284
2026-09-13 15:19:04.448999882,2593.666890756302,16027.575126050422,15601.801008403363,15725.238454288548,560836.5700840337,4697.621848739497,11405.2356302521,3840.0443697478977,32530.165714285708,14158.455126050421,100946.77411764704,1330041.134117647,0.0029855730388730355,0.0027567722727939617,0.003154663432800563,0.0007312502249533779,0.0028830991402850597,0.002761067597882628,3312.7391107094945,10374.205016889357,31209.377415356903,22778.972081408894,20614.724668507064,30627.9662574392,1.1738976295923085,0.0,10102.654481277006,1771.42696816134,0.0,3341.6242637601026,0.0,0.0,0.0,0.0,0.0,0.0,0.0011709190729848771,0.004660680020319427,0.004454434868575427,0.004525357170441201,0.16431431905488547,0.0015176897827420734,0.003385173635892988,0.0014341614403890507,0.009225142014180126,0.004124939445714331,0.02943679964286915,0.3881611520598266,0.00043176925299060793,0.004796192495081233,0.004701487164985994,0.002109744584326475,0.09302728926255098,0.0007820158724666339,0.0018986362843302024,0.0006392544450815616,0.005415315821848738,0.004281385733310923,0.01860028886245659,0.2169385949228583
2026-09-13 15:19:19.448999882,2593.666890756302,16027.575126050422,15586.544873949575,15673.564723829058,560852.4282352941,4697.621848739497,11405.2356302521,3840.0443697478977,32530.165714285708,14170.534789915971,100952.74890756301,1330691.0853781512,0.002988112677348816,0.0027567722727939617,0.0030969539773139185,0.0007312502249533778,0.0028830991402850597,0.0027612437656072673,3233.884451049601,10374.205016889357,30641.36969012072,22778.97208140889,20614.724668507064,30543.231635019416,1.145954801931113,0.0,9915.38676586414,1771.4269681613396,0.0,3341.6242637601026,0.0,0.0,0.0,0.0,0.0,0.0,0.0011727886264036808,0.0046680861365614645,0.004461547209387393,0.00453538728723413,0.1645745489972751,0.0015201130092377998,0.003390525876399318,0.001436451300965974,0.009239779945178002,0.004131502324164436,0.02948642778540623,0.3887760470494359,0.00043176925299060793,0.004796192495081233,0.004705058345949578,0.002106891618347993,0.09319382018439534,0.0007820158724666339,0.0018986362843302024,0.0006392544450815616,0.005415315821848738,0.004292464921714287,0.018634052436155093,0.21736750927579646
2026-09-13 15:19:34.448999882,2593.158655462184,16037.646050420164,15586.544873949575,15739.755340495727,560830.465210084,4698.323697478992,11403.602016806724,3830.542184873949,32493.357983193284,14170.534789915971,100962.9468907563,1330242.7764705883,0.002984108586593564,0.0027567722727939617,0.0031600177836713936,0.0007312502249533778,0.0028384420291612486,0.002759811387599408,3314.521177224573,10374.205016889357,30231.917099334234,22778.97208140889,20295.41755990126,28909.638774834304,1.1745291202071484,0.0,9791.98374584174,1771.4269681613396,0.0,3341.659155812519,0.0,0.0,0.0,0.0,0.0,0.0,0.001174658179822484,0.004675492252803504,0.00446865955019936,0.004545417404027059,0.16483477893966472,0.0015225362357335261,0.0033958781169056464,0.0014387411615428968,0.00925441787617588,0.004138065202614544,0.0295360559279433,0.38939094203904534,0.000433055074212273,0.00480761109640336,0.004705058345949578,0.0021157891766205076,0.09332128596659021,0.0007846156706221311,0.001904390889185792,0.0006396969682706022,0.0054263604439234525,0.004292464921714287,0.0186563510295554,0.21767087151536973
2026-09-13 15:19:49.448999882,2593.158655462184,16037.646050420164,15596.999999999998,15680.745264402327,560877.5556302521,4698.323697478992,11403.602016806724,3830.542184873949,32493.357983193284,14191.650756302522,100996.73848739495,1330871.9596638656,0.002984108586593564,0.0027567722727939617,0.0031594735220893374,0.0007312502249533778,0.00288528899038988,0.0027481347392383105,3314.521177224573,10374.205016889357,30258.52450600357,22778.97208140889,19960.547603850067,27343.756035736358,1.1745291202071484,0.0,9844.222082412043,1771.4269681613396,0.0,3392.5770820034027,0.0,0.0,0.0,0.0,0.0,0.0,0.0011765277332412875,0.004682898369045541,0.0044757718910113245,0.004555447520819988,0.1650950088820543,0.0015249594622292527,0.0034012303574119753,0.00144103102211982,0.009269055807173755,0.004144628081064649,0.029585684070480386,0.39000583702865466,0.000433055074212273,0.00480761109640336,0.004716388383333333,0.002111920393663437,0.09349302957250445,0.0007846156706221311,0.001904390889185792,0.0006396969682706022,0.0054263604439234525,0.004306298736991596,0.018695272081754383,0.2180967731472539
2026-09-13 15:20:04.448999882,2592.105882352941,16050.615126050425,15596.999999999998,15746.944846819908,560904.5072268908,4699.706218487394,11412.11798319328,3818.389915966386,32496.994285714278,14191.650756302522,101012.73579831932,1330737.661512605,0.002984108586593564,0.002757671885952056,0.0030952230905793533,0.0007312502249533778,0.002889700093477876,0.002758449705307643,3314.521177224573,10725.75030344853,30718.699322612316,22778.97208140889,20399.171882265146,27331.111021589353,1.1745291202071484,0.0,9888.010277447233,1771.4269681613396,0.0,3367.0996390421506,0.0,0.0,0.0,0.0,0.0,0.0,0.001175031921728619,0.004691897417126477,0.004483598805587897,0.0045552071633240265,0.16536005664960873,0.001526682015815518,0.003406584251700449,0.0014412740856586097,0.009284929911016924,0.004152805925419833,0.029630785054474723,0.39061670361729184,0.00043424913316856146,0.004819910552268909,0.004716388383333333,0.0021208363122503606,0.09362865472059478,0.0007873302419546639,0.0019118441015690982,0.0006396854859967515,0.005444141651476588,0.004306298736991596,0.018718659605015425,0.21845149833033867
2026-09-13 15:20:19.448999882,2592.105882352941,16050.615126050425,15598.22218487395,15712.069642721191,560952.2843697479,4699.706218487394,11412.11798319328,3818.389915966386,32496.994285714278,14210.001680672269,101031.65848739495,1331389.3280672268,0.0029827642837454683,0.0027126573289462056,0.0031553573472929406,0.0007174799521535195,0.002889700093477876,0.002757820311310166,3247.7402057788804,10550.669685292098,31274.149849000227,22953.886384593203,20399.171882265146,27171.293958911447,1.150864707930149,0.0,9940.401019658078,1784.3927979057173,0.0,3367.0996390421506,0.0,0.0,0.0,0.0,0.0,0.0,0.0011768961361659864,0.004699306052675001,0.004490712280110191,0.004565203458910023,0.16562029415101853,0.0015291041309959856,0.0034119364948870315,0.0014435606992467204,0.00929956979709287,0.004159371357909283,0.029680400301440785,0.39123159238011923,0.00043424913316856146,0.004819910552268909,0.004724932584571429,0.0021201929207952776,0.09380055956622535,0.0007873302419546639,0.0019118441015690982,0.0006396854859967515,0.005444141651476588,0.0043193142145658255,0.018754854365898018,0.21888154713281846
2026-09-13 15:20:34.448999882,2590.8594957983205,16022.181176470589,15598.22218487395,15778.408789460324,560909.1206722689,4702.985546218487,11406.118991596637,3807.865210084034,32470.56605042017,14210.001680672269,101009.10857142856,1331228.0631932772,0.0029827642837454683,0.0027560550885867667,0.0031548469576479408,0.0007174799521535195,0.002889700093477876,0.002757820311310166,3247.7402057788804,10384.802545067481,31282.88456717731,22953.886384593203,20399.171882265146,27171.293958911447,1.150864707930149,0.0,9992.79176186892,1784.3927979057173,0.0,3367.0996390421506,0.0,0.0,0.0,0.0,0.0,0.0,0.0011787603506033537,0.004706714688223524,0.004497825754632484,0.00457519975449602,0.16588053165242833,0.0015315262461764526,0.0034172887380736145,0.0014458473128348306,0.00931420968316882,0.004165936790398735,0.029730015548406846,0.3918464811429466,0.0004354095414843586,0.0048197688049411765,0.004724932584571429,0.002129144751616182,0.09392447552570678,0.0007903650443443258,0.0019168669888510689,0.0006399346810761951,0.005456874175801144,0.0043193142145658255,0.018771093912062463,0.21923190718834099
2026-09-13 15:20:49.448999882,2590.8594957983205,16022.181176470589,15579.859159663867,15722.55419037853,560922.0625210084,4702.985546218487,11406.118991596637,3807.865210084034,32470.56605042017,14223.639327731093,100996.1606722689,1331816.838655462,0.0029827642837454683,0.0027560550885867667,0.0031543365680029413,0.0007174799521535195,0.002889700093477876,0.002757820311310166,3247.7402057788804,10384.802545067481,31291.619285354398,22953.886384593203,20399.171882265146,27171.293958911447,1.150864707930149,0.0,10045.182504079767,1784.3927979057173,0.0,3367.0996390421506,0.0,0.0,0.0,0.0,0.0,0.0,0.0011806245650407207,0.004714123323772048,0.004504939229154777,0.004585196050082017,0.1661407691538381,0.0015339483613569195,0.0034226409812601966,0.001448133926422941,0.009328849569244768,0.004172502222888187,0.029779630795372904,0.392461369905774,0.0004354095414843586,0.0048197688049411765,0.004727535152453781,0.002125646229963814,0.09409056348620161,0.0007903650443443258,0.0019168669888510689,0.0006399346810761951,0.005456874175801144,0.004330913794784313,0.01880136444495468,0.21965204519535028
2026-09-13 15:21:04.448999882,2588.6541176470587,16014.863193277308,15579.859159663867,15788.968093604337,560922.4921008403,4705.3149579831925,11408.735798319325,3812.7448739495803,32504.959663865546,14223.639327731093,101001.69983193275,1331395.7505882352,0.00297907936401774,0.0027560550885867667,0.0031040484568354895,0.0007174799521535195,0.002889700093477876,0.0027576020640626116,3332.2739779103636,10384.802545067481,30800.337890959727,22953.886384593203,20399.171882265146,26885.795665107915,1.1808199779980026,0.0,9896.170896057347,1784.3927979057173,0.0,3307.222153228895,0.0,0.0,0.0,0.0,0.0,0.0,0.001178992039422095,0.004720068098387945,0.004513605762085443,0.0045890317885567645,0.16640648128567115,0.0015355478237036955,0.0034277095556200427,0.0014483450098702576,0.009345229993125754,0.0041810258510808175,0.029823505158711173,0.39308970990355624,0.0004364069613049925,0.00482596039467787,0.004727535152453781,0.002134625207634981,0.09422177231934771,0.0007932431717308097,0.0019233360255179709,0.0006427696899823457,0.005479832387627992,0.004330913794784313,0.01882281967697457,0.21995951617667486
2026-09-13 15:21:19.448999882,2588.6541176470587,16014.863193277308,15559.336134453777,15740.159689887394,560886.0594957983,4705.3149579831925,11408.735798319325,3812.7448739495803,32504.959663865546,14222.988907563025,100995.27126050419,1331854.2121008402,0.00297907936401774,0.0027560550885867667,0.003149974857991938,0.0007174799521535195,0.0028905953385623168,0.0027587031448917513,3332.2739779103636,10384.802545067481,30370.200545109103,22953.886384593203,20295.845171349894,26927.76808933026,1.1808199779980026,0.0,9771.320501885031,1784.3927979057173,0.0,3307.222153228895,0.0,0.0,0.0,0.0,0.0,0.0,0.0011808507414263144,0.004727474433293606,0.004520721685081223,0.0045990164547338105,0.16666672735320917,0.0015379686422690966,0.0034330613556200424,0.0014506283516424094,0.009359872614719045,0.00418759436103889,0.02987310744868192,0.3937046199831553,0.0004364069613049925,0.00482596039467787,0.004729461913165263,0.0021320517159430373,0.09437956282044985,0.0007932431717308097,0.0019233360255179709,0.0006427696899823457,0.005479832387627992,0.004338169650016806,0.018854298065765187,0.2203584436759391
2026-09-13 15:21:34.448999882,2585.762016806723,15990.467899159665,15559.336134453777,15806.651482440588,560837.8194957983,4709.2053781512595,11406.509243697477,3815.921344537815,32510.94050420168,14222.988907563025,100985.44235294117,1331296.0305882352,0.00297907936401774,0.0027560550885867667,0.003149446956796094,0.0007267618239350553,0.0028905953385623168,0.0027443595981865828,3332.2739779103636,10384.802545067481,30374.076850359146,22431.894814782576,20295.845171349894,27459.355455326044,1.1808199779980026,0.0,9821.751904800201,1743.8141358817224,0.0,3393.855733021929,0.0,0.0,0.0,0.0,0.0,0.0,0.001182709443430534,0.004734880768199265,0.004527837608077004,0.0046090011209108574,0.16692697342074717,0.0015403894608344972,0.003438413155620042,0.0014529116934145613,0.009374515236312336,0.004194162870996961,0.029922709738652655,0.3943195300627544,0.0004372859164183321,0.004826989243159663,0.004729461913165263,0.002141058228151439,0.09450256251768017,0.0007963877479838993,0.0019289887527716967,0.0006453218243909327,0.0054980219833062624,0.004338169650016806,0.01887288393554303,0.2206429825992449
2026-09-13 15:21:49.448999882,2585.762016806723,15990.467899159665,15532.968403361343,15757.222117592322,560798.3647058824,4709.2053781512595,11406.509243697477,3815.921344537815,32510.94050420168,14228.340504201684,100970.43428571429,1331646.661512605,0.00297907936401774,0.0027586421152063396,0.0031489190556002497,0.0007247184824954498,0.0028905953385623168,0.002752875347127918,3332.2739779103636,10704.164975693915,30377.95315560919,22996.894734147543,20295.845171349894,27431.55047899946,1.1808199779980026,0.0,9872.183307715375,1787.7361876876796,0.0,3393.837874976761,0.0,0.0,0.0,0.0,0.0,0.0,0.0011845681454347532,0.004742287103104925,0.004534953531072785,0.004618985787087904,0.16718721948828516,0.0015428102793998981,0.003443764955620042,0.0014551950351867132,0.009389157857905627,0.0042007313809550315,0.029972312028623396,0.3949344401423534,0.0004372859164183321,0.004826989243159663,0.004729587525529411,0.002138374833104371,0.09465979898132516,0.0007963877479838993,0.0019289887527716967,0.0006453218243909327,0.0054980219833062624,0.0043472586508291325,0.018902747510871842,0.22102422942106578
2026-09-13 15:22:04.448999882,2580.655462184874,15977.035966386555,15532.968403361343,15823.768543908112,560794.5680672269,4708.769747899159,11413.917983193274,3821.1579831932763,32546.359663865544,14228.340504201684,100962.69579831933,1331305.5539495798,0.00298256686315721,0.0027603579447207124,0.0031503778010546876,0.0007247184824954498,0.0028905953385623168,0.0027498790787904674,3242.9656329457935,10434.526463373488,31153.406600203165,22996.894734147543,20295.845171349894,27056.11026430126,1.1487657219078262,0.0,9922.614710630547,1787.7361876876796,0.0,3330.6912225197293,0.0,0.0,0.0,0.0,0.0,0.0,0.0011828419206525703,0.004748388159090312,0.004541981779966142,0.0046213011480952535,0.16744681169027306,0.0015448335242314014,0.0034502621440446165,0.0014556789833086085,0.009406639232717352,0.004209187420428854,0.030016535768245107,0.39552164764767944,0.00043778615154297013,0.004831307740717086,0.004729587525529411,0.0021474056890639277,0.09479026499600762,0.0007988025587458511,0.0019362736719836164,0.0006482268061012639,0.005521211859840406,0.0043472586508291325,0.018921714962375633,0.22134450710069914
2026-09-13 15:22:19.448999882,2580.655462184874,15977.035966386555,15493.056806722692,15768.577872523634,560729.4534453782,4708.769747899159,11413.917983193274,3821.1579831932763,32546.359663865544,14210.512941176472,100902.63025210083,1331699.76605042,0.00298256686315721,0.0027603579447207124,0.0031498354711807413,0.0007247184824954498,0.002891496950636344,0.0027498790787904674,3242.9656329457935,10434.526463373488,31141.27072495645,22996.894734147543,20669.47113685482,27056.11026430126,1.1487657219078262,0.0,9973.04611354572,1787.7361876876796,0.0,3330.6912225197293,0.0,0.0,0.0,0.0,0.0,0.0,0.0011846950066064488,0.004755792455444479,0.004549097565605555,0.004631265941215821,0.16770705675557454,0.0015472537202481731,0.003455615721684368,0.0014579595063694056,0.009421286287925684,0.004215758878241354,0.03006612598462241,0.3961365148703502,0.00043778615154297013,0.004831307740717086,0.004725554471126051,0.0021439131764984676,0.09494312332437975,0.0007988025587458511,0.0019362736719836164,0.0006482268061012639,0.005521211859840406,0.004349259064470587,0.018943104355178465,0.22173319701647315
2026-09-13 15:22:34.448999882,2576.217478991596,15964.39361344538,15493.056806722692,15835.120450648637,560706.7552941176,4712.517983193277,11416.655798319329,3826.1647058823523,32546.510924369755,14210.512941176472,100911.1068907563,1331245.1102521007,0.0029823143731286437,0.0027603579447207124,0.003145295000721979,0.0007247184824954498,0.002891496950636344,0.002749077773267435,3313.3888267551306,10434.526463373488,33128.273594087186,22996.894734147543,20669.47113685482,26983.883496549024,1.1737119471325295,0.0,9733.850071090375,1787.7361876876796,0.0,3330.7126188546763,0.0,0.0,0.0,0.0,0.0,0.0,0.0011865480925603272,0.004763196751798646,0.004556213351244969,0.004641230734336389,0.16796730182087605,0.0015496739162649445,0.0034609692993241197,0.001460240029430202,0.009435933343134015,0.004222330336053854,0.030115716200999718,0.396751382093021,0.0004383947600197725,0.004835851335047619,0.004725554471126051,0.0021529603785476106,0.0950703663943888,0.0008019288771922887,0.0019427715710133467,0.0006510981979238753,0.005538437636777065,0.004349259064470587,0.018965101476690317,0.222034372020628
2026-09-13 15:22:49.448999882,2576.217478991596,15964.39361344538,15476.079327731088,15768.92842689994,560659.3442016806,4712.517983193277,11416.655798319329,3826.1647058823523,32546.510924369755,14208.008067226892,100879.30285714286,1331348.04302521,0.0029823143731286437,0.0027603579447207124,0.003144732249708325,0.0007247184824954498,0.002891915107063699,0.002749077773267435,3313.3888267551306,10434.526463373488,33126.19901727061,22996.894734147543,20143.595845607393,26983.883496549024,1.1737119471325295,0.0,9782.825340697118,1787.7361876876796,0.0,3330.7126188546763,0.0,0.0,0.0,0.0,0.0,0.0,0.0011884011785142053,0.004770601048152813,0.004563329136884382,0.004651195527456956,0.16822754688617755,0.001552094112281716,0.0034663228769638713,0.0014625205524909984,0.009450580398342349,0.004228901793866355,0.03016530641737702,0.39736624931569187,0.0004383947600197725,0.004835851335047619,0.004728486763338933,0.0021479407524765556,0.09522617169615319,0.0008019288771922887,0.0019427715710133467,0.0006510981979238753,0.005538437636777065,0.004355938473277311,0.018991763173762055,0.22237460224472097
2026-09-13 15:23:04.448999882,2570.18218487395,15966.163361344536,15476.079327731088,15835.439277415404,560698.9078991597,4724.077310924369,11426.717647058827,3831.2470588235296,32601.35798319328,14208.008067226892,100931.79932773109,1331287.6537815125,0.0029823143731286437,0.0027603579447207124,0.003144169498694672,0.0007247184824954498,0.002891915107063699,0.0027445123913356854,3313.3888267551306,10434.526463373488,33124.12444045401,22996.894734147543,20143.595845607393,27554.225549614435,1.1737119471325295,0.0,9831.800610303859,1787.7361876876796,0.0,3416.359777999145,0.0,0.0,0.0,0.0,0.0,0.0,0.0011864109565024167,0.004779461484426604,0.004568890555494374,0.004650023586069073,0.16848419365394288,0.0015539529808758536,0.0034731868592384873,0.0014633224867010254,0.009467609256814079,0.004235350689108385,0.030204671618807955,0.3979411887400748,0.0004387260193037215,0.004844754870184873,0.004728486763338933,0.002157000427454872,0.09536397596493079,0.0008063924984393757,0.0019505225647058824,0.0006539877915966387,0.005565000059543818,0.004355938473277311,0.01902205620827798,0.222741404459512
2026-09-13 15:23:19.448999882,2570.18218487395,15966.163361344536,15454.766722689079,15759.406779660743,560668.8100840336,4724.077310924369,11426.717647058827,3831.2470588235296,32601.35798319328,14205.835966386554,100890.06352941177,1331467.1485714284,0.0029813497453405912,0.0027603579447207124,0.0031452626431401312,0.0007081570394736809,0.002891915107063699,0.0027418404115801343,6479.944099427647,10434.526463373488,30742.397211144147,22921.16210526316,20143.595845607393,27487.841179769595,1.148518982528828,0.0,9880.7758799106,1781.9396491228072,0.0,3416.359777999145,0.0,0.0,0.0,0.0,0.0,0.0,0.0011882580591065833,0.004786868040844824,0.004576003921119374,0.004659950542666295,0.1687444331389485,0.001556372303271687,0.0034785427666458946,0.0014656007080551918,0.009482260008884472,0.0042419219567067295,0.030254239157071802,0.3985559942560788,0.0004387260193037215,0.004844754870184873,0.004730074455170868,0.0021506039555407477,0.09552270374530629,0.0008063924984393757,0.0019505225647058824,0.0006539877915966387,0.005565000059543818,0.004362717453691877,0.01904683288105012,0.22309452750530817
2026-09-13 15:23:34.448999882,2562.9610084033616,15977.16907563025,15454.766722689079,15825.89153986483,560655.5142857142,4729.253445378151,11428.883697478992,3830.545210084034,32586.991260504205,14205.835966386554,100940.12773109243,1331341.5146218487,0.0029813497453405912,0.002761537374017262,0.0031446778143579303,0.0007327175441225983,0.0028939948265082433,0.0027309774148148143,6479.944099427647,10357.351402487173,30796.477133851986,22909.838816946132,20574.21910113812,27493.01159040169,1.148518982528828,0.0,9929.751149517342,1781.0593527260583,0.0,3416.3630987509964,0.0,0.0,0.0,0.0,0.0,0.0,0.0011901051617107502,0.004794274597263044,0.004583117286744375,0.004669877499263517,0.16900467262395413,0.0015587916256675205,0.0034838986740533015,0.0014678789294093587,0.009496910760954866,0.004248493224305073,0.030303806695335653,0.3991707997720828,0.00043884784459854526,0.004856467651988794,0.004730074455170868,0.002159676783615889,0.09565151286133827,0.000809775363050632,0.001956932220334722,0.0006558923462241366,0.005579769192638937,0.004362717453691877,0.019076696017025045,0.22345038111434512
2026-09-13 15:23:49.448999882,2562.9610084033616,15977.16907563025,15442.853445378149,15759.95938793172,560589.6342857142,4729.253445378151,11428.883697478992,3830.545210084034,32586.991260504205,14196.736134453784,100893.6756302521,1331877.3731092436,0.002983996434028812,0.002761537374017262,0.003138113082631038,0.0007327175441225983,0.0028939948265082433,0.0027308177826222244,6671.654946096153,10357.351402487173,30260.40054368941,22909.838816946132,20574.21910113812,27205.702013152448,1.1824982180248411,0.0,9765.059991184151,1781.0593527260583,0.0,3356.2452046549847,0.0,0.0,0.0,0.0,0.0,0.0,0.0011919522643149168,0.0048016811536812625,0.004590230652369375,0.00467980445586074,0.16926491210895978,0.0015612109480633537,0.003489254581460709,0.001470157150763525,0.009511561513025261,0.004255064491903417,0.030353374233599507,0.3997856052880868,0.00043884784459854526,0.004856467651988794,0.004734521485462183,0.0021546224670457373,0.09580409699594263,0.000809775363050632,0.001956932220334722,0.0006558923462241366,0.005579769192638937,0.004367362969243698,0.019100560580483664,0.22386350962882323
2026-09-13 15:24:04.448999882,2556.2904201680676,15983.086386554618,15442.853445378149,15826.476372780207,560598.7734453782,4735.751596638655,11434.9825210084,3832.07294117647,32626.715294117643,14196.736134453784,100950.87932773109,1331768.8225210083,0.002983996434028812,0.002761537374017262,0.00313749847114189,0.0007327175441225983,0.0028939948265082433,0.0027402726430519114,6671.654946096153,10357.351402487173,30311.59998176701,22909.838816946132,20574.21910113812,26930.7116393347,1.1824982180248411,0.0,9812.992380049502,1781.0593527260583,0.0,3308.4742006153992,0.0,0.0,0.0,0.0,0.0,0.0,0.0011899902026219463,0.004810798250352366,0.004595870318738198,0.0046796448003405015,0.16951914585411687,0.0015638823586715843,0.00349524246370162,0.0014707456044535715,0.009529534718849576,0.004260768284101749,0.030397686093969548,0.40044144009502347,0.0004390566039121531,0.0048666426165490185,0.004734521485462183,0.0021637163350226077,0.09593671996022365,0.0008133907620930726,0.0019640196402796405,0.0006581791013346514,0.0056038135185368255,0.004367362969243698,0.0191318038170659,0.2242222895473888
2026-09-13 15:24:19.448999882,2556.2904201680676,15983.086386554618,15423.98218487395,15748.506833548841,560502.608067227,4735.751596638655,11434.9825210084,3832.07294117647,32626.715294117643,14181.392268907563,100881.74117647059,1332433.6426890756,0.002983996434028812,0.002761537374017262,0.0031368838596527427,0.0007327175441225983,0.0028939948265082433,0.0027318416618258836,6671.654946096153,10357.351402487173,30362.799419844618,22909.838816946132,20574.21910113812,26862.96362250798,1.1824982180248411,0.0,9860.924768914856,1781.0593527260583,0.0,3308.4742006153992,0.0,0.0,0.0,0.0,0.0,0.0,0.001191831411731677,0.004818207445311214,0.004602981404141925,0.004689539483550149,0.169779376115844,0.0015663020714045033,0.0035005993399797397,0.0014730212115964287,0.009544190595907187,0.004267338213628498,0.03044724149493616,0.4010563086012626,0.0004390566039121531,0.0048666426165490185,0.004736819180694678,0.0021569798715979265,0.09608406119320796,0.0008133907620930726,0.0019640196402796405,0.0006581791013346514,0.0056038135185368255,0.00437007481317647,0.019151340727732172,0.2246575473173167
2026-09-13 15:24:34.448999882,2548.9996638655466,15998.67226890756,15423.98218487395,15814.99406354884,560517.192605042,4744.98756302521,11430.816806722689,3830.3273949579834,32608.93915966387,14181.392268907563,100940.3092436975,1332534.4396638656,0.002983996434028812,0.002761537374017262,0.003136269248163595,0.0007327175441225983,0.002891496614249773,0.00272940322786385,6671.654946096153,10357.351402487173,30413.998857922215,22909.838816946132,19926.218598887688,27320.88262091507,1.1824982180248411,0.0,9908.857157780207,1781.0593527260583,0.0,3394.6900435676985,0.0,0.0,0.0,0.0,0.0,0.0,0.0011936726208414076,0.0048256166402700605,0.004610092489545651,0.0046994341667597975,0.17003960637757115,0.0015687217841374224,0.003505956216257858,0.0014752968187392859,0.009558846472964802,0.004273908143155247,0.030496796895902786,0.4016711771075017,0.00043915146776640074,0.004879772805042016,0.004736819180694678,0.002166086234400703,0.09621760336528817,0.0008174847107181695,0.0019693450923522348,0.0006599035383828825,0.005617993480844573,0.00437007481317647,0.019182870913544276,0.22505178436159676
2026-09-13 15:24:49.448999882,2548.9996638655466,15998.67226890756,15411.1068907563,15755.808536613195,560541.7996638655,4744.98756302521,11430.816806722689,3830.3273949579834,32608.93915966387,14193.347899159662,100934.83058823529,1332582.1351260503,0.002983996434028812,0.0027602644257520774,0.003137048736116851,0.0007327175441225983,0.002850997715573155,0.0027357063720946347,6671.654946096153,10622.12576756371,31261.646498718383,22909.838816946132,16906.402487521293,27405.87677308196,1.1824982180248411,0.0,9956.789546645563,1781.0593527260583,0.0,3394.714942192592,0.0,0.0,0.0,0.0,0.0,0.0,0.0011955138299511387,0.004833025835228908,0.004617203574949379,0.004709328849969444,0.17029983663929826,0.0015711414968703416,0.003511313092535977,0.001477572425882143,0.009573502350022413,0.004280478072681997,0.030546352296869406,0.4022860456137409,0.00043915146776640074,0.004879772805042016,0.004740941644072828,0.002161887910720743,0.09638563709519601,0.0008174847107181695,0.0019693450923522348,0.0006599035383828825,0.005617993480844573,0.004381197372717087,0.019214486611619442,0.22538320148831603
2026-09-13 15:25:04.448999882,2546.273949579832,16013.323361344539,15411.1068907563,15822.32559106864,560581.7989915966,4748.245714285714,11436.011092436973,3828.6151260504184,32613.55260504202,14193.347899159662,100988.09546218487,1332864.3569747899,0.00292772143121918,0.0027602644257520774,0.003131549400036451,0.0007333308770464702,0.0028987902591669267,0.0027361965329134696,6545.8346211939715,10622.12576756371,30587.52282780302,21561.576187585455,17189.812036916977,27360.809206418107,1.1601975578153088,0.0,9750.072100170779,1827.739432410588,0.0,3394.685997063071,0.0,0.0,0.0,0.0,0.0,0.0,0.0011939697067011306,0.004842111673157362,0.00462398247893323,0.0047091357267040205,0.1705584462762464,0.0015731617531410322,0.003516001794995287,0.00147738635450118,0.009590471360469005,0.0042870542584747436,0.030594613601480847,0.4029900919969003,0.00044002752113551295,0.004892633718638655,0.004740941644072828,0.0021710148568593575,0.09652357213789257,0.0008205553812244897,0.0019762836648089814,0.0006616318811948305,0.005636023849903254,0.004381197372717087,0.019245047709387876,0.2258082698044977
2026-09-13 15:25:19.448999882,2546.273949579832,16013.323361344539,15396.119999999995,15780.724187386555,560583.9075630252,4748.245714285714,11436.011092436973,3828.6151260504184,32613.55260504202,14201.966722689074,100980.60201680672,1333319.0853781512,0.0029811773510508926,0.002760241733632489,0.0031308531379524705,0.0007203843921455274,0.0028987902591669267,0.002735066634914968,6453.392832459045,10302.905442557823,30613.389873941807,21180.920430013404,17189.812036916977,27047.88248559106,1.1438129798757612,0.0,9796.78660410627,1795.4718684701952,0.0,3322.574290558128,0.0,0.0,0.0,0.0,0.0,0.0,0.0011958057103019536,0.004849523438494785,0.004631093053521707,0.00471899830144761,0.17081867409022713,0.0015755808519064642,0.0035213576532269948,0.0014796581765176406,0.00960513078378189,0.004293624197636298,0.030644159546632965,0.4036050966090069,0.00044002752113551295,0.004892633718638655,0.004744399911999999,0.0021692038801875493,0.09668775722322014,0.0008205553812244897,0.0019762836648089814,0.0006616318811948305,0.005636023849903254,0.004391300710532212,0.01927629138263233,0.22620884864232368
2026-09-13 15:25:34.448999882,2545.2060504201686,16009.115294117642,15396.119999999995,15847.358819739497,560580.265210084,4752.841008403362,11431.322016806722,3823.499495798319,32581.331092436983,14201.966722689074,101018.71663865546,1333587.6635294117,0.002983794426566826,0.002760241733632489,0.0031301568758684904,0.0007286649643198212,0.0028987902591669267,0.0027340631403578973,6635.685856862732,10302.905442557823,30639.256920080607,20884.795905304498,17189.812036916977,26955.194788121094,1.17612298065628,0.0,9843.501108041763,1770.2715409373252,0.0,3322.574290558128,0.0,0.0,0.0,0.0,0.0,0.0,0.0011976417139027767,0.004856935203832208,0.004638203628110186,0.0047288608761912,0.17107890190420788,0.0015779999506718965,0.0035267135114587012,0.0014819299985341016,0.009619790207094771,0.004300194136797851,0.03069370549178509,0.4042201012211135,0.00044118806054939624,0.004899737968313724,0.004744399911999999,0.0021783634156650406,0.09681818576743306,0.0008238612768702776,0.001981514537606101,0.0006627684728253652,0.005647674093976415,0.004391300710532212,0.019303994629695474,0.22663195533956643
2026-09-13 15:25:49.448999882,2545.2060504201686,16009.115294117642,15390.777478991595,15803.848647667228,560640.0373109244,4752.841008403362,11431.322016806722,3823.499495798319,32581.331092436983,14231.302184873952,101031.64638655461,1333895.003697479,0.002983794426566826,0.002760241733632489,0.00312946061378451,0.0007286649643198212,0.0028944809593223217,0.0027350328068252256,6635.685856862732,10302.905442557823,30665.123966219402,20884.795905304498,16821.87820302347,28797.18571595172,1.17612298065628,0.0,9890.215611977254,1770.2715409373252,0.0,3322.574290558128,0.0,0.0,0.0,0.0,0.0,0.0,0.0011994777175035997,0.004864346969169632,0.004645314202698662,0.00473872345093479,0.17133912971818865,0.0015804190494373286,0.003532069369690409,0.0014842018205505625,0.009634449630407655,0.0043067640759594066,0.030743251436937204,0.4048351058332201,0.00044118806054939624,0.004899737968313724,0.00475081949192717,0.002176268675271294,0.09699234747100684,0.0008238612768702776,0.001981514537606101,0.0006627684728253652,0.005647674093976415,0.004407829600605042,0.019339153612627415,0.2270078656210353
2026-09-13 15:26:04.448999882,2547.4053781512616,15991.541848739496,15390.777478991595,15870.558118541014,560625.1260504201,4753.261512605043,11440.11630252101,3818.1327731092447,32571.847058823525,14231.302184873952,101045.85277310923,1333762.1455462186,0.002983794426566826,0.002760241733632489,0.0031287643517005294,0.0007286649643198212,0.0028944809593223217,0.0027322635229754724,6635.685856862732,10302.905442557823,30690.991012358198,20884.795905304498,16821.87820302347,27355.98861799728,1.17612298065628,0.0,9936.930115912746,1770.2715409373252,0.0,3393.6158153890524,0.0,0.0,0.0,0.0,0.0,0.0,0.0011983718517177497,0.004871759985661992,0.004651495550654191,0.0047430807521840175,0.1716064878164667,0.0015817483893881441,0.0035369837068978194,0.0014833772542788813,0.009647431568377626,0.0043159394027234765,0.03079017431342054,0.4055125340607661,0.00044291554163124083,0.004902740205126049,0.00475081949192717,0.0021854549016800096,0.09712083503358218,0.0008264461618190807,0.00198908479659911,0.0006638560001977264,0.005663243630449825,0.004407829600605042,0.01936230594844367,0.2273628448022978
2026-09-13 15:26:19.448999882,2547.4053781512616,15991.541848739496,15388.750588235298,15817.753744610216,560632.2413445378,4753.261512605043,11440.11630252101,3818.1327731092447,32571.847058823525,14241.757310924368,101069.11361344537,1334287.331092437,0.002983794426566826,0.002759343083428718,0.0031280680896165493,0.0007286649643198212,0.0028944809593223217,0.002710856259999661,6635.685856862732,10612.104373492846,30716.858058496993,20884.795905304498,16821.87820302347,27345.136131876803,1.17612298065628,0.0,9983.644619848239,1770.2715409373252,0.0,3393.6158153890524,0.0,0.0,0.0,0.0,0.0,0.0,0.0012002033593864615,0.004879171752938415,0.00465860470505092,0.004752933613501963,0.1718667264690135,0.0015841658229259763,0.0035423388962917586,0.0014856443442584312,0.009662088435755672,0.00432251331176819,0.030839711840858177,0.4061276335412754,0.00044291554163124083,0.004902740205126049,0.004758258677254903,0.0021820562943460856,0.09728590381003654,0.0008264461618190807,0.00198908479659911,0.0006638560001977264,0.005663243630449825,0.004418531579338934,0.01939946348528239,0.22777614738766025
2026-09-13 15:26:34.448999882,2548.439999999999,15981.37411764706,15388.750588235298,15884.482975379446,560594.8678991597,4754.0510924369755,11443.828235294119,3813.2016806722672,32514.82487394958,14241.757310924368,101065.73142857142,1334449.1042016807,0.002981844369725064,0.002759343083428718,0.0030838827106853864,0.000728871397202534,0.0028944809593223217,0.0027234683414214364,6487.158253812213,10612.104373492846,31254.621247217667,22895.63721842715,16821.87820302347,27311.84084641603,1.1497976344934797,0.0,9860.827428571429,1779.2301469328224,0.0,3393.6158153890524,0.0,0.0,0.0,0.0,0.0,0.0,0.0012020348670551731,0.004886583520214837,0.004665713859447647,0.004762786474819908,0.1721269651215603,0.0015865832564638087,0.0035476940856856982,0.0014879114342379813,0.00967674530313372,0.004329087220812907,0.030889249368295808,0.40674273302178476,0.0004444422252100838,0.004907998372078432,0.004758258677254903,0.002191261579772057,0.0974104786164331,0.000829095857185227,0.0019957779998022738,0.0006650138281194827,0.005670512595664147,0.004418531579338934,0.019419251314734036,0.2281815476892907
2026-09-13 15:26:49.448999882,2548.439999999999,15981.37411764706,15393.161344537815,15821.896707950926,560601.3539495798,4754.0510924369755,11443.828235294119,3813.2016806722672,32514.82487394958,14267.426218487393,101085.90957983193,1334913.3620168066,0.002981844369725064,0.002759343083428718,0.0031259248784468686,0.000728871397202534,0.002896079228431271,0.0027220319768530466,6487.158253812213,10612.104373492846,30783.63165471644,22895.63721842715,17298.47135766643,26962.892480958817,1.1497976344934797,0.0,9739.660819611547,1779.2301469328224,0.0,3307.9136196534027,0.0,0.0,0.0,0.0,0.0,0.0,0.0012038663747238844,0.00489399528749126,0.004672823013844376,0.004772639336137852,0.17238720377410713,0.001589000690001641,0.0035530492750796383,0.0014901785242175311,0.009691402170511768,0.004335661129857622,0.03093878689573344,0.4073578325022942,0.0004444422252100838,0.004907998372078432,0.004767689656218486,0.0021864850218362014,0.09757543277024022,0.000829095857185227,0.0019957779998022738,0.0006650138281194827,0.005670512595664147,0.00443397259363025,0.019455834192838712,0.22858486008753154
2026-09-13 15:27:04.448999882,2553.3559663865544,15987.330756302517,15393.161344537815,15888.59275080807,560600.3737815126,4752.42655462185,11458.803025210085,3812.9173109243707,32510.92235294117,14267.426218487393,101104.48134453781,1334639.595630252,0.0029851480996536547,0.002715280004540649,0.0031251146426641094,0.000728871397202534,0.002896079228431271,0.002731800620567621,6660.4946829038145,10442.643027788565,30772.007024693376,22895.63721842715,17298.47135766643,25187.399829260237,1.1805201493980528,0.0,9784.807499606288,1779.2301469328224,0.0,3307.919719107541,0.0,0.0,0.0,0.0,0.0,0.0,0.001203131378718898,0.004900480578650808,0.004680184430722561,0.004772342525631353,0.17264578345806636,0.0015895315903431781,0.0035597529805602986,0.001489537884966201,0.009704935114260363,0.004344126184072021,0.03098298904404046,0.4079572927539289,0.0004466489513339453,0.004918206245495796,0.004767689656218486,0.002195701988765938,0.09770632363413075,0.0008313240945865406,0.0020044452955751708,0.0006669792778080644,0.005687013313850715,0.00443397259363025,0.019479853519468664,0.22891581944897682
2026-09-13 15:27:19.448999882,2553.3559663865544,15987.330756302517,15399.880336134456,15804.627634666593,560574.1391596638,4752.42655462185,11458.803025210085,3812.9173109243707,32510.92235294117,14273.830588235296,101132.60369747897,1334992.7677310924,0.0029851480996536547,0.002763345888017614,0.0031243044068813507,0.000728871397202534,0.002891756900363951,0.0027243679885364915,6660.4946829038145,10276.737176427328,30760.382394670316,22895.63721842715,16911.817392133238,25408.033154740908,1.1805201493980528,0.0,9829.95417960103,1779.2301469328224,0.0,3380.6334395161593,0.0,0.0,0.0,0.0,0.0,0.0,0.0012049589879668655,0.004907890942792223,0.004687293968324187,0.0047821633570416106,0.1729060196157273,0.0015919461584326092,0.003565110199937809,0.0014918005582385588,0.009719590279411876,0.004350702957304344,0.03103251526436381,0.4085723688475731,0.0004466489513339453,0.004918206245495796,0.004777841392582634,0.0021879350416310938,0.09786557040243417,0.0008313240945865406,0.0020044452955751708,0.0006669792778080644,0.005687013313850715,0.004443443462117647,0.01951799272753935,0.2293003419119353
2026-09-13 15:27:34.448999882,2559.763361344538,15979.250420168064,15399.880336134456,15871.28578089301,560524.0084033613,4749.513277310925,11459.571428571428,3807.962016806723,32465.12672268907,14273.830588235296,101123.4494117647,1334828.9042016806,0.0029851480996536547,0.002763345888017614,0.003123494171098592,0.000728871397202534,0.002891756900363951,0.002731700595759283,6660.4946829038145,10276.737176427328,30748.757764647256,22895.63721842715,16911.817392133238,25416.653744656505,1.1805201493980528,0.0,9875.100859595774,1779.2301469328224,0.0,3380.6334395161593,0.0,0.0,0.0,0.0,0.0,0.0,0.0012067865972148332,0.004915301306933637,0.004694403505925814,0.004791984188451867,0.17316625577338826,0.0015943607265220398,0.0035704674193153194,0.0014940632315109167,0.009734245444563392,0.004357279730536667,0.031082041484687156,0.4091874449412174,0.000449122551593814,0.004924094790588234,0.004777841392582634,0.0021971629524247054,0.09798786214065476,0.0008333244995014477,0.002010635841536614,0.0006681248912251958,0.005696159563691829,0.004443443462117647,0.019536674690778133,0.22965008800973596
2026-09-13 15:27:49.448999882,2559.763361344538,15979.250420168064,15416.860840336129,15806.450347941603,560557.7092436975,4749.513277310925,11459.571428571428,3807.962016806723,32465.12672268907,14291.673277310925,101167.30890756301,1335357.765378151,0.0029851480996536547,0.002763345888017614,0.0031223748387751962,0.000728871397202534,0.002891756900363951,0.0027302542737164025,6660.4946829038145,10276.737176427328,30229.25696623961,22895.63721842715,16911.817392133238,25148.02174774323,1.1805201493980528,0.0,9737.844941042644,1779.2301469328224,0.0,3318.7456868640543,0.0,0.0,0.0,0.0,0.0,0.0,0.0012086142064628006,0.00492271167107505,0.0047015130435274395,0.004801805019862123,0.1734264919310492,0.0015967752946114706,0.0035758246386928295,0.001496325904783274,0.009748900609714908,0.00436385650376899,0.031131567705010507,0.4098025210348617,0.000449122551593814,0.004924094790588234,0.004791189202526608,0.002192007912069531,0.09815756791016837,0.0008333244995014477,0.002010635841536614,0.0006681248912251958,0.005696159563691829,0.004456487786666665,0.019577880270628224,0.23006511108032746
2026-09-13 15:28:04.448999882,2564.2830252100825,15970.256470588238,15416.860840336129,15873.097576913562,560542.8100840336,4750.541848739495,11461.344201680673,3811.4984873949575,32495.055126050418,14291.673277310925,101184.19260504202,1335056.9324369747,0.0029851480996536547,0.0027630075453321102,0.0031215631771677904,0.0007263399638273714,0.002891756900363951,0.002730043142627155,6660.4946829038145,10540.456145298029,30215.335274407447,22719.121780436883,16911.817392133238,25117.653227798302,1.1805201493980528,0.0,9782.166678572556,1765.51305377332,0.0,3318.726182355419,0.0,0.0,0.0,0.0,0.0,0.0,0.0012086081837892459,0.004929268206471386,0.004710663173409596,0.004800743584259761,0.1736809215541362,0.0015968629654726952,0.0035815861467668516,0.0014958632157123382,0.009765809479738145,0.004371014107986145,0.031177117218122476,0.41045651957571405,0.00045127071524327344,0.004929692852431372,0.004791189202526608,0.002201250420666224,0.09828600697260316,0.0008360155243386766,0.0020170039518621562,0.0006707596749834049,0.0057185835668046026,0.004456487786666665,0.019601608570148876,0.23039123749775284
2026-09-13 15:28:19.448999882,2564.2830252100825,15970.256470588238,15412.441008403363,15791.917227117896,560488.1324369748,4750.541848739495,11461.344201680673,3811.4984873949575,32495.055126050418,14281.795966386553,101158.45411764707,1335233.084369748,0.0029892407329277946,0.0027630075453321102,0.003118281350309532,0.0007379536086083625,0.0028913416187978614,0.0027028222361760185,6474.058809258472,10540.456145298029,27142.973453989198,23082.383921079305,17388.74723671624,25217.231947989214,1.1474758612652378,0.0,9826.488416102466,1793.7423162177022,0.0,3318.7427373285805,0.0,0.0,0.0,0.0,0.0,0.0,0.001210433024698337,0.004936677285286645,0.004717775792096465,0.004810529171669496,0.17394114900671898,0.0015992740205232005,0.0035869439711181486,0.0014981217742981966,0.009780468037469068,0.004377591755576506,0.031226638130983336,0.4110716542952779,0.00045127071524327344,0.004929692852431372,0.004797892885915966,0.0021937932376139497,0.09844021378488017,0.0008360155243386766,0.0020170039518621562,0.0006707596749834049,0.0057185835668046026,0.004460892522330531,0.01962935168108341,0.23074564121070051
2026-09-13 15:28:34.448999882,2568.533445378152,15973.333109243697,15412.441008403363,15858.55142156234,560458.0678991596,4750.832268907561,11445.85512605042,3810.6847058823537,32490.780504201684,14281.795966386553,101174.2487394958,1334831.3122689074,0.0029892407329277946,0.0027630075453321102,0.003117557584307437,0.0007379536086083625,0.0028913416187978614,0.002731383580341197,6474.058809258472,10540.456145298029,27265.11209122145,23082.383921079305,17388.74723671624,25341.073736143673,1.1474758612652378,0.0,9870.810153632374,1793.7423162177022,0.0,3318.7636570897916,0.0,0.0,0.0,0.0,0.0,0.0,0.001212257865607428,0.004944086364101907,0.004724888410783333,0.004820314759079234,0.17420137645930175,0.0016016850755737053,0.003592301795469446,0.0015003803328840553,0.009795126595199991,0.004384169403166867,0.0312761590438442,0.41168678901484174,0.00045337613132405907,0.004939013757871148,0.004797892885915966,0.002203049975922776,0.09856596165744023,0.0008385773440180773,0.002020327018159734,0.000672630326366782,0.005735001969781795,0.004460892522330531,0.019652875516243076,0.23105410198965223
2026-09-13 15:28:49.448999882,2568.533445378152,15973.333109243697,15416.727731092442,15775.657558921655,560442.8843697478,4750.832268907561,11445.85512605042,3810.6847058823537,32490.780504201684,14279.708571428573,101153.68033613444,1335126.9932773109,0.002989051279640731,0.0027630075453321102,0.003116833818305342,0.0007379536086083625,0.002846077655187812,0.0027312872958640136,6684.832189527122,10540.456145298029,27387.250728453713,23082.383921079305,17116.526335170085,25576.87932328257,1.1848337804904505,0.0,9915.131891162284,1793.7423162177022,0.0,3406.8734436619893,0.0,0.0,0.0,0.0,0.0,0.0,0.001214082706516519,0.004951495442917168,0.004732001029470201,0.004830100346488971,0.1744616039118846,0.0016040961306242104,0.003597659619820744,0.0015026388914699139,0.009809785152930914,0.0043907470507572295,0.031325679956705064,0.41230192373440566,0.00045337613132405907,0.004939013757871148,0.004807306850000002,0.0021953151455044073,0.09872707218872134,0.0008385773440180773,0.002020327018159734,0.000672630326366782,0.005735001969781795,0.004467724153428571,0.019681607827865866,0.23142926258975277
2026-09-13 15:29:04.448999882,2567.9163025210087,15986.26890756302,15416.727731092442,15842.30032956386,560450.8557983193,4753.91193277311,11447.443361344536,3809.5774789915954,32490.456806722686,14279.708571428573,101174.20336134452,1335150.0574789916,0.002989051279640731,0.0027648202475199315,0.003116316634802159,0.0007379536086083625,0.0028884751512095208,0.0027307131552139355,6684.832189527122,10229.421002145678,26911.929731586217,23082.383921079305,16825.40967206255,25279.70490620298,1.1848337804904505,0.0,9743.110350660281,1793.7423162177022,0.0,3338.41005497381,0.0,0.0,0.0,0.0,0.0,0.0,0.0012138800241318548,0.004958948921730639,0.0047396470118145585,0.00483018873927421,0.17471448574901366,0.0016047694333447518,0.0036020313493683094,0.00150245157454376,0.009827455411278059,0.004397035952836327,0.03136796364248221,0.4128806168806487,0.00045462428582727205,0.004951391543697477,0.004807306850000002,0.0022045890463343897,0.09885950293932459,0.0008416332787797472,0.0020266570828613795,0.0006744481660052253,0.0057521153269119414,0.004467724153428571,0.019706059969827876,0.2318112429699634
2026-09-13 15:29:19.448999882,2567.9163025210087,15986.26890756302,15418.176806722684,15781.229997114286,560460.9660504202,4753.91193277311,11447.443361344536,3809.5774789915954,32490.456806722686,14270.481680672268,101170.39764705882,1335315.60605042,0.002989051279640731,0.0027648202475199315,0.003115593800256465,0.0007340173720523457,0.0028884751512095208,0.002732033497639757,6684.832189527122,10229.421002145678,27031.416955027955,22587.192892347586,16825.40967206255,25273.598698680074,1.1848337804904505,0.0,9786.471997301835,1755.2608012284165,0.0,3338.41005497381,0.0,0.0,0.0,0.0,0.0,0.0,0.0012157018223246257,0.0049663580669402204,0.004746760430991265,0.004839944785194113,0.1749747022455177,0.0016071778806339085,0.003607387707007198,0.001504706462595969,0.009842118475649319,0.00440361316840519,0.03141747607370504,0.4134956974945994,0.00045462428582727205,0.004951391543697477,0.004815838973400558,0.00219985655348309,0.09902507240909314,0.0008416332787797472,0.0020266570828613795,0.0006744481660052253,0.0057521153269119414,0.004472316105086835,0.019738051804870812,0.23216401095909164
2026-09-13 15:29:34.448999882,2567.6954621848745,15994.766722689075,15418.176806722684,15847.887747114288,560437.7445378151,4753.987563025209,11442.557647058822,3806.2497478991595,32465.807394957985,14270.481680672268,101185.2756302521,1335597.728067227,0.002989051279640731,0.0027672381784239197,0.0031148709657107696,0.0007340173720523457,0.0028884751512095208,0.002732033497639757,6684.832189527122,10489.677838845391,27150.904178469693,22587.192892347586,16825.40967206255,25273.598698680074,1.1848337804904505,0.0,9829.833643943388,1755.2608012284165,0.0,3338.41005497381,0.0,0.0,0.0,0.0,0.0,0.0,0.001217523620517397,0.004973767212149802,0.004753873850167973,0.004849700831114016,0.17523491874202168,0.001609586327923065,0.003612744064646087,0.0015069613506481778,0.009856781540020574,0.004410190383974053,0.03146698850492787,0.41411077810855,0.0004559421589322789,0.004962405995652661,0.004815838973400558,0.002209148445699651,0.0991519929613008,0.0008441590464854174,0.0020318392559169544,0.0006758705434700939,0.005764908858210578,0.004472316105086835,0.019761415644620493,0.23259117116502556
2026-09-13 15:29:49.448999882,2567.6954621848745,15994.766722689075,15399.496134453775,15790.862305616081,560461.0870588234,4753.987563025209,11442.557647058822,3806.2497478991595,32465.807394957985,14269.75260504202,101170.89680672268,1336123.361344538,0.0029424067641565764,0.0027672381784239197,0.003114148131165076,0.0007338868611347432,0.0028884751512095208,0.0027349155400942194,6580.514555133492,10489.677838845391,27270.391401911424,23221.217680322396,16825.40967206255,25184.732395427523,1.1663443025759468,0.0,9873.195290584938,1804.6230484911373,0.0,3338.3742874987597,0.0,0.0,0.0,0.0,0.0,0.0,0.001219345418710168,0.004981176357359381,0.004760987269344679,0.00485945687703392,0.17549513523852572,0.001611994775212222,0.003618100422284975,0.0015092162387003866,0.00987144460439183,0.004416767599542916,0.03151650093615071,0.41472585872250073,0.0004559421589322789,0.004962405995652661,0.0048180745766890735,0.002204951556520169,0.09931990882225232,0.0008441590464854174,0.0020318392559169544,0.0006758705434700939,0.005764908858210578,0.004479566022868346,0.019791340719216188,0.23300693009721957
2026-09-13 15:30:04.448999882,2566.049747899159,16007.763025210083,15399.496134453775,15857.523562372839,560487.491092437,4757.944537815128,11447.854789915964,3803.902184873949,32475.73008403361,14269.75260504202,101211.3257142857,1336190.2275630252,0.0029938571486152416,0.0027667920248849822,0.00311850800258082,0.0007338868611347432,0.002893680977171452,0.0027349155400942194,6468.560782487191,10297.420377438,27393.1530996374,23221.217680322396,17167.72334626422,25184.732395427523,1.146501379384472,0.0,9916.556937226493,1804.6230484911373,0.0,3338.3742874987597,0.0,0.0,0.0,0.0,0.0,0.0,0.0012186194499876908,0.00498953132292252,0.004768124092000599,0.004860203411034497,0.17575444629667192,0.0016127054105563776,0.0036226489674016297,0.001508215865496352,0.009883375042885613,0.004422089387169247,0.03155621255274388,0.41541424041468994,0.00045700603269260625,0.004974827376162464,0.0048180745766890735,0.0022142597778826672,0.09945562298569365,0.0008473761503566135,0.0020388298023698887,0.0006774639687649177,0.005783833527253724,0.004479566022868346,0.019819715993958657,0.23339686784923921
2026-09-13 15:30:19.448999882,2566.049747899159,16007.763025210083,15383.653109243698,15794.494420138024,560484.323697479,4757.944537815128,11447.854789915964,3803.902184873949,32475.73008403361,14261.360672268904,101203.02151260505,1336360.5589915966,0.0029938571486152416,0.0027667920248849822,0.0031178447428687824,0.0007338868611347432,0.002893680977171452,0.002726817361566135,6468.560782487191,10297.420377438,27512.441525624163,23221.217680322396,17167.72334626422,25484.358524337524,1.146501379384472,0.0,9959.918583868044,1804.6230484911373,0.0,3392.2273213795343,0.0,0.0,0.0,0.0,0.0,0.0,0.0012204374474926807,0.004996941875005852,0.004775237546092415,0.004869933188453263,0.1760146614019862,0.0016151113252270363,0.003628004130616619,0.0015104658974324796,0.00989803404238958,0.004428664735383533,0.03160571327030042,0.4160294297167352,0.00045700603269260625,0.004974827376162464,0.004821179907943976,0.002209196006946587,0.09961885386762111,0.0008473761503566135,0.0020388298023698887,0.0006774639687649177,0.005783833527253724,0.004484405633613443,0.01985083346582723,0.2337508989198627
2026-09-13 15:30:34.448999882,2564.4161344537797,15997.313949579831,15383.653109243698,15861.130326388027,560463.7462184874,4756.498487394958,11452.943193277311,3797.972773109245,32428.264537815117,14261.360672268904,101213.69142857143,1336662.3751260506,0.002995604090947705,0.0027667920248849822,0.0030692910455889172,0.0007338868611347432,0.0028882424966571183,0.0027260810003766492,6632.358849905981,10297.420377438,27185.05877239354,23221.217680322396,16773.74840957734,25466.48662179563,1.1755332949142114,0.0,9841.538245614036,1804.6230484911373,0.0,3388.109971634737,0.0,0.0,0.0,0.0,0.0,0.0,0.0012222554449976709,0.005004352427089187,0.004782351000184232,0.004879662965872029,0.1762748765073005,0.0016175172398976948,0.0036333592938316097,0.0015127159293686074,0.009912693041893548,0.004435240083597819,0.031655213987856944,0.4166446190187803,0.00045807032852482126,0.004979963832504201,0.004821179907943976,0.0022185164558378846,0.09974622601148042,0.0008496323180453357,0.002045788661456112,0.0006784151029673047,0.005792517677124495,0.004484405633613443,0.019873393289554432,0.23418210200214823
2026-09-13 15:30:49.448999882,2564.4161344537797,15997.313949579831,15360.498151260503,15798.479250673996,560449.4974789915,4756.498487394958,11452.943193277311,3797.972773109245,32428.264537815117,14266.966386554623,101186.27394957983,1336907.7045378152,0.002995604090947705,0.0027667920248849822,0.003118567230690677,0.0007294687824580743,0.0028882424966571183,0.0027345816154723595,6632.358849905981,10297.420377438,26903.447459365852,22620.7137069409,16773.74840957734,25370.604265172282,1.1755332949142114,0.0,9739.731986759825,1757.955241229976,0.0,3338.820688508243,0.0,0.0,0.0,0.0,0.0,0.0,0.001224073442502661,0.0050117629791725194,0.0047894644542760476,0.004889392743290795,0.1765350916126148,0.0016199231545683535,0.0036387144570465997,0.0015149659613047349,0.009927352041397516,0.004441815431812104,0.03170471470541348,0.41725980832082554,0.00045807032852482126,0.004979963832504201,0.004821973268717084,0.0022134758214277643,0.0999074728932242,0.0008496323180453357,0.002045788661456112,0.0006784151029673047,0.005792517677124495,0.004493645266526612,0.019900748068789754,0.23454949497773017
2026-09-13 15:31:04.448999882,2562.731092436975,16027.68100840336,15360.498151260503,15865.118104656298,560451.8087394957,4754.477647058823,11466.474957983195,3790.4036974789915,32396.505882352933,14266.966386554623,101233.52470588236,1337093.933445378,0.002995604090947705,0.002766004696972916,0.003117912927040529,0.0007294687824580743,0.0028882424966571183,0.0027337651601254424,6632.358849905981,10492.929568942804,27019.07026634496,22620.7137069409,16773.74840957734,25276.235775637495,1.1755332949142114,0.0,9781.766293465973,1757.955241229976,0.0,3338.820688508243,0.0,0.0,0.0,0.0,0.0,0.0,0.001223310483062795,0.005019598174719822,0.004797196532317361,0.004889198771557714,0.1767921493316496,0.001620688955785026,0.0036441104843999796,0.0015136468175574052,0.009939296516972965,0.0044476416939329385,0.031748149999336374,0.4179334473564736,0.0004591236840618601,0.004997816789999999,0.004821973268717084,0.0022228123841257965,0.10003891164002247,0.0008517839813741967,0.0020542655612400254,0.0006790662176004517,0.005803965611270388,0.004493645266526612,0.019930512027139774,0.23496070008604603
2026-09-13 15:31:19.448999882,2562.731092436975,16027.68100840336,15325.835294117649,15790.416169065047,560417.9354621848,4754.477647058823,11466.474957983195,3790.4036974789915,32396.505882352933,14260.96134453781,101213.6793277311,1337119.992605042,0.002995604090947705,0.002767352051022173,0.0029702647284729437,0.0007294687824580743,0.002890340407712604,0.0027331272066974366,6632.358849905981,10277.757082390912,27129.68189001021,22620.7137069409,13815.497367936792,25298.56849136974,1.1755332949142114,0.0,9823.800600172119,1757.955241229976,0.0,3338.7950913475647,0.0,0.0,0.0,0.0,0.0,0.0,0.0012251246532016843,0.005027009354700099,0.0048043109038451385,0.004898898371260094,0.17705235976857966,0.0016230924384239146,0.003649465707439196,0.0015158915566447072,0.009953951502673163,0.004454215934564102,0.03179764289497335,0.4185487228579384,0.0004591236840618601,0.004997816789999999,0.004819123764705883,0.0022160510139864944,0.1001966388838924,0.0008517839813741967,0.0020542655612400254,0.0006790662176004517,0.005803965611270388,0.004499227667450978,0.01995935202769142,0.23528974231573332
2026-09-13 15:31:34.448999882,2562.6312605042012,16029.0,15325.835294117649,15857.040892749257,560370.9146218487,4749.380168067227,11468.529075630255,3782.4050420168073,32335.65983193277,14260.96134453781,101215.26453781512,1337131.9663865545,0.002995604090947705,0.002767352051022173,0.0029831127023858045,0.0007223292123095809,0.002890340407712604,0.0027249609765865827,6632.358849905981,10277.757082390912,27245.76500446032,21259.797422707747,13815.497367936792,25231.550681621633,1.1755332949142114,0.0,9865.834906878265,1801.4576526765518,0.0,3338.7950913475647,0.0,0.0,0.0,0.0,0.0,0.0,0.001226938823340573,0.005034420534680375,0.0048114252753729166,0.004908597970962476,0.1773125702055097,0.0016254959210628035,0.0036548209304784122,0.0015181362957320088,0.009968606488373357,0.004460790175195266,0.03184713579061034,0.41916399835940316,0.0004604600931572628,0.005006628466666666,0.004819123764705883,0.0022254012290090857,0.10031923989069444,0.0008533806905162063,0.002060694430732293,0.000679632144057623,0.005810153480912363,0.004499227667450978,0.019980131883839715,0.23567039285345723
2026-09-13 15:31:49.448999882,2562.6312605042012,16029.0,15303.082689075634,15798.546420761068,560389.8403361344,4749.380168067227,11468.529075630255,3782.4050420168073,32335.65983193277,14275.615462184871,101239.22722689075,1337191.1939495797,0.002997057238743435,0.002767352051022173,0.002995960676298665,0.0007349522118006242,0.0028856197910675924,0.0027345573637676903,6448.523582690447,10277.757082390912,27361.84811891043,20866.469964107586,13506.137821502576,25204.35962869764,1.1429499437593844,0.0,9907.869213584408,1768.0307143380444,0.0,3338.7950913475647,0.0,0.0,0.0,0.0,0.0,0.0,0.0012287529934794617,0.005041831714660651,0.004818539646900695,0.004918297570664857,0.17757278064243975,0.0016278994037016927,0.003660176153517627,0.00152038103481931,0.009983261474073553,0.00446736441582643,0.03189662868624732,0.419779273860868,0.0004604600931572628,0.005006628466666666,0.004819989283344539,0.0022208832445603202,0.10048639333597824,0.0008533806905162063,0.002060694430732293,0.000679632144057623,0.005810153480912363,0.004511332412974788,0.020017617532143206,0.236005312014585
2026-09-13 15:32:04.448999882,2565.514285714286,16038.859159663865,15303.082689075634,15865.19170771759,560374.166722689,4746.149243697479,11475.813781512607,3775.55899159664,32301.09983193277,14275.615462184871,101256.47394957983,1337159.5018487393,0.00300470686783873,0.0027674348890470123,0.003008808650211525,0.0007349522118006242,0.0028856197910675924,0.0027228357217042474,6584.381575404621,10608.584419338102,27714.136817406128,20866.469964107586,13506.137821502576,25330.5279521407,1.1670297014187558,0.0,10088.233609474926,1768.0307143380444,0.0,3359.7479559757217,0.0,0.0,0.0,0.0,0.0,0.0,0.0012281521350492204,0.00504896136952245,0.00482449193101509,0.004918920052627329,0.17782598443467496,0.0016285782488637693,0.003665298084491446,0.00151893777328292,0.0099953594612144,0.004474330843709902,0.03194234941442408,0.4203329481128056,0.0004623339404561824,0.005018113507193276,0.004819989283344539,0.0022302519166639864,0.10061459140204553,0.0008553083855546924,0.0020680680809660335,0.0006803973284146603,0.00582101407484782,0.004511332412974788,0.02004150324160285,0.23637826990644908
2026-09-13 15:32:19.448999882,2565.514285714286,16038.859159663865,15279.480000000003,15794.728897198698,560342.5684033614,4746.149243697479,11475.813781512607,3775.55899159664,32301.09983193277,14271.921680672267,101260.29781512605,1337064.5374789916,0.00300470686783873,0.0027674348890470123,0.0030206454444849243,0.0007349522118006242,0.0028856197910675924,0.00273225081546206,6584.381575404621,10608.584419338102,27100.008831393712,20866.469964107586,13506.137821502576,25360.35116045731,1.1670297014187558,0.0,9817.946538244843,1768.0307143380444,0.0,3359.767110252097,0.0,0.0,0.0,0.0,0.0,0.0,0.0012299627450097729,0.005056372135698921,0.004831604589299113,0.004928593358853678,0.17808618460050743,0.001630979189199075,0.0036706529665577227,0.0015211770755511648,0.010010010688175183,0.004480905660866765,0.03199183921625975,0.4209481335878142,0.0004623339404561824,0.005018113507193276,0.004820562758666667,0.002224021449245247,0.10077266945116305,0.0008553083855546924,0.0020680680809660335,0.0006803973284146603,0.00582101407484782,0.004517644660593835,0.020075022266352074,0.23668593197490378
2026-09-13 15:32:34.448999882,2569.5226890756308,16031.020840336132,15279.480000000003,15861.358806681457,560308.1959663865,4739.8356302521015,11473.883697478987,3767.0157983193285,32240.441344537805,14271.921680672267,101248.71428571428,1336870.4944537815,0.00300470686783873,0.0027679089189031427,0.003033489111554403,0.0007349522118006242,0.0028856197910675924,0.002702397952134053,6584.381575404621,10409.007882894104,27113.51514922268,20866.469964107586,13506.137821502576,25378.142951315647,1.1670297014187558,0.0,9817.946538244843,1768.0307143380444,0.0,3359.739531821545,0.0,0.0,0.0,0.0,0.0,0.0,0.0012317733549703249,0.005063782901875392,0.004838717247583137,0.0049382666650800286,0.1783463847663399,0.0016333801295343804,0.0036760078486240003,0.001523416377819409,0.010024661915135968,0.004487480478023628,0.03204132901809541,0.42156331906282274,0.0004644142352658711,0.005024062557210083,0.004820562758666667,0.0022334034619923737,0.10089748103089623,0.0008566755019786738,0.0020737839543309078,0.0006808485360525387,0.005827121112927052,0.004517644660593835,0.020093199828938903,0.23703005217505707
2026-09-13 15:32:49.448999882,2569.5226890756308,16031.020840336132,15265.312941176471,15788.281180386097,560284.2605042016,4739.8356302521015,11473.883697478987,3767.0157983193285,32240.441344537805,14278.991596638654,101241.12705882352,1336590.069579832,0.00300470686783873,0.0027679089189031427,0.0030463327786238808,0.0007270520610431873,0.0028856197910675924,0.0027288930445769676,6584.381575404621,10409.007882894104,27113.51514922268,21122.92748072836,13506.137821502576,25407.97642981691,1.1670297014187558,0.0,9817.946538244843,1772.66828743955,0.0,3359.739531821545,0.0,0.0,0.0,0.0,0.0,0.0,0.0012335839649308773,0.005071193668051863,0.00484582990586716,0.004947939971306379,0.1786065849321724,0.0016357810698696866,0.003681362730690276,0.0015256556800876536,0.010039313142096752,0.0044940552951804906,0.03209081881993107,0.42217850453783135,0.0004644142352658711,0.005024062557210083,0.004824093311294119,0.0022267715441100936,0.10105690530776917,0.0008566755019786738,0.0020737839543309078,0.0006808485360525387,0.005827121112927052,0.004527365826330531,0.020124450086007183,0.23730466663006727
2026-09-13 15:33:04.448999882,2546.9027179237287,16020.774453781512,15265.312941176471,15854.902859873277,558212.8294049087,4675.882606706779,11357.683515945766,3721.017790716949,31924.279937472886,14278.991596638654,100919.66569566651,1331091.0851123624,0.00300470686783873,0.0027679089189031427,0.0030591764456933588,0.0007402363936009337,0.0028824108614912427,0.0027288930445769676,6584.381575404621,10409.007882894104,27113.51514922268,22914.295063314014,13465.673133333012,25407.97642981691,1.1670297014187558,0.0,9817.946538244843,1762.9075021961664,0.0,3359.739531821545,0.0,0.0,0.0,0.0,0.0,0.0,0.0012334434066060434,0.005076377746476121,0.004851102738188823,0.004947859711833291,0.17885850763458788,0.0016361896730248142,0.0036870305770831044,0.0015243245362882901,0.010051401994276885,0.004499633366363353,0.03213074816830328,0.4227232869184756,0.0004616718952869064,0.00502924745015126,0.004824093311294119,0.002236167833573647,0.10081379036136111,0.0008475877661072274,0.0020587842786355544,0.000674501355606169,0.005786849541084137,0.004527365826330531,0.020080958303396672,0.2367051836871244
2026-09-13 15:33:19.448999882,2557.6486925,16020.774453781512,15253.469243697475,15795.069883322036,558329.6535834123,4695.6112422999995,11405.545821030513,3736.7176297,32058.975895100004,14274.432605042015,100914.34877933259,1331682.671669853,0.0030085975435257544,0.0027679089189031427,0.0030720201127628372,0.0007402363936009337,0.0028824108614912427,0.0027289124483988107,6720.995432791302,10409.007882894104,27113.51514922268,22914.295063314014,13465.673133333012,25362.131515101308,1.1912434301296175,0.0,9817.946538244843,1762.9075021961664,0.0,3359.739531821545,0.0,0.0,0.0,0.0,0.0,0.0,0.0012352511570962394,0.0050837852586593565,0.004858212699953529,0.004957503986392233,0.17911869574894598,0.001638587693613049,0.0036923859138079107,0.0015265586058961335,0.010066049476733023,0.004506206726987135,0.03218022525200252,0.4233383701520963,0.0004636197963254574,0.00502924745015126,0.0048283444532661035,0.002231373296233183,0.10099805217449548,0.0008511639359081579,0.0020674601817023542,0.0006773472336084953,0.005811265604409826,0.004533401190554622,0.020112550589786053,0.2371335278816075
2026-09-13 15:33:34.448999882,2591.0742857142855,16027.705210084034,15253.469243697475,15861.634035864408,559882.639131288,4728.9842016806715,11488.76773109244,3760.6265546218483,32319.801680672274,14274.432605042015,101206.51513330288,1335796.9397645122,0.002954089184672978,0.0027679089189031427,0.0030824800966747163,0.0007402363936009337,0.0028824108614912427,0.00272281305873255,6599.227590599575,10409.007882894104,27113.51514922268,22914.295063314014,13465.673133333012,25272.454899878776,1.1696610405174717,0.0,9817.946538244843,1762.9075021961664,0.0,3249.2962492177653,0.0,0.0,0.0,0.0,0.0,0.0,0.0012370589075864356,0.0050911927708425925,0.004865322661718235,0.004967148260951173,0.17937888386330406,0.0016409857142012842,0.0036977412505327166,0.0015287926755039765,0.010080696959189166,0.004512780087610917,0.032229702335701764,0.42395345338571694,0.00046712271085714267,0.005039822860504201,0.0048283444532661035,0.0022407768299665958,0.10112791525548445,0.0008525482777815125,0.0020712120669579832,0.0006779713265658261,0.005826661728179272,0.004533401190554622,0.02015236659252332,0.23748072004762166
2026-09-13 15:33:49.448999882,2591.0742857142855,16027.705210084034,15284.973781512605,15967.131428571429,560422.1707563025,4728.9842016806715,11488.76773109244,3760.6265546218483,32319.801680672274,14306.617815126054,101380.1505882353,1337945.8416806723,0.003011240052061558,0.002716824440202306,0.00307187843559215,0.0007402363936009337,0.0028824108614912427,0.002723997682530429,6501.964125242597,10559.747652389442,25676.049683048353,22914.295063314014,13465.673133333012,25318.10438190214,1.1524218584265504,0.0,7953.479450773082,1762.9075021961664,0.0,3249.325568088686,0.0,0.0,0.0,0.0,0.0,0.0,0.0012388666580766313,0.0050986002830258285,0.004872432623482941,0.004976792535510114,0.17963907197766216,0.00164338373478952,0.0037030965872575233,0.0015310267451118195,0.010095344441645305,0.004519353448234699,0.03227917941940101,0.42456853661933763,0.00046712271085714267,0.005039822860504201,0.004846327381484594,0.002259349097142856,0.1012948082925515,0.0008525482777815125,0.0020712120669579832,0.0006779713265658261,0.005826661728179272,0.00455112058314846,0.020193756226208146,0.23818637903588363
2026-09-13 15:34:04.448999882,2607.673613445379,16048.600336134448,15284.973781512605,15967.131428571429,560523.9509243697,4721.874957983195,11519.909243697473,3758.3969747899173,32332.48033613446,14306.617815126054,101398.33512605041,1338870.9418487393,0.003011240052061558,0.002767056431861209,0.003075416237203217,0.0007402363936009337,0.0028816555801665653,0.002716847732005326,6501.964125242597,10754.989254366288,24880.52180446612,22914.295063314014,13760.232571161707,25273.96485004541,1.1524218584265504,0.0,7706.695210049417,1762.9075021961664,0.0,3249.3255680886846,0.0,0.0,0.0,0.0,0.0,0.0,0.0012401595494817967,0.00510465248021347,0.004880131375162378,0.004974954508818182,0.1798955384843233,0.0016436265911950753,0.003709273573389046,0.0015295736463453561,0.010111126439022032,0.004526284504766182,0.03231771042844798,0.4251620273104532,0.00047148187638655463,0.005054803872168065,0.004846327381484594,0.002259349097142856,0.10144376303926796,0.0008537412250420169,0.0020828635907563014,0.0006795390530252103,0.005845892069663867,0.00455112058314846,0.020217816929624648,0.2387288899929549
2026-09-13 15:34:19.448999882,2607.673613445379,16048.600336134448,15266.955630252096,15960.306554621848,560494.5035294117,4721.874957983195,11519.909243697473,3758.3969747899173,32332.48033613446,14302.167731092433,101386.3613445378,1338877.9694117648,0.003011240052061558,0.002767715681356592,0.003075416237203217,0.0007402363936009337,0.0028816555801665653,0.0027188273260621834,6501.964125242597,10407.434337176866,24880.52180446612,22914.295063314014,13760.232571161707,25261.495379431428,1.1524218584265504,0.0,7706.695210049417,1762.9075021961664,0.0,3249.2903660591805,0.0,0.0,0.0,0.0,0.0,0.0,0.0012419665499691264,0.005112058023333624,0.004887242194850487,0.00498456269973967,0.18015572121198886,0.0016460214717993638,0.0037146300969921283,0.0015318023437137774,0.010125775569835986,0.00453285838509564,0.03236717000004405,0.4257770791966974,0.00047148187638655463,0.005054803872168065,0.004848615475327729,0.0022667477603585434,0.10160162288576906,0.0008537412250420169,0.0020828635907563014,0.0006795390530252103,0.005845892069663867,0.004557200349042015,0.020248127300646405,0.239053991311466
2026-09-13 15:34:34.448999882,2623.99462184874,16042.174789915969,15266.955630252096,15960.306554621848,560470.7465546218,4715.609747899161,11515.549915966389,3753.723025210084,32339.193277310926,14302.167731092433,101390.07327731092,1339155.692773109,0.003012120287217337,0.002767715681356592,0.003075416237203217,0.0007383620425248504,0.002879255978442496,0.0027225275011853347,6679.433808531602,10407.434337176866,24880.52180446612,21517.277801957698,13444.77130404006,27140.17845809971,1.1838769600375048,0.0,7706.695210049417,1806.6664524553005,0.0,3249.2903660591805,0.0,0.0,0.0,0.0,0.0,0.0,0.001243773550456456,0.005119463566453778,0.004894353014538597,0.0049941708906611594,0.18041590393965445,0.0016484163524036527,0.003719986620595212,0.0015340310410821983,0.010140424700649938,0.004539432265425097,0.03241662957164013,0.42639213108294166,0.00047580797292997196,0.005061187315294117,0.004848615475327729,0.0022667477603585434,0.10172786228684032,0.000855079769064426,0.0020881104012436973,0.0006806612058935572,0.005864053939495799,0.004557200349042015,0.020269305508142207,0.23948147960670196
2026-09-13 15:34:49.448999882,2623.99462184874,16042.174789915969,15275.970756302522,15961.915966386554,560544.0776470589,4715.609747899161,11515.549915966389,3753.723025210084,32339.193277310926,14316.083697478987,101422.03462184874,1339184.6924369747,0.003012120287217337,0.002767715681356592,0.003075416237203217,0.000733285292808042,0.002879255978442496,0.0027225275011853347,6679.433808531602,10407.434337176866,24880.52180446612,20931.290209195082,13444.77130404006,27140.17845809971,1.1838769600375048,0.0,7706.695210049417,1757.4648696555034,0.0,3249.2903660591805,0.0,0.0,0.0,0.0,0.0,0.0,0.0012455805509437854,0.005126869109573934,0.004901463834226707,0.005003779081582648,0.18067608666732002,0.0016508112330079411,0.0037253431441982942,0.0015362597384506196,0.010155073831463893,0.004546006145754555,0.03246608914323621,0.42700718296918594,0.00047580797292997196,0.005061187315294117,0.004859484319422969,0.002275341561904762,0.10190437587390848,0.000855079769064426,0.0020881104012436973,0.0006806612058935572,0.005864053939495799,0.004569137179647056,0.020308404360196937,0.23981058807362204
2026-09-13 15:35:04.448999882,2639.4352941176485,16058.465546218486,15275.970756302522,15961.915966386554,560562.7068907563,4709.807394957984,11521.27966386555,3750.915630252101,32371.07294117647,14316.083697478987,101443.83428571429,1339481.3384873949,0.003013186826848797,0.002767715681356592,0.003075416237203217,0.000733285292808042,0.002879255978442496,0.0027117354310278296,6529.734641599169,10407.434337176866,24880.52180446612,20931.290209195082,13444.77130404006,25388.808178864118,1.1573439634170806,0.0,7706.695210049417,1757.4648696555034,0.0,3276.4208311298626,0.0,0.0,0.0,0.0,0.0,0.0,0.0012479074975384038,0.005134527258978324,0.0049102131597648264,0.005003086922419105,0.18093766776610362,0.00165139236204402,0.0037310523527599292,0.0015350667184397485,0.01017196369356709,0.004552630491574278,0.0325066719393891,0.42767880214305987,0.0004799910839215688,0.005074742753697478,0.004859484319422969,0.002275341561904762,0.10203832986678245,0.0008564959185042017,0.0020951873782801126,0.0006821178996414565,0.005886799507215685,0.004569137179647056,0.020333217175413917,0.24024170233693856
2026-09-13 15:35:19.448999882,2639.4352941176485,16058.465546218486,15262.015462184876,15955.714285714286,560561.9142857143,4709.807394957984,11521.27966386555,3750.915630252101,32371.07294117647,14307.180504201677,101444.33647058823,1339417.3552941177,0.003013186826848797,0.002767715681356592,0.003012475407013954,0.000733285292808042,0.0028746760003674292,0.0027213718539848375,6529.734641599169,10407.434337176866,25169.90621405479,20931.290209195082,13813.141497539706,25271.29774518862,1.1573439634170806,0.0,7741.415635439715,1757.4648696555034,0.0,3235.4768082890837,0.0,0.0,0.0,0.0,0.0,0.0,0.0012497152514143728,0.00514193316697447,0.004917326353078779,0.005012664233025165,0.1811978524882428,0.0016537846154354927,0.0037364093829323425,0.001537290459234322,0.010186616061100807,0.004559204444849807,0.03255611840426519,0.42829393526555726,0.0004799910839215688,0.005074742753697478,0.004863043386084034,0.0022828194999999995,0.10220139446026454,0.0008564959185042017,0.0020951873782801126,0.0006821178996414565,0.005886799507215685,0.004573793648963582,0.020366034353484164,0.24055420540561084
2026-09-13 15:35:34.448999882,2651.808403361344,16064.730756302519,15262.015462184876,15955.714285714286,560559.3216806722,4708.173781512605,11519.978823529416,3746.619831932773,32380.4268907563,14307.180504201677,101470.16268907563,1339519.528739496,0.003013186826848797,0.002767715681356592,0.0030252742562558122,0.000733285292808042,0.0028746760003674292,0.0027233576264843735,6529.734641599169,10407.434337176866,25276.843463837922,20931.290209195082,13813.141497539706,25232.568179556863,1.1573439634170806,0.0,7774.305932703508,1757.4648696555034,0.0,3235.4519178227392,0.0,0.0,0.0,0.0,0.0,0.0,0.0012515230052903418,0.005149339074970617,0.004924439546392733,0.005022241543631225,0.18145803721038198,0.0016561768688269658,0.003741766413104756,0.0015395142000288959,0.010201268428634527,0.004565778398125336,0.032605564869141276,0.4289090683880547,0.00048363092369747883,0.005085141773400559,0.004863043386084034,0.0022828194999999995,0.10233148826989727,0.0008586662716638655,0.0021009881378823534,0.0006833001991260504,0.005905470299831931,0.004573793648963582,0.02039167227413488,0.24095055937858736
2026-09-13 15:35:49.448999882,2651.808403361344,16064.730756302519,15284.150924369746,15975.32067226891,560663.2769747899,4708.173781512605,11519.978823529416,3746.619831932773,32380.4268907563,14320.89378151261,101559.66050420169,1339496.6460504204,0.003013186826848797,0.00276783066487612,0.003073153424700545,0.000733285292808042,0.0028746760003674292,0.0027201089589447185,6529.734641599169,10432.943399403754,27738.895858219556,20931.290209195082,13813.141497539706,27166.757826199297,1.1573439634170806,0.0,7684.724035913223,1757.4648696555034,0.0,3235.4519178227392,0.0,0.0,0.0,0.0,0.0,0.0,0.0012533307591663105,0.005156744982966762,0.004931552739706687,0.005031818854237286,0.18171822193252116,0.0016585691222184386,0.0037471234432771695,0.0015417379408234693,0.01021592079616825,0.004572352351400868,0.03265501133401736,0.42952420151055204,0.00048363092369747883,0.005085141773400559,0.004878106591411763,0.002293996880683473,0.10251370394760036,0.0008586662716638655,0.0021009881378823534,0.0006833001991260504,0.005905470299831931,0.0045856827897086845,0.020442411670368456,0.2412704411849826
2026-09-13 15:36:04.448999882,2665.300840336135,16101.998319327731,15284.150924369746,15975.32067226891,560698.7838655462,4706.779159663865,11528.034957983195,3740.4453781512593,32412.524369747905,14320.89378151261,101615.06420168068,1339715.7226890756,0.0030171031658972856,0.00276783066487612,0.003073153424700545,0.0007424043835963277,0.0028746760003674292,0.0027201089589447185,6592.958630879445,10432.943399403754,27738.895858219556,20812.268373784427,13813.141497539706,27166.757826199297,1.1685499168520816,0.0,7684.724035913223,1747.4713770248268,0.0,3235.4519178227392,0.0,0.0,0.0,0.0,0.0,0.0,0.0012555450599193371,0.005166044726613505,0.004940916938994219,0.005034677629352053,0.18198584388984884,0.001660033113906589,0.003752047976280007,0.0015410428641196643,0.010234532644362224,0.004579393094651533,0.03270871954685558,0.4301639924516704,0.0004874884594397759,0.005105377115266106,0.004878106591411763,0.002293996880683473,0.10265079513208587,0.0008608786245602239,0.0021084989420280115,0.0006841343864145654,0.005928310730420169,0.0045856827897086845,0.020474045828923076,0.24168796069893342
2026-09-13 15:36:19.448999882,2665.300840336135,16101.998319327731,15311.71058823529,15987.206722689074,560755.4521008403,4706.779159663865,11528.034957983195,3740.4453781512593,32412.524369747905,14320.161680672272,101690.93042016806,1339794.689747899,0.0030171031658972856,0.00276783066487612,0.003073153424700545,0.0007424043835963277,0.0028197784619857775,0.002717696879922851,6592.958630879445,10432.943399403754,27738.895858219556,20812.268373784427,13549.352651271309,26991.84353379192,1.1685499168520816,0.0,7684.724035913223,1747.4713770248268,0.0,3235.4519178227392,0.0,0.0,0.0,0.0,0.0,0.0,0.0012573533995147129,0.005173453354487069,0.0049480333744470134,0.005044238846718663,0.1822460392522216,0.0016624240305732558,0.00375740438866096,0.0015432624012102231,0.010249190698480999,0.004585967718214751,0.03275817669639603,0.4307791609593606,0.0004874884594397759,0.005105377115266106,0.004894927034901958,0.0023040821540616244,0.10282443497579209,0.0008608786245602239,0.0021084989420280115,0.0006841343864145654,0.005928310730420169,0.004592953189714287,0.02052212788381642,0.2420262765451816
2026-09-13 15:36:34.448999882,2662.498983050848,16116.074621848738,15311.71058823529,15987.206722689074,560099.5182321134,4707.021355932204,11471.572223036444,3742.453220338982,32403.41084745763,14320.161680672272,101717.31422589374,1338383.0930234815,0.0030171031658972856,0.00276783066487612,0.003073153424700545,0.0007424043835963277,0.0028078006453175802,0.002715379705491995,6592.958630879445,10432.943399403754,27738.895858219556,20812.268373784427,13491.797895031561,25468.588212347488,1.1685499168520816,0.0,7684.724035913223,1747.4713770248268,0.0,1662.2148477638289,0.0,0.0,0.0,0.0,0.0,0.0,0.001259161739110089,0.005180861982360632,0.004955149809899807,0.005053800064085276,0.18250623461459434,0.0016648149472399225,0.003762760801041912,0.0015454819383007821,0.010263848752599773,0.00459254234177797,0.03280763384593648,0.4313943294670508,0.0004910682298020226,0.005118286232403361,0.004894927034901958,0.0023040821540616244,0.10302294759682605,0.0008681575691155105,0.002115803499071224,0.0006902537389602617,0.005976447580150975,0.004592953189714287,0.02057522124156812,0.2426569357491772
2026-09-13 15:36:49.448999882,2640.201293650848,16116.074621848738,15216.606794016947,16003.464201680674,557934.8182650348,4667.601359582204,11423.513862866954,3711.111214188983,32132.04128255764,14231.770395047459,101198.19806903477,1333441.4209341283,0.0030171031658972856,0.00276783066487612,0.003073153424700545,0.0007424043835963277,0.0027958228286493825,0.0027168822145948344,6592.958630879445,10432.943399403754,27738.895858219556,20812.268373784427,13434.243138791811,23348.502148084037,1.1685499168520816,0.0,7684.724035913223,1747.4713770248268,0.0,1615.9405166535041,0.0,0.0,0.0,0.0,0.0,0.0,0.0012609700787054646,0.005188270610234196,0.004962266245352601,0.005063361281451887,0.18276642997696704,0.0016672058639065892,0.003768117213422864,0.001547701475391341,0.01027850680671855,0.0045991169653411875,0.032857090995476936,0.432009497974741,0.0004869556697852722,0.005118286232403361,0.004905402111766845,0.002314812188638655,0.10297678147103315,0.0008608869906290487,0.002106939670763362,0.0006844730556336195,0.005926396491791541,0.004602961167769633,0.02055761031137181,0.24239040015032517
2026-09-13 15:37:04.448999882,2688.071596638655,16135.720336134451,15152.81549316949,16003.464201680674,557046.2625142052,4707.680672268908,11381.14210986154,3734.410084033614,32297.908235294115,14172.109191657628,101284.90544538805,1331785.0970845232,0.0030171031658972856,0.00276783066487612,0.003073153424700545,0.0007434346973867835,0.0027860941813807297,0.002708729801482679,6592.958630879445,10432.943399403754,27738.895858219556,19458.551033892425,13695.621341246468,21685.87739297525,1.1685499168520816,0.0,7684.724035913223,0.0,0.0,1615.9405166535041,0.0,0.0,0.0,0.0,0.0,0.0,0.0012627784183008404,0.0051977799773232376,0.004969382680805395,0.005066453992711727,0.18302817794366333,0.001669596780573256,0.0037734736258038166,0.0015499210124818995,0.010293164860837322,0.0046056915889044064,0.03290040150975917,0.4326865802381398,0.0004972053999011367,0.005132981805669467,0.004884837607069746,0.002314812188638655,0.10306995586390014,0.0008707670785961444,0.0021169138658468823,0.0006907438260009888,0.00597405753633218,0.004583665029987553,0.02059575838223938,0.24287718549094403
2026-09-13 15:37:19.448999882,2688.071596638655,16135.720336134451,15316.157647058822,15879.890420168067,558509.4603439637,4707.680672268908,11333.059725246156,3734.410084033614,32297.908235294115,14293.297815126049,101783.65613445378,1334718.1692948658,0.0030171031658972856,0.00276783066487612,0.00297432905982906,0.0007434346973867835,0.002774107179456448,0.0027105911924458293,6592.958630879445,10432.943399403754,24913.249002849007,19458.551033892425,13636.696757695458,21831.695843641934,1.1685499168520816,0.0,5106.580056980058,0.0,0.0,1615.9056921302938,0.0,0.0,0.0,0.0,0.0,0.0,0.0012586464127906979,0.005205191604942285,0.004953039075144508,0.0050760001283748106,0.18272946696634673,0.0016641336027131783,0.0037612336570881236,0.0015448494321705427,0.010259670631021192,0.004590592308429119,0.032840054124732974,0.4319638556922414,0.0004972053999011367,0.005132981805669467,0.004945588734315372,0.0023025437600824607,0.10350451534393086,0.0008707670785961444,0.002107970451757791,0.0006907438260009888,0.00597405753633218,0.004630414587619518,0.020730193172581304,0.24373743358993097
2026-09-13 15:37:34.448999882,2686.946218487395,16064.585546218488,15316.157647058822,15879.890420168067,560440.1707563025,4677.957983193278,11495.163025210084,3711.0615126050425,32171.442352941176,14293.297815126049,101610.72907563025,1337182.100168067,0.0030171031658972856,0.002764986664073727,0.0030064887913833936,0.0007481465134054425,0.0028734867174588377,0.0027181947598488815,6592.958630879445,6888.777583432925,25182.621820705255,18982.893813136823,13442.943964592296,21925.418006211174,1.1685499168520816,0.0,5161.794608056874,10.4435506032295,0.0,1615.9056921302938,0.0,0.0,0.0,0.0,0.0,0.0,0.0012586464127906979,0.005212603232561334,0.004953039075144508,0.005085546264037893,0.1828197345165361,0.0016641336027131783,0.0037612336570881236,0.0015448494321705427,0.010259670631021192,0.004590592308429119,0.032856127667790294,0.4321722734152528,0.0004984172338394181,0.005118771939675069,0.004945588734315372,0.0023025437600824607,0.10399383283766962,0.0008677415505967092,0.002144248394815553,0.0006883863178928043,0.005967667382343055,0.004630414587619518,0.020715573473631645,0.244567649961632
2026-09-13 15:37:49.448999882,2686.946218487395,16064.585546218488,15268.825210084036,15810.446560030512,560208.9902521009,4677.957983193278,11495.163025210084,3711.0615126050425,32171.442352941176,14249.24470588235,101465.54924369747,1334994.7038655463,0.002967490225427165,0.002764986664073727,0.0029936959612927067,0.0007481465134054425,0.0028734867174588377,0.0027181947598488815,6698.24141812509,6888.777583432925,25075.467919744904,18982.893813136823,13442.943964592296,21925.418006211174,1.18721046049718,0.0,5139.830793798478,10.4435506032295,0.0,1615.9056921302938,0.0,0.0,0.0,0.0,0.0,0.0,0.0012586464127906979,0.00522001486018038,0.004953039075144508,0.005095092399700975,0.1829100020667255,0.0016641336027131783,0.0037612336570881236,0.0015448494321705427,0.010259670631021192,0.004590592308429119,0.0328722012108476,0.43238069113826416,0.0004984172338394181,0.005118771939675069,0.004938374325090036,0.0023061980673991524,0.10411525890476356,0.0008677415505967092,0.002144248394815553,0.0006883863178928043,0.005967667382343055,0.004623673685496786,0.020728138845174302,0.24449299215939196
2026-09-13 15:38:04.448999882,2698.9230252100842,16067.223529411762,15268.825210084036,15746.544640538987,560170.5489075631,4676.24268907563,11502.895462184872,3701.65613445378,32174.1650420168,14249.24470588235,101493.29042016806,1334567.9586554624,0.0030221089473344977,0.002764986664073727,0.002980903131202021,0.0007481465134054425,0.0028734867174588377,0.0027077913696000673,6592.022742945734,6888.777583432925,24968.314018784564,18982.893813136823,13442.943964592296,22047.764650208854,1.1681769879400556,0.0,5117.866979540084,10.4435506032295,0.0,1643.8799746187167,0.0,0.0,0.0,0.0,0.0,0.0,0.0012699007419782668,0.005220365655196212,0.00499559941036502,0.005104638535364057,0.1840138139943881,0.0016751051085465475,0.0037903345679837367,0.0015512934993011456,0.010332910536695201,0.004624732532151258,0.03306841486821249,0.4346277631213471,0.0005020652027625168,0.0051280329141176455,0.004938374325090036,0.0022968769844888817,0.10423956419177975,0.0008698946623995479,0.002151821308748041,0.0006885979038090528,0.005985175769982343,0.004623673685496786,0.02075439569779127,0.24479436352745096
2026-09-13 15:38:19.448999882,2698.9230252100842,16067.223529411762,15255.441680672273,15873.295543280346,560150.0137815126,4676.24268907563,11502.895462184872,3701.65613445378,32174.1650420168,14250.300504201681,101486.59260504201,1334180.988907563,0.0030221089473344977,0.002764986664073727,0.002968110301111336,0.0007481465134054425,0.0028674641628019123,0.002707011151919809,6592.022742945734,6888.777583432925,24861.160117824224,18982.893813136823,10320.495379869402,21797.756799280414,1.1681769879400556,0.0,5095.90316528169,10.4435506032295,0.0,1620.3118458829842,0.0,0.0,0.0,0.0,0.0,0.0,0.0012717088938830284,0.005227767257468939,0.005002712527031686,0.005082714880200223,0.18427393189082333,0.0016774902118798806,0.0037956845354978615,0.0015535023131106698,0.010347541773437621,0.00463129685080656,0.033109576884086375,0.4352422794474684,0.0005020652027625168,0.0051280329141176455,0.004942107875483372,0.0023292591460176565,0.10440004893052111,0.0008698946623995479,0.002151821308748041,0.0006885979038090528,0.005985175769982343,0.004631547247906222,0.020795266007370215,0.24504859704146698
2026-09-13 15:38:34.448999882,2709.199663865546,16030.709243697482,15255.441680672273,15868.354895844444,560093.8658823529,4672.793949579834,11514.34588235294,3691.149579831934,32141.36571428572,14250.300504201681,101468.68638655462,1333621.049747899,0.0030221089473344977,0.002764986664073727,0.002955317471020649,0.0007445786864070522,0.0028674641628019123,0.0027181262459276276,6592.022742945734,6888.777583432925,24754.006216863872,18630.491027912973,10320.495379869402,21688.675251948767,1.1681769879400556,0.0,5073.939351023294,10.249047631492466,0.0,1731.2436539863786,0.0,0.0,0.0,0.0,0.0,0.0,0.0012735170457877905,0.005235168859741667,0.005009825643698354,0.005082714880200223,0.18453404978725854,0.001679875315213214,0.0038010345030119862,0.0015557111269201933,0.010362173010180047,0.004637861169461864,0.033156475439407015,0.43585679577358977,0.0005054086596087846,0.005124780253221289,0.004942107875483372,0.0023285341517531736,0.10452101580145302,0.0008717225822018221,0.0021600999612362906,0.0006885941211496365,0.005996060305306123,0.004631547247906222,0.020812194882123134,0.24532501005629515
2026-09-13 15:38:49.448999882,2709.199663865546,16030.709243697482,15249.503193277307,15884.54226802773,560145.1976002536,4672.793949579834,11514.34588235294,3691.149579831934,32141.36571428572,14264.119663865547,101504.89625145632,1333579.5828280451,0.0030221089473344977,0.0027653669553618482,0.0029425246409299634,0.0007490200176807973,0.002861815694996369,0.0027225603402337845,6592.022742945734,7104.046862830146,24646.852315903532,19133.20221215589,13411.211740499584,21717.70106355045,1.1681769879400556,0.0,5051.9755367649,10.52624365238725,0.0,1731.2436539863786,0.0,0.0,0.0,0.0,0.0,0.0,0.0012753251976925521,0.005242570462014394,0.0050169387603650195,0.005082714880200223,0.18479416768369375,0.0016822604185465471,0.0038063844705261093,0.001557919940729717,0.010376804246922472,0.004644425488117166,0.03320337399472765,0.43647131209971124,0.0005054086596087846,0.005124780253221289,0.004948243088459854,0.002344930007001081,0.10469489960072499,0.0008717225822018221,0.0021600999612362906,0.0006885941211496365,0.005996060305306123,0.0046435769426000995,0.020861937331111285,0.24564244925028522
2026-09-13 15:39:04.448999882,2720.414117647058,16030.05277310924,15249.503193277307,15883.94372998202,560140.1787767241,4674.941848739496,11521.249411764706,3684.097815126051,32152.894789915976,14264.119663865547,101530.95843633026,1333464.3465255243,0.0030221089473344977,0.0027653669553618482,0.0029314394572664453,0.0007490200176807973,0.002861815694996369,0.002710825106550672,6592.022742945734,7104.046862830146,22285.657609717502,19133.20221215589,13411.211740499584,21977.21492163297,1.1681769879400556,0.0,2578.0112557155303,10.52624365238725,0.0,1745.797411615699,0.0,0.0,0.0,0.0,0.0,0.0,0.0012769509033347614,0.0052487661680716575,0.005024150600627962,0.005120702870500223,0.18505305774301037,0.0016837776090491382,0.0038139877784528773,0.001556126396144645,0.010389275335476046,0.004651561050425124,0.033252940651849715,0.4370333829205717,0.0005089384260207611,0.005132971324364145,0.004948243088459854,0.002344841648784644,0.10482540406182903,0.0008745938828952757,0.0021675353954536385,0.0006892255598785398,0.006015203185515148,0.0046435769426000995,0.020887917729917615,0.24600043527318272
2026-09-13 15:39:19.448999882,2720.414117647058,16030.05277310924,15230.435294117651,15885.273147882033,560155.6527731093,4674.941848739496,11521.249411764706,3684.097815126051,32152.894789915976,14275.748571428572,101526.99126050419,1333604.4776470587,0.0030221089473344977,0.0027623098439132506,0.0030342624061591296,0.0007490200176807973,0.002861815694996369,0.0027119977810721664,6592.022742945734,6896.840570555987,25071.461370592748,19133.20221215589,13411.211740499584,22066.8115973589,1.1681769879400556,0.0,5247.440410624722,10.52624365238725,0.0,1753.2033343079108,0.0,0.0,0.0,0.0,0.0,0.0,0.0012787587972741554,0.0052561660677891715,0.005031263857730234,0.0051279067038335555,0.1853131739111212,0.0016861614840491383,0.0038193409095390197,0.0015583295438719178,0.01040390352238753,0.00465812617566053,0.03329984615587761,0.4376478253771673,0.0005089384260207611,0.005132971324364145,0.004950104782006921,0.002359177627460717,0.1049926075668851,0.0008745938828952757,0.0021675353954536385,0.0006892255598785398,0.006015203185515148,0.004654907065930372,0.02092949428557218,0.2463513602412737
2026-09-13 15:39:34.448999882,2728.4823529411765,16009.992605042018,15230.435294117651,15886.54474896899,560113.5751260504,4678.121344537816,11522.235630252104,3677.4332773109245,32129.85478991597,14275.748571428572,101534.8749579832,1333517.40302521,0.003018956351222489,0.0027623098439132506,0.0030367966758345234,0.0007490200176807973,0.0028604354969241313,0.002721546213958134,6756.807606160653,6896.840570555987,25284.462521342262,19133.20221215589,13647.630697600653,22225.63816964556,1.1973786294808884,0.0,5538.409245602432,10.52624365238725,0.0,1778.6025630245265,0.0,0.0,0.0,0.0,0.0,0.0,0.0012805666912135492,0.005263565967506686,0.005038377114832508,0.005135110537166889,0.18557329007923207,0.0016885453590491381,0.0038246940406251617,0.0015605326915991901,0.010418531709299019,0.004664691300895934,0.033346751659905506,0.43826226783376293,0.0005118897844784973,0.0051349382948571425,0.004950104782006921,0.0023593664773978555,0.10511615702578576,0.000877660991370666,0.0021738617889075634,0.0006899221927265023,0.006027872757178166,0.004654907065930372,0.02095175754595166,0.2467145026852765
2026-09-13 15:39:49.448999882,2728.4823529411765,16009.992605042018,15226.56605042017,15903.283515738249,560179.0739495797,4678.121344537816,11522.235630252104,3677.4332773109245,32129.85478991597,14285.66823529412,101562.24100840338,1333596.3670588236,0.003018951891700882,0.0027623098439132506,0.003039330945509918,0.0007430980214379479,0.0028604354969241313,0.0027290509837786577,9829.69558882001,6896.840570555987,25497.463672091784,18762.32250665088,13647.630697600653,21790.35770398567,1.161627935336801,0.0,5829.378080580143,10.322202002558708,0.0,1746.923293301898,0.0,0.0,0.0,0.0,0.0,0.0,0.0012823745851529432,0.005270965867224199,0.005045490371934781,0.005142314370500223,0.1858334062473429,0.0016909292340491378,0.003830047171711304,0.0015627358393264631,0.010433159896210506,0.004671256426131339,0.033393657163933395,0.4388767102903584,0.0005118897844784973,0.0051349382948571425,0.0049568941296688086,0.002376128385899241,0.10529276369826913,0.000877660991370666,0.0021738617889075634,0.0006899221927265023,0.006027872757178166,0.004665691242471577,0.020999880193465163,0.24705418314126765
2026-09-13 15:40:04.448999882,2735.5492436974787,16042.319999999998,15226.56605042017,15907.338310475088,560212.1727731093,4676.635966386554,11510.703529411767,3670.0184873949584,32134.680000000004,14285.66823529412,101608.34823529412,1333563.4225210082,0.003018951891700882,0.0027623098439132506,0.0030418652151853118,0.0007430980214379479,0.0028604354969241313,0.0027293600737148646,9829.69558882001,6896.840570555987,25710.464822841295,18762.32250665088,13647.630697600653,21790.32663266144,1.161627935336801,0.0,6120.346915557853,10.322202002558708,0.0,1746.892221977668,0.0,0.0,0.0,0.0,0.0,0.0,0.0012839278351128062,0.00527998313168427,0.005052635577370228,0.005154028797883556,0.18610109662892851,0.0016927006302814103,0.003835872252392467,0.0015612524029432744,0.010444660292719198,0.004678901831698923,0.03345164018483154,0.43953111770937325,0.0005146612795593531,0.005153714131999998,0.0049568941296688086,0.0023767342175731636,0.10543044444910572,0.0008798538194986227,0.0021778207722831506,0.0006904706303792106,0.006045760486722689,0.004665691242471577,0.02103008007149532,0.24742732050458294
2026-09-13 15:40:19.448999882,2735.5492436974787,16042.319999999998,15209.764033613445,15933.568599967792,560281.211092437,4676.635966386554,11510.703529411767,3670.0184873949584,32134.680000000004,14297.300168067226,101657.77714285713,1333970.9606722689,0.003018951891700882,0.0027623098439132506,0.0030470670661489428,0.0007372487799534091,0.0028604354969241313,0.0027312004473062724,9829.69558882001,6896.840570555987,26406.8293623966,17206.92207050451,13647.630697600653,21934.7981660611,1.161627935336801,0.0,6467.2313658054845,10.516964253619056,0.0,1746.892221977668,0.0,0.0,0.0,0.0,0.0,0.0,0.0012857353708943505,0.005287385302096255,0.0050597488801009255,0.005161776047883556,0.18636122337481964,0.001695083643464084,0.0038412260424297105,0.0015634503610412029,0.010459284088131182,0.004685468473552857,0.033498569972136655,0.4401456159263507,0.0005146612795593531,0.005153714131999998,0.004959462385944495,0.0023950784664106047,0.10560778178708956,0.0008798538194986227,0.0021778207722831506,0.0006904706303792106,0.006045760486722689,0.004677046034624672,0.021082894497753118,0.24782809711350312
2026-09-13 15:40:34.448999882,2745.57781512605,16054.278655462187,15209.764033613445,15939.226452622657,560298.7421848739,4674.055462184874,11507.136806722685,3662.736806722689,32113.669915966388,14297.300168067226,101687.64201680671,1334486.5290756302,0.003018951891700882,0.0027616781032923214,0.003049590232439111,0.0007372487799534091,0.0028104828017648355,0.0027316517649611377,9829.69558882001,7099.748447643753,26617.679164609322,17206.92207050451,13786.794345327065,21934.832542793738,1.161627935336801,0.0,6757.951332168233,10.516964253619056,0.0,1746.9265987103058,0.0,0.0,0.0,0.0,0.0,0.0,0.0012875429066758945,0.00529478747250824,0.005066862182831621,0.005169523297883556,0.1866213501207108,0.0016974666566467586,0.0038465798324669553,0.0015656483191391311,0.010473907883543167,0.004692035115406789,0.03354549975944178,0.440760114143328,0.0005179990144537814,0.005165969569871149,0.004959462385944495,0.0023959289350909117,0.1057425659559024,0.0008818384638655461,0.00218327875518587,0.0006910363442016806,0.006058779057478991,0.004677046034624672,0.021109784066574197,0.24830338354810325
2026-09-13 15:40:49.448999882,2745.57781512605,16054.278655462187,15202.125378151257,15963.78031724643,560351.3596638655,4674.055462184874,11507.136806722685,3662.736806722689,32113.669915966388,14295.451764705884,101725.98655462185,1334848.005378151,0.003018951891700882,0.0027616781032923214,0.0030521133987292796,0.0007372487799534091,0.002858101376995792,0.0027289487635924594,9829.69558882001,7099.748447643753,26828.528966822058,17206.92207050451,13580.899535455856,21984.70643435824,1.161627935336801,0.0,7048.671298530984,10.516964253619056,0.0,1746.9265987103058,0.0,0.0,0.0,0.0,0.0,0.0,0.001289350442457439,0.0053021896429202246,0.0050739754855623175,0.005177270547883556,0.18688147686660192,0.0016998496698294328,0.003851933622504199,0.0015678462772370596,0.010488531678955153,0.004698601757260722,0.0335924295467469,0.4413746123603054,0.0005179990144537814,0.005165969569871149,0.004965005631907349,0.002414196078441004,0.10591686129288222,0.0008818384638655461,0.00218327875518587,0.0006910363442016806,0.006058779057478991,0.004683996202867028,0.021160425384808636,0.2486960186052209
2026-09-13 15:41:04.448999882,2754.1421848739483,16091.506890756304,15202.125378151257,15970.314277067857,560383.2060504202,4672.787899159665,11502.847058823534,3658.552941176471,32144.033949579833,14295.451764705884,101763.10285714286,1335363.661512605,0.0030211883435914432,0.002715897290177889,0.003054636565019448,0.0007421130600628441,0.002858101376995792,0.002717279623867959,10127.217716899511,6982.054695988349,27039.378769034785,18724.31376427836,13580.899535455856,20347.595796742655,1.196787723575929,0.0,7339.391264893736,1740.7054113726167,0.0,151.82384277629447,0.0,0.0,0.0,0.0,0.0,0.0,0.001291114794249098,0.005312735742743948,0.005081985017843023,0.005188664816994667,0.1871561465142807,0.0017012380924626238,0.0038573840412961004,0.0015666922347923736,0.010501499647321373,0.004705052401670342,0.03365417359962017,0.44214421751522626,0.0005210703292592328,0.0051863820681512605,0.004965005631907349,0.0024151842065575344,0.10605438039580835,0.000884068782848669,0.0021885953694915257,0.0006921804531883341,0.006081495155121813,0.004683996202867028,0.021188870732731308,0.24917184311565496
2026-09-13 15:41:19.448999882,2754.1421848739483,16091.506890756304,15200.903193277312,15981.400565992599,560377.44302521,4672.787899159665,11502.847058823534,3658.552941176471,32144.033949579833,14274.335798319331,101788.21210084033,1335266.3465546218,0.0030135002146692348,0.002759711636048255,0.0030282601554181623,0.0007372622141657476,0.002858101376995792,0.0027291737068553946,9881.157058626652,6864.939183351891,25232.260051197558,19112.32021592769,13580.899535455856,22059.143305481837,1.1677094136878576,0.0,5337.438498933721,1776.776422494103,0.0,1773.5434929078879,0.0,0.0,0.0,0.0,0.0,0.0,0.0012929222699045286,0.005320142302334264,0.005089099575895456,0.005196708733661334,0.18741629349254213,0.0017036197137173055,0.003862737965370176,0.0015688855007099764,0.010516121131027144,0.00471161888165172,0.03370113438471626,0.442758931276234,0.0005210703292592328,0.0051863820681512605,0.004972639810809971,0.002431578688266616,0.10621766246088107,0.000884068782848669,0.0021885953694915257,0.0006921804531883341,0.006081495155121813,0.0046846210946854035,0.021236875025795212,0.249479163015896
2026-09-13 15:41:34.448999882,2765.4776470588235,16116.416470588232,15200.903193277312,15987.794032450129,560408.3727731092,4674.563697478992,11498.421176470589,3656.2447058823527,32154.40134453781,14274.335798319331,101834.74890756301,1335470.2820168068,0.0030135002146692348,0.002759711636048255,0.003029211658353073,0.0007372622141657476,0.002858101376995792,0.0027270221128175907,9881.157058626652,6864.939183351891,25282.226069592507,19112.32021592769,13580.899535455856,22010.353940083736,1.1677094136878576,0.0,5473.494797550038,1776.776422494103,0.0,1799.1692538828418,0.0,0.0,0.0,0.0,0.0,0.0,0.001294729745559959,0.005327548861924581,0.00509621413394789,0.005204752650328001,0.18767644047080356,0.0017060013349719872,0.0038680918894442497,0.0015710787666275792,0.010530742614732918,0.004718185361633098,0.03374809516981235,0.4433736450372416,0.0005246764379238753,0.0052028567601568616,0.004972639810809971,0.0024325514576254764,0.10635503053806909,0.0008868751596130216,0.0021938814370488532,0.0006936759913791397,0.006100449511486475,0.0046846210946854035,0.021267337036489645,0.24989704876088767
2026-09-13 15:41:49.448999882,2765.4776470588235,16116.416470588232,15199.726386554625,15999.511374649393,560455.2847058823,4674.563697478992,11498.421176470589,3656.2447058823527,32154.40134453781,14277.993277310921,101852.47663865545,1335268.409747899,0.0030135002146692348,0.002759711636048255,0.003030163161287984,0.0007372622141657476,0.002858101376995792,0.0027348008149878137,9881.157058626652,6864.939183351891,25332.192087987463,19112.32021592769,13580.899535455856,21984.323151035227,1.1677094136878576,0.0,5609.551096166355,1776.776422494103,0.0,1799.1329816184168,0.0,0.0,0.0,0.0,0.0,0.0,0.0012965372212153901,0.005334955421514897,0.005103328692000326,0.005212796566994667,0.18793658744906502,0.0017083829562266686,0.003873445813518324,0.0015732720325451824,0.01054536409843869,0.004724751841614476,0.03379505595490844,0.4439883587982492,0.0005246764379238753,0.0052028567601568616,0.004980287566358308,0.0024491961398329983,0.10652832911536432,0.0008868751596130216,0.0021938814370488532,0.0006936759913791397,0.006100449511486475,0.00469336703012499,0.021313911415207137,0.25018475270303164
2026-09-13 15:42:04.448999882,2775.173445378151,16130.005714285717,15199.726386554625,16005.592366694851,560469.0705882353,4674.536470588234,11501.921344537815,3649.2715966386554,32185.32201680672,14277.993277310921,101877.60705882353,1335180.569747899,0.0030135002146692348,0.0027606701325434487,0.003031114664222895,0.0007336383224181258,0.002854645869223509,0.002725058557430702,9881.157058626652,7053.856159360097,25382.158106382416,18769.504041702876,13270.031345362093,22020.474575087763,1.1677094136878576,0.0,5745.607394782672,1744.9065245052304,0.0,1799.1329816184168,0.0,0.0,0.0,0.0,0.0,0.0,0.0012985204637361487,0.0053457877962487035,0.005111594600143645,0.005220284470179389,0.18820603049532925,0.0017101882602520808,0.0038787036403128677,0.001572902345878837,0.010562500300356534,0.004729959826731332,0.033850845985014644,0.444587045950236,0.000527982578179507,0.005215697088476191,0.004980287566358308,0.0024501270146513178,0.10666246915250217,0.0008893403839841814,0.002200679289719413,0.0006942815877974718,0.006123325129920202,0.00469336703012499,0.021339945140325015,0.25054799477768436
2026-09-13 15:42:19.448999882,2775.173445378151,16130.005714285717,15192.934789915964,16012.766001083099,560435.8174789916,4674.536470588234,11501.921344537815,3649.2715966386554,32185.32201680672,14257.500504201682,101860.47831932774,1334707.9290756301,0.0030135002146692348,0.0027606701325434487,0.003032066167157806,0.0007336383224181258,0.0028631299364309253,0.002725808762883277,9881.157058626652,7053.856159360097,25432.124124777372,18769.504041702876,13699.26040102368,21969.58211302015,1.1677094136878576,0.0,5881.6636933989885,1744.9065245052304,0.0,1799.1498761715102,0.0,0.0,0.0,0.0,0.0,0.0,0.0013003281844065396,0.005353199111989445,0.005118710761689269,0.005228294157679389,0.1884661903541102,0.0017125690796189336,0.0038840574317493314,0.0015750920442028596,0.010577125275356534,0.004736524420712814,0.03389782312815032,0.44520173770170157,0.000527982578179507,0.005215697088476191,0.004986091388952755,0.002466228405258162,0.10682053063639219,0.0008893403839841814,0.002200679289719413,0.0006942815877974718,0.006123325129920202,0.004694165558161147,0.021379301826945505,0.250784645516633
2026-09-13 15:42:34.448999882,2779.904873949579,16138.98756302521,15192.934789915964,16018.355059645794,560406.2218487395,4671.583865546218,11504.852773109244,3638.9132773109236,32162.868907563025,14257.500504201682,101862.41445378152,1334641.0931092438,0.0030135002146692348,0.0027574470818872644,0.002971418043054721,0.0007364833901466418,0.0028631299364309253,0.002735429737324116,9881.157058626652,6897.318781660091,25824.362360382645,19241.868499393582,13699.26040102368,22017.938719003243,1.1677094136878576,0.0,6043.760447955431,1788.8198757763973,0.0,1799.17291926141,0.0,0.0,0.0,0.0,0.0,0.0,0.001302135905076931,0.005360610427730186,0.005125826923234893,0.0052363038451793895,0.18872635021289114,0.0017149498989857865,0.003889411223185795,0.0015772817425268818,0.010591750250356533,0.004743089014694295,0.033944800271285984,0.44581642945316724,0.0005303518611341005,0.005227059427495798,0.004986091388952755,0.0024670892118786444,0.1069463945745704,0.0008912474742405195,0.0022073717523999428,0.0006942339816058186,0.006136050749212626,0.004694165558161147,0.0214004934485663,0.25115163433086574
2026-09-13 15:42:49.448999882,2779.904873949579,16138.98756302521,15188.59361344538,16006.77261014768,560425.5922689076,4671.583865546218,11504.852773109244,3638.9132773109236,32162.868907563025,14264.597647058823,101854.4974789916,1334336.2699159663,0.0030127265324836846,0.0027574470818872644,0.003028109574603812,0.0007364833901466418,0.0028631299364309253,0.0027265195065891653,10174.049626901487,6897.318781660091,26330.69988293357,19241.868499393582,13699.26040102368,21950.432525003023,1.2023221019737045,0.0,6232.267394030283,1788.8198757763973,0.0,1773.430788712634,0.0,0.0,0.0,0.0,0.0,0.0,0.0013039436257473221,0.005368021743470927,0.005132943084780517,0.00524431353267939,0.1889865100716721,0.001717330718352639,0.0038947650146222593,0.0015794714408509044,0.010606375225356533,0.004749653608675777,0.03399177741442166,0.44643112120463285,0.0005303518611341005,0.005227059427495798,0.004992693518954876,0.002480433662380924,0.10711447803279943,0.0008912474742405195,0.0022073717523999428,0.0006942339816058186,0.006136050749212626,0.004704040761324765,0.02144184148119611,0.2514195246085675
2026-09-13 15:43:04.448999882,2792.2931092436975,16141.32907563025,15188.59361344538,16011.639497268892,560397.5062184874,4670.9727731092435,11504.16907563025,3626.068235294117,32171.26386554621,14264.597647058823,101858.25478991597,1334137.1899159665,0.003009369443440524,0.0027574470818872644,0.0030223153668859945,0.0007360489772095781,0.0028631299364309253,0.002733872633020965,9840.25839926798,6897.318781660091,28272.607620641604,18914.75810418777,13699.26040102368,22082.192878956215,1.1628761993935215,0.0,7988.437544400305,1758.3025960438576,0.0,1786.8702051553068,0.0,0.0,0.0,0.0,0.0,0.0,0.0013062658869446445,0.005375274406599079,0.005140990797857993,0.005249762969520223,0.189243740135721,0.0017186813180052334,0.0039006411917247557,0.0015786283316595508,0.010624129957026848,0.0047551126873552375,0.03403907831643135,0.4469247642117948,0.000534190961474472,0.005236277043484593,0.004992693518954876,0.002481187842560807,0.10724061282661104,0.0008935993962912222,0.002213371799008688,0.0006936996945526443,0.006154654151204009,0.004704040761324765,0.021463430346986792,0.2517614170178273
2026-09-13 15:43:19.448999882,2792.2931092436975,16141.32907563025,15183.47798319328,15991.115613404503,560379.745210084,4670.9727731092435,11504.16907563025,3626.068235294117,32171.26386554621,14256.868235294116,101837.9919327731,1333743.2228571428,0.003009369443440524,0.0027574470818872644,0.003022987260167459,0.0007360489772095781,0.0028631299364309253,0.0027414847493266044,9840.25839926798,6897.318781660091,28400.006903075053,18914.75810418777,13699.26040102368,23935.48554408154,1.1628761993935215,0.0,8197.225114837984,1758.3025960438576,0.0,1812.572358268605,0.0,0.0,0.0,0.0,0.0,0.0,0.001308074320277978,0.005382685503284162,0.005148108249709845,0.005257646502853556,0.18950389597016995,0.0017210607115237522,0.0039059957004243893,0.001580813831659551,0.010638759253067363,0.004761675755034798,0.034086055159388104,0.4475392895772907,0.000534190961474472,0.005236277043484593,0.004999036077943648,0.002493253255125896,0.10740158739866924,0.0008935993962912222,0.002213371799008688,0.0006936996945526443,0.006154654151204009,0.004709026272862084,0.021502234339991152,0.25201217965129563
2026-09-13 15:43:34.448999882,2800.113277310925,16122.497142857144,15183.47798319328,15995.30265599159,560340.145210084,4668.6554621848745,11499.885378151264,3613.3139495798305,32137.54184873949,14256.868235294116,101814.63731092437,1333489.7011764706,0.003009369443440524,0.0027574470818872644,0.0030236591534489243,0.0007360489772095781,0.0028631299364309253,0.002741367253270862,9840.25839926798,6897.318781660091,28527.406185508502,18914.75810418777,13699.26040102368,23883.9178738504,1.1628761993935215,0.0,8406.012685275662,1758.3025960438576,0.0,1812.5375786194784,0.0,0.0,0.0,0.0,0.0,0.0,0.001309882753611311,0.005390096599969245,0.005155225701561696,0.0052655300361868895,0.18976405180461886,0.0017234401050422706,0.003911350209124024,0.0015829993316595508,0.010653388549107879,0.004768238822714354,0.03413303200234486,0.4481538149427866,0.0005371668288793164,0.005238617312380953,0.004999036077943648,0.0024939060774687508,0.10752548715587858,0.0008956233556952193,0.0022186765677026064,0.0006931692413191155,0.006165186809671631,0.004709026272862084,0.021518105707992854,0.2523434959728166
2026-09-13 15:43:49.448999882,2800.113277310925,16122.497142857144,15194.919327731097,15976.918624269425,560367.3569747899,4668.6554621848745,11499.885378151264,3613.3139495798305,32137.54184873949,14253.634285714283,101806.29983193277,1333356.3529411766,0.003009369443440524,0.0027551982155837743,0.00302433104673039,0.0007360489772095781,0.0028130394352031277,0.002740811159342448,9840.25839926798,7094.812832216376,28654.80546794195,18914.75810418777,13459.59163461317,23784.81207131317,1.1628761993935215,0.0,8614.800255713344,1758.3025960438576,0.0,1812.5375786194784,0.0,0.0,0.0,0.0,0.0,0.0,0.0013116911869446445,0.0053975076966543255,0.005162343153413549,0.005273413569520223,0.1900242076390678,0.0017258194985607892,0.003916704717823657,0.001585184831659551,0.010668017845148392,0.004774801890393913,0.03418000884530161,0.4487683403082825,0.0005371668288793164,0.005238617312380953,0.0050108332286138,0.0025064059324583447,0.10769507868784897,0.0008956233556952193,0.0022186765677026064,0.0006931692413191155,0.006165186809671631,0.004715490836206481,0.021559473485445898,0.25264327455114766
2026-09-13 15:44:04.448999882,2810.955630252102,16116.044369747897,15194.919327731097,15980.733190488583,560325.4638655462,4669.082016806722,11486.994957983197,3601.297815126049,32135.16705882353,14253.634285714283,101803.40773109243,1333311.9973109243,0.003009369443440524,0.002754743786551679,0.0030250029400118545,0.0007436183374906626,0.0028585606555014097,0.0027456521638552496,9840.25839926798,6919.235179668386,28782.2047503754,19341.81537659666,13580.319233334083,23585.935943037395,1.1628761993935215,0.0,8823.587826151022,1798.0015394086001,0.0,1779.859790999444,0.0,0.0,0.0,0.0,0.0,0.0,0.001314109608167996,0.005402718491618223,0.005170333798538429,0.005278276058708556,0.19027983262552017,0.001727234608207105,0.0039221565320086945,0.0015838437988682662,0.010682936758812545,0.0047801598618740495,0.034224264018253424,0.449323948476813,0.0005407323275135937,0.005244966640134453,0.0050108332286138,0.0025070043489381607,0.1078185133869309,0.0008981726922787935,0.0022223116855718565,0.0006927673025803259,0.006181713966505189,0.004715490836206481,0.021579674756085715,0.2530140390556029
2026-09-13 15:44:19.448999882,2810.955630252102,16116.044369747897,15195.146218487396,15948.262030327474,560267.3798319328,4669.082016806722,11486.994957983197,3601.297815126049,32135.16705882353,14235.325714285715,101737.37042016805,1333223.4312605043,0.003009369443440524,0.002754743786551679,0.0030256748332933205,0.0007436183374906626,0.0028585606555014097,0.0027287375475902264,9840.25839926798,6919.235179668386,28909.60403280885,19341.81537659666,13580.319233334083,23917.017862495253,1.1628761993935215,0.0,9032.3753965887,1798.0015394086001,0.0,1779.8768973201993,0.0,0.0,0.0,0.0,0.0,0.0,0.0013159188816486591,0.0054101265671676725,0.005177452453234561,0.005286035239264112,0.19053998227626628,0.001729612674505448,0.003927511173629823,0.0015860244438958904,0.010697566452493864,0.004786721274877713,0.034271237507642285,0.44993839327717683,0.0005407323275135937,0.005244966640134453,0.005018938351811313,0.0025173844600247736,0.10797167723831995,0.0008981726922787935,0.0022223116855718565,0.0006927673025803259,0.006181713966505189,0.004716956918895558,0.0216088468485302,0.2533222128345567
2026-09-13 15:44:34.448999882,2816.8971428571417,16083.142184873954,15195.146218487396,15951.332406701102,560209.2715966387,4670.863865546217,11476.651764705884,3587.112605042016,32088.554621848736,14235.325714285715,101709.9650420168,1333240.2090756302,0.0030053423623362455,0.002754743786551679,0.003025393643947007,0.0007381096173593243,0.0028585606555014097,0.002740214683543169,9860.499515571959,6919.235179668386,29503.878972785118,18895.692818318847,13580.319233334083,23917.04093941966,1.1651305111156751,0.0,9294.757821932208,1756.530300492786,0.0,1779.8999742446063,0.0,0.0,0.0,0.0,0.0,0.0,0.001317728155129322,0.005417534642717124,0.005184571107930693,0.005293794419819667,0.1908001319270124,0.0017319907408037901,0.003932865815250953,0.0015882050889235143,0.010712196146175182,0.004793282687881376,0.03431821099703114,0.4505528380775406,0.0005433639409363742,0.005242687381915968,0.005018938351811313,0.0025178691095592933,0.10809193766202747,0.0009009839084810392,0.002226427215792622,0.0006919342605748182,0.00618970541487183,0.004716956918895558,0.021623834146664404,0.2537045493001437
2026-09-13 15:44:49.448999882,2816.8971428571417,16083.142184873954,15193.400672268912,15936.982769399234,560199.1250420169,4670.863865546217,11476.651764705884,3587.112605042016,32088.554621848736,14224.071932773106,101692.65478991596,1333657.588235294,0.0030053423623362455,0.002754743786551679,0.003024069907670873,0.0007381096173593243,0.0028585606555014097,0.0027411088094319875,9860.499515571959,6919.235179668386,28025.47900212517,18895.692818318847,13580.319233334083,24038.222569992384,1.1651305111156751,0.0,8006.462242199124,1756.530300492786,0.0,1828.6483013920058,0.0,0.0,0.0,0.0,0.0,0.0,0.0013195374286099847,0.005424942718266574,0.0051916897626268265,0.005301553600375222,0.19106028157775848,0.0017343688071021328,0.003938220456872083,0.001590385733951139,0.0107268258398565,0.00479984410088504,0.03436518448642,0.45116728287790436,0.0005433639409363742,0.005242687381915968,0.005026391178894148,0.0025312043434047,0.10825430032388436,0.0009009839084810392,0.002226427215792622,0.0006919342605748182,0.00618970541487183,0.004720745023679116,0.021643520574392144,0.2536703046287143
2026-09-13 15:45:04.448999882,2859.5253781512615,16047.063529411764,15193.400672268912,15939.21818684429,560116.1919327731,4689.096806722689,11471.315294117645,3591.481008403361,32051.008739495803,14224.071932773106,101637.5687394958,1334236.6164705881,0.0030053423623362455,0.002754743786551679,0.0030246792147257066,0.0007381096173593243,0.0028585606555014097,0.0027445446421288083,9860.499515571959,6919.235179668386,28096.580689214188,18895.692818318847,13580.319233334083,23970.171067085732,1.1651305111156751,0.0,8163.675292764509,1756.530300492786,0.0,1828.6483013920058,0.0,0.0,0.0,0.0,0.0,0.0,0.0013215383260212557,0.005427701727389436,0.00519788912478025,0.005304287569847841,0.19130135762368844,0.0017362865189192818,0.0039432483957614235,0.001589132292167481,0.010740253707956643,0.004803198969260184,0.034399878662892805,0.4519223878223917,0.0005530978891095264,0.0052393365255686275,0.005026391178894148,0.002531559385411593,0.10836971100360342,0.000906979027164748,0.002231505674775673,0.0006946749204265235,0.0061994012758534,0.004720745023679116,0.02164266030012678,0.25404926686591567
2026-09-13 15:45:19.448999882,2859.5253781512615,16047.063529411764,15185.175126050422,15910.722152903512,560019.1159663866,4689.096806722689,11471.315294117645,3591.481008403361,32051.008739495803,14210.010756302521,101848.2542314395,1334733.165378151,0.0030053423623362455,0.002707412551611482,0.00302528852178054,0.0007354012527424807,0.0028585606555014097,0.0027434690510809686,9860.499515571959,7021.106638553014,28167.682376303208,19354.79689936271,13580.319233334083,24362.427745956364,1.1651305111156751,0.0,8320.888343329896,1799.2082926250266,0.0,2250.11692214239,0.0,0.0,0.0,0.0,0.0,0.0,0.001323347862193417,0.005435103454165391,0.005205006521300397,0.0053118690460383184,0.19156148133018788,0.0017386639552745933,0.003948602593678091,0.0015913082353909242,0.010754881760324582,0.00480975600341319,0.03444683273198689,0.4525370240689739,0.0005530978891095264,0.0052393365255686275,0.005031694975801145,0.002542746802939373,0.10851519664810609,0.000906979027164748,0.002231505674775673,0.0006946749204265235,0.0061994012758534,0.00472358801997599,0.021700940962129035,0.25413933270684097
2026-09-13 15:45:34.448999882,2908.0043697478986,16028.703529411765,15185.175126050422,15911.809140585552,559973.4080672269,4711.6830252100835,11461.822184873952,3608.537142857142,31967.630924369747,14210.010756302521,102048.54464740421,1335372.0443697479,0.0030053423623362455,0.0027773942425925895,0.0030262924692214034,0.0007354012527424807,0.0028925353013135547,0.0027436353654318657,9860.499515571959,8768.648307438756,28807.20041773026,19354.79689936271,15847.411124050752,24264.83530365875,1.1651305111156751,1806.3766493242747,8543.352583467211,1799.2082926250266,2383.878134929465,2222.9106161387494,0.0,0.0,0.0,0.0,0.0,0.0,0.001325157398365578,0.005442505180941347,0.005212123917820544,0.005319450522228794,0.19182160503668735,0.0017410413916299048,0.0039539567915947565,0.0015934841786143673,0.010769509812692524,0.004816313037566196,0.03449378680108097,0.4531516603155561,0.0005640116561090317,0.005241742247529412,0.005031694975801145,0.0025429205181502082,0.10863774318311863,0.0009138377417018572,0.0022357676426833784,0.0006998810012965184,0.006200168282793587,0.00472358801997599,0.0217544878559981,0.25452917315332585
2026-09-13 15:45:49.448999882,2908.0043697478986,16028.703529411765,15178.141512605043,15893.16535931667,559925.494789916,4711.6830252100835,11461.822184873952,3608.537142857142,31967.630924369747,14205.742184873947,102415.11950163361,1335548.274957983,0.0030053423623362455,0.0027773942425925895,0.00302690062027471,0.0007354012527424807,0.0028925353013135547,0.0027768322242711493,9860.499515571959,8768.648307438756,28875.50962118533,19354.79689936271,15847.411124050752,24732.903372757643,1.1651305111156751,1806.3766493242747,8700.24507168849,1799.2082926250266,2383.878134929465,2709.7985648596555,0.0,0.0,0.0,0.0,0.0,0.0,0.0013269669345377392,0.005449906907717305,0.005219241314340691,0.00532703199841927,0.19208172874318682,0.001743418827985216,0.003959310989511425,0.001595660121837811,0.010784137865060467,0.0048228700717192,0.03454074087017506,0.4537662965621384,0.0005640116561090317,0.005241742247529412,0.0050373856623458805,0.0025557774325691293,0.10879268792798695,0.0009138377417018572,0.0022357676426833784,0.0006998810012965184,0.006200168282793587,0.004729676515669796,0.021846067728109618,0.25455778419549574
2026-09-13 15:46:04.448999882,2959.393613445377,16013.604705882351,15178.141512605043,15894.040480640198,559900.3250420168,4735.355294117646,11460.966050420171,3634.293781512604,31917.330756302523,14205.742184873947,102622.92494072605,1336022.7882352942,0.003005951918181291,0.0027773942425925895,0.0030275087713280166,0.0007431822647386972,0.0028925353013135547,0.0028450010239172187,10131.602744826852,8768.648307438756,28943.818824640395,20722.22948382906,15847.411124050752,28343.10377341259,1.1971644505289911,1806.3766493242747,8857.13755990977,1751.222971713746,2383.878134929465,6160.073894717173,0.0,0.0,0.0,0.0,0.0,0.0,0.0013369184805978186,0.005453711716456068,0.0052232913881786495,0.00532967617630439,0.1923145297139461,0.0017492106760333835,0.003964801222494856,0.001600174075074204,0.010793288263772481,0.004826970057728784,0.03465476106267681,0.4545170226691296,0.0005755426488863779,0.005245196911764704,0.0050373856623458805,0.0025559181606921223,0.10891918371238178,0.0009209315438853186,0.0022417088417376447,0.000706797183159381,0.006207280101371372,0.004729676515669796,0.021901289423426992,0.2549156966044993
2026-09-13 15:46:19.448999882,2959.393613445377,16013.604705882351,15159.911596638656,15888.701877315281,559842.9610084033,4735.355294117646,11460.966050420171,3634.293781512604,31917.330756302523,14180.06420168067,102814.56895184032,1335955.283697479,0.003064289499901,0.0027773942425925895,0.0030281169223813228,0.0007431822647386972,0.0028925353013135547,0.0030139577861973644,12408.847907574496,8768.648307438756,29012.128028095452,20722.22948382906,15847.411124050752,38008.15385405091,2589.672606798156,1806.3766493242747,9014.030048131048,1751.222971713746,2383.878134929465,15087.443761510616,0.0,0.0,0.0,0.0,0.0,0.0,0.0013387391049147586,0.005461108557488677,0.005230404608124004,0.005337104405471056,0.19257461645429325,0.0017515927625543306,0.003970155604026388,0.0016023532025787582,0.010807908875638421,0.0048335237542867565,0.034717888970716086,0.45513184304454335,0.0005755426488863779,0.005245196911764704,0.0050393471215366146,0.002571033963952987,0.10907224046497113,0.0009209315438853186,0.0022417088417376447,0.000706797183159381,0.006207280101371372,0.004728621110526092,0.021955618098001416,0.2548973448968321
2026-09-13 15:46:34.448999882,3011.4605042016806,16007.557310924367,15159.911596638656,15889.452322131821,559799.8578151261,4735.364369747899,11456.494789915963,3644.1952941176464,31839.64638655462,14180.06420168067,102979.77839477142,1336466.9435294117,0.003064289499901,0.0027935916722331053,0.0031025302626204935,0.0007431822647386972,0.002837944528345709,0.003058466516942904,12408.847907574496,9190.944760343753,30311.209044119903,20722.22948382906,16116.75795026047,39638.44406925451,2589.672606798156,2349.7549831322863,10359.265044819858,1751.222971713746,2424.3951635272483,16613.63107579239,0.0,0.0,0.0,0.0,0.0,0.0,0.0013405597292316985,0.005468505398521286,0.00523751782806936,0.005344532634637723,0.19283470319464038,0.0017539748490752781,0.003975509985557921,0.001604532330083312,0.010822529487504364,0.004840077450844727,0.034781016878755365,0.455746663419957,0.0005872601047101193,0.005251605255719886,0.0050393471215366146,0.002571155397354299,0.10919520547420981,0.0009234358450787373,0.0022469401005668697,0.0007106487058428076,0.006208998605431819,0.004728621110526092,0.022001793747574376,0.25526167543833406
2026-09-13 15:46:49.448999882,3011.4605042016806,16007.557310924367,15156.072605042018,15875.2786202666,559784.8557983193,4735.364369747899,11456.494789915963,3644.1952941176464,31839.64638655462,14172.691764705882,103167.46759519076,1336301.6763025208,0.003064289499901,0.0027935916722331053,0.003064019123220738,0.0007269492534196964,0.0029058767731397093,0.0031324627785257386,12408.847907574496,9190.944760343753,30799.95100935205,21039.775473838803,17132.142926446733,43119.133156914824,2589.672606798156,2349.7549831322863,10593.590637829602,1778.0585896048904,3450.5073288442904,20151.619171389662,0.0,0.0,0.0,0.0,0.0,0.0,0.001342380353548638,0.005475902239553895,0.005244631048014715,0.005351960863804389,0.19309478993498752,0.0017563569355962252,0.003980864367089452,0.0016067114575878654,0.010837150099370306,0.004846631147402698,0.034844144786794644,0.4563614837953708,0.0005872601047101193,0.005251605255719886,0.005046080643796342,0.0025849667998079544,0.109356478079556,0.0009234358450787373,0.0022469401005668697,0.0007106487058428076,0.006208998605431819,0.004733652583133958,0.022055311319399855,0.25522415091587114
2026-09-13 15:47:04.448999882,3063.8147899159667,16003.542857142855,15156.072605042018,15875.909551582392,559739.2416806723,4729.646722689075,11461.229243697479,3667.4652100840326,31793.406050420166,14172.691764705882,103324.48135219033,1336790.383865546,0.003064289499901,0.0027935916722331053,0.003114696152632411,0.0007381339875701984,0.0029058767731397093,0.003187374576204984,12408.847907574496,9190.944760343753,31327.845178393996,21363.49036061272,17132.142926446733,45057.672163100004,2589.672606798156,2349.7549831322863,10832.277915421546,1805.41553719813,3450.5073288442904,22057.851492069974,0.0,0.0,0.0,0.0,0.0,0.0,0.0013529326808165672,0.005482015843752613,0.005248496812673998,0.0053582575669835555,0.1933392057553931,0.0017605711411889148,0.003986013138135293,0.0016124269166186596,0.010843859531374903,0.004851144369337967,0.0349357290083915,0.45702539945215925,0.0005990887892662948,0.005258675274285712,0.005046080643796342,0.002585069534162626,0.10947891558644925,0.0009248203703693239,0.002253976998552912,0.0007171247098933688,0.006216783468794576,0.004733652583133958,0.022099773461506343,0.25558341577564464
2026-09-13 15:47:19.448999882,3063.8147899159667,16003.542857142855,15146.984873949583,15871.00301988382,559710.0211764706,4729.646722689075,11461.229243697479,3667.4652100840326,31793.406050420166,14146.199999999997,103534.37632543739,1337011.8413445377,0.003064289499901,0.0027947598568481475,0.0031173088978745708,0.0007381339875701984,0.0029058767731397093,0.0031972024165697003,12408.847907574496,9453.977025831142,31425.302165993548,21363.49036061272,17132.142926446733,45438.087791660444,2589.672606798156,2417.3041081809924,11021.550677876367,1805.41553719813,3450.5073288442904,22388.408982404748,0.0,0.0,0.0,0.0,0.0,0.0,0.0013547651319035237,0.00548941095095982,0.005255605634684867,0.0053656544280946674,0.19359927141278438,0.0017629557095765955,0.003991367243422031,0.0016146108341911231,0.010858469456149676,0.004857695309428058,0.035004383620535616,0.45764028589356687,0.0005990887892662948,0.005258675274285712,0.00505105981306405,0.002600517228000283,0.10963737733839769,0.0009248203703693239,0.002253976998552912,0.0007171247098933688,0.006216783468794576,0.004732280339495795,0.022158075069474426,0.2556193135297299
2026-09-13 15:47:34.448999882,3114.9196638655467,15985.92100840336,15146.984873949583,15871.495386430868,559668.1855462184,4738.819159663865,11461.710252100842,3688.257478991597,31739.802352941162,14146.199999999997,103683.37451970807,1337347.7062184874,0.0030689642024958005,0.0027947598568481475,0.0031199216431167308,0.0007271760245836554,0.0029058767731397093,0.0031933957919596705,12653.379190463937,9453.977025831142,31522.7591535931,21046.33881282181,17132.142926446733,43370.68904236124,2640.705222357691,2417.3041081809924,11210.823440331187,1778.6132533782627,3450.5073288442904,20773.881680415718,0.0,0.0,0.0,0.0,0.0,0.0,0.0013565975829904803,0.005496806058167027,0.005262714456695738,0.005373051289205778,0.19385933707017564,0.001765340277964277,0.003996721348708769,0.0016167947517635875,0.010873079380924452,0.0048642462495181475,0.03507303823267973,0.45825517233497437,0.0006107278436381611,0.005261262639439775,0.00505105981306405,0.002600597903915125,0.10976051422709894,0.000929118282036579,0.0022601801892607894,0.0007231395284626792,0.006223075758062279,0.004732280339495795,0.022200859700730505,0.2559487210448563
2026-09-13 15:47:49.448999882,3114.9196638655467,15985.92100840336,15135.673613445379,15857.880314265718,559649.2265546218,4738.819159663865,11461.710252100842,3688.257478991597,31739.802352941162,14145.198655462185,103930.24660918197,1337467.4470588234,0.0030689642024958005,0.0027947598568481475,0.0031225343883588903,0.000740247501551638,0.0029058767731397093,0.0032146702883262684,12653.379190463937,9453.977025831142,31620.216141192643,20756.096551782375,17132.142926446733,44516.3202436649,2640.705222357691,2417.3041081809924,11400.096202786004,1759.3625139154533,3450.5073288442904,21667.31608190758,0.0,0.0,0.0,0.0,0.0,0.0,0.0013584300340774367,0.005504201165374234,0.005269823278706606,0.0053804481503168895,0.19411940272756692,0.0017677248463519582,0.004002075453995507,0.001618978669336051,0.010887689305699225,0.0048707971896082385,0.035141692844823845,0.45887005877638193,0.0006107278436381611,0.005261262639439775,0.005055286722327518,0.0026147481287809235,0.10992095517679917,0.000929118282036579,0.0022601801892607894,0.0007231395284626792,0.006223075758062279,0.0047394207902153795,0.022267122129234852,0.25596471614983574
2026-09-13 15:48:04.448999882,3166.6114285714275,15971.136806722694,15135.673613445379,15858.00270355143,559623.0010084034,4737.890420168066,11472.38319327731,3709.4551260504195,31723.86857142857,14145.198655462185,104085.0907281781,1338124.5040601494,0.003116212577808516,0.0027947598568481475,0.0031251471336010504,0.000740247501551638,0.0029058767731397093,0.0032063564619834155,12425.074777016283,9453.977025831142,31717.673128792194,20756.096551782375,17132.142926446733,43741.08854274259,2694.95468467902,2417.3041081809924,11589.368965240825,1759.3625139154533,3450.5073288442904,20676.20373718698,0.0,0.0,0.0,0.0,0.0,0.0,0.0013686991446936428,0.005508053057365503,0.005273169027533051,0.005385634790211889,0.19435948203467288,0.0017696561065650288,0.0040081191117412925,0.0016251139964553415,0.01089525585181144,0.004874964565235518,0.03520591540193958,0.45955919162724435,0.0006225362927250898,0.005264766943619047,0.005055286722327518,0.002614768309104489,0.11004712535750155,0.00093144005952122,0.0022683991122632104,0.0007292560183941811,0.006236717063913564,0.0047394207902153795,0.022311199621483882,0.2563549754461922
2026-09-13 15:48:19.448999882,3166.6114285714275,15971.136806722694,15105.775462184869,15825.75087354126,559531.0981512605,4737.890420168066,11472.38319327731,3709.4551260504195,31723.86857142857,14124.170420168064,104053.66365323948,1338781.604546126,0.003116212577808516,0.002818316369004113,0.0031689414003730596,0.000740247501551638,0.0029246450077234196,0.0031962340963252425,12425.074777016283,9487.102723392816,30144.222552375002,20756.096551782375,23374.11576926232,43891.7602481383,2694.95468467902,2649.033528457958,10291.0706164687,1759.3625139154533,3382.765999157445,21038.400586413565,0.0,0.0,0.0,0.0,0.0,0.0,0.0013705429613603097,0.005515443403691667,0.005280272780686205,0.005392976698545222,0.19461952093205753,0.0017720400646731372,0.0040134741384792606,0.0016273032374463326,0.01090985631283295,0.004881512302690715,0.035274833751851746,0.4601742522478743,0.0006225362927250898,0.005264766943619047,0.005053283866517898,0.002625947970651228,0.1101931775928151,0.00093144005952122,0.0022683991122632104,0.0007292560183941811,0.006236717063913564,0.0047398394871266125,0.022338085765460914,0.25669181224481186
2026-09-13 15:48:34.448999882,3217.2927731092445,15947.140840336138,15105.775462184869,15825.174002306825,559497.7905882352,4744.0013445378145,11472.241008403362,3727.4521008403353,31697.216470588224,14124.170420168064,104118.26938925713,1338881.9510027831,0.003116212577808516,0.002818316369004113,0.003179626716592686,0.0007379833301397591,0.0029300149875350627,0.0032852445836797205,12425.074777016283,9487.102723392816,30720.917753745758,21062.75097482596,23932.824865641756,49882.33504167408,2694.95468467902,2649.033528457958,10504.069687863157,1785.4548376616162,3463.623908535036,24464.2192856343,0.0,0.0,0.0,0.0,0.0,0.0,0.001372386778026976,0.005522833750017832,0.005287376533839357,0.005400318606878556,0.19487955982944222,0.0017744240227812451,0.004018829165217228,0.0016294924784373234,0.010924456773854452,0.004888060040145913,0.0353437521017639,0.4607893128685042,0.0006342002013756091,0.0052652143341176474,0.005053283866517898,0.0026258522510952016,0.11031790982364793,0.000935148530211143,0.002274485206027631,0.0007347639893792808,0.0062482287085318805,0.0047398394871266125,0.02237298246794975,0.2571941947873536
2026-09-13 15:48:49.448999882,3217.2927731092445,15947.140840336138,15111.157310924367,15822.87182296502,559506.4245378152,4744.0013445378145,11472.241008403362,3727.4521008403353,31697.216470588224,14127.328739495799,104044.91445899369,1338695.7856515949,0.0030682061688787022,0.002818418680171029,0.0031831578733334163,0.000749372168667784,0.0029300149875350627,0.003249570458157243,12649.47289595592,6179.050108892631,30777.78920679685,21387.79933298178,23932.824865641756,47279.340673404986,2743.62584141026,2696.9722592307357,10658.579785572523,1813.0086536012775,3463.623908535036,23515.00987518954,0.0,0.0,0.0,0.0,0.0,0.0,0.001374230594693643,0.005530224096343996,0.00529448028699251,0.0054076605152118895,0.19513959872682687,0.0017768079808893533,0.004024184191955195,0.0016316817194283147,0.010939057234875958,0.004894607777601109,0.03541267045167607,0.46140437348913416,0.0006342002013756091,0.0052652143341176474,0.005063070153203868,0.0026421164742852932,0.11048372945136457,0.000935148530211143,0.002274485206027631,0.0007347639893792808,0.0062482287085318805,0.004748365350447001,0.022390839805782874,0.2573689307147264
2026-09-13 15:49:04.448999882,3268.9815126050416,15930.359999999997,15111.157310924367,15822.057704634983,559505.3657142856,4748.124705882354,11483.945546218487,3745.4006722689073,31707.311596638643,14127.328739495799,104107.44023422121,1338955.786191511,0.003118439232035336,0.002818418680171029,0.0031866890300741467,0.000749372168667784,0.0029300149875350627,0.0032619036045485614,12856.571681339336,6179.050108892631,30834.660659847934,21387.79933298178,23932.824865641756,45987.718078429156,2788.5448340019802,2696.9722592307357,10813.089883281893,1813.0086536012775,3463.623908535036,23710.482639729173,0.0,0.0,0.0,0.0,0.0,0.0,0.0013846642762864307,0.005535238090972638,0.005298968524875221,0.005410563300071434,0.19538482764769688,0.0017784528617347088,0.004031184718518002,0.001636537353326512,0.010948005818602002,0.004898423837285174,0.035395861065162154,0.46213567502954833,0.0006461167903961582,0.005268022548666665,0.005063070153203868,0.0026419805321203135,0.11061481391695092,0.0009384706164705884,0.0022829261919270756,0.0007402814154141655,0.00626697530160864,0.004748365350447001,0.022425320629651864,0.2579025258348925
2026-09-13 15:49:19.448999882,3268.9815126050416,15930.359999999997,15114.91159663865,15805.545853542335,559465.0517647058,4748.124705882354,11483.945546218487,3745.4006722689073,31707.311596638643,14114.411092436972,104003.66668377416,1338857.66552521,0.003118439232035336,0.0028152017981984373,0.003190220186814877,0.0007425142474057388,0.0029300149875350627,0.0032619036045485614,12856.571681339336,6065.492020157948,30891.532112899025,20840.1000738231,23932.824865641756,45987.718078429156,2788.5448340019802,2647.407518739646,10967.599980991263,1766.5810861378764,3463.623908535036,23710.482639729173,0.0,0.0,0.0,0.0,0.0,0.0,0.0013865196028993339,0.005542625261649999,0.005306068773979162,0.00541780500461689,0.19564484682375027,0.001780835829924673,0.004036541932613747,0.0016387301673946122,0.010962598726356012,0.004904967924183572,0.03545862665205621,0.4627507015222677,0.0006461167903961582,0.005268022548666665,0.005072315944862649,0.002659852219596022,0.1107709489151668,0.0009384706164705884,0.0022829261919270756,0.0007402814154141655,0.00626697530160864,0.004751482730242213,0.022436573781991678,0.25820397868608697
2026-09-13 15:49:34.448999882,3321.393277310924,15895.412773109241,15114.91159663865,15804.468719675058,559420.0699159664,4754.368739495798,11485.969411764707,3764.5774789915963,31698.375126050418,14114.411092436972,104044.45921220742,1338955.3102310924,0.003118439232035336,0.0028152017981984373,0.003193751343555608,0.0007425142474057388,0.0029300149875350627,0.003253983913886432,12856.571681339336,6065.492020157948,30948.403565950117,20840.1000738231,23932.824865641756,46195.779761137106,2788.5448340019802,2647.407518739646,11122.110078700633,1766.5810861378764,3463.623908535036,23747.807781521555,0.0,0.0,0.0,0.0,0.0,0.0,0.0013883749295122373,0.005550012432327362,0.005313169023083105,0.005425046709162344,0.19590486599980367,0.001783218798114637,0.004041899146709492,0.0016409229814627127,0.01097719163411002,0.004911512011081967,0.03552215364501473,0.46336590370488706,0.0006582313007555962,0.005264796198050419,0.005072315944862649,0.002659670953037168,0.1108933162930415,0.0009422173342278085,0.002289450046101695,0.0007460612230774662,0.006281960896829319,0.004751482730242213,0.02246638623312844,0.2587072357917826
2026-09-13 15:49:49.448999882,3321.393277310924,15895.412773109241,15129.196638655461,15809.479856379898,559454.2608403361,4754.368739495798,11485.969411764707,3764.5774789915963,31698.375126050418,14115.097815126053,103993.06339443698,1338779.687710084,0.0031145796932962955,0.0028201634838257964,0.0031987671317484094,0.0007425142474057388,0.00293373675681026,0.003269952420205748,17825.084744997865,6212.125763593186,31805.665163943082,20840.1000738231,24616.010312834755,48304.37818761897,7861.289804906706,2711.408802325752,11368.463384587234,1766.5810861378764,3562.496376041284,25950.992844224424,0.0,0.0,0.0,0.0,0.0,0.0,0.0013902302561251403,0.005557399603004724,0.005320269272187047,0.0054322884137077984,0.19616488517585706,0.0017856017663046009,0.004047256360805236,0.001643115795530813,0.010991784541864034,0.004918056097980362,0.03558568063797326,0.4639811058875065,0.0006582313007555962,0.005264796198050419,0.005085105218670997,0.00268143682924337,0.11106419587219866,0.0009422173342278085,0.002289450046101695,0.0007460612230774662,0.006281960896829319,0.004759173428407599,0.022488891426548176,0.2589938396874269
2026-09-13 15:50:04.448999882,3374.500840336135,15879.923697478987,15129.196638655461,15808.316093082025,559413.6534453782,4757.569411764706,11494.594285714282,3785.3334453781513,31695.219831932776,14115.097815126053,104036.58947110515,1338452.5687184874,0.0031145796932962955,0.0028201634838257964,0.0031882065265822013,0.0007425142474057388,0.002937761903935039,0.003270801078183091,17825.084744997865,6212.125763593186,34516.17298097141,20840.1000738231,30025.870365789477,50205.90783363541,7861.289804906706,2711.408802325752,13976.840141704695,1766.5810861378764,9347.522628243796,27696.342623200217,0.0,0.0,0.0,0.0,0.0,0.0,0.0014009735195678206,0.005562405874477926,0.005329001799724761,0.005438239144986334,0.19642196694953215,0.0017873924191990896,0.004053309611278485,0.0016474477055079808,0.011004689851828666,0.004921936844108087,0.035576326662644514,0.4646348477336587,0.0006705394685686039,0.005267988243042015,0.005085105218670997,0.002681239444016545,0.11118740642165058,0.0009453659121700445,0.0022972953268765124,0.0007521750910472422,0.006298085811160229,0.004759173428407599,0.022519314847942576,0.25941561925959067
2026-09-13 15:50:19.448999882,3374.500840336135,15879.923697478987,15124.94016806722,15815.952256458257,559386.792605042,4757.569411764706,11494.594285714282,3785.3334453781513,31695.219831932776,14111.155966386554,103974.61120689557,1338686.5868697478,0.0031145796932962955,0.0028201634838257964,0.0031914483144780195,0.0007399615638979916,0.002937761903935039,0.0032716133705972704,17825.084744997865,6212.125763593186,34621.018039655406,21444.701861370613,30025.870365789477,54104.34890088139,7861.289804906706,2711.408802325752,14179.778574458895,1817.8321875598022,9347.522628243796,31180.666014872986,0.0,0.0,0.0,0.0,0.0,0.0,0.0014028406920277138,0.005569789880240337,0.005336104224858452,0.005445454158875223,0.19668198225542308,0.0017897745983434746,0.004058667745758202,0.001649643370837749,0.011019280516279019,0.00492847739065064,0.03563624163745507,0.46524988629493236,0.0006705394685686039,0.005267988243042015,0.005091667766643594,0.002703760551785582,0.11134614979444876,0.0009453659121700445,0.0022972953268765124,0.0007521750910472422,0.006298085811160229,0.004765301795505966,0.022539496460760238,0.25978169422912356
2026-09-13 15:50:34.448999882,3429.9408403361335,15853.250420168068,15124.94016806722,15815.063670006642,559364.6268907563,4760.585546218487,11495.834621848739,3808.8272268907554,31678.181848739496,14111.155966386554,104010.14569265694,1339114.272920168,0.0031145796932962955,0.0028201634838257964,0.003194690102373837,0.0007399615638979916,0.002937761903935039,0.0032719127149099555,17825.084744997865,6212.125763593186,34725.863098339374,21444.701861370613,30025.870365789477,54104.34890088139,7861.289804906706,2711.408802325752,14382.717007213094,1817.8321875598022,9347.522628243796,31180.666014872986,0.0,0.0,0.0,0.0,0.0,0.0,0.0014047078644876068,0.005577173886002748,0.0053432066499921405,0.0054526691727641114,0.19694199756131398,0.00179215677748786,0.00406402588023792,0.0016518390361675171,0.011033871180729373,0.0049350179371931945,0.03569615661226563,0.46586507432658925,0.0006833684746896403,0.005267447957198879,0.005091667766643594,0.0027036086466106185,0.11147299822264829,0.0009484811064642327,0.0023036700008317898,0.0007588563691208244,0.006311441455880235,0.004765301795505966,0.022568204988660488,0.2603508124699081
2026-09-13 15:50:49.448999882,3429.9408403361335,15853.250420168068,15141.061512605045,15818.934212077595,559403.8215126051,4760.585546218487,11495.834621848739,3808.8272268907554,31678.181848739496,14133.805714285714,104008.07815750611,1339464.8856932772,0.0031206267121731356,0.002818374203743912,0.0031979318902696555,0.0007284459994164026,0.002937761903935039,0.0032745247818323883,18411.14993946583,10964.452647770708,34830.70815702336,21110.971220319225,30025.870365789477,54549.2366580326,8119.758609077446,7334.919999797972,14585.655439967291,1789.5423887460913,9347.522628243796,31381.385285570224,0.0,0.0,0.0,0.0,0.0,0.0,0.0014065750369475,0.005584557891765159,0.005350309075125829,0.005459884186653,0.19720201286720496,0.0017945389566322448,0.004069384014717638,0.0016540347014972858,0.011048461845179727,0.004941558483735746,0.03575607158707618,0.46648026235824613,0.0006833684746896403,0.005267447957198879,0.005105096583280842,0.0027258013999258276,0.11164489627330111,0.0009484811064642327,0.0023036700008317898,0.0007588563691208244,0.006311441455880235,0.004780419964465787,0.022601364349950664,0.26074008714339036
2026-09-13 15:51:04.448999882,3489.271260504203,15873.461848739498,15141.061512605045,15818.255364251507,559428.3347899159,4766.478655462184,11491.938151260505,3830.9536134453783,31679.461512605038,14133.805714285714,104088.0158501542,1339688.0161134454,0.0031234870317002885,0.002818374203743912,0.0032011736781654733,0.0007419498336774571,0.002937761903935039,0.0032729866943529183,17997.653518014373,10964.452647770708,34935.55321570735,22708.956578314137,30025.870365789477,54549.2366580326,7937.396771878665,7334.919999797972,14788.593872721493,3516.9863512489364,9347.522628243796,31381.385285570224,0.0,0.0,0.0,0.0,0.0,0.0,0.001417752916045882,0.005591702458111199,0.005357865113434743,0.005469642552964326,0.19745755871408457,0.0017965774201892312,0.004074447566959244,0.0016589919376781047,0.011062915942987132,0.004948661378920121,0.03576633193987485,0.4672187130013213,0.0006970332470983688,0.005282482336162466,0.005105096583280842,0.0027256844259040715,0.11178106406453782,0.000952174206702916,0.002309013885680102,0.0007652893218388531,0.006328438311576864,0.004780419964465787,0.022639756254181364,0.26127067519335906
2026-09-13 15:51:19.448999882,3489.271260504203,15873.461848739498,15146.703529411769,15829.90458265654,559429.490420168,4766.478655462184,11491.938151260505,3830.9536134453783,31679.461512605038,14137.556974789919,104074.930361665,1340179.1317436974,0.0031234870317002885,0.002821848045036013,0.0031899401170751213,0.0007419498336774571,0.002937761903935039,0.003275069971126362,17997.653518014373,11283.212211652628,34503.7158132566,22708.956578314137,30025.870365789477,54400.24784677693,7937.396771878665,7548.161460667408,13997.811180844406,3516.9863512489364,9347.522628243796,31270.087137099494,0.0,0.0,0.0,0.0,0.0,0.0,0.0014196324320033286,0.0055990861472646385,0.00536496814047375,0.005476906219630992,0.19771756814667762,0.0017989591440367488,0.004079805313889068,0.0016611912643625017,0.011077506426673201,0.004955202669043578,0.03582392817888757,0.4678340633266346,0.0006970332470983688,0.005282482336162466,0.005115003596915473,0.0027495455430658674,0.11194538965297751,0.000952174206702916,0.002309013885680102,0.0007652893218388531,0.006328438311576864,0.0047891601267933065,0.022670539661978156,0.2616879382468672
2026-09-13 15:51:34.448999882,3547.040672268907,15875.788235294121,15146.703529411769,15829.520188883645,559423.8695798318,4769.107563025209,11490.268235294116,3849.976134453781,31637.783193277315,14137.556974789919,104119.464956236,1340045.5808193276,0.0031234870317002885,0.002821848045036013,0.00319293904471595,0.0007419498336774571,0.002944650648043086,0.0032801287024643694,17997.653518014373,11283.212211652628,34585.123163326774,22708.956578314137,33458.00904543494,55777.69994098857,7937.396771878665,7548.161460667408,14180.953993196334,3516.9863512489364,12513.293045151837,32815.405185089585,0.0,0.0,0.0,0.0,0.0,0.0,0.0014215119479607755,0.005606469836418078,0.005372071167512757,0.005484169886297658,0.1979775775792707,0.0018013408678842664,0.004085163060818893,0.0016633905910468994,0.01109209691035927,0.004961743959167035,0.03588152441790029,0.46844941365194787,0.0007104480698142784,0.005291576616470588,0.005115003596915473,0.002749478776511493,0.11207553931096198,0.000955219738351811,0.002314802173639082,0.0007711239780636959,0.006336832328592614,0.0047891601267933065,0.02270126806950041,0.2621499686073569
2026-09-13 15:51:49.448999882,3547.040672268907,15875.788235294121,15170.154957983194,15840.047477928092,559447.4057142857,4769.107563025209,11490.268235294116,3849.976134453781,31637.783193277315,14148.668571428576,104137.16328127215,1340198.6927521008,0.0031234870317002885,0.002821848045036013,0.0031959379723567783,0.0007419498336774571,0.002944650648043086,0.0032833381893391214,17997.653518014373,11283.212211652628,34666.53051339695,22708.956578314137,33458.00904543494,54543.52712609317,7937.396771878665,7548.161460667408,14364.09680554826,3516.9863512489364,12513.293045151837,33091.76897180165,0.0,0.0,0.0,0.0,0.0,0.0,0.0014233914639182222,0.005613853525571516,0.005379174194551764,0.005491433552964325,0.19823758701186378,0.001803722591731784,0.004090520807748718,0.0016655899177312962,0.011106687394045335,0.004968285249290491,0.035939120656913015,0.46906476397726116,0.0007104480698142784,0.005291576616470588,0.005130940179252878,0.002773489751926718,0.11224435449722812,0.000955219738351811,0.002314802173639082,0.0007711239780636959,0.006336832328592614,0.00480040149032413,0.022738776540311378,0.26250161469029437
2026-09-13 15:52:04.448999882,3599.2527731092428,15890.560336134455,15170.154957983194,15839.742989832854,559494.4053781512,4777.2302521008405,11495.53512605042,3877.744537815126,31638.137142857133,14148.668571428576,104226.88418399244,1340419.1700630253,0.0031234870317002885,0.002821848045036013,0.0031989368999976067,0.0007395643674648346,0.002944650648043086,0.0032846318964093635,17997.653518014373,11283.212211652628,34747.937863467116,21046.537301431723,33458.00904543494,56165.030780118024,7937.396771878665,7548.161460667408,14547.239617900186,3555.2846774186637,12513.293045151837,34766.21084483056,0.0,0.0,0.0,0.0,0.0,0.0,0.0014350001067575668,0.005622697069060263,0.005388097248221528,0.0055011091927002235,0.19849593551691413,0.0018058433494144857,0.004095500436305676,0.0016710436333857,0.011122964778803774,0.004975870491282404,0.03596306089397592,0.46977776368697566,0.0007228079238471858,0.005304828152509804,0.005130940179252878,0.002773436438032748,0.11238507521894389,0.0009593713189746487,0.002321989851251958,0.0007787351028882141,0.00635362328355342,0.00480040149032413,0.022779416641752943,0.26303386949241847
2026-09-13 15:52:19.448999882,3599.2527731092428,15890.560336134455,15176.843697478993,15834.349577748397,559446.2621848739,4777.2302521008405,11495.53512605042,3877.744537815126,31638.137142857133,14124.563697478994,104183.72700414706,1340390.5999789918,0.0031234870317002885,0.002777101204028171,0.003201935827638435,0.0007395643674648346,0.002944650648043086,0.0032766622076280533,17997.653518014373,11104.291130561558,34829.345213537286,21046.537301431723,33458.00904543494,56339.99940981975,7937.396771878665,7428.468133673361,14730.382430252113,3555.2846774186637,12513.293045151837,34831.27584807103,0.0,0.0,0.0,0.0,0.0,0.0,0.001436892452877496,0.005630082678270791,0.005395202675911124,0.00550841574031927,0.19875594280856243,0.001808224729485032,0.0041008576884871755,0.0016732472519924017,0.011137557480996756,0.004982413154440299,0.036019045113030494,0.47039324191479326,0.0007228079238471858,0.005304828152509804,0.00514122311345244,0.0027949879341085605,0.11253950434246206,0.0009593713189746487,0.002321989851251958,0.0007787351028882141,0.00635362328355342,0.004799687640460421,0.022803649112658076,0.26335020713052126
2026-09-13 15:52:34.448999882,3662.4675630252113,15906.587899159666,15176.843697478993,15834.015762366764,559447.094117647,4776.2319327731075,11501.053109243698,3899.5986554621854,31566.814789915974,14124.563697478994,104233.3939496699,1340602.5038445378,0.003126799172241753,0.002817503828072833,0.003193130000689731,0.0007395643674648346,0.002944650648043086,0.0032845090549250503,21428.30101678985,14482.899783346178,35193.733972772774,21046.537301431723,33458.00904543494,56543.03458614042,11165.002148669691,10657.44424547538,17193.05074242681,3555.2846774186637,12513.293045151837,34906.77786479114,0.0,0.0,0.0,0.0,0.0,0.0,0.0014387847989974258,0.005637468287481316,0.005402308103600716,0.005515722287938318,0.1990159501002107,0.001810606109555579,0.004106214940668676,0.0016754508705991039,0.011152150183189737,0.004988955817598192,0.03607502933208508,0.47100872014261075,0.0007374383567657652,0.005318514947305322,0.00514122311345244,0.00279492901094539,0.1126709515696444,0.0009616949686039117,0.002329233995043441,0.0007851847354395877,0.0063559825790721015,0.004799687640460421,0.02283557066232665,0.26388180597331246
2026-09-13 15:52:49.448999882,3662.4675630252113,15906.587899159666,15194.71058823529,15828.7673421778,559447.9109243697,4776.2319327731075,11501.053109243698,3899.5986554621854,31566.814789915974,14125.779831932776,104230.56456363718,1340386.4524159662,0.003126799172241753,0.002817503828072833,0.00319593223661722,0.0007395643674648346,0.002944650648043086,0.003284728465670037,21428.30101678985,14482.899783346178,35326.14802766137,21046.537301431723,33458.00904543494,56354.98830705314,11165.002148669691,10657.44424547538,17412.09634924702,3555.2846774186637,12513.293045151837,34777.85310655995,0.0,0.0,0.0,0.0,0.0,0.0,0.0014406771451173552,0.0056448538966918415,0.005409413531290311,0.005523028835557366,0.199275957391859,0.0018129874896261257,0.004111572192850177,0.0016776544892058059,0.011166742885382724,0.004995498480756087,0.03613101355113966,0.47162419837042835,0.0007374383567657652,0.005318514947305322,0.005155305673079583,0.002816818797817592,0.11283521615371253,0.0009616949686039117,0.002329233995043441,0.0007851847354395877,0.0063559825790721015,0.004807566061492833,0.022868630665644558,0.2641614268769844
2026-09-13 15:53:04.448999882,3722.266890756302,15923.952605042014,15194.71058823529,15828.299234223256,559453.1717647058,4787.791260504202,11517.24705882353,3921.6433613445392,31523.306218487392,14125.779831932776,104277.63414018186,1340636.1986344538,0.003126799172241753,0.002816938656997091,0.003198734472544709,0.0007395643674648346,0.002944650648043086,0.003289902574001028,21428.30101678985,14867.75474281076,35458.562082549965,21046.537301431723,33458.00904543494,58463.36954203944,11165.002148669691,10940.645146844927,17631.14195606723,3555.2846774186637,12513.293045151837,36531.773477892486,0.0,0.0,0.0,0.0,0.0,0.0,0.0014520082579484513,0.005654733371944592,0.005417616838972627,0.00552923286116689,0.19953697496959122,0.0018155850699925235,0.004118394380902111,0.0016840350837878763,0.011181482329073766,0.005001610945735455,0.03616329886424613,0.47229432062422544,0.0007514460961570509,0.005332666328218487,0.005155305673079583,0.0028167354953558613,0.11296755851401227,0.0009665526834884542,0.002338651844865404,0.0007916959425238333,0.00636388149776993,0.004807566061492833,0.0229000173553283,0.2647014542590396
2026-09-13 15:53:19.448999882,3722.266890756302,15923.952605042014,15195.838991596644,15832.941245402573,559440.9710924369,4787.791260504202,11517.24705882353,3921.6433613445392,31523.306218487392,14116.58924369748,104258.30843503834,1340158.5028361345,0.003126799172241753,0.002816938656997091,0.003201536708472199,0.0007395643674648346,0.002886068546309852,0.003277141690976338,21428.30101678985,14867.75474281076,35590.97613743857,21046.537301431723,33057.99398795027,58395.21307416515,11165.002148669691,10940.645146844927,17850.187562887437,3555.2846774186637,12363.687441603173,36594.33181742157,0.0,0.0,0.0,0.0,0.0,0.0,0.0014539129860186267,0.005662122244108638,0.005424723707393679,0.005536521138944667,0.19979698361427245,0.0018179667340276111,0.004123753539756278,0.0016862441820334904,0.011196075223052824,0.005008153046084495,0.03621809600339123,0.47290986985615524,0.0007514460961570509,0.005332666328218487,0.0051637191885375334,0.0028407194125983403,0.11312919293980994,0.0009665526834884542,0.002338651844865404,0.0007916959425238333,0.00636388149776993,0.0048118984455617535,0.02292946214348759,0.2649294343579848
2026-09-13 15:53:34.448999882,3784.558991596639,15923.238655462184,15195.838991596644,15832.358692009915,559407.5515966386,4798.20100840336,11520.922689075634,3945.3579831932766,31457.77714285715,14116.58924369748,104292.71703005863,1339920.5791386552,0.003126799172241753,0.002816938656997091,0.0032043389443996884,0.0007220706458333359,0.0029352540721254957,0.003292553905777441,21428.30101678985,14867.75474281076,35723.39019232716,21000.16355555555,33621.381444144514,58154.89180929917,11165.002148669691,10940.645146844927,18069.233169707648,3547.6479999999997,12574.394310853755,36500.73164766682,0.0,0.0,0.0,0.0,0.0,0.0,0.0014558177140888019,0.005669511116272688,0.005431830575814731,0.005543809416722445,0.20005699225895368,0.0018203483980626985,0.0041291126986104446,0.0016884532802791043,0.011210668117031884,0.005014695146433536,0.03627289314253633,0.4735254190880852,0.000766021595779959,0.005340772194957983,0.0051637191885375334,0.002840614891858589,0.11325370550134328,0.0009711899329595361,0.0023455383582395677,0.0007985684527363886,0.006367277323505404,0.0048118984455617535,0.0229580920732621,0.2653737773525553
2026-09-13 15:53:49.448999882,3784.558991596639,15923.238655462184,15212.468571428564,15814.07358174616,559406.3263865545,4798.20100840336,11520.922689075634,3945.3579831932766,31457.77714285715,14114.281008403359,104286.7510062521,1339659.240315126,0.003126799172241753,0.002816938656997091,0.003207141180327177,0.000744721782422122,0.0029352540721254957,0.0032838299990333424,21428.30101678985,14867.75474281076,35855.804247215754,20981.670244171073,33621.381444144514,58063.890780789145,11165.002148669691,10940.645146844927,18288.278776527855,3545.4921453249985,12574.394310853755,36543.13073799138,0.0,0.0,0.0,0.0,0.0,0.0,0.0014577224421589772,0.005676899988436737,0.005438937444235782,0.005551097694500223,0.2003170009036349,0.0018227300620977862,0.00413447185746461,0.0016906623785247184,0.01122526101101094,0.005021237246782577,0.036327690281681424,0.47414096832001507,0.000766021595779959,0.005340772194957983,0.005177409565042014,0.0028608071273162135,0.11341754533783516,0.0009711899329595361,0.0023455383582395677,0.0007985684527363886,0.006367277323505404,0.00481857072902761,0.02299047678852081,0.26564440269350753
2026-09-13 15:54:04.448999882,3840.740168067226,15915.291428571429,15212.468571428564,15813.311309217088,559358.3647058824,4813.266554621848,11530.046722689074,3966.643361344537,31432.704201680666,14114.281008403359,104319.48504099467,1339281.6910714286,0.0030746566601166296,0.002815592733352202,0.003209983365907259,0.000744721782422122,0.0029352540721254957,0.003287033007505888,21765.146753801342,14470.578670377683,33782.60783458171,20981.670244171073,33621.381444144514,58246.28050388729,11340.512254419877,10648.37758227476,18590.457318137454,3545.4921453249985,12574.394310853755,36547.93406660784,0.0,0.0,0.0,0.0,0.0,0.0,0.0014695276553212293,0.005683128956275086,0.005446115659152148,0.005556465406756472,0.20056601852136216,0.0018271904231385472,0.004140038090350104,0.0016956425504273225,0.01123305949249088,0.0050273688078739925,0.03635357983339458,0.474692843260446,0.0007794228114737658,0.005346447427809523,0.005177409565042014,0.002860669230228986,0.11353908033845478,0.0009767830121827552,0.0023535409307449077,0.0008049730482988487,0.006378813876760114,0.00481857072902761,0.023018761027395127,0.2660615127189124
2026-09-13 15:54:19.448999882,3840.740168067226,15915.291428571429,15215.675294117646,15796.390206191045,559355.4302521008,4813.266554621848,11530.046722689074,3966.643361344537,31432.704201680666,14118.679663865543,104305.93914069505,1338730.7549369747,0.0031304283855292294,0.002815592733352202,0.003197233685513272,0.000744721782422122,0.0029352540721254957,0.0032952271503792962,21511.538476951962,14470.578670377683,32071.40385982743,20981.670244171073,33621.381444144514,58454.06507531889,11207.761285288265,10648.37758227476,17038.830809295097,3545.4921453249985,12574.394310853755,36625.20932044605,0.0,0.0,0.0,0.0,0.0,0.0,0.0014714453032269885,0.005690516318688281,0.005453222621194034,0.005563723833839806,0.20082601293698313,0.0018295748001018975,0.004145397517379463,0.0016978552650870082,0.011247643542838102,0.005033910373846214,0.03640745318892057,0.4753083096913726,0.0007794228114737658,0.005346447427809523,0.005186542091151753,0.0028814047802424034,0.11370255765507023,0.0009767830121827552,0.0023535409307449077,0.0008049730482988487,0.006378813876760114,0.004827533828447143,0.02304947626203727,0.26627442996175904
