timestamp,api-gateway_energy,clientone_energy,clientthree_energy,clienttwo_energy,kernel_processes_energy,orchestrator_energy,policy_energy,policy-enforcer_energy,rabbitmq_energy,server_energy,sidecar_energy,system_processes_energy,clientone_cpu_usage,clientthree_cpu_usage,clienttwo_cpu_usage,policy_cpu_usage,server_cpu_usage,sidecar_cpu_usage,clientone_memory_usage,clientthree_memory_usage,clienttwo_memory_usage,policy_memory_usage,server_memory_usage,sidecar_memory_usage,clientone_memory_rss_usage,clientthree_memory_rss_usage,clienttwo_memory_rss_usage,policy_memory_rss_usage,server_memory_rss_usage,sidecar_memory_rss_usage,clientone_memory_cache_usage,clientthree_memory_cache_usage,clienttwo_memory_cache_usage,policy_memory_cache_usage,server_memory_cache_usage,sidecar_memory_cache_usage,api-gateway_carbon_coal,clientone_carbon_coal,clientthree_carbon_coal,clienttwo_carbon_coal,kernel_processes_carbon_coal,orchestrator_carbon_coal,policy_carbon_coal,policy-enforcer_carbon_coal,rabbitmq_carbon_coal,server_carbon_coal,sidecar_carbon_coal,system_processes_carbon_coal,api-gateway_carbon_emission,clientone_carbon_emission,clientthree_carbon_emission,clienttwo_carbon_emission,kernel_processes_carbon_emission,orchestrator_carbon_emission,policy_carbon_emission,policy-enforcer_carbon_emission,rabbitmq_carbon_emission,server_carbon_emission,sidecar_carbon_emission,system_processes_carbon_emission
2026-09-13 12:44:13.625999928,200.3028391,659.6802911249999,589.4886977499999,702.8583327500002,30579.502216300003,318.6754161500001,589.3154614666666,222.83573585000002,1857.1973482999995,585.7887847333334,4106.636002408333,66037.67720578333,0.00015493664931887075,0.00013349709659682236,0.00018652771805461373,0.00012027479723461709,0.0001324862621449383,0.0002503698550106898,2555.4080126608474,2816.6998463956033,2927.8282723538036,4875.659451840461,2883.227595086343,12043.622184992508,2481.6056151832777,2624.4941908055534,2733.0845001876773,2248.112432577315,2758.9019521527393,11454.459817601391,0.0,0.0,0.0,0.0,0.0,0.0,1.54506366e-05,7.291514935e-05,4.890801780000001e-05,7.580487683333333e-05,0.0030487075165333334,2.5320437399999997e-05,6.548036618888888e-05,1.72704243e-05,0.00016241247698333335,5.5867518316666665e-05,0.0003771451293166667,0.006552391642594444,1.2596822992288889e-05,4.148656053074999e-05,3.707228921405554e-05,4.4201979592944446e-05,0.0019231109171584221,2.0041142837877783e-05,3.706139457668147e-05,1.4013891832344444e-05,0.00011679707768197775,3.683960579545185e-05,0.0002582617752625685,0.004153036144274818
2026-09-13 12:44:28.625999928,221.12058910000002,725.8269161249999,654.44994775,769.6973926400001,32928.105787516666,351.79579115000007,634.2822114666666,245.99536085,1999.4280982999999,642.5744847333333,4530.574249078333,71399.81338548572,0.00016976992786969067,0.00014629566329975264,0.00020215399472602938,0.00012715332248744682,0.0001450659598130208,0.0002641102957924536,2762.594017554752,3040.2959582290387,3132.963368815726,5154.4988050115335,3111.222217517594,11906.766220509406,2682.8079087445067,2842.203215137551,2931.5304087214936,2376.6821620154687,2988.1543182383252,11309.447869106703,0.0,0.0,0.0,0.0,0.0,0.0,1.7687136599999997e-05,8.026477434999999e-05,5.59875178e-05,8.296779350000001e-05,0.0033021082943111113,2.8985604066666663e-05,7.047667174444445e-05,1.9770340966666667e-05,0.00017747868531666668,6.197039331666666e-05,0.0004231421709833333,0.007103292712038889,1.3906028158955555e-05,4.5646448280749994e-05,4.115763004738888e-05,4.840541380380445e-05,0.002070811986192715,2.2124046421211114e-05,3.988930352112592e-05,1.5470374915677774e-05,0.00012574181151531107,4.041079537322963e-05,0.0002849227805531485,0.004490254930687211
2026-09-13 12:44:43.625999928,241.39618524,787.7431809,715.8845338399999,834.36299264,35322.07995074286,386.70387928,680.7082835428572,263.53210072,2130.128328571428,715.2058613333332,4965.847453326666,77374.21583178571,0.0001846032064205106,0.00015909423000268292,0.00021778027139744498,0.00013403184774027656,0.00015764565748110332,0.0002850899922068025,2969.7800224486564,3263.892070062474,3338.098465277648,5433.338158182607,3339.216839948844,12743.743109851663,2884.010202305735,3059.912239469549,3129.9763172553094,2505.251891453623,3217.40668432391,12111.454847010413,0.0,0.0,0.0,0.0,0.0,0.0,1.99236366e-05,8.761439934999999e-05,6.30670178e-05,9.013071016666668e-05,0.0035555090720888888,3.265077073333332e-05,7.547297729999999e-05,2.2270257633333336e-05,0.00019254489365000003,6.807326831666667e-05,0.00046913921264999997,0.007654193781483333,1.518113787176e-05,4.9540293376599994e-05,4.502118290593777e-05,5.2472161537137774e-05,0.0022213663613467175,2.431937729694222e-05,4.280898760947302e-05,1.6573241000835555e-05,0.00013396140377460312,4.4978501946074056e-05,0.0003122966287314325,0.004865978462310079
2026-09-13 12:44:58.625999928,262.16728524,853.5364808999999,780.5273338399999,893.0768324999999,37689.49507515357,419.9780792800001,725.774069257143,286.20790072,2271.6640428571427,773.3127184761904,5380.180807561429,82772.87833726071,0.0001994364849713305,0.0001718927967056132,0.0002334065480688606,0.00014091037299310632,0.00017022535514918586,0.000276407863000877,3176.966027342561,3487.4881818959093,3543.23356173957,5712.1775113536805,3567.211462380095,11580.765252956553,3085.2124958669638,3277.621263801547,3328.4222257891256,2633.821620891777,3446.659050409496,11128.525449793879,0.0,0.0,0.0,0.0,0.0,0.0,2.2160136599999996e-05,9.496402435e-05,7.014651780000001e-05,9.729362683333335e-05,0.0038089098498666667,3.631593739999999e-05,8.046928285555555e-05,2.47701743e-05,0.00020761110198333336,7.417614331666666e-05,0.0005151362543166667,0.008205094850927777,1.648740927176e-05,5.3677960909933316e-05,4.9086496772604434e-05,5.616460968833333e-05,0.002370250468059658,2.641195476360889e-05,4.564312479994921e-05,1.799929686750222e-05,0.00014286242758412693,4.863277762861375e-05,0.00033835359300886316,0.005205494348765507
2026-09-13 12:45:13.625999928,280.6553827333334,918.5675537499999,843.4469191333333,957.3143324999999,40099.176777625005,454.3733479333334,775.2876581,303.6182197,2414.611608,838.6291493214285,5815.312788546428,88400.79002045,0.00021426976352215035,0.00018469136340854348,0.0002360599260982455,0.00014778889824593606,0.00018280505281726838,0.0002982593425488229,3384.1520322364654,3711.084293729344,2575.497190484785,5991.016864524755,3795.2060848113456,11648.822005899605,3286.4147894281923,3495.3302881335444,2489.0264686968144,2762.3913503299314,3675.911416495081,11188.2483103579,0.0,0.0,0.0,0.0,0.0,0.0,2.4685254683333334e-05,0.00010172850894444442,7.852502643333332e-05,0.0001041258161111111,0.0041090504550083335,4.0711057833333334e-05,8.614070955833333e-05,2.6943747999999995e-05,0.00022735270826666667,8.45615947111111e-05,0.0005694735453,0.009011068431650001,1.7650105180785186e-05,5.7767692824722205e-05,5.3043439581051836e-05,6.020443468833332e-05,0.0025217926729039723,2.857503499225185e-05,4.8756979387177774e-05,1.9094212483355554e-05,0.00015185224112533333,5.274045539065872e-05,0.0003657185598130309,0.0055594274612860775
2026-09-13 12:45:28.625999928,301.25888273333334,984.3063037499999,907.9579191333331,1020.9588877285715,42435.81829756667,487.7298479333333,820.6170956000001,325.9074697,2556.2941079999996,897.2538100357142,6233.148971777381,93920.93908501945,0.00021767320208446384,0.00019024650411660367,0.00025085427250865687,0.00015466742349876577,0.00019026760585257076,0.0002991780701193774,2255.240345045972,2708.417037614377,2717.1165307874167,6269.856217695827,2796.7004685131683,10224.536440361746,2190.224407170773,2637.1789567059564,2625.891027429368,2890.9610797680853,2812.090015863666,9789.09910857051,0.0,0.0,0.0,0.0,0.0,0.0,2.6948213016666667e-05,0.0001090328145,8.572360976666668e-05,0.0001112633161111111,0.004365513600841666,4.4443141166666675e-05,9.117731372499998e-05,2.9413747999999997e-05,0.0002427822638222222,9.099615026666666e-05,0.0006161842952999999,0.009578301862205554,1.8945836403007403e-05,6.190192976916666e-05,5.710046469216295e-05,6.420697005048571e-05,0.0026687414618247482,3.067278821447407e-05,5.160769734551112e-05,2.0495958650022218e-05,0.00016076249612533328,5.6427295164468246e-05,0.00039199581311399965,0.005906583502457889
2026-09-13 12:45:43.625999928,324.2067585714286,1040.3488722857144,973.5790459285715,1085.1591020142857,44848.85123882222,520.0899045142858,866.4489144,339.5115938857143,2677.6003362,960.6822804305556,6668.473015701984,99435.63947937779,0.00023174713046641467,0.0002025648903733318,0.00026564861891906823,0.00016154594875159554,0.0002025097238857255,0.0003169796304585665,2384.092978009138,2863.110454818225,2858.735871090048,6548.695570866901,2956.1923325406697,10782.552282979872,2315.3623696340997,2787.803553629278,2762.7555861619217,3019.530809206239,2972.4595239653554,10323.672523998417,0.0,0.0,0.0,0.0,0.0,0.0,2.921117135e-05,0.00011633712005555554,9.292219310000001e-05,0.0001184008161111111,0.0046219767466749995,4.817522450000001e-05,9.621391789166667e-05,3.188374799999999e-05,0.00025821181937777776,9.74307058222222e-05,0.0006628950453,0.010145535292761111,2.03890028168254e-05,6.542638463485713e-05,6.122730444395238e-05,6.824445019334286e-05,0.002820494422352597,3.270787621723175e-05,5.44900095056e-05,2.1351506904368255e-05,0.0001683913100321333,6.0416241191521595e-05,0.00041937285854303587,0.006253396882814202
2026-09-13 12:45:58.625999928,344.96033000000006,1105.4805865714286,1038.1636887857144,1157.6634671875,47220.43407152222,553.3826188,911.8054144,361.24487960000005,2818.2308362,1019.609301263889,7091.18953097996,104860.79399421,0.00024582105884836554,0.00021488327663005992,0.0002804429653294796,0.00012879577498780352,0.0002147518419188803,0.0003221956450523624,2512.9456109723046,3017.8038720220725,3000.3552113926803,4468.202315916121,3115.684196568171,10945.677376305515,2440.5003320974274,2938.4281505525996,2899.6201448944757,2060.2384717189375,3132.8290320670453,10471.359732349229,0.0,0.0,0.0,0.0,0.0,0.0,3.147412968333334e-05,0.00012364142561111107,0.00010012077643333333,0.0001255383161111111,0.004878439892508333,5.1907307833333344e-05,0.00010125052205833333,3.4353747999999994e-05,0.00027364137493333327,0.00010386526137777778,0.0007096057953,0.010712768723316668,2.1694171864444445e-05,6.952244577771428e-05,6.52889608725238e-05,7.280416915868054e-05,0.002969640631609064,3.480161802675555e-05,5.7342429394488886e-05,2.2718289094844443e-05,0.00017723540592102222,6.412209605726234e-05,0.0004459570305038508,0.006594578822302539
2026-09-13 12:46:13.625999928,365.87013697500004,1189.9653705000003,1106.8832491375003,1222.3275296875,49612.22355871,584.1935007500001,966.34735192,377.877145525,2950.7338951200004,1069.3095334222223,7526.581340881945,110477.72033293001,0.00025989498723031636,0.00022720166288678806,0.00029523731173989096,0.00013404045073382216,0.00022699395995203506,0.00033650329093010454,2641.7982439354705,3172.4972892259198,3141.9745516953117,4650.151392404141,3275.176060595672,11394.066308215408,2565.6382945607543,3089.052747475921,3036.484703627029,2144.1331704748713,3293.198540168735,10898.528404177852,0.0,0.0,0.0,0.0,0.0,0.0,3.392654893333334e-05,0.00013182881126666668,0.00010712720705555557,0.00013347942604166661,0.005168618455841666,5.5501488466666674e-05,0.00010736912075333334,3.524842706666667e-05,0.000288406661975,0.00011192257512499997,0.0007618300742083333,0.01148837265878,2.300916639198333e-05,7.483559996700002e-05,6.961065766798056e-05,7.68708202003472e-05,0.0031200576149144287,3.673928015827778e-05,6.0772511242968885e-05,2.376427381857222e-05,0.00018556837607088,6.724768843521975e-05,0.00047333833765990894,0.006947821078715375
2026-09-13 12:46:28.625999928,386.63257447500007,1256.1738705000005,1171.7100616375003,1286.6486846777775,51945.53189636455,617.3453757500001,1012.1428019200001,399.32095802500004,3091.00069512,1127.7284667555555,7948.037588772222,115778.08756192909,0.0002739689156122672,0.00023952004914351617,0.0003100316581503023,0.00013928512647984082,0.00023803863609257736,0.00035113473309396484,2770.650876898637,3327.190706429767,3283.593891997943,4832.10046889216,5952.3059370622295,12732.504195510022,2690.7762570240816,3239.677344399242,3173.3492623595826,2228.0278692308057,5546.420873606156,12080.171664688525,0.0,0.0,0.0,0.0,0.0,0.0,3.6202215599999994e-05,0.0001391853112666667,0.00011431290150000003,0.00014066432187499997,0.005426812851674999,5.922432180000001e-05,0.00011245750408666665,3.761276040000001e-05,0.00030379722447499997,0.00011845309595833332,0.0008088937200416667,0.012066060608779999,2.4314893016983333e-05,7.899937896700001e-05,7.36875438763139e-05,8.091590616973579e-05,0.0032667967837047033,3.882416474161111e-05,6.365253620963555e-05,2.5112851360238885e-05,0.00019438959927088,7.092159024262715e-05,0.0004998432528050085,0.007281155284450206
2026-09-13 12:46:43.625999928,409.1393023111111,1322.0028834999998,1238.8834309222225,1351.295518011111,54329.00567246363,647.1738196666666,1061.1311277090908,415.8237728,3203.973485618182,1181.5326468272726,8361.256535470708,121333.23545133635,0.000288042843994218,0.0002134004166666667,0.0002738228240740741,0.00014452980222585948,0.000250218251721594,0.00036240174251375744,2899.503509861803,2999.182222222222,2936.9837037037037,5014.0495453801805,6229.59028349436,13887.63702179639,2815.9142194874084,2920.296296296296,2838.376296296296,2311.92256798674,5813.476508592124,13074.7284134125,0.0,0.0,0.0,0.0,0.0,0.0,3.847788226666668e-05,0.00014654181126666667,0.00012149859594444445,0.0001478492177083333,0.005685007247508333,6.294715513333335e-05,0.00011754588741999999,3.997709373333334e-05,0.000319187786975,0.00012498361679166663,0.0008559573658750001,0.01264374855878,2.5730316123120986e-05,8.31392924512222e-05,7.79120024335531e-05,8.49814736882543e-05,0.0034166908011793794,4.070004243681481e-05,6.673335758703838e-05,2.615069504497777e-05,0.00020149433253998785,7.430527534491514e-05,0.0005258301332307133,0.007630512362828485
2026-09-13 12:46:58.625999928,429.9906356444445,1388.1923834999998,1303.8332642555558,1428.0823063399998,56678.473657014394,680.1563196666667,1107.0661731636364,437.01577280000004,3343.0566219818184,1239.723333190909,8789.382884810506,126722.01779603181,0.0002947554496830512,0.0002134004166666667,0.00033483816969570026,0.00014061558759071677,0.00026239786735061065,0.0003692551167462728,2218.060186902021,2999.182222222222,2601.0529854861093,6330.84860319491,6506.874629926491,15637.806088531854,2155.8715835309363,2920.296296296296,2517.447710952627,3889.098607390294,6080.532143578092,14625.310552826368,0.0,0.0,0.0,0.0,0.0,0.0,4.075354893333333e-05,0.00015389831126666668,0.00012868429038888888,0.00015503411354166662,0.005943201643341667,6.666998846666668e-05,0.00012263427075333335,4.234142706666667e-05,0.00033457834947499997,0.00013151413762499997,0.0009030210117083334,0.013221436508779997,2.7041633308306175e-05,8.730187656233331e-05,8.199662528540495e-05,8.981050948760443e-05,0.003564446232207794,4.27742752145926e-05,6.962216155673535e-05,2.748343637831111e-05,0.00021024111644907877,7.796482295400605e-05,0.0005527545236447496,0.007969406896950443
2026-09-13 12:47:13.625999928,453.19044958000006,1468.4415225000002,1369.26710784,1493.28340634,59085.20703510833,706.4274336400001,1166.2483392,458.68128876000003,3479.8263023166674,1304.6676628030305,9221.220699999394,132705.99878029167,0.00030847970696152953,0.0002134004166666667,0.0003494208564744398,0.00014559193120079246,0.0002745774829796273,0.0003962290676130158,2311.854754473521,2999.182222222222,2703.8380097965614,6554.895442756993,6784.158976358621,17791.09838186884,2247.03639687146,2920.296296296296,2616.9289309102433,4026.732644522594,6347.58777856406,16553.314447194618,0.0,0.0,0.0,0.0,0.0,0.0,4.340344434999999e-05,0.00016270396033333335,0.000136687641825,0.00016346696435999997,0.006219929815673333,6.954785267499997e-05,0.00012957906919999998,4.366501055e-05,0.00034699695864666663,0.0001363989666466666,0.0009500671150099998,0.013902570084199997,2.8500643829142226e-05,9.234865574833335e-05,8.611168700416e-05,9.391093422093778e-05,0.003715803020207924,4.442643638224889e-05,7.334406222079999e-05,2.8845956604239997e-05,0.00021884240967902594,8.204909968294613e-05,0.0005799123240221841,0.008345732812182786
2026-09-13 12:47:28.625999928,474.15039958000006,1535.2740225,1434.2399078400003,1563.1931275090908,61421.401730920516,739.0995336400002,1212.7153392,479.89518876000005,3618.8329273166673,1363.1657309848488,9652.660086766666,138043.10730196474,0.00032220396424000784,0.0002817103360893259,0.00036400354325317937,0.00015056827481086814,0.000286757098608644,0.00041280119367204283,2405.649322045022,2714.124396785311,2806.623034107014,6778.942282319079,7061.443322790751,18494.177346100758,2338.201210211984,2562.321875075043,2716.41015086786,4164.366681654895,6614.643413550027,17207.507198083425,0.0,0.0,0.0,0.0,0.0,0.0,4.569890268333332e-05,0.00017012979366666666,0.000143916579325,0.00017071153102666666,0.006478882276784444,7.322599850833331e-05,0.00013474206919999998,4.5974302216666654e-05,0.0003622454086466666,0.00014285074997999998,0.000997128723343333,0.014484506695311108,2.9818791795808893e-05,9.655167741499998e-05,9.019775420416001e-05,9.830747890779392e-05,0.0038627237088556675,4.6481148448915565e-05,7.62663202208e-05,3.0180075204240004e-05,0.0002275843818734704,8.572797819304715e-05,0.0006070450676788814,0.008681377636990227
2026-09-13 12:47:43.625999928,497.8795683272728,1605.388073045455,1497.512958718182,1628.5912184181818,63818.324808807694,764.5259890545456,1264.9919854153843,500.8816758909091,3742.5778019230765,1424.7028265641025,10079.855368791841,143767.2668629,0.0003359282215184862,0.0002937218858960479,0.00037858623003191895,0.00015554461842094382,0.0002577034375,0.00042557690858353566,2499.4438896165225,2818.918699005665,2909.4080584174667,7002.989121881164,6399.999999999999,18278.576059996783,2429.366023552508,2661.2549723496104,2815.8913708254768,4302.000718787195,5977.599999999999,17004.936434956184,0.0,0.0,0.0,0.0,0.0,0.0,4.799436101666666e-05,0.000177555627,0.000151145516825,0.00017795609769333335,0.006737834737895554,7.690414434166665e-05,0.0001399050692,4.828359388333333e-05,0.0003774938586466666,0.0001493025333133333,0.0010441903316766663,0.01506644330642222,3.131109285258182e-05,0.00010096107214930305,9.4176926070499e-05,0.0001024202921805212,0.004013463537976128,4.8080189978319196e-05,7.955394041612306e-05,3.149989206158383e-05,0.00023536655954316233,8.959797775947576e-05,0.0006339109043040202,0.009041363671600154
2026-09-13 12:47:58.625999928,518.9567501454545,1672.3634821363642,1562.4120950818185,1695.2594263083333,66153.8144409055,796.8913526909091,1311.6749854153843,522.0859486181819,3881.0249173076922,1483.3282881025646,10492.53849811422,149197.14747102087,0.0003496524787969644,0.0003057334357027699,0.0003931689168106584,0.00016052096203101953,0.0003097763010962216,0.00042534769748406255,2593.2384571880234,2923.7130012260186,3012.1930827279193,7227.035961443248,5754.5979598765425,17670.350604205145,2520.530836893032,2760.188069624178,2915.372590783093,4439.634755919496,5479.217731481482,16441.678590955933,0.0,0.0,0.0,0.0,0.0,0.0,5.0289819350000004e-05,0.00018498146033333335,0.000158374454325,0.00018520066435999996,0.006996787199006666,8.058229017499999e-05,0.0001450680692,5.0592885549999994e-05,0.00039274230864666656,0.00015575431664666668,0.0010912519400099999,0.015648379917533334,3.263661339803636e-05,0.00010517308120990911,9.825836064625657e-05,0.00010661298169894627,0.004160339885950279,5.011561173589494e-05,8.248978241612305e-05,3.2833405213098985e-05,0.00024407334479957263,9.328486789622793e-05,0.0006598640877702941,0.009382842829844201
2026-09-13 12:48:13.625999928,538.4022934000001,1746.5926963750005,1612.3132811333335,1760.7065513083332,68538.14563091428,819.2837477833335,1370.7830910285713,543.4529775833333,4004.7375015714288,1544.0095214615385,10892.971797570513,155080.29402590002,0.0003633767360754428,0.00031774498550949184,0.00039900860771870377,0.00016549730564109524,0.0003219026529119045,0.00043794558283053977,2687.0330247595243,3028.5073034463726,5544.112031225345,7451.082801005334,5962.977589506173,18173.073189781982,2611.6956502335565,2859.1211668987453,5200.223267083688,4577.268793051796,5679.912175925926,16910.440566222387,0.0,0.0,0.0,0.0,0.0,0.0,5.331548293333334e-05,0.0001936063689833333,0.00016540513871333333,0.00019312593537222221,0.007271383216688888,8.247100361333334e-05,0.0001523040066238095,5.314443354666666e-05,0.0004069345242722222,0.0001634625631111111,0.0011386226333688887,0.01640094194297222,3.385952200715556e-05,0.00010984127401647224,0.00010139659079127407,0.00011072887867116849,0.004310287825233053,5.1523844582818526e-05,8.620702550246349e-05,3.417715392357407e-05,0.00025185349176549206,9.710104323858119e-05,0.0006850468930472122,0.009752827379851043
2026-09-13 12:48:28.625999928,559.4157934000001,1813.8585713750003,1676.6142811333336,1827.6912778923077,70879.62254420953,851.2598727833334,1417.8960553142856,564.6636025833333,4142.680715857143,1602.7147577252745,11308.824770494688,160423.60685963332,0.00032647586805555556,0.00032975653531621383,0.00041327444734359575,0.0001704736492511709,0.00033402900472758736,0.0004632383835460921,2434.844444444445,3133.301605666726,5726.94639571482,7675.129640567418,6171.357219135803,20249.403009721755,2366.5777777777785,2958.0542641733123,5373.011329283613,4714.902830184096,5880.606620370371,18771.38479356858,0.0,0.0,0.0,0.0,0.0,0.0,5.564281626666667e-05,0.00020108035509444446,0.00017262542204666664,0.00020039783814999992,0.0075308904944666666,8.607103694666667e-05,0.0001575387804333333,5.546430021333333e-05,0.0004221406214944444,0.00016996478533333335,0.0011856898333688888,0.016989075861623015,3.5181037673822226e-05,0.00011407155015536111,0.00010544040923571853,0.00011494147369856067,0.004457540706669177,5.353478755504075e-05,8.916990747865396e-05,3.551106656246296e-05,0.0002605285872416826,0.00010079295031916725,0.0007111994244555548,0.010088862386950273
2026-09-13 12:48:43.625999928,581.385430323077,1876.7961161538465,1737.1248558000002,1893.1935086615383,73257.52278348,874.893968723077,1472.6928512533334,592.9674355846154,4280.613232453334,1655.8723314904762,11703.542422159708,166237.90163118002,0.00032647586805555556,0.0003386581272837093,0.0004275402869684878,0.00015146929814813123,0.00034615535654327023,0.0004705841624095961,2434.844444444445,5753.690936681549,5909.780760204293,6119.44872037992,6379.736848765431,19005.292620397675,2366.5777777777785,5327.779734316545,5545.799391483538,3759.233712272862,6081.301064814815,17611.95661753188,0.0,0.0,0.0,0.0,0.0,0.0,5.797014959999999e-05,0.00020855434120555557,0.00017984570537999997,0.00020766974092777777,0.007790397772244444,8.967107028000002e-05,0.00016277355424285716,5.778416687999999e-05,0.0004373467187166666,0.00017646700755555555,0.001232757033368889,0.01757720978027381,3.656268372920684e-05,0.00011802962241589746,0.00010924585204253332,0.00011906083621138119,0.00460708421060552,5.502110958858461e-05,9.261601708993186e-05,3.729106317121025e-05,0.00026920300995206524,0.00010413597106928994,0.0007360227789935992,0.01045451692480532
2026-09-13 12:48:58.625999928,602.4335457076922,1943.9015007692308,1801.2858558000003,1955.5298286142854,75621.79832052584,906.5680841076922,1520.054551253333,614.4348586615384,4418.5650324533335,1714.3806957761904,12106.722420101465,171770.04255847793,0.0003963606039430328,0.0003505589425351121,0.00044180612659337987,0.0001557520003509739,0.00035396807395341823,0.00048384041967712934,2201.25476375094,5940.276272007791,6092.615124693767,6292.472407921692,5642.4889134236855,18893.571883504188,2139.6453009754036,5502.209942546418,5718.587453683462,3865.523757169,5434.390011040141,17506.232537507272,0.0,0.0,0.0,0.0,0.0,0.0,6.0297482933333333e-05,0.00021602832731666666,0.00018706598871333333,0.00021494164370555553,0.008049905050022222,9.327110361333334e-05,0.00016800832805238092,6.010403354666668e-05,0.0004525528159388889,0.00018296922977777778,0.0012798242333688888,0.0181653436989246,3.788637631895042e-05,0.0001222498054928205,0.00011328086604253334,0.00012298109811063171,0.004755770872157513,5.701305951166153e-05,9.559454177882072e-05,3.8641125555825636e-05,0.00027787864537428733,0.00010781549708992487,0.000761378321086381,0.010802427120899833
2026-09-13 12:49:13.625999928,622.0500524857143,2026.9101557142862,1862.6619372428574,2020.9261857571428,78026.47899339374,935.0555031857143,1575.2629356500001,644.2631787285713,4574.8850759125,1768.191572041667,12532.797408492263,177199.2349704125,0.0004098029919393524,0.00036245975778651494,0.00045607196621827185,0.00016003470255381662,0.00036594648746425285,0.0004994462460844978,2270.307382085178,6126.861607334032,6275.449489183241,6465.496095463466,5821.364961389694,19476.85576315976,2206.7652512746304,5676.64015077629,5891.375515883387,3971.813802065139,5606.668986363991,18046.77748488588,0.0,0.0,0.0,0.0,0.0,0.0,6.259603922777776e-05,0.00022475002495238097,0.00019185390217777776,0.00022204986279047612,0.008322967859990475,9.461479286111109e-05,0.00017502284773333328,6.34384216388889e-05,0.0004667835886761904,0.00018913974273809524,0.0013188109514738096,0.018896606842447025,3.912003663410159e-05,0.00012747012757047618,0.00011714073960882859,0.00012709380234872698,0.004906998567806762,5.8804601644790474e-05,9.906653573087778e-05,4.0516995462263486e-05,0.0002877094392184972,0.00011119960330839817,0.0007881737036896245,0.011143862999250385
2026-09-13 12:49:28.625999928,643.0498382000001,2094.5644414285716,1926.7271515285718,2082.4636794266667,80381.52750555184,966.6220389000001,1622.86318565,666.0128573000001,4713.4073571625,1826.544259541667,12939.515450024168,182550.7710552695,0.0004232453799356721,0.0003743605730379178,0.0004703378058431638,0.0001643174047566593,0.00037792490097508737,0.000509760479651161,2339.3600004194154,6313.4469426602745,6458.283853672715,6638.519783005238,6000.241009355703,18568.280627753375,2273.8852015738576,5851.070359006162,6064.163578083311,4078.103846961277,5778.947961687841,17212.532895120043,0.0,0.0,0.0,0.0,0.0,0.0,6.492230311666665e-05,0.00023226716780952385,0.00019898379106666662,0.0002293161246952381,0.008582888550466667,9.813097341666666e-05,0.00018031176439999998,6.579599108333334e-05,0.00048195599343809514,0.00019563051654761905,0.0013655823145690476,0.019489312558220832,4.0440689824577776e-05,0.00013172483042761906,0.00012116972975168572,0.00013096382695061034,0.005055104952015815,6.078978600193334e-05,0.0001020600625642111,4.1884808581311106e-05,0.0002964209515726638,0.00011486933898895373,0.000813751749412631,0.011480415157475837
2026-09-13 12:49:43.625999928,659.8949798933332,2152.0445034,1996.379111,2147.7390794266666,82753.65229144706,991.0061496266667,1669.5494619764702,693.0060968666666,4843.299340070588,1880.3439083860294,13329.717389990637,188134.10382681177,0.0004366877679319917,0.00038626138828932056,0.00047769679588844554,0.00016860010695950197,0.00038990331448592193,0.0005235040132924454,2408.4126187536535,6500.0322779865155,5527.771456595001,6811.543470547012,6179.1170573217105,18586.540767477243,2341.0051518730847,6025.500567236035,5224.655888667949,4184.393891857416,5951.22693701169,17228.163858789114,0.0,0.0,0.0,0.0,0.0,0.0,6.724856700555555e-05,0.00023978431066666662,0.00020611367995555555,0.0002365823866,0.008842809240942858,0.00010164715397222222,0.00018560068106666667,6.815356052777778e-05,0.0004971283982000001,0.00020212129035714283,0.0014123536776642857,0.020082018273994643,4.1500062068847396e-05,0.00013533968765826665,0.00012555006409177777,0.00013506892432838812,0.005204285244106558,6.232327563207704e-05,0.00010499611060874246,4.358238342517036e-05,0.00030458971405332804,0.00011825273912738806,0.0008382911158594111,0.01183154475177505
2026-09-13 12:49:58.625999928,680.7633798933333,2219.3703034,2060.624111,2207.1156157187497,85128.97204987385,1022.3455496266669,1717.1236384470583,714.9215968666667,4981.578340070588,1938.5550866948531,13738.45329690973,193666.81187739412,0.0004501301559283114,0.0003962313343493642,0.0004917570361680348,0.00017288280916234467,0.00040188172799675656,0.0005365158357711937,2477.465237087891,5579.96947533515,5679.914723756451,6984.567158088786,6357.99310528772,18506.271589851814,2408.125102172312,5215.3867521404945,5368.4563737165645,4290.683936753555,6123.5059123355395,17148.633690783285,0.0,0.0,0.0,0.0,0.0,0.0,6.957483089444444e-05,0.00024730145352380955,0.00021324356884444443,0.0002438486485047619,0.009102729931419048,0.00010516333452777778,0.00019088959773333336,7.051112997222221e-05,0.0005123008029619048,0.00020861206416666664,0.0014591250407595237,0.020674723989768454,4.28124525577363e-05,0.00013957373241382223,0.00012959036075844445,0.00013880304872186802,0.005353666464469844,6.429417567652147e-05,0.00010798799770678166,4.4960624869614815e-05,0.00031328592671999475,0.00012191357545214299,0.0008639960628945452,0.012179490613622784
2026-09-13 12:50:13.625999928,697.6751322875001,2288.27038340625,2127.52643768125,2272.21702196875,87535.7817222,1047.6647681375,1767.9976727555554,743.7137920124999,5127.402984477778,2000.706157777778,14163.547992207557,199382.2280024778,0.0004583016141204216,0.00040807378838379245,0.000505817276447624,0.00015988136428279328,0.0004107910546451981,0.0005511041614995321,4889.902680855111,5735.686922212454,5832.057990917903,6051.828800598916,5512.672171025432,20308.530829056,4637.146742989428,5360.929969376867,5512.25685876518,3717.6941727363405,5309.406160276827,18766.849171613085,0.0,0.0,0.0,0.0,0.0,0.0,7.129464008571428e-05,0.0002537921100875,0.00022067861685714287,0.0002500361727708333,0.009377443832304167,0.00010746188357142858,0.00019643701942222218,7.463973847142858e-05,0.0005293829922749999,0.00021405566245416663,0.0014985553322523807,0.021325591133280558,4.387601387496944e-05,0.0001439067818897708,0.00013379777374750973,0.0001428972038260347,0.0055050280505294655,6.588647319620277e-05,0.00011118740919773827,4.677133403100832e-05,0.00032245667657938024,0.00012582218725580246,0.0008907297959543863,0.012538926783266936
2026-09-13 12:50:28.625999928,718.4258510375,2355.64391465625,2191.85178143125,2329.0314305882357,89863.61495284151,1078.8251118874998,1815.6613394222222,765.8338232624999,5265.893067811112,2059.033412679739,14573.496991845916,204630.95939773042,0.00047158921211422914,0.0004199162424182208,0.0005198775167272132,0.00016375091392708223,0.00042267961930912197,0.0005678393735517113,5022.46022375892,5891.404369089761,5984.201258079354,6198.298979207314,5663.346833498091,22216.08057388222,4762.852471396192,5506.473186613242,5656.057343813797,3807.672152522914,5454.525071090121,20480.37131658158,0.0,0.0,0.0,0.0,0.0,0.0,7.360128294285713e-05,0.00026127805800416667,0.0002278183787619047,0.0002572696623541667,0.00963777518299861,0.00011093866928571428,0.00020173298238518518,7.705460751904761e-05,0.0005446134714416666,0.00022051461037083335,0.0015450986417761903,0.021919940746706484,4.518100352080277e-05,0.00014814382841060416,0.00013784312314334306,0.00014647019885699345,0.005651422895923144,6.78461125920361e-05,0.00011418492423477528,4.816243821850832e-05,0.00033116616404234317,0.00012949032350852578,0.0009165110330427541,0.012869013668790601
2026-09-13 12:50:43.625999928,736.6155374117648,2414.1086152941175,2265.147226605882,2393.9020188235295,92249.99787722105,1103.2166060117645,1864.462408968421,794.0995857294117,5401.116782063157,2120.9843856812868,14986.602460281183,210468.33282128422,0.00048487681010803656,0.000431758696452649,0.0005339377570068025,0.00016762046357137115,0.0004345681839730458,0.0005831752437917304,5155.017766662729,6047.121815967065,6136.344525240806,6344.769157815711,5814.021495970752,22797.448844833343,4888.558199802956,5652.016403849615,5799.857828862414,3897.6501323094867,5599.643981903417,21016.366882995415,0.0,0.0,0.0,0.0,0.0,0.0,7.59079258e-05,0.0002687640059208333,0.00023495814066666664,0.00026450315193750004,0.009898106533693054,0.000114415455,0.00020702894534814812,7.946947656666667e-05,0.0005598439506083332,0.00022697355828750002,0.0015916419513000001,0.022514290360132406,4.632493268611765e-05,0.00015182060847294113,0.00014245259225099212,0.00015054983807267973,0.005801499866500789,6.938006655585096e-05,0.00011725396927512511,4.9940040613649664e-05,0.0003396702331830829,0.00013338635136617868,0.0009424907769465721,0.013236119597427428
2026-09-13 12:50:58.625999928,757.2943609411766,2481.2274388235296,2329.728314841176,2478.030168355556,94617.39576185762,1134.1869295411766,1912.1553826526317,816.3921445529412,5539.526676799999,2179.41246024269,15420.592174376729,215975.33267687896,0.0004981644081018441,0.0004436011504870774,0.0005479979972863916,0.0001714900132156601,0.00044645674863696966,0.0005850670986644782,5287.575309566537,6202.83926284437,6288.487792402257,6491.239336424109,5964.696158443411,22792.341422160396,5014.263928209719,5797.559621085989,5943.65831391103,3987.6281120960602,5744.762892716711,21018.06692401489,0.0,0.0,0.0,0.0,0.0,0.0,7.821456865714285e-05,0.0002762499538375,0.00024209790257142855,0.0002717366415208334,0.0101584378843875,0.0001178922407142857,0.00021232490831111112,8.188434561428573e-05,0.0005750744297749998,0.0002334325062041667,0.0016381852608238095,0.02310863997355833,4.7625400921411764e-05,0.00015604163670823528,0.00014651402513334507,0.00015584056392102717,0.00595038288902349,7.132775579114509e-05,0.00012025332739793217,5.1341994868551624e-05,0.000348374677674311,0.0001370608280552625,0.0009697839078552474,0.013582448699457052
2026-09-13 12:51:13.625999928,775.1299773,2557.971095833333,2387.5678474833335,2543.4088350222223,97002.256897875,1161.8092876444443,1963.6570080399997,842.1656358111111,5683.573754949999,2248.944607468421,15843.676089922807,221700.09359822498,0.0005114520060956516,0.00045544360452150564,0.0005059926388888889,0.000175359562859949,0.00045834531330089345,0.0005992800761932039,5420.132852470347,6358.556709721674,5833.955555555554,6637.709515032506,6115.370820916072,21965.321507728844,5139.969656616484,5943.102838322363,5514.050370370369,4077.6060918826333,5889.881803530006,20258.382019960885,0.0,0.0,0.0,0.0,0.0,0.0,7.979260255833333e-05,0.0002837586187037037,0.00025061649432916663,0.0002801064978666667,0.010431785974695185,0.00011987144567916665,0.00021817678612333333,8.59412081375e-05,0.0005914195825037035,0.00024081531644814817,0.0016863095556189816,0.023819714047819997,4.874706301686666e-05,0.0001608679600268518,0.00015015148907506295,0.00015995215562473084,0.0061003641560219155,7.306489520075061e-05,0.00012349220739451555,5.296286109656542e-05,0.00035743363836685546,0.00014143362753634732,0.0009963911852107008,0.013942472552955037
2026-09-13 12:51:28.625999928,795.7332273000001,2625.3502625000006,2451.9670974833334,2633.378786189474,99379.69428786523,1192.6906209777778,2011.44303304,864.5507191444444,5822.12612995,2307.664657468421,16290.706593227778,227110.91055695357,0.0005247396040894592,0.0004619856600134316,0.0005059926388888889,0.00017922911250423796,0.0004702338779648173,0.0006078438695174715,5552.690395374156,8627.630120337624,5833.955555555554,6784.179693640905,6266.045483388731,21857.700110644982,5265.675385023247,5234.881252023692,5514.050370370369,4167.584071669206,6035.0007143433,20152.41911766414,0.0,0.0,0.0,0.0,0.0,0.0,8.207837339166668e-05,0.0002912451927777777,0.0002577957547458333,0.000287370794162963,0.010692450036732222,0.0001233053310958333,0.0002234863444566666,8.84031143875e-05,0.0006066802862074073,0.0002472993071888889,0.0017328957211282408,0.02441704176448667,5.004277851686666e-05,0.00016510536095277778,0.00015420148635284076,0.0001656102658870269,0.0062498785518813015,7.500698794149136e-05,0.00012649741741118222,5.4370634115083945e-05,0.0003661470432835222,0.00014512646623634733,0.0010245044368629912,0.014282752819470635
2026-09-13 12:51:43.625999928,812.4780503473684,2687.541697263158,2511.900033115789,2699.3737335578944,101737.30935168095,1222.7913366526316,2060.0634091809525,888.5549063789473,5952.628412780951,2374.827755066666,16700.891753298245,232636.52198179523,0.0005380272020832666,0.000473692501263798,0.0005845528022330775,0.00018309866214852693,0.000437724880952381,0.0006344127731755227,5685.247938277965,8833.90975780042,5461.050493481452,6930.649872249303,5854.029206349206,22154.296457342796,5391.381113430011,5360.043016235481,5161.593572223424,4257.562051455781,5638.176507936508,20352.04337759103,0.0,0.0,0.0,0.0,0.0,0.0,8.4364144225e-05,0.0002987317668518518,0.00026497501516249987,0.0002946350904592593,0.010953114098769258,0.00012673921651250002,0.00022879590278999996,9.086502063750001e-05,0.0006219409899111111,0.0002537832979296296,0.0017794818866375,0.025014369481153334,5.109584183295672e-05,0.00016901651118343856,0.00015797060208261516,0.00016976061479930757,0.006398146343672379,7.689998850504327e-05,0.00012955509884404656,5.588023077894269e-05,0.00037435418684822426,0.000149350278818637,0.001050300525818534,0.014630252382410676
2026-09-13 12:51:58.625999928,832.9839187684211,2754.7878025263158,2576.1849804842104,2786.696234895,104111.2825204948,1253.652968231579,2107.8689091809524,910.9808537473685,6090.995127066667,2433.7587407809524,17142.9231340946,238103.0773223868,0.0005417535798351587,0.00048539934251416446,0.0005984777837743612,0.00017057250000000317,0.0004902496043733701,0.0006492942268497403,4852.974913806435,9040.189395263213,5583.7581499497455,6456.509629629631,5516.033425241326,21858.190632714668,4602.127748569341,5485.2047804472695,5277.572549463309,3966.293333333334,5312.643476642911,20078.613532093583,0.0,0.0,0.0,0.0,0.0,0.0,8.664991505833334e-05,0.000306218340925926,0.00027215427557916657,0.0003018993867555556,0.011213778160806296,0.00013017310192916666,0.0002341054611233333,9.332692688749999e-05,0.0006372016936148149,0.0002602672886703704,0.0018260680521467593,0.02561169719782,5.238543311365847e-05,0.0001732455440255438,0.00016201341099489588,0.00017525222988339664,0.006547442878511117,7.884084222434152e-05,0.00013256153362182433,5.729057369122338e-05,0.0003830559157688592,0.0001530563830313354,0.001078099388210838,0.014974037973830099
2026-09-13 12:52:13.625999928,848.9304001300001,2817.2187528,2647.7751298399994,2853.200159895,106479.49619453182,1285.92738383,2158.9214096000005,936.32667524,6237.976061363635,2500.549042125541,17580.43979892948,243763.64537960908,0.0005548082734835506,0.0004971061837645308,0.0006124027653156449,0.00018335538447751434,0.0005020467804261753,0.0006643739691759207,4963.33845293222,9246.469032726009,5706.465806418039,5989.432856718411,5642.274960848189,22352.373846290982,4706.786667039355,5610.366544659059,5393.551526703194,3679.3637697110635,5434.230171087905,20532.579447966396,0.0,0.0,0.0,0.0,0.0,0.0,8.819777727777777e-05,0.0003125654300266667,0.0002779666532814814,0.00031427879616333326,0.011485022268367878,0.0001331423832222222,0.0002398725586909091,9.646256991111111e-05,0.0006527388151933332,0.00026906859465333327,0.001875874417622963,0.02626816719883121,5.338828960817555e-05,0.00017717175712053332,0.00016651563594327105,0.00017943458783339664,0.006696377205122778,8.087054436086443e-05,0.0001357721686481778,5.8884544242871094e-05,0.00039229938341464637,0.00015725675087145067,0.001105614325132676,0.015330024809428747
2026-09-13 12:52:28.625999928,869.32672513,2884.3473528,2712.23792984,2941.771637009524,108839.4707859492,1316.8229588299998,2206.7992277818184,958.8227752399998,6376.538561363636,2559.6670745930737,18026.08527023422,249113.186062233,0.0005678629671319425,0.0005088130250148972,0.0006263277468569286,0.0001870646563435255,0.0005138439564789803,0.000675534586899071,5073.701992058004,9452.748670188806,5829.173462886333,6110.59883639278,5768.516496455051,23534.55321444379,4811.445585509368,5735.52830887085,5509.530503943079,3753.797147027473,5555.816865532896,19974.841528915327,0.0,0.0,0.0,0.0,0.0,0.0,9.046458283333333e-05,0.00032002416336,0.00028511078291111104,0.0003216681211633334,0.011745924112307272,0.00013656432766666666,0.0002451923162666667,9.894179213333335e-05,0.0006680062985266666,0.0002756092279866666,0.0019225348268822222,0.026866850708679696,5.4670991824842216e-05,0.00018139340018719996,0.00017056962980993776,0.00018500474961637674,0.006844793384983027,8.281353274419775e-05,0.00013878315143605655,6.029929897620442e-05,0.00040101342508131306,0.00016097461824663106,0.0011336404736613963,0.015666451479024873
2026-09-13 12:52:43.625999928,889.1542538857142,2950.256294214286,2780.1983765333334,3008.778208438095,111186.60844261304,1338.6980267523809,2258.1347680347826,980.0837570190477,6476.8309845652175,2625.767690507905,18430.75143334747,254660.44394593043,0.0005809176607803344,0.0005205198662652636,0.0006351352470433621,0.00019077392820953675,0.0005256411325317854,0.0006821889512113998,5184.065531183789,9659.028307651603,5323.133202448139,6231.764816067151,5894.758032061913,24977.979183789914,4916.104503979383,5860.69007308264,5031.23898133551,3828.2305243438827,5677.403559977888,21229.147825706033,0.0,0.0,0.0,0.0,0.0,0.0,9.273138838888888e-05,0.00032748289669333333,0.0002922549125407407,0.00032905744616333333,0.012006825956246664,0.0001399862721111111,0.0002505120738424243,0.00010142101435555555,0.0006832737818599998,0.00028214986131999995,0.0019691952361414813,0.02746553421852818,5.591792307770157e-05,0.00018553834028058727,0.00017484358679087405,0.00018921871844177352,0.006992402264279886,8.41892314602053e-05,0.00014201158652307633,6.163637849697565e-05,0.0004073207041404348,0.00016513161253638598,0.0011590894790305185,0.016015312363710735
2026-09-13 12:52:58.625999928,909.5375396,3017.3565084999996,2844.7423765333338,3078.0474269363635,113534.3126961471,1369.3868124666665,2306.0863115130437,1002.5515427333332,6614.575006304348,2685.0443673853756,18855.02555330673,259929.80621875814,0.0005939723544287263,0.0004855990277777779,0.0006489479876914195,0.00019448320007554791,0.0005374383085845906,0.00069428678667409,5294.429070309572,9043.707936507939,5433.029881285176,6352.930795741519,6020.999567668775,25397.39651577334,5020.763422449396,5487.339682539683,5135.109471412656,3902.663901660292,5798.99025442288,21578.636928505468,0.0,0.0,0.0,0.0,0.0,0.0,9.499819394444445e-05,0.00033494163002666664,0.0002993990421703704,0.0003364467711633333,0.01226772780018606,0.00014340821655555559,0.00025583183141818184,0.0001039002365777778,0.0006985412651933333,0.0002886904946533333,0.0020158556454007407,0.028064217728376667,5.7199805268177774e-05,0.00018975819820122217,0.0001789026872353185,0.00019357498262733127,0.007140046776224362,8.611921509512591e-05,0.00014502720581293141,6.304935257634072e-05,0.0004159832726186956,0.00016885945688223584,0.0011857716070190676,0.016346696702201898
2026-09-13 12:53:13.625999928,932.0582331454547,3092.9794955454545,2905.5329027636362,3145.103290572727,115910.74065519166,1391.418281790909,2356.063360966667,1028.9121361545454,6736.232352575001,2764.436060322464,19303.41430503205,265341.00637082086,0.0006069150730660301,0.0005373280418421473,0.000662760728339477,0.00019052790487070624,0.000513287326388889,0.0007181753498374023,4868.402942560125,8486.758770752713,5542.926560122211,5925.298817674639,5762.560000000001,25496.95426661284,4616.758312397536,5148.6661892720595,5238.979961489798,3639.96563881822,5550.080000000001,21633.55275665202,0.0,0.0,0.0,0.0,0.0,0.0,9.670123080000001e-05,0.00034320435223030303,0.0003078341584200001,0.00034658958092727266,0.012533346907243182,0.00014599547342999998,0.0002617768573555555,0.00010664274950999999,0.0007109958047545454,0.00029698414274848483,0.0020674815254951517,0.028687695009635607,5.861610666225859e-05,0.00019451404383096966,0.0001827257358849131,0.00019779205138490704,0.007289497690093164,8.750474972151716e-05,0.00014817020692301484,6.470714100705251e-05,0.0004236341679508278,0.00017385231223805716,0.0012139702774053487,0.016687001067320507
2026-09-13 12:53:28.625999928,952.488369509091,3160.269222818182,2969.993630036364,3206.9890671086955,118247.039296775,1421.9173045181817,2404.0563609666665,1051.465249790909,6873.647540075,2824.1495548876815,19721.76223270102,270613.5835434463,0.0006199673352307321,0.0005488915493485491,0.0006765734689875347,0.00019410392352654457,0.0005567160838201535,0.0007232154062646712,4967.99390488746,8660.180590568874,5652.823238959249,6036.510763913172,5514.902350974517,25620.119258196202,4711.201481664584,5253.876091460703,5342.850451566944,3708.284161713108,5311.554107913262,21710.306296462666,0.0,0.0,0.0,0.0,0.0,0.0,9.895489746666667e-05,0.0003506809885939394,0.00031500837508666667,0.00035404023244242416,0.012794340577066413,0.00014939796509666665,0.00026710941291111103,0.00010912810784333333,0.0007262006456636363,0.00030356381699090914,0.0021142516421618182,0.029286909698398235,5.990093523801615e-05,0.00019874582001278788,0.0001867795994000646,0.00020168397910928014,0.00743642491577496,8.94227993730323e-05,0.00015118843336745926,6.612548126462827e-05,0.0004322760564091611,0.00017760762756293639,0.0012402797137454197,0.017018587587287845
2026-09-13 12:53:43.625999928,975.2071724956522,3239.892805173914,3035.596983,3273.937001891304,120622.407284296,1443.7460189565218,2449.5109807680005,1076.7625893391305,6983.222465872,2891.9999243049997,20149.02473959022,276198.44918622397,0.0006330195973954339,0.0005604550568549513,0.0006903862096355921,0.00019767994218238284,0.0005684217261701125,0.0007456668105188742,5067.584867214797,8833.602410385036,5762.719917796285,6147.722710151704,5625.81236659799,25698.53931159266,4805.644650931631,5359.085993649346,5446.720941644087,3776.602684607996,5418.374593862481,21745.863157860233,0.0,0.0,0.0,0.0,0.0,0.0,0.00010120856413333333,0.0003581576249575757,0.0003221825917533333,0.0003614908839575757,0.013055334246889644,0.0001528004567633333,0.0002724419684666667,0.00011161346617666666,0.0007414054865727272,0.00031014349123333334,0.002161021758828485,0.02988612438716086,6.132969551472658e-05,0.00020375325863649277,0.0001909053213753333,0.0002058942603411642,0.007585809169212392,9.079558296993235e-05,0.00015404702390163201,6.771640284066087e-05,0.0004391671017426168,0.00018187466190629217,0.0012671497780675624,0.017369813582155863
2026-09-13 12:53:58.625999928,995.6853681478262,3307.4451095217396,3100.081983,3338.4491951083337,122963.92237229984,1474.062975478261,2497.4541607680003,1099.3733284695654,7120.089545872,2951.8828268049997,20563.164035748912,281958.3810572552,0.000646071859560136,0.0005720185643613533,0.0007041989502836497,0.0002012559608382212,0.0005801273685200717,0.0007588865705068334,5167.175829542133,9007.024230201197,5872.616596633319,6258.934656390237,5736.722382221463,25371.21515429655,4900.08782019868,5464.2958958379895,5550.591431721231,3844.9212075028845,5525.195079811698,21619.98933417205,0.0,0.0,0.0,0.0,0.0,0.0,0.0001034622308,0.00036563426132121205,0.00032935680842000005,0.00036894153547272716,0.013316327916712879,0.00015620294843,0.00027777452402222226,0.00011409882450999999,0.0007566103274818181,0.00031672316547575754,0.002207791875495152,0.03048533907592348,6.261754648574106e-05,0.00020800154799881161,0.00019496071137533333,0.00020995136049236854,0.0077330644514135224,9.270218268007729e-05,0.000157062117221632,6.913836710153044e-05,0.00044777452032928347,0.00018564063110795883,0.0012931945382482094,0.017732049297600715
2026-09-13 12:54:13.625999928,1020.8338049250001,3389.1092456875,3160.7391746,3405.348320108334,125387.46342870385,1493.8405724916665,2546.4360514769232,1130.0264291249998,7254.2555102,3013.9515954953845,21007.63207032577,287390.96961730387,0.0006591241217248378,0.0005835820718677553,0.0007180116909317072,0.00020483197949405947,0.0005918330108700307,0.0007504494831489502,5266.766791869469,9180.446050017357,5982.513275470356,6370.146602628769,5847.632397844937,25224.556077223056,4994.530989465727,5569.505798026631,5654.461921798375,3913.239730397772,5632.015565760917,21454.777835266264,0.0,0.0,0.0,0.0,0.0,0.0,0.0001062805751,0.00037610380593611106,0.00033619818866666666,0.0003755406294611111,0.013581633065104702,0.00015761080253333333,0.0002829289601948718,0.00011741030373333333,0.0007672598811722222,0.0003266230068861111,0.0022579247730555555,0.0311343290983547,6.419910373194999e-05,0.00021313731478434718,0.00019877537475817777,0.00021415857213125743,0.007885478255627373,9.394597378114256e-05,0.00016014253390399317,7.106610654274998e-05,0.0004562120687525777,0.00018954406700559862,0.0013211466390893759,0.018073698755932663
2026-09-13 12:54:28.625999928,1041.4061174250003,3456.9496831875003,3225.1461746,3462.8102306200003,127729.78028631737,1523.945134991667,2594.398897630769,1152.7992416250001,7391.072933276923,3073.878266264615,21419.21202690223,292852.4190637373,0.0006721763838895398,0.000595819844912351,0.0006731518229166665,0.00019801723124956015,0.0006035386532199899,0.0007864330700110086,5366.357754196805,11391.931576085688,5625.599999999999,5849.754611077592,5958.542413468412,26855.781487692795,5088.974158732775,5126.136470125993,5317.119999999999,3593.558136903751,5738.836051710136,22901.812746546115,0.0,0.0,0.0,0.0,0.0,0.0,0.00010854627964545455,0.000383641632325,0.0003433653098787878,0.0003829738655722222,0.01384270912813889,0.00016097077223030303,0.0002882581653230769,0.00011991327343030302,0.0007823715617277778,0.00033327056938611105,0.002304762083661616,0.0317344916517735,6.549287360695001e-05,0.00021740372452045835,0.0002028258594248444,0.00021777228783676888,0.008032783960228404,9.583921626725371e-05,0.00016315886400655724,7.249826341775001e-05,0.0004648163644705265,0.00019331278874508577,0.0013470304452474066,0.0184171632433417
2026-09-13 12:54:43.625999928,1066.1137179280001,3529.2216407400006,3289.482691836,3529.5275306200006,130116.42374759259,1542.510046168,2644.555769866667,1181.8599684080002,7510.115058733333,3127.972961710826,21828.988464409184,298243.40448936296,0.0006341853819444445,0.0006073965513651754,0.0007418239433340754,0.00020141785683372586,0.0005753457870370371,0.0007911485607888515,5076.4800000000005,11603.729006120913,5380.692881107639,5950.214682486483,5691.417283950616,27001.853047389344,4814.08,5221.260475527083,5086.579253448999,3655.2716840603644,5481.560493827159,23003.18919525022,0.0,0.0,0.0,0.0,0.0,0.0,0.0001108119841909091,0.0003911794587138889,0.0003505324310909091,0.0003904071016833334,0.014103785191173078,0.00016433074192727273,0.00029358737045128206,0.00012241624312727274,0.0007974832422833332,0.00033991813188611117,0.002351599394267677,0.032334654205192305,6.704670714969421e-05,0.00022194882762875998,0.0002068719115087973,0.00022196806470343552,0.008182877315681934,9.70067429034542e-05,0.00016631317397161483,7.432586023543645e-05,0.0004723027914714517,0.00019671474403648082,0.0013728008300950662,0.01875619632677549
2026-09-13 12:54:58.625999928,1086.766137928,3597.1490207400007,3353.888311836,3591.4675972192313,132493.69716295236,1572.391066168,2692.5586032000006,1204.7545884080002,7646.608558733334,3187.787720257835,22242.2506584605,304004.26333392895,0.0006937853277745741,0.0006189732578179997,0.0007555655333334175,0.00020481848241789158,0.0006277679926976395,0.0008151254639796582,4824.225250260459,11815.526436156139,5475.890588341356,6050.674753895375,5426.784018400925,27121.773667136276,4574.9898227646445,5316.384480928174,5176.573366343111,3716.985231216978,5226.6849186553545,23080.577657418587,0.0,0.0,0.0,0.0,0.0,0.0,0.00011307768873636364,0.0003987172851027777,0.0003576995523030303,0.00039784033779444443,0.014364861254207266,0.0001676907116242424,0.0002989165755794872,0.0001249192128242424,0.0008125949228388887,0.0003465656943861111,0.002398436704873738,0.03293481675861111,6.834551489636088e-05,0.00022622070508209334,0.00021092230938879732,0.00022586340666956497,0.008332381399359004,9.888592705012087e-05,0.00016933201882346667,7.576567744876977e-05,0.0004808867160270073,0.00020047642774065938,0.001398790430298738,0.019118490338555977
2026-09-13 12:55:13.625999928,1111.5166607692308,3660.697019711539,3409.1260934230772,3658.0962702961538,134833.87076434641,1592.1880654923075,2747.477917171428,1234.8229301307692,7779.637752792856,3243.763653314815,22621.958542855842,309635.7973622607,0.0007067528510199923,0.000630549964270824,0.0007693071233327597,0.00020821910800205727,0.0006394890240699104,0.0008231330817640844,4910.431179650738,12027.323866191364,5571.088295575074,6151.134825304266,5524.053250079052,26419.772659732305,4656.742068806888,5411.508486329265,5266.567479237221,3778.6987783735913,5320.367590480402,22564.59806261792,0.0,0.0,0.0,0.0,0.0,0.0,0.00011641089486388889,0.0004062801518589743,0.0003643899536305555,0.00040368345150512816,0.014638904579237548,0.0001685184705083333,0.0003052665339571428,0.00012913445955833332,0.0008258151654794871,0.00035283693420256414,0.0024425047494429485,0.03357586478092692,6.990204777726496e-05,0.00023021716812852565,0.0002143961520974957,0.00023005360988751365,0.008479552316957786,0.00010013093834096064,0.00017278583345766978,7.765664205044614e-05,0.0004892527742311951,0.0002039966919751317,0.0014226698372507116,0.01947265125633773
2026-09-13 12:55:28.625999928,1132.245506923077,3728.54173125,3473.3589780384614,3719.298914181482,137185.94696861343,1621.8810270307692,2795.6023100285715,1257.8513339769231,7916.071163507142,3303.5075064894177,23036.99204826565,315288.5009407404,0.0007197203742654104,0.0006421266707236483,0.0007830487133321018,0.00021161973358622298,0.0006512100554421814,0.0008353153288371317,4996.6371090410175,12239.121296226587,5666.286002808793,6251.594896713158,5621.32248175718,26455.91588377784,4738.49431484913,5506.6324917303555,5356.561592131333,3840.4123255302047,5414.05026230545,22575.017632269697,0.0,0.0,0.0,0.0,0.0,0.0,0.000118697568475,0.0004138184531410256,0.0003715477105749999,0.000411086637402564,0.014900215452406045,0.00017182869967499997,0.0003106136887190476,0.00013167106372499997,0.0008408911077871794,0.00035947737651025643,0.002489289462583974,0.034176763723692494,7.120566187982907e-05,0.00023448384665416665,0.00021843568684108545,0.0002339025761585243,0.008627471776026132,0.00010199829569993505,0.00017581232305290793,7.910487278121539e-05,0.000497832919838338,0.00020775391651922336,0.0014487708332575951,0.019828143503606562
2026-09-13 12:55:43.625999928,1156.8887919851854,3797.074299444445,3536.8179957888888,3785.8305252925925,139549.78824635517,1642.2007757037036,2844.6273912551724,1289.793833688889,8051.757483137931,3362.1497011736456,23439.56296147237,320892.26902185514,0.0007326878975108283,0.0006537033771764726,0.0007943605669726753,0.00021502035917038873,0.0006629310868144524,0.000849943769666058,5082.843038431296,12450.918726261814,8244.70084302086,6352.054968122051,5718.591713435308,26909.83026528132,4820.246560891373,5601.756497131447,7738.690933364242,3902.125872686819,5507.732934130496,22962.818675521863,0.0,0.0,0.0,0.0,0.0,0.0,0.00012098424208611112,0.00042135675442307697,0.0003787054675194444,0.0004184898233,0.015161526325574543,0.00017513892884166667,0.00031596084348095235,0.00013420766789166665,0.0008559670500948718,0.0003661178188179487,0.002536074175725,0.034777662666458056,7.27554506959572e-05,0.00023879378372061724,0.0002224265539573901,0.00023808667525728968,0.008776131127493002,0.00010327618211647734,0.00017889545593893636,8.111370109643456e-05,0.000506366081717341,0.00021144185898492037,0.0014740880706881512,0.02018055825181889
2026-09-13 12:55:58.625999928,1177.6880142074076,3864.931521666667,3601.0368291222217,3853.2232097892866,141918.5424732361,1671.725220148148,2892.767098151725,1312.9825003555559,8188.179121068964,3421.8739948928574,23862.09604990397,326541.46038082737,0.0007456554207562465,0.0006212282716049382,0.000808059969459277,0.00021842098475455444,0.0006746521181867235,0.0008645722104949846,5169.048967821575,11856.78222222222,8381.110135210805,6452.515039530942,5815.860945113435,27363.744646784806,4901.998806933616,5334.913580246913,7866.728247609614,3963.839419843432,5601.4156059555435,23350.619718774033,0.0,0.0,0.0,0.0,0.0,0.0,0.00012327091569722223,0.00042889505570512817,0.00038586322446388884,0.00042589300919743583,0.01542283719874304,0.00017844915800833332,0.00032130799824285714,0.0001367442720583333,0.0008710429924025641,0.0003727582611256411,0.0025828588888660254,0.03537856160922362,7.406349067126585e-05,0.00024306124902925925,0.00022646520503146416,0.00024232492630452617,0.008925099448872402,0.0001051329416226502,0.00018192290861709733,8.257201057791605e-05,0.000514945486947226,0.00021519785345659522,0.001500660707138405,0.020535829619505362
2026-09-13 12:56:13.625999928,1198.400346514286,3929.212639714286,3658.989021907143,3919.769691932143,144263.15672276,1697.8202568285715,2947.05392056,1347.4441045785716,8340.390589373334,3482.373604894252,24261.923606136617,332257.93020253663,0.0007553856259321671,0.0006712258949769067,0.000821759371945879,0.00020814876543210335,0.0006863731495589945,0.0008782344644867119,4758.183795869535,11371.938196936238,8517.51942740075,6149.056790123456,5913.130176791563,27202.766671206486,4512.422224150398,5107.44776405608,7994.765561854989,3777.422222222222,5695.09827778059,23169.541841297745,0.0,0.0,0.0,0.0,0.0,0.0,0.00012652162476923073,0.0004361157533714285,0.0003918309180999999,0.00043277678207380947,0.015685887373399997,0.00017954202055384612,0.0003274416290044445,0.00014117442407692306,0.0008860200516166667,0.00037884892414523813,0.0026224853965023803,0.03608070854663777,7.536606623634286e-05,0.00024710381711980946,0.00023010975404438253,0.0002465099606259547,0.009072549633898017,0.00010677402948499682,0.0001853369465596622,8.473926257683017e-05,0.0005245178970650341,0.00021900260670779405,0.001525805417897036,0.020895332054959526
2026-09-13 12:56:28.625999928,1219.1980608000003,3997.007068285714,3723.0980576214292,3990.8605562482767,146626.59843331957,1727.2851853999998,2995.2945205600004,1370.82840815,8477.073689373332,3542.1113393770115,24689.221327343515,337760.2325814913,0.0007682973834738355,0.0006827056587682222,0.0008354587744324806,0.00021895575023872516,0.0006967435902842525,0.0008912411902077817,4836.258304688094,11558.517305359375,8653.928719590695,5895.8872335667,5394.708532507171,27253.010471983373,4586.464161966738,5191.2455330583825,8122.802876100362,3621.8978318045433,5195.792136150843,23192.478685059603,0.0,0.0,0.0,0.0,0.0,0.0,0.00012882585553846153,0.0004436484676571429,0.00039896700143333323,0.00044017083564523805,0.015947223492447617,0.00018281186670769228,0.0003328016956711112,0.0001437455138205128,0.0009010941528071429,0.00038547970390714285,0.002669140521502381,0.03668331773632031,7.667401137920001e-05,0.00025136733340552374,0.0002341415000681921,0.0002509807860929471,0.009221183857028763,0.00010862704610404443,0.00018837074429299555,8.620987544587778e-05,0.0005331137453539228,0.00022275944645415424,0.0015526776968084921,0.02124136573790267
2026-09-13 12:56:43.625999928,1240.1402770206896,4060.322273379311,3787.007389627586,4057.482901075862,148993.66145683549,1751.2105794275863,3048.4708336,1402.3987683655173,8597.575663193547,3604.5913578118284,25099.6640403914,343140.8835677226,0.000781209141015504,0.0006941854225595375,0.0008455086983275189,0.00022225925341775072,0.0007084417915568416,0.0008913016897625628,4914.332813506654,11745.096413782512,8195.763900669248,5984.841655626994,5481.9638274856725,27796.498515004994,4660.506099783081,5275.043302060685,7692.757444776409,3676.5433525932276,5279.830110168342,23740.717737025163,0.0,0.0,0.0,0.0,0.0,0.0,0.00013113008630769228,0.00045118118194285714,0.00040610308476666656,0.00044756488921666657,0.016208559611495237,0.00018608171286153843,0.0003381617623377778,0.00014631660356410252,0.0009161682539976188,0.00039211048366904756,0.002715795646502381,0.037285926926002855,7.799104408819003e-05,0.00025534915630363213,0.00023816068694769034,0.00025517059133432643,0.009370045820507652,0.0001101316875506682,0.00019171494353528885,8.819530032165363e-05,0.0005406919805963942,0.00022668874539127717,0.0015784899829846145,0.02157974889992566
2026-09-13 12:56:58.625999928,1260.940414951724,4128.040756137931,3851.1130448000004,4131.930071583333,151360.58337160625,1780.5825966689656,3096.7898981161293,1425.920371813793,8734.001389,3664.37483361828,25533.425700179956,348798.509025723,0.0007941208985571726,0.0007056651863508529,0.0008591488500041101,0.00022556275659677637,0.0007201399928294308,0.0009166069866908259,4992.407322325213,11931.675522205649,8323.093262682638,6073.79607768729,5569.219122464173,27800.985700880898,4734.548037599421,5358.841071062988,7812.272100083542,3731.1888733819123,5363.86808418584,23827.10037766956,0.0,0.0,0.0,0.0,0.0,0.0,0.00013343431707692308,0.0004587138962285715,0.0004132391680999999,0.0004549589427880952,0.016469895730542857,0.00018935155901538458,0.0003435218290044444,0.0001488876933076923,0.0009312423551880952,0.0003987412634309524,0.0027624507715023807,0.03788853611568539,7.929914165140842e-05,0.0002596078964415632,0.00024219222037297777,0.0002598524911684629,0.009518898909814347,0.0001119788610794038,0.00019475367581485878,8.967454782740076e-05,0.000549271642908222,0.00023044846175866067,0.0016057687718113172,0.021935550678728797
2026-09-13 12:57:13.625999928,1281.7905939800003,4198.3204665,3929.1494699166665,4198.678821583333,153745.8216350875,1809.1617121933334,3149.019187775,1455.788801306667,8885.11383423125,3738.8889062681455,25996.745473084073,354216.9034309656,0.000807032656098841,0.0007171449501421684,0.0008727890016807015,0.00022886625977580193,0.0007318381941020199,0.0009311297424100032,5070.481831143773,12118.254630628786,8450.422624696026,6162.7504997475835,5656.474417442672,28233.419219573065,4808.589975415763,5442.638840065291,7931.786755390674,3785.834394170596,5447.906058203338,24198.1294470979,0.0,0.0,0.0,0.0,0.0,0.0,0.00013577334264285712,0.00046601673757777786,0.00041960523449047617,0.0004637216182777777,0.016735138471718196,0.00019163288229761904,0.000349882054025,0.00015373865141666665,0.00094668588502,0.0004057929038555556,0.002808785897862698,0.03855825718617583,8.061038624363112e-05,0.00026402770933766663,0.0002470998444414259,0.00026405024589068514,0.009668903893939946,0.00011377616990015849,0.0001980383178089611,9.15529401710637e-05,0.0005587749366860985,0.0002351345689941967,0.0016349064375295094,0.02227630748243628
2026-09-13 12:57:28.625999928,1302.5915439799999,4266.0809665,3993.4832199166667,4263.717142777419,156090.60760336532,1838.5208621933334,3197.3985002749996,1479.4134013066669,9021.76753735625,3798.90978227621,26423.21254799176,359629.32168597286,0.0008184037290369195,0.0007286247139334836,0.0008864291533572929,0.0002278935599082669,0.0007435363953746091,0.0009456524981291806,4770.089682506632,12304.833739051923,8577.751986709414,5861.884133730883,5743.729712421174,28665.85273826524,4523.713168293012,5526.436609067594,8051.301410697806,3601.009414388955,5531.944032220837,24569.158516526244,0.0,0.0,0.0,0.0,0.0,0.0,0.00013807816407142856,0.0004735456820222222,0.0004267282463952381,0.00047113814605555547,0.016996533298454308,0.00019488594777380952,0.0003552575331916667,0.00015634844308333332,0.0009617660461311108,0.0004124305982999999,0.002855434145878572,0.039161919007703605,8.191853487696444e-05,0.00026828909189322215,0.00025114572249698144,0.0002681404336457799,0.009816364878167196,0.00011562253422238073,0.0002010808390172944,9.303866501550814e-05,0.000567368936238182,0.0002389092151964816,0.0016617264780181482,0.02261668845269562
2026-09-13 12:57:43.625999928,1329.2591361032257,4336.161875080646,4076.058207409678,4330.439126648387,158493.5584084,1871.7780747483873,3254.6649584484853,1498.7782184129037,9129.101334660605,3869.4730955236746,26899.939513779962,364851.2710298,0.0008312910514877807,0.0006950787777777777,0.0009000693050338842,0.00023114079098208678,0.0007552345966471983,0.0009569830673894396,4842.487299948514,11759.616000000002,8705.081348722804,5945.409496702284,5830.985007399674,28563.25214032761,4592.371427817135,5281.564444444445,8170.816066004941,3652.3198141748403,5615.982006238336,24445.190978311322,0.0,0.0,0.0,0.0,0.0,0.0,0.00014038298549999998,0.0004810746264666666,0.0004338512583,0.0004785546738333332,0.017257928125190416,0.00019813901324999998,0.00036063301235833334,0.00015895823475,0.000976846207242222,0.0004190682927444444,0.0029020823938944442,0.03976558082923139,8.35956301149362e-05,0.0002726964023661828,0.0002563387717104308,0.0002723365050758874,0.009967483784350488,0.0001177140433675097,0.00020468226294242695,9.425649684685592e-05,0.000574119039490878,0.00024334686356293326,0.0016917073071999397,0.022945091044762975
2026-09-13 12:57:58.625999928,1350.1522973935485,4403.959213790324,4140.681159022581,4403.857479281249,160851.05973722326,1901.1984941032258,3303.1770948121216,1522.3358635741938,9265.315561933332,3929.65859410322,27333.719028580897,370410.329625433,0.0008441783739386419,0.0007456695169196163,0.0009137094567104754,0.00023438802205590661,0.0007611475631386123,0.0009693407394547856,4914.8849173903955,11294.276909208544,8832.410710736192,6028.934859673683,5381.56455244081,28498.676831218567,4661.029687341256,5073.892010074322,8290.330721312072,3703.6302139607246,5183.1328075040765,24367.08724662309,0.0,0.0,0.0,0.0,0.0,0.0,0.0001426878069285714,0.000488603570911111,0.00044097427020476195,0.00048597120161111113,0.017519322951926524,0.00020139207872619044,0.00036600849152500003,0.00016156802641666663,0.0009919263683533333,0.0004257059871888889,0.002948730641910317,0.04036924265075917,8.490957781386092e-05,0.00027696010166725814,0.0002604028373340867,0.0002769537036970207,0.010115744423474262,0.00011956426085138065,0.0002077331372959623,9.573801097588818e-05,0.0005826854008949185,0.0002471318626958247,0.0017189872189085319,0.023294694063110563
2026-09-13 12:58:13.625999928,1378.8438608000001,4475.786672718751,4222.587580665625,4470.681073031249,163273.02599020588,1929.0144223875,3357.36578842353,1537.0158209437504,9370.168153023531,4004.146473351158,27809.04739631636,376027.3994207677,0.0008570656963895031,0.0007570584035077061,0.0009242112533542318,0.00023763525312972645,0.0007727569770760253,0.0009739661581064237,4987.282534832276,11460.340858539425,8138.315065168613,6112.4602226450825,5460.881136213047,28043.86165844665,4729.687946865378,5148.495329299154,7637.8623085989475,3754.940613746609,5259.524790453082,23925.402992094878,0.0,0.0,0.0,0.0,0.0,0.0,0.00014569096152444443,0.0004968458322624999,0.0004518329426688889,0.0004939276030624999,0.017790190238583456,0.00020503874608444447,0.0003730314548941177,0.00016445374131555555,0.0010057564134729165,0.00043526215466874993,0.0030090475614130557,0.040963671323409306,8.671395835697778e-05,0.0002814772507509792,0.0002655538411840826,0.00028115616525952077,0.010268059190050723,0.00012131357367459166,0.0002111410040275242,9.666121718379585e-05,0.0005892794638457019,0.00025181632265741725,0.0017488800918127843,0.0236479453413505
2026-09-13 12:58:28.625999928,1399.8558608,4543.6460164687505,4287.476127540625,4530.084557015152,165622.41155828477,1958.4103911375,3405.9603178352945,1560.4381803187503,9505.926005964704,4064.5484786987518,28228.908303487897,381556.139924373,0.0008699530188403646,0.0007684472900957959,0.0009378049753563832,0.0002344957532008226,0.0007843663910134385,0.00099515286449867,5059.680152274159,11626.404807870305,8253.92522734207,5800.19188847398,5540.1977199852845,27595.430271988786,4798.346206389502,5223.098648523987,7746.363207505515,3563.1112999095913,5335.916773402087,23630.09522726923,0.0,0.0,0.0,0.0,0.0,0.0,0.00014800688374666665,0.0005043857593458335,0.0004590153371133334,0.0005013524468124999,0.018051724757884927,0.00020829806830666666,0.0003784308470509805,0.00016706791909333333,0.00102081723118125,0.00044194481612708323,0.0030559103371074997,0.041567190508458335,8.803537969031111e-05,0.0002857448494801459,0.000269634609798666,0.00028489198436339733,0.010415809437998797,0.00012316225348709165,0.0002141970599883085,9.813422334004584e-05,0.0005978171243751136,0.00025561493766038817,0.001775284677752683,0.023995641688577235
2026-09-13 12:58:43.625999928,1431.462956927273,4630.974085136364,4358.980560624242,4596.798875196969,168050.3554330057,1988.128139442424,3457.579503862858,1576.1058445272727,9596.260830262858,4121.957510817648,28710.59378501248,387578.8568761229,0.0008828403412912258,0.0007798361766838858,0.0009513986973585349,0.0002376596675514241,0.0007959758049508517,0.0010095483191428683,5132.077769716039,11792.468757201186,8369.535389515526,5878.450492741619,5619.514303757521,27987.937843504245,4867.004465913624,5297.70196774882,7854.864106412083,3611.186281314136,5412.308756351091,23966.534805654697,0.0,0.0,0.0,0.0,0.0,0.0,0.00015032280596888884,0.0005119256864291668,0.0004661977315577778,0.0005087772905625,0.018313259277186397,0.00021155739052888887,0.00038383023920784314,0.0001696820968711111,0.0010358780488895834,0.0004486274775854166,0.0031027731128019445,0.042170709693507356,9.002311484675959e-05,0.0002912368146874647,0.0002741314441459245,0.00028908757370683155,0.01056850013056458,0.000125031169658268,0.00021744333324293083,9.911954533360404e-05,0.0006034981811031974,0.00025922532790253203,0.0018055773424796734,0.024374403665765057
2026-09-13 12:58:58.625999928,1452.6316387454547,4699.124130590909,4423.9677424424235,4655.774923417646,170403.73392347508,2017.5288667151515,3506.2167038628577,1599.4135263454548,9731.37620169143,4182.315608716806,29126.748517963482,393152.6621435708,0.0008943779252595198,0.0007887022548252389,0.0009649924193606864,0.0002408235819020255,0.0008075852188882649,0.0010235801383171716,4741.806755979325,11168.53382370203,8485.145551688984,5956.709097009256,5698.830887529758,28048.56246346602,4496.129645382811,5017.4026179687135,7963.36500531865,3659.2612627186795,5488.700739300096,23995.92679576949,0.0,0.0,0.0,0.0,0.0,0.0,0.00015263872819111109,0.0005194656135125,0.0004733801260022222,0.0005162021343124999,0.018574793796487864,0.00021481671275111114,0.0003892296313647059,0.00017229627464888887,0.0010509388665979169,0.00045531013904375,0.003149635888496389,0.042774228878556364,9.135438972554747e-05,0.00029552269532382824,0.0002782184158024902,0.0002927965118504875,0.010716501488965208,0.00012688014872897508,0.00022050207270959748,0.00010058533954572525,0.0006119954366841497,0.00026302118161485694,0.0018317488512408144,0.02472493408591789
2026-09-13 12:59:13.625999928,1480.8450533588234,4779.134203058823,4491.137511185293,4722.378541064707,172815.16363681946,2043.2391767352942,3562.1202106666674,1614.890438552941,9833.919565333334,4231.715151446031,29573.462428134266,398987.9837355306,0.000907245701051684,0.0008000546238516258,0.0009785861413628381,0.00024398749625262686,0.000819194632825678,0.0010379703238544626,4807.747005531753,11323.748849422409,8600.75571386244,6034.9677012768925,5778.147471301994,28436.550437440983,4558.653473555008,5087.132117712429,8071.865904225218,3707.336244123223,5565.0927222491,24328.184985752006,0.0,0.0,0.0,0.0,0.0,0.0,0.00015709012028125,0.0005305477221019607,0.0004833462816,0.0005219424761215687,0.01885213775658693,0.00021796526439999995,0.00039578165673148153,0.00017300804681874996,0.0010576400132862743,0.0004633326903117648,0.003209299143435417,0.043503298289879845,9.312870002234377e-05,0.00030055443988125487,0.00028244264792565284,0.0002969851393602915,0.01086815362427109,0.00012849704155913072,0.0002240177821374815,0.00010155866535788495,0.0006184442748865184,0.00026612786396871705,0.001859842192702666,0.025091910977145585
2026-09-13 12:59:28.625999928,1502.1149210058823,4847.456203058824,4556.156290597058,4781.637566402856,175170.5896235238,2072.5868973235292,3610.857085666667,1638.0856444352942,9968.587065333331,4291.916906207936,29993.7428929592,404458.95751757047,0.0009201134768438482,0.0008114069928780126,0.0009898469170893933,0.00024715141060322837,0.0007856740624999998,0.0010393264214935698,4873.68725508418,11478.963875142786,10995.151514691977,6113.226305544532,5549.131851851851,28027.037052206306,4621.177301727203,5156.861617456145,7619.342833424386,3755.4112255277673,5344.521481481481,23932.61871001848,0.0,0.0,0.0,0.0,0.0,0.0,0.00015943795882291664,0.0005381390554352941,0.0004905702815999999,0.000529342878082353,0.019113896010399565,0.0002212229310666666,0.00040119686506481485,0.00017559379161041666,0.001072579503482353,0.00047003479325294123,0.0032563516014623775,0.044108575034705555,9.446633836548103e-05,0.0003048511345479216,0.00028653160671977053,0.0003007118736204462,0.011016283747434939,0.00013034268709834635,0.00022708279005414817,0.00010301738608337516,0.0006269133643309627,0.00026991388543485466,0.0018862731641572116,0.02543597443943832
2026-09-13 12:59:43.625999928,1529.47495316,4921.289580685714,4620.956202459999,4848.139037831429,177542.18445142702,2095.9271494228574,3660.8982929297295,1656.2515601657144,10064.059325356757,4337.842601210209,30428.57447685875,410119.4220102351,0.0009329812526360125,0.0008227593619043995,0.00100340850207133,0.0002503153249538297,0.0008411326276873543,0.0010484929406497931,4939.627504636606,11634.178900863166,11141.036905945753,6191.484909812169,5362.995500789082,27818.320504708954,4683.7011298993975,5226.5911171998605,7720.43746671484,3803.486206932311,5162.9548160349605,23852.41541407566,0.0,0.0,0.0,0.0,0.0,0.0,0.00016178579736458333,0.0005457303887686276,0.0004977942816,0.0005367432800431373,0.0193756542642122,0.00022448059773333328,0.0004066120733981482,0.00017817953640208333,0.0010875189936784314,0.00047673689619411757,0.003303404059489338,0.04471385177953126,9.618698038761777e-05,0.00030949443362979044,0.00029060680117692884,0.0003048940772680654,0.011165430711056409,0.00013181052961925966,0.00023022982597758075,0.00010415982033931047,0.0006329175086835471,0.00027280210136499755,0.0019136192393224504,0.025791954761977005
2026-09-13 12:59:58.625999928,1550.82985316,4989.689237828572,4685.97190246,4910.935166977777,179938.2072231882,2125.19099228,3709.6525902270273,1679.37654588,10198.20217670811,4397.8463219309315,30851.610324187623,415658.82904963766,0.0009447815593014668,0.0008341117309307862,0.001016970087053267,0.00024404551239563273,0.0008527242913116161,0.001074978543110803,4710.437637789736,11789.393926583543,11286.922297199531,5782.135320578581,5434.586641305968,27955.557059962193,4467.631573986141,5296.320616943575,7821.532100005296,3552.018983940954,5231.875594294556,23959.722027475476,0.0,0.0,0.0,0.0,0.0,0.0,0.00016413363590624998,0.0005533217221019609,0.0005050182816,0.0005441436820039215,0.019637412518024838,0.00022773826439999998,0.00041202728173148155,0.00018076528119374997,0.0011024584838745099,0.0004834389991352941,0.003350456517516299,0.04531912852435697,9.752996632095111e-05,0.00031379601206788573,0.00029469556631026223,0.0003088432560566024,0.011316113920924943,0.00013365090018116444,0.00023329592956316639,0.00010561412499645331,0.0006413536035574209,0.000276575668690323,0.0019402234937211328,0.026140321915788318
2026-09-13 13:00:13.625999928,1578.051178277778,5066.1539755,4743.531571044445,4977.3865003111105,182275.00264539736,2137.1192833500004,3759.1653036210528,1696.502412066667,10293.306673136842,4443.766535719772,31235.69894349446,421963.13423598686,0.0009576347226644249,0.0008454640999571732,0.0010305316720352039,0.0002470915684513756,0.0008643159549358778,0.0010899719618628428,4772.535774989566,11944.608952303925,11432.807688453306,5854.305089796957,5506.177781822854,27889.058552395836,4526.528776278763,5366.050116687292,7922.62673329575,3596.3535378933607,5300.796372554151,23875.467389502017,0.0,0.0,0.0,0.0,0.0,0.0,0.00016800945922549015,0.0005624375335629631,0.000512460220652941,0.0005503105805037036,0.019910387491679046,0.0002299236153117647,0.0004176753513842105,0.00018188595503333327,0.0011095967823907405,0.0004872871448148148,0.0034006109921126356,0.046017144145249995,9.924188521169136e-05,0.0003186047944592222,0.00029831542991235057,0.0003130223065751209,0.011463072388588322,0.0001344010571529,0.00023640972909439063,0.00010669115169219259,0.0006473346196661613,0.00027946353991304334,0.001964378400224207,0.02653679266417428
2026-09-13 13:00:28.625999928,1599.4857616111112,5134.664142166668,4808.445237711111,5035.065255572973,184628.07903234244,2166.1476583500003,3807.929474673685,1719.545912066667,10426.940567873686,4503.580128180654,31657.86206134143,427564.55102209636,0.0009704878860273826,0.0008568164689835599,0.0010430671846253122,0.00025013762450711843,0.0008759076185601396,0.0011019723863517857,4834.633912189393,12099.823978024302,10955.114433767805,5926.474859015332,5577.768922339741,27808.714233132163,4585.425978571383,5435.779616431007,7590.777593822466,3640.6880918457673,5369.717150813747,23776.49403984888,0.0,0.0,0.0,0.0,0.0,0.0,0.00017037884648039218,0.0005700497743037038,0.0005196872941823529,0.0005576940619851851,0.02017229383597729,0.00023316615942941177,0.0004230935926122808,0.00018445103836666667,0.0011244292870203703,0.0004939501077777777,0.003447707891350109,0.04662364931459698,0.00010058988234132099,0.0003229133227184816,0.00030239777828272097,0.0003166496594060336,0.01161105474803398,0.00013622661940290002,0.0002394764536294784,0.00010814033180330371,0.0006557387068240562,0.0002832251502833611,0.001990927769635472,0.02688905954205628
2026-09-13 13:00:43.625999928,1630.2533272,5182.866228162163,4873.767417691892,5101.4010123297285,186948.03131331794,2187.2748396108113,3851.5500039384615,1738.1215983081083,10526.858501205128,4551.454329217273,32041.9559016932,433218.83526312053,0.0009833410493903403,0.000866190691640892,0.0010566153733103567,0.0002531836805628612,0.0008874992821844013,0.0011162571589386188,4896.732049389223,11172.877170245529,11093.235404277675,5998.644628233706,5649.360062856626,28163.81915537439,4644.323180864005,5019.353842602322,7686.4813470349045,3685.0226457981726,5438.637929073341,24080.384527559945,0.0,0.0,0.0,0.0,0.0,0.0,0.0001727482337352941,0.0005776620150444446,0.0005269143677117645,0.0005650775434666665,0.020434200180275537,0.0002364087035470588,0.00042851183384035084,0.00018701612169999996,0.0011392617916499998,0.0005006130707407408,0.0034948047905875817,0.04723015448394396,0.00010252482035502222,0.0003259446983488649,0.0003065058176015123,0.00032082144144206953,0.011756953969259772,0.00013755528435774656,0.00024221970024768542,0.00010930853607137657,0.0006620224346313448,0.0002862359055929974,0.002015083004484261,0.027244651195436242
2026-09-13 13:00:58.625999928,1651.8113272000003,5251.105525459459,4938.6865258,5169.966720976316,189322.93601993672,2216.198731502703,3900.2490039384616,1761.1060172270275,10660.064078128205,4611.111009379218,32471.653447556633,438686.28494018724,0.0009961942127532982,0.0008775170614352503,0.0010701635619954012,0.0002562297366186041,0.0008990909458086631,0.001130541931525452,4958.83018658905,11314.31953802809,11231.356374787543,6070.814397452081,5720.951203373513,28518.924077616604,4703.220383156625,5082.8960512401145,7782.185100247341,3729.3571997505796,5507.558707332937,24384.275015271014,0.0,0.0,0.0,0.0,0.0,0.0,0.00017511762099019603,0.0005852742557851852,0.0005341414412411764,0.0005724610249481481,0.02069610652457378,0.00023965124766470587,0.0004339300750684211,0.00018958120503333327,0.0011540942962796293,0.0005072760337037036,0.0035419016898250544,0.04783665965329094,0.00010388057902168889,0.00033023619193445046,0.00031058850817808884,0.0003251334626747327,0.01190630908747602,0.00013937427578116998,0.00024528232624768543,0.00011075400063894416,0.0006703995853578403,0.0002899876479231819,0.002042106205701895,0.027588493030682882
2026-09-13 13:01:13.625999928,1680.4410756421055,5315.610256578947,4991.063573460526,5236.331102555262,191658.0799230125,2236.222899694737,3947.5875920599997,1779.969500531579,10771.158456119998,4670.417087549999,32864.23492020482,444497.4105137475,0.001009047376116256,0.0008888434312296084,0.0010837117506804455,0.0002592757926743469,0.0009113734042434147,0.0011331263657816692,5020.928323788879,11455.76190581065,11369.477345297413,6142.984166670457,8292.47122578611,29708.519332813274,4762.117585449247,5146.438259877907,7877.888853459779,3773.6917537029863,5131.462142858366,23946.172994126544,0.0,0.0,0.0,0.0,0.0,0.0,0.0001792384612925926,0.0005901570833333333,0.0005405293040518518,0.0005791012028087718,0.02095181599812623,0.00024002315991111106,0.0004386112946016666,0.00019096197269074074,0.0011609982890157893,0.0005109899660561402,0.003579249105035282,0.048558063430511396,0.00010568107209038129,0.00033429282280263156,0.00031388244250873964,0.00032930704489403086,0.012053163692936117,0.00014063357346969123,0.00024825939745621775,0.00011194030414454152,0.0006773861873515464,0.0002937173412836999,0.002066795218315103,0.027953948261197896
2026-09-13 13:01:28.625999928,1702.0901809052634,5383.801046052631,5055.819955039474,5300.117327012821,194013.4445164938,2265.0321365368427,3996.2697545600004,1802.9008294789476,10904.090256119996,4730.069324088461,33289.11521371171,449879.0589909939,0.000978431997863248,0.0009001698010239665,0.0010972599393654903,0.00026232184873008967,0.0009229739062701991,0.0011304835736344857,4873.014700854701,11597.204273593214,11507.598315807285,6215.15393588883,8394.92661339968,29400.67076094466,4621.828376068376,5209.9804685157,7973.592606672219,3818.0263076553915,5194.86253684901,23646.156197793407,0.0,0.0,0.0,0.0,0.0,0.0,0.00018163122981111106,0.0005977338377192982,0.0005477451744222222,0.0005864750229842104,0.021213641482556056,0.00024322738213333327,0.0004440204237683333,0.00019351124583888885,0.001175727714454386,0.0005176145800912281,0.003626217604547953,0.04916601863445877,0.00010704256026581989,0.00033858126578508764,0.00031795489939470467,0.000333318489676584,0.012201289955148386,0.0001424453543644281,0.00025132096456455114,0.00011338242994278715,0.0006857461205515464,0.00029746880415934096,0.0020935154678845365,0.0282923941543225
2026-09-13 13:01:43.625999928,1732.388237246154,5435.1196553076925,5119.302261279487,5366.4494423974365,196333.2676782244,2286.445255769231,4040.744682868293,1821.8708160153847,11005.618392663415,4788.818850295731,33680.95539618563,455190.1124988878,0.0010292642760708051,0.0009114961708183246,0.0011108081280505346,0.00026372266715162125,0.0009345744082969832,0.0011540664252110981,4700.404303069753,11738.646641375773,11645.719286317153,5787.948644748961,8497.382001013248,29422.42889156823,4458.115421468219,5273.522677153492,8069.296359884656,3555.5901625225933,5258.262930839653,23696.107047285328,0.0,0.0,0.0,0.0,0.0,0.0,0.00018402399832962964,0.0006053105921052632,0.0005549610447925926,0.0005938488431596491,0.02147546696698588,0.0002464316043555556,0.00044942955293500003,0.000196060518987037,0.0011904571398929822,0.0005242391941263158,0.003673186104060623,0.049773973838406135,0.00010894797136459145,0.0003418086361004615,0.00032194723109824324,0.00033749004271077206,0.012347181056208334,0.0001437920016405983,0.0002541179433892726,0.00011457543131830085,0.0006921311122497214,0.0003011634965852649,0.0021181578615823405,0.02862640040826338
2026-09-13 13:01:58.625999928,1754.1459680153846,5503.096809153847,5184.042530510256,5449.2151049675,198700.19379058215,2315.1616019230773,4089.3761096975613,1844.7523929384615,11138.170539004877,4848.459851820121,34123.689437677116,460890.11938319076,0.0010420488662859554,0.0009228225406126829,0.0011221359435972347,0.00026674891668790156,0.0009461749103237676,0.0011788789750350201,4757.102345141977,11880.089009158335,13835.796548116525,5854.366056234168,8599.837388626818,29219.83209772306,4511.890884052184,5337.064885791285,7598.959461350949,3596.3909901372726,5321.663324830296,23470.97329791034,0.0,0.0,0.0,0.0,0.0,0.0,0.00018641676684814817,0.000612887346491228,0.0005621769151629629,0.0006012226633350876,0.021737292451415702,0.0002496358265777778,0.0004548386821016667,0.00019860979213518517,0.0012051865653315789,0.0005308638081614035,0.003720154603573295,0.0503819290423535,0.00011031629087741195,0.00034608364377567525,0.0003260186746965338,0.0003426950832679561,0.01249603440949661,0.0001455979407431624,0.00025717631978764663,0.00011601442826701878,0.0007004671694529733,0.0003049142529033542,0.0021460009135250272,0.028984867507876214
2026-09-13 13:02:13.625999928,1780.70870744,5568.7058067,5232.285626942499,5515.7478674675,201046.3504727143,2335.7385346500005,4140.003003409524,1863.22215821,11253.444635247619,4909.668500284552,34536.46936128242,466547.15006091906,0.0010548334565011058,0.0008936160149572648,0.0011356572492119935,0.0002697751662241818,0.0009577754123505519,0.0011930553103695893,4813.800387214202,11515.361367521366,13997.953681909989,5920.783467719375,8702.292776240389,29566.37084701034,4565.666346636151,5173.2129914529905,7688.020144035903,3637.1918177519515,5385.063718820939,23749.50907480765,0.0,0.0,0.0,0.0,0.0,0.0,0.00019061742986842105,0.0006182805413733332,0.0005677725868894738,0.0006101103318283333,0.021993723638458806,0.0002510121195631579,0.00045999070571111115,0.00020025256081578947,0.0012141819752933334,0.0005373625149749999,0.003762848545091053,0.051034688091067384,0.0001119867920456711,0.00035020972073246664,0.0003290526294277171,0.00034687925477628945,0.01264358159639514,0.0001468920011791,0.00026036018888108786,0.00011717597128298444,0.0007077166292833502,0.00030876359679567287,0.002171960184276205,0.029340631881608903
2026-09-13 13:02:28.625999928,1802.52530744,5636.6537067,5296.822414442499,5598.266633097561,203403.3429916335,2364.35515965,4188.6579319809525,1886.04968321,11385.792992390476,4969.328630946573,34977.5660891666,472145.725927376,0.0010676180467162563,0.0009447869152304715,0.0011491785548267525,0.00027280141576046206,0.0009693759143773362,0.0012055596454489126,4870.498429286427,11088.020676008344,14160.110815703452,5987.200879204583,8804.748163853958,29393.604931354235,4619.441809220117,4981.232527570464,7777.080826720858,3677.9926453666308,5448.464112811583,23653.574060244464,0.0,0.0,0.0,0.0,0.0,0.0,0.00019303310969298243,0.00062583030804,0.0005749679246087719,0.0006175028609949999,0.022255482093022298,0.0002541931765807017,0.0004653968088857143,0.00020279034590350875,0.00122884054196,0.0005439855774749999,0.0038097627946524558,0.051643172876583245,0.00011335881377900441,0.00035448288866579995,0.00033311127628605044,0.0003520687682592466,0.012791810237029393,0.00014869166892910002,0.0002634200432779132,0.00011861156896631779,0.0007160398704103343,0.0003125155561239733,0.002199700267385366,0.029692720097210534
2026-09-13 13:02:43.625999928,1829.3151570634147,5698.995377121952,5357.397385692682,5664.989925780488,205756.52770158372,2382.7972122243905,4241.328527293023,1903.901664087805,11490.005631711629,5022.888172593576,35412.55526348358,477676.18322488136,0.001077797001477403,0.0009561049999357289,0.0011626998604415113,0.0002758276652967423,0.0009782068190654755,0.0012197158465037288,4682.3945734611225,11216.878586142102,14322.267949496918,6053.618290689788,8311.939573535174,29734.147432941645,4439.917629737394,5039.121237570968,7866.141509405813,3718.7934729813096,5143.509346489013,23927.785940644117,0.0,0.0,0.0,0.0,0.0,0.0,0.00019544878951754382,0.0006333800747066666,0.0005821632623280701,0.0006248953901616666,0.02251724054758579,0.00025737423359824556,0.0004708029120603176,0.00020532813099122805,0.0012434991086266664,0.000550608639975,0.0038566770442138593,0.05225165766209912,0.00011504359765532141,0.0003584034870501138,0.0003369207689224508,0.00035626492199908403,0.012939799408788486,0.00014985146912433386,0.0002667324384942057,0.00011973426020818863,0.0007225936875054202,0.0003158838561875515,0.0022270562532368554,0.03004052441169809
2026-09-13 13:02:58.625999928,1851.1912302341464,5766.8757185853665,5421.886483253658,5733.777353392858,208114.27445914,2411.2921634439026,4290.0296552,1926.669688478049,11622.029561944186,5082.475770600221,35837.19342590014,483241.80441469414,0.0010905505914626879,0.000967423084640986,0.0011735421863975572,0.0002788539148330226,0.0009897744117269129,0.0012282436649964554,4736.307842053089,11345.736496275862,13753.719652112704,6120.035702174997,8407.54736769981,28989.039013706148,4491.039009608912,5097.0099475714715,7553.880813130189,3759.594300595989,5202.67238280953,23319.065013559095,0.0,0.0,0.0,0.0,0.0,0.0,0.0001978644693421053,0.0006409298413733334,0.0005893586000473685,0.0006322879193283336,0.02277899900214929,0.0002605552906157895,0.00047620901523492075,0.00020786591607894735,0.0012581576752933332,0.000557231702475,0.0039035912937752633,0.05286014244761499,0.00011641935959028075,0.00036267240630214636,0.00034097641661350774,0.00036059088689115073,0.01308807548265258,0.0001516434849454721,0.0002697951983159111,0.00012116611596428617,0.0007308965257844897,0.00031963125401774723,0.0022537612754510534,0.030390540144301873
2026-09-13 13:03:13.625999928,1875.2810876285716,5833.97430057143,5477.625879416666,5800.524674821429,210474.7723117227,2431.1098591571426,4341.305273236363,1943.5888833142858,11735.003253822724,5136.855734798097,36279.19719082092,488778.78900462727,0.001103304181447973,0.0009787411693462434,0.0011870325546736013,0.0002790999388335963,0.0010013420043883507,0.0012393452797888533,4790.221110645055,11474.594406409622,13907.757943912386,5738.477056158956,8503.155161864448,29035.360738247135,4542.160389480429,5154.8986575719755,7638.482428281929,3525.1993099923848,5261.835419130048,23322.430970047015,0.0,0.0,0.0,0.0,0.0,0.0,0.0002014052307,0.0006477552781460317,0.0005941741030533333,0.0006417045375793651,0.023039909343711473,0.00026168585562999996,0.0004823575814181817,0.00020935061903333332,0.001267994555793651,0.0005633655139047618,0.003953388901386745,0.0535114701651552,0.00011793434395530796,0.0003668921615692699,0.000344481805305537,0.00036478855177210316,0.013236524569826116,0.00015288979780921587,0.000273019864961309,0.00012223014532843174,0.0007380013157404069,0.00032305114954396915,0.0022815584011116265,0.03073875495295767
2026-09-13 13:03:28.625999928,1897.1830162,5901.845443428572,5542.012129416666,5863.055074344185,212809.244711726,2459.5034663,4390.035364145454,1966.2885976,11866.81258336818,5196.382859005285,36700.924964056445,494114.3389766926,0.001116057771433258,0.0009900592540515007,0.0012005229229496454,0.0002820957274705091,0.001012909597049788,0.0012534009848813065,4844.134379237023,11603.452316543378,14061.796235712069,5800.072427443775,8598.762956029082,29360.530287494592,4593.281769351948,5212.787367572478,7723.08404343367,3563.0379138984376,5320.9984554505645,23583.778096311275,0.0,0.0,0.0,0.0,0.0,0.0,0.00020383448069999992,0.0006552965162412698,0.0006013407363866666,0.0006491209066269841,0.023301657300241058,0.00026484218062999994,0.0004877720359636363,0.0002118757023666666,0.0012825963415079367,0.0005699828154920634,0.004000337604362937,0.0541204371891451,0.00011931173190768888,0.0003711605023311746,0.0003485309850277592,0.0003687210191198676,0.013383336945204102,0.00015467544021397777,0.00027608444623403633,0.00012365770513795554,0.00074629065802071,0.0003267947442441101,0.0023080803921839937,0.031074301762311997
2026-09-13 13:03:43.625999928,1921.5140462790696,5976.101438790698,5602.166661586045,5929.7544231813945,215191.35835686445,2480.1667842930237,4444.568620337778,1982.798316744186,11969.70540164889,5253.264276097474,37149.3490561905,499541.75976888667,0.0011288113614185433,0.0010013773387567578,0.0012140132912256895,0.000285091516107422,0.0010244771897112257,0.0012674566899737597,4898.047647828989,11732.31022667714,14215.834527511748,5861.667798728597,8694.370750193719,29685.699836742042,4644.403149223465,5270.676077572982,7807.685658585408,3600.8765178044914,5380.161491771081,23845.12522257553,0.0,0.0,0.0,0.0,0.0,0.0,0.00020626373069999998,0.0006628377543365081,0.00060850736972,0.0006565372756746032,0.023563405256770635,0.00026799850563,0.0004931864905090909,0.0002144007857,0.0012971981272222224,0.0005766001170793651,0.004047286307339127,0.05472940421313499,0.00012084188335488371,0.00037583037937283714,0.0003523140367175223,0.0003729156670578521,0.013533145425553917,0.0001559749333233168,0.0002795139821234647,0.00012469598303080102,0.0007527614730370301,0.0003303719533634633,0.002336281285089313,0.03141562622546554
2026-09-13 13:03:58.625999928,1943.4436974418604,6044.045996930233,5666.504312748836,5991.316343995455,217554.34911406686,2508.4721680139537,4493.3625536711115,2005.427386511628,12101.195968315556,5312.761390491414,37566.84242416911,505038.57291290857,0.0011415649514038282,0.001012695423462015,0.0012275036595017336,0.0002880873047443349,0.0010357758813855792,0.001277845017719134,4951.960916420956,11861.168136810897,14369.87281931143,5923.263170013418,8268.443753900432,29395.735766967682,4695.524529094983,5328.564787573485,7892.287273737148,3638.715121710545,5116.593708707332,23662.89926213515,0.0,0.0,0.0,0.0,0.0,0.0,0.00020869298069999998,0.0006703789924317461,0.0006156740030533333,0.0006639536447222221,0.023825153213300213,0.00027115483063,0.0004986009450545453,0.00021692586903333333,0.0013117999129365079,0.0005832174186666667,0.004094235010315317,0.055338371237124886,0.00012222101475023255,0.00038010333714027904,0.0003563601601128712,0.0003767872278557142,0.013681751288729092,0.00015775502745509975,0.0002825825783753165,0.00012611910008506456,0.0007610307686740671,0.0003341136607797933,0.002362536979119968,0.03176131469652291
2026-09-13 13:04:13.625999928,1966.2814791863639,6121.405469727274,5727.180494872728,6057.958548540909,219918.77234699347,2530.5806494045455,4543.097271547826,2021.4507850545456,12220.987004865216,5371.782743868598,38013.925209157605,510477.3137567869,0.0011540845915873205,0.0010250947937118858,0.0012422010967334043,0.0002910830933812477,0.001047340458053143,0.0012913730618172785,7389.118877496749,11071.482162905615,13780.512206450765,5984.858541298239,8358.388301721228,29453.864860223257,4466.627629153483,4973.802691188285,7567.947502000463,3676.553725616599,5172.252272907556,23685.481704990234,0.0,0.0,0.0,0.0,0.0,0.0,0.00021165782095873017,0.0006796908757939395,0.0006213385005650793,0.0006703316395424243,0.024089566720553228,0.00027247749185238095,0.0005047787395913043,0.0002180966298,0.0013212852281075755,0.0005889545760681818,0.004146757677356421,0.05593500114945863,0.0001236572574688313,0.0003849683884295152,0.0003601760177886626,0.0003809782820526838,0.013830447238710922,0.00015914540528477473,0.0002857103395217854,0.0001271267938156525,0.0007685642938615236,0.00033782544811440294,0.002390653518709245,0.03210335106514904
2026-09-13 13:04:28.625999928,1988.221263277273,6189.455833363637,5791.477040327272,6117.869991842222,222273.94295869922,2558.81688804091,4591.901336765217,2044.0061486909092,12352.351559213042,5431.274581549757,38435.47209876828,515953.4930321144,0.001166835583635243,0.001036424881391503,0.001255704643519721,0.0002940788820181605,0.0010589050347207076,0.0013035081221376974,7468.708909909419,11190.426250155113,13926.700371305022,6046.453912583059,8448.332849542028,29510.731131192282,4514.738783361911,5027.237670584687,7648.230755660144,3714.3923295226523,5227.910837107783,23700.04475127581,0.0,0.0,0.0,0.0,0.0,0.0,0.00021409323365714284,0.0006872520273090909,0.0006284878497714284,0.0006777363289363636,0.024351344180698155,0.00027561271804285716,0.0005102014135043477,0.00022060612980000002,0.001335829474319697,0.000595561981371212,0.004193770476779221,0.056543823686019894,0.00012503702611277073,0.0003892480001870909,0.0003642195560916928,0.00038474604615363305,0.01397856130162486,0.00016092115095901716,0.00028877957295656806,0.00012854527557322828,0.0007768256647238424,0.00034156682368412917,0.0024171641342114274,0.03244774189513074
2026-09-13 13:04:43.625999928,2015.8277821644442,6261.812395433333,5859.588502002222,6184.438958508888,224628.0217194,2587.263370791111,4639.59285559149,2058.441050337778,12453.960331638298,5494.787907712303,38889.729679926546,521364.2070632447,0.001179586575683165,0.0010477549690711201,0.0012692081903060376,0.0002970746706550734,0.0010704696113882717,0.001315916370587354,7548.298942322088,11309.370337404614,14072.888536159277,6108.04928386788,8538.277397362825,28960.78899949731,4562.8499375703395,5080.672649981089,7728.514009319822,3752.230933428706,5283.569401308007,23286.717107067823,0.0,0.0,0.0,0.0,0.0,0.0,0.00021652864635555554,0.0006948131788242426,0.0006356371989777777,0.000685141018330303,0.024613121640843085,0.0002787479442333333,0.0005156240874173913,0.0002231156298,0.001350373720531818,0.0006021693866742424,0.00424078327620202,0.05715264622258115,0.00012677316941167504,0.00039379842397947403,0.00036850301023702857,0.0003889324945017812,0.014126606699242265,0.00016271011865197428,0.00029177883958497584,0.00012945307049902025,0.0007832157275230307,0.00034556110619612924,0.0024457318887598244,0.03278801568864405
2026-09-13 13:04:58.625999928,2037.829415497778,6329.9100954333335,5923.926935335556,6246.334290873913,227024.8916636343,2615.501904124445,4688.385206655319,2080.9077836711112,12585.010703978722,5554.323447490286,39310.99987837938,526923.5674411699,0.0011923375677310873,0.0010590850567507371,0.0012827117370923543,0.00028710637037037215,0.0010820341880558358,0.0013298878864016921,7627.8889747347575,11428.314424654112,14219.076701013533,5903.094518518518,8628.221945183623,29264.708854744076,4610.961091778767,5134.107629377491,7808.797262979502,3626.325333333333,5339.227965508233,23531.237486501683,0.0,0.0,0.0,0.0,0.0,0.0,0.00021896405905396824,0.000702374330339394,0.0006427865481841268,0.0006925457077242423,0.024874899100988012,0.00028188317042380953,0.0005210467613304346,0.00022562512979999998,0.0013649179667439395,0.0006087767919772726,0.00428779607562482,0.057761468759142426,0.00012815682768574913,0.00039808101266836294,0.0003725491828222138,0.0003928250231816261,0.014277343186846335,0.0001644860086371595,0.0002948473363296567,0.00013086597839531653,0.000791457339827995,0.0003493052301421668,0.002472225103462525,0.033137637685744674
2026-09-13 13:05:13.625999928,2062.145880108696,6398.233144304348,5997.050923869564,6312.853486526087,229389.24975364166,2641.6929030130436,4741.0858853,2094.100402373913,12698.014339466667,5607.114024174644,39749.48926453356,532692.8390098792,0.0012050885597790094,0.0010704151444303545,0.0012962152838786709,0.0002940182037435557,0.0010947469464904732,0.0013438594022160306,7707.479007147429,11547.258511903616,14365.26486586779,5749.107566237236,8243.95097809362,29568.628709990844,4659.072245987196,5187.542608773894,7889.080516639183,3531.729730246065,5101.437339947758,23775.757865935542,0.0,0.0,0.0,0.0,0.0,0.0,0.00022214810504999998,0.0007104490659188406,0.00064994099705,0.0006986806708144928,0.025141771906280436,0.00028436836219999993,0.0005267773042583332,0.0002264776176,0.001375084660346377,0.000615794538553623,0.004339604444566667,0.05837236538480665,0.00012968606312683577,0.00040237777329736233,0.00037714786921224145,0.0003970083414859739,0.014426035040062351,0.00016613313145615364,0.000298161623453311,0.00013169564752707052,0.0007985640129042369,0.0003526251708536498,0.0024998012137473326,0.03350046076439907
2026-09-13 13:05:28.625999928,2084.172238804348,6466.333274739131,6061.483749956521,6370.65839736383,231745.61744882763,2669.9095660565217,4789.918572799999,2116.4680762869566,12828.878214466666,5666.577884546986,40169.566932172456,538264.0868066952,0.0012178395518269319,0.0010834079004941296,0.0013097188306649874,0.0002969231237438568,0.001106323717317879,0.0013518929330637067,7787.069039560099,11083.7087863351,14511.453030722045,5805.9091429437285,8329.014807073687,29371.480903696996,4707.183400195624,4979.295434763439,7969.363770298862,3566.6234619892803,5154.075667685386,23658.958164000927,0.0,0.0,0.0,0.0,0.0,0.0,0.0002245917527772727,0.000718015747078261,0.0006570904023530303,0.0007060716925536232,0.025403601393599276,0.0002874964379575757,0.000532203158425,0.00022896889032727273,0.0013895817944043478,0.0006224063573942028,0.0043866698895600785,0.05898119677641292,0.00013107127635147346,0.0004066605148335942,0.00038119997805282117,0.00040064362810088083,0.014574224386226272,0.00016790764604311014,0.0003012326569116444,0.0001331023256864908,0.0008067938965986814,0.0003563647869615104,0.0025262194315121785,0.03385083034806549
2026-09-13 13:05:43.625999928,2112.91478587234,6521.805184276596,6137.600972940426,6437.086727151065,234080.83598873674,2698.708783059574,4837.039778171428,2129.809315097872,12926.170899285715,5725.345762336308,40606.701425022184,544095.5885801755,0.0012234117494022674,0.0010947554743375098,0.0012681402450980392,0.0002998280437441579,0.0011179004881452844,0.0013549474138630775,7358.6749481954985,11196.761110946647,14061.327058823534,5862.710719650222,8414.07863605375,29478.11835219799,4448.691007777858,5030.083572080947,7722.1647058823555,3601.5171937324963,5206.713995423014,23726.194243071433,0.0,0.0,0.0,0.0,0.0,0.0,0.00022703540050454543,0.0007255824282376812,0.0006642398076560606,0.0007134627142927535,0.02566543088091812,0.0002906245137151515,0.0005376290125916665,0.0002314601630545454,0.001404078928462319,0.0006290181762347827,0.004433735334553491,0.0595900281680192,0.000132878863200416,0.00041014908158895034,0.00038598690563158676,0.00040482123195194477,0.014721083685513886,0.0001697187968013021,0.0003041960571605587,0.00013394134137171057,0.0008129125254439682,0.0003600606334980389,0.0025537103340625062,0.03421756701515325
2026-09-13 13:05:58.625999928,2135.011381617021,6589.772354489363,6202.156696344681,6513.566751399999,236454.422436211,2726.9315383787234,4885.8551659265295,2152.0825916936165,13056.69462377551,5784.802398178146,41042.766668137956,549543.8154565577,0.0012360880029282698,0.0011061030481808896,0.0013368305017008632,0.0003027329637444589,0.0011294772589726901,0.0013654059313776819,7433.111876868978,11309.813435558193,16527.778731419196,5919.512296356713,8499.142465033814,29136.609272118658,4493.691894155849,5080.871709398456,7517.957824893348,3636.410925475711,5259.352323160641,23378.488151831603,0.0,0.0,0.0,0.0,0.0,0.0,0.00022947904823181813,0.0007331491093971016,0.0006713892129590908,0.000720853736031884,0.025927260368236955,0.00029375258947272724,0.0005430548667583332,0.00023395143578181814,0.00141857606252029,0.0006356299950753624,0.004480800779546904,0.06019885955962548,0.00013426849355502597,0.0004144234614045532,0.0003900467433478988,0.00040963097569915544,0.01487035589987727,0.00017149369452470637,0.00030726600265715726,0.00013534208298873187,0.0008211210174507709,0.0003637997952632034,0.00258113399268512,0.03456019994982352
2026-09-13 13:06:13.625999928,2121.2731914893616,6656.2203094999995,6266.712419748936,6580.0977514,237121.77801894143,2709.384510638298,4841.387602040816,2138.234553191489,12975.543673469389,5844.259034019982,41195.58112224884,550890.3327564163,0.0012487642564542722,0.0011174506220242696,0.001350335109177953,0.00030563788374476,0.0011430569386758661,0.0013659119757834994,7507.548805542454,11422.865760169741,16690.896623374083,5976.313873063205,8220.190776549905,29138.690120735148,4538.692780533837,5131.6598467159665,7592.1549358379125,3671.3046572189264,5086.734295293334,23407.403467035045,0.0,0.0,0.0,0.0,0.0,0.0,0.00023294991683188405,0.0007391153491777777,0.0006808769880521739,0.0007283720705999999,0.026108520062944496,0.00029675002550579705,0.0005327001666666666,0.00023437904476811592,0.0014275421614847223,0.0006414049087597221,0.004531852648818961,0.06068876737468261,0.00013340451404255318,0.0004186022994641111,0.00039410658106421077,0.0004138150363658222,0.014912325150968981,0.00017039018144680848,0.0003044694869727891,0.0001344711952340425,0.0008160175243537415,0.00036753895702836773,0.0025907443239103155,0.03464488092668129
2026-09-13 13:06:28.625999928,2121.2731914893616,6724.1718095,6197.34944680851,6655.82184169796,237369.83374351688,2709.384510638298,4841.387602040816,2138.234553191489,12975.543673469389,5780.719709183672,41186.26129121579,551573.3453861957,0.0012614405099802745,0.0011287981958676497,0.0013638397166550425,0.0003085428037450611,0.0011546541143818772,0.0013884423862499744,7581.985734215932,11535.918084781286,16854.01451532897,6033.115449769699,8301.678865257749,29198.033665055158,4583.693666911827,5182.447984033474,7666.352046782479,3706.1983889621424,5137.1599200453265,23444.173230469638,0.0,0.0,0.0,0.0,0.0,0.0,0.00023540438784637677,0.0007466655158444444,0.0006880510315304348,0.0007357644039333333,0.02634262778947228,0.00029987672478115943,0.0005327001666666666,0.00023684857375362315,0.0014419822274569444,0.0006480080927874998,0.004578960423879347,0.06123262419371039,0.00013340451404255318,0.0004228756937974444,0.00038974442076595737,0.00041857724026678276,0.01492792509987006,0.00017039018144680848,0.0003044694869727891,0.0001344711952340425,0.0008160175243537415,0.000363543039488662,0.0025901582100920154,0.03468783483206519
2026-09-13 13:06:43.625999928,2212.0466783040815,6779.2464651122455,6373.257593614285,6722.444862106123,243542.3344213039,2814.526306806122,5032.891146643137,2200.568464680612,13335.69464527451,5948.8930549195275,42274.28560302224,566037.9857250648,0.0012741167635062765,0.0011401457697110295,0.0013773443241321321,0.0003007140624999997,0.0011662512900878883,0.001399366447829126,7656.422662889409,11648.970409392832,17017.13240728386,5880.035555555555,8383.166953965594,29419.194512158665,4628.694553289816,5233.236121350983,7740.549157727047,3612.16,5187.585544797319,23630.651233895285,0.0,0.0,0.0,0.0,0.0,0.0,0.00023785885886086955,0.0007542156825111109,0.0006952250750086956,0.0007431567372666666,0.026576735516000056,0.0003030034240565217,0.0005327001666666666,0.00023931810273913036,0.0014564222934291668,0.0006546112768152777,0.004626068198939734,0.061776481012738166,0.0001391131577689011,0.0004263392776948367,0.00040080708866507614,0.00042276708799467394,0.015316106809162,0.000177002432183585,0.00031651293211111287,0.0001383913056676918,0.0008386670188028192,0.00037411927434271696,0.0026585828501456206,0.035597499991154066
2026-09-13 13:06:58.625999928,2234.2464946306122,6847.067863071427,6437.572022185714,6679.5346309159995,245774.49624399992,2842.7725312959187,5081.712234878431,2222.6530871295918,13465.121557039216,6008.20698727247,42645.57473455371,571103.8091997757,0.001286793017032279,0.0011514933435544095,0.0013908489316092221,0.00032000507328597933,0.0011778484657938993,0.0014078625520587197,7730.8595915628875,11762.02273400438,17180.25029923875,5728.261326571494,8464.655042673437,28831.697812393355,4673.695439667806,5284.024258668493,7814.7462686716135,3530.221185714852,5238.0111695493115,23193.20701882329,0.0,0.0,0.0,0.0,0.0,0.0,0.00024031332987536222,0.0007617658491777778,0.0007023991184869565,0.0007505490705999999,0.026810843242527832,0.000306130123331884,0.0005327001666666666,0.00024178763172463762,0.001470862359401389,0.0006612144608430554,0.004673175974000121,0.06232033783176594,0.00014050927955121402,0.00043060449005538084,0.00040485175161745704,0.0004200685112331617,0.015456484986011548,0.00017877880585705444,0.0003195832361045769,0.00013978018303503878,0.0008468065334760217,0.00037784946164402415,0.0026819328110841553,0.03591608400078589
2026-09-13 13:07:13.625999928,2252.4914977061217,6883.390544850001,6470.6108247984885,6745.082770916,247871.04117932636,2865.951626287428,5094.247862501357,2227.060633903673,13562.556003580545,6049.01082093288,42957.46524369322,575243.2313298507,0.0012972116223738475,0.0011635578735566276,0.001404353539086312,0.00032296093259872195,0.0011894456414999106,0.0014187625529621627,7348.614030367807,11064.758238003948,17343.368191193636,5781.172783299676,8546.143131381283,29045.06840412589,4442.608674343493,4970.782004772575,7888.94337961618,3562.8295348909637,5288.436794301304,23373.676671819587,0.0,0.0,0.0,0.0,0.0,0.0,0.0002439287203166667,0.0007643595871533334,0.0007068612441500002,0.0007469206655973333,0.027208795549395128,0.00030955787803611107,0.0005660181913512821,0.0002421624498263889,0.0014730091570786669,0.0006662300062466667,0.004706206448283723,0.06319885730185754,0.00014165668752240718,0.0004328887831539,0.0004069295252039938,0.00042419076092649506,0.015588334367499856,0.00018023651338652046,0.0003203715877973076,0.00014005736875438653,0.0008529340775585097,0.00038041556940533446,0.0027015472586589292,0.036176407659188385
2026-09-13 13:07:28.625999928,2274.6524977061217,6950.89999485,6534.616154798488,6677.089128349019,250196.63353850698,2894.1481162874284,5142.723074039819,2248.9714339036736,13691.67733050362,6108.143421611614,43259.77390230434,580841.8273907418,0.001309865753401175,0.0011749124705431088,0.0013696601774691361,0.00032591679191146456,0.0012010428172059215,0.0014296625538656059,7418.689661097213,11170.065424525399,16924.318024691358,5834.084240027857,8627.631220089126,29258.438995858425,4484.972935638485,5018.09068124561,7698.330864197531,3595.4378840670756,5338.862419053296,23554.146324815883,0.0,0.0,0.0,0.0,0.0,0.0,0.00024639492865,0.0007718606371533335,0.0007140078691499999,0.0007542037922640001,0.027470359312856664,0.0003126876210916667,0.0005714043259666666,0.0002446108005208333,0.0014873274204119998,0.0006728174562466667,0.004753174575644833,0.0638072784662165,0.00014305036818907386,0.0004371343774539,0.00041095474929066044,0.00041991471629394936,0.015734588286977214,0.00018200975931318715,0.0003234201399896152,0.0001414353146210532,0.0008610543743405609,0.00038413435295913035,0.0027205591143004723,0.03652849714479554
2026-09-13 13:07:43.625999928,2297.9109803176466,7011.996867411765,6589.243418527451,6741.35201070196,252514.9738682106,2916.7039491843134,5188.155197477503,2266.330734513725,13790.10693697736,6169.746405910078,43668.1174146211,586111.5216145641,0.0013225198844285023,0.0011862670675295897,0.0013696601774691361,0.00032887265122420723,0.001170827299382716,0.0014386118227320646,7488.765291826618,11275.372611046856,16924.318024691358,5886.995696756039,8415.320493827163,30886.064975032903,4527.337196933477,5065.399357718645,7698.330864197531,3628.046233243188,5207.4824691358035,23461.028263684228,0.0,0.0,0.0,0.0,0.0,0.0,0.0002488611369833333,0.0007793616871533334,0.0007211544941499999,0.0007614869189306666,0.027731923076318207,0.00031581736414722217,0.0005767904605820513,0.00024705915121527776,0.0015016456837453334,0.0006794049062466667,0.0048001427030059446,0.06441569963057549,0.0001445130683177542,0.0004409766918838954,0.00041439019720961517,0.0004239561375619232,0.015880386134378574,0.00018342827058203572,0.000326277315752474,0.0001425270217483076,0.0008672445029254649,0.0003880084961939004,0.0027462393840750597,0.036859902359315924
2026-09-13 13:07:58.625999928,2320.082656788235,7079.444043882353,6653.158036174508,6938.8336968730755,254878.84204679754,2944.8461256549026,5236.601942760522,2288.1977051019608,13918.94060678868,6228.902764219221,44201.59024645127,591651.9116618757,0.00133517401545583,0.001197621664516071,0.0013696601774691361,0.0003318285105369499,0.001221342729528002,0.0014395623811029876,7558.840922556024,11380.679797568308,16924.318024691358,5939.907153484222,8242.744894695541,30748.86833840635,4569.70145822847,5112.708034191679,7698.330864197531,3660.654582419301,5100.691003767642,23306.631288308847,0.0,0.0,0.0,0.0,0.0,0.0,0.0002513273453166667,0.0007868627371533333,0.00072830111915,0.0007687700455973333,0.027993486839779744,0.0003189471072027778,0.0005821765951974359,0.0002495075019097223,0.0015159639470786667,0.0006859923562466666,0.0048471108303670555,0.06502412079493446,0.00014590742041579343,0.00044521836987082347,0.0004184097164971968,0.00043637554138112897,0.01602904717760971,0.00018519810079118608,0.0003293240777336061,0.00014390221123196774,0.0008753467092713769,0.0003917287738386754,0.0027797888977212685,0.0372083313334024
2026-09-13 13:08:13.625999928,2342.3763158667416,7142.1958359807695,6705.519339938462,7069.530254565385,257209.9589812177,2968.8254059147057,5289.199211997204,2304.5953154463796,14032.478122495528,6290.368616477772,44668.196523721606,597208.2177160739,0.0013478281464831571,0.0012089762615025519,0.0013696601774691361,0.0003347843698496924,0.001232912380652763,0.0014587112396557502,7628.916553285429,11485.986984089763,16924.318024691358,5992.818610212403,8319.133939730275,30416.33380668124,4612.065719523462,5160.016710664713,7698.330864197531,3693.262931595412,5147.961290519548,23047.50453224361,0.0,0.0,0.0,0.0,0.0,0.0,0.00025346716250799995,0.000793116544202564,0.0007307823918359999,0.0007466642425615385,0.028234153777443306,0.00032089926371999997,0.0005876793924943021,0.00024944001378799995,0.0015234866148423078,0.0006907547310858974,0.004856684283747127,0.06554374786211177,0.0001473094438645084,0.00044916476035167946,0.00042170266071168543,0.0004445949026760009,0.016175648531485468,0.00018670613108308034,0.0003326318615544908,0.00014493343872696118,0.0008824869574813854,0.0003955942929918243,0.0028091332480473805,0.037557761247477534
2026-09-13 13:08:28.625999928,2364.54922932828,7209.598278288461,6769.3242630153845,7070.639422512263,259564.97387152837,2996.9282809147057,5337.684073108315,2326.4105942925335,14161.171150273307,6349.546760083641,45031.312669672036,602511.8318720447,0.001360482277510485,0.0012184166500813325,0.001475053683765759,0.00033277252854957564,0.001244482031777524,0.0014695768266076875,7698.9921840148345,11035.592888615489,19787.321072751904,5766.305603952553,8395.522984765006,30634.454038840726,4654.429980818453,4958.326286692543,10350.9758725495,3554.5719476419845,5195.231577271453,23218.374714059668,0.0,0.0,0.0,0.0,0.0,0.0,0.00025593019917466664,0.0008006057044589745,0.0007378836818359999,0.0007536672489717949,0.02849551978361614,0.00032401756372,0.0005930665992844254,0.00025186391712133326,0.0015377400988166668,0.0006973247855730768,0.00490329448105482,0.0661513274791583,0.00014870387375553405,0.0004534036250568076,0.00042571528142963417,0.00044466465701577116,0.016323752801253897,0.0001884734896664137,0.0003356810205977007,0.0001463053773743971,0.0008905803190060767,0.0003993159406897045,0.0028319692190038187,0.03789129964884192
2026-09-13 13:08:43.625999928,2388.07876390537,7264.006130745283,6823.476952764004,7199.931540436793,261894.04340503737,3017.361041299274,5384.186253141009,2345.9860695373,14261.877292858584,6413.613317037856,45496.922081092096,607687.1483208439,0.0013707809309337318,0.0012297533714364663,0.0014915194236903464,0.0003356856713710103,0.0012560516829022855,0.0014804424135596243,7325.240837318557,11135.873582736416,20166.120674469094,5816.784746114825,8471.91202979974,30852.574271000212,4430.797291608951,5003.3827151713895,10718.701906207662,3585.689227057084,5242.501864023358,23389.244895875723,0.0,0.0,0.0,0.0,0.0,0.0,0.00025839323584133327,0.0008080948647153846,0.0007449849718359999,0.0007606702553820513,0.028756885789788984,0.0003271358637199999,0.0005984538060745488,0.0002542878204546667,0.0015519935827910257,0.0007038948400602562,0.004949904678362513,0.06675890709620484,0.00015018362004115993,0.0004568252744446478,0.00042912088391826954,0.00045279569465413606,0.016470225396361237,0.0001897584832639321,0.00033860549103086784,0.0001475364572620124,0.0008969136164175508,0.0004033450152714918,0.0028612508775442357,0.038216769549955294
2026-09-13 13:08:58.625999928,2410.2643582449928,7331.287102443396,6887.191971631929,7197.115977862963,264266.72522442427,3045.3927582804063,5432.6532440501005,2367.7806167071117,14390.317520131312,6472.836716532805,45845.09400304655,613087.6062301904,0.0013834132625061906,0.0012410900927916,0.0015079851636149338,0.00033859881419244503,0.0012676213340270463,0.0015370508473299526,7391.303633861921,11236.154276857344,20544.92027618628,5867.263888277098,8548.301074834471,32758.00543470155,4470.756504759901,5048.439143650235,11086.427939865824,3616.8065064721836,5289.772150775263,25225.126745821188,0.0,0.0,0.0,0.0,0.0,0.0,0.00026085627250799995,0.0008155840249717948,0.0007520862618359998,0.0007676732617923076,0.02901825179596182,0.00033025416371999995,0.0006038410128646723,0.000256711723788,0.0015662470667653844,0.0007104648945474358,0.004996514875670204,0.06736648671325136,0.00015157884741851842,0.00046105649999810694,0.0004331278506604079,0.00045261862705227074,0.016619440719669348,0.0001915213667985233,0.0003416535262369285,0.00014890709211735833,0.0009049910795993688,0.00040706950906195196,0.0028831470228582604,0.0385563983473653
2026-09-13 13:09:13.625999928,2429.419488243955,7388.3730230833335,6944.357425995352,7324.471700085185,266609.1183593937,3070.6373168392734,5479.464242800001,2389.157023004263,14522.062789536363,6528.116780759667,46312.56588205939,618459.3514698446,0.0013960455940786492,0.0012524268141467336,0.0015244509035395213,0.0003415119570138797,0.0012791909851518077,0.001540880544897333,7457.366430405285,11336.43497097827,20923.719877903466,5917.74303043937,8624.690119869205,32697.464645108594,4510.71571791085,5093.495572129081,11454.153973523986,3647.923785887283,5337.042437527169,25205.08383240913,0.0,0.0,0.0,0.0,0.0,0.0,0.00026348980066025635,0.0008204710425148148,0.0007567723540179487,0.0007972110379246913,0.029275896086610666,0.00033207051129487174,0.0006088198008897265,0.00025828247067692303,0.0015758988839123453,0.0007178574633271604,0.005057377738777541,0.06791516746382041,0.0001527834922606754,0.0004646465701183518,0.0004367229225681521,0.00046062788691646824,0.01676675122126853,0.00019310896903678093,0.0003445974179360888,0.00015025143055782367,0.0009132763932086202,0.00041054601087888565,0.002912545809916179,0.03889422143688133
2026-09-13 13:09:28.625999928,2451.5775160217327,7455.56043975,7008.0126204397975,7312.816055916818,268951.97320991516,3098.643705728162,5527.916573157143,2410.947828559818,14650.532539536363,6587.304371993434,46654.987919347586,623724.927642585,0.0014086779256511077,0.0012637635355018672,0.0015298247449467605,0.00034442509983531437,0.0012439498684210526,0.001562516882873907,7523.429226948649,11436.715665099198,19690.897650424635,5968.222172601642,8392.009356725148,32592.914109496796,4550.674931061799,5138.552000607928,10297.468298518164,3679.0410653023823,5193.057309941521,25142.532876550707,0.0,0.0,0.0,0.0,0.0,0.0,0.0002659544320705128,0.0008279363110333335,0.0007638510527358974,0.0008113057570604938,0.029537227902086856,0.00033517663308974357,0.0006142033931516313,0.0002606983937538461,0.001590110115393827,0.0007244350713518518,0.005109923002903846,0.06852222159267844,0.00015417698600758895,0.0004688719120998333,0.0004407261270187694,0.00045989487640543545,0.016914090759645773,0.00019487025971579323,0.00034764453115632696,0.0001516218301072063,0.0009213557130419534,0.000414268252727587,0.002934080351372303,0.03922536767174479
2026-09-13 13:09:43.625999928,2472.3545701696967,7519.419631281819,7068.916332933131,7437.500399098636,271288.2362501446,3123.1330008214145,5574.912066888723,2432.0788269470704,14767.720162028572,6637.877737813709,47124.76042790008,629153.9318773441,0.0014213102572235665,0.001275100256857001,0.0015451868426611232,0.00034009768152334804,0.001297915359253842,0.0015782624434745038,7589.4920234920155,11536.996359220126,19913.246826694136,5753.020025427858,8196.918797898932,32949.9499493881,4590.63414421275,5183.608429086774,10513.515599738317,3546.382207455529,5072.333367730807,25451.9678722839,0.0,0.0,0.0,0.0,0.0,0.0,0.0002684190634807692,0.0008354015795518518,0.0007709297514538461,0.0008254004761962963,0.029798559717563053,0.0003382827548846154,0.000619586985413536,0.00026311431683076925,0.0016043213468753086,0.0007310126793765432,0.005162468267030152,0.06912927572153647,0.00015548363185733868,0.0004728879457006121,0.00044455629382668356,0.0004677361362099808,0.01706101574639798,0.00019641036427388002,0.00035060002553989074,0.00015295073511689352,0.000928725512412019,0.0004174487555113954,0.0029636238224657156,0.039566791715841855
2026-09-13 13:09:58.625999928,2494.5002974424237,7586.577058554545,7132.546960205858,7437.215297954999,273645.43435698666,3151.1079735486874,5623.351724783459,2453.863790583434,14896.091662028573,6696.988477945289,47477.68400307799,634321.1442458051,0.001433942588796025,0.001286534375609882,0.001560548940375486,0.00034295076516928217,0.0013094456470248844,0.0015830091748980292,7655.55482003538,11025.278743150096,20135.596002963637,5801.282181393637,8268.225212125933,32996.71985132356,4630.5933573636985,4953.692108982111,10729.562900958468,3576.132851544023,5116.45847292394,25537.65732183065,0.0,0.0,0.0,0.0,0.0,0.0,0.0002708836948910256,0.0008428668480703703,0.0007780084501717947,0.0008394951953320988,0.030059891533039236,0.0003413888766794871,0.0006249705776754409,0.00026553023990769233,0.00161853257835679,0.0007375902874012345,0.0052150135311564575,0.0697363298503945,0.00015687635203915688,0.00047711140168243027,0.0004485579532751683,0.0004677182065158366,0.017209257316228268,0.0001981696792253952,0.0003536463418030486,0.00015432076727446925,0.0009367986534120191,0.0004211661642796703,0.002985818793971349,0.0398917519603473
2026-09-13 13:10:13.625999928,2513.7078206568176,7670.776533910715,7196.536583929059,7560.519122955,276012.4515368794,3172.2277921915584,5670.197039053357,2478.9522701782466,15033.843933494552,6748.684741283294,47971.78771870917,640045.1760814758,0.0014004862353801171,0.0012978719582425503,0.0015759110380898485,0.00034580384881521624,0.001320975934795927,0.001597581956665363,7480.589473684211,11120.285838641912,20357.94517923314,5849.544337359415,8339.531626352935,32219.779011981922,4524.762573099415,4996.379093157228,10945.610202178621,3605.8834956325163,5160.583578117073,24793.390316308574,0.0,0.0,0.0,0.0,0.0,0.0,0.00027284972563456787,0.0008518484454547618,0.0007840309912629629,0.0008238450632166666,0.03032081337174372,0.0003438177515493827,0.0006300121930674876,0.0002678492629580247,0.0016321072404178573,0.0007427653341821427,0.005241639042621164,0.0702956355230172,0.00015808429183241765,0.00048240661313260713,0.00045258218961153853,0.00047547264706583657,0.017358116396652638,0.00019949788115338022,0.00035659239156713335,0.0001558985538800986,0.0009454617407064351,0.0004244172848407049,0.003016892427643265,0.04025172996245725
2026-09-13 13:10:28.625999928,2535.8277581568177,7738.084801767858,7260.170575000487,7562.61616589035,278365.0546749386,3200.1425243344156,5718.623064915427,2500.766368392532,15162.29604556352,6807.730484477486,48337.15046460319,645364.8982929088,0.0014605269947686342,0.0013092095408752185,0.0015803802034866261,0.00034865693246115026,0.0013325062225669694,0.001612497472545751,7339.400304491311,11215.292934133728,19453.59695003191,5897.8064933251935,8410.838040579936,32520.262281849475,4439.826116643615,5039.066077332347,10156.000931074917,3635.63413972101,5204.708683310205,25048.41465821859,0.0,0.0,0.0,0.0,0.0,0.0,0.00027530986143703705,0.0008593271418833332,0.0007911001671888888,0.0008374651882166666,0.03058214097714191,0.00034691776698148144,0.0006353928626077174,0.0002702643123407407,0.0016463128386321427,0.0007493305216821427,0.00529364310875873,0.0709022825949589,0.00015947539012408428,0.0004866395553111786,0.00045658406060558615,0.0004756045277659931,0.017506068994001693,0.00020125340764147546,0.0003596378505269034,0.0001572704182789081,0.0009535399513098835,0.0004281306060238063,0.0030398696847739335,0.040586281381531815
2026-09-13 13:10:43.625999928,2554.0433835812028,7815.071482868422,7325.641554203007,7684.734784311403,280717.51272968575,3222.711056627068,5761.736758796025,2527.8266711614033,15296.350626011454,6871.306477061782,48818.523844966905,651121.0539327767,0.0014731707971655742,0.0013205471235078871,0.0015949670182418812,0.00035151001610708434,0.0013440365103380117,0.0016301587141839882,7401.64780614604,11310.300029625543,19608.347910298897,5946.068649290972,8482.144454806938,32272.429914487744,4477.481520638048,5081.753061507466,10306.370587445455,3665.384783809503,5248.833788503337,24879.762088165717,0.0,0.0,0.0,0.0,0.0,0.0,0.00027776999723950617,0.0008668058383119047,0.0007981693431148147,0.0008510853132166667,0.030843468582540102,0.0003500177824135803,0.0006407735321479474,0.00027267936172345675,0.0016605184368464283,0.0007558957091821427,0.0053456471748962965,0.07150892966690062,0.00016062095056744007,0.0004914811621448362,0.00046070145774210013,0.00048328443199113926,0.017654012467222455,0.00020267271756121337,0.00036234922283094996,0.00015897221065303935,0.0009619704949247203,0.00043212882955744096,0.0030701427218056956,0.04094827961399462
2026-09-13 13:10:58.625999928,2576.129620423308,7882.463930236843,7389.291685781954,7705.645372429556,283083.0128444329,3250.5796355744365,5810.11811472823,2549.6861974771928,15424.85013448603,6930.391257453366,49201.66126504715,656526.8634661692,0.0014858145995625145,0.0013318847061405555,0.0016095538329971362,0.0003535226087925852,0.0013555667981090542,0.0016469502818960762,7463.895307800771,11405.30712511736,19763.098870565882,7623.300982466008,8553.450869033939,32337.74831047411,4515.136924632481,5124.440045682585,10456.740243815992,5284.413330531865,5292.958893696469,24921.887330620095,0.0,0.0,0.0,0.0,0.0,0.0,0.00028023013304197535,0.0008742845347404761,0.0008052385190407406,0.0008647054382166666,0.0311047961879383,0.000353117797845679,0.0006461542016881774,0.0002750944111061728,0.0016747240350607141,0.0007624608966821429,0.005397651241033863,0.07211557673884232,0.00016200992946217692,0.0004957193982793391,0.0004647043437947318,0.0004845994756439031,0.017802776141105446,0.00020442534152612563,0.0003653918725484642,0.00016034693197467675,0.0009700516862354548,0.0004358446057465116,0.0030942378084462983,0.04128824496909463
2026-09-13 13:11:13.625999928,2592.8507998693285,7973.254899517242,7459.382869478765,7827.758318242365,285465.24570924346,3277.225407993104,5865.543076801807,2575.5578261219603,15585.310395109886,6988.07106727705,49704.109214066964,662401.0093717574,0.0014984584019594547,0.0013432222887732237,0.0016241406477523913,0.00035636920314314184,0.0013260691319444441,0.001653767122582696,7526.1428094555,11500.314220609176,19917.849830832867,7684.684455459139,8371.029333333334,33557.700417942506,4552.792328626914,5167.127029857703,10607.10990018653,5326.963879658198,5180.074666666667,26014.444414339647,0.0,0.0,0.0,0.0,0.0,0.0,0.00028191920966785713,0.0008854550932137933,0.0008125648329107144,0.0008541068574045975,0.03137141758586885,0.0003548692861928572,0.000651717377189885,0.0002785010267571429,0.0016908534831471264,0.0007686997841643678,0.005434259965266941,0.07276454240958885,0.00016306150585844887,0.0005014291414585287,0.00046911230045833117,0.0004922790231250198,0.017952592119047976,0.00020610106454712186,0.0003688774868299803,0.00016197396995389212,0.0009801428537369104,0.0004394720248976455,0.0031258362016846554,0.0416576634782683
2026-09-13 13:11:28.625999928,2614.8914895245007,8040.847382275863,7523.088179823592,7842.197266328813,287820.9313076989,3305.083666613794,5913.982676801807,2597.4515157771325,15714.075020109887,7047.143959649931,50082.017778404785,667928.9267999878,0.0015094909631711677,0.00131416442251462,0.0016387274625076463,0.0003592157974936986,0.0013839347510937409,0.0016683744112061054,7293.832721482444,11256.81403508772,20072.600791099856,7746.067928452272,8226.694081612897,33914.236662279094,4412.260901950081,5057.721637426901,10757.47955655707,5369.514428784532,5091.206083326932,26318.455696074183,0.0,0.0,0.0,0.0,0.0,0.0,0.0002843726352630952,0.0008929653690758622,0.0008196362466011905,0.0008676367482091953,0.03163278843711406,0.0003579575659547619,0.0006570995549676628,0.0002809247053285714,0.0017050755463655172,0.0007752621778425287,0.00548633213781757,0.0733715460244356,0.00016444762034120749,0.0005056799575964598,0.0004731186566422392,0.0004931870725269009,0.018100738568906396,0.00020785303947815634,0.00037192379945220254,0.00016335083976998411,0.000988240717931355,0.000443187053462429,0.0031496024513974563,0.04200530806319922
2026-09-13 13:11:43.625999928,2632.1355131786086,8105.657812220338,7596.522966163998,7963.7525375152545,290168.1976726508,3328.8115129434245,5962.469853199999,2623.238631796376,15850.19169839672,7106.216621364864,50556.95407364467,673417.1715413901,0.001522121231655358,0.00131416442251462,0.0016490198226716758,0.0003620623918442553,0.0013955095794125915,0.001682330283797396,7353.677107488224,11256.81403508772,19459.68586218944,7807.4514014454035,8294.140877045358,34048.25710955577,4448.46258831407,5057.721637426901,10162.86343791733,5412.064977910866,5132.946487406638,26473.27503664971,0.0,0.0,0.0,0.0,0.0,0.0,0.0002868260608583333,0.0009004756449379312,0.0008267076602916667,0.000881166639013793,0.03189415928835928,0.00036104584571666667,0.0006624817327454404,0.0002833483839,0.001719297609583908,0.0007818245715206896,0.0055384043103682,0.07397854963928234,0.000165532077828788,0.000509755813524079,0.0004777368887609802,0.0005008315484704037,0.018248355542524484,0.00020934525736955313,0.0003749731041012443,0.0001649725628440832,0.0009968009445880603,0.00044690206752139033,0.003179470667298098,0.04235045767693631
2026-09-13 13:11:58.625999928,2654.1361657209814,8173.226913915253,7660.310135655522,7993.727014552222,292544.5560255498,3356.635318028171,6010.909845003279,2645.164919931969,15979.016419708194,7165.2895217747,50950.045932357294,678864.8788630298,0.0015347515001395483,0.0013776102172441838,0.0016633812098953184,0.000364908986194812,0.0014070844077314429,0.0016969321491602015,7413.521493494003,11041.726875511313,19578.611876275463,7868.834874438535,8361.58767247782,34403.00732767358,4484.66427467806,4961.082306126638,10278.466795837538,5454.615527037199,5174.686891486345,26776.08882714064,0.0,0.0,0.0,0.0,0.0,0.0,0.0002892794864535714,0.0009079859208000001,0.0008337790739821428,0.0008946965298183908,0.03215553013960448,0.00036413412547857144,0.0006678639105232183,0.00028577206247142853,0.0017335196728022987,0.0007883869651988505,0.005590476482918829,0.07458555325412908,0.00016691567442200835,0.0005140051592528926,0.0004817483929756694,0.0005027166100262841,0.01839780207894013,0.00021109506555599383,0.0003780194413635395,0.00016635148274238827,0.0010049025881727596,0.0004506170965916089,0.003204191777523803,0.04269305793738609
2026-09-13 13:12:13.625999928,2669.379132954915,8253.2323837,7717.725059812542,8115.425631218888,294893.57028955023,3386.2080527124294,6064.927656481439,2669.430829394971,16125.71518330127,7223.350871058699,51431.34167802448,684308.1831987512,0.001547381768623738,0.0013889508983712373,0.001677742597118961,0.0003677555805453686,0.0014186592360502935,0.0017110529666616214,7473.365879499783,11130.708957012692,19697.537890361487,7930.218347431664,8429.034467910285,34512.52445425444,4520.865961042049,5001.062232733759,10394.070153757742,5497.166076163532,5216.427295566054,26852.02073361773,0.0,0.0,0.0,0.0,0.0,0.0,0.0002905851360264367,0.0009165631559955555,0.0008426956302206896,0.0008865738707588889,0.0324210780931648,0.0003666543930908046,0.0006738711501849462,0.0002891141571126438,0.0017524074128400001,0.0007947999617855554,0.005627505183971016,0.07523763404415293,0.0001678742876947202,0.0005190366143526888,0.0004853591537615443,0.0005103701008077656,0.01854552897598727,0.00021295486198169274,0.00038141656150761046,0.00016787753882639483,0.001014128310416502,0.00045426851033546927,0.0032344599321957614,0.04303538129894368
2026-09-13 13:12:28.625999928,2691.324282954915,8320.904283700002,7781.459759812542,8137.282215430983,297250.1986727288,3414.046302712429,6113.412301642729,2691.376404394971,16254.683465559334,7282.415492158647,51828.81892297803,689780.2037431526,0.0015600120371079284,0.0014002915794982913,0.0016921039843426034,0.0003688792736235677,0.0014302340643691444,0.0017240619281308034,7533.210265505561,11219.691038514067,19816.46390444751,7723.275300007772,8496.481263342748,34613.469326123806,4557.067647406037,5041.042159340877,10509.673511677947,5302.494704834493,5258.167699645762,26927.30110890371,0.0,0.0,0.0,0.0,0.0,0.0,0.0002930289090149425,0.0009240822559955556,0.0008497825612551724,0.0009000876846477776,0.032682481591193475,0.00036973789596436783,0.0006792583329806451,0.00029154555941149433,0.0017666680683955554,0.0008013611201188888,0.0056796703227162265,0.075845005198006,0.00016925439379472017,0.000523292424952689,0.0004893673582282109,0.0005117446371037706,0.018693734716529388,0.00021470557859280386,0.000384465706969976,0.0001692576716541726,0.0010222389823896201,0.00045798301872908824,0.0032594568344895066,0.04337951059095826
2026-09-13 13:12:43.625999928,2707.151949796721,8379.48714110656,7842.177471359017,8258.592549037541,299598.8431402856,3433.8173906360657,6162.945182410036,2712.4481324065573,16370.540665890632,7357.14987652185,52301.507506078364,694737.5721558093,0.0015749778240040147,0.001411632260625345,0.0017064653715662462,0.0003717129718361434,0.0014403088829387045,0.0017377494468761893,7276.520419690996,11308.673120015445,19935.38991853354,7782.604823181783,8204.09743167909,34559.01224374962,4401.788164881107,5081.022085947997,10625.276869598154,5343.228003888359,5077.22182665414,26934.266313491542,0.0,0.0,0.0,0.0,0.0,0.0,0.00029547268200344826,0.0009316013559955556,0.0008568694922896551,0.0009136014985366665,0.03294388508922215,0.000372821398837931,0.000684645515776344,0.00029397696171034487,0.001780928723951111,0.0008079222784522221,0.005731835461461436,0.07645237635185903,0.00017024977817610488,0.0005269766357629235,0.0004931858276432448,0.0005193737091950275,0.018841438357489068,0.00021594896034444588,0.00038758077480489776,0.00017058284921579015,0.001029525112988233,0.00046268298112348515,0.00328918369427115,0.04369127398224311
2026-09-13 13:12:58.625999928,2729.047671108197,8447.085132909837,7905.88780742459,8269.246865309971,301958.99275774043,3461.5904562098367,6211.438087171941,2734.386689783607,16499.40552303349,7416.34080778145,52686.645730771685,700228.6568124109,0.0015876269193987075,0.0014229729417523985,0.001668653753858025,0.0003745466700487191,0.0014518716298312908,0.0017364988398738566,7333.875191774715,11397.65520151682,19622.273580246914,7841.934346355795,8268.715570845334,34237.63740534914,4436.483808182591,5121.0020125551155,10320.90864197531,5383.961302942224,5117.211676763158,26604.70972802349,0.0,0.0,0.0,0.0,0.0,0.0,0.00029791645499195396,0.0009391204559955557,0.0008639564233241378,0.0009271153124255555,0.033205288587250824,0.00037590490171149425,0.0006900326985720431,0.0002964083640091954,0.0017951893795066663,0.0008144834367855554,0.005784000600206647,0.07705974750571208,0.00017162677576080436,0.0005312277983585519,0.0004971924998891464,0.0005200437473072715,0.018989865544542343,0.0002176955775794186,0.0003906304397043687,0.00017196254071305794,0.0010376292806707726,0.00046640543302270003,0.0033134046092907527,0.04403660219509162
2026-09-13 13:13:13.625999928,2747.128302491274,8514.095610193548,7957.070972239529,8389.625723081232,304321.90060685907,3481.0201162069275,6266.802195083333,2758.4904472789,16646.313301909075,7489.45681543214,53169.213313309076,705420.813326296,0.0016002760147933999,0.0014324037919449418,0.001668653753858025,0.0003773803682612948,0.001463434376723877,0.0017581289205512761,7391.229963858432,11031.971732504024,19622.273580246914,7901.2638695298065,8333.333710011577,33913.244166425844,4471.179451484075,4956.6992899632405,10320.90864197531,5424.694601996091,5157.201526872176,26274.860748820356,0.0,0.0,0.0,0.0,0.0,0.0,0.00029890640055555556,0.0009455484913720429,0.0008699787721855555,0.0009172138498935484,0.033466286572131514,0.0003783168349711111,0.0006963015706755712,0.00029902999178000006,0.0018102301839225802,0.0008226926092354837,0.005819119665787813,0.07760148709915524,0.00017276384657889562,0.0005354420128188387,0.0005004113522541747,0.0005276142399182197,0.019138466193720248,0.00021891748730812452,0.00039411222693524063,0.0001734783992399841,0.0010468681476533928,0.0004710036175038434,0.003343752748370326,0.04436313114918706
2026-09-13 13:13:28.625999928,2768.9937057170805,8581.68890051613,8020.681302884689,8417.389464552778,306688.4386464919,3508.7268339488633,6315.348406020833,2780.4462859885775,16775.318528471576,7548.758213497616,53570.55713833747,710708.0375333088,0.0016129251101880925,0.0014437293258779287,0.0017401280879239683,0.00038021406647387044,0.0014749971236164632,0.0017727121964124667,7448.5847359421505,11117.448755268111,19348.859156083756,7960.593392703817,8397.95184917782,33862.08795426554,4505.875094785559,4995.10438275319,10053.92769801479,5465.427901049955,5197.191376981194,26291.379268256118,0.0,0.0,0.0,0.0,0.0,0.0,0.00030133834500000004,0.0009530588569634408,0.00087705704163,0.0009305875891408602,0.0337276864422592,0.00038139487385999995,0.0007016955941130712,0.0003014629417800001,0.0018244970871483868,0.0008292669613860215,0.0058713318414150535,0.07820834132126546,0.00017413893749287416,0.0005396928797435699,0.0005044117352703038,0.0005293602707707635,0.01928729514154604,0.00022065993200167294,0.00039716524420086563,0.00017485917754105938,0.001054981143012768,0.0004747330165377389,0.003368992815588778,0.044695638804872526
2026-09-13 13:13:43.625999928,2788.5925100060417,8633.693724428573,8080.522957400818,8537.496922886112,309028.7383652096,3524.3822405895544,6364.340774669039,2801.2681653376344,16900.884468029613,7623.657791247687,54046.28838245104,715814.6020888173,0.001625574205582785,0.001455054859810915,0.0017541278110835242,0.00037795076023867523,0.0014865598705090495,0.001783579881504676,7505.939508025871,11202.925778032202,19433.636680999396,9604.522574766124,8462.569988344065,33946.40320719328,4540.570738087044,5033.509475543142,10136.294487624771,5285.059221095137,5237.181227090212,26344.92372965729,0.0,0.0,0.0,0.0,0.0,0.0,0.0003037702894444444,0.0009605692225548387,0.0008841353110744443,0.000943961328388172,0.03398908631238689,0.0003844729127488889,0.0007070896175505712,0.00030389589178,0.001838763990374193,0.0008358413135365591,0.005923544017042294,0.07881519554337567,0.00017537148451815773,0.0005429634053362856,0.0005081751104320958,0.0005369136953726155,0.01943447399052318,0.0002216444831304097,0.0004002463198291862,0.00017616864239790008,0.001062877845433862,0.00047944336776068787,0.00339891102494081,0.04501678497580784
2026-09-13 13:13:58.625999928,2810.4402004822327,8701.164248238096,8144.10376692463,8538.464961233894,311379.4577156235,3551.994597732412,6412.890397745962,2823.215165337634,17029.86342187577,7683.08099293038,54413.948422516914,721065.8360690034,0.0016381357137525137,0.0014663803937439018,0.0017681275342430803,0.00038074710315898745,0.001498122617401636,0.001798319621625961,7295.828118192363,11288.40280079629,19518.414205915036,9675.583521139046,8527.188127510308,33998.625832464706,4413.4679780132765,5071.914568333092,10218.661277234754,5324.161769604385,5277.171077199229,26374.012533169192,0.0,0.0,0.0,0.0,0.0,0.0,0.0003062022338888889,0.0009680795881462366,0.0008912135805188888,0.0009573350676354837,0.03425048618251458,0.0003875509516377777,0.0007124836409880712,0.00030632884178,0.0018530308935999996,0.000842415665687097,0.0059757561926695344,0.07942204976548589,0.0001767454614969937,0.000547206551611418,0.0005121736368977044,0.0005369745742287092,0.019582308118560317,0.0002233809935907272,0.0004032995516804682,0.0001775488648423445,0.0010709891885312985,0.00048318042688873274,0.0034220327563493965,0.04534702924611732
2026-09-13 13:14:13.625999928,2831.4433184994045,8763.401524289064,8216.456911198067,8657.27402253197,313758.58005035785,3567.9925452918155,6466.401268768298,2846.2615045813986,17168.014648550114,7751.9367467824,54916.43666937833,726569.1522193244,0.0016507841304507543,0.0014777059276768882,0.0017821272574026362,0.0003835434460792996,0.0014639080113636363,0.0018125267280322058,7351.164769859057,11373.879823560377,19603.191730830677,9746.64446751197,8335.980606060606,34290.747146213405,4446.942798991096,5110.319661123042,10301.028066844736,5363.264318113633,5158.8395959595955,26619.852422759264,0.0,0.0,0.0,0.0,0.0,0.0,0.00030794971448064513,0.0009732503041468749,0.0008964386347999998,0.0009469545918729165,0.03451235983887462,0.00038835846733870967,0.0007184791109871211,0.000308901868632258,0.0018691668615541668,0.0008523263976979166,0.006010466334987085,0.07991300319225467,0.00017806632425229586,0.0005511205847497343,0.0005167238457486783,0.0005444463440836772,0.0197319284787225,0.0002243870867372408,0.0004066647909025396,0.0001789982235103413,0.0010796773656754847,0.0004875106887420931,0.0034536336838742365,0.04569312668401528
2026-09-13 13:14:28.625999928,2853.2845372494044,8830.831469601562,8280.105801823067,8668.175025744176,316127.1421483737,3595.5153656043153,6514.988223313752,2868.217028018899,17297.062830368297,7811.432473355827,55289.0151997181,731928.7185357363,0.0016634325471489959,0.0014868356950998385,0.0017961269805621923,0.0003863397889996117,0.0015207494536835055,0.0018117097902626445,7406.501421525749,11009.558897508312,19687.969255746317,9817.705413884889,8205.943863417793,33780.33852906953,4480.417619968914,4946.62913333095,10383.394856454717,5402.36686662288,5078.364517072342,26169.00688451603,0.0,0.0,0.0,0.0,0.0,0.0,0.00031037626555591397,0.0009807425202927084,0.0009035023014666666,0.0009601549512479164,0.03477376307340745,0.00039141861518817193,0.0007238776614921716,0.0003113359223956989,0.0018834482469708331,0.0008589266320729166,0.00606261853192369,0.08051897717173699,0.00017943989423146252,0.000555361179088276,0.0005207266537590949,0.0005451318960634669,0.019880884717331057,0.0002261179663257825,0.0004097203704883981,0.0001803789819842996,0.0010877930624431616,0.0004912523088799331,0.0034770647336711605,0.04603018385458074
2026-09-13 13:14:43.625999928,2878.410829978461,8891.184765669232,8356.019243530385,8786.062814755165,318476.5993087413,3608.8219771873078,6560.855411108278,2895.677601011538,17442.991936445316,7868.307899534546,55772.5174626477,737389.8052000864,0.0016760809638472365,0.001498144478299635,0.0018101267037217484,0.00038913613191992393,0.001532308398625498,0.0018366876959669965,7461.838073192443,11091.69286001978,19772.746780661957,9888.766360257812,8267.187443511091,33813.08511159952,4513.892440946733,4983.5321787279,10465.7616460647,5441.469415132129,5116.2659735313355,26224.363257455218,0.0,0.0,0.0,0.0,0.0,0.0,0.00031280281663118275,0.0009882347364385416,0.0009105659681333333,0.0009733553106229167,0.03503516630794028,0.00039447876303763435,0.000729276211997222,0.0003137699761591397,0.0018977296323875,0.0008655268664479166,0.006114770728860294,0.08112495115121932,0.00018102005886308988,0.0005591567308187538,0.0005255007657597997,0.0005525457281279359,0.020028639467638616,0.0002269548043431129,0.00041260490696525383,0.0001821059469080589,0.0010969703817808943,0.0004948291412373947,0.003507471653762066,0.04637362552702765
2026-09-13 13:14:58.625999928,2900.2770453630765,8958.560681053847,8419.761812761155,8795.172878651516,320854.93054289784,3636.2368541103847,6609.422209615739,2917.6749856269225,17572.165600624423,7927.7837940392965,56143.86818433161,742832.6388789278,0.0016870049816528863,0.0015094532614994321,0.0017679082052469138,0.0003860715673112322,0.0015438673435674908,0.0018500284223955691,7272.237850191561,11173.82682253125,19517.086024691358,9616.16682443809,8328.431023604388,33906.20590138863,4399.197508543926,5020.435224124851,10217.370864197532,5291.466676397835,5154.16742999033,26286.661696737043,0.0,0.0,0.0,0.0,0.0,0.0,0.0003152293677064516,0.0009957269525843748,0.0009176296348,0.0009865556699979166,0.0352965695424731,0.0003975389108870967,0.0007346747625022726,0.0003162040299225806,0.0019120110178041665,0.0008721271008229165,0.006166922925796897,0.08173092513070163,0.00018239520085283346,0.000563393927275164,0.0005295094651136459,0.0005531186499240841,0.020178210076364462,0.00022867889549183082,0.0004156592189602787,0.000183489337984982,0.0011050939699948246,0.0004985695141584711,0.003530825488036854,0.04671591928949701
2026-09-13 13:15:13.625999928,2924.499503153613,9019.538217704545,8487.07327133077,8912.093560469697,323209.3336142294,3650.862797313287,6657.324511079895,2945.2800749946387,17729.036510958205,7981.530494852303,56614.31718257427,748762.3985857965,0.0016996404380261074,0.001520762044699229,0.0017679082052469138,0.00038882665209003615,0.0015554262885094834,0.0018627049067127524,7325.7819808618015,11255.96078504272,19517.086024691358,9684.78973555522,8389.674603697684,33668.426361618476,4431.587979138266,5057.338269521801,10217.370864197532,5329.2276526831965,5192.068886449323,26131.895119448032,0.0,0.0,0.0,0.0,0.0,0.0,0.00031793354928125,0.0010017106794272725,0.0009270864706541668,0.000975259184836508,0.03556427984014938,0.00039771403730625,0.0007396926961059121,0.00031940081426458334,0.0019294126529202018,0.0008795148278474747,0.006202380187839678,0.08234883737265476,0.00018391852430943832,0.000567228736802308,0.0005337426079525795,0.0005604716616917608,0.020326275869517088,0.00022959870480881336,0.00041867174147458,0.00018522539138299612,0.001114959407244705,0.0005019495844540447,0.003560411502815226,0.047088835288840086
2026-09-13 13:15:28.625999928,2946.3833895172497,9086.866013159091,8550.84277133077,8924.468235636006,325592.72851967457,3678.1820245860144,6705.886459609306,2967.319461358275,17858.413010958204,8040.963664079694,56994.54030568646,754410.9976149066,0.0017122758943993288,0.0015320708278990258,0.0018441997878638284,0.00039158173686883993,0.0015669852334514757,0.0018749175955175322,7379.326111532043,11338.094747554187,22275.90598444527,9753.412646672343,8450.918183790982,35225.437299284196,4463.978449732606,5094.24131491875,12758.036802738272,5366.988628968556,5229.970342908317,27496.631428935198,0.0,0.0,0.0,0.0,0.0,0.0,0.00032036222115625003,0.0010091915455888887,0.0009341684185708334,0.0009882471455147186,0.035825729265877244,0.00040075214668125003,0.0007450884681647356,0.00032184069447291667,0.0019437175039303028,0.0008861209869383837,0.006254380045083996,0.08295490196928279,0.00018529477760741815,0.0005714629070497827,0.0005377530009525796,0.0005612498912633309,0.02047616492690398,0.0002313167806572982,0.00042172574845987407,0.00018661142390319818,0.001123095751578038,0.0005056872704299007,0.0035843233125576147,0.04744406940555968
2026-09-13 13:15:43.625999928,2970.487254588602,9159.233029432835,8619.623950199591,9040.535070524067,327974.87232753896,3690.785919360923,6752.628594662062,2994.6528888339208,18001.870389307926,8096.545094648979,57468.79771538662,760251.0992228008,0.0017249113507725497,0.0015433796110988227,0.0018579667350097874,0.0003943368216476438,0.0015766418234231746,0.0018889070112115705,7432.870242202286,11420.228710065658,22421.177653512914,9822.035557789468,8190.9773307522755,35528.339233302635,4496.368920326948,5131.144360315701,12895.3851808666,5404.749605253917,5069.102266477257,27752.23752541175,0.0,0.0,0.0,0.0,0.0,0.0,0.00032279089303125,0.001016672411750505,0.0009412503664875,0.0010012351061929293,0.03608717869160511,0.00040379025605625,0.0007504842402235591,0.00032428057468125,0.0019580223549404046,0.0008927271460292928,0.0063063799023283145,0.08356096656591083,0.00018681064289968318,0.0005760139882954427,0.0005420785728681075,0.0005685492055462914,0.020625975304154116,0.00023210942559536465,0.00042466530939763627,0.00018833039278666656,0.0011321176267053649,0.0005091827248412579,0.0036141488341009807,0.047811346906678355
2026-09-13 13:15:58.625999928,2992.387545633378,9226.598163761193,8683.430659154816,9039.945441008824,330354.34419215436,3717.9967029430118,6801.177442488149,3016.7313440578014,18131.34856322097,8155.949964214196,57834.96460535928,765906.1551258878,0.0017375468071457703,0.0015103119065656566,0.001871733682155746,0.00039709190642644765,0.001588186796726974,0.001902896426905609,7486.4143728725285,11180.063030303028,22566.449322580556,9890.658468906593,8249.915051116044,35831.24116732107,4528.759390921288,5023.237171717171,13032.733558994927,5442.510581539278,5105.576709002609,28007.8436218883,0.0,0.0,0.0,0.0,0.0,0.0,0.00032521956490625005,0.0010241532779121214,0.0009483323144041666,0.00101422306687114,0.03634862811733298,0.00040682836543125,0.0007558800122823826,0.0003267204548895834,0.0019723272059505056,0.0008993333051202018,0.006358379759572631,0.0841670311625389,0.00018818792786983243,0.0005802505067432039,0.0005460913058979584,0.0005685121244012215,0.020775617645862148,0.0002338206815406383,0.00042771849249425463,0.00018971888230407948,0.0011402603651981186,0.0005129186310828039,0.0036371766629592606,0.04816698708902806
2026-09-13 13:16:13.625999928,3015.7456965406063,9309.992489183822,8749.630653926977,9154.806749832353,332729.05741952907,3733.1160579927573,6850.627278372174,3047.145071342274,18302.75944068509,8205.809234841383,58311.24342263863,771883.4556174261,0.0017501822635189919,0.0015649777502171464,0.0018855006293017047,0.00039984699120525154,0.0015997317700307738,0.0019158954887678085,7539.958503542772,11002.55723269888,22711.720991648202,9959.281380023718,8308.852771479813,35950.881409250505,4561.149861515629,4942.9573610305715,13170.081937123254,5480.271557824639,5142.05115152796,28093.901809034443,0.0,0.0,0.0,0.0,0.0,0.0,0.0003281704745222222,0.0010339822772166666,0.0009563925611444443,0.0010022150980612747,0.036622140064293755,0.00040679345478888886,0.000761170881007115,0.00033041145294444445,0.0019915242844705887,0.0009048679995294117,0.006392618161244772,0.08490365964548374,0.00018965689602688698,0.0005854950832086714,0.0005502545500136298,0.0005757356244894569,0.020924960722161493,0.00023477152098043343,0.0004308283377287389,0.00019163156781996967,0.0011510402048253068,0.000516054225213358,0.003667129308579273,0.04854289287549591
2026-09-13 13:16:28.625999928,3037.656615658253,9377.474643595586,8813.454925985801,9166.395808963045,335097.22198430833,3760.239035933934,6899.18251408646,3069.2841228128623,18432.53590497081,8265.144972729582,58689.93494699512,777259.741608637,0.0017180635300925924,0.001576279150799296,0.0018992675764476637,0.00040231546246398793,0.0016112767433345734,0.0019152966147407066,7403.851851851853,11080.553180241552,22856.992660715845,9598.857728789504,8367.79049184358,37098.15260306261,4478.814814814816,4977.997455336178,13307.430315251582,5283.110351702306,5178.525594053312,27601.21025023974,0.0,0.0,0.0,0.0,0.0,0.0,0.0003306030174515152,0.0010414802943735293,0.0009634817606393939,0.0010149704840906864,0.03688367543523213,0.00040980878559696964,0.0007665659071975911,0.0003328606069848485,0.0020058648727058824,0.0009114663328627451,0.006444466042186542,0.08551066201733251,0.00019103484938473014,0.0005897389609194557,0.0005542683875675514,0.0005764644475414536,0.0210738919603465,0.00023647725492651178,0.0004338819225525484,0.00019302386816800888,0.001159201702468164,0.0005197857838405493,0.0036909447977776927,0.048881001527832056
2026-09-13 13:16:43.625999928,3060.241846103325,9445.077262760866,8875.679225804604,9280.412211136958,337447.0713397493,3772.9735520330773,6946.381167230585,3098.915068616538,18585.38071699517,8313.389036157949,59137.355891075946,782877.3376719148,0.0017180635300925924,0.0015875805513814456,0.0019130345235936225,0.0004050685193427713,0.0016228217166383728,0.0019372811228425082,7403.851851851853,11158.549127784221,23002.264329783487,9664.543002571574,8426.728212207348,37026.147618925555,4478.814814814816,5013.037549641784,13444.778693379909,5319.262835641268,5215.000036578663,27516.066246340004,0.0,0.0,0.0,0.0,0.0,0.0,0.0003330355603808081,0.0010489783115303923,0.0009705709601343434,0.0010277258701200979,0.0371452108061705,0.00041282411640505053,0.0007719609333880673,0.0003353097610252525,0.002020205460941177,0.0009180646661960782,0.006496313923128313,0.08611766438918123,0.00019245520943272018,0.0005939904145247389,0.000558181604645045,0.0005836348123892797,0.021221671375366454,0.00023727811449452457,0.0004368501934058345,0.00019488732542632893,0.0011688139428688072,0.0005228197993850443,0.0037190826038165535,0.0492342859024782
2026-09-13 13:16:58.625999928,3082.15762871202,9512.560284499996,8939.49209536982,9296.498417661054,339796.50763741595,3799.993530293947,6994.926913709457,3121.107807746973,18715.319019812072,8372.645596017104,59519.6983158901,788179.5902417211,0.0017870578746469598,0.0015988819519635955,0.0019143984265218978,0.0004078215762215546,0.0016343666899421723,0.0019398042189403377,7277.962836947223,11236.545075326887,22145.427245120707,9730.228276353642,8485.665932571117,37150.54465405072,4402.660726880671,5048.0776439473875,12634.674530235487,5355.41531958023,5251.474479104015,27619.228074746985,0.0,0.0,0.0,0.0,0.0,0.0,0.000335468103310101,0.0010564763286872547,0.0009776601596292928,0.0010404812561495098,0.03740674617710889,0.00041583944721313126,0.0007773559595785434,0.00033775891506565656,0.0020345460491764714,0.0009246629995294116,0.006548161804070084,0.08672466676102997,0.00019383346865011147,0.0005982343467807775,0.0005621947251088131,0.0005846464560440174,0.021369424813641933,0.0002389773709051527,0.0004399031814621725,0.00019628300213164296,0.0011769856183570702,0.0005265463785939645,0.0037431276940881994,0.04956773867520157
2026-09-13 13:17:13.625999928,3100.2217333889444,9589.6925817,9000.195732596894,9409.795122924212,342140.6128626296,3818.1231556826096,7044.185807946167,3150.1515381465842,18874.200231000665,8416.124992262185,59969.83725872557,794060.7674156959,0.0017996860233817401,0.0016079964712329947,0.0019278556867356592,0.00041057463310033797,0.0016443143998262739,0.0019644385961162052,7328.552705478513,13826.686546333245,22267.122426306134,9795.913550135712,8176.40368544905,37178.89737790733,4433.2640745963345,4930.346811210445,12749.732310387157,5391.567803519192,5060.083159787747,27622.221036020564,0.0,0.0,0.0,0.0,0.0,0.0,0.0003381466247058824,0.0010650595285161906,0.000984847618452941,0.0010305450435896299,0.03767082070717381,0.0004158995802205882,0.000782677347288889,0.0003420142703529412,0.0020563776725400005,0.000928948036909524,0.006579002064664469,0.08737418444657366,0.00019496950012201582,0.0006030851112491332,0.0005660123094055379,0.0005917715599527892,0.02151684298669426,0.00024011752290181745,0.0004430010185886144,0.00019810953006566294,0.0011869774811940417,0.0005292807495133773,0.0037714364320487414,0.04993759937303154
2026-09-13 13:17:28.625999928,3122.110354817516,9657.24405312857,9063.986661168323,9431.343568202537,344487.7555441857,3845.0804056826096,7092.736474612833,3172.3926810037274,19004.338751834,8475.270505759838,60358.27210131409,799633.7033313075,0.0018123141721165207,0.001619282480433992,0.001941312946949421,0.0004133276899791214,0.001655848137324319,0.0019782984205908363,7379.142574009807,13922.023722325122,22388.81760749156,9861.598823917782,8232.798077280568,37499.746031855626,4463.867422312,4964.342327060625,12864.790090538827,5427.720287458156,5094.983627449461,27856.85458441769,0.0,0.0,0.0,0.0,0.0,0.0,0.00034058093843137254,0.0010725652475638097,0.0009919375253156862,0.001043126202848889,0.03793237350280873,0.0004188936365931373,0.0007880718658074075,0.00034447642721568625,0.002070771427301905,0.0009355299535761907,0.006630707806292231,0.08798148956588583,0.0001963460512029682,0.0006073333482300857,0.0005700240500245857,0.0005931267177336261,0.02166445218200101,0.0002418128344018174,0.00044605431607009597,0.00019950825082756772,0.0011951617481708934,0.0005330003451400074,0.0037958646677048635,0.05028807512061333
2026-09-13 13:17:43.625999928,3140.8008261645873,9716.179779549293,9120.402509383903,9544.055930174367,346794.13062028814,3862.0893262374243,7140.994144581737,3201.021744432193,19152.97266427078,8522.003669648519,60791.250915476325,804992.2132288192,0.0018249423208513006,0.0016305684896349892,0.001954770207163182,0.00041608074685790477,0.001667381874822364,0.0019909961512635907,7429.732442541099,14017.360898316996,22510.512788676984,9927.28409769985,8289.192469112088,37026.6854929597,4494.470770027663,4998.337842910806,12979.847870690495,5463.872771397118,5129.884095111177,27554.40773285144,0.0,0.0,0.0,0.0,0.0,0.0,0.0003430152521568628,0.0010800709666114285,0.0009990274321784313,0.0010557073621081483,0.038193926298443655,0.00042188769296568627,0.0007934663843259262,0.0003469385840784314,0.0020851651820638097,0.0009421118702428572,0.006682413547919994,0.088588794685198,0.00019752147417879514,0.0006110397505805443,0.0005735719800345876,0.0006002150729420768,0.02180949754789812,0.0002428825065167091,0.00044908918731480696,0.00020130870081651341,0.0012045091697752512,0.000535939341891229,0.003823094224239955,0.05062506585416796
2026-09-13 13:17:58.625999928,3162.6672134885303,9783.6709908169,9184.141988257143,9566.849689909128,349157.549500282,3888.9773544064383,7189.542815814613,3223.307392319517,19283.237410846123,8581.06303380377,61174.707108136965,810511.3436234582,0.001837839772101942,0.001641854498835987,0.001968227467376944,0.00041758723390941714,0.0016789156123204092,0.002004828935837766,7268.695136593962,14112.69807430887,22632.207969862407,9537.616422512405,8345.586860943607,37330.286870993645,4398.647432731737,5032.333358760986,13094.905650842165,5249.403780745021,5164.784562772891,27777.373561897137,0.0,0.0,0.0,0.0,0.0,0.0,0.00034544956588235297,0.001087576685659048,0.0010061173390411766,0.0010682885213674075,0.03845547909407858,0.00042488174933823534,0.0007988609028444446,0.00034940074094117656,0.0020995589368257147,0.0009486937869095238,0.006734119289547757,0.08919609980451017,0.000198896626981612,0.0006152841978669295,0.0005775804850392825,0.0006016485471653962,0.021958130335239953,0.00024457346473267155,0.0004521423593056745,0.00020271022045031627,0.0012127013749487672,0.000539653519681437,0.003847209358133946,0.050972157832319696
2026-09-13 13:18:13.625999928,3180.276660896127,9843.439404854165,9254.748300326626,9679.003445861508,351513.7155490629,3908.750055813224,7238.146281795484,3249.7146052106027,19435.509285912514,8647.40990833531,61650.48728142434,816135.1668198251,0.0018504697774279332,0.0016509421325978505,0.0019816847275907056,0.0004203317786614204,0.0016904493498184543,0.001997551781011965,7317.862819929077,13811.901747326461,22753.903151047834,9600.301325146916,8401.981252775127,37289.03865812264,4428.401233105969,4927.325408087256,13209.963430993834,5283.90489195647,5199.685030434607,27727.139923723407,0.0,0.0,0.0,0.0,0.0,0.0,0.0003470914985647619,0.0010932544673064816,0.001012026930601905,0.001060461048062593,0.03870887893374898,0.0004257840090247619,0.0008042285035289291,0.0003533743642933334,0.002119457697745371,0.0009521091397296296,0.006760859373207619,0.08985437536933161,0.00020000406556302307,0.0006190429670163842,0.0005820208375538744,0.000608701772261957,0.022106307000085507,0.0002458169479544761,0.0004551989772773604,0.000204370940727689,0.0012222775839807202,0.000543826000901976,0.003877130644587353,0.051325833824446776
2026-09-13 13:18:28.625999928,3202.113848396127,9910.877342354164,9318.535196159959,9697.270367445768,353863.68752422655,3935.5892641465575,7286.695322336025,3272.0285843772695,19565.92218456116,8706.519168239049,62029.41115183762,821690.2318725949,0.0018630997827539242,0.001662213093173398,0.001995933659159418,0.00042307632341342374,0.001700083813675207,0.0020202277565379554,7367.030503264193,13904.603653590599,22107.070749896113,9662.986227781428,8132.241024300561,37039.73707119612,4458.155033480202,4960.396339698959,12597.26329038569,5318.406003167918,5032.752471802444,27506.067476204495,0.0,0.0,0.0,0.0,0.0,0.0,0.0003495202676123809,0.0011007475714731483,0.0010191085782209524,0.0010729168249144446,0.038970375697950685,0.000428763428072381,0.0008096228413667667,0.0003558470976266667,0.002133889445430556,0.0009586692045444443,0.006812415556276402,0.09046202988766244,0.00020137738202135642,0.0006232840639747173,0.000586032324558504,0.0006098505586638116,0.02225409412652358,0.00024750483594521686,0.0004582521724935767,0.00020577424208417046,0.0012304791062735126,0.0005475433165803668,0.003900960745771121,0.05167518569332097
2026-09-13 13:18:43.625999928,3218.9409306296798,9972.541914328767,9379.212908902286,9808.76437647441,356195.07296364213,3953.2077089547947,7331.655303869694,3297.110958987671,19695.067152311207,8773.371008737404,62486.73034004273,827041.8654603779,0.0018757297880799154,0.0016734840537489454,0.0020094081108339955,0.000425820868165427,0.0017116046448457734,0.0020399536250773277,7416.1981865993075,13997.305559854736,22213.01790939342,9725.671130415938,8186.4608799327225,36525.88804064181,4487.908833854434,4993.467271310663,12697.408522590144,5352.907114379366,5066.3071969560815,27166.910099342247,0.0,0.0,0.0,0.0,0.0,0.0,0.00035194903666,0.0011082406756398146,0.00102619022584,0.0010853726017662963,0.03923187246215238,0.00043174284712,0.0008150171792046045,0.00035831983096000004,0.002148321193115741,0.0009652292693592591,0.006863971739345186,0.09106968440599328,0.00020243561852626652,0.0006271620803900091,0.0005898482784931881,0.0006168622930093905,0.02240071236638016,0.0002486128403631571,0.00046107965577669394,0.00020735164475411348,0.0012386008898009047,0.0005517475545494855,0.003929721041384909,0.05201174398339709
2026-09-13 13:18:58.625999928,3240.744211451598,10039.940571863011,9442.978751368039,9822.780538908342,358546.2666485989,3979.9844966260275,7380.180563869693,3319.4437192616438,19825.47171231121,8832.532565764433,62862.27548608184,832476.3698123235,0.001888359793405907,0.0016847550143244932,0.0020228825625085724,0.00042856541291743034,0.0017231254760163392,0.0020537020845331085,7465.365869934422,14090.007466118874,22318.96506889073,9788.356033050452,8240.680735564887,36809.72956513866,4517.662634228666,5026.538202922367,12797.553754794597,5387.408225590816,5099.86192210972,27375.71288370385,0.0,0.0,0.0,0.0,0.0,0.0,0.00035437780570761907,0.0011157337798064814,0.0010332718734590476,0.0010978283786181482,0.03949336922635408,0.000434722266167619,0.0008204115170424424,0.0003607925642933334,0.0021627529408009263,0.0009717893341740742,0.006915527922413969,0.09167733892432411,0.00020380680263128937,0.0006314007070749404,0.0005938584414749233,0.0006177437538913468,0.022548576324789658,0.0002502968027878146,0.00046413135546113845,0.00020875612723356555,0.0012468018876853493,0.0005554681591358521,0.0039533386583469245,0.05235351392375278
2026-09-13 13:19:13.625999928,3257.755453385783,10101.476460952701,9515.138128204053,9933.53149660517,360902.96090968687,4001.54162211518,7425.0169034526325,3344.61578848993,19972.36310574474,8899.36554840494,63336.626577665105,838193.8445185961,0.0019009897987318982,0.0016974789442771015,0.00203635701418315,0.0004313099576694336,0.0017346463071869053,0.0020674505439888893,7514.533553269537,13793.635655595112,22424.912228388042,9851.040935684963,8294.900591197049,37093.57108963551,4547.416434602899,4920.809073150848,12897.698986999052,5421.909336802264,5133.416647263356,27584.51566806545,0.0,0.0,0.0,0.0,0.0,0.0,0.00035576555579351854,0.0011219257675576574,0.0010407919435472225,0.0010887400456396398,0.03975193518500697,0.00043589388602129634,0.0008249918319951873,0.0003640590790787038,0.0021796982892180183,0.0009800484830495497,0.006948436260130007,0.09228895874326155,0.00020487662073515034,0.000635270630766581,0.0005983964645070548,0.0006247087585642806,0.022696786208320305,0.00025165250645746575,0.0004669510630393544,0.00021033917069836666,0.0012560397242057245,0.000559671211155244,0.003983170071439827,0.052713079555280595
2026-09-13 13:19:28.625999928,3279.5267371695672,10168.835765006756,9578.960351177027,9949.668655160667,363264.34243279987,4028.2835613043694,7473.518041610527,3366.9675520034434,20102.875757060527,8958.578227878626,63713.37234026232,843662.0457306448,0.0018685274465811968,0.0017087595858421764,0.0020498314658577267,0.0004282218437817388,0.001746167138357471,0.00208119900344467,7388.160000000001,13883.814282116118,22530.85938788535,9634.927856286187,8349.120446829214,37377.41261413236,4470.941538461539,4952.979837601108,12997.844219203507,5261.33845744791,5166.971372416995,27793.318452427047,0.0,0.0,0.0,0.0,0.0,0.0,0.00035818723866388894,0.0011294101346747748,0.0010478765754916668,0.0011010396074742014,0.04001341253292068,0.00043886099944722226,0.0008303808473460645,0.00036653721565277787,0.002194146919848649,0.0009866199582747748,0.006999853541587601,0.09289664136132698,0.0002062457925819972,0.0006395067825548692,0.0006024101731962442,0.0006257236065356596,0.022845290868551634,0.0002533342772998081,0.0004700012457279508,0.00021174484827043874,0.0012642475198329174,0.000563395030775478,0.004006863193843163,0.053056968653727214
2026-09-13 13:19:43.625999928,3305.9273901154593,10227.82737524,9652.291874926053,10059.730665160669,365622.07486867654,4051.4117541886126,7519.441331410527,3386.827827013189,20225.022042655914,9030.02079954443,64207.09103615612,849294.1988695362,0.0018685274465811968,0.0017200402274072518,0.002063305917532304,0.00043092965468963,0.0017574495411679391,0.0020915301984884105,7388.160000000001,13973.99290863713,22636.806547382657,9695.853199364421,8140.0477601640705,37510.07579039706,4470.941538461539,4985.150602051369,13097.98945140796,5294.607917827063,5036.865050054441,27865.529947445582,0.0,0.0,0.0,0.0,0.0,0.0,0.0003606089215342593,0.001136894501791892,0.0010549612074361113,0.0011133391693087635,0.040274889880834386,0.0004418281128731482,0.0008357698626969418,0.00036901535222685195,0.002208595550479279,0.0009931914335000005,0.007051270823045193,0.09350432397939243,0.00020790610031170553,0.0006432166993762044,0.0006070219112453496,0.0006326452840534375,0.02299356604174121,0.00025478878365230607,0.00047288931039759526,0.00021299383889882942,0.001271929164015916,0.0005678879747269052,0.004037912614051595,0.053411168506684155
2026-09-13 13:19:58.625999928,3327.729230115459,10295.13125524,9716.177114926053,10076.193366551264,367996.7296537316,4078.1298941886125,7567.925831410528,3409.163187013189,20355.480627071498,9089.313907370815,64589.11809057588,854820.3720875041,0.0019362116652646972,0.0017313208689723272,0.0020767803692068815,0.00043363746559752127,0.0017689688053631391,0.0020829228509703264,7275.188680231265,14064.171535158142,22742.75370687997,9756.778542442657,8192.5744160725,36946.54026523325,4401.873035816295,5017.32136650163,13198.134683612414,5327.877378206218,5069.367276716569,27489.56339806782,0.0,0.0,0.0,0.0,0.0,0.0,0.0003630306044046296,0.0011443788689090087,0.0010620458393805557,0.0011256387311433251,0.04053636722874809,0.0004447952262990741,0.0008411588780478189,0.000371493488800926,0.0022230441811099096,0.0009997629087252255,0.007102688104502788,0.09411200659745783,0.00020927719380503887,0.0006474493656073155,0.0006110395830053495,0.0006336806050520016,0.02314290544266801,0.00025646905779008386,0.0004759384467309287,0.00021439848487216274,0.0012801335594358296,0.0005716168523968757,0.0040619378710295495,0.053758703400169694
2026-09-13 13:20:13.625999928,3352.306036339474,10359.648181973685,9787.25656595921,10185.581982867054,370384.1569941457,4093.717534605263,7619.6115129643695,3429.2802370105264,20472.412920856106,9170.529503209827,65076.77209377108,860947.4484419668,0.0019488242376455402,0.001740865396261214,0.0020848873062743575,0.0004363452765054124,0.0017804880695583391,0.0021120495132809533,7321.861777835464,13756.454049911454,24939.40145867324,9817.70388552089,8245.101071980933,38146.75305021028,4430.11272263022,4909.03846413113,12569.369382080895,5361.146838585372,5101.869503378699,27130.254070544404,0.0,0.0,0.0,0.0,0.0,0.0,0.00036543148827567574,0.0011506120850350878,0.0010711614185513513,0.0011167436255902048,0.04080279241148448,0.0004467986464621622,0.0008466133581194332,0.00037402918847027027,0.00223858762201579,0.0010085775424754388,0.007140523855662273,0.09476709049747806,0.00021082280184090465,0.0006515067634441227,0.0006155096907036569,0.0006405599335891947,0.023293048095409604,0.0002574493471762865,0.0004791889018153148,0.00021566362379421753,0.0012874873014671728,0.0005767244109796401,0.004092605889452714,0.05414402842423924
2026-09-13 13:20:28.625999928,3374.125963971052,10426.933839868421,9851.188875169735,10194.743903280421,372724.67855980486,4120.363258289473,7668.116416810523,3451.601184378947,20602.785209317648,9229.96490480823,65450.05676469385,866334.1350619359,0.001961436810026383,0.0017521347705612752,0.0020982605800483442,0.0004390530874133036,0.0017920073337535385,0.0021256989925297,7368.534875439663,13844.112385954231,25082.56738547617,9878.629228599124,8297.627727889361,38419.88020946741,4458.352409444145,4940.319646169352,12656.376179907711,5394.416298964526,5134.371730040827,27323.98852325401,0.0,0.0,0.0,0.0,0.0,0.0,0.00036785303332072077,0.0011580882692456141,0.0010782595086414415,0.0011288914132364036,0.04106430149830409,0.0004497593739396397,0.0008520027918801171,0.0003765077064882884,0.0022530434071035095,0.001015163687212281,0.007191843517903461,0.0953750823156292,0.00021219503284529057,0.0006557382837072807,0.0006195303225940077,0.0006411361165840797,0.02344024089609439,0.0002591250671324268,0.00048223932132386175,0.00021706736337316488,0.0012956862698304207,0.0005804622373468286,0.004116081347646301,0.05448279116056174
2026-09-13 13:20:43.625999928,3399.3813366682157,10479.462371240259,9921.473980379016,10303.332899783916,375067.37074903876,4135.699102613808,7714.992996822202,3472.103255518797,20708.204298840894,9293.233735110114,65893.28431078358,872346.1584926143,0.0019740493824072273,0.0017634041448613368,0.0021116338538223313,0.00044176089832119485,0.0018035265979487384,0.00213953281167024,7415.20797304386,13931.770721997003,25225.733312279095,9939.55457167736,8350.154383797792,38557.66295904201,4486.592096258069,4971.600828207574,12743.382977734525,5427.685759343681,5166.873956702957,27395.437823095534,0.0,0.0,0.0,0.0,0.0,0.0,0.0003702745783657658,0.0011655644534561405,0.0010853575987315315,0.0011410392008826024,0.04132581058512372,0.0004527201014171172,0.0008573922256408008,0.00037898622450630633,0.0022674991921912287,0.0010217498319491228,0.0072431631801446504,0.09598307413378036,0.00021378331517269,0.0006590417446802207,0.000623950474766058,0.0006479651579197439,0.02358757020488399,0.00026008952134215724,0.0004851873373557073,0.000218356715847071,0.001302315959238216,0.0005844411437858138,0.004143955435544834,0.05486088063409107
2026-09-13 13:20:58.625999928,3421.223362642241,10546.652806305194,9985.44732453486,10314.420787215386,377421.5674514373,4162.272187029392,7763.48765505005,3494.4125412330823,20838.41933681558,9352.693704925108,66267.93170214124,877857.6135086607,0.0019866619547880705,0.0017746735191613982,0.0021250071275963176,0.00044277365670465125,0.0018150458621439382,0.0021531834733434295,7461.88107064806,14019.429058039777,25368.89923908202,11542.059943119735,8402.681039706224,38829.941628627974,4514.831783071995,5002.882010245795,12830.389775561343,5265.6572904345685,5199.376183365087,27588.40565611698,0.0,0.0,0.0,0.0,0.0,0.0,0.0003726961234108108,0.001173040637666667,0.0010924556888216215,0.0011531869885288014,0.041587319671943325,0.00045568082889459454,0.0008627816594014844,0.00038146474252432434,0.002281954977278948,0.001028335976685965,0.007294482842385839,0.0965910659519315,0.00021515693591727872,0.0006632672764854154,0.0006279736872985256,0.0006486624628404342,0.02373562301972372,0.00026176067309540395,0.000488237112528703,0.00021975972203754716,0.0013105050382930684,0.0005881805152208457,0.004167516593712437,0.05520748991621132
2026-09-13 13:21:13.625999928,3447.622905820513,10608.736659673075,10057.25233970846,10422.261325676924,379771.12625149934,4176.995725426007,7811.84498596861,3518.6949446381946,20972.371100865257,9422.05159172729,66737.11341351106,883524.3839653196,0.0019992745271689132,0.0017859428934614595,0.0021383804013703042,0.0004454712067312688,0.001785957942386831,0.002166834135016619,7508.554168252259,14107.087394082548,25512.065165884946,11612.378679646448,8270.043127572018,39102.22029821394,4543.071469885921,5034.163192284015,12917.396573388158,5297.737730968648,5117.303045267491,27781.373489138423,0.0,0.0,0.0,0.0,0.0,0.0,0.00037582204627894736,0.001178289475368376,0.0011010912851798246,0.0011430363126444445,0.04184913266454979,0.000456144429658772,0.00086797270070906,0.0003835015622666667,0.0022922694428000006,0.0010378390960136753,0.007326648494497819,0.09732148096933835,0.00021681717385493444,0.0006671716610416622,0.0006324894249194431,0.0006554444344814599,0.023883384162038734,0.00026268662006567994,0.0004912782513398035,0.00022128681540724645,0.0013189291158988592,0.0005925423556575162,0.004197022910227473,0.05556386681381898
2026-09-13 13:21:28.625999928,3469.4938673589745,10675.89456351923,10121.27560893923,10453.060893846114,382119.89753120526,4203.4936677337,7860.338785968608,3541.0167715612715,21102.609463365254,9481.574184923493,67131.41281619782,888655.9692416902,0.002013318392820182,0.0017937506109354188,0.0021517536751442913,0.0004481687567578862,0.001785957942386831,0.002180427010819289,9934.037009846226,13777.596582034028,25655.23109268787,11682.69741617316,8270.043127572018,39052.398002762726,4407.879461216947,4916.583250239692,13004.403371214972,5329.818171502727,5117.303045267491,27742.061050518572,0.0,0.0,0.0,0.0,0.0,0.0,0.00037824813838421053,0.0011857514646846155,0.001108199300530702,0.0011550107015333335,0.042110644247348936,0.00045908903711491225,0.00087336090070906,0.0003859772289333334,0.0023066988359623937,0.00104444383105641,0.007377820129844198,0.09793025043803492,0.00021819261432501995,0.0006713951469946537,0.0006365157771844003,0.0006573813851018779,0.024031095778073573,0.00026435304621525265,0.0004943279725398035,0.00022269061030040887,0.0013271196618071925,0.0005962856654074106,0.004221819961551995,0.05588658651008851
2026-09-13 13:21:43.625999928,3497.0697159154815,10730.679780987342,10187.121207446835,10560.507844117361,384456.04990635184,4216.546691481208,7906.906827997532,3565.968191424537,21227.714071274684,9552.480948445174,67583.10697238501,893822.6994509284,0.0020259399640949124,0.001804998225414139,0.002165160967695715,0.00045086630678450374,0.0018459416164729233,0.00217880414872709,9995.405376957673,13862.688780108214,24909.246743430525,11753.016152699873,11082.735278860104,38251.384646825754,4435.109515291725,4946.948697020385,12550.784538040225,5361.898612036806,5052.646158353439,27232.989856286342,0.0,0.0,0.0,0.0,0.0,0.0,0.0003806742304894737,0.001193213454000855,0.0011153073158815788,0.0011669850904222222,0.04237215583014808,0.0004620336445710526,0.0008787491007090599,0.00038845289560000005,0.002321128229124787,0.0010510485660991454,0.007428991765190575,0.0985390199067315,0.00021992682880090693,0.0006748405284487595,0.0006406567337127675,0.0006641386044189362,0.02417801380522168,0.0002651739363753737,0.0004972565849607337,0.00022425977737180978,0.0013349873515934967,0.0006007449129799965,0.004250226505152212,0.056211516432136156
2026-09-13 13:21:58.625999928,3518.976437434469,10797.75985693671,10251.155998586075,10589.883186812156,386810.2646593948,4242.960438316651,7955.388809479013,3588.306514209347,21357.92092312654,9612.074668121099,67976.15284904999,899164.7401815834,0.0020385615353696435,0.0018162458398928594,0.0021785348175683266,0.0004535638568111213,0.001857438015555953,0.0022035273148430447,10056.773744069122,13947.780978182403,25038.064644090402,11823.334889226586,11150.72709078909,38256.56485129591,4462.339569366505,4977.314143801081,12629.067377791413,5393.979052570886,5083.643791942845,27185.88721816959,0.0,0.0,0.0,0.0,0.0,0.0,0.00038310032259473683,0.0012006754433170942,0.001122415331232456,0.0011789594793111112,0.04263366741294723,0.00046497825202719296,0.0008841373007090599,0.0003909285622666667,0.00233555762228718,0.0010576533011418803,0.007480163400536955,0.09914778937542808,0.00022130451817643434,0.0006790591198917974,0.0006446838105777465,0.0006659859870817422,0.024326067755246383,0.0002668350675652471,0.0005003055629072357,0.00022566460967138777,0.0013431759158321801,0.0006044926957951714,0.004274944723618032,0.056547471438086236
2026-09-13 13:22:13.625999928,3545.6423197344934,10898.532849206249,10320.363796644224,10696.909843277674,389173.052299999,4256.377025447532,8006.811094478049,3613.004462632563,21492.362303069916,9664.69341653922,68462.1363725424,904622.4305038665,0.002051183106644374,0.0018274934543715798,0.0021919086674409387,0.0004562614068377387,0.0018689344146389827,0.0022171375012421703,10118.14211118057,14032.873176256591,25166.882544750275,11893.653625753297,11218.718902718078,38512.374321095514,4489.569623441284,5007.679590581775,12707.3502175426,5426.0594931049645,5114.641425532251,27367.449198849958,0.0,0.0,0.0,0.0,0.0,0.0,0.0003866866140068377,0.0012104881373808335,0.0011306227400162394,0.001173556672210238,0.0428976836904807,0.00046510587211965823,0.0008896355559211383,0.0003939363004350428,0.0023499953335950007,0.0010666568677158332,0.007520683333366435,0.09969706051427914,0.0002229815058855248,0.0006853966214056375,0.0006490362121000699,0.0006727167745883514,0.024474660844644378,0.0002676788218225892,0.0005035394532749528,0.00022721783620555894,0.0013516307848375078,0.0006078018304179109,0.004305507687428776,0.056890699518354265
2026-09-13 13:22:28.625999928,3567.578507234494,10965.82223045625,10384.430765394225,10743.935621238643,391540.1310109753,4282.710387947532,8055.310905453659,3635.3574063825636,21622.594937216258,9724.244099014379,68864.71248689167,910060.6449898252,0.0020638046779191043,0.0018387410688502999,0.0022052825173135503,0.00044865390946501906,0.0018804308137220125,0.0022307476876412963,10179.510478292017,14117.965374330784,25295.70044541015,11695.344197530863,11286.710714647064,38768.18379089511,4516.799677516065,5038.045037362471,12785.633057293788,5335.58781893004,5145.639059121657,27549.011179530324,0.0,0.0,0.0,0.0,0.0,0.0,0.00038912000716923083,0.0012179647352975002,0.0011377376737769231,0.0011854421323292856,0.043159210425744915,0.00046803275246153856,0.0008950244238073173,0.0003964153153923078,0.0023644247794283335,0.0010732765114658334,0.007571812191455568,0.10030547333556979,0.00022436104834385812,0.0006896283758264707,0.0006530653125792368,0.0006756741735134523,0.02462352379469022,0.0002693348977309225,0.00050658955249853,0.00022862358800139232,0.0013598209704960445,0.0006115469066713486,0.004330825251953409,0.057232702784915664
2026-09-13 13:22:43.625999928,3595.222891884567,11063.85122362963,10441.30478638395,10850.826386053459,393887.74057991325,4296.007707979629,8104.6608493861895,3660.485678612345,21747.130558375608,9778.234484124434,69339.95080640129,915284.6319594638,0.002075058387344947,0.0018499886833290202,0.002218656367186162,0.00046239499720223873,0.0018904677511122113,0.002240570233183354,9878.27639108802,14203.057572404974,25424.51834607003,11493.342182116528,11051.351621027163,38314.31887915349,4383.137648203221,5068.410484143165,12863.915897044977,5243.4315322367775,5038.338271880038,27238.603991832773,0.0,0.0,0.0,0.0,0.0,0.0,0.00039155340033162397,0.0012254413332141668,0.0011448526075376068,0.0011973275924483334,0.04342073716100915,0.00047095963280341884,0.000900413291693496,0.0003988943303495727,0.002378854225261667,0.0010798961552158334,0.007622941049544702,0.10091388615686044,0.0002260995729785183,0.0006957933102860412,0.0006566420565659239,0.0006823964149451396,0.024771162352025655,0.0002701711514129411,0.0005096931156391758,0.0002302038771216208,0.0013676528773378437,0.0006149423020016031,0.004360712461824792,0.057561233521006276
2026-09-13 13:22:58.625999928,3617.19398447716,11131.329223629631,10505.327712309878,10891.466595753973,396263.98234464385,4322.261430201852,8153.165753000646,3682.855604538271,21877.32905837561,9837.751282684529,69737.09963688283,920693.2687111569,0.002087671620649174,0.001818103343253968,0.002232030217058774,0.0004650964009015366,0.0019019552596219564,0.002253424281170633,9937.470889975193,13961.833650793651,25553.3362467299,11560.488577029806,11117.536116373809,38436.81715264269,4409.403124726328,4982.328888888888,12942.198736796165,5274.06470392744,5068.511945412931,27301.559711516093,0.0,0.0,0.0,0.0,0.0,0.0,0.0003939867934940171,0.0012329179311308333,0.0011519675412982905,0.001209213052567381,0.043682263896273374,0.0004738865131452993,0.0009058021595796748,0.00040137334530683766,0.0023932836710950003,0.0010865157989658333,0.007674069907633835,0.10152229897815108,0.00022748131057934135,0.0007000369267304856,0.0006606683872408211,0.0006849522325774165,0.024920601556340936,0.0002718222188326942,0.0005127435351331516,0.00023161069690762898,0.0013758409163378438,0.0006186852473332714,0.004385688710497298,0.057901376676723855
2026-09-13 13:23:13.625999928,3642.959973653116,11217.344224756098,10566.23646991093,10998.108231867269,398631.55842836195,4335.162969195844,8205.921400697189,3709.4085282900633,22019.980983287292,9895.797468302013,70216.294394635,925877.8788897211,0.0021002848539534006,0.0018724894143677304,0.0022454040669313857,0.00046779780460083436,0.0019134427681317013,0.0022651199465634746,9996.665388862362,13794.077943026045,25682.15414738978,11627.634971943084,11183.720611720457,38554.61798619954,4435.668601249435,4923.2134037519745,13020.481576547354,5304.6978756181015,5098.685618945824,27357.481582314118,0.0,0.0,0.0,0.0,0.0,0.0,0.0003976027258525,0.0012459094095447158,0.0011588651942400002,0.0012070307724596748,0.04394609294792689,0.0004739130931225,0.0009117588831770035,0.0004044438604750001,0.002407710591179675,0.0010917335413186994,0.007714670534412819,0.102085776727991,0.00022910170500974037,0.0007054463145791057,0.000664498871329954,0.0006916588065818748,0.025069495785605873,0.0002726335822849831,0.000516061279199401,0.00023328058077913061,0.001384812137393401,0.0006223357074509932,0.004415824736373712,0.05822743105017579
2026-09-13 13:23:28.625999928,3664.9539980433597,11284.934590609755,10630.24059186215,11033.05062695911,400981.3633957582,4361.336103342186,8254.45147212576,3731.8037295095755,22150.25339400158,9955.305416236608,70607.08753417726,931272.539568135,0.0021128980872576267,0.0018837370619745955,0.002199983441358025,0.0004704992083001322,0.0019249302766414466,0.002277552191053176,10055.859887749537,13875.732843352684,25244.65935802469,11694.781366856361,11249.905107067103,38451.487493010936,4461.934077772543,4952.3566709881425,12754.615308641974,5335.331047308764,5128.859292478715,27347.891124218044,0.0,0.0,0.0,0.0,0.0,0.0,0.00040004337793583334,0.001253419450195122,0.00116597879424,0.0012188761533539838,0.0442076323300891,0.0004768221702058334,0.0009171511133357338,0.00040692650630833337,0.0024221400241065047,0.0010983446835951221,0.007765767460090326,0.10269392217248384,0.00023048488476583794,0.0007096969975872357,0.000668524019443775,0.0006938562949843173,0.025217272409111015,0.00027427958161018633,0.0005191132814692422,0.00023468899010026882,0.0013930048245560992,0.0006260780961766576,0.0044404012827049255,0.05856669526617382
2026-09-13 13:23:43.625999928,3692.9229320369077,11359.567300879517,10693.41550347135,11139.349614534412,403349.73106935696,4372.497750036379,8312.468601484707,3760.657137562268,22286.87223354588,10012.55942041281,71082.77186557074,936242.9974678594,0.002125511320561853,0.00189498470958146,0.0022708255196639505,0.00047320061199943004,0.001934582940250829,0.0022892035450382546,10115.054386636708,13957.38774367932,27748.29508258533,11761.927761769637,11022.790278140914,38053.12736822823,4488.19955429565,4981.499938224309,12545.245884580112,5365.964218999425,5025.317085703474,27075.55853572589,0.0,0.0,0.0,0.0,0.0,0.0,0.00040248403001916667,0.0012609294908455285,0.0011730923942400002,0.0012307215342482927,0.04446917171225132,0.0004797312472891667,0.0009225433434944639,0.00040940915214166673,0.002436569457033334,0.001104955825871545,0.007816864385767832,0.10330206761697668,0.00023224381994809887,0.0007143905658108673,0.0006724970194405315,0.0007005413202029418,0.025366216420584002,0.0002749815251689545,0.0005227619142711492,0.00023650354887336039,0.0014015966315763296,0.0006296787368837389,0.004470316541768115,0.058879281840756484
2026-09-13 13:23:58.625999928,3714.9526187838965,11427.19984304819,10757.414720338817,11175.88122454091,405703.42587105714,4398.5813584701145,8361.054183837647,3783.0908845502204,22417.181892369408,10072.05396053886,71483.40523420404,941605.5868363841,0.0021381872801167533,0.0019062323571883248,0.0022841795896448693,0.0004707868113687357,0.0019460595373483112,0.002302730249776367,9896.818242703544,14039.042644005955,27902.767022065484,11529.501028210734,11087.267579958494,38289.75915726544,4391.364942587971,5010.643205460477,12614.417535599823,5259.927728971847,5054.71244552507,27243.947008912728,0.0,0.0,0.0,0.0,0.0,0.0,0.0004049246821025,0.001268439531495935,0.00118020599424,0.001242566915142602,0.04473071109441354,0.00048264032437250005,0.0009279355736531941,0.000411891797975,0.0024509988899601635,0.0011115669681479676,0.00786796131144534,0.10391021306146951,0.0002336292424701872,0.0007186439012405862,0.0006765218590790855,0.0007028387525655727,0.02551423767144648,0.00027662189432156494,0.0005258174075613453,0.00023791438229504717,0.0014097916612312315,0.0006334202824072216,0.004495511929173275,0.059216529127710374
2026-09-13 13:24:13.625999928,3735.865974772088,11489.137902767856,10819.341845712894,11281.858883631818,408068.91817743675,4415.437078613683,8417.455420623804,3806.1034478479055,22546.657280208346,10130.606540792069,71944.01634290941,947090.9072854514,0.0021508008844677655,0.0019168382788182679,0.0022975336596257876,0.0004734596140583268,0.001957536134445794,0.0023146737948418336,9954.404632786891,13734.96889541162,28057.23896154564,11594.95758012274,11151.744881776069,38382.4890955933,4416.916877399812,4905.097724987547,12683.589186619534,5289.789969462775,5084.107805346664,27282.31858776851,0.0,0.0,0.0,0.0,0.0,0.0,0.0004084675996341463,0.0012761086944325399,0.0011868747765691058,0.001238561780182639,0.04499304738072791,0.0004823886838853658,0.0009352625505542637,0.0004155842752747968,0.002467688026379365,0.0011177676479055558,0.007905968834125516,0.10441183349013189,0.0002349444601912224,0.0007225391169962896,0.0006804163871859441,0.0007095035697928453,0.025663000854269907,0.000277681931832816,0.0005293644186747859,0.00023936161683132379,0.0014179342245108802,0.0006371025891209233,0.004524479250009635,0.05956149483595171
2026-09-13 13:24:28.625999928,3757.8890997720882,11556.736742053572,10883.328863570037,11297.50485088,410407.9870491549,4441.46631075654,8466.086205507523,3828.540626419334,22676.962158115322,10190.095541476063,72323.42671088234,952418.4330469507,0.0021634144888187778,0.0019280821534484942,0.0023108877296067064,0.0004761324167479178,0.0019690127315432765,0.0023282686554893443,10011.99102287024,13814.401042760543,28211.710901025795,11660.414132034743,11216.222183593647,38474.4875178884,4442.468812211654,4933.464913018255,12752.760837639244,5319.652209953703,5113.503165168259,27316.91487974771,0.0,0.0,0.0,0.0,0.0,0.0,0.0004109148557317073,0.001283619676575397,0.0011939857115284554,0.0012503346152520833,0.04525459115970539,0.0004852788241292684,0.0009406659710968993,0.0004180741695837399,0.0024821308398714284,0.001124376360207143,0.00795700578838776,0.10501935668572988,0.00023632947005233353,0.0007267903328891467,0.0006844404596422934,0.0007104875272886754,0.025810102296646847,0.0002793188813209113,0.0005324227547019176,0.00024077266606148254,0.0014261289534992522,0.00064084378627505,0.004548339946484377,0.059896537011619344
2026-09-13 13:24:43.625999928,3774.8324963247064,11620.34129154706,10944.07011618,11402.86005088,412765.4637307271,4461.292337592605,8522.36892454948,3849.874761338488,22789.40788313478,10248.601755465415,72777.67689248284,957768.1108359059,0.0021760280931697896,0.0019393260280787209,0.0023249987027994445,0.00047880521943750886,0.001980489328640759,0.0023417864950697254,10069.577412953588,13893.833190109464,27662.12020654163,11725.870683946747,11280.699485411227,38709.4619339146,4468.020747023496,4961.8321010489635,12506.65726795225,5349.514450444632,5142.898524989855,27483.788029728257,0.0,0.0,0.0,0.0,0.0,0.0,0.0004133621118292683,0.0012911306587182541,0.001201096646487805,0.0012621074503215276,0.045516134938682874,0.00048816896437317087,0.0009460693916395349,0.00042056406389268304,0.002496573653363492,0.00113098507250873,0.008008042742650002,0.10562687988132789,0.00023739502143553152,0.0007307903523350704,0.0006882604095286533,0.0007171131987553421,0.02595836138573239,0.00028056571811971266,0.0005359623123661118,0.00024211434610195377,0.0014332005402060315,0.0006445231770659361,0.004576907235682809,0.0602329723036803
2026-09-13 13:24:58.625999928,3796.8260433835294,11687.916768017647,11008.03821618,11431.56978048146,415114.127194854,4487.285449357311,8571.04345903224,3872.3055319267232,22919.61053830719,10308.085048969826,73170.32680589422,963047.1216122049,0.0021886416975208014,0.0019505699027089474,0.0023383634258468096,0.0004767705914881944,0.0019919659257382418,0.002354856626306819,10127.163803036936,13973.265337458382,27807.230042660758,11498.153853098567,11345.176787228806,38672.473888460234,4493.572681835338,4990.19928907967,12571.636622632066,5245.09752080215,5172.293884811451,27507.28465432693,0.0,0.0,0.0,0.0,0.0,0.0,0.00041580936792682925,0.0012986416408611113,0.0012082075814471545,0.001273880285390972,0.04577767871766036,0.0004910591046170733,0.0009514728121821706,0.0004230539582016261,0.002511016466855556,0.0011375937848103178,0.008059079696912247,0.10623440307692589,0.00023877817117278638,0.0007350400989664431,0.0006922832922619867,0.0007189187217502785,0.02610606622136526,0.00028220039603735973,0.0005390233997569163,0.00024352499234116942,0.0014413888405202075,0.0006482640153018802,0.004601600552459569,0.060564963425834215
2026-09-13 13:25:13.625999928,3813.3520073993163,11744.560831255814,11065.861651423254,11536.495035630964,417466.90337386844,4511.21330193721,8624.8208604953,3895.493775433926,23054.607426275623,10369.871367096977,73625.34155823484,968677.4505377465,0.0022012553018718136,0.0019618137773391737,0.002351728148894174,0.000479417643079467,0.002001576780139479,0.0023567482509801057,10184.750193120282,14052.697484807304,27952.339878779887,11561.992116189705,11053.772234676266,38552.609779549624,4519.124616647179,5018.566477110378,12636.615977311882,5274.218536205976,5039.441835571425,27433.702267257962,0.0,0.0,0.0,0.0,0.0,0.0,0.0004175641489087302,0.001304489657972093,0.0012147209407769842,0.0012668530657427269,0.04603712001351019,0.0004922429812134921,0.0009583030542467408,0.00042549782535000004,0.0025235241058744187,0.0011439936673736436,0.008092727920908413,0.10678831686126661,0.000239817470687557,0.0007386023811656434,0.0006959197438561734,0.0007255173544630139,0.026254029701067726,0.0002837051920996067,0.0005424054007822598,0.0002449832752106224,0.0014498786448080001,0.0006521496881974322,0.004630215924662324,0.060919048556040495
2026-09-13 13:25:28.625999928,3835.314082980711,11812.073110325582,11129.794302586046,11563.65084370383,419812.55389515514,4537.194540309302,8673.524241177116,3917.928926596717,23184.83727286653,10429.367894918296,74017.40696167052,974018.0866172826,0.0021665708611111113,0.0019730576519694006,0.002365092871941539,0.0004820646946707396,0.0020130426643261267,0.0023776831196762635,10026.401185185186,14132.12963215622,28097.449714899023,11625.830379280846,11116.239511105596,38037.667992040035,4448.8628148148155,5046.933665141085,12701.595331991697,5303.3395516098035,5067.920819895403,27052.415810599898,0.0,0.0,0.0,0.0,0.0,0.0,0.00042000735327380953,0.0013119910223131786,0.0012218283792690477,0.0012785086377901504,0.04629865193643126,0.0004951231379595239,0.0009637145409891652,0.0004279874503500001,0.002537955729905426,0.0011506011712496126,0.008143659874749638,0.10739553825185857,0.0002411986412185647,0.0007428481533826975,0.0006999403972515223,0.0007272251530595963,0.026401545056073086,0.00028533912331278496,0.0005454683022784719,0.0002463941969393046,0.001458068655160273,0.0006558913587248617,0.004654872482256167,0.06125491522504243
2026-09-13 13:25:43.625999928,3852.1877092135255,11863.03491203448,11196.634998953758,11668.128355198085,422173.0894593764,4559.166495110986,8734.087200818998,3938.366154515905,23296.33416275138,10498.865977604437,74476.1391671373,979140.952063882,0.0022250462826452996,0.001945240518518519,0.002378457594988904,0.00048471174626201223,0.0020245085485127738,0.002391167277783489,9905.656106616143,13935.616000000002,28242.559551018156,11689.668642371986,11178.706787534931,38259.7205822591,4395.28643379872,4976.753777777779,12766.574686671513,5332.460567013631,5096.399804219383,27210.533986808383,0.0,0.0,0.0,0.0,0.0,0.0,0.0004224505576388889,0.0013194923866542637,0.001228935817761111,0.0012901642098375743,0.04656018385935233,0.0004980032947055555,0.0009691260277315894,0.00043047707534999997,0.002552387353936434,0.0011572086751255818,0.008194591828590865,0.10800275964245054,0.0002422598048238728,0.0007460530844679462,0.0007041439343786473,0.0007337956276713461,0.026549996514889672,0.0002867209151369797,0.0005492770395181725,0.00024767947149511134,0.0014650805706796976,0.000660262015924901,0.004683721640955523,0.06157708654090636
2026-09-13 13:25:58.625999928,3874.120829903181,11930.452601689654,11260.584309298585,11695.733384765665,424541.6246864531,4585.124926145469,8782.856869358327,3960.7899476193534,23426.459179605314,10558.419313916998,74867.43292509607,984539.6755241193,0.0022376517290268435,0.0019939469442726895,0.002391822318036269,0.00048735879785328487,0.0020359744326994213,0.0024021391945535588,9961.032638691158,13739.996449675073,28387.669387137285,11753.506905463126,11241.174063964265,38330.39584617184,4419.8578218582725,4906.893189190465,12831.554041351326,5361.581582417458,5124.878788543363,27228.602658383905,0.0,0.0,0.0,0.0,0.0,0.0,0.00042489376200396825,0.001326993750995349,0.0012360432562531745,0.0013018197818849978,0.046821715782273406,0.0005008834514515874,0.0009745375144740138,0.00043296670035000007,0.0025668189779674416,0.0011638161790015502,0.008245523782432092,0.1086099810330425,0.0002436391544139111,0.000750292908061816,0.0007081656354514443,0.0007355316773085961,0.026698951063614713,0.00028835341202203724,0.0005523441097840903,0.00024908967892806153,0.0014732639884062896,0.0006640072590752245,0.004708329670622707,0.061916606260739054
2026-09-13 13:26:13.625999928,3890.0526262518806,11998.578665420453,11325.171415495728,11799.773389372542,426892.63537846185,4613.9726225666145,8838.591952247692,3982.0535175054074,23565.631460263747,10624.98265283019,75344.69621407571,990077.3111207095,0.0022502571754083873,0.002005181792397213,0.0024048656029069925,0.0004900058494445574,0.0020465757486647007,0.0024156091602279017,10016.409170766174,13816.358051745496,27610.783112759884,11817.345168554264,11023.820101848663,38551.60752523185,4444.429209917824,4934.163809418602,12483.668810971732,5390.702597821284,5025.786584854163,27385.942850239382,0.0,0.0,0.0,0.0,0.0,0.0,0.00042615109677906983,0.001332714509110606,0.0012427818068604653,0.0012961059378166669,0.04708623736371521,0.0005031141824767443,0.0009820554391373737,0.000435330059111628,0.0025798489649734857,0.0011718073997969696,0.008282509585527472,0.10917614280371686,0.0002446410873842849,0.0007545772805142196,0.0007122274467967313,0.0007420746375983176,0.026846803513801042,0.00029016761159696706,0.0005558492272191326,0.00025042692121200673,0.0014820163785010311,0.0006681933535002097,0.004738344228574094,0.06226486201048016
2026-09-13 13:26:28.625999928,3911.951978524608,12066.000358602272,11389.124375723004,11838.093733477528,429263.43280580285,4639.947338475706,8887.40011891436,4004.470795914498,23695.80661026375,10684.575358073636,75727.45983758739,995467.5597419273,0.002262862621789931,0.002016416640521736,0.00241822615415599,0.0004937179279990303,0.002058036780043145,0.002419566874950251,10071.785702841189,13892.719653815915,27744.353788688924,13391.554884459541,11084.74736749354,38604.70020091801,4469.000597977376,4961.434429646736,12543.480995714952,5245.721689841133,5053.563474489592,27454.651991974253,0.0,0.0,0.0,0.0,0.0,0.0,0.0004285875211976745,0.0013402058083530305,0.0012498871363178295,0.0013076632446348483,0.04734778601577749,0.0005059906262751939,0.0009874785687670033,0.00043781896221240315,0.0025942726676250003,0.0011784227255545454,0.008333367348594188,0.10978313827686502,0.00024601831331610307,0.0007588173558854318,0.0007162493774065798,0.00074448456146092,0.026995900329787152,0.0002918011326196943,0.0005589187185895029,0.0002518367189430673,0.0014902029490454756,0.0006719410725188531,0.004762415807563829,0.06260384875710341
2026-09-13 13:26:43.625999928,3929.1722529761996,12147.479032955052,11457.091451149132,11941.838031230338,431623.3538615469,4671.811806138202,8938.759325641027,4023.6158674700714,23814.91004612674,10741.597392446824,76220.20687718943,1000841.1494722235,0.002275468068171475,0.002027651488646259,0.0024315867054049882,0.0004963707079833139,0.0020694978114215896,0.002437833776071042,10127.162234916204,13969.081255886338,27877.924464617965,13463.508619054326,11145.67463313842,38416.233442079545,4493.571986036927,4988.705049874873,12603.293180458171,5273.907309023186,5081.340364125022,27347.60981358436,0.0,0.0,0.0,0.0,0.0,0.0,0.0004310239456162791,0.0013476971075954544,0.0012569924657751938,0.0013192205514530302,0.04760933466783979,0.0005088670700736435,0.000992901698396633,0.00044030786531317834,0.002608696370276516,0.0011850380513121215,0.0083842251116609,0.11039013375001316,0.0002471012772427254,0.0007639414591836176,0.0007205237512611565,0.0007510089250751523,0.027144313142848393,0.0002938050535860247,0.0005621486420347579,0.0002530407312208956,0.0014976932317897484,0.0006755271249027668,0.004793404121387689,0.06294178784458648
2026-09-13 13:26:58.625999928,3951.0455732009186,12214.979268910112,11521.066872497448,11971.851815023418,433999.91733193473,4697.819328610111,8987.581441025644,4046.014946121756,23945.024612060806,10801.175825047556,76595.09207893824,1006236.4212035261,0.0022880735145530194,0.002038886336770783,0.0024449472566539865,0.0004990234879675976,0.002080958842800034,0.002430973555102775,10182.53876699122,14045.44285795676,28011.495140547006,13535.46235364911,11206.601898783298,38150.67488409669,4518.143374096479,5015.975670103009,12663.10536520139,5302.092928205239,5109.117253760451,27123.688767836145,0.0,0.0,0.0,0.0,0.0,0.0,0.00043346037003488385,0.0013551884068378787,0.0012640977952325582,0.0013307778582712121,0.04787088331990208,0.0005117435138720931,0.0009983248280262627,0.0004427967684139536,0.0026231200729280313,0.0011916533770696968,0.008435082874727615,0.11099712922316135,0.0002484768660479689,0.0007681864740225692,0.0007245470944259504,0.0007528964585892504,0.027293772578875008,0.0002954406377770359,0.0005652190106245015,0.00025444938438943485,0.0015058759922696014,0.0006792739463307684,0.00481698023518656,0.06328109048902174
2026-09-13 13:27:13.625999928,3967.7631324564036,12303.498824316666,11571.430723238876,12075.195679125982,436382.291350377,4731.408679667889,9044.552622305593,4066.444324670786,24084.270294191785,10867.767680322904,77086.52255702441,1011777.9994642001,0.0022501567249103944,0.002050178977027777,0.0024583078079029844,0.000501676267951881,0.0020924198741784786,0.0024541338154761257,10015.96788530466,13702.88099456382,28145.06581647605,13607.416088243894,11267.529164428173,38203.80274049991,4444.2334050179215,4893.638340503557,12722.91754994461,5330.278547387291,5136.894143395878,27148.130811926265,0.0,0.0,0.0,0.0,0.0,0.0,0.0004346969245916667,0.00136659309880963,0.0012717286838750002,0.0013267095066610917,0.04813953626741174,0.0005156387442416667,0.001004939919509984,0.0004447994888833334,0.0026374703536674077,0.0011987799846977778,0.008476637266657368,0.11159891565740956,0.0002495282147744805,0.0007737533705070258,0.0007277144210392448,0.000759395639376145,0.027443597433812597,0.0002975530347435584,0.000568801864913885,0.00025573416530707383,0.0015146329985013941,0.0006834618341180848,0.004847885751919534,0.06362959418852636
2026-09-13 13:27:28.625999928,3989.6080824564046,12371.11520765,11635.331023238878,12100.159169069617,438726.1780791266,4757.457963001224,9093.418807088201,4088.8325746707865,24214.434359409177,10927.384637441872,77456.75019502771,1017056.7575630696,0.00230902865903946,0.0020614141425436064,0.0024716683591519822,0.0005043290479361647,0.002103880905556923,0.0024776266263189907,9861.420449690606,13776.97922239263,28278.636492405094,13679.36982283868,11328.456430073053,38185.62612213961,4375.658417170409,4920.10065370691,12782.72973468783,5358.464166569344,5164.671033031307,27142.925071543814,0.0,0.0,0.0,0.0,0.0,0.0,0.00043712664239469693,0.0013741060302911114,0.0012788369509204546,0.001338189990774152,0.04840112317316859,0.0005185208824992425,0.0010103694955969408,0.00044728567448939393,0.0026518936518155557,0.0012053981365496298,0.008527425566954197,0.11220588516441439,0.00025090201940781385,0.0007780056897255443,0.0007317330399059115,0.0007609655655214891,0.027591001865865068,0.0002991912452287436,0.0005718750049791023,0.00025714213747374053,0.001522818871936177,0.0006872110783102332,0.00487116895670952,0.06396156942007748
2026-09-13 13:27:43.625999928,4007.517434563369,12462.438760434065,11690.362204901832,12203.044405608078,441071.06524404965,4788.497832268864,9139.034350093503,4108.059443811721,24333.252448267413,10974.265579755325,77946.88898505275,1022541.4696778929,0.0023216108565891048,0.0020726493080594354,0.0024822647879371024,0.0005087992139672103,0.002072553728298611,0.0024910487623852375,9914.46441800711,13851.077450221444,27557.102879608632,13376.495728620863,11161.920000000002,38395.09527302673,4399.194812117601,4946.5629669102655,12459.631109582788,5239.822737770577,5088.746666666668,27292.1324215237,0.0,0.0,0.0,0.0,0.0,0.0,0.0004395563601977273,0.0013816189617725926,0.0012859452179659091,0.0013496704748872125,0.04866271007892543,0.0005214030207568182,0.0010157990716838968,0.00044977186009545456,0.002666316949963704,0.0012120162884014815,0.008578213867251024,0.11281285467141924,0.00025202831866254075,0.00078374892648952,0.0007351938897749374,0.0007674359037304635,0.027738469214236897,0.00030114330811824183,0.0005747437157947691,0.000258351293910826,0.0015302912095243725,0.0006901593686823904,0.004901993240615539,0.06430649687085414
2026-09-13 13:27:58.625999928,4029.340967530402,12530.184710983516,11754.214106000732,12230.321059855514,443420.2216104388,4814.574310290842,9187.883140416083,4130.430493262271,24463.35575471902,11033.813348864722,78319.76515751437,1027871.9843402877,0.0023341930541387495,0.0020838844735752648,0.0024955920566624573,0.0005114616743827964,0.0021250311180204644,0.002504470898451484,9967.508386323614,13925.175678050256,27680.71689089355,13446.49267318966,11034.489855020665,38604.56442391385,4422.731207064793,4973.02528011362,12514.984756844045,5267.241845821521,5030.65095145849,27441.339771503586,0.0,0.0,0.0,0.0,0.0,0.0,0.00044198607800075766,0.0013891318932540743,0.0012930534850113641,0.0013611509590002728,0.04892429698468227,0.0005242851590143941,0.0010212286477708536,0.00045225804570151514,0.0026807402481118523,0.0012186344402533333,0.008629002167547853,0.11341982417842407,0.00025340077640246747,0.0007880093940462966,0.0007392094648884903,0.0007691513022086912,0.02788620504794537,0.0003027832288471796,0.0005778157619417226,0.00025975818435404946,0.001538473261907885,0.0006939042617174924,0.004925443008794792,0.06464172701517809
2026-09-13 13:28:13.625999928,4049.227758840014,12631.093399125,11804.560248169122,12332.781061181071,445777.46478805307,4841.533439642857,9236.882752496365,4146.19765217463,24593.601101514752,11079.19847818058,78811.79264271837,1033359.6377524115,0.0023467752516883942,0.0020951196390910937,0.0025089193253878123,0.0005141241347983823,0.0021364825800197643,0.002519142483132714,10020.552354640118,13999.273905879068,27804.33090217847,13516.48961775845,11093.199039251309,38537.26940779256,4446.267602011985,4999.487593316974,12570.338404105303,5294.660953872463,5057.416612344468,27444.639173747422,0.0,0.0,0.0,0.0,0.0,0.0,0.00044339536554444445,0.001402990286196377,0.0012976239980829632,0.0013553291183285507,0.0491864351441906,0.0005286150988585186,0.0010263099650370954,0.00045417883188222236,0.0026950657166659423,0.0012246291820934784,0.008669516504577432,0.11399511806221503,0.0002546514346114942,0.00079435542932275,0.0007423756778293025,0.0007755948978476095,0.028034449452226447,0.0003044786585375396,0.000580897293101438,0.00026074976345898224,0.0015466642470508163,0.0006967584820722453,0.004956386070642065,0.06498683944087387
2026-09-13 13:28:28.625999928,4071.040872970448,12699.018632820653,11868.339220995209,12353.142004950154,448109.55819530203,4867.614689642856,9285.732342921896,4168.533141305064,24723.705197259434,11138.670127803092,79193.1374636066,1038555.7071309922,0.002359357449238039,0.002106354804606923,0.002522246594113168,0.0005167865952139684,0.0021479340420190647,0.0025191881088195856,10073.596322956622,14073.372133707882,27927.94491346339,13586.486562327245,11151.908223481953,37995.333691851694,4469.803996959177,5025.94990652033,12625.692051366565,5322.080061923407,5084.182273230445,27049.84027704437,0.0,0.0,0.0,0.0,0.0,0.0,0.0004458195044333333,0.0014105375343847829,0.0013047183906755558,0.0013667112476763766,0.0494480248551835,0.0005315051525622223,0.001031737697306599,0.0004566619263266668,0.0027094884865934785,0.00123124396289058,0.00872022017259273,0.11460192232701612,0.0002560232371223637,0.0007986271717973876,0.0007463866665648098,0.0007768753749779763,0.028181112215393437,0.0003061188793708729,0.000583969389565977,0.00026215441755318513,0.0015548463490720934,0.0007004985880373944,0.004980368422711259,0.0653136144706824
2026-09-13 13:28:43.625999928,4098.065521913418,12771.411599322582,11932.227307233989,12455.101119005452,450459.17015854927,4899.768186449744,9329.654925262801,4184.4673092158955,24828.674261899087,11196.149884292374,79693.02176302056,1043868.9660513476,0.0023719396467876837,0.0021175899701227525,0.002535573862838523,0.0005194490556295543,0.0021593855040183654,0.002541633939824025,10126.640291273123,14147.470361536694,28051.558924748315,13656.483506896038,11210.617407712594,39591.78693205366,4493.340391906368,5052.412219723685,12681.045698627822,5349.499169974349,5110.9479341164215,26958.516097234802,0.0,0.0,0.0,0.0,0.0,0.0,0.00044824364332222223,0.0014180847825731886,0.0013118127832681481,0.001378093377024203,0.04970961456617642,0.000534395206265926,0.0010371654295761024,0.0004591450207711113,0.002723911256521015,0.0012378587436876812,0.00877092384060803,0.11520872659181725,0.00025772278726699936,0.0008031798850240645,0.0007504045173216042,0.0007832874703730094,0.028328876701082098,0.0003081409770589505,0.0005867316319665272,0.0002631564996684663,0.0015614477369149868,0.0007041134260566092,0.005011805590874404,0.06564775942056253
2026-09-13 13:28:58.625999928,4119.906425139224,12839.360728354839,11996.006904008182,12479.251508034833,452813.7245026317,4925.881815482002,9378.478709473327,4206.76869631267,24958.646530320133,11255.610943530897,80078.88524478035,1049281.8258068222,0.002384521844337328,0.00212947034833398,0.002548901131563878,0.0005221115160451403,0.0021708369660176654,0.002555026573284382,10179.684259589629,13709.079398410675,28175.172936033232,13726.48045146483,11269.326591943238,39801.02570937329,4516.876786853559,4895.851944104647,12736.399345889084,5376.918278025291,5137.713595002399,27101.41795089321,0.0,0.0,0.0,0.0,0.0,0.0,0.00045066778221111107,0.0014256320307615943,0.001318907175860741,0.0013894755063720288,0.04997120427716932,0.0005372852599696297,0.001042593161845606,0.0004616281152155556,0.0027383340264485506,0.001244473524484783,0.008821627508623328,0.11581553085661833,0.00025909633740320005,0.0008074531302498709,0.0007544155452965145,0.0007848062615053018,0.028476952007609944,0.0003097832341736458,0.000589802105506878,0.0002645590091236634,0.001569621548462355,0.0007078528660042763,0.0050360721165050755,0.06598816815629571
2026-09-13 13:29:13.625999928,4143.319525737886,12918.336404457446,12050.380914035004,12580.760481810194,455142.00530054263,4956.419243726905,9426.2888274,4222.913727011668,25082.871701079603,11304.662174252551,80555.07057956627,1054731.5420337606,0.002393713875900716,0.0021407089261425765,0.0025622284002892338,0.0005152070572916667,0.0021822884280169657,0.002568029209694012,9861.003366191751,13780.501029620355,28298.786947318153,13544.960000000001,11328.03577617388,39835.24520834588,4375.473351040055,4921.358378333161,12791.752993150341,5305.8133333333335,5164.4792558883755,27152.050982348617,0.0,0.0,0.0,0.0,0.0,0.0,0.00045345941732608707,0.0014349055832212768,0.001324484728532609,0.0013828806236245864,0.05022765681273329,0.0005409850318630437,0.0010473550199243795,0.00046265923839130445,0.0027501104536248235,0.0012492751498312058,0.008862465934593508,0.11637325978239994,0.0002605687612852937,0.0008124198227692127,0.0007578350663715346,0.0007911900480782854,0.0286233750000119,0.00031170369910549196,0.0005928088307009333,0.0002655743521654004,0.0015774339314234504,0.0007109376434029937,0.005066018883114944,0.06633089475456759
2026-09-13 13:29:28.625999928,4165.168733184693,12986.343883180849,12114.110807652027,12607.215325712848,457485.7020927842,4982.556217131159,9475.107358649999,4245.18266318188,25212.814169829606,11364.068466028868,80942.87262636695,1059960.579536739,0.0024062782353660066,0.002151947503951173,0.002574107667908486,0.0005195731920371752,0.0021478876346801346,0.0025814197917820914,9912.115597955126,13851.922660830036,27599.528892959708,13430.078942969523,11151.670303030303,40043.58522093606,4398.152605846881,4946.8648125616755,12478.09944535725,5231.3564458702895,5084.073804713805,27294.47901412976,0.0,0.0,0.0,0.0,0.0,0.0,0.0004558855223985508,0.0014424619697460993,0.0013315710057065218,0.0013941566827262413,0.050489219529156165,0.0005438794177326086,0.0010527793011743795,0.0004651345644782608,0.0027645192142631216,0.0012558803306822698,0.008913106505845874,0.11697980992527822,0.00026194283366472626,0.0008166967375422622,0.0007618429685701161,0.0007928537638170523,0.028770767487168426,0.000313347424321804,0.0005958789738884332,0.0002669748208178827,0.0015856058689026173,0.0007146736390858154,0.005090407322947076,0.06665974311308825
2026-09-13 13:29:43.625999928,4188.969673026607,13051.12676973158,12180.960380912362,12708.305858129113,459807.32009784254,5005.453684469966,9519.058869446391,4262.1268437839635,25314.452994459018,11423.11140967479,81404.14279190965,1065188.8289435047,0.0024188425948312962,0.002163186081759769,0.002587418856713595,0.0005221956897274474,0.0021478876346801346,0.002594810373870171,9963.2278297185,13923.344292039712,27714.27597390826,13497.866025805757,11151.670303030303,40251.925233526235,4420.831860653707,4972.371246790189,12529.476837248212,5257.761234274583,5084.073804713805,27436.9070459109,0.0,0.0,0.0,0.0,0.0,0.0,0.00045831162747101453,0.0014500183562709222,0.001338657282880435,0.0014054327418278958,0.05075078224557903,0.000546773803602174,0.0010582035824243793,0.0004676098905652174,0.0027789279749014188,0.0012624855115333333,0.008963747077098244,0.11758636006815644,0.0002634396483258955,0.0008207708612964526,0.000766047063955155,0.0007992112350778974,0.028916771463930985,0.0003147874206011111,0.0005986430355674064,0.00026804042150908034,0.0015919978216515336,0.0007183867842084367,0.00511941609113565,0.06698854190911374
2026-09-13 13:29:58.625999928,4210.829078289764,13119.117364468422,12244.706638807098,12736.432601122082,462171.2495683607,5031.573768680493,9567.852431302063,4284.368006941858,25444.250066623972,11482.515809320408,81794.04929550286,1070679.556592156,0.002431406954296586,0.0021744246595683655,0.002600730045518705,0.0005248181874177195,0.0022251474310994966,0.0025977556546789133,10014.340061481875,13994.765923249395,27829.023054856814,13565.653108641991,11032.403566842442,40207.88010137116,4443.511115460531,4997.877681018704,12580.854229139175,5284.166022678877,5029.699807568136,27408.141164049375,0.0,0.0,0.0,0.0,0.0,0.0,0.00046073773254347837,0.0014575747427957447,0.0013457435600543479,0.001416708800929551,0.05101234496200191,0.0005496681894717392,0.0010636278636743793,0.00047008521665217387,0.0027933367355397164,0.0012690906923843975,0.009014387648350611,0.11819291021103472,0.00026481436203466737,0.0008250467142543474,0.0007700559952849797,0.0008009800946927886,0.02906543636174357,0.00031643008367479537,0.0006017116084574407,0.00026943914354767684,0.0016001606153010185,0.0007221226608972611,0.005143936877917179,0.06733384767012891
2026-09-13 13:30:13.625999928,4231.276341885087,13181.0474769375,12298.147373266504,12837.128057372081,464487.95819960366,5055.720146414254,9616.461887558176,4302.309126135745,25580.895304813446,11536.903226505077,82232.40604267921,1076219.9619454355,0.0024439713137618755,0.002185663237376962,0.0026140412343238144,0.0005274406851079916,0.002236642922351576,0.0025998885988613085,10065.45229324525,14066.187554459075,27943.770135805367,13633.440191478225,11088.695374783092,39733.5908270264,4466.190370267357,5023.384115247217,12632.231621030136,5310.570811083171,5055.363380682674,27061.497883667158,0.0,0.0,0.0,0.0,0.0,0.0,0.00046356316759787233,0.0014640960556583334,0.0013521165282716313,0.0014113651165986113,0.05126589240282491,0.0005527299145304965,0.0010684853268463721,0.00047128006423475177,0.002804082070602778,0.0012744879609493057,0.009051082678386247,0.1187567266912376,0.0002661002677229955,0.0008289414302162914,0.0007734168236965377,0.0008073127200525109,0.029211131593441738,0.00031794862254116307,0.0006047686031508807,0.00027056744059920354,0.001608754082502712,0.0007255430251335414,0.005171504646684048,0.0676822776067907
2026-09-13 13:30:28.625999928,4253.128466885087,13249.006664437502,12361.840295141503,12869.090296345203,466870.4561889808,5081.830052664253,9665.254515109196,4324.528094885745,25710.72723848691,11596.281773002025,82628.04181309219,1081677.9383493285,0.002456535673227165,0.002196901815185558,0.0026273524231289237,0.0005300631827982637,0.002248138413603655,0.0026223442880380387,10116.564525008624,14137.609185668754,28058.51721675392,13701.227274314455,11144.987182723746,39772.23480521627,4488.869625074183,5048.890549475731,12683.609012921097,5336.975599487464,5081.026953797213,27077.29053896769,0.0,0.0,0.0,0.0,0.0,0.0,0.0004659913644063829,0.0014716470764916667,0.0013591990690517732,0.0014225506882526513,0.05152741391200149,0.000555625176941844,0.0010739067299075965,0.0004737486830290781,0.0028184718414361112,0.0012810868793520836,0.009101646566338238,0.11936305916870356,0.0002674745235841066,0.0008332153080079582,0.0007774224007833433,0.0008093227897479316,0.02936096424477368,0.00031959064553421855,0.0006078371172835339,0.00027196476685614795,0.001616919068553732,0.0007292772759465718,0.005196385740690019,0.06802552367841332
2026-09-13 13:30:43.625999928,4275.077776616752,13302.194869097937,12426.911090702064,12969.43609520222,469170.32876583934,5104.556075790463,9706.236916089303,4341.551362677835,25823.67124201715,11652.020835998828,83064.31391622373,1086911.696922917,0.0024691000326924548,0.0022061240262076834,0.0026406636119340335,0.0005289186729765266,0.002259633904855734,0.0026441874582828033,10167.676756772,13706.803467683812,28173.264297702473,15320.690125148707,11201.2789906644,39891.87739441759,4511.548879881009,4895.039152847851,12734.98640481206,5232.64053972224,5106.690526911752,27141.217867519113,0.0,0.0,0.0,0.0,0.0,0.0,0.00046841956121489354,0.0014791980973250002,0.001366281609831915,0.0014337362599066918,0.05178893542117807,0.0005585204393531916,0.0010793281329688211,0.0004762173018234041,0.002832861612269445,0.0012876857977548613,0.009152210454290231,0.11996939164616956,0.000268854891285009,0.0008365602551010479,0.000781514630815263,0.0008156334255427172,0.02950560067571834,0.0003210198598774891,0.0006104144549451717,0.00027303534125285044,0.0016240219914424117,0.0007327826436861485,0.00522382240850918,0.068354668939819
2026-09-13 13:30:58.625999928,4296.930410637371,13370.07829693299,12490.611111320619,13002.844969233738,471557.5719733863,5130.648699501804,9754.990279725665,4363.743785358247,25953.41818141109,11711.38082223878,83453.11264820833,1092532.8841329447,0.002479631743776293,0.0022173523208796654,0.0026060517700617286,0.0005315228232996803,0.002271129396107813,0.0026561365877259572,9865.511282323845,13775.69447178919,27874.89817283951,15396.122100192844,11257.570798605053,39799.14117206105,4377.473580243132,4919.64183743218,12601.394567901236,5258.403635730517,5132.354100026291,27123.349774479982,0.0,0.0,0.0,0.0,0.0,0.0,0.00047084775802340434,0.0014867491181583335,0.0013733641506120569,0.0014449218315607322,0.05205045693035468,0.0005614157017645391,0.0010847495360300455,0.00047868592061773045,0.0028472513831027777,0.0012942847161576392,0.009202774342242225,0.12057572412363556,0.00027022917915786127,0.0008408293684515634,0.0007855206543341633,0.0008177344725095884,0.029655731748548516,0.0003226607959908912,0.0006134804998138585,0.00027443099805697413,0.0016321816322976304,0.0007365157272652387,0.0052482735287651015,0.06870817915769407
2026-09-13 13:31:13.625999928,4319.148466930296,13433.313708015306,12548.917601138237,13102.859493549848,473887.9721540087,5151.95577792146,9798.198161400243,4379.93544493461,26073.653597268054,11771.042367957827,83895.82322695776,1097891.359274677,0.002492185787959291,0.002228580615551647,0.0026060517700617286,0.0005341269736228339,0.002284735227334164,0.002669493894582664,9914.852643916325,13844.585475894562,27874.89817283951,15471.55407523698,10985.073999107899,39997.48828921355,4399.367073707713,4944.244522016509,12601.394567901236,5284.166731738794,5008.122141714597,27258.938587177607,0.0,0.0,0.0,0.0,0.0,0.0,0.00047313032790347227,0.0014921263394142858,0.0013794364536236113,0.0014408908695923398,0.052307912393531976,0.0005637383703534723,0.001088678284668517,0.00048009864158611115,0.00286066214149796,0.0012999183504428572,0.00923550322829885,0.12119206564335189,0.0002716264480313942,0.0008448061731929625,0.0007891874846938045,0.0008240242748165793,0.02980228802657432,0.0003240007744781718,0.0006161977954836153,0.0002754492735369988,0.0016397431040059685,0.0007402677755849032,0.00527611510516201,0.06904516770549635
2026-09-13 13:31:28.625999928,4341.002961828256,13501.173539647958,12612.59028991375,13128.911162859344,476242.8234516715,5178.024201390848,9846.923921400243,4402.097516363181,26203.353152268057,11830.403880988131,84275.14382814104,1103250.0281905974,0.0025047398321422897,0.0022398089102236285,0.0026838179924444433,0.0005367311239459876,0.0022962413683527147,0.002681115290278429,9964.194005508805,13913.476479999936,30410.122703756642,15546.986050281117,11039.72953550106,40035.343176992305,4421.260567172294,4968.847206600838,12478.768777983943,5309.929827747071,5033.039734622947,27286.147370475795,0.0,0.0,0.0,0.0,0.0,0.0,0.00047555777755625,0.0014996663207068029,0.0013865138112625003,0.0014520009425737059,0.05256941316223945,0.0005666306950062501,0.0010940922580018502,0.0004825618429749999,0.0028750469408176877,0.0013065123657489798,0.009285975832072696,0.12179844774144716,0.0002730008529327548,0.0008490738026045271,0.0007931917893434647,0.0008256626353531541,0.029950382008182896,0.00032564018866524665,0.0006192621043902819,0.0002768430215846178,0.0016478997649093023,0.0007440009551821425,0.005299970156303091,0.06938216843954201
2026-09-13 13:31:43.625999928,4362.689816287529,13567.81849481818,12672.484352427355,13228.522159071465,478571.61197649804,5199.84029638454,9895.53837057822,4418.913429206761,26314.440421504947,11889.748876970527,84709.21544881295,1108715.6821024397,0.002517293876325288,0.00225103720489561,0.0026971620298506284,0.0005393352742691413,0.002307747509371264,0.002692798803076022,10013.535367101285,13982.367484105309,30543.529561862066,15622.418025325254,11094.38507189422,39814.65862658172,4443.154060636874,4993.449891185166,12526.058740846618,5335.692923755348,5057.957327531298,27137.50761071287,0.0,0.0,0.0,0.0,0.0,0.0,0.0004779852272090278,0.0015072063019993197,0.001393591168901389,0.0014631110155550724,0.052830913930946945,0.0005695230196590278,0.0010995062313351837,0.00048502504436388885,0.0028894317401374154,0.0013131063810551023,0.009336448435846542,0.12240482983954237,0.0002743647151131934,0.0008532650297852322,0.0007969584603859869,0.0008319270602260497,0.030096836930966427,0.00032701217863929434,0.0006223194130830302,0.00027790055565900295,0.001654885919841311,0.0007477330960405908,0.005327268438225347,0.06972589734110897
2026-09-13 13:31:58.625999928,4384.543482954195,13635.672222090909,12736.138094851598,13252.891241780448,480919.78012318537,5225.887432748176,9944.263583449507,4441.048732237064,26444.048144277225,11949.11031122795,85088.90389039679,1114087.3413233205,0.0025298479205082863,0.002262265499567591,0.0027105060672568135,0.000541939424592295,0.0023192536503898143,0.00269414663899598,10062.876728693765,14051.258488210684,30676.936419967482,15697.85000036939,11149.04060828738,39726.89885027462,4465.047554101455,5018.052575769495,12573.348703709293,5361.456019763624,5082.874920439647,27043.18474161934,0.0,0.0,0.0,0.0,0.0,0.0,0.00048041267686180564,0.0015147462832918368,0.001400668526540278,0.001474221088536439,0.05309241469965442,0.0005724153443118057,0.0011049202046685168,0.0004874882457527778,0.0029038165394571435,0.0013197003963612245,0.00938692103962039,0.1230112119376376,0.0002757390679280082,0.0008575322753003837,0.000800961573520667,0.0008334596047608592,0.03024451061663588,0.00032865025410394084,0.00062538368758138,0.00027929262027179757,0.0016630368055178786,0.0007514662706838909,0.005351146622440508,0.07006371502099992
2026-09-13 13:32:13.625999928,4404.062688912727,13715.295883170002,12787.054124929757,13352.087087290653,483257.9817059132,5249.552353795818,9994.99150577224,4457.187636466362,26570.208054655468,12013.926704871677,85541.82113788386,1119548.2555997828,0.0025424019646912844,0.002273493794239573,0.0027238501046629986,0.0005353590277777805,0.002330759791408364,0.0027155499986949226,10112.218090286246,14120.149492316059,30810.343278072905,15507.24183006536,11203.69614468054,39761.624548073865,4486.941047566036,5042.655260353824,12620.638666571966,5296.355555555556,5107.792513347998,27060.856529981742,0.0,0.0,0.0,0.0,0.0,0.0,0.0004828657018612244,0.0015234573304706667,0.0014067143710387755,0.0014685816217083888,0.05335103279282588,0.0005743199277938776,0.0011105442011823533,0.0004886868170775511,0.002915189515709333,0.001326332694002667,0.009418964874258813,0.12357918684183825,0.0002769666091027337,0.0008625397188749132,0.0008041636260789158,0.0008396979212673899,0.030391557516171872,0.0003301385146942703,0.0006285739102518986,0.0002803075780266623,0.001670970862103888,0.0007555425016619299,0.005379630084893584,0.07040714585216412
2026-09-13 13:32:28.625999928,4425.904788912727,13783.20817317,12850.644554929757,13375.566478262079,485585.8792129922,5275.587688795818,10043.726491066358,4479.293211466364,26699.79895171429,12073.315136147157,85923.88757653785,1124814.3152462358,0.002510885984477125,0.0022856317669752253,0.0027371941420691838,0.0005353590277777805,0.0023424483170447867,0.0027279365033467595,9988.350326797385,13702.487029399164,30943.75013617832,15507.24183006536,11027.043748761022,39824.84734924183,4431.97908496732,4893.497645781377,12667.92862943464,5296.355555555556,5027.256253377121,27104.968320454085,0.0,0.0,0.0,0.0,0.0,0.0,0.0004852932800925169,0.0015310031404706667,0.0014137865428074828,0.0014796004940695,0.05361251938040759,0.000577207286637415,0.001115959199548366,0.0004911436606149658,0.0029295593223759996,0.0013329269006693333,0.009469329682260514,0.12418538142925656,0.0002783402345027337,0.0008668106473349132,0.0008081627575655824,0.0008411745140773707,0.03053795640383928,0.00033177584798427034,0.0006316387993270619,0.0002816977730766624,0.001679120689630032,0.000759277374117699,0.005403657818702268,0.07073832249215216
2026-09-13 13:32:43.625999928,4444.794845124752,13835.556933475247,12916.696882433664,13474.344102519504,487932.7725525785,5300.822328942573,10096.698357110225,4494.156386978218,26810.21559880697,12138.63852813881,86361.05877759593,1130284.4489874498,0.0025662125405797394,0.0022968645409487775,0.002750538179475369,0.0005525581012505515,0.0023539553558095177,0.0027394141218285203,9885.628520215556,13769.010120953459,31077.156994283745,15348.072823923352,11080.581866944072,39480.27914766427,4387.044665144316,4917.254690120306,12715.218592297315,5242.756089615989,5051.664412586612,26914.162026883456,0.0,0.0,0.0,0.0,0.0,0.0,0.00048772085832380935,0.0015385489504706666,0.0014208587145761904,0.001490619366430611,0.05387400596798928,0.0005800946454809524,0.0011213741979143792,0.0004936005041523809,0.002943929129042667,0.001339521107336,0.009519694490262215,0.12479157601667486,0.0002795282091489566,0.000870102802705221,0.0008123167150508281,0.0008473865291140043,0.030685549918306597,0.0003333628264646107,0.0006349701411249318,0.0002826325016699635,0.001686064669880527,0.0007633854896585073,0.005431151029791033,0.07108233312521071
2026-09-13 13:32:58.625999928,4466.622458986138,13903.392547336633,12980.29946659208,13520.483775790195,490292.35814044176,5326.853744784158,10145.453818275273,4516.226406780197,26939.713729874933,12198.056044700774,86771.59909510618,1135679.5473680564,0.0025787602260324643,0.0023080973149223302,0.0027130155246913585,0.0005551752503741769,0.0023654623945742487,0.0027527096013608486,9933.395717087027,13835.53321250775,30702.024691358027,15420.76779527489,11134.119985127127,39667.181206731184,4408.242793900152,4941.0117344592345,12582.241975308643,5267.588002267829,5076.072571796105,27041.986250736973,0.0,0.0,0.0,0.0,0.0,0.0,0.0004901484365551021,0.0015460947604706667,0.001427930886344898,0.001501638238791722,0.05413549255557098,0.00058298200432449,0.0011267891962803923,0.000496057347689796,0.0029582989357093336,0.0013461153140026667,0.009570059298263916,0.12539777060409316,0.00028090092353179487,0.0008743689090880592,0.0008163166108990129,0.0008502882018996944,0.030833941634165554,0.0003349999132830926,0.000638036317904867,0.00028402046069306574,0.0016942086634565787,0.0007671221912556262,0.005456969454203344,0.07142162486781331
2026-09-13 13:33:13.625999928,4483.649610685944,13969.637118558823,13036.920705122026,13619.067099319607,492633.4215494559,5352.821265030246,10200.013381241228,4531.0930623168315,27067.98406609147,12253.3389800088,87215.68633172702,1141414.7564248936,0.002591307911485189,0.0023193300888958825,0.0027130155246913585,0.0005577923994978022,0.0023769694333389793,0.0027660050808931765,9981.1629139585,13902.05630406204,30702.024691358027,15493.462766626428,11187.658103310181,39854.08326579809,4429.440922655988,4964.768778798162,12582.241975308643,5292.419914919668,5100.4807310055985,27169.81047459049,0.0,0.0,0.0,0.0,0.0,0.0,0.0004919852338666667,0.001551718006322876,0.001433840034096,0.0014982462124188496,0.054391650636314015,0.000585538857132,0.0011333243849598416,0.0004970383293879999,0.002970273807711765,0.0013539924037294117,0.009604390828644876,0.12600575329029265,0.0002819717421831382,0.0008785349565671436,0.000819877457677674,0.000856487997579433,0.03098116851077689,0.0003366329817785688,0.0006414675081980593,0.0002849554081412584,0.0017022754423786412,0.0007705988736316645,0.005484897607084166,0.0717823057929433
2026-09-13 13:33:28.625999928,4505.4538900977095,14037.464971499998,13100.48927865144,13661.398808594136,494987.44766142784,5378.852382677306,10248.796626433534,4553.128062316832,27197.47634012993,12312.736434545768,87620.99203599391,1146661.8364675129,0.0026038555969379144,0.0023305628628694356,0.0027895327611412364,0.0005604095486214276,0.0023884764721037108,0.0027780659802563896,10028.930110829975,13968.57939561633,30395.901283559597,15566.157737977966,11241.196221493234,39903.69441205654,4450.639051411825,4988.52582313709,12473.727579633847,5317.251827571508,5124.88889021509,27173.590858734904,0.0,0.0,0.0,0.0,0.0,0.0,0.0004944099005333335,0.0015592544344274512,0.0014409064740960001,0.0015091972092162351,0.05465311167933186,0.0005884245871320001,0.0011387447455367648,0.000499487899388,0.0029846319269928104,0.0013605928710496732,0.00965468027710893,0.1266119562180516,0.000283342989088367,0.000882800574874333,0.0008238752146351904,0.0008591501917404756,0.031129210597374234,0.00033827004984392835,0.0006445354322845977,0.0002863411648079252,0.0017104190676126155,0.0007743343135503226,0.005510386832485839,0.07211228882673469
2026-09-13 13:33:43.625999928,4530.533245863049,14101.420730737862,13168.499824603823,13759.751428646416,497333.515403545,5407.880306533639,10301.842513201025,4568.581221104968,27316.211782279704,12378.29370016955,88089.79535520157,1152356.5804711657,0.0026134241156252395,0.0023417956368429874,0.0028028670151627557,0.000563026697745053,0.002399983510868442,0.002790353119731058,9851.645457890027,14035.102487170621,30519.3351406011,15638.852709329505,11294.734339676286,39849.732034764755,4371.963660231417,5012.2828674760185,12517.482320569852,5342.083740223348,5149.297049424583,27127.568949459786,0.0,0.0,0.0,0.0,0.0,0.0,0.0004968345672,0.0015667908625320263,0.001447972914096,0.001520148206013621,0.05491457272234971,0.0005913103171320001,0.0011441651061136879,0.0005019374693880001,0.0029989900462738563,0.0013671933383699346,0.009704969725572981,0.1272181591458105,0.0002849202019064984,0.0008868226815108476,0.0008281523223028626,0.0008653354787348745,0.03127675219093405,0.0003400955837220044,0.000647871429163531,0.00028731299679393463,0.0017178862076411457,0.000778457137143996,0.005539869352338232,0.07247042494963109
2026-09-13 13:33:58.625999928,4552.353308969846,14169.22987636893,13232.089878001883,13798.30360817333,499689.9174445355,5433.925869640435,10350.645970343881,4590.58453178458,27445.653010851136,12437.7207621201,88492.05602087392,1157759.2591158615,0.002625957481749835,0.0023530284108165406,0.0028162012691842746,0.0005597023711022512,0.0024123363056690575,0.00280199419032879,9898.349454830364,14101.625578724914,30642.768997642605,15284.62189982822,10986.444404734173,39385.949869022006,4392.689962074443,5036.039911814946,12561.23706150586,5221.081855820787,5008.746912996122,26842.379159105287,0.0,0.0,0.0,0.0,0.0,0.0,0.0004992592338666665,0.0015743272906366013,0.001455039354096,0.0015310992028110062,0.05517603376536755,0.000594196047132,0.0011495854666906111,0.0005043870393879999,0.003013348165554902,0.001373793805690196,0.009755259174037032,0.12782436207356943,0.00028629244143077025,0.0008910871233360904,0.0008321514301054516,0.0008677599824695671,0.03142494369706745,0.0003417335602462762,0.0006509406243571819,0.0002886967605544524,0.0017260266226824157,0.0007821944390399972,0.00556516707864607,0.07281019340661972
2026-09-13 13:34:13.625999928,4574.4170817657005,14234.332449923075,13297.898306311126,13896.39124079307,502031.5860425274,5463.1415176787705,10402.478198434503,4604.906362465403,27581.265116267656,12493.921699374567,88952.40666534282,1163701.6861566035,0.0026384908478744294,0.0023141530317460322,0.002829535523205795,0.0005622920522786162,0.0024238473880500403,0.002815268251059018,9945.053451770702,13871.39657142857,30766.20285468411,15355.342160569458,11038.272023964206,39566.77120597109,4413.416263917471,4953.819428571428,12604.991802441868,5245.239226059638,5032.375251543442,26966.01635387238,0.0,0.0,0.0,0.0,0.0,0.0,0.0005015111387810457,0.0015811288411897437,0.0014618169743117646,0.0015290607560397437,0.05543544784792054,0.0005974371862601308,0.0011558204020807451,0.0005052987119921568,0.0030264954104807693,0.0013806216836801284,0.00979538750086751,0.1284567515728475,0.00028768000758659846,0.0008951813518507177,0.0008362900490413441,0.000873928604698764,0.03157220863334116,0.00034357089988957596,0.0006542002955904364,0.00028959744457282425,0.0017345551173119434,0.0007857288535384449,0.005594118019176003,0.07318390604051526
2026-09-13 13:34:28.625999928,4596.238317342623,14302.128642230768,13361.49899861882,13923.569972354444,504372.9936141706,5489.202214794155,10451.295882396767,4626.873040350018,27710.735394569543,12553.333404765403,89342.83742161143,1168972.6173631696,0.0026510242139990243,0.002377825922578937,0.0028419771082289075,0.000564881733454981,0.0024353584704310234,0.0028285423117892458,9991.75744871104,13722.911781773173,30281.19489508099,15426.062421310695,11090.09964319424,39747.59254292017,4434.142565760498,4900.79183094962,12433.066545199032,5269.396596298488,5056.0035900907615,27089.65354863947,0.0,0.0,0.0,0.0,0.0,0.0,0.0005039349704803922,0.0015886617514461543,0.0014688820184294118,0.001539957041296154,0.05569689908068542,0.0006003246339725491,0.0011612445891876634,0.0005077408492470588,0.003040847734198718,0.0013872232397698719,0.009845638380360974,0.12906307677821763,0.00028905232084621384,0.0008994449790558462,0.000840289825913139,0.0008756378449280683,0.03171945715395783,0.00034520982817483244,0.0006572703854929523,0.0002909789045375678,0.0017426973592584844,0.0007894651896774685,0.005618671775625785,0.073515389047506
2026-09-13 13:34:43.625999928,4619.4467535456415,14365.402695842859,13440.05520776264,14021.290955687778,506714.64745363494,5516.802975074506,10496.518692874626,4640.501049438096,27819.417150460977,12609.720415672748,89815.70975634048,1174627.1919623031,0.00266635374412676,0.002389069744073748,0.002855303250784409,0.0005674714146313459,0.0024468695528120058,0.002841816372519474,9843.026111237294,13787.03579788,30399.2925224886,15496.782682051931,11141.927262424271,39928.41387986925,4368.138566189841,4923.692106000679,12474.929703462325,5293.553966537338,5079.63192863808,27213.290743406564,0.0,0.0,0.0,0.0,0.0,0.0,0.0005063588021797385,0.001596194661702564,0.0014759470625470587,0.0015508533265525641,0.05595835031345029,0.0006032120816849675,0.0011666687762945816,0.0005101829865019607,0.003055200057916667,0.0013938247958596155,0.009895889259854436,0.12966940198358773,0.0002905118736118703,0.0009034242139830063,0.000845230138621517,0.0008817834089910312,0.03186672116208415,0.00034694560932135225,0.0006601143977963375,0.0002918359548868847,0.00174953223412899,0.0007930113061411972,0.00564841019134319,0.07387099896118483
2026-09-13 13:34:58.625999928,4641.2745535456415,14433.177452985716,13503.72677919121,14050.68895334113,509052.7516498148,5542.870960788791,10545.31965081855,4662.428335152381,27948.790594386213,12669.11786083233,90208.06425015735,1180070.3590398347,0.0026789002964615525,0.0024003135655685584,0.0028686293933399094,0.0005700610958077109,0.0024583806351929885,0.0028435012282486093,9888.82564827564,13851.159813986826,30517.39014989621,15567.502942793171,11193.754881654304,39619.93718075062,4388.463486777266,4946.592381051737,12516.792861725618,5317.711336776189,5103.2602671854,26980.022601294222,0.0,0.0,0.0,0.0,0.0,0.0,0.0005087826338790849,0.0016037275719589746,0.0014830121066647056,0.0015617496118089742,0.05621980154621517,0.0006060995293973858,0.0011720929634015,0.0005126251237568627,0.003069552381634616,0.0014004263519493592,0.0099461401393479,0.13027572718895783,0.0002918845997007592,0.0009076864931544348,0.0008492343730024693,0.0008836322163990087,0.032013761937088346,0.0003485849959784951,0.0006631834358181444,0.0002932149375218052,0.001757668386269177,0.0007967467454701219,0.0056730849295098945,0.07421331369072737
2026-09-13 13:35:13.625999928,4661.549915737197,14500.897687556606,13564.275520384908,14148.067787303395,511368.806918645,5566.319605216173,10595.190074603255,4680.232573791105,28089.612666355053,12721.074871869809,90649.99949839237,1185956.6239425791,0.002691446848796346,0.002411557387063369,0.0028819555358954104,0.0005726507769840758,0.0024698917175739717,0.0028656490358572964,9934.62518531399,13915.283830093656,30635.487777303817,15638.223203534408,11245.582500884337,39722.74216148426,4408.788407364691,4969.492656102797,12558.65601998891,5341.868707015039,5126.888605732721,27033.783584006167,0.0,0.0,0.0,0.0,0.0,0.0,0.0005113920310384616,0.0016107473948792452,0.0014920079328846155,0.0015570239391706497,0.05647543657905098,0.0006095438656826925,0.001177232791995248,0.000513279390823077,0.003082406451203145,0.0014063330586754717,0.009986295922171526,0.13091307352503945,0.00029315969470080586,0.0009119453434618931,0.0008530422160597618,0.0008897562630681912,0.032159416079550335,0.0003500596551724837,0.0006663197313583825,0.0002943346263073072,0.0017665245299063287,0.0008000142641642569,0.0057008777462322306,0.07458349435016663
2026-09-13 13:35:28.625999928,4683.3704581900265,14568.672187556602,13627.932463781135,14169.736587264835,513691.658196814,5592.37534106523,10643.995963492143,4702.140569074124,28219.0389857995,12780.437561641358,91030.0031373881,1191331.6767630223,0.0027039934011311387,0.0024229845005626764,0.0028952816784509113,0.0005752404581604408,0.0024411580855855856,0.002878902561214857,9980.424722352336,13715.24118996435,30753.58540471143,15708.943464275648,11116.211891891893,39899.98360302849,4429.1133279521155,4898.052472548646,12600.519178252202,5366.0260772538895,5067.908228228229,27154.79872232404,0.0,0.0,0.0,0.0,0.0,0.0,0.0005138167425769232,0.0016182778948792454,0.0014990821316025645,0.0015678413207220127,0.05673686087520169,0.000612433953823718,0.001182655668538458,0.0005157130510794872,0.003096751738938994,0.0014129313511283019,0.010036496140591718,0.13151954241908206,0.0002945319643706172,0.0009162076064618928,0.0008570455305000136,0.0008911189898213217,0.03230549761548852,0.0003516982714492133,0.0006693890794818391,0.00029571239578843935,0.0017746640073291683,0.0008037475177654453,0.0057247757528624075,0.07492152544976338
2026-09-13 13:35:43.625999928,4708.87987497503,14625.181587462617,13697.050349853202,14266.709496727453,516019.6244188068,5615.035596377359,10688.05322085729,4718.864404118639,28330.395812961266,12838.500234428382,91476.71853710513,1197021.716296682,0.002716539953465932,0.002434229174242321,0.002908607821006412,0.0005731904222469063,0.0024411580855855856,0.0028795098447787887,10026.224259390685,13778.160544868279,30871.683032119043,15301.446073894076,11116.211891891893,39729.56026167544,4449.438248539541,4920.522533234407,12642.382336515495,5226.828834092811,5067.908228228229,27064.16216334894,0.0,0.0,0.0,0.0,0.0,0.0,0.0005162414541153847,0.0016258083948792455,0.001506156330320513,0.0015786587022733754,0.05699828517135241,0.0006153240419647436,0.001188078545081668,0.0005181467113358973,0.003111097026674843,0.001419529643581132,0.01008669635901191,0.1321260113131247,0.00029613622324842963,0.00091976141983376,0.0008613922775574346,0.0008972175083497486,0.032451900824560516,0.00035312334972773164,0.000672159791445025,0.0002967641391923499,0.0017816671144595638,0.0008073990147429405,0.0057528691880001665,0.0752793657137691
2026-09-13 13:35:58.625999928,4730.717533853534,14692.90368559346,13760.732709666287,14297.330212829724,518357.7814347407,5641.075596377359,10736.837418104997,4740.748366735461,28459.73950562182,12897.856909632255,91861.45750598436,1202458.959337669,0.0027290865058007254,0.002445473847921966,0.002921933963561913,0.0005757591927128167,0.0025027893430301235,0.0029020235490601473,10072.023796429034,13841.079899772205,30989.78065952665,15370.019974006122,11015.120179583306,39616.96303837137,4469.763169126966,4942.992593920167,12684.245494778788,5250.253027900438,5021.820268984842,27001.252810303526,0.0,0.0,0.0,0.0,0.0,0.0,0.0005186661656538463,0.0016333388948792452,0.0015132305290384617,0.001589476083824738,0.05725970946750311,0.0006182141301057693,0.0011935014216248778,0.0005205803715923077,0.0031254423144106928,0.0014261279360339623,0.010136896577432102,0.13273248020716732,0.00029750956935123337,0.000924020387338433,0.0008653971904079019,0.0008991432111624026,0.03259894492134035,0.0003547609763943983,0.0006752277754052696,0.00029814039728580784,0.0017898013955757724,0.0008111318900946506,0.005777064994265238,0.0756213078872356
2026-09-13 13:36:13.625999928,4754.543868549152,14755.593185180556,13823.93034310271,14393.980231835574,520697.6767936143,5662.908788943389,10791.048163229225,4757.920172929509,28589.011395739686,12954.19134029406,92298.03010218061,1208275.7854261375,0.0027416330581355184,0.00245671852160161,0.0029332196899163154,0.0005783279631787271,0.0025142928934796275,0.0029152614734790907,10117.82333346738,13903.999254676131,30329.872666203613,15438.593874118165,11065.188271240597,39791.30714715119,4490.088089714391,4965.462654605928,12449.904890492451,5273.6772217080625,5044.646434602173,27120.470691416926,0.0,0.0,0.0,0.0,0.0,0.0,0.0005213309466144654,0.001639047443204321,0.0015205664751666668,0.0015843464421434743,0.05750935073980217,0.0006204554186767296,0.0011989948535904155,0.000521980740408805,0.003139182407696914,0.001431749275941358,0.010169374194140952,0.13339915787554724,0.00029900798106653547,0.0009279628603124659,0.0008693716193551257,0.0009052214234687706,0.03274609834057619,0.0003561340416157731,0.0006786370289319711,0.00029922031309756686,0.001797931161109851,0.0008146746998451597,0.005804520559759358,0.07598712161679931
2026-09-13 13:36:28.625999928,4776.390674104708,14823.292087958333,13887.610495880486,14432.492256124977,523039.971026519,5688.929469498944,10839.856922320136,4779.782492373953,28718.354786648775,13013.534157141434,92690.62199817858,1213753.9923170414,0.0027571230423374523,0.002467963195281254,0.002946528400506395,0.0005808967336446376,0.002525796443929131,0.002918261588397675,9870.707650377819,13966.918609580058,30441.48523713798,15507.16777423021,11115.256362897888,39772.19190542871,4380.423080862944,4987.9327152916885,12489.465759642728,5297.101415515689,5067.472600219504,27108.46427493275,0.0,0.0,0.0,0.0,0.0,0.0,0.0005237567752308176,0.0016465695435129634,0.0015276418918333335,0.001595082623139947,0.05777072145705806,0.0006233424878591197,0.0012044180490449609,0.0005244095926100629,0.0031535249061537037,0.0014383430645216052,0.010219480710750219,0.13400590331407136,0.00030038190239369596,0.0009322203690871572,0.0008733763934075948,0.0009076434018851928,0.032893402622334415,0.0003577704533040447,0.000681706557559244,0.00030059521007596185,0.001806065423249245,0.0008184067036602279,0.005829210227885452,0.07633163996127171
2026-09-13 13:36:43.625999928,4799.917467761875,14880.162093302753,13948.63371693527,14528.890029218934,525374.2330566595,5708.793836819571,10887.722047759215,4797.293985630173,28826.36655144898,13071.478547687844,93119.63323120712,1219109.0515441464,0.002769683031801673,0.0024792078689608982,0.0029598371110964744,0.0005834655041105479,0.0025372999943786344,0.0029398242158866486,9915.18574738643,14029.837964483982,30553.097808072343,15575.741674342256,11165.32445455518,39640.81804315788,4400.161572735096,5010.402775977449,12529.026628793003,5320.525609323316,5090.298765836836,26988.687582827362,0.0,0.0,0.0,0.0,0.0,0.0,0.0005261826038471698,0.001654091643821605,0.0015347173085000002,0.00160581880413642,0.05803209217431396,0.0006262295570415096,0.0012098412444995063,0.0005268384448113208,0.0031678674046104944,0.001444936853101852,0.010269587227359482,0.1346126487525955,0.00030186147630591344,0.0009357968605343728,0.0008772140759761513,0.0009137057507264351,0.03304020176778547,0.00035901970129331967,0.000684716742114635,0.00030169648842963084,0.0018128581631244578,0.0008220507619990355,0.005856190267651469,0.07666841368599854
2026-09-13 13:36:58.625999928,4821.771931064628,14947.811542844034,14012.301767393985,14583.111405930233,527735.1022312479,5734.786497370031,10936.526574786243,4819.136503978796,28955.614146043572,13130.815012675559,93537.30904945455,1224706.5413028668,0.0027822430212658946,0.0024471696358858855,0.002973145821686554,0.0005906217674657608,0.002548803544828138,0.0029530473941195173,9959.663844395038,13850.568648648648,30664.710379006712,15312.611445607232,11215.392546212473,39811.55139758889,4419.900064607248,4946.381261261261,12568.587497943277,5230.6428191587875,5113.124931454167,27105.314105767106,0.0,0.0,0.0,0.0,0.0,0.0,0.0005286084324635219,0.0016616137441302472,0.0015417927251666667,0.0016165549851328922,0.058293462891569836,0.0006291166262238994,0.0012152644399540517,0.0005292672970125786,0.0031822099030672842,0.0014515306416820993,0.010319693743968746,0.13521939419111964,0.0003032358792202866,0.0009400512592499693,0.0008812180889272216,0.0009171156728618345,0.033188674206987366,0.0003606543508346041,0.0006877860045921126,0.00030307014013911094,0.0018209864007400732,0.0008257823663527073,0.005882457435776808,0.07702043359749139
2026-09-13 13:37:13.625999928,4847.6754203714245,15006.238578095454,14077.332011804272,14679.389955699105,530077.6603732682,5749.629599190658,10984.866746859461,4845.160916982868,29115.279570395756,13186.28707111459,93978.24693140312,1229971.55410578,0.0027948030107301162,0.0024471696358858855,0.0029864545322766333,0.0005932108246464606,0.0025594905809202813,0.0029656400714598388,10004.141941403646,13850.568648648648,30776.32294994108,15379.736006201443,10969.891502194494,39815.2936972164,4439.6385564794,4946.381261261261,12608.148367093554,5253.571932335105,5001.200404185591,27109.171957602543,0.0,0.0,0.0,0.0,0.0,0.0,0.0005314491251327161,0.001666897599169091,0.0015485184964722223,0.0016160596760533335,0.05854997901590382,0.0006308669830716049,0.0012205302888840368,0.0005306897021648148,0.0031942885809127276,0.0014576339169000002,0.0103550692963664,0.13586116874329018,0.0003048649208811362,0.000943725670578003,0.0008853077687423573,0.0009231705238806325,0.033335995085696644,0.000361587817015768,0.0006908260643024949,0.0003047067865569226,0.0018310275818715553,0.0008292709424723174,0.005910187529241573,0.07735154440265238
2026-09-13 13:37:28.625999928,4869.548161280517,15073.846291731816,14141.006248167907,14715.862258733243,532428.5727422045,5775.571962827022,11033.66920668089,4867.022312437414,29244.66260611004,13245.606136510341,94377.71204239677,1235505.8481453222,0.002807363000194338,0.0025098175197441615,0.0029997632428667123,0.0005957998818271605,0.002570990455998507,0.0029775763250827415,10048.620038412253,13715.54396525379,30887.935520875446,15446.860566795653,11018.645587677021,39751.49310307184,4459.377048351551,4898.904433008651,12647.70923624383,5276.5010455114225,5023.427511169478,27102.04400824181,0.0,0.0,0.0,0.0,0.0,0.0,0.0005338768488981481,0.001674409567350909,0.0015555923159166665,0.0016267550215078787,0.05881132814206724,0.0006337488596148147,0.0012259527844197511,0.0005331139567944443,0.003208620832427879,0.0014642254850818185,0.010405117377369924,0.13646807226609864,0.0003062404732538636,0.0009479774445689119,0.0008893121707181151,0.0009254642264936683,0.03348384135245419,0.00036321930344001044,0.0006938951967757092,0.0003060816254266196,0.001839164337228698,0.0008330014525849836,0.005935309446221841,0.07769959000558359
2026-09-13 13:37:43.625999928,4895.599078712203,15129.498431337835,14211.167234315233,14811.874797922432,534740.7423934985,5790.421557460279,11079.06834693818,4892.743252645863,29388.900790210493,13303.697283130006,94814.35115218394,1240731.2399000188,0.0028199229896585594,0.0025210481881206403,0.0029624792637264466,0.0005983889390078602,0.002582490331076734,0.002988143076064354,10093.098135420863,13776.229769815287,30575.25603638727,15513.985127389864,11067.39967315955,39679.84033775287,4479.115540223704,4920.580128682126,12536.880571799871,5299.430158687739,5045.654618153366,27044.081087309245,0.0,0.0,0.0,0.0,0.0,0.0,0.0005363045726635803,0.0016819215355327274,0.001562666135361111,0.0016374503669624241,0.05907267726823067,0.0006366307361580247,0.0012313752799554655,0.000535538211424074,0.0032229530839430302,0.0014708170532636363,0.010455165458373446,0.13707497578890707,0.0003078787865056785,0.0009514773457930239,0.000893724517180269,0.0009315023484026772,0.03362925113274668,0.00036415317794694633,0.0006967502982630011,0.0003076991867775065,0.0018482353163621263,0.0008366547402501759,0.005962769194681789,0.07802820908704561
2026-09-13 13:37:58.625999928,4917.490511144635,15197.05252593243,14274.870572153071,14852.847977120286,537090.8228341279,5816.314327730548,11127.855807115173,4914.621914808025,29518.34939640518,13363.010871230512,95218.60111853475,1246246.6883836803,0.0028322037858311937,0.002532278856497119,0.0030267741331626054,0.0006003532004223833,0.0025939902061549603,0.0030014554097517114,9832.92996977145,13836.915574376784,33055.12649362945,15263.909477724043,11116.153758642078,41379.070621229286,4363.658100080307,4942.255824355602,12430.284553894733,5214.765630359732,5067.881725137253,27060.077101946696,0.0,0.0,0.0,0.0,0.0,0.0,0.0005387322964290124,0.0016894335037145455,0.0015697399548055557,0.0016481457124169698,0.059334026394394085,0.0006395126127012345,0.0012367977754911795,0.0005379624660537036,0.0032372853354581815,0.0014774086214454545,0.010505213539376966,0.1376818793117155,0.0003092555143675404,0.0009557257477419725,0.0008977307493154042,0.0009340791061166757,0.03377704508045737,0.00036578154549949884,0.0006998184874252431,0.0003090751115312602,0.0018563761953739257,0.0008403849059018299,0.0059881920258989625,0.07837506951390699
2026-09-13 13:38:13.625999928,4944.383447041313,15265.612807084819,14327.78008429713,14948.633326505533,539430.403691653,5831.079024203427,11174.805777205278,4945.610314202799,29683.139259985033,13416.183281216943,95667.3609184657,1251910.224694391,0.0028447625347237868,0.002543509524873597,0.003040086015604921,0.0006029397431685457,0.0026054900812331866,0.0030137069529725196,9876.06894473713,13897.601378938283,33182.00305748514,15329.67202268909,11164.90784412461,41234.88727185615,4382.8023163125845,4963.931520029078,12467.503644656932,5237.2327617161645,5090.108832121143,26958.21180370317,0.0,0.0,0.0,0.0,0.0,0.0,0.0005420862096000001,0.0016957173161208335,0.0015776973583800002,0.001645975725016111,0.059590631127051,0.0006399230705400001,0.0012416346316072684,0.0005413009640999999,0.0032568004254101193,0.0014834338655845237,0.010542976548220277,0.13827314751543696,0.0003109467812250425,0.0009600374276455562,0.0009010581697457972,0.0009401029403113478,0.03392417872105284,0.00036671008085545993,0.0007027711188775763,0.0003110239375376427,0.0018667396467946138,0.000843728859685421,0.006016414031094619,0.07873124301966947
2026-09-13 13:38:28.625999928,4966.2970541841705,15333.171374049105,14391.435490547128,14969.38317366466,541754.2143242992,5856.922484024856,11223.585211415806,4967.529358845656,29812.742470511348,13475.46970576282,96050.91149792718,1257323.4866360063,0.0028573212836163794,0.002554740193250076,0.003053397898047237,0.0006055262859147083,0.00261984855267564,0.003026902589702292,9919.20791970281,13958.28718349978,33308.879621340835,15395.434567654142,10985.45996895846,41407.00463548669,4401.946532544863,4985.607215702554,12504.722735419131,5259.699893072598,5008.298106314815,27070.894620015755,0.0,0.0,0.0,0.0,0.0,0.0,0.0005445180883878789,0.0017032238235613097,0.0015847751417133332,0.0016566164180716666,0.05985195941976195,0.0006427938599339394,0.0012470545687417712,0.000543729320160606,0.0032711557215410712,0.001490022916179762,0.01059297479038298,0.13887998113500674,0.00031232490362980445,0.0009642861108568658,0.0009050613875166304,0.0009414078751437997,0.03407032058972815,0.0003683353473286742,0.000705838803295705,0.0003124024019007379,0.0018748902487010467,0.0008474573170513061,0.006040535100869642,0.07907167704844217
2026-09-13 13:38:43.625999928,4993.375697399811,15404.84239408407,14447.01948040923,15064.782339950701,544103.3482467673,5873.297129222439,11267.895895110665,4999.035240272567,29974.25093753666,13538.224390315421,96521.28555323606,1262736.6906728118,0.0028698800325089716,0.0025659708616265547,0.003066709780489553,0.0006081128286608709,0.002631361011911895,0.003040642277416252,9962.346894668493,14018.972988061278,33435.75618519653,15461.197112619191,11033.224732019284,41264.53423895792,4421.090748777142,5007.28291137603,12541.94182618133,5282.167024429031,5030.07417878352,26964.317434629098,0.0,0.0,0.0,0.0,0.0,0.0,0.0005469499671757576,0.0017107303310017856,0.0015918529250466666,0.0016672571111272221,0.06011328771247289,0.0006456646493278787,0.0012524745058762742,0.000546157676221212,0.0032855110176720245,0.0014966119667750002,0.010642973032545675,0.1394868147545765,0.00031402784941425473,0.0009687934216723981,0.0009085570028790692,0.0009474074227124551,0.034218055011963365,0.00036936513057110007,0.0007086254529591818,0.0003143837717771414,0.0018850473367384166,0.0008514038894353919,0.006070116402570178,0.07941210743564571
2026-09-13 13:38:58.625999928,5015.312002709544,15472.41907992478,14510.639365364981,15090.34125311462,546432.3944382318,5899.099000903855,11316.655977719363,5020.996408414159,30103.992511449702,13597.526022580869,96909.38332122851,1268159.426498834,0.0028824387814015647,0.002579980560635503,0.0030800216629318683,0.0006106993714070333,0.0026428734711481496,0.003052375602373191,10005.485869634174,13676.006314762366,33562.63274905222,15526.959657584239,11080.989495080108,41240.66358873488,4440.234965009421,4884.782414096833,12579.160916943529,5304.634155785463,5051.850251252226,26973.446313440054,0.0,0.0,0.0,0.0,0.0,0.0,0.0005493818459636364,0.001718236838442262,0.00159893070838,0.001677897804182778,0.060374616005183825,0.0006485354387218181,0.001257894443010777,0.0005485860322818182,0.003299866313802976,0.001503201017370238,0.010692971274708373,0.14009364837414626,0.0003154073992815113,0.0009730432443597138,0.0009125579867551753,0.0009490147943625415,0.03436452613911547,0.000370987781612398,0.0007116919203765731,0.0003157648852402682,0.0018932066401645034,0.0008551333031978634,0.006094523439979481,0.07975313726648221
2026-09-13 13:39:13.625999928,5041.735841946203,15548.647922368422,14566.826327643123,15185.39727065848,548796.7222762026,5915.513445851328,11366.639587653373,5054.341352364897,30281.032037588153,13654.135242385899,97389.60152840914,1273888.922677612,0.002893536259794418,0.0025912233600247437,0.003095741074403629,0.0006207702590790015,0.002654385930384405,0.0030655672318629515,9856.712243344693,13734.949960374508,33007.56926313329,15783.01079161184,11128.75425814093,41410.58554858668,4374.212198506233,4905.835847159243,12415.648637052578,5392.111525543873,5073.626323720931,27084.74117106275,0.0,0.0,0.0,0.0,0.0,0.0,0.0005529571994279762,0.001727165229649123,0.0016038871683023812,0.001672281444352311,0.060629463599296975,0.000649119088444643,0.0012629494631391611,0.0005531236664535715,0.003321850367647953,0.0015094913841391814,0.010731627840879216,0.14072892038520377,0.0003170691651712834,0.0009778371915622804,0.0009160915223828894,0.0009549927616880776,0.034513216089814516,0.00037202006781687227,0.0007148353340679787,0.0003178619117153924,0.0019043404592527658,0.0008586933941322687,0.006124723829453285,0.0801134589150587
2026-09-13 13:39:28.625999928,5063.69169720936,15616.262396052633,14630.413788169437,15216.434036808449,551130.8434258929,5941.274445851327,11415.404923860271,5076.352102364896,30410.976960001946,13713.425170047069,97774.51345252663,1279278.9253425605,0.0029060886567767786,0.0026024661594139845,0.0031090716125922024,0.0006207702590790015,0.0026658983896206607,0.0030693681518602174,9899.030524722702,13793.893605986656,33129.30565867135,15783.01079161184,11176.519021201757,41486.12968363025,4392.99220730161,4926.889280221655,12451.354680175402,5392.111525543873,5095.402396189637,27132.854221282454,0.0,0.0,0.0,0.0,0.0,0.0,0.000555394117582738,0.0017346779489473688,0.0016109556028261905,0.0016828407820244481,0.060890764044522816,0.0006519797982660715,0.0012683678338288164,0.0005555613182392857,0.0033362389904549716,0.0015160791297532167,0.01078156802078631,0.14133587455464316,0.00031844994451338867,0.0009820893906850876,0.0009200904671226557,0.0009569446294259535,0.034660006375450594,0.0003736401484835389,0.0007179021318783237,0.0003192461433265034,0.001912512551040122,0.0008624220718051823,0.006148930512681118,0.08045243019376547
2026-09-13 13:39:43.625999928,5090.832648755422,15678.687959243476,14686.332466023252,15311.193524987797,553493.3317139719,5955.543565934005,11468.406847756205,5103.216824073776,30557.581374182904,13782.967398583756,98241.40640385152,1285137.2184412235,0.0029186410537591382,0.002613708958803225,0.0031224021507807757,0.0006100927409149667,0.0026774108488569147,0.0030792296872130093,9941.348806100714,13852.837251598803,33251.04205420941,15511.536148705103,11224.283784262581,41388.895267992426,4411.772216096987,4947.942713284067,12487.060723298222,5299.364864578001,5117.178468658343,27064.5119438424,0.0,0.0,0.0,0.0,0.0,0.0,0.0005578310357374999,0.0017421906682456142,0.00161802403735,0.0016934001196965854,0.061152064489748664,0.0006548405080875001,0.0012737862045184714,0.000557998970025,0.003350627613261988,0.0015226668753672516,0.010831508200693403,0.14194282872408256,0.00032015680879950766,0.000986015264992423,0.0009236071306410177,0.0009629039483492325,0.034808580638900896,0.0003745375175909607,0.0007212353639811123,0.00032093563582508405,0.0019217323397541692,0.0008667955052887117,0.006178292891619995,0.08082085173752583
2026-09-13 13:39:58.625999928,5112.81089658151,15746.279967939128,14749.886761675425,15344.622824036207,555830.5348563285,5981.254961586179,11517.190219551077,5125.248537117255,30687.597322900852,13842.301504463509,98630.72608744756,1290596.4851456007,0.0029311934507414983,0.002625975734673026,0.00313573268896935,0.0006154819766514297,0.002646074875,0.0030880566737612938,9983.667087478721,13742.529533787425,33490.60165962401,15289.622360148996,11094.272,41394.28575945984,4430.552224892363,4882.184095154888,12721.308479762636,5223.550185569707,5057.905777777778,27086.258451122605,0.0,0.0,0.0,0.0,0.0,0.0,0.0005602679538922619,0.0017497033875438597,0.0016250924718738098,0.0017039594573687229,0.061413364934974526,0.0006577012179089288,0.001279204575208127,0.0005604366218107143,0.003365016236069006,0.0015292546209812869,0.010881448380600497,0.142549782893522,0.0003215389963850149,0.0009902660513170605,0.0009276039896786988,0.0009650062798227213,0.034955564747631326,0.00037615447869530856,0.0007243032960295454,0.00032232118577870734,0.0019299088983068752,0.000870526961280705,0.006202776773943924,0.08116417895471223
2026-09-13 13:40:13.625999928,5136.83526318748,15822.63490541379,14817.657233800825,15439.107332656895,558211.4508489548,5996.901378278336,11570.207100690484,5151.747329534108,30839.141352827464,13890.298710387093,99109.01779953997,1296397.2415755938,0.0029437458477238588,0.0026372229272122304,0.0031490632271579232,0.0006154819766514297,0.002646074875,0.003114280049735713,10156.38753072228,13975.716054596078,33612.338055162065,15289.622360148996,11238.001824213648,41489.38246058051,4507.202110890355,4965.026160023477,12682.81741194089,5223.550185569707,5123.432556671354,27127.879812587227,0.0,0.0,0.0,0.0,0.0,0.0,0.0005637922285280701,0.0017576081462666667,0.0016304651426935675,0.0017004709304486712,0.06167475492187761,0.0006582452420309943,0.0012855680426676211,0.0005647101231766083,0.0033866750680275866,0.0015366882385390807,0.010922837428927655,0.14320182479622418,0.00032304986210712376,0.0009950679284960228,0.0009318659993701406,0.0009709483055870891,0.03510529790894538,0.00037713846445617085,0.000727637468776757,0.0003239876653907005,0.0019394393339667048,0.0008735454522310103,0.006232856008282179,0.08152898208130956
2026-09-13 13:40:28.625999928,5158.822276118515,15890.264526103449,14881.22963897324,15471.908318215306,560728.254769569,6022.569701554198,11619.038793640679,5173.798170051349,30969.24830198001,13949.584380313212,99495.97418308085,1302039.9840434908,0.002956812794877039,0.002648470119751435,0.0031623937653464966,0.0006154819766514297,0.0027214861520149735,0.0031274543490549633,9913.757861032858,13975.716054596078,33726.49748880299,15289.622360148996,11085.964686170897,41466.94347534743,4399.5279052654905,4965.026160023477,12644.326344119145,5223.550185569707,5054.118453056153,27113.46611494333,0.0,0.0,0.0,0.0,0.0,0.0,0.0005662338557210527,0.0017651225485655173,0.0016375262333368423,0.0017109667117884697,0.06193605585712503,0.000661095918931579,0.0012909904028371127,0.0005671557255157894,0.003401094907108047,0.0015432796149758624,0.010972733462599072,0.14380896928684858,0.0003244326009203421,0.000999321080197172,0.000935863997295428,0.000973011123123318,0.03526357691106401,0.00037875271678663064,0.0007307084396889583,0.00032537441824989594,0.0019476216154356314,0.0008772738621396974,0.006257191265291528,0.08188384788540175
2026-09-13 13:40:43.625999928,5180.5719844514,15941.50499884615,14948.246359040848,15566.116116583604,563360.2703305715,6041.048723813734,11664.317790615127,5199.6791894410835,31115.5978199563,14004.365656035712,99939.98176484283,1308098.4740906386,0.002969367380948958,0.0026597173122906385,0.0031757243035350708,0.0005424159236176859,0.002733039170840651,0.003140628648374214,9913.757861032858,13975.716054596078,33685.11599238616,13593.633683646303,11085.964686170897,41444.504490114334,4399.5279052654905,4965.026160023477,12605.835276297403,5294.411879026284,5054.118453056153,27099.052417299434,0.0,0.0,0.0,0.0,0.0,0.0,0.0005686754829140349,0.0017726369508643679,0.0016445873239801173,0.001721462493128269,0.06219735679237244,0.0006639465958321639,0.0012964127630066046,0.0005696013278549707,0.0034155147461885057,0.0015498709914126439,0.01102262949627049,0.14441611377747296,0.0003258004159110547,0.0010025435365941023,0.0009400786043574575,0.0009789357468873688,0.03542910144523371,0.00037991484196428586,0.0007335559854986845,0.00032700204680262814,0.0019568253740105844,0.0008807189957018013,0.006285114408766782,0.08226485959281127
2026-09-13 13:40:58.625999928,5202.557997271913,16009.064870641027,15011.833435963925,15606.66405253157,564190.074821884,6066.686544326555,11708.788235294118,5221.746292005187,31241.480672268906,14063.620677222154,100337.41638577431,1312146.450499974,0.002981921967020877,0.002670964504829843,0.003180270483830892,0.0005508261861707158,0.0027445921896663283,0.003152309761395449,9913.757861032858,13975.716054596078,35526.445351319286,13804.405571696107,11085.964686170897,41173.4264783951,4399.5279052654905,4965.026160023477,12308.109407772221,5376.502746988847,5054.118453056153,26936.689453407365,0.0,0.0,0.0,0.0,0.0,0.0,0.0005711171101070175,0.0017801513531632185,0.001651648414623392,0.0017319582744680677,0.06245865772761986,0.0006667972727327486,0.0013018351231760962,0.0005720469301941521,0.003429934585268966,0.0015564623678494256,0.01107252552994191,0.14502325826809734,0.00032718309182843357,0.0010067923018647576,0.0009440775249728423,0.0009814857615258743,0.03554736008770168,0.00038152717600987,0.0007363526823529411,0.0003283898223638817,0.0019647420067226886,0.0008844454781453043,0.00631010863048314,0.08286422104591956
2026-09-13 13:41:13.625999928,5221.973742095262,16077.495597800847,15069.775910292394,15731.13136247736,564930.6106305596,6084.961333119731,11771.07478196975,5247.85832521708,31225.0174789916,14112.743595487396,100792.43878004399,1315388.1902521008,0.0029944765530927953,0.0026822116973690474,0.0031935364550170773,0.0005508261861707158,0.0027561452084920064,0.0031515143240992936,9913.757861032858,13975.716054596078,35498.57565011729,13804.405571696107,11085.964686170897,41051.33946598327,4399.5279052654905,4965.026160023477,12267.749471130453,5376.502746988847,5054.118453056153,26855.553799758356,0.0,0.0,0.0,0.0,0.0,0.0,0.0005737647795362069,0.0017859264732932206,0.0016595745190931034,0.0017295316408732582,0.06272497288302928,0.0006677359023137932,0.0013079654118798025,0.0005754337767172413,0.003448624939231074,0.0015612807672570623,0.011111557209550912,0.14574894395613,0.0003311638249888984,0.0010167286801350216,0.0009503836017432902,0.0009893133723513537,0.03582557788569203,0.0003858922257194137,0.0007464905688061487,0.0003328053570949991,0.0019802083913847885,0.0008925069474452119,0.0063676390906526265,0.08382088744999858
2026-09-13 13:41:28.625999928,5243.948945485093,16145.272007567795,15133.33919842799,15736.302404560294,565047.5838655462,6110.56817634007,11771.878991596639,5269.942456573011,31225.0174789916,14171.797221537818,101163.76126550186,1315909.44302521,0.0030070311391647143,0.002693458889908251,0.003174441609506075,0.0005504508637430481,0.0027676982273176836,0.0031293146700398515,9913.757861032858,13975.716054596078,33970.08666475391,13453.464107671049,11085.964686170897,39885.80880198859,4399.5279052654905,4965.026160023477,10396.968372265004,5239.819009644032,5054.118453056153,25685.678574576086,0.0,0.0,0.0,0.0,0.0,0.0,0.0005762072838465516,0.0017934335340276837,0.0016666392920816093,0.001739972653413919,0.06298629467559047,0.0006705784396701151,0.0013133907104909137,0.0005778833859126437,0.0034630628050502828,0.0015678646585000002,0.011161403663637366,0.14635658223661493,0.00033255743452600137,0.001021014809105013,0.0009543922550289501,0.0009922497570134352,0.035899169431788794,0.0003875161442922666,0.0007465415696631593,0.0003342058745568991,0.0019802083913847885,0.000896241570069454,0.006394289587589534,0.08402747508300736
2026-09-13 13:41:43.625999928,5274.674621848738,16198.737531113444,15234.621520991597,15802.482426619117,565250.4272268907,6138.962016806723,11787.52537815126,5301.451246005042,31282.4087394958,14221.054068176474,101660.2436054271,1316731.752605042,0.002994668208371274,0.002678976508674596,0.0031743967177557744,0.0005504508637430481,0.0027615640172295266,0.003093574814470557,8074.461375010166,14565.017612718691,33957.21151169437,13453.464107671049,9024.345375859784,36865.37748075091,2604.514661644941,2782.633297521328,10374.854022136864,5239.819009644032,2853.8629787355158,22705.835350733174,0.0,0.0,0.0,0.0,0.0,0.0,0.0005786497881568966,0.001800940594762147,0.001673704065070115,0.0017504136659545798,0.06324761646815168,0.0006734209770264368,0.0013188160091020247,0.0005803329951080459,0.003477500670869492,0.0015744485497429378,0.011211250117723816,0.14696422051709987,0.00033729352581879797,0.0010300397225648506,0.0009661395832920161,0.0009964227265661797,0.03614374736778179,0.00039256111361627,0.0007537632708198572,0.0003390057796768452,0.0020003800606284866,0.000906872147568258,0.0064611760512000216,0.08460042377394673
2026-09-13 13:41:58.625999928,5274.674621848738,16201.300840336135,15256.754621848739,15743.023803842116,565298.567394958,6138.962016806723,11787.52537815126,5304.993277310924,31282.4087394958,14230.954285714286,101685.55484510049,1317204.3630252099,0.002994668208371274,0.002678976508674596,0.003174351826005474,0.0005504508637430481,0.0027159149708854005,0.0030930366155769305,8074.461375010166,14565.017612718691,33944.33635863481,13453.464107671049,8875.171662080988,35906.680256125575,2604.514661644941,2782.633297521328,10352.73967200872,5239.819009644032,2806.688217417913,21689.592552320406,0.0,0.0,0.0,0.0,0.0,0.0,0.0005810922924672414,0.0018084476554966105,0.0016807688380586208,0.0017608546784952405,0.06350893826071288,0.0006762635143827587,0.0013242413077131359,0.0005827826043034482,0.0034919385366887004,0.0015810324409858756,0.01126109657181027,0.1475718587975848,0.00033729352581879797,0.0010302027173856206,0.0009675432062707436,0.0009978570328440536,0.036213028566648826,0.00039256111361627,0.0007537632708198572,0.00033923227786173283,0.0020003800606284866,0.0009075034813285313,0.00646921319031713,0.08480433142817706
2026-09-13 13:42:13.625999928,5274.523361344538,16192.204033613445,15250.713277310922,15809.181282102985,565252.1485714286,6124.208067226891,11785.507563025209,5304.182521008403,31295.33848739496,14229.886386554621,101737.72982884181,1317529.1253781512,0.002994668208371274,0.002678976508674596,0.0031743069342551732,0.0005504508637430481,0.0027667320319319866,0.0030932824077154948,8074.461375010166,14565.017612718691,33931.46120557527,13453.464107671049,8735.682828052804,35775.8144054104,2604.514661644941,2782.633297521328,10330.625321880576,5239.819009644032,2762.5762067622827,21612.805981814472,0.0,0.0,0.0,0.0,0.0,0.0,0.0005833167922807908,0.001813149279682778,0.0016873732481045196,0.0017578875734116338,0.06376796450503201,0.0006775563702847458,0.0013296929969054646,0.0005862329595022599,0.003513098139812778,0.0015856829049072227,0.011294233568049638,0.148228775623117,0.0003400713232003389,0.0010381101871204477,0.0009752197474415646,0.00100205036353963,0.03644174637043894,0.0003948541694287125,0.000759862622074712,0.0003419835774422709,0.002017745763988419,0.0009149555644563705,0.006517795016988316,0.08534599552467019
2026-09-13 13:42:28.625999928,5274.523361344538,16192.204033613445,15250.713277310922,15734.303156274696,565230.1825210084,6124.208067226891,11785.507563025209,5304.182521008403,31295.33848739496,14229.886386554621,101668.73753875286,1317420.9226890756,0.002994668208371274,0.002678976508674596,0.003122683112645536,0.0005534883220420962,0.0027667320319319866,0.0030952144182414243,8074.461375010166,14565.017612718691,34329.69489596447,11901.941566294145,8735.682828052804,35601.60166898396,2604.514661644941,2782.633297521328,10400.612764272619,3603.580546295645,2762.5762067622827,21533.955257638205,0.0,0.0,0.0,0.0,0.0,0.0,0.0005857583840887005,0.0018206446949605556,0.0016944360941497174,0.0017682705698168627,0.06402927687602472,0.0006803924211322035,0.0013351184026431694,0.0005886867575248588,0.0035275639078683335,0.001592258770185,0.01134401029379601,0.1488366165291962,0.0003400713232003389,0.0010381101871204477,0.0009752197474415646,0.0010025327487671984,0.036506525190099365,0.0003948541694287125,0.000759862622074712,0.0003419835774422709,0.002017745763988419,0.0009149555644563705,0.006519900431775424,0.08551255726518472
2026-09-13 13:42:43.625999928,5280.646386554622,16187.826554621848,15253.127394957985,15773.694625403026,565199.9092436975,6105.518319327731,11784.56974789916,5304.448739495799,31265.089411764704,14222.120672268906,101703.73338149606,1317540.8934453782,0.0029989406626018756,0.002678976508674596,0.003160061742685757,0.0005534883220420962,0.0027667320319319866,0.0030952640501988975,7991.476210930309,14565.017612718691,33965.51394574929,11901.941566294145,8735.682828052804,34111.39641784289,2554.5304943016686,2782.633297521328,10355.942622754908,3603.580546295645,2762.5762067622827,20113.74260405835,0.0,0.0,0.0,0.0,0.0,0.0,0.0005881999758966101,0.0018281401102383335,0.0017014989401949153,0.0017786535662220914,0.06429058924701744,0.0006832284719796611,0.0013405438083808742,0.0005911405555474576,0.0035420296759238884,0.001598834635462778,0.01139378701954238,0.14944445743527549,0.0003432568068526234,0.0010463131595891686,0.0009834350633768799,0.0010050426303571851,0.03673623991117787,0.00039687579304851345,0.0007660300436127391,0.00034480402646705743,0.002032318389045971,0.0009219723219998587,0.0065674148912349874,0.0860411043328022
2026-09-13 13:42:58.625999928,5280.646386554622,16187.826554621848,15253.127394957985,15724.44249058729,565183.6033613445,6105.518319327731,11784.56974789916,5304.448739495799,31265.089411764704,14222.120672268906,101656.42453088172,1317595.2897478992,0.00299714891592963,0.002677987694369353,0.003160030418221496,0.0005624981269956401,0.002767072270294864,0.0030931533835220335,8055.825168323507,14246.855179681903,33936.78682572434,11569.692442787844,8851.625638303347,33987.690722548105,2523.693570047667,2721.6303663487283,10329.284591824711,3502.9846501284383,2745.3106780853045,20048.73840178814,0.0,0.0,0.0,0.0,0.0,0.0,0.0005906415677045197,0.001835635525516111,0.0017085617862401129,0.0017890365626273203,0.06455190161801015,0.0006860645228271187,0.0013459692141185792,0.0005935943535700565,0.003556495443979445,0.0016054105007405556,0.011443563745288753,0.1500522983413547,0.0003432568068526234,0.0010463131595891686,0.0009834350633768799,0.0010071572259083986,0.03680136959308952,0.00039687579304851345,0.0007660300436127391,0.00034480402646705743,0.002032318389045971,0.0009219723219998587,0.0065709140521587935,0.08621825043885731
2026-09-13 13:43:13.625999928,5284.207058823529,16212.575798319327,15250.368403361344,15764.043835116,565196.796302521,6089.533109243698,11784.657478991596,5306.80537815126,31272.830924369748,14229.281344537814,101730.73850156707,1317891.8843697477,0.00299714891592963,0.002678095235386632,0.0031599990937572348,0.0005624981269956401,0.002767072270294864,0.0030812899298867285,8055.825168323507,14442.642336887428,33908.05970569939,11569.692442787844,8851.625638303347,33579.33143595596,2523.693570047667,2692.1234425348316,10302.62656089451,3502.9846501284383,2745.3106780853045,19677.07302934093,0.0,0.0,0.0,0.0,0.0,0.0,0.0005933891223127778,0.001843924900331694,0.0017152710141505557,0.001787822111097778,0.06480809375085468,0.0006884773023566668,0.0013528755941016044,0.0005966710846950002,0.0035758261748049186,0.0016110112845622955,0.011483850414148076,0.1506566350250222,0.00034628084800790904,0.0010564094374659197,0.0009913166643372644,0.0010096937088598073,0.03703389734382235,0.0003990548942475814,0.0007722636792768872,0.00034776174478073576,0.002049348614001836,0.0009299563873059809,0.006621022733176008,0.08675855703160788
2026-09-13 13:43:28.625999928,5284.207058823529,16212.575798319327,15250.368403361344,15704.900984648708,565141.4379831932,6089.533109243698,11784.657478991596,5306.80537815126,31272.830924369748,14229.281344537814,101675.20606963144,1317817.8090756303,0.00299714891592963,0.002678095235386632,0.0031599677692929736,0.0005624981269956401,0.002767072270294864,0.003055948370553007,8055.825168323507,14442.642336887428,33879.332585674434,11569.692442787844,8851.625638303347,33313.92185625523,2523.693570047667,2692.1234425348316,10275.968529964312,3502.9846501284383,2745.3106780853045,19422.779605128344,0.0,0.0,0.0,0.0,0.0,0.0,0.0005958319737016668,0.0018514235574355192,0.0017223324044283337,0.0017951510777644447,0.06506938557907609,0.0006913116106900001,0.0013583069489403138,0.0005991274471950001,0.0035903118073185797,0.0016175831684420766,0.01153089584255687,0.15126446016374948,0.00034628084800790904,0.0010564094374659197,0.0009913166643372644,0.001011179577154445,0.03709645462654711,0.0003990548942475814,0.0007722636792768872,0.00034776174478073576,0.002049348614001836,0.0009299563873059809,0.0066239933143661224,0.08692730366737147
2026-09-13 13:43:43.625999928,5290.003361344538,16201.204033613445,15253.774789915966,15744.74463766595,565054.3482352941,6065.909243697479,11777.188235294116,5302.742521008403,31215.55764705882,14215.017478991596,101692.13223493981,1317999.9630252102,0.00299714891592963,0.002678095235386632,0.0031599364448287124,0.0005624981269956401,0.0027635153608840416,0.0030784021074257133,8055.825168323507,14442.642336887428,33850.60546564948,11569.692442787844,8654.120115872245,33147.975862598745,2523.693570047667,2692.1234425348316,10249.310499034113,3502.9846501284383,2684.054809178624,19316.265386581847,0.0,0.0,0.0,0.0,0.0,0.0,0.0005982748250905557,0.0018589222145393445,0.0017293937947061113,0.0018024800444311113,0.06533067740729748,0.0006941459190233333,0.0013637383037790236,0.000601583809695,0.003604797439832241,0.0016241550523218584,0.011577941270965666,0.15187228530247676,0.00034945633782924927,0.0010641590856844071,0.0009995993742814772,0.0010137449602950102,0.03732234828492934,0.00040071249205564575,0.0007779981957488877,0.0003502978836240379,0.0020620921601581803,0.0009365364954941978,0.006670406896507838,0.08746026042661377
2026-09-13 13:43:58.625999928,5290.003361344538,16201.204033613445,15253.774789915966,15695.412454934092,565016.1065546218,6065.909243697479,11777.188235294116,5302.742521008403,31215.55764705882,14215.017478991596,101636.10112493564,1317830.9747899158,0.0030001927715676427,0.002680079688836195,0.0031557290236791076,0.0005624981269956401,0.0027635153608840416,0.003090102374931169,10503.175577290953,16978.75485356144,33052.61382069321,11569.692442787844,8654.120115872245,33447.33931236378,2477.1748156761173,2641.9271792742047,10031.06472716132,3502.9846501284383,2684.054809178624,19460.616723915387,0.0,0.0,0.0,0.0,0.0,0.0,0.0006007176764794445,0.001866420871643169,0.001736455184983889,0.001809809011097778,0.06559196923551888,0.0006969802273566667,0.0013691696586177332,0.000604040172195,0.0036192830723459028,0.0016307269362016395,0.01162498669937446,0.15248011044120408,0.00034945633782924927,0.0010641590856844071,0.0009995993742814772,0.0010158674147960995,0.03738599228535123,0.00040071249205564575,0.0007779981957488877,0.0003502978836240379,0.0020620921601581803,0.0009365364954941978,0.006673343489963621,0.08762267149603305
2026-09-13 13:44:13.625999928,5294.73781512605,16201.315966386554,15274.282689075631,15735.53414707227,565003.585210084,6042.563697478992,11781.142184873948,5304.324705882354,31206.034285714286,14199.803697478992,101680.39520788017,1317599.2890756303,0.002998303820610562,0.0026797261894941646,0.0031574841751914246,0.0005617987379031485,0.0027637462318655173,0.003089667690271181,10750.187030374074,17301.77467665272,33843.60120844818,11686.871810952205,8808.36769837638,33562.026221822984,2532.7543449088234,2690.222069251928,10310.528406099798,3538.463339818879,2727.850896209986,19537.8227506412,0.0,0.0,0.0,0.0,0.0,0.0,0.0006035183370426229,0.001872496087723656,0.0017447991216065575,0.0018142455146000003,0.06584253917759748,0.0006989319056213117,0.0013741074114819764,0.0006065797313573772,0.003635458890523118,0.001636594603853226,0.011668532951842388,0.15304679327631257,0.00035256724745427574,0.0010726571275350139,0.0010090154063978533,0.0010184642449072346,0.03761675328297827,0.0004023636532674246,0.0007844854678398418,0.00035320562159169553,0.002077954753613445,0.0009430384415111927,0.0067215803800609,0.08812804965630017
2026-09-13 13:44:28.625999928,5294.73781512605,16201.315966386554,15274.282689075631,15690.985699839308,564962.2820168067,6042.563697478992,11781.142184873948,5304.324705882354,31206.034285714286,14199.803697478992,101630.3010349028,1317529.3038655461,0.002998303820610562,0.0026797261894941646,0.0031574074947391404,0.0005617987379031485,0.0027637462318655173,0.0030756316166677465,10750.187030374074,17301.77467665272,33800.607891407504,11686.871810952205,8808.36769837638,31975.64964815799,2532.7543449088234,2690.222069251928,10279.182146185642,3538.463339818879,2727.850896209986,18100.72953961676,0.0,0.0,0.0,0.0,0.0,0.0,0.000605962637589071,0.0018799890258956989,0.001751865706306011,0.001821554792377778,0.06610378852676117,0.0007017626392278689,0.00137953681492113,0.000609036430810929,0.0036499513139102158,0.0016431636589607527,0.011715555402280135,0.15365445288074595,0.00035256724745427574,0.0010726571275350139,0.0010090154063978533,0.0010209063491360575,0.03768016699740356,0.0004023636532674246,0.0007844854678398418,0.00035320562159169553,0.002077954753613445,0.0009430384415111927,0.006724910083936345,0.0882969537723102
2026-09-13 13:44:43.625999928,5316.174453781512,16175.595630252103,15269.759999999998,15731.352179924656,564794.0137815126,6024.805714285713,11778.782521008401,5316.879327731092,31159.624537815125,14169.627226890758,101580.24946650147,1318659.7068907563,0.002998303820610562,0.0026797261894941646,0.0031573308142868566,0.0005617987379031485,0.0027637462318655173,0.0030781958385239436,10750.187030374074,17301.77467665272,33757.61457436684,11686.871810952205,8808.36769837638,31931.753104317417,2532.7543449088234,2690.222069251928,10247.835886271485,3538.463339818879,2727.850896209986,18121.325113174964,0.0,0.0,0.0,0.0,0.0,0.0,0.0006084069381355191,0.0018874819640677422,0.0017589322910054645,0.0018288640701555556,0.06636503787592485,0.0007045933728344263,0.0013849662183602833,0.0006114931302644809,0.003664443737297312,0.0016497327140682799,0.01176257785271788,0.1542621124851793,0.0003568041569437186,0.0010794314451876752,0.0010167863717647056,0.0010235327230681828,0.037900447953981495,0.0004043651581272508,0.0007905531700981566,0.00035685146576654186,0.002091331588260716,0.0009485226965327308,0.006766330466402259,0.08888144205389534
2026-09-13 13:44:58.625999928,5316.174453781512,16175.595630252103,15269.759999999998,15663.851176717368,564748.2786554622,6024.805714285713,11778.782521008401,5316.879327731092,31159.624537815125,14169.627226890758,101513.28740424998,1319004.2994957983,0.002998303820610562,0.0026797261894941646,0.0031572541338345727,0.0005617987379031485,0.0027637462318655173,0.003087993499594276,10750.187030374074,17301.77467665272,33714.621257326166,11686.871810952205,8808.36769837638,32141.820888998638,2532.7543449088234,2690.222069251928,10216.489626357328,3538.463339818879,2727.850896209986,18205.294823983,0.0,0.0,0.0,0.0,0.0,0.0,0.0006108512386819672,0.001894974902239785,0.0017659988757049176,0.0018361733479333336,0.06662628722508854,0.0007074241064409836,0.0013903956217994366,0.0006139498297180328,0.003678936160684409,0.0016563017691758068,0.011809600303155626,0.15486977208961264,0.0003568041569437186,0.0010794314451876752,0.0010167863717647056,0.0010244854840736567,0.037963517434864716,0.0004043651581272508,0.0007905531700981566,0.00035685146576654186,0.002091331588260716,0.0009485226965327308,0.006768328405890423,0.0890738177406025
2026-09-13 13:45:13.625999928,5345.531092436974,16165.427899159664,15258.624201680674,15704.362259372236,564597.9468907563,6008.076302521008,11786.499831932773,5317.798991596638,31160.04201680672,14157.217815126049,101959.4396869551,1319565.6968067228,0.002998303820610562,0.0026797261894941646,0.0031070664366710347,0.0005617987379031485,0.0027945871764877414,0.003097206910247649,10750.187030374074,17301.77467665272,34175.912372162355,11686.871810952205,11291.297655207416,31753.952114711406,2532.7543449088234,2690.222069251928,10352.670340236515,3538.463339818879,5372.6836728220205,18150.81825726846,0.0,0.0,0.0,0.0,0.0,0.0,0.000615392982854301,0.0018967344724444446,0.0017748525027408597,0.0018388777669138138,0.06686266377111223,0.0007094283250887097,0.0013953066892934524,0.000617280191733871,0.003691528905905291,0.0016596681899476195,0.011842172453663384,0.1556615427475419,0.00036159947393545646,0.0010876192207088869,0.0010241087066902054,0.0010271350889285412,0.038184835073545836,0.0004064174714893015,0.0007973000371838145,0.00035972353066591334,0.0021078270065673322,0.0009551737826104557,0.006843264210954152,0.08962259375380278
2026-09-13 13:45:28.625999928,5345.531092436974,16165.427899159664,15258.624201680674,15643.108303917998,564546.9357983193,6008.076302521008,11786.499831932773,5317.798991596638,31160.04201680672,14157.217815126049,102259.30717045092,1319676.1442016806,0.003043595290401681,0.002626760469226974,0.0031514921360484387,0.0005617987379031485,0.0027932003500652828,0.0032013491950291253,13207.039101561966,17458.48834510218,34726.59571278854,11686.871810952205,8591.60353124106,34140.33628396175,4993.9153065363735,2693.385716359558,10542.401470658762,3538.463339818879,2772.6076748131427,20479.94913865029,0.0,0.0,0.0,0.0,0.0,0.0,0.0006178456428005377,0.001904204736994709,0.0017819262097301073,0.0018461565304273273,0.06712381584173475,0.0007122557646048388,0.001400734074710119,0.000619740373185484,0.00370601381463545,0.0016662245801592592,0.011889122738047424,0.15626991999018414,0.00036159947393545646,0.0010876192207088869,0.0010241087066902054,0.0010284948681838608,0.03824750004870255,0.0004064174714893015,0.0007973000371838145,0.00035972353066591334,0.0021078270065673322,0.0009551737826104557,0.006869893072966977,0.08979850499509393
2026-09-13 13:45:43.625999928,5377.404705882353,16127.993949579832,15244.07294117647,15683.903563551457,564445.8302521008,5993.228571428571,11780.764033613445,5311.803025210084,31141.025546218487,14167.488403361345,102434.64605792401,1319984.3677310925,0.003043595290401681,0.0026742168162381123,0.003204106484716992,0.0005617987379031485,0.0027932003500652828,0.003273676218681348,13207.039101561966,19618.126958075864,36404.939037098666,11686.871810952205,8591.60353124106,38015.34491180403,4993.9153065363735,5202.622663848177,12877.85808539371,3538.463339818879,2772.6076748131427,24145.32742114896,0.0,0.0,0.0,0.0,0.0,0.0,0.0006202983027467743,0.0019116750015449738,0.0017889999167193544,0.001853435293940841,0.06738496791235728,0.0007150832041209677,0.001406161460126786,0.0006222005546370967,0.003720498723365609,0.0016727809703708995,0.011936073022431461,0.1568782972328263,0.00036659741101334643,0.0010940457918156925,0.001031188231972318,0.0010311770534864283,0.038472011139045116,0.00040858038367346926,0.0008031379133055573,0.0003621251037186639,0.0021229979824758135,0.0009633539360139347,0.006927022883340319,0.09032849769056456
2026-09-13 13:45:58.625999928,5377.404705882353,16127.993949579832,15244.07294117647,15630.706207592173,564446.6198319327,5993.228571428571,11780.764033613445,5311.803025210084,31141.025546218487,14167.488403361345,102589.59898821148,1320131.5623529411,0.003043595290401681,0.0027139496707886948,0.003204432142028729,0.0005641951588232926,0.0027932003500652828,0.0033597906768386286,13207.039101561966,19909.608254673425,36359.85557756378,11588.855869116192,8591.60353124106,41747.55613505325,4993.9153065363735,5279.9219495040925,12856.885798445594,3523.317854902645,2772.6076748131427,27701.355837209652,0.0,0.0,0.0,0.0,0.0,0.0,0.0006227509626930109,0.0019191452660952382,0.001796073623708602,0.0018607140574543543,0.0676461199829798,0.0007179106436370968,0.0014115888455434524,0.0006246607360887097,0.0037349836320957675,0.0016793373605825399,0.011983023306815499,0.1574866744754685,0.00036659741101334643,0.0010940457918156925,0.001031188231972318,0.0010330700171852518,0.038538168160335506,0.00040858038367346926,0.0008031379133055573,0.0003621251037186639,0.0021229979824758135,0.0009633539360139347,0.006944021601718487,0.0905062180510598
2026-09-13 13:46:13.625999928,5408.171092436975,16113.158319327731,15228.716974789917,15671.77396522643,564355.6789915967,5982.924705882352,11791.300840336133,5338.645714285713,31152.678655462183,14167.536806722688,102710.9907579939,1320659.7035294117,0.003043595290401681,0.0027139496707886948,0.0032047577993404657,0.0005641951588232926,0.0027932003500652828,0.003405654292786808,13207.039101561966,19909.608254673425,36314.77211802889,11588.855869116192,8591.60353124106,44093.18389023503,4993.9153065363735,5279.9219495040925,12835.91351149748,3523.317854902645,2772.6076748131427,30072.032758021305,0.0,0.0,0.0,0.0,0.0,0.0,0.0006316528997873015,0.0019220227379171879,0.0018012333314634918,0.0018647733209084796,0.06788443552130133,0.0007204065423444445,0.0014174100209994227,0.0006251011469825397,0.003749306573419272,0.0016850667363244795,0.01215946528848385,0.15818993203326576,0.0003715529682367064,0.0011020773161847788,0.0010381975174578062,0.0010357842815647061,0.038763283021388664,0.0004110397757785466,0.0008100876898524112,0.00036677642545018,0.0021402559248075697,0.0009708444596586867,0.006997661759234435,0.09104971066858074
2026-09-13 13:46:28.625999928,5408.171092436975,16113.158319327731,15228.716974789917,15604.969981788088,564327.8531092437,5982.924705882352,11791.300840336133,5338.645714285713,31152.678655462183,14167.536806722688,102844.28652941072,1320656.8023529411,0.003043595290401681,0.0027139496707886948,0.003205083456652203,0.0005641951588232926,0.002791107969464121,0.0034340391048478056,13207.039101561966,19909.608254673425,36269.68865849402,11588.855869116192,8819.418557518793,46163.767569391886,4993.9153065363735,5279.9219495040925,12814.941224549366,3523.317854902645,2845.319504917272,32182.23421462815,0.0,0.0,0.0,0.0,0.0,0.0,0.000634130860104762,0.0019294751220317711,0.0018082995298761906,0.0018720313011716375,0.06814549949475886,0.0007232326812333334,0.0014228389145891666,0.0006275534049190478,0.0037637908377421885,0.0016916199042932298,0.012227753625694063,0.15879867461908306,0.0003715529682367064,0.0011020773161847788,0.0010381975174578062,0.0010367796633240676,0.038827461070794794,0.0004110397757785466,0.0008100876898524112,0.00036677642545018,0.0021402559248075697,0.0009708444596586867,0.007013276244619134,0.09121640964699042
2026-09-13 13:46:43.625999928,5438.495798319327,16079.375798319326,15212.68336134454,15646.358880039836,564224.5482352941,5959.999663865547,11787.011092436975,5338.561008403361,31130.585546218488,14159.262857142856,102950.82099972143,1320695.2921008402,0.003043595290401681,0.0027139496707886948,0.00320540911396394,0.0005641951588232926,0.002791107969464121,0.003428025726798622,13207.039101561966,19909.608254673425,36224.605198959136,11588.855869116192,8819.418557518793,43150.75283703523,4993.9153065363735,5279.9219495040925,12793.968937601252,3523.317854902645,2845.319504917272,29372.534383104674,0.0,0.0,0.0,0.0,0.0,0.0,0.0006366088204222223,0.0019369275061463542,0.001815365728288889,0.0018792892814347949,0.06840656346821639,0.0007260588201222224,0.00142826780817891,0.0006300056628555556,0.003778275102065105,0.0016981730722619793,0.012296041962904278,0.15940741720490037,0.0003765104663512463,0.0011088881650611155,0.0010451440165525033,0.0010395295031536144,0.03905162357376273,0.0004126145052072594,0.0008160221516898523,0.0003695919183278016,0.002155189912147447,0.0009777603388235294,0.007066021428615801,0.09172438220501135
2026-09-13 13:46:58.625999928,5438.495798319327,16079.375798319326,15212.68336134454,15584.828534262411,564194.0389915967,5959.999663865547,11787.011092436975,5338.561008403361,31130.585546218488,14159.262857142856,103092.50920213865,1320632.4675630252,0.00302402665230909,0.0027139496707886948,0.0032066688247327146,0.0005582238009531541,0.002740292787408323,0.0034487951891344877,13270.719241044704,19909.608254673425,34243.855521800775,11764.591857850402,8658.851368957956,44152.161717893454,5147.178695109086,5279.9219495040925,10361.777330181358,3576.7462307362152,2793.517342395754,30331.836803856175,0.0,0.0,0.0,0.0,0.0,0.0,0.0006390867807396826,0.0019443798902609379,0.0018224319267015874,0.0018865472616979532,0.06866762744167391,0.0007288849590111113,0.001433696701768654,0.0006324579207920636,0.003792759366388022,0.0017047262402307293,0.012364330300114489,0.16001615979071768,0.0003765104663512463,0.0011088881650611155,0.0010451440165525033,0.001040874244520711,0.03911558556445111,0.0004126145052072594,0.0008160221516898523,0.0003695919183278016,0.002155189912147447,0.0009777603388235294,0.007082291743283429,0.09188610486328705
2026-09-13 13:47:13.625999928,5466.823865546218,16059.233949579833,15197.130756302518,15626.522210258227,564087.9176470588,5948.125714285713,11791.812100840338,5348.277983193278,31130.476638655462,14152.58319327731,103227.59148332021,1320621.331764706,0.003080148842356361,0.0027139496707886948,0.003206981753604292,0.0005674099785611227,0.002819330402746708,0.003495274659253233,13517.007357169998,19909.608254673425,34223.44061914737,11958.190966499918,9336.666833454115,43519.819161616586,5242.703957994451,5279.9219495040925,10371.54392604744,3635.6054661863573,3561.266557636401,29738.118537162034,0.0,0.0,0.0,0.0,0.0,0.0,0.00064812458863125,0.0019474052187497442,0.0018268816059421877,0.0018904125601307692,0.06890771105773338,0.0007303984637765627,0.001440045962568182,0.0006370936748859375,0.0038071375701307694,0.0017103097024312825,0.012408395500410598,0.16070719625408714,0.0003813607326262269,0.0011167132453282114,0.0010521068693340864,0.001043658867617977,0.03933944235603023,0.00041493591817527004,0.000822586242463103,0.0003730910781329002,0.002171634146243909,0.0009847784078807992,0.007137124888589505,0.09238864442952047
2026-09-13 13:47:28.625999928,5466.823865546218,16059.233949579833,15197.130756302518,15575.367765858886,564066.828907563,5948.125714285713,11791.812100840338,5348.277983193278,31130.476638655462,14152.58319327731,103393.813130532,1320630.0171428572,0.003080148842356361,0.002740206385066365,0.0032529251558336154,0.0005586685873307928,0.002819330402746708,0.0035165855137158307,13517.007357169998,17420.53397482497,33671.299720807016,11773.965750880254,9336.666833454115,44250.6821453703,5242.703957994451,3120.563995090069,10444.941345427938,3579.596141465542,3561.266557636401,30469.508751249698,0.0,0.0,0.0,0.0,0.0,0.0,0.00065062788550625,0.001954840631570257,0.0018339376983901043,0.0018976491904726493,0.06916869556561994,0.0007332195327869794,0.0014454783299924245,0.0006395543662921875,0.0038216214226948725,0.0017168591524312823,0.012476387792992061,0.16131625180340725,0.0003813607326262269,0.0011167132453282114,0.0010521068693340864,0.001045701192616538,0.0394040303556678,0.00041493591817527004,0.000822586242463103,0.0003730910781329002,0.002171634146243909,0.0009847784078807992,0.007155178778099152,0.09255453293127497
2026-09-13 13:47:43.625999928,5496.437647058824,16024.002352941176,15191.143865546219,15617.411982525555,563927.5058823529,5937.358991596639,11782.848403361344,5363.022857142857,31096.40974789916,14143.28974789916,103378.65950273396,1321307.2062871282,0.003080148842356361,0.002740206385066365,0.0032535196669222187,0.0005563043790867881,0.002819330402746708,0.0035105509546915843,13517.007357169998,17420.53397482497,33647.65935731605,11724.139955186503,9336.666833454115,43845.686224444005,5242.703957994451,3120.563995090069,10455.091231794342,3564.447785356432,3561.266557636401,30097.729532651185,0.0,0.0,0.0,0.0,0.0,0.0,0.00065313118238125,0.001962276044390769,0.0018409937908380213,0.0019048858208145299,0.0694296800735065,0.000736040601797396,0.0014509106974166669,0.0006420150576984375,0.0038361052752589747,0.0017234086024312822,0.012544380085573527,0.16192530735272737,0.00038633131017301033,0.0011235629338201486,0.0010603085591838085,0.0010485239630430145,0.039625446099244156,0.0004173226052001977,0.0008281879198022737,0.0003769539072268907,0.002185691440711814,0.0009921816560047342,0.0072011121353419754,0.09311050066881718
2026-09-13 13:47:58.625999928,5496.437647058824,16024.002352941176,15191.143865546219,15562.619260589974,563905.4248739495,5937.358991596639,11782.848403361344,5363.022857142857,31096.40974789916,14143.28974789916,103478.85854978004,1321699.7097720585,0.003080148842356361,0.002740206385066365,0.003254114178010822,0.0005769502472214944,0.002822108728460264,0.0035131848467308134,13517.007357169998,17420.53397482497,33624.018993825084,11574.112400192033,9499.022913277084,44331.90527334426,5242.703957994451,3120.563995090069,10465.241118160744,3520.093114121528,3623.193719418673,30563.224078334373,0.0,0.0,0.0,0.0,0.0,0.0,0.0006556344792562501,0.0019697114572112826,0.0018480498832859375,0.0019121224511564104,0.06969066458139306,0.0007388616708078126,0.0014563430648409095,0.0006444757491046874,0.0038505891278230774,0.0017299580524312822,0.012612372378154988,0.16253436290204748,0.00038633131017301033,0.0011235629338201486,0.0010603085591838085,0.0010503291871700076,0.0396899343591293,0.0004173226052001977,0.0008281879198022737,0.0003769539072268907,0.002185691440711814,0.0009921816560047342,0.007214668489279157,0.0933028829454184
2026-09-13 13:48:13.625999928,5524.396638655462,16021.031596638655,15190.850420168066,15605.006299876924,563862.6181512605,5917.023529411764,11779.68100840336,5364.226890756302,31061.244705882353,14159.613781512604,103405.22211345527,1321465.0363261781,0.003080148842356361,0.002740206385066365,0.0032556394052148585,0.0005769502472214944,0.002822108728460264,0.003495430035817954,13517.007357169998,17420.53397482497,34560.99790465478,11574.112400192033,9499.022913277084,47005.02774187734,5242.703957994451,3120.563995090069,10690.751655136135,3520.093114121528,3623.193719418673,33190.6094054975,0.0,0.0,0.0,0.0,0.0,0.0,0.0006640324647487181,0.0019733254359045453,0.001851554316033334,0.0019174854434461112,0.06992662973931073,0.0007405563363753849,0.0014617195431178653,0.0006492340924492308,0.003861834567310606,0.001735139352920707,0.012625618518523502,0.16329557164260078,0.0003912160024857002,0.0011327599906096075,0.001069001708667603,0.0010531899102767884,0.03991804328835078,0.00041902029184379624,0.000834190594212273,0.00037987341204717175,0.0021996349612259016,0.0010014773484209774,0.007256681250239292,0.09379372264480912
2026-09-13 13:48:28.625999928,5524.396638655462,16021.031596638655,15190.850420168066,15585.518347302394,563858.8517647058,5917.023529411764,11779.68100840336,5364.226890756302,31061.244705882353,14159.613781512604,103453.95879150803,1321579.7778997596,0.003088255960369276,0.002740206385066365,0.0032562204038618105,0.0005769502472214944,0.002822108728460264,0.0034968159090621896,13193.232812026723,17420.53397482497,34524.26499539657,11574.112400192033,9499.022913277084,47316.443353650124,5122.038151514286,3120.563995090069,10697.966241261582,3520.093114121528,3623.193719418673,33406.18077683436,0.0,0.0,0.0,0.0,0.0,0.0,0.000666558182697436,0.0019807464220156566,0.0018585968993666672,0.0019247105726127778,0.07018752077696339,0.0007433731209907694,0.0014671517023218455,0.0006517035232184616,0.0038763061897853536,0.0017416836370116161,0.012691057331018647,0.16390525413464813,0.0003912160024857002,0.0011327599906096075,0.001069001708667603,0.0010573964805783644,0.039983811021071305,0.00041902029184379624,0.000834190594212273,0.00037987341204717175,0.0021996349612259016,0.0010014773484209774,0.007266686576243687,0.09396588650699725
2026-09-13 13:48:43.625999928,5554.984537815127,16000.417815126048,15183.48100840336,15628.425899764428,563755.0366594404,5891.772100840336,11770.324033613444,5363.597647058823,30995.924369747903,14166.965042016805,103353.85923526836,1321773.7528831786,0.003088255960369276,0.002740167986817736,0.0032568014025087626,0.0005818628604065541,0.002823159868024725,0.00351696447664629,13193.232812026723,17461.080835229386,34487.532086138344,11865.383986637353,9249.725237097837,48198.264073412975,5122.038151514286,3127.0795330456845,10705.180827387027,3608.6790091201296,3530.220578655683,32711.01574879282,0.0,0.0,0.0,0.0,0.0,0.0,0.0006690839006461539,0.0019881674081267675,0.0018656394827000003,0.0019319357017794445,0.07044841181461602,0.0007461899056061539,0.0014725838615258255,0.0006541729539876923,0.0038907778122601005,0.0017482279211025254,0.01275649614351379,0.16451493662669547,0.00039631780442059175,0.0011408049833691613,0.001077291769325576,0.0010603075351838366,0.04020752712730998,0.00042034575744650794,0.0008397483281124212,0.0003826633951557092,0.002211389898312266,0.0010102449766017855,0.007306932175347472,0.09448604453130797
2026-09-13 13:48:58.625999928,5554.984537815127,16000.417815126048,15183.48100840336,15588.555757996592,563750.7106090202,5891.772100840336,11770.324033613444,5363.597647058823,30995.924369747903,14166.965042016805,103374.77179059997,1322043.2323942469,0.003090265789376286,0.002740167986817736,0.003257382401155714,0.0005818628604065541,0.0028251070636219474,0.0035146355920189372,10876.27376716037,17461.080835229386,34450.79917688013,11865.383986637353,9460.57020295316,48820.88012785764,2788.697747106597,3127.0795330456845,10712.395413512473,3608.6790091201296,3609.969766753795,33349.33216876379,0.0,0.0,0.0,0.0,0.0,0.0,0.0006716096185948719,0.001995588394237879,0.0018726820660333336,0.001939160830946111,0.07070930285226867,0.0007490066902215385,0.0014780160207298056,0.0006566423847569231,0.003905249434734849,0.0017547722051934344,0.012821934956008932,0.1651246191187428,0.00039631780442059175,0.0011408049833691613,0.001077291769325576,0.0010631555490440135,0.040273240294821086,0.00042034575744650794,0.0008397483281124212,0.0003826633951557092,0.002211389898312266,0.0010102449766017855,0.007315000746202887,0.09466869998923232
2026-09-13 13:49:13.625999928,5588.98487394958,16005.618151260502,15164.860840336132,15631.860505500892,563720.1307563025,5870.73781512605,11775.590924369748,5363.470588235294,30956.10352941177,14178.89949579832,103347.18803716527,1322429.0602406906,0.003090265789376286,0.002740167986817736,0.0032604676296459946,0.0005818628604065541,0.0028251070636219474,0.0035149090310444392,10876.27376716037,17461.080835229386,33485.589769110244,11865.383986637353,9460.57020295316,48833.998943212384,2788.697747106597,3127.0795330456845,10393.82178301442,3608.6790091201296,3609.969766753795,33378.39615945166,0.0,0.0,0.0,0.0,0.0,0.0,0.000679842318238889,0.0020021836831263682,0.0018785417598666668,0.0019489216277761515,0.07096459890465295,0.0007484337329722223,0.0014831200958646256,0.0006604156329888889,0.003914110745825871,0.0017626658065517415,0.01279583974836583,0.16580411280588017,0.0004016971985594237,0.0011507925050626565,0.0010848693284129924,0.001066108977400295,0.04050211916489742,0.0004219476321728691,0.0008463472334213684,0.00038548880672268894,0.0022249085203361343,0.0010194452686195852,0.007360476497753993,0.09520179099776022
2026-09-13 13:49:28.625999928,5588.98487394958,16005.618151260502,15164.860840336132,15600.733997026238,563702.7357983193,5870.73781512605,11775.590924369748,5363.470588235294,30956.10352941177,14178.89949579832,103368.25114318955,1322302.3300234592,0.003090265789376286,0.002740167986817736,0.0032610634418149395,0.0005721207417244376,0.0028251070636219474,0.003510639796571285,10876.27376716037,17461.080835229386,33443.45419262286,11666.722090729543,9460.57020295316,47535.838954861334,2788.697747106597,3127.0795330456845,10399.140643562903,3548.2589658681045,3609.969766753795,31983.128081376606,0.0,0.0,0.0,0.0,0.0,0.0,0.0006823894179863638,0.0020096015985492537,0.0018855799113818184,0.001956161948914363,0.07122546929858405,0.000751237817568182,0.001488551052972469,0.0006628899486454546,0.003928561504532339,0.0017692151087905475,0.012856584632324409,0.16641403577741953,0.0004016971985594237,0.0011507925050626565,0.0010848693284129924,0.001069573819515611,0.040566885460336446,0.0004219476321728691,0.0008463472334213684,0.00038548880672268894,0.0022249085203361343,0.0010194452686195852,0.007368576340572594,0.09535540916466026
2026-09-13 13:49:43.625999928,5622.885378151261,16010.382857142855,15169.791932773109,15644.473854855905,563661.4810084034,5848.971428571427,11768.188235294117,5360.911260504202,30883.922016806722,14170.32907563025,103324.01917210454,1322445.8747224545,0.003090265789376286,0.002740167986817736,0.0031989565275583913,0.0005830898628207446,0.0028251070636219474,0.0034978434589433803,10876.27376716037,17461.080835229386,34067.11660894907,13362.397582000933,9460.57020295316,49637.928769756916,2788.697747106597,3127.0795330456845,10559.356923085033,3494.0747648941897,3609.969766753795,34008.19083017179,0.0,0.0,0.0,0.0,0.0,0.0,0.0006849365177338385,0.0020170195139721397,0.0018926180628969702,0.0019634022700525744,0.07148633969251512,0.0007540419021641414,0.001493982010080312,0.0006653642643020202,0.003943012263238807,0.0017757644110293536,0.012917329516282987,0.16702395874895887,0.00040710530158039683,0.0011608678644705879,0.0010942262853384347,0.0010725725891127895,0.04079495595261067,0.00042347426938775496,0.0008520344090954026,0.0003881379840915189,0.002236042092462396,0.001027269453321386,0.007412994975233952,0.09587007963861234
2026-09-13 13:49:58.625999928,5622.885378151261,16010.382857142855,15169.791932773109,15604.264182497693,563686.0487394958,5848.971428571427,11768.188235294117,5360.911260504202,30883.922016806722,14170.32907563025,103332.66184763088,1322570.5765203778,0.0030893002080359215,0.0027475149506342163,0.0032127778252382605,0.0005830898628207446,0.0028251070636219474,0.0034904462241364316,10586.538448115127,19277.747161282776,34193.612023780945,13362.397582000933,9460.57020295316,49667.50289741681,2717.2534679401037,7589.856635263613,10603.907661164321,3494.0747648941897,3609.969766753795,34055.97661410112,0.0,0.0,0.0,0.0,0.0,0.0,0.0006874836174813133,0.0020244374293950248,0.0018996562144121213,0.001970642591190786,0.0717472100864462,0.0007568459867601012,0.001499412967188155,0.000667838579958586,0.003957463021945273,0.0017823137132681592,0.012978074400241566,0.16763388172049823,0.00040710530158039683,0.0011608678644705879,0.0010942262853384347,0.0010754354371133872,0.040862748172993436,0.00042347426938775496,0.0008520344090954026,0.0003881379840915189,0.002236042092462396,0.001027269453321386,0.007420222545135564,0.09604121487762345
2026-09-13 13:50:13.625999928,5655.267226890756,16027.556974789914,15159.20974789916,15648.367275530243,563656.3411764706,5828.339495798319,11768.63899159664,5358.593949579831,30835.409747899157,14164.593277310923,103320.37712537205,1322594.990261821,0.00304452460448137,0.0027475149506342163,0.0032601748640970554,0.0005678865233139385,0.0028298310327022525,0.003497457077010204,10717.073654364267,19277.747161282776,34807.556324601326,13558.349371615,13214.679549553743,53601.736016941875,2750.758021256292,7589.856635263613,10761.863028179372,3545.3133393359963,7137.540356544775,37751.68413162182,0.0,0.0,0.0,0.0,0.0,0.0,0.0006958339535626867,0.002033747871440196,0.0019064289100029852,0.001978332613815873,0.07201128121250852,0.0007562667438074628,0.0015039970804944587,0.000671111540358209,0.003963177405826961,0.001788872936009804,0.012972935644925777,0.16831027122007733,0.0004124384804462962,0.0011719716365411962,0.0011025652090843987,0.0010784749927488727,0.04109163189911272,0.000425060636169762,0.0008582865120033895,0.0003908021066421862,0.002248825569177318,0.0010353884308464253,0.007467065829561665,0.0965462177638288
2026-09-13 13:50:28.625999928,5655.267226890756,16027.556974789914,15159.20974789916,15578.34732299323,563619.4608403362,5828.339495798319,11768.63899159664,5358.593949579831,30835.409747899157,14164.593277310923,103303.42893094807,1322416.3152528645,0.003096210937455087,0.0027475149506342163,0.0032607892620158583,0.0005702984962791144,0.0028298310327022525,0.003506939920656198,10899.015438177728,19277.747161282776,34742.31543370023,13615.935475165948,13214.679549553743,53628.83513648505,2797.4571331003867,7589.856635263613,10761.806454127736,3560.3712771043633,7137.540356544775,37805.04485411694,0.0,0.0,0.0,0.0,0.0,0.0,0.0006984024747069653,0.002041172721930392,0.0019134660816447766,0.001985575566196825,0.07227216327594985,0.000759058339578607,0.0015094249790451836,0.000673588804039801,0.003977596152150491,0.0017954222742450978,0.013030868775002112,0.16892042629937543,0.0004124384804462962,0.0011719716365411962,0.0011025652090843987,0.001079290347530672,0.041154949586181544,0.000425060636169762,0.0008582865120033895,0.0003908021066421862,0.002248825569177318,0.0010353884308464253,0.007472456687629362,0.0966945747832262
2026-09-13 13:50:43.625999928,5689.4914285714285,16017.349915966386,15186.869243697478,15622.927508697745,563623.9502521008,5805.045378151261,11764.86050420168,5358.088739495798,30757.592268907563,14154.725042016806,103314.489332726,1322720.8831580717,0.003096210937455087,0.0027475149506342163,0.0032614036599346616,0.0005788735116421768,0.0028298310327022525,0.0035072534453922896,10899.015438177728,19277.747161282776,34677.07454279912,13820.66485222689,13214.679549553743,53650.50075884234,2797.4571331003867,7589.856635263613,10761.7498800761,3613.9050644079757,7137.540356544775,37845.52433802099,0.0,0.0,0.0,0.0,0.0,0.0,0.0007009709958512438,0.0020485975724205885,0.0019205032532865673,0.0019928185185777774,0.07253304533939116,0.0007618499353497512,0.0015148528775959082,0.000676066067721393,0.00399201489847402,0.001801971612480392,0.01308880190507844,0.1695305813786735,0.0004179412218967587,0.0011811948084193677,0.00111380213695274,0.0010823789270265848,0.04138630140975916,0.000426429635929666,0.0008642284176541205,0.00039359689401595926,0.0022594050552418614,0.001043295399501188,0.007521135598870929,0.0972189810255949
2026-09-13 13:50:58.625999928,5689.4914285714285,16017.349915966386,15186.869243697478,15554.151935450505,563579.1620168067,5805.045378151261,11764.86050420168,5358.088739495798,30757.592268907563,14154.725042016806,103289.56721759329,1322710.3272788865,0.0030991824850927488,0.0027475149506342163,0.0032597423691664074,0.0005798581511093521,0.0028298310327022525,0.0035075669701283814,13968.166786037684,19277.747161282776,37671.85340824121,13560.697095397943,13214.679549553743,53672.16638119963,5818.719353786038,7589.856635263613,14230.382471556544,3546.4826438209097,7137.540356544775,37886.003821925035,0.0,0.0,0.0,0.0,0.0,0.0,0.0007035395169955223,0.0020560224229107843,0.0019275404249283583,0.00200006147095873,0.07279392740283248,0.0007646415311208955,0.0015202807761466326,0.000678543331402985,0.004006433644797549,0.0018085209507156864,0.013146735035154778,0.1701407364579716,0.0004179412218967587,0.0011811948084193677,0.00111380213695274,0.0010832774099102922,0.04144901427282224,0.000426429635929666,0.0008642284176541205,0.00039359689401595926,0.0022594050552418614,0.001043295399501188,0.007525946259991984,0.09737896758334032
2026-09-13 13:51:13.625999928,5724.441680672268,16028.41613445378,15214.059831932776,15599.296045385638,563619.9932773109,5779.62756302521,11770.693109243697,5359.1052100840325,30705.425546218485,14157.598991596637,103332.82672835565,1323039.542391429,0.0030991824850927488,0.0027469856554929602,0.0032603438407276973,0.0005798581511093521,0.0028298310327022525,0.0034939331657402486,13968.166786037684,18937.32998617007,37623.673957906314,13560.697095397943,13214.679549553743,53638.55592265556,5818.719353786038,7455.830727896388,14249.67823134716,3546.4826438209097,7137.540356544775,39490.629069443436,0.0,0.0,0.0,0.0,0.0,0.0,0.0007118665424637254,0.0020642130869014497,0.0019372232329093139,0.0020065904077366924,0.0730566474650559,0.0007641247426774511,0.001525946437276432,0.0006816990514367647,0.004011053641237682,0.0018147325015371984,0.01315766365896985,0.1708148449546954,0.00042353385506673256,0.00119210678482363,0.0011251464007215558,0.001086421496112239,0.04168303963937843,0.00042761688897676717,0.0008708774248146317,0.00039650373188334146,0.0022718001123084525,0.0010522385189915965,0.007577142513687046,0.09790432448187597
2026-09-13 13:51:28.625999928,5724.441680672268,16028.41613445378,15214.059831932776,15535.044976796,563589.3327731092,5779.62756302521,11770.693109243697,5359.1052100840325,30705.425546218485,14157.598991596637,103311.87935613525,1323150.995541976,0.0030991824850927488,0.002709871202606455,0.0032609453122889884,0.0005798581511093521,0.00283038555535577,0.003505673080216069,13968.166786037684,19233.36949089516,37575.49450757143,13560.697095397943,16279.670610667568,53985.157984877646,5818.719353786038,7572.841744981537,14268.973991137778,3546.4826438209097,10107.82733779099,39744.08930150386,0.0,0.0,0.0,0.0,0.0,0.0,0.0007144560106009804,0.0020716407028434783,0.0019442700282524508,0.0020138292778917313,0.0733175363016501,0.0007669043039519609,0.001531375181324051,0.0006841787830544118,0.004025437001141064,0.0018212806198946857,0.013213738652154276,0.1714252224936878,0.00042353385506673256,0.00119210678482363,0.0011251464007215558,0.0010876343428843506,0.04174677491953429,0.00042761688897676717,0.0008708774248146317,0.00039650373188334146,0.0022718001123084525,0.0010522385189915965,0.007582243030875228,0.09807271743931799
2026-09-13 13:51:43.625999928,5759.788235294117,16028.168067226889,15220.12537815126,15580.773316796,563600.8497478991,5750.878991596638,11768.29411764706,5357.786218487396,30624.994285714285,14168.39294117647,103300.11304957062,1323323.8231370312,0.0030991824850927488,0.002751795485217773,0.003263770442561151,0.0005798581511093521,0.00283038555535577,0.003501563679620053,13968.166786037684,19530.927993796926,38555.74845180637,13560.697095397943,16279.670610667568,57200.88515467386,5818.719353786038,7690.000803014267,14527.534032474185,3546.4826438209097,10107.82733779099,42735.62988494407,0.0,0.0,0.0,0.0,0.0,0.0,0.0007170454787382353,0.002079068318785507,0.0019513168235955885,0.0020210681480467697,0.0735784251382443,0.0007696838652264707,0.00153680392537167,0.0006866585146720587,0.0040398203610444465,0.001827828738252174,0.013269813645338698,0.1720356000326802,0.0004291929597627285,0.0012023057155006577,0.0011350591830683423,0.0010908358600412932,0.04197864255924885,0.0004285290838500105,0.000876919216015818,0.00039923761620224563,0.0022820338879231687,0.0010618818103904212,0.007629566110371513,0.09858562160871767
2026-09-13 13:51:58.625999928,5759.788235294117,16028.168067226889,15220.12537815126,15514.436810768459,563591.4020168068,5750.878991596638,11768.29411764706,5357.786218487396,30624.994285714285,14168.39294117647,103273.28662454637,1323596.2812884653,0.003098648304297814,0.002751795485217773,0.003264339789515851,0.0005798581511093521,0.0028347281528864118,0.0034827259661106592,14234.978239556354,19530.927993796926,38490.315511152934,13560.697095397943,16672.5331600099,57388.20444045739,5929.865003188844,7690.000803014267,14542.815780285979,3546.4826438209097,10351.750382132846,42907.70367546493,0.0,0.0,0.0,0.0,0.0,0.0,0.0007196349468754902,0.002086495934727536,0.0019583636189387256,0.0020283070182018086,0.07383931397483849,0.0007724634265009805,0.0015422326694192892,0.0006891382462897058,0.004054203720947826,0.0018343768566096619,0.013325888638523124,0.1726459775716726,0.0004291929597627285,0.0012023057155006577,0.0011350591830683423,0.0010919031021537576,0.04204394191308577,0.0004285290838500105,0.000876919216015818,0.00039923761620224563,0.0022820338879231687,0.0010618818103904212,0.00763422899501992,0.09876545103621208
2026-09-13 13:52:13.625999928,5789.47462184874,16029.042352941176,15232.558991596637,15560.770884483136,563611.1021848739,5729.8507563025205,11765.005714285713,5358.031260504203,30612.67260504202,14179.404705882354,103291.79914672994,1323794.409746628,0.003098648304297814,0.002751795485217773,0.003264909136470551,0.0005884383332739779,0.0028347281528864118,0.0035040991498448107,14234.978239556354,19530.927993796926,38424.882570499496,15375.62047732025,16672.5331600099,57586.27320899931,5929.865003188844,7690.000803014267,14558.09752809777,3526.401624419658,10351.750382132846,43082.52123271375,0.0,0.0,0.0,0.0,0.0,0.0,0.000727908818263285,0.0020934869489199997,0.001969838070271015,0.002036501610977778,0.07410761531078418,0.0007719099868222223,0.001547312042707244,0.0006921132156753624,0.00405803764571238,0.0018442028461385712,0.013347181872095902,0.17334719675359866,0.0004344646632186992,0.0012127130891550803,0.001145570801472209,0.0010951640854199604,0.04227643029119947,0.00042999025675587876,0.0008828917266746697,0.00040208747756231904,0.002297293858648401,0.0010716600529935417,0.007683938556128554,0.0992793776086005
2026-09-13 13:52:28.625999928,5789.47462184874,16029.042352941176,15232.558991596637,15522.579036309206,563619.6242016807,5729.8507563025205,11765.005714285713,5358.031260504203,30612.67260504202,14179.404705882354,103291.26009007906,1324223.9689319327,0.003098648304297814,0.002750346981409212,0.0032654784834252517,0.0005884383332739779,0.0028347281528864118,0.0034897767625785476,14234.978239556354,22480.896429736156,38359.44962984606,15375.62047732025,16672.5331600099,55959.51691230025,5929.865003188844,10715.215131282708,14573.379275909565,3526.401624419658,10351.750382132846,41606.5840983919,0.0,0.0,0.0,0.0,0.0,0.0,0.0007305186672971014,0.0021009130108247624,0.0019769007405608698,0.0020437458230989896,0.0743685305503717,0.0007746775979333333,0.0015527395603128775,0.0006945947229217391,0.004072383450474286,0.0018507626330433334,0.013401947594437325,0.1739578893061808,0.0004344646632186992,0.0012127130891550803,0.001145570801472209,0.0010982224668188766,0.04234307588077054,0.00042999025675587876,0.0008828917266746697,0.00040208747756231904,0.002297293858648401,0.0010716600529935417,0.007690554062533341,0.09947053528151577
2026-09-13 13:52:43.625999928,5816.4836974789905,16023.845042016808,15242.194285714288,15569.497198213969,563587.3391596639,5708.338487394958,11755.917983193276,5352.770420168067,30571.13647058823,14168.644033613446,103260.66274815304,1324419.9830230642,0.00309469263322906,0.002750346981409212,0.003204502411181822,0.0005884383332739779,0.002833345892906953,0.003488507075267318,13814.695539308215,22480.896429736156,41316.146521583556,15375.62047732025,16344.223795855567,56137.23791687414,5754.787835264433,10715.215131282708,17457.4560656392,3526.401624419658,10147.907537543753,41674.63230492553,0.0,0.0,0.0,0.0,0.0,0.0,0.0007331285163309178,0.002108339072729524,0.0019839634108507246,0.0020509900352202017,0.07462944578995921,0.0007774452090444444,0.0015581670779185115,0.0006970762301681159,0.004086729255236191,0.001857322419948095,0.013456713316778755,0.17456858185876295,0.00043956541317138604,0.001222784391912277,0.0011560003695351812,0.0011015419267736382,0.04257165940554902,0.00043139262417625864,0.0008884224927392131,0.0004045215053852128,0.0023103330006129506,0.0010798997427357332,0.007736761446786706,0.09998351164409669
2026-09-13 13:52:58.625999928,5816.4836974789905,16023.845042016808,15242.194285714288,15531.247303037793,563603.9142857143,5708.338487394958,11755.917983193276,5352.770420168067,30571.13647058823,14168.644033613446,103252.08106712537,1324707.4791546385,0.00309469263322906,0.002750346981409212,0.003218314933865379,0.0005884383332739779,0.002833345892906953,0.003499452631894016,13814.695539308215,22480.896429736156,41472.29065258764,15375.62047732025,16344.223795855567,56083.822838228014,5754.787835264433,10715.215131282708,17535.988183127796,3526.401624419658,10147.907537543753,41633.36806729527,0.0,0.0,0.0,0.0,0.0,0.0,0.0007357383653647342,0.002115765134634286,0.00199102608114058,0.002058234247341414,0.07489036102954674,0.0007802128201555556,0.0015635945955241452,0.0006995577374144927,0.004101075059998095,0.0018638822068528565,0.013511479039120181,0.17517927441134515,0.00043956541317138604,0.001222784391912277,0.0011560003695351812,0.001104617302769691,0.042638915953604674,0.00043139262417625864,0.0008884224927392131,0.0004045215053852128,0.0023103330006129506,0.0010798997427357332,0.007742781791368772,0.1001635536848383
2026-09-13 13:53:13.625999928,5843.199327731092,16005.835966386556,15239.501848739495,15578.686167770999,563567.04302521,5687.600672268907,11754.63831932773,5348.970756302521,30550.749579831936,14168.810420168069,103225.2342241598,1324720.4777546723,0.0030530142216240474,0.0027491411240500464,0.003266106413671515,0.0005922638756270016,0.002833345892906953,0.003475839668834757,14026.383562135488,20082.97396891157,42248.927232425536,15730.822060811179,16344.223795855567,55731.3355416829,5841.614499775685,10938.226596436836,17758.189005592678,3607.8671784678,10147.907537543753,41384.87877408794,0.0,0.0,0.0,0.0,0.0,0.0,0.0007434384813700001,0.0021230625629201877,0.0020009390389171436,0.002068093187388148,0.07515367609973905,0.00077897413398,0.0015674301468829813,0.0007018354539671429,0.004107542724829108,0.0018735573812699532,0.013532309343792435,0.17586253158771123,0.00044467237909187206,0.0012319911246192708,0.0011656159522143992,0.0011079912617174572,0.0428671271789362,0.00043283119065602705,0.0008945378539481673,0.00040706116948803045,0.0023249377159240163,0.0010890742429131655,0.007789397156731289,0.1006617803948957
2026-09-13 13:53:28.625999928,5843.199327731092,16005.835966386556,15239.501848739495,15536.47858973949,563571.72,5687.600672268907,11754.63831932773,5348.970756302521,30550.749579831936,14168.810420168069,103218.59674450493,1324567.9328941547,0.003098138610485773,0.0027491411240500464,0.0032666881902541473,0.0005933657058189265,0.002833176313940113,0.003496573887204923,14233.697364245729,20082.97396891157,42163.46365256181,15392.087612247675,16803.243956102404,55735.77105982999,5927.955166779833,10938.226596436836,17780.77931911911,3529.912578444995,10432.906947869657,41381.943329230766,0.0,0.0,0.0,0.0,0.0,0.0,0.0007460663230366666,0.002130488173248826,0.0020080117841552387,0.0020753516947955553,0.0754145997985523,0.00078172758398,0.0015728521538274259,0.0007043162408719049,0.0041218608774112675,0.0018801281031009397,0.013586081324042917,0.17647347247213352,0.00044467237909187206,0.0012319911246192708,0.0011656159522143992,0.0011108051771848446,0.04293348367158286,0.00043283119065602705,0.0008945378539481673,0.00040706116948803045,0.0023249377159240163,0.0010890742429131655,0.007795567722680136,0.10080785147135919
2026-09-13 13:53:43.625999928,5869.981512605042,15987.370084033611,15233.508907563024,15584.454356043841,563480.0561344537,5668.484369747899,11754.68974789916,5342.505882352942,30520.058823529413,14161.120336134454,103168.47243198853,1324606.5749465197,0.003098138610485773,0.002748271281307454,0.00326726996683678,0.0005933657058189265,0.002833176313940113,0.003497800343106996,14233.697364245729,19695.021121441398,42078.00007269809,15392.087612247675,16803.243956102404,56075.29961298341,5927.955166779833,10726.92740534439,17803.36963264554,3529.912578444995,10432.906947869657,41618.16040302249,0.0,0.0,0.0,0.0,0.0,0.0,0.0007486941647033333,0.0021379137835774646,0.0020150845293933333,0.002082610202202963,0.07567552349736555,0.00078448103398,0.0015782741607718702,0.0007067970277766667,0.004136179029993427,0.001886698824931925,0.013639853304293402,0.17708441335655578,0.0004498126822964478,0.001241269062765847,0.0011750921157846097,0.0011142352806849695,0.0431574656525872,0.0004343720935809617,0.0009007538633147374,0.0004093925842807711,0.002338731304992585,0.0010977506535692705,0.007840544316978035,0.10130687608765548
