timestamp,api-gateway_energy,clientone_energy,clientthree_energy,clienttwo_energy,kernel_processes_energy,orchestrator_energy,policy_energy,policy-enforcer_energy,rabbitmq_energy,server_energy,sidecar_energy,system_processes_energy,clientone_cpu_usage,clientthree_cpu_usage,clienttwo_cpu_usage,policy_cpu_usage,server_cpu_usage,sidecar_cpu_usage,clientone_memory_usage,clientthree_memory_usage,clienttwo_memory_usage,policy_memory_usage,server_memory_usage,sidecar_memory_usage,clientone_memory_rss_usage,clientthree_memory_rss_usage,clienttwo_memory_rss_usage,policy_memory_rss_usage,server_memory_rss_usage,sidecar_memory_rss_usage,clientone_memory_cache_usage,clientthree_memory_cache_usage,clienttwo_memory_cache_usage,policy_memory_cache_usage,server_memory_cache_usage,sidecar_memory_cache_usage,api-gateway_carbon_coal,clientone_carbon_coal,clientthree_carbon_coal,clienttwo_carbon_coal,kernel_processes_carbon_coal,orchestrator_carbon_coal,policy_carbon_coal,policy-enforcer_carbon_coal,rabbitmq_carbon_coal,server_carbon_coal,sidecar_carbon_coal,system_processes_carbon_coal,api-gateway_carbon_emission,clientone_carbon_emission,clientthree_carbon_emission,clienttwo_carbon_emission,kernel_processes_carbon_emission,orchestrator_carbon_emission,policy_carbon_emission,policy-enforcer_carbon_emission,rabbitmq_carbon_emission,server_carbon_emission,sidecar_carbon_emission,system_processes_carbon_emission
2026-09-18 08:05:40.631000042,4367.8891525423705,6957.384406779659,7310.69694915254,6831.201355932207,276476.6623728814,3227.3054237288147,5924.605423728809,3215.2515254237296,15602.7813559322,6733.54372881356,73088.18320212797,659078.6893997344,0.0074052076150852505,0.006457414559817332,0.006609683021214106,0.0005271693225020563,0.005840818531579144,0.015210504375606126,154966.0593453083,126185.13267166294,156883.976926641,22146.38856028526,175976.77621050284,451887.43050754163,131129.72991924454,122819.37871729242,108368.61632500897,3409.084446292742,172387.212028732,380870.6622913415,0.0,0.0,0.0,0.0,0.0,0.0,0.002964561702639972,0.0066121994774332865,0.006974835189802789,0.006313607425885684,0.25148817627709374,0.002763277223549562,0.005271956482304568,0.002686496961708183,0.01433980243538565,0.006264179098760857,0.05533039899271276,0.6004938744583626,0.0015598349148067225,0.0055917072961344525,0.005448030265126049,0.00458765905084594,0.14218842405901708,0.0013646201545042015,0.0030253894561232484,0.001475160317568628,0.008153489587893558,0.00534726373457143,0.032961989963980955,0.32652252610171023
2026-09-18 08:05:55.631000042,4367.8891525423705,6968.077627118644,7310.69694915254,6849.543050847456,276557.9766101694,3227.3054237288147,5920.791864406776,3215.2515254237296,15602.7813559322,6733.54372881356,72989.19762711864,658713.6971265449,0.0074052076150852505,0.006457414559817332,0.006489327684846539,0.0005248355333418725,0.005840818531579144,0.014819415544101485,154966.0593453083,126185.13267166294,170532.43599591844,23378.66252770777,175976.77621050284,439440.56971025723,131129.72991924454,122819.37871729242,123357.59507458068,3599.147526355011,172387.212028732,366570.04945535306,0.0,0.0,0.0,0.0,0.0,0.0,0.0029676251403993083,0.006619025264431904,0.006982035326386468,0.006320126302441701,0.25174684063108826,0.0027661313660115256,0.005277384401381703,0.0026892705339765094,0.01435456625391182,0.006270650283408161,0.05539986356934509,0.6011117147452083,0.0015598349148067225,0.005597961359904761,0.005448030265126049,0.004593491693529411,0.14235218763871768,0.0013646201545042015,0.0030305023386442563,0.001475160317568628,0.008153489587893558,0.00534726373457143,0.032987993690534276,0.3266607280883952
2026-09-18 08:06:10.631000042,4338.308135593222,6968.077627118644,7358.912542372875,6849.543050847456,276608.2118644067,3243.511525423729,5920.791864406776,3233.3491525423747,15640.331186440677,6756.272542372887,72827.16711864407,658666.7335810227,0.0069947841980737705,0.006457414559817332,0.006489327684846539,0.0005248355333418725,0.005705975579928767,0.014693547687610664,167380.01949485258,126185.13267166294,170532.43599591844,23378.66252770777,188522.38293511435,444811.6693490095,143624.0025826357,122819.37871729242,123357.59507458068,3599.147526355011,184446.1075391756,371655.10209611984,0.0,0.0,0.0,0.0,0.0,0.0,0.002970838269973186,0.0066264793232762844,0.006997290059409617,0.006326686543259918,0.2520196804742289,0.002771248194201171,0.0052822769048152035,0.0026948041549900823,0.014374200234333449,0.006277090873657002,0.05538491607705881,0.6017422758287809,0.0015674316574117643,0.005597961359904761,0.005466219420280109,0.004593491693529411,0.14249141566433612,0.001373306949691876,0.0030305023386442563,0.0014823920884705882,0.008166351801546215,0.005361576775865547,0.03302566867453207,0.32717594322228416
2026-09-18 08:06:25.631000042,4338.308135593222,6982.39525423729,7358.912542372875,6859.803050847455,276682.7715254236,3243.511525423729,5922.277627118643,3233.3491525423747,15640.331186440677,6756.272542372887,72622.77254237287,659086.1923046574,0.007199522622519051,0.006457414559817332,0.006489327684846539,0.0005248355333418725,0.005705975579928767,0.014686645494633077,172279.25877151726,126185.13267166294,170532.43599591844,23378.66252770777,188522.38293511435,448145.123164251,147827.8995390838,122819.37871729242,123357.59507458068,3599.147526355011,184446.1075391756,374878.50171181676,0.0,0.0,0.0,0.0,0.0,0.0,0.002973901862259687,0.006633305757504936,0.0070044984936382705,0.006333205462681405,0.25227835940221244,0.002774104672506956,0.005287704273470895,0.002697580576477686,0.014388969059779265,0.006283562026893917,0.05545359213320255,0.6023601292739114,0.0015674316574117643,0.005604190687731091,0.005466219420280109,0.004603650418487393,0.14266742228663112,0.001373306949691876,0.0030358370963361344,0.0014823920884705882,0.008166351801546215,0.005361576775865547,0.03305409712761305,0.32755217068886344
2026-09-18 08:06:40.631000042,4307.049152542373,6982.39525423729,7398.759661016951,6859.803050847455,276777.73525423725,3243.2430508474586,5922.277627118643,3226.9942372881383,15672.282711864407,6796.501016949145,72442.53457627118,658780.4846613812,0.007199522622519051,0.006313588588865487,0.006489327684846539,0.0005248355333418725,0.005705975579928767,0.014544470001012968,172279.25877151726,134570.89359107232,170532.43599591844,23378.66252770777,188522.38293511435,444533.9275531435,147827.8995390838,130970.31772318263,123357.59507458068,3599.147526355011,184446.1075391756,371975.38558478595,0.0,0.0,0.0,0.0,0.0,0.0,0.0029769654545461883,0.0066401321917335865,0.007011706927866919,0.006339724382102893,0.25253703833019603,0.002776961150812741,0.0052931316421265875,0.002700356997965289,0.01440373788522508,0.006290033180130832,0.055522268189346274,0.6029779827190417,0.0015770047578655463,0.005604190687731091,0.005479710918123249,0.004603650418487393,0.1428085664332885,0.0013827753084369745,0.0030358370963361344,0.0014907923703361347,0.008186624494655464,0.005383461576492994,0.03309026672663379,0.3280226810322064
2026-09-18 08:06:55.631000042,4307.049152542373,6995.077627118642,7398.759661016951,6868.961694915252,276849.34474576265,3243.2430508474586,5923.961694915252,3226.9942372881383,15672.282711864407,6796.501016949145,72233.62779661018,658887.5231498685,0.007199522622519051,0.00617626482870872,0.006479991493451681,0.0005248355333418725,0.005705975579928767,0.01449275956302413,172279.25877151726,142903.296152063,175856.49120326672,23378.66252770777,188522.38293511435,442214.4201435553,147827.8995390838,124562.34357177561,126979.21420165866,3599.147526355011,184446.1075391756,370182.822271608,0.0,0.0,0.0,0.0,0.0,0.0,0.002980029046832691,0.006646958625962237,0.007018915362095569,0.00634624330152438,0.25279571725817956,0.0027798176291185268,0.005298559010782282,0.0027031334194528925,0.014418506710670898,0.006296504333367746,0.05559094424548999,0.6035958361641719,0.0015770047578655463,0.005610356843932773,0.005479710918123249,0.0046097026818543415,0.14297567359941613,0.0013827753084369745,0.0030406570984313707,0.0014907923703361347,0.008186624494655464,0.005383461576492994,0.03311690142001325,0.32822731771742264
2026-09-18 08:07:10.631000042,4279.914915254237,6995.077627118642,7414.264067796609,6868.961694915252,276938.0969491525,3226.8325423728807,5923.961694915252,3210.287796610169,15698.794576271188,6830.170169491525,72064.70847457627,658846.0477324441,0.007199522622519051,0.00617626482870872,0.006332545023425601,0.000507118018777199,0.005705975579928767,0.01440087378434954,172279.25877151726,142903.296152063,182329.44898156813,22589.44044283907,188522.38293511435,442147.5091067041,147827.8995390838,124562.34357177561,135264.26673870187,3477.646704349757,184446.1075391756,370042.0656707983,0.0,0.0,0.0,0.0,0.0,0.0,0.002980994407830247,0.006653696075987563,0.007028587572956446,0.006355295522132692,0.2530697571661879,0.002784173245188272,0.005304918572313979,0.0027082981898114995,0.01443531916973718,0.006308204483944421,0.055574579035068385,0.6042018606363864,0.0015867848843137253,0.005610356843932773,0.005485086023529411,0.0046097026818543415,0.14310612099416367,0.0013915445160784313,0.0030406570984313707,0.0014975326772549015,0.008203422769019605,0.005397296002162461,0.03314611214052684,0.3286678447163342
2026-09-18 08:07:25.631000042,4279.914915254237,7017.830847457624,7414.264067796609,6904.5894915254285,277035.29694915254,3226.8325423728807,5933.730508474579,3210.287796610169,15698.794576271188,6830.170169491525,71876.7427118644,659489.6984799998,0.007052984659845689,0.00617626482870872,0.006332545023425601,0.0005286633012127682,0.0056993919603167695,0.01428001206783871,179531.87216782098,142903.296152063,182329.44898156813,22895.49893783672,175990.33282140043,434779.7916123683,155656.56660079953,124562.34357177561,135264.26673870187,3524.764441469458,172211.95849990455,361974.77190752886,0.0,0.0,0.0,0.0,0.0,0.0,0.0029840558430154324,0.006660522418923092,0.007035798534890604,0.00636181704613818,0.25332845182260866,0.0027870312647355964,0.005310346895401411,0.0027110770666976453,0.014450090087428438,0.006314681013093942,0.0556425150056423,0.6048197020636404,0.0015867848843137253,0.005620423177714286,0.005485086023529411,0.004622124829714286,0.14328521714481043,0.0013915445160784313,0.0030489269656526615,0.0014975326772549015,0.008203422769019605,0.005397296002162461,0.03318012378198914,0.32909127782900616
2026-09-18 08:07:40.631000042,4256.682711864406,7017.830847457624,7426.888474576269,6904.5894915254285,277118.7650847458,3236.329830508476,5933.730508474579,3223.3728813559333,15749.929830508467,6848.228135593215,71676.66813559321,659131.0248355397,0.007052984659845689,0.00617626482870872,0.006332545023425601,0.0005286633012127682,0.005508816541857027,0.014119592761115378,179531.87216782098,142903.296152063,182329.44898156813,22895.49893783672,170105.59431669096,429138.25233560544,155656.56660079953,124562.34357177561,135264.26673870187,3524.764441469458,166453.56071231546,356886.42860160756,0.0,0.0,0.0,0.0,0.0,0.0,0.002987117278200617,0.0066673487618586205,0.007043009496824761,0.006368338570143667,0.25358714647902947,0.0027898892842829217,0.005315775218488843,0.002713855943583791,0.014464861005119699,0.006321157542243461,0.05571045097621622,0.6054375434908944,0.001597273687154061,0.005620423177714286,0.005490957510935572,0.004622124829714286,0.1434203360354435,0.0014018621760560224,0.0030489269656526615,0.001505017458084034,0.008228584922095236,0.005414648655294116,0.03321277893423519,0.32956042789297174
2026-09-18 08:07:55.631000042,4256.682711864406,7026.95593220339,7426.888474576269,6921.274576271187,277182.14338983054,3236.329830508476,5931.58271186441,3223.3728813559333,15749.929830508467,6848.228135593215,71464.57322033898,659002.596265749,0.007030853123207509,0.00617626482870872,0.0063176387231592855,0.0005286633012127681,0.005517017100471602,0.014029979746663255,187992.4646759533,142903.296152063,192629.86531918024,22895.498937836717,179571.48491096366,428099.19378871843,162782.43199098314,124562.34357177561,142884.06294919038,3524.764441469457,175564.53523013566,356447.91788074205,0.0,0.0,0.0,0.0,0.0,0.0,0.0029901787133858023,0.006674175104794147,0.007050220458758916,0.006374860094149153,0.2538458411354502,0.0027927473038302474,0.005321203541576274,0.002716634820469936,0.014479631922810952,0.0063276340713929805,0.05577838694679014,0.6060553849181485,0.001597273687154061,0.005627540898823529,0.005490957510935572,0.004625533262689075,0.14358934713396823,0.0014018621760560224,0.0030540000838991596,0.001505017458084034,0.008228584922095236,0.005414648655294116,0.03324163686774594,0.3297847979318554
2026-09-18 08:08:10.631000042,4231.86406779661,7026.95593220339,7426.4400000000005,6921.274576271187,277269.25423728814,3251.81898305085,5931.58271186441,3238.9718644067802,15768.469830508471,6882.364067796613,71267.84237288137,658668.8434363181,0.007030853123207509,0.00617626482870872,0.0063176387231592855,0.0005286633012127681,0.005517017100471602,0.013916458975412539,187992.4646759533,142903.296152063,192629.86531918024,22895.498937836717,179571.48491096366,424494.8789182588,162782.43199098314,124562.34357177561,142884.06294919038,3524.764441469457,175564.53523013566,352790.14180661377,0.0,0.0,0.0,0.0,0.0,0.0,0.0029918584051898903,0.006682451422358152,0.007056561498641029,0.0063862915980692605,0.25412181449963595,0.0027971282847553966,0.005327963241897754,0.0027211544391363843,0.014498636965522019,0.0063397801177799175,0.05576648493682265,0.6066578040915799,0.0016082109015126043,0.005627540898823529,0.005490018524862744,0.004625533262689075,0.14372453712850544,0.001412729017747899,0.0030540000838991596,0.0015119399329747898,0.008252716628571428,0.005431461414184874,0.03326848353399582,0.3302599393085994
2026-09-18 08:08:25.631000042,4231.86406779661,7030.59559322034,7426.4400000000005,6952.896610169491,277342.5905084746,3251.81898305085,5934.798305084749,3238.9718644067802,15768.469830508471,6882.364067796613,71069.34813559322,658984.8609188604,0.007030853123207509,0.006235561688455246,0.0063176387231592855,0.0005286633012127681,0.005517017100471602,0.013844878525367012,187992.4646759533,150075.68767901274,192629.86531918024,22895.498937836717,179571.48491096366,424429.27356376353,162782.43199098314,130812.83438223116,142884.06294919038,3524.764441469457,175564.53523013566,353391.05591072654,0.0,0.0,0.0,0.0,0.0,0.0,0.0029949184256816935,0.006689279246811702,0.00706377157172846,0.006392818149298769,0.2543805267768468,0.0027999878636488385,0.005333392922509999,0.0027239350982893895,0.014513412200556028,0.006346262451796311,0.05583373046736755,0.607275629879335,0.0016082109015126043,0.0056335229448963575,0.005490018524862744,0.004636305029064424,0.14389911372828323,0.001412729017747899,0.00306173312152381,0.0015119399329747898,0.008252716628571428,0.005431461414184874,0.03329634502855377,0.33060389948841956
2026-09-18 08:08:40.631000042,4209.653898305084,7030.59559322034,7423.791864406779,6952.896610169491,277449.7911864407,3258.933559322034,5934.798305084749,3234.3772881355935,15804.161694915254,6904.793898305089,70856.28,658681.9323570179,0.007030853123207509,0.006091842160320231,0.00616993029804969,0.0005286633012127681,0.005497400740555043,0.01370594097360143,187992.4646759533,154658.58465365364,183621.62254643088,22895.498937836717,187906.74332103078,416068.76681988995,162782.43199098314,136068.40120166776,136201.94061361896,3524.764441469457,183681.52534667792,345715.2926017669,0.0,0.0,0.0,0.0,0.0,0.0,0.0029979784461734967,0.0066961070712652565,0.007070981644815892,0.006399344700528277,0.25463923905405766,0.0028028474425422813,0.005338822603122245,0.0027267157574423955,0.014528187435590046,0.0063527447858127035,0.055900975997912467,0.6078934556670901,0.0016193012846666662,0.0056335229448963575,0.005495324797058823,0.004636305029064424,0.1440435776869013,0.0014241349165714289,0.00306173312152381,0.0015193775423809526,0.008279013689333333,0.005446406927977591,0.03332754437355513,0.3311176422193965
2026-09-18 08:08:55.631000042,4209.653898305084,7031.352203389826,7423.791864406779,6959.94406779661,277471.9433898305,3258.933559322034,5932.687118644067,3234.3772881355935,15804.161694915254,6904.793898305089,70620.33661016948,658535.0097328393,0.006846839213096643,0.006091842160320231,0.00616993029804969,0.0005309971428873858,0.005497400740555043,0.013728774195075736,178741.46224227254,154658.58465365364,183621.62254643088,23203.113770482934,187906.74332103078,410221.42595325,154777.5527920874,136068.40120166776,136201.94061361896,3567.6714591035325,183681.52534667792,344910.5930120885,0.0,0.0,0.0,0.0,0.0,0.0,0.0030010384666653003,0.006702934895718807,0.007078191717903322,0.006405871251757786,0.2548979513312686,0.002805707021435724,0.005344252283734489,0.0027294964165954006,0.014542962670624058,0.0063592271198290974,0.05596822152845737,0.6085112814548452,0.0016193012846666662,0.005640407169602241,0.005495324797058823,0.004636915665378149,0.14420227133983443,0.0014241349165714289,0.0030675636793613425,0.0015193775423809526,0.008279013689333333,0.005446406927977591,0.03334924880919628,0.3312805671481825
2026-09-18 08:09:10.631000042,4187.1020338983035,7031.352203389826,7435.537627118642,6959.94406779661,277573.6037288136,3262.4450847457624,5932.687118644067,3235.2040677966115,15808.698305084738,6920.2220338983025,70459.57830508474,658554.7983867016,0.006825780948138452,0.006091842160320231,0.00616993029804969,0.0005309971428873858,0.005497400740555043,0.013624176990514617,167862.18777730642,154658.58465365364,183621.62254643088,23203.113770482934,187906.74332103078,406194.2120461568,143123.40498941878,136068.40120166776,136201.94061361896,3567.6714591035325,183681.52534667792,341107.58346229413,0.0,0.0,0.0,0.0,0.0,0.0,0.0030033868909373467,0.00671067527104204,0.0070873906473812925,0.006415163079534717,0.2551729542759399,0.0028110460258377553,0.005350078186783084,0.002734048677172767,0.014565254087083038,0.006371083168538141,0.05596219621297267,0.6090975054536344,0.0016300208315966382,0.005640407169602241,0.005506839899002799,0.004636915665378149,0.1443490945404158,0.0014355127817478994,0.0030675636793613425,0.0015269307584761906,0.00829742100498599,0.00545612412695798,0.033379436745257576,0.33183148403930085
2026-09-18 08:09:25.631000042,4187.1020338983035,7037.569830508472,7435.537627118642,6973.999322033897,277629.6020338983,3262.4450847457624,5932.687118644067,3235.2040677966115,15808.698305084738,6920.2220338983025,70243.11457627118,659001.2366118076,0.006825780948138452,0.006091842160320231,0.0061497761088051845,0.0005309971428873858,0.0053883731101372935,0.013632291940153814,167862.18777730642,154658.58465365364,172651.9083630986,23203.113770482934,194234.70458255077,410713.4031804615,143123.40498941878,136068.40120166776,123327.34971906494,3567.6714591035325,189724.53469857955,345483.997705011,0.0,0.0,0.0,0.0,0.0,0.0,0.0030064461858353058,0.006717504024103266,0.0070946027443200685,0.006421692450623151,0.25543168309640063,0.0028139081329806126,0.005355508269777664,0.0027368311428190247,0.014580036955307971,0.0063775709821435825,0.05602879813066361,0.6097152992314122,0.0016300208315966382,0.005653685970352941,0.005506839899002799,0.00463992381427451,0.14451671953083597,0.0014355127817478994,0.003074084884033614,0.0015269307584761906,0.00829742100498599,0.00545612412695798,0.03340739062716051,0.3321321612710166
2026-09-18 08:09:40.631000042,4159.653559322033,7037.569830508472,7464.496271186446,6973.999322033897,277706.13864406775,3279.596949152542,5932.687118644067,3256.447118644069,15811.547796610163,6937.977966101694,70063.39830508475,658698.5615355711,0.006825780948138452,0.006091842160320231,0.006044455815021355,0.0005309971428873858,0.0053883731101372935,0.013416750362072358,167862.18777730642,154658.58465365364,166286.08974000285,23203.113770482934,194234.70458255077,396882.14512434835,143123.40498941878,136068.40120166776,118812.23338192428,3567.6714591035325,189724.53469857955,332130.03675522574,0.0,0.0,0.0,0.0,0.0,0.0,0.0030095054807332657,0.006724332777164489,0.007101814841258843,0.006428221821711587,0.2556904119168613,0.00281677024012347,0.0053609383527722446,0.0027396136084652835,0.014594819823532902,0.006384058795749024,0.05609540004835455,0.61033309300919,0.0016403490473949575,0.005653685970352941,0.005527023608033613,0.00463992381427451,0.1446622935289007,0.0014467672731932769,0.003074084884033614,0.0015347987276470587,0.008313637444033609,0.005467134088963586,0.033442491537024534,0.33263678594840196
2026-09-18 08:09:55.631000042,4159.653559322033,7059.2583050847425,7464.496271186446,6980.97355932204,277751.25762711855,3279.596949152542,5931.899999999999,3256.447118644069,15811.547796610163,6937.977966101694,69834.67627118644,658539.023595975,0.006825780948138452,0.006084376589098481,0.006044455815021355,0.0005309971428873858,0.0053883731101372935,0.01331920374181924,167862.18777730642,139084.25032603543,166286.08974000285,23203.113770482934,194234.70458255077,382356.5078492039,143123.40498941878,120994.98522318581,118812.23338192428,3567.6714591035325,189724.53469857955,318870.2432158964,0.0,0.0,0.0,0.0,0.0,0.0,0.0030125647756312243,0.006731161530225714,0.007109026938197619,0.0064347511928000214,0.255949140737322,0.0028196323472663262,0.005366368435766824,0.0027423960741115422,0.014609602691757834,0.006390546609354467,0.05616200196604548,0.6109508867869677,0.0016403490473949575,0.005665716993187673,0.005527023608033613,0.004645061492985994,0.14482428790076315,0.0014467672731932769,0.0030798005264313735,0.0015347987276470587,0.008313637444033609,0.005467134088963586,0.03346368293437494,0.33278687545356894
2026-09-18 08:10:10.631000042,4130.929830508474,7059.2583050847425,7506.378305084745,6980.97355932204,277807.1674576271,3306.6640677966097,5931.899999999999,3278.166101694917,15796.708474576266,6945.675254237287,69691.91491525424,658472.0862214955,0.006825780948138452,0.006084376589098481,0.006044455815021355,0.0005254099466881525,0.005352598096564948,0.01325823705475207,167862.18777730642,139084.25032603543,166286.08974000285,22278.304659605477,180752.7552773139,377066.2867838896,143123.40498941878,120994.98522318581,118812.23338192428,3425.474377167329,176560.65896838228,313620.57937062246,0.0,0.0,0.0,0.0,0.0,0.0,0.0030145361078881437,0.006741904683601852,0.0071224807823555576,0.0064418139757722,0.2562235065222031,0.0028249520634676603,0.005371339842998673,0.002746998302721635,0.014629490479512057,0.0063991378748304425,0.05615487552724835,0.6115399940346862,0.0016498634534901967,0.005665716993187673,0.005546023914117648,0.004645061492985994,0.1449594111802303,0.0014567045034845946,0.0030798005264313735,0.0015425806235966387,0.008320333252571428,0.005472624447507002,0.033496191324408696,0.3332343296664874
2026-09-18 08:10:25.631000042,4130.929830508474,7080.858305084746,7506.378305084745,6986.516949152547,277843.73491525423,3306.6640677966097,5926.933220338986,3278.166101694917,15796.708474576266,6945.675254237287,69485.06135593221,659122.0859464403,0.00661665248184436,0.006084376589098481,0.006044455815021355,0.0005254099466881525,0.005255473955897306,0.013115920643318634,162719.22140534676,139084.25032603543,166286.08974000285,22278.304659605477,173588.14078190058,379366.86522925046,138738.3861317028,120994.98522318581,118812.23338192428,3425.474377167329,169562.2093202769,315883.114794063,0.0,0.0,0.0,0.0,0.0,0.0,0.003017594297928794,0.0067487374037915535,0.007129699205119783,0.00644834388871258,0.25648225116052964,0.00282781666644869,0.005376769462094489,0.0027497826164072717,0.014644278511225954,0.006405627824694943,0.056220869811860974,0.6121577588778035,0.0016498634534901967,0.005679960806498599,0.005546023914117648,0.004650401086252102,0.1451229064933707,0.0014567045034845946,0.003085767109764705,0.0015425806235966387,0.008320333252571428,0.005472624447507002,0.033528802001260634,0.3336112181420586
2026-09-18 08:10:40.631000042,4098.9661016949185,7080.858305084746,7559.960338983047,6986.516949152547,277892.99694915256,3298.9149152542373,5926.933220338986,3266.9786440677954,15790.283389830498,6954.184067796613,69293.39186440679,659268.7860158713,0.006526481755862864,0.006084376589098481,0.006044455815021355,0.0005076939236387512,0.005255473955897306,0.013090512531478183,149565.68256520593,139084.25032603543,166286.08974000285,23032.197944352924,173588.14078190058,371031.26627484674,125066.90732955834,120994.98522318581,118812.23338192428,3541.3917312693816,169562.2093202769,308589.10161522595,0.0,0.0,0.0,0.0,0.0,0.0,0.003020652487969444,0.006755570123981256,0.007136917627884012,0.006454873801652959,0.25674099579885623,0.0028306812694297197,0.005382199081190305,0.0027525669300929086,0.014659066542939856,0.006412117774559441,0.0562868640964736,0.6127755237209209,0.001658905658627451,0.005679960806498599,0.005574807211529411,0.004650401086252102,0.14526020187173666,0.001466205909019607,0.003085767109764705,0.001550468859372549,0.008323992510745096,0.005480162037563027,0.03355306021951438,0.33414898028882795
2026-09-18 08:10:55.631000042,4098.9661016949185,7111.659661016947,7559.960338983047,6981.86745762712,277935.9193220338,3298.9149152542373,5927.387796610172,3266.9786440677954,15790.283389830498,6954.184067796613,69067.07084745762,659078.8826537245,0.0065606369420864044,0.005945228796758656,0.005822760278512818,0.0005228569195435474,0.005255473955897306,0.013157717074637377,144903.95260890212,126701.19995467098,170897.1297080093,23720.087057946446,173588.14078190058,376858.33439210313,121181.59770485476,109182.93707712786,121666.50566180097,3647.160395849116,169562.2093202769,312613.5045830138,0.0,0.0,0.0,0.0,0.0,0.0,0.0030237106780100944,0.006762402844170956,0.007144136050648238,0.006461403714593338,0.2569997404371828,0.0028335458724107494,0.005387628700286123,0.0027553512437785456,0.014673854574653755,0.006418607724423939,0.056352858381086224,0.6133932885640383,0.001658905658627451,0.00569443738532773,0.005574807211529411,0.004654227171736693,0.1454211635301811,0.001466205909019607,0.0030922127605714283,0.001550468859372549,0.008323992510745096,0.005480162037563027,0.033573963908057,0.33429700583434563
2026-09-18 08:11:10.631000042,4070.3308474576265,7111.659661016947,7604.142711864404,6981.86745762712,277986.99355932197,3279.499322033898,5927.387796610172,3255.470847457627,15791.305423728814,6965.35016949152,68902.88949152542,658896.3921183123,0.0065606369420864044,0.006180245309411789,0.006018966799752917,0.0005228569195435474,0.005255473955897306,0.013103893237848004,144903.95260890212,131709.73287749954,176655.76130300443,23720.087057946446,173588.14078190058,375695.40876335825,121181.59770485476,113498.9682998594,125766.23855230525,3647.160395849116,169562.2093202769,311875.22237628384,0.0,0.0,0.0,0.0,0.0,0.0,0.003024614897196536,0.006773539451017297,0.007160350044144355,0.006466863698113022,0.257264144743738,0.002837440081621007,0.005392295312935237,0.0027593954975432522,0.01468807661567352,0.006424787148724943,0.05633984330676422,0.6139957790160899,0.0016677324222857137,0.00569443738532773,0.005589734064761904,0.004654227171736693,0.145552937886826,0.001474509934420168,0.0030922127605714283,0.0015570585706554613,0.008329757609176472,0.005489608119372548,0.03359932453016061,0.3347788126258883
2026-09-18 08:11:25.631000042,4070.3308474576265,7135.087118644065,7604.142711864404,6979.536610169487,278035.7644067796,3279.499322033898,5927.531186440673,3255.470847457627,15791.305423728814,6965.35016949152,68677.99627118644,659161.2798276728,0.0065606369420864044,0.006180245309411789,0.005864193043071994,0.0005228569195435474,0.00525155177514882,0.012884912368912628,144903.95260890212,131709.73287749954,166465.59605636986,23720.087057946446,182669.32200336116,367428.14267701074,121181.59770485476,113498.9682998594,118521.19462353,3647.160395849116,178579.61822203716,304187.82518371346,0.0,0.0,0.0,0.0,0.0,0.0,0.003027670908667521,0.006780376515457243,0.00716757754684341,0.006473392529084682,0.2575228950847998,0.0028403057260204673,0.005397724163405668,0.002762181085599933,0.01470286407736707,0.006431276784689856,0.056405257840915206,0.6146135285086974,0.0016677324222857137,0.005708988787137255,0.005589734064761904,0.004661096374453781,0.1457222732198512,0.001474509934420168,0.003097886427014005,0.0015570585706554613,0.008329757609176472,0.005489608119372548,0.03362890141287211,0.33506180703741506
2026-09-18 08:11:40.631000042,4043.4711864406777,7135.087118644065,7622.841355932203,6979.536610169487,278078.5494915254,3298.4237288135573,5927.531186440673,3274.831525423727,15820.596610169496,6983.8169491525405,68519.30644067796,659134.045899148,0.0065606369420864044,0.006180245309411789,0.005864193043071994,0.0005262623473711005,0.00525155177514882,0.012748599932269657,144903.95260890212,131709.73287749954,166465.59605636986,22367.527158121753,182669.32200336116,357145.3676006964,121181.59770485476,113498.9682998594,118521.19462353,3439.1930773648587,178579.61822203716,290779.5597363517,0.0,0.0,0.0,0.0,0.0,0.0,0.0030307269201385063,0.006787213579897188,0.007174805049542464,0.006479921360056342,0.2577816454258616,0.0028431713704199276,0.005403153013876098,0.0027649666736566125,0.014717651539060617,0.006437766420654769,0.05647067237506619,0.6152312780013051,0.0016772323311708681,0.005708988787137255,0.005599132193529411,0.004661096374453781,0.14585019278813502,0.0014842049103697477,0.003097886427014005,0.0015651099888291313,0.008346877222509803,0.005502117757831933,0.03365819548088883,0.33553740987785846
2026-09-18 08:11:55.631000042,4043.4711864406777,7141.387118644067,7622.841355932203,6972.187118644062,278091.1006779661,3298.4237288135573,5921.572881355936,3274.831525423727,15820.596610169496,6983.8169491525405,68275.70237288137,658998.0595110912,0.0065606369420864044,0.006180245309411789,0.005864193043071994,0.0005262623473711005,0.005157377194415617,0.012676155479724036,144903.95260890212,131709.73287749954,166465.59605636986,22367.527158121753,189411.09927307285,351102.3362435842,121181.59770485476,113498.9682998594,118521.19462353,3439.1930773648587,185021.2049179762,285488.7163044645,0.0,0.0,0.0,0.0,0.0,0.0,0.0030337829316094914,0.006794050644337135,0.00718203255224152,0.006486450191028003,0.25804039576692345,0.002846037014819388,0.0054085818643465275,0.0027677522617132926,0.014732439000754164,0.00644425605661968,0.05653608690921718,0.6158490274939125,0.0016772323311708681,0.00571694081919888,0.005599132193529411,0.004665397731882351,0.14601353787028945,0.0014842049103697477,0.0031018750084033614,0.0015651099888291313,0.008346877222509803,0.005502117757831933,0.033691748114728436,0.3358117401201777
2026-09-18 08:12:10.631000042,4016.898305084744,7141.387118644067,7621.343389830505,6972.187118644062,278117.01152542373,3297.493220338984,5921.572881355936,3266.066440677969,15819.757627118635,6979.997288135588,68049.73525423728,659124.3585605886,0.0063861955609478315,0.006180245309411789,0.005864193043071994,0.0005262623473711005,0.005157377194415617,0.012672738857451132,144618.85465916686,131709.73287749954,166465.59605636986,22367.527158121753,189411.09927307285,350325.7661315334,120893.31024683439,113498.9682998594,118521.19462353,3439.1930773648587,185021.2049179762,285144.15138981317,0.0,0.0,0.0,0.0,0.0,0.0,0.0030348561482689516,0.006802776928965861,0.007191245116415704,0.006492211338317653,0.2583023239675273,0.0028498196727669576,0.005413644377592972,0.0027718524195784276,0.014746941310243442,0.006452039256923947,0.05652230375402613,0.6164553282677648,0.0016871278851540614,0.00571694081919888,0.005606355030509803,0.004665397731882351,0.14613569177044256,0.0014936391204481798,0.0031018750084033614,0.001571767731092437,0.0083617708767507,0.005508343467697478,0.03370997071404858,0.33629538463512426
2026-09-18 08:12:25.631000042,4016.898305084744,7147.928135593226,7621.343389830505,6971.030847457623,278154.7322033898,3297.493220338984,5916.981355932209,3266.066440677969,15819.757627118635,6979.997288135588,67809.34372881356,659504.1922222107,0.0063861955609478315,0.006180245309411789,0.005763380946759531,0.0005225112921782959,0.005157377194415617,0.012544354559454294,144618.85465916686,131709.73287749954,160638.55731880755,23528.871175823977,189411.09927307285,350688.77822326863,120893.31024683439,113498.9682998594,114373.75021783,3618.1350027406615,185021.2049179762,284908.6148229735,0.0,0.0,0.0,0.0,0.0,0.0,0.003037910162381855,0.006809615892675537,0.0071984746147355965,0.006498739396113351,0.2585610774996558,0.0028526862409793234,0.005419072860524699,0.002774639331876815,0.014761728485946252,0.006458530196104055,0.056587168759514486,0.6170730662972159,0.0016871278851540614,0.005723301135596638,0.005606355030509803,0.004672134357422969,0.1463048560453377,0.0014936391204481798,0.00310908116820168,0.001571767731092437,0.0083617708767507,0.005508343467697478,0.033735002180971065,0.33658321913862743
2026-09-18 08:12:40.631000042,3990.987457627121,7147.928135593226,7613.5118644067825,6971.030847457623,278176.0210169491,3294.320338983049,5916.981355932209,3265.593559322033,15833.242372881352,6984.732203389836,67588.99627118644,659371.6230012972,0.0063861955609478315,0.0060347808782311545,0.005491911505285679,0.0005225112921782959,0.005157377194415617,0.012548192402099288,144618.85465916686,136507.07859628802,144770.59277634154,23528.871175823977,189411.09927307285,347776.23068982945,120893.31024683439,118968.30367474344,97860.81321265463,3618.1350027406615,185021.2049179762,281800.1705497093,0.0,0.0,0.0,0.0,0.0,0.0,0.003040964176494758,0.006816454856385216,0.007205704113055489,0.006505267453909049,0.2588198310317843,0.0028555528091916884,0.005424501343456426,0.0027774262441752013,0.014776515661649062,0.006465021135284162,0.05665203376500283,0.6176908043266671,0.0016976143256974793,0.005723301135596638,0.005610358868532211,0.004672134357422969,0.14643338950412696,0.0015040713962184862,0.00310908116820168,0.001578585710016806,0.008383095813008402,0.005519126420896359,0.033752132530211455,0.337003839571902
2026-09-18 08:12:55.631000042,3990.987457627121,7158.31016949153,7613.5118644067825,6969.563389830506,278200.35762711865,3294.320338983049,5916.331525423724,3265.593559322033,15833.242372881352,6984.732203389836,67336.19389830508,659086.5955988584,0.0063861955609478315,0.006183156272142426,0.0056911410469454105,0.0005225112921782959,0.004930667129710278,0.01247201789004045,144618.85465916686,143233.81931312144,150022.42154613847,23528.871175823977,187249.52409951683,350656.6394555926,120893.31024683439,124832.8695644013,101410.90045350714,3618.1350027406615,182736.75339758393,283927.21274201496,0.0,0.0,0.0,0.0,0.0,0.0,0.0030440181906076615,0.006823293820094892,0.00721293361137538,0.006511795511704749,0.25907858456391286,0.0028584193774040547,0.005429929826388152,0.0027802131564735886,0.014791302837351873,0.00647151207446427,0.056716898770491186,0.6183085423561182,0.0016976143256974793,0.005726964847254903,0.005610358868532211,0.004676352750666664,0.1465914437463492,0.0015040713962184862,0.003116175129994397,0.001578585710016806,0.008383095813008402,0.005519126420896359,0.03376717320427404,0.33717036978526477
2026-09-18 08:13:10.631000042,3954.035593220338,7158.31016949153,7609.512203389832,6969.563389830506,278228.413220339,3300.336610169492,5916.331525423724,3296.730508474574,15784.349491525416,6989.299322033892,67098.25220338983,659218.7050030249,0.0063861955609478315,0.006183156272142426,0.0056911410469454105,0.0005078618390212276,0.005076626777378193,0.012316956552467742,144618.85465916686,143233.81931312144,150022.42154613847,22869.201037994088,192792.56195718626,344527.03352639213,120893.31024683439,124832.8695644013,101410.90045350714,3516.6947084694466,188146.20235047996,281320.9181049251,0.0,0.0,0.0,0.0,0.0,0.0,0.0030454600018739626,0.006829503889924185,0.007219270361739626,0.006517808437279851,0.2593389886758212,0.0028627656759750556,0.0054363451016626,0.002783843311416376,0.01480786521183,0.006478113818126484,0.05669490392286879,0.6188818508677668,0.001705482034857143,0.005726964847254903,0.005613307130823531,0.004676352750666664,0.146715469805037,0.001512674994162465,0.003116175129994397,0.0015852249566050414,0.00839198745104762,0.005522883544750699,0.03377450442618506,0.33766160152070884
2026-09-18 08:13:25.631000042,3954.035593220338,7164.5400000000045,7609.512203389832,6977.275932203393,278224.99016949156,3300.336610169492,5914.4583050847405,3296.730508474574,15784.349491525416,6989.299322033892,66845.93491525424,659593.54931383,0.006341085976307359,0.006183156272142426,0.0056911410469454105,0.0005035075782530751,0.005076626777378193,0.01223305401405369,129234.46667309335,143233.81931312144,150022.42154613847,22673.127111528887,192792.56195718626,341133.91709403496,125958.9043836658,124832.8695644013,101410.90045350714,3486.5435834466084,188146.20235047996,277765.1210223501,0.0,0.0,0.0,0.0,0.0,0.0,0.0030485123984603075,0.006836342223926863,0.007226498966157297,0.006524335978444511,0.25959774385382123,0.0028656337288532354,0.0054417745706625996,0.002786631069783177,0.014822654161829998,0.00648460486866196,0.05675923957111041,0.6194995445227667,0.001705482034857143,0.005730287760324932,0.005613307130823531,0.004683435509781513,0.1468803345675966,0.001512674994162465,0.0031257583550308105,0.0015852249566050414,0.00839198745104762,0.005522883544750699,0.033794163563352304,0.33793398757628734
2026-09-18 08:13:40.631000042,3918.603050847459,7164.5400000000045,7626.2613559322035,6977.275932203393,278289.61932203395,3310.6240677966084,5914.4583050847405,3311.0755932203397,15751.363728813563,7003.95559322034,66643.91694915254,659877.8984850667,0.006196934112612404,0.006183156272142426,0.005601738323068761,0.0005281044831013207,0.005076626777378193,0.01210125060171465,137894.6519464381,143233.81931312144,159107.011163511,22049.717339808194,192792.56195718626,337141.2787041199,134314.7219015609,124832.8695644013,111910.95883318703,3390.6792005249645,188146.20235047996,274988.69328882924,0.0,0.0,0.0,0.0,0.0,0.0,0.0030515647950466527,0.00684318055792954,0.007233727570574966,0.0065308635196091695,0.25985649903182123,0.0028685017817314147,0.005447204039662599,0.0027894188281499775,0.014837443111829999,0.006491095919197435,0.05682357521935203,0.6201172381777668,0.0017130789042969186,0.005730287760324932,0.005625302852380952,0.004683435509781513,0.1470201908028335,0.0015220425589299715,0.0031257583550308105,0.0015932377932380947,0.008408602480929972,0.005533409923966387,0.033819288469472804,0.33848258996466535
2026-09-18 08:13:55.631000042,3918.603050847459,7172.725423728818,7626.2613559322035,6981.26644067797,278316.0610169492,3310.6240677966084,5917.783728813558,3311.0755932203397,15751.363728813563,7003.95559322034,66404.07152542373,659996.951346214,0.006196934112612404,0.006082860420632767,0.005601738323068761,0.0005345998538496235,0.005076626777378193,0.012107964144484224,137894.6519464381,138352.01918906276,159107.011163511,19116.757202897705,192792.56195718626,340655.98319236445,134314.7219015609,120588.05689221893,111910.95883318703,3520.9448349075365,188146.20235047996,278919.83990341425,0.0,0.0,0.0,0.0,0.0,0.0,0.0030546171916329985,0.0068500188919322184,0.007240956174992637,0.006537391060773827,0.26011525420982123,0.002871369834609594,0.005452633508662598,0.002792206586516778,0.014852232061829996,0.006497586969732909,0.05688791086759364,0.6207349318327666,0.0017130789042969186,0.005729259626873948,0.005625302852380952,0.004690783462885154,0.14718029023435292,0.0015220425589299715,0.0031339031124705875,0.0015932377932380947,0.008408602480929972,0.005533409923966387,0.03383751369881703,0.33871365195347547
2026-09-18 08:14:10.631000042,3882.7311864406784,7172.725423728818,7640.6461016949215,6981.26644067797,278399.92881355935,3304.714576271186,5917.783728813558,3306.1881355932233,15705.857288135594,7010.164067796609,66205.41254237288,660383.6346570646,0.006196934112612404,0.006082860420632767,0.005601738323068761,0.0005345998538496235,0.004983659207560936,0.011959612811504788,137894.6519464381,138352.01918906276,159107.011163511,19116.757202897705,199061.21608965588,339692.03512240306,134314.7219015609,120588.05689221893,111910.95883318703,3520.9448349075365,194137.34249694255,277587.8286751203,0.0,0.0,0.0,0.0,0.0,0.0,0.0030546892244201107,0.006855602166152378,0.0072481011357834,0.0065437061243065996,0.26037374121021445,0.002875078208529288,0.005460048487443625,0.002796741205134933,0.014863047364059008,0.006504650404037956,0.05686495530963052,0.6213643486368093,0.001719828688941177,0.005729259626873948,0.005633573704156862,0.004690783462885154,0.1473222299816495,0.0015312028630588236,0.0031339031124705875,0.0016014033769411768,0.008415920055529411,0.005537907223619045,0.03385475606286492,0.33932276208820156
2026-09-18 08:14:25.631000042,3882.7311864406784,7180.038305084747,7640.6461016949215,6990.782033898308,278445.71288135584,3304.714576271186,5928.461694915252,3306.1881355932233,15705.857288135594,7010.164067796609,65965.4847457627,661427.7783205346,0.006196934112612404,0.006146143143091333,0.005601738323068761,0.0005345998538496235,0.004983659207560936,0.01197635466246018,137894.6519464381,141419.20201632366,159107.011163511,19116.757202897705,199061.21608965588,340180.80103727884,134314.7219015609,122539.4797182058,111910.95883318703,3520.9448349075365,194137.34249694255,277042.6990797873,0.0,0.0,0.0,0.0,0.0,0.0,0.0030577386427534437,0.006862439248485711,0.0072553296567834,0.0065502334533066,0.260632496120573,0.0028779471011959558,0.005465479932662747,0.002799530709134933,0.014877832359410932,0.006511142026704622,0.05692878678019572,0.621982053992719,0.001719828688941177,0.005727332977142856,0.005633573704156862,0.004697639633333334,0.14748483267562026,0.0015312028630588236,0.00314444705512605,0.0016014033769411768,0.008415920055529411,0.005537907223619045,0.03386800541952864,0.3397663988837848
2026-09-18 08:14:40.631000042,3850.044406779661,7180.038305084747,7653.209491525428,6990.782033898308,278513.85355932196,3298.4359322033893,5928.461694915252,3297.523728813561,15690.905084745757,7035.123050847453,65782.65966101694,661477.5715108286,0.005760943608846024,0.006146143143091333,0.005343536330130567,0.0005345998538496235,0.004957527782096731,0.011796026461102472,136061.27758122367,141419.20201632366,144054.07391984915,19116.757202897705,207758.4634064417,328722.9908343907,132527.24871797525,122539.4797182058,95675.72091680132,3520.9448349075365,202578.53939105486,266407.15604433435,0.0,0.0,0.0,0.0,0.0,0.0,0.0030607880610867776,0.006869276330819044,0.0072625581777834005,0.0065567607823066,0.2608912510309315,0.0028808159938626217,0.005470911377881871,0.0028023202131349334,0.014892617354762855,0.0065176336493712895,0.05699261825076091,0.6225997593486285,0.0017272915067506993,0.005727332977142856,0.0056452299398655455,0.004697639633333334,0.14762022237673078,0.0015411817490476182,0.00314444705512605,0.001610846606554622,0.008427652713921565,0.005549433808862742,0.03389495249508329,0.34035087773778666
2026-09-18 08:14:55.631000042,3850.044406779661,7191.439322033899,7653.209491525428,6995.352203389827,278566.24576271186,3298.4359322033893,5938.8681355932185,3297.523728813561,15690.905084745757,7035.123050847453,65550.45050847458,661610.7722865958,0.005810848315496825,0.006146143143091333,0.005526357361448178,0.0005309870094374659,0.004957527782096731,0.011674243823954444,137239.92097807932,141419.20201632366,148982.6666592732,18988.99760647054,207758.4634064417,325604.7492595674,133675.27826305755,122539.4797182058,98949.12131859816,3497.8489372118,202578.53939105486,263901.8972308503,0.0,0.0,0.0,0.0,0.0,0.0,0.0030638374794201106,0.006876113413152378,0.0072697866987833995,0.0065632881113066,0.2611500059412901,0.002883684886529289,0.005476342823100995,0.002805109717134933,0.014907402350114785,0.006524125272037955,0.05705644972132611,0.6232174647045383,0.0017272915067506993,0.005730789686588234,0.0056452299398655455,0.004700745102521009,0.1477808923947351,0.0015411817490476182,0.003152838098666666,0.001610846606554622,0.008427652713921565,0.005549433808862742,0.03390955610468415,0.34050790755496585
2026-09-18 08:15:10.631000042,3816.4271186440665,7191.439322033899,7680.02033898305,6995.352203389827,278634.04779661016,3303.0701694915233,5938.8681355932185,3309.7972881355913,15670.464406779663,7043.570847457624,65341.09830508474,661802.0453461106,0.005988564798096102,0.006146143143091333,0.005336091098685283,0.0005309870094374659,0.004957527782096731,0.011601126411028957,141437.2076226786,141419.20201632366,143853.36116059986,18988.99760647054,207758.4634064417,324670.6710673784,137763.54540987586,122539.4797182058,95542.41446169154,3497.8489372118,202578.53939105486,262093.27357035383,0.0,0.0,0.0,0.0,0.0,0.0,0.0030639478178252984,0.0068821844382691445,0.007277823310097676,0.006569945324365979,0.2614164386305457,0.0028880405424883135,0.005484083428522993,0.002810733830796901,0.014918276241909013,0.006533028890866955,0.05703895470801436,0.623935508097429,0.0017343796801232497,0.005730789686588234,0.005656771853086835,0.004700745102521009,0.14790596574226578,0.0015499928010532203,0.003152838098666666,0.00161983892917647,0.008431507064526611,0.005552738243697478,0.033921530576940445,0.34110006314138
2026-09-18 08:15:25.631000042,3816.4271186440665,7211.361355932199,7680.02033898305,6999.638644067798,278686.05864406785,3303.0701694915233,5944.130847457625,3309.7972881355913,15670.464406779663,7043.570847457624,65109.6793220339,662861.1847874948,0.005988564798096102,0.0059457092582767546,0.0053620115011602885,0.0005309870094374659,0.004867356122801673,0.011491189453436905,141437.2076226786,136807.33415259336,154535.3586716345,18988.99760647054,214190.8689269056,323809.16112029454,137763.54540987586,118543.30465503866,107133.12315671718,3497.8489372118,208565.27189827443,262400.8729575835,0.0,0.0,0.0,0.0,0.0,0.0,0.003066994310853187,0.006889020759650287,0.007285052633802854,0.006576472782865316,0.261675201151379,0.0028909109149982733,0.005489517162980665,0.002813526156162107,0.014933057360625945,0.006539522914439332,0.05710231152540607,0.6245533129304316,0.0017343796801232497,0.005735040184873946,0.005656771853086835,0.004703477110005601,0.14806829355225024,0.0015499928010532203,0.0031623590193109235,0.00161983892917647,0.008431507064526611,0.005552738243697478,0.03393514739259595,0.34154903099490774
2026-09-18 08:15:40.631000042,3787.627118644068,7211.361355932199,7712.649152542369,6999.638644067798,278779.0362711865,3319.1359322033904,5944.130847457625,3334.121694915255,15695.591186440668,7061.729491525426,64910.132542372885,662819.5622964354,0.005988564798096102,0.0059714245520149645,0.0053620115011602885,0.0005309870094374659,0.004867356122801673,0.011375842440784914,141437.2076226786,132765.05002031094,154535.3586716345,18988.99760647054,214190.8689269056,320538.0492569352,137763.54540987586,115038.66764671485,107133.12315671718,3497.8489372118,208565.27189827443,259467.62246463407,0.0,0.0,0.0,0.0,0.0,0.0,0.003070040803881075,0.006895857081031429,0.007292281957508033,0.006583000241364651,0.26193396367221233,0.002893781287508234,0.005494950897438337,0.0028163184815273128,0.014947838479342876,0.006546016938011708,0.05716566834279777,0.6251711177634344,0.0017417074189411757,0.005735040184873946,0.005666690346717085,0.004703477110005601,0.1481924795712051,0.0015584407854621841,0.0031623590193109235,0.0016285632056134453,0.008443400283008398,0.00556168261010644,0.033948984539192414,0.34210797392747616
2026-09-18 08:15:55.631000042,3787.627118644068,7219.616949152543,7712.649152542369,7015.33525423728,278812.52847457625,3319.1359322033904,5953.649491525423,3334.121694915255,15695.591186440668,7061.729491525426,64668.11491525424,663069.9009276701,0.005988564798096102,0.0059714245520149645,0.0053620115011602885,0.0005335237416073425,0.004867356122801673,0.01120843416713442,141437.2076226786,132765.05002031094,154535.3586716345,19782.13306099865,214190.8689269056,315250.0325874424,137763.54540987586,115038.66764671485,107133.12315671718,3672.266114732891,208565.27189827443,260789.27254818013,0.0,0.0,0.0,0.0,0.0,0.0,0.003073087296908963,0.006902693402412572,0.007299511281213211,0.0065895276998639875,0.2621927261930457,0.002896651660018194,0.005500384631896009,0.002819110806892519,0.014962619598059806,0.006552510961584085,0.057229025160189476,0.6257889225964369,0.0017417074189411757,0.005734029608521008,0.005666690346717085,0.004707173229523807,0.14834421177610455,0.0015584407854621841,0.003170906302633052,0.0016285632056134453,0.008443400283008398,0.00556168261010644,0.03395538569297304,0.34231119737618615
2026-09-18 08:16:10.631000042,3753.466779661017,7219.616949152543,7763.0705084745805,7015.33525423728,278888.12237288133,3311.2281355932205,5953.649491525423,3329.6338983050855,15712.572203389831,7068.841016949153,64470.92644067796,663267.6969736484,0.005988564798096102,0.005910549150401988,0.0053620115011602885,0.0005335237416073425,0.004815947411316911,0.011071559035348151,141437.2076226786,138661.78118411565,154535.3586716345,19782.13306099865,202775.12492392934,309886.76040554105,137763.54540987586,120058.27181635432,107133.12315671718,3672.266114732891,197364.47779216836,255974.75921898452,0.0,0.0,0.0,0.0,0.0,0.0,0.003073354531744995,0.006909913132483974,0.007312615053817923,0.006597348406028923,0.2624691106166539,0.0029003213758001106,0.005507655043180588,0.002824729466830136,0.014976150236092008,0.006560424044683465,0.057215968195240996,0.626484402747959,0.0017484746814117641,0.005734029608521008,0.0056870905198319315,0.004707173229523807,0.14847275888037342,0.0015664533494005601,0.003170906302633052,0.0016367398508907568,0.008461499626487392,0.005565243317691876,0.03397632859358824,0.34288856533787954
2026-09-18 08:16:25.631000042,3753.466779661017,7241.88813559322,7763.0705084745805,7030.043389830504,278952.7362711864,3311.2281355932205,5949.0488135593205,3329.6338983050855,15712.572203389831,7068.841016949153,64256.90644067796,664283.0905596403,0.005824850167336868,0.005910549150401988,0.005045228778583897,0.0005285757832384294,0.004815947411316911,0.010947196693733882,147730.6038309367,138661.78118411565,158129.35689689466,18723.857959930185,202775.12492392934,308031.29724124464,143817.55870190807,120058.27181635432,109318.0125500725,3475.81268972883,197364.47779216836,252914.27546207712,0.0,0.0,0.0,0.0,0.0,0.0,0.0030763982695095455,0.006916749833211485,0.007319850189730622,0.006603877146769664,0.2627278905310149,0.0029031925408133383,0.00551309059127018,0.0028275245941449517,0.014990930120808738,0.006566919475239021,0.057278876964441255,0.6271022842769446,0.0017484746814117641,0.00574512112367507,0.0056870905198319315,0.0047123145705882325,0.14863544282256083,0.0015664533494005601,0.0031770675455742286,0.0016367398508907568,0.008461499626487392,0.005565243317691876,0.03399282733472653,0.3432182408330753
2026-09-18 08:16:40.631000042,3723.80033898305,7241.88813559322,7804.65050847458,7030.043389830504,279031.0759322034,3298.280338983052,5949.0488135593205,3328.3830508474566,15748.392203389834,7088.497627118651,64062.95796610169,664315.406027806,0.005724908670961668,0.005910549150401988,0.004985862620744735,0.0005285757832384294,0.00470943605162427,0.010884092025218346,134240.98758763282,138661.78118411565,151495.06538011492,18723.857959930185,207446.20528916232,311124.8881976907,130631.28214560958,120058.27181635432,104731.5930671611,3475.81268972883,187922.35217618122,255689.63754367898,0.0,0.0,0.0,0.0,0.0,0.0,0.0030794420072740958,0.006923586533938999,0.007327085325643319,0.006610405887510404,0.26298667044537594,0.002906063705826566,0.00551852613935977,0.0028303197214597665,0.01500571000552547,0.006573414905794575,0.05734178573364149,0.6277201658059302,0.0017555181391988787,0.00574512112367507,0.005699427789887955,0.0047123145705882325,0.1487674908103467,0.0015760226654229692,0.0031770675455742286,0.001645429916829131,0.008481409889344536,0.005577291494924371,0.034014639070524724,0.3437791722043538
2026-09-18 08:16:55.631000042,3723.80033898305,7259.0827118644065,7804.65050847458,7042.5091525423695,279085.1308474576,3298.280338983052,5945.491525423734,3328.3830508474566,15748.392203389834,7088.497627118651,63841.67084745763,664452.2316741851,0.005724908670961668,0.005910549150401988,0.005142076107602474,0.0005285757832384295,0.00470943605162427,0.010794601574640014,134240.98758763282,138661.78118411565,156241.60057470758,18723.85795993019,207446.20528916232,303384.25305935775,130631.28214560958,120058.27181635432,108012.96854451898,3475.8126897288303,187922.35217618122,249117.10639128686,0.0,0.0,0.0,0.0,0.0,0.0,0.0030824857450386456,0.006930423234666511,0.0073343204615560174,0.006616934628251145,0.26324545035973695,0.0029089348708397932,0.005523961687449363,0.0028331148487745813,0.0150204898902422,0.006579910336350131,0.057404694502841726,0.6283380473349157,0.0017555181391988787,0.005751684075999998,0.005699427789887955,0.0047182257937310925,0.14893479042951013,0.0015760226654229692,0.0031834540628571445,0.001645429916829131,0.008481409889344536,0.005577291494924371,0.03403100832395673,0.3440210783765621
2026-09-18 08:17:10.631000042,3689.7345762711866,7259.0827118644065,7826.610508474576,7042.5091525423695,279139.893559322,3300.6447457627123,5945.491525423734,3325.6067796610146,15761.538305084727,7089.199322033897,63615.10881355933,664572.6532325948,0.005724908670961668,0.005910549150401988,0.005142076107602474,0.0005285757832384295,0.00470943605162427,0.010559384655053274,134240.98758763282,138661.78118411565,156241.60057470758,18723.85795993019,207446.20528916232,292271.89507209614,130631.28214560958,120058.27181635432,108012.96854451898,3475.8126897288303,187922.35217618122,239774.40809987465,0.0,0.0,0.0,0.0,0.0,0.0,0.003082662525335595,0.006939149509977755,0.007346284009499779,0.006624189378938385,0.2635209788558215,0.00291278267203195,0.005528444703905184,0.002838430857683004,0.015037724250655075,0.006588916256909838,0.05739787708660207,0.6290279092080043,0.0017608413628571425,0.005751684075999998,0.005708375839260504,0.0047182257937310925,0.149059467706694,0.0015835701628571426,0.0031834540628571445,0.0016518063142857138,0.008495901762857137,0.005578868206039214,0.034045539447972076,0.3446064124578304
2026-09-18 08:17:25.631000042,3689.7345762711866,7281.079322033903,7826.610508474576,7061.33593220339,279200.74271186435,3300.6447457627123,5935.69830508475,3325.6067796610146,15761.538305084727,7089.199322033897,63387.95491525424,665399.3026041521,0.005724908670961668,0.005680506016859431,0.005142076107602474,0.0005270651295627181,0.004641335425706877,0.010528941322163459,134240.98758763282,133264.95766831475,156241.60057470758,15869.978671105537,214755.6942494228,292207.7515086818,130631.28214560958,115385.51123970641,108012.96854451898,3679.887022374714,194470.10799495294,239457.92208888318,0.0,0.0,0.0,0.0,0.0,0.0,0.0030857034321208386,0.006945988072889481,0.007353523805283705,0.006630718836777645,0.26377977523377427,0.0029156548014785903,0.005533879315125655,0.002841228474283794,0.01505250655052384,0.006595414166659508,0.0574603644944116,0.6296458615439624,0.0017608413628571425,0.005766969519563025,0.005708375839260504,0.00472614004172549,0.14923654174579953,0.0015835701628571426,0.003188480894352942,0.0016518063142857138,0.008495901762857137,0.005578868206039214,0.03406630532881275,0.3450350694936252
2026-09-18 08:17:40.631000042,3654.744406779663,7281.079322033903,7839.527796610172,7061.33593220339,279244.4613559322,3328.9535593220353,5935.69830508475,3350.2576271186435,15770.599322033888,7106.265762711869,63188.783389830496,665187.5945708797,0.005724908670961668,0.005673820388372428,0.005142076107602474,0.0005270651295627181,0.004641335425706877,0.010486850062611065,134240.98758763282,131491.1782896694,156241.60057470758,15869.978671105537,214755.6942494228,287627.9560161248,130631.28214560958,113126.98824873588,108012.96854451898,3679.887022374714,194470.10799495294,238483.7816819156,0.0,0.0,0.0,0.0,0.0,0.0,0.0030887443389060825,0.006952826635801207,0.0073607636010676325,0.006637248294616909,0.264038571611727,0.002918526930925231,0.005539313926346128,0.0028440260908845845,0.015067288850392609,0.006601912076409179,0.057522851902221145,0.6302638138799204,0.001766643447882353,0.005766969519563025,0.005716979819294119,0.00472614004172549,0.14936726641572048,0.0015926979085098046,0.003188480894352942,0.001659791049098039,0.008512041083215684,0.005590742828963585,0.03408880248973293,0.3455587579487983
2026-09-18 08:17:55.631000042,3654.744406779663,7294.469491525425,7839.527796610172,7061.531186440677,279295.30372881354,3328.9535593220353,5932.976949152545,3350.2576271186435,15770.599322033888,7106.265762711869,62941.094237288125,665254.9088046139,0.005653174333621123,0.005673820388372428,0.005142076107602474,0.0005344626235763406,0.004641335425706877,0.01030178725435789,139623.1568292329,131491.1782896694,156241.60057470758,15124.675955367984,214755.6942494228,279938.2696672503,135857.83107202075,113126.98824873588,108012.96854451898,3507.068277736024,194470.10799495294,230382.33018981107,0.0,0.0,0.0,0.0,0.0,0.0,0.0030917852456913263,0.0069596651987129336,0.00736800339685156,0.00664377775245617,0.2642973679896798,0.0029213990603718706,0.0055447485375666,0.002846823707485375,0.01508207115026137,0.006608409986158849,0.05758533931003068,0.6308817662158784,0.001766643447882353,0.00577341144142857,0.005716979819294119,0.004732680767848738,0.1495339055734827,0.0015926979085098046,0.003192918515092437,0.001659791049098039,0.008512041083215684,0.005590742828963585,0.034107273044643345,0.34594698949242964
2026-09-18 08:18:10.631000042,3618.1525423728795,7294.469491525425,7859.513898305091,7061.531186440677,279382.1277966102,3332.3583050847456,5932.976949152545,3349.7999999999997,15750.771864406786,7130.577966101692,62734.81118644067,665293.5789136379,0.005448895143452024,0.005673820388372428,0.005142076107602474,0.0005344626235763406,0.00455004815149081,0.010297872200354856,134577.83119044986,131491.1782896694,156241.60057470758,15124.675955367984,204949.2950815835,280017.9090757304,130948.56663549566,113126.98824873588,108012.96854451898,3507.068277736024,185593.5443321956,230853.05989343693,0.0,0.0,0.0,0.0,0.0,0.0,0.003091578928408114,0.006968739120434559,0.007376306503496261,0.006651129448023688,0.26457304556490946,0.0029251919198149817,0.005549369827338387,0.0028514124234613955,0.015095800200892654,0.006616567570248359,0.05757419616743418,0.6315729317320562,0.0017711656816582627,0.00577341144142857,0.005724143441893558,0.004732680767848738,0.14966500238214997,0.0016001380736358538,0.003192918515092437,0.0016659500803585434,0.008518669621781516,0.005607330170823526,0.034127437792234115,0.34661946605517
2026-09-18 08:18:25.631000042,3618.1525423728795,7295.0125423728805,7859.513898305091,7065.658983050847,279425.1813559322,3332.3583050847456,5927.756949152546,3349.7999999999997,15750.771864406786,7130.577966101692,62474.000338983045,665551.893700926,0.005483122121317583,0.005673820388372428,0.004924281019163266,0.0005344626235763406,0.00455004815149081,0.010060893347408438,144522.7522896259,131491.1782896694,149184.85772458775,15124.675955367984,204949.2950815835,282660.19937089895,140555.05134724887,113126.98824873588,101204.6883709613,3507.068277736024,185593.5443321956,233619.93801837915,0.0,0.0,0.0,0.0,0.0,0.0,0.0030946166413346235,0.006975579877652405,0.007383547343063188,0.00665765971475597,0.2648318584717722,0.002928064954919969,0.005554803641717471,0.0028542118017422353,0.015110581469846902,0.006623067112571195,0.057636276958540705,0.6321909558389189,0.0017711656816582627,0.005779276043294116,0.005724143441893558,0.004739132088168067,0.14983529989984934,0.0016001380736358538,0.0031980070786386573,0.0016659500803585434,0.008518669621781516,0.005607330170823526,0.03414451222946773,0.3470128621801595
2026-09-18 08:18:40.631000042,3585.285762711866,7295.0125423728805,7873.215254237278,7065.658983050847,279515.65728813555,3335.229152542372,5927.756949152546,3349.775593220338,15758.11525423729,7153.157288135594,62296.67288135594,665876.5486990873,0.005483122121317583,0.00555603490304835,0.004924281019163266,0.0005344626235763406,0.00455004815149081,0.00996016840354545,144522.7522896259,139140.8208293556,149184.85772458775,15124.675955367984,204949.2950815835,277834.18224044517,140555.05134724887,108668.79066107627,101204.6883709613,3507.068277736024,185593.5443321956,225597.90421819335,0.0,0.0,0.0,0.0,0.0,0.0,0.0030976543542611326,0.006982420634870253,0.007390788182630118,0.0066641899814882544,0.2650906713786349,0.002930937990024956,0.005560237456096557,0.002857011180023075,0.015125362738801149,0.006629566654894029,0.057698357749647225,0.6328089799457817,0.0017762662849915972,0.005779276043294116,0.005726273867478988,0.004739132088168067,0.149975986470122,0.001609177862571429,0.0031980070786386573,0.0016739984560840335,0.008530110484184877,0.0056257120608683465,0.0341676376490131,0.3476164515612706
2026-09-18 08:18:55.631000042,3585.285762711866,7292.7762711864425,7873.215254237278,7063.312881355936,279549.3813559322,3335.229152542372,5916.264406779663,3349.775593220338,15758.11525423729,7153.157288135594,62009.42644067797,665765.0691979189,0.005483122121317583,0.00555603490304835,0.004924281019163266,0.0005224830156648425,0.004284361080841499,0.009814707674520775,144522.7522896259,139140.8208293556,149184.85772458775,15585.297168310775,188322.76464500607,271360.4968715344,140555.05134724887,108668.79066107627,101204.6883709613,3613.8758581913667,168824.18816909983,217714.0088469364,0.0,0.0,0.0,0.0,0.0,0.0,0.0031006920671876417,0.006989261392088102,0.007398029022197047,0.0066707202482205385,0.2653494842854977,0.002933811025129943,0.005565671270475641,0.0028598105583039143,0.015140144007755402,0.006636066197216864,0.057760438540753745,0.6334270040526444,0.0017762662849915972,0.005787567481932774,0.005726273867478988,0.004744116358683473,0.15014403234099596,0.001609177862571429,0.003201786492112046,0.0016739984560840335,0.008530110484184877,0.0056257120608683465,0.03418581432388735,0.347806956714258
2026-09-18 08:19:10.631000042,3552.077288135593,7292.7762711864425,7903.385084745754,7063.312881355936,279653.3969491526,3323.1691525423716,5916.264406779663,3358.9738983050847,15756.562372881344,7186.811186440673,61831.41559322034,666109.0897646121,0.005170931794085935,0.00555603490304835,0.004924281019163266,0.0005383941528767795,0.004321422852109984,0.0097774632506724,129607.1996209563,139140.8208293556,149184.85772458775,16059.91508755215,189951.84657722997,270743.2573573674,125974.2067886167,108668.79066107627,101204.6883709613,3723.928956421596,170284.5980945121,217255.2896763,0.0,0.0,0.0,0.0,0.0,0.0,0.0031001677884578,0.006995109491293181,0.007406242746934202,0.006677110465714751,0.2656254446923602,0.0029377195857854463,0.0055705140785956165,0.0028645790845889104,0.015150151528564451,0.00664738403445305,0.05774795933425724,0.6340947050586467,0.0017807262460840332,0.005787567481932774,0.005737910670521005,0.004744116358683473,0.15028796165774042,0.0016174983241680667,0.003201786492112046,0.0016812864670924363,0.0085291150677535,0.005642942792526607,0.03421002915609788,0.34844168579409024
2026-09-18 08:19:25.631000042,3552.077288135593,7303.42983050848,7903.385084745754,7051.438983050849,279659.2972881356,3323.1691525423716,5907.798305084746,3358.9738983050847,15756.562372881344,7186.811186440673,61533.961016949164,666436.8058502659,0.005339891020430187,0.00547624392158508,0.004924281019163266,0.0005198203574710041,0.004326208762173121,0.009601374678552406,133842.0905552454,128332.65281052723,149184.85772458775,15505.871966027784,190162.21535741113,265089.7726381275,130090.39036363097,96601.70120714398,101204.6883709613,3595.4589606524423,170473.18569621365,212080.74681494542,0.0,0.0,0.0,0.0,0.0,0.0,0.0031032020116604137,0.007001949277894489,0.007413484537783875,0.006683640595453313,0.2658842743206154,0.0029405936354586493,0.0055759473162258245,0.0028673803921052507,0.015164928139892578,0.006653888297524946,0.057809649864041406,0.6347127776716025,0.0017807262460840332,0.005798148779002799,0.005737910670521005,0.004753777514151259,0.1504504550020261,0.0016174983241680667,0.0032057514980952397,0.0016812864670924363,0.0085291150677535,0.005642942792526607,0.03423002879505545,0.34875796470785014
2026-09-18 08:19:40.631000042,3519.0610169491492,7303.42983050848,7922.172203389835,7051.438983050849,279735.98033898306,3336.632542372883,5907.798305084746,3390.812542372879,15784.852881355946,7219.02203389831,61326.2959322034,666499.7632128934,0.005339891020430187,0.00547624392158508,0.004924281019163266,0.0005335790378244386,0.004349785420167145,0.009484589472438026,133842.0905552454,128332.65281052723,149184.85772458775,15067.77435273627,185121.57127401634,263197.5203310456,130090.39036363097,96601.70120714398,101204.6883709613,3493.8740905593263,165954.44019652525,210812.242618337,0.0,0.0,0.0,0.0,0.0,0.0,0.0031062362348630284,0.0070087890644957955,0.00742072632863355,0.006690170725191874,0.2661431039488706,0.002943467685131852,0.005581380553856034,0.00287018169962159,0.015179704751220706,0.006660392560596841,0.057871340393825556,0.6353308502845582,0.0017851549788795514,0.005798148779002799,0.00575001914657143,0.004753777514151259,0.1505927794542203,0.001625851203137255,0.0032057514980952397,0.001689744668039215,0.008538765172745101,0.005656493078268907,0.034252906839959955,0.3493194478769459
2026-09-18 08:19:55.631000042,3519.0610169491492,7304.338983050846,7922.172203389835,7047.805423728814,279734.22000000003,3336.632542372883,5903.697966101695,3390.812542372879,15784.852881355946,7219.02203389831,61035.97423728814,666060.4548974506,0.00522356077589565,0.00547624392158508,0.0046552230479577645,0.0005335790378244386,0.004349785420167145,0.009257019735547054,127446.55316177764,128332.65281052723,152163.52753836534,15067.77435273627,185121.57127401634,256889.13417652837,123875.18501527728,96601.70120714398,102914.69304472912,3493.8740905593263,165954.44019652525,206064.74067362983,0.0,0.0,0.0,0.0,0.0,0.0,0.0031092704580656426,0.007015628851097102,0.007427968119483222,0.006696700854930435,0.2664019335771258,0.0029463417348050544,0.005586813791486242,0.00287298300713793,0.015194481362548832,0.006666896823668736,0.05793303092360972,0.6359489228975139,0.0017851549788795514,0.005804417815613444,0.00575001914657143,0.004761120717294115,0.15074479640732522,0.001625851203137255,0.003210708228033613,0.001689744668039215,0.008538765172745101,0.005656493078268907,0.03426682781114415,0.34939104461155146
2026-09-18 08:20:10.631000042,3484.2599999999998,7304.338983050846,7958.349152542371,7047.805423728814,279841.55491525424,3365.0969491525407,5903.697966101695,3417.6264406779637,15782.564745762727,7241.759999999998,60851.27898305085,666153.4840581089,0.00522356077589565,0.005349696580452014,0.004676626772387571,0.0005335790378244386,0.004349785420167145,0.009239515308334452,127446.55316177764,121957.81847665051,147440.01241405043,15067.77435273627,185121.57127401634,260375.5473876124,123875.18501527728,91807.69270187448,99615.32484303725,3493.8740905593263,165954.44019652525,206824.989506361,0.0,0.0,0.0,0.0,0.0,0.0,0.0031088620740669045,0.007022456459162935,0.007440029462206206,0.006703020446496701,0.2666776742371361,0.0029506855425411676,0.005592198026577994,0.0028785606524769965,0.015206215179214225,0.006678651151769011,0.05792258032930797,0.6365818315172502,0.0017899899538151253,0.005804417815613444,0.005768566035921566,0.004761120717294115,0.1508918836859259,0.001634435365243697,0.003210708228033613,0.0016983759952268898,0.008534606050957984,0.0056655518099719875,0.034285207459673464,0.34998791585838146
2026-09-18 08:20:25.631000042,3484.2599999999998,7311.575593220337,7958.349152542371,7039.519322033898,279842.8423728813,3365.0969491525407,5896.226440677969,3417.6264406779637,15782.564745762727,7241.759999999998,60556.792881355934,666508.5411464401,0.00522356077589565,0.005349696580452014,0.004676626772387571,0.0005335790378244386,0.004349785420167145,0.009148221610924483,127446.55316177764,121957.81847665051,147440.01241405043,15067.77435273627,185121.57127401634,260389.22762085096,123875.18501527728,91807.69270187448,99615.32484303725,3493.8740905593263,165954.44019652525,207163.46867677366,0.0,0.0,0.0,0.0,0.0,0.0,0.003111892937673676,0.007029296233902517,0.007447275947232249,0.006709550370975867,0.2669365202929078,0.0029535610265906467,0.0055976312165909635,0.00288136466940408,0.015220988833559233,0.00668516053848776,0.05798389900864174,0.6371999185561608,0.0017899899538151253,0.005813732892997197,0.005768566035921566,0.004765063833187676,0.1510551274875505,0.001634435365243697,0.0032170403665098043,0.0016983759952268898,0.008534606050957984,0.0056655518099719875,0.03429830118566249,0.3502670262865904
2026-09-18 08:20:40.631000042,3452.503728813556,7311.575593220337,8016.07728813559,7039.519322033898,279986.56169491523,3367.824406779662,5896.226440677969,3434.3816949152565,15819.537966101698,7274.4315254237345,60403.53355932202,666770.5934319588,0.00522356077589565,0.005349696580452014,0.004676626772387571,0.0005387847185907935,0.004349785420167145,0.009098952578075508,127446.55316177764,121957.81847665051,147440.01241405043,11742.547997191139,185121.57127401634,258251.78662189393,123875.18501527728,91807.69270187448,99615.32484303725,3625.331161942897,165954.44019652525,205202.0864998557,0.0,0.0,0.0,0.0,0.0,0.0,0.003114923801280447,0.007036136008642101,0.007454522432258289,0.006716080295455034,0.2671953663486795,0.0029564365106401255,0.005603064406603934,0.002884168686331163,0.01523576248790424,0.00669166992520651,0.058045217687975506,0.6378180055950713,0.0017951818718151254,0.005813732892997197,0.005792439714571429,0.004765063833187676,0.1512051441327096,0.0016430331858655462,0.0032170403665098043,0.0017070206828683477,0.008541855851417366,0.005678868941764706,0.03432588955454502,0.35092595101255897
2026-09-18 08:20:55.631000042,3452.503728813556,7317.421016949151,8016.07728813559,7046.103050847455,280010.0105084746,3367.824406779662,5896.830508474575,3434.3816949152565,15819.537966101698,7274.4315254237345,60122.45898305082,666679.9650072128,0.005092304322288136,0.00530111640903,0.004676626772387571,0.0005387847185907935,0.004170039473082968,0.009041859610553036,132335.80256502365,127135.41135726575,147440.01241405043,11742.547997191139,186829.04253461948,257000.905535788,128577.85846739353,95641.45492998876,99615.32484303725,3625.331161942897,167462.26624002773,204536.4720512053,0.0,0.0,0.0,0.0,0.0,0.0,0.0031179546648872174,0.007042975783381683,0.0074617689172843315,0.0067226102199342015,0.2674542124044513,0.0029593119946896046,0.005608497596616904,0.002886972703258246,0.015250536142249244,0.006698179311925261,0.05810653636730926,0.6384360926339818,0.0017951818718151254,0.005821997864397759,0.005792439714571429,0.004771419196689074,0.15136591325021476,0.0016430331858655462,0.0032231002732549005,0.0017070206828683477,0.008541855851417366,0.005678868941764706,0.03433861903783252,0.35108171127337157
2026-09-18 08:21:10.631000042,3418.736949152542,7317.421016949151,8044.996271186436,7046.103050847455,280085.4366101695,3354.861355932204,5896.830508474575,3443.3023728813546,15849.61932203391,7296.150508474577,59942.60542372879,666657.0748581488,0.005092304322288136,0.00530111640903,0.004676626772387571,0.0005329797729656821,0.004170039473082968,0.00871574888641494,132335.80256502365,127135.41135726575,147440.01241405043,11147.200138882507,186829.04253461948,243940.67582307904,128577.85846739353,95641.45492998876,99615.32484303725,3441.526663682508,167462.26624002773,191737.24234717933,0.0,0.0,0.0,0.0,0.0,0.0,0.003117548372690207,0.007049499628891481,0.007474547667831884,0.006730115906947751,0.26773164312335124,0.002963377646886965,0.00561391834423103,0.002892567869827843,0.015262037912124635,0.006708326122651837,0.05809662516324735,0.6390866975497276,0.001801462868941176,0.005821997864397759,0.00580916430588235,0.004771419196689074,0.1515043560353016,0.0016528953934117642,0.0032231002732549005,0.0017169343869019604,0.008557744628784314,0.0056856535742521004,0.03436659565718154,0.3515744896378503
2026-09-18 08:21:25.631000042,3418.736949152542,7331.939999999999,8044.996271186436,7048.583389830506,280120.8783050847,3354.861355932204,5898.185084745759,3443.3023728813546,15849.61932203391,7296.150508474577,59670.29288135593,667070.3550371743,0.004988136829489454,0.00530111640903,0.004549644186542311,0.0005329797729656821,0.004170039473082968,0.008625965811407265,124765.24514949815,127135.41135726575,133829.4594919121,11147.200138882507,186829.04253461948,236846.71472432863,121222.28241748498,95641.45492998876,83929.16077524205,3441.526663682508,167462.26624002773,191787.1476597225,0.0,0.0,0.0,0.0,0.0,0.0,0.003120575895063748,0.00705633909711457,0.007481799520296215,0.006736646780164353,0.26799050716469486,0.0029662542879375486,0.005619351522202606,0.0028953746000483353,0.015276808399204736,0.006714839045479333,0.05815758781722487,0.63970481610496,0.001801462868941176,0.0058320439854789895,0.00580916430588235,0.004776440832717085,0.15167069784453216,0.0016528953934117642,0.003229977455462186,0.0017169343869019604,0.008557744628784314,0.0056856535742521004,0.03437959116558945,0.3518172876900356
2026-09-18 08:21:40.631000042,3387.9813559322047,7331.939999999999,8092.644406779652,7048.583389830506,280214.95728813554,3371.3481355932217,5898.185084745759,3462.5105084745783,15892.67288135593,7320.310169491525,59516.45084745764,666668.8803582452,0.004988136829489454,0.00530111640903,0.004414283891069176,0.0005263457219942235,0.004170039473082968,0.008438979182717002,124765.24514949815,127135.41135726575,129847.786544076,11723.11733789899,186829.04253461948,216799.04757397942,121222.28241748498,95641.45492998876,81432.1136358298,3620.086901048458,167462.26624002773,181196.85026858145,0.0,0.0,0.0,0.0,0.0,0.0,0.003123603417437289,0.007063178565337657,0.0074890513727605456,0.006743177653380956,0.2682493712060386,0.0029691309289881325,0.0056247847001741815,0.002898181330268828,0.01529157888628484,0.00672135196830683,0.058218550471202384,0.6403229346601926,0.0018082434775966388,0.0058320439854789895,0.005824381510773106,0.004776440832717085,0.15180384213926235,0.001663342940084033,0.003229977455462186,0.0017265222667731098,0.008573491901394956,0.005693984826313723,0.03440377795225802,0.3523360672687962
2026-09-18 08:21:55.631000042,3387.9813559322047,7335.719999999998,8092.644406779652,7082.865762711864,280276.5508474576,3371.3481355932217,5904.478983050844,3462.5105084745783,15892.67288135593,7320.310169491525,59259.2613559322,666561.200486101,0.004988136829489454,0.005161850601340694,0.004457610114295487,0.0005263457219942235,0.004115481712103601,0.008397281406752399,124765.24514949815,119731.57441927156,125393.60831440269,11723.11733789899,180233.8242017713,216325.3934126835,121222.28241748498,90071.69486664754,78648.70294078146,3620.086901048458,161550.7109840408,180677.2119253032,0.0,0.0,0.0,0.0,0.0,0.0,0.00312663093981083,0.007070018033560742,0.00749630322522488,0.006749708526597557,0.2685082352473822,0.002972007570038716,0.005630217878145757,0.002900988060489321,0.015306349373364947,0.006727864891134326,0.058279513125179906,0.6409410532154252,0.0018082434775966388,0.005839220970117647,0.005824381510773106,0.0047879314729971974,0.15197115058383315,0.001663342940084033,0.003236615604929972,0.0017265222667731098,0.008573491901394956,0.005693984826313723,0.03441496262849024,0.3525204106811568
2026-09-18 08:22:10.631000042,3352.3901694915235,7335.719999999998,8106.714915254235,7082.865762711864,280309.2315254237,3376.784745762713,5904.478983050844,3461.091864406782,15893.405084745766,7327.958644067796,59033.12338983049,666314.3782535738,0.004988136829489454,0.005099591862666318,0.004457610114295487,0.0005244991106294203,0.004115481712103601,0.008400874835982682,124765.24514949815,124584.6446710959,125393.60831440269,11303.239702055103,180233.8242017713,216482.19651096596,121222.28241748498,93434.26682934118,78648.70294078146,3492.0577941308447,161550.7109840408,180386.90592258482,0.0,0.0,0.0,0.0,0.0,0.0,0.003127043578132429,0.007076665459482966,0.007507706201602841,0.006760465312050883,0.26878838112125875,0.0029770237229617786,0.0056361863723462455,0.0029071378121194873,0.015322630258480373,0.006736005732118646,0.05827500529846652,0.6415468174013603,0.0018145578227450976,0.005839220970117647,0.005837130955663863,0.0047879314729971974,0.15210589794910676,0.00167294043719888,0.003236615604929972,0.001735301651316527,0.008587252624985992,0.0056993386298263326,0.034439565327643314,0.35305179280734267
2026-09-18 08:22:25.631000042,3352.3901694915235,7356.38033898305,8106.714915254235,7104.130169491522,280390.866101695,3376.784745762713,5908.00576271186,3461.091864406782,15893.405084745766,7327.958644067796,58793.98576271186,667020.9899434812,0.0048916408338231104,0.005099591862666318,0.004457610114295487,0.0005244991106294203,0.003999501509154266,0.008267584415256216,108465.61864495742,124584.6446710959,125393.60831440269,11303.239702055103,188741.51167646394,213751.59425747747,105271.23803717441,93434.26682934118,78648.70294078146,3492.0577941308447,169078.65328950417,176462.4357614643,0.0,0.0,0.0,0.0,0.0,0.0,0.0031300685684425068,0.007083504742105705,0.007514962065943926,0.00676700027749016,0.2690472656843218,0.002979902435817076,0.005641620066683441,0.0029099477794967484,0.015337402203461067,0.006742520231472652,0.05833563144073986,0.6421649240664182,0.0018145578227450976,0.005850475057277307,0.005837130955663863,0.004794663004537811,0.15228005965397323,0.00167294043719888,0.0032446826967058814,0.001735301651316527,0.008587252624985992,0.0056993386298263326,0.03445314677909377,0.3533890874542524
2026-09-18 08:22:40.631000042,3324.963050847457,7356.38033898305,8121.163728813558,7104.130169491522,280418.54338983056,3370.3383050847474,5908.00576271186,3463.9688135593224,15921.811525423725,7342.026101694913,58564.22644067798,666623.3121550755,0.0048916408338231104,0.005099591862666318,0.004457610114295487,0.0005244991106294203,0.003999501509154266,0.007975188457462552,108465.61864495742,124584.6446710959,125393.60831440269,11303.239702055103,188741.51167646394,209950.97751298177,105271.23803717441,93434.26682934118,78648.70294078146,3492.0577941308447,169078.65328950417,170044.50718192116,0.0,0.0,0.0,0.0,0.0,0.0,0.003133093558752584,0.007090344024728444,0.007522217930285011,0.006773535242929435,0.26930615024738486,0.0029827811486723733,0.0056470537610206345,0.0029127577468740094,0.015352174148441762,0.006749034730826657,0.0583962575830132,0.6427830307314761,0.001822917519081232,0.005850475057277307,0.005843670462588234,0.004794663004537811,0.15240913595643943,0.001684795229512605,0.0032446826967058814,0.0017448016394733896,0.008609831146605042,0.005708224817142856,0.034478089643850754,0.35389086707606465
2026-09-18 08:22:55.631000042,3324.963050847457,7360.294576271185,8121.163728813558,7135.880338983056,280504.34237288137,3370.3383050847474,5910.1383050847435,3463.9688135593224,15921.811525423725,7342.026101694913,58325.57389830509,666804.6364274727,0.004812628644005126,0.005099591862666318,0.004147834272263448,0.0005244991106294203,0.003946597275301083,0.00791209283725616,103561.00535838558,124584.6446710959,128701.23659055248,11303.239702055103,181659.0651059335,208719.45085107695,100511.06869299673,93434.26682934118,80565.97668441736,3492.0577941308447,162734.04728574987,174746.43671470296,0.0,0.0,0.0,0.0,0.0,0.0,0.003136118549062662,0.007097183307351183,0.007529473794626096,0.006780070208368712,0.2695650348104479,0.0029856598615276703,0.005652487455357829,0.00291556771425127,0.015366946093422455,0.006755549230180661,0.05845688372528654,0.643401137396534,0.001822917519081232,0.005854682168571428,0.005843670462588234,0.004805497498616246,0.15257988991394336,0.001684795229512605,0.0032512704991260488,0.0017448016394733896,0.008609831146605042,0.005708224817142856,0.0344885499756451,0.3541074817066711
2026-09-18 08:23:10.631000042,3294.7718644067786,7360.294576271185,8122.460338983047,7135.880338983056,280591.8986440678,3380.7325423728835,5910.1383050847435,3477.6061016949143,15914.822033898292,7368.714915254238,58089.17898305084,666340.5728365583,0.004812628644005126,0.005011691594215983,0.004286902064654929,0.0005262172115419971,0.003946597275301083,0.007800753424502176,103561.00535838558,119485.05757502244,133016.30698051164,7913.552512438846,181659.0651059335,209038.5569892787,100511.06869299673,89609.74910717813,83267.1773071827,3656.9643977032647,162734.04728574987,175343.0412305229,0.0,0.0,0.0,0.0,0.0,0.0,0.0031371478804911412,0.007103767126621751,0.0075373381216786136,0.006791102860855148,0.2698405565277253,0.002991222172857894,0.0056581488851170725,0.0029215072465077433,0.01538193907678534,0.006762503173510125,0.0584460210406653,0.6440361569951261,0.0018309466650756295,0.005854682168571428,0.005847443573960782,0.004805497498616246,0.15271801558119139,0.0016965722816470587,0.0032512704991260488,0.00175239946810084,0.008627384609243696,0.005721763619585431,0.0345136918297181,0.3545961907955122
2026-09-18 08:23:25.631000042,3294.7718644067786,7380.6315254237325,8122.460338983047,7159.576271186442,280715.34813559323,3380.7325423728835,5915.751864406786,3477.6061016949143,15914.822033898292,7368.714915254238,57865.68610169491,667195.4546785074,0.004681304182604031,0.005011691594215983,0.004286902064654929,0.0005262172115419971,0.003946597275301083,0.00774383196975038,108243.87454673956,119485.05757502244,133016.30698051164,7913.552512438846,181659.0651059335,207874.54046122465,105058.09191997757,89609.74910717813,83267.1773071827,3656.9643977032647,162734.04728574987,174683.64257963703,0.0,0.0,0.0,0.0,0.0,0.0,0.003140170945806456,0.007110606163301287,0.0075445945718073115,0.006797642164909201,0.27009945707099453,0.0029941034743379454,0.005663582798258097,0.0029243202326724796,0.015396711235118675,0.006769018096933548,0.05850631787976425,0.644654279955062,0.0018309466650756295,0.005871238426408966,0.005847443573960782,0.004813837901803922,0.152905423902671,0.0016965722816470587,0.00325994921969748,0.00175239946810084,0.008627384609243696,0.005721763619585431,0.03453899109541933,0.3550234415716392
2026-09-18 08:23:40.631000042,3267.4149152542345,7380.6315254237325,8128.665762711862,7159.576271186442,280775.2393220339,3405.426101694916,5915.751864406786,3491.8901694915235,15920.014576271189,7378.364745762714,57631.133898305074,667151.2382463326,0.004681304182604031,0.004872753033269023,0.00413586190744177,0.0005368368577429952,0.003946597275301083,0.0076974429780449554,108243.87454673956,124593.35749239955,128329.75160433525,7475.367071074156,181659.0651059335,210179.46292660202,105058.09191997757,93443.81310791148,80333.4299620156,3454.472715725569,162734.04728574987,174170.99776888968,0.0,0.0,0.0,0.0,0.0,0.0,0.003143194011121771,0.007117445199980824,0.007551851021936013,0.006804181468963256,0.2703583576142638,0.0029969847758179965,0.005669016711399123,0.002927133218837216,0.015411483393452005,0.006775533020356971,0.05856661471886319,0.6452724029149978,0.0018388289903529405,0.005871238426408966,0.005856118453025206,0.004813837901803922,0.15303544965859878,0.0017089500563753494,0.00325994921969748,0.00176201356312605,0.008644324269456586,0.005731535225910365,0.03456372239017054,0.35558883001356506
2026-09-18 08:23:55.631000042,3267.4149152542345,7392.944745762715,8128.665762711862,7177.991186440678,280821.30711864406,3405.426101694916,5911.306779661017,3491.8901694915235,15920.014576271189,7378.364745762714,57381.84305084745,666966.3635393745,0.004681304182604031,0.004872753033269023,0.004207498984933609,0.0005368368577429952,0.003832935559430892,0.0074285361539475165,108243.87454673956,124593.35749239955,138896.81614649392,7475.367071074156,167488.38216935593,204964.82793446348,105058.09191997757,93443.81310791148,77860.90364036211,3454.472715725569,148213.99358215547,169253.67562649446,0.0,0.0,0.0,0.0,0.0,0.0,0.0031462170764370865,0.0071242842366603595,0.0075591074720647135,0.006810720773017311,0.270617258157533,0.002999866077298048,0.005674450624540149,0.0029299462050019517,0.01542625555178534,0.006782047943780395,0.05862691155796214,0.6458905258749338,0.0018388289903529405,0.005883487654134454,0.005856118453025206,0.004822149296302519,0.15319995499037156,0.0017089500563753494,0.0032659099004593846,0.00176201356312605,0.008644324269456586,0.005731535225910365,0.03458447198875786,0.35576767228214373
2026-09-18 08:24:10.631000042,3240.2105084745745,7392.944745762715,8130.233898305081,7177.991186440678,280849.83254237287,3425.9857627118654,5911.306779661017,3511.8061016949155,15917.354237288146,7381.205084745762,57141.96711864405,666693.2694549329,0.004681304182604031,0.004872753033269023,0.004207498984933609,0.0005368368577429952,0.003832935559430892,0.007354072768495692,108243.87454673956,124593.35749239955,138896.81614649392,7475.367071074156,167488.38216935593,210308.8565718014,105058.09191997757,93443.81310791148,77860.90364036211,3454.472715725569,148213.99358215547,170169.2104133797,0.0,0.0,0.0,0.0,0.0,0.0,0.0031483342635788025,0.007134394959091967,0.007566333709860127,0.00682050456509906,0.27089212021595316,0.0030069049461725426,0.005680384216993061,0.0029359947650198074,0.015442870436482268,0.006791484732639979,0.058627039307852395,0.6465510309529339,0.0018448638028459377,0.005883487654134454,0.005855080949658263,0.004822149296302519,0.15332455329813632,0.0017193763709131655,0.0032659099004593846,0.0017696095589915966,0.008652640477333337,0.005744602826218487,0.034603507006349184,0.35619669757553224
2026-09-18 08:24:25.631000042,3240.2105084745745,7414.151186440683,8130.233898305081,7194.017288135593,280923.9742372881,3425.9857627118654,5909.808813559323,3511.8061016949155,15917.354237288146,7381.205084745762,56908.37898305083,667349.7591851589,0.004532138531232531,0.004872753033269023,0.004207498984933609,0.0005394018567535849,0.003791471831472724,0.007002615703216751,104794.77843507484,124593.35749239955,138896.81614649392,7880.056911159425,159896.0335601182,202985.9460688473,101710.50797716847,93443.81310791148,77860.90364036211,3642.621441777376,141496.44169283673,158814.46948538578,0.0,0.0,0.0,0.0,0.0,0.0,0.0031513564584505975,0.0071412371334509395,0.007573590131013973,0.006827046986893931,0.2711510360368344,0.0030097902426469017,0.005685818608436228,0.002938810860212115,0.01545764435953463,0.006798002463729722,0.05868702990148306,0.6471691945056159,0.0018448638028459377,0.0058984726373109255,0.005855080949658263,0.004827567898095238,0.1535007611063909,0.0017193763709131655,0.0032711245852941185,0.0017696095589915966,0.008652640477333337,0.005744602826218487,0.034627717125505234,0.3565827110135324
2026-09-18 08:24:40.631000042,3210.7515254237314,7414.151186440683,8152.770508474572,7194.017288135593,280959.8918644067,3446.5149152542367,5909.808813559323,3531.831864406777,15918.162711864405,7391.703050847459,56669.229152542364,667117.300845602,0.0044203379660155175,0.004814401668198837,0.004061162493302455,0.0005394018567535849,0.003791471831472724,0.00700425490262642,106229.26287100257,118720.07892553645,146039.43921293126,7880.056911159425,159896.0335601182,205098.40560334988,103074.03347485217,89041.78120585663,81474.19174984097,3642.621441777376,141496.44169283673,161421.6082529806,0.0,0.0,0.0,0.0,0.0,0.0,0.003154378653322393,0.007148079307809915,0.007580846552167818,0.0068335894086888034,0.27140995185771566,0.003012675539121261,0.005691252999879395,0.0029416269554044224,0.015472418282586992,0.006804520194819467,0.058747020495113725,0.6477873580582978,0.0018513760117647065,0.0058984726373109255,0.00586520357745098,0.004827567898095238,0.15362987636438405,0.0017299365499999998,0.0032711245852941185,0.0017772766235294112,0.008664178176470583,0.005755559933019608,0.03464852515361753,0.3570913541614378
2026-09-18 08:24:55.631000042,3210.7515254237314,7436.7976271186435,8152.770508474572,7197.510508474575,281010.39254237287,3446.5149152542367,5904.478983050849,3531.831864406777,15918.162711864405,7391.703050847459,56415.77084745763,666807.993441315,0.0044203379660155175,0.004556553621300019,0.004014557490523855,0.0005394018567535849,0.003791471831472724,0.006985535571259455,106229.26287100257,126813.51466579801,140485.8873345997,7880.056911159425,159896.0335601182,206776.0564232334,103074.03347485217,95102.7779507643,78375.91122324875,3642.621441777376,141496.44169283673,161498.60805924892,0.0,0.0,0.0,0.0,0.0,0.0,0.003157400848194188,0.007154921482168889,0.007588102973321665,0.006840131830483674,0.2716688676785968,0.0030155608355956196,0.0056966873913225635,0.0029444430505967305,0.015487192205639357,0.006811037925909209,0.05880701108874438,0.6484055216109799,0.0018513760117647065,0.005910353080364146,0.00586520357745098,0.004833970003366945,0.15380163915919573,0.0017299365499999998,0.00327510366517647,0.0017772766235294112,0.008664178176470583,0.005755559933019608,0.034668506589666796,0.35721287974269217
2026-09-18 08:25:10.631000042,3182.952203389829,7436.7976271186435,8181.372203389829,7197.510508474575,281084.54644067795,3471.2054237288103,5904.478983050849,3554.4142372881333,15917.866779661013,7392.063050847456,56165.08881355932,666535.9292956982,0.0044203379660155175,0.004556553621300019,0.004014557490523855,0.0005394018567535849,0.0036815766751025067,0.006839448895340775,106229.26287100257,126813.51466579801,140485.8873345997,7880.056911159425,165046.88688898803,201490.43976407908,103074.03347485217,95102.7779507643,78375.91122324875,3642.621441777376,145841.52865998956,154594.1392851476,0.0,0.0,0.0,0.0,0.0,0.0,0.003158451592808089,0.007165890639135993,0.007598808301808448,0.006847004580271094,0.27193750037875847,0.00302154100155464,0.0057016161977765266,0.002950041948291677,0.015499745644290268,0.006820193662633738,0.05880515912069868,0.6490526381791581,0.0018582898999439767,0.005910353080364146,0.005877992797714286,0.004833970003366945,0.15393977310346713,0.001739637981837534,0.00327510366517647,0.0017841377674845933,0.008672348660750695,0.005766905747058822,0.034689150476859575,0.3577866926966008
2026-09-18 08:25:25.631000042,3182.952203389829,7464.956949152538,8181.372203389829,7201.278305084749,281104.6057627119,3471.2054237288103,5895.353898305083,3554.4142372881333,15917.866779661013,7392.063050847456,55908.69864406778,667023.0904116937,0.0044203379660155175,0.004556553621300019,0.004014557490523855,0.0005200505549048121,0.0036815766751025067,0.0067828262374395485,106229.26287100257,126813.51466579801,140485.8873345997,7597.356067689737,165046.88688898803,199938.09105320717,103074.03347485217,95102.7779507643,78375.91122324875,3511.9406401485307,145841.52865998956,153776.91154925726,0.0,0.0,0.0,0.0,0.0,0.0,0.0031614719005986372,0.007172736756313517,0.007606068017964262,0.006853547318457557,0.2721964254674989,0.003024429260494615,0.005707050107127671,0.0029528607072316516,0.015514517450587975,0.006826713919019434,0.05886485324265405,0.6496708293693618,0.0018582898999439767,0.005922975696862743,0.005877992797714286,0.004842055725579832,0.15410854413026454,0.001739637981837534,0.0032802606275238078,0.0017841377674845933,0.008672348660750695,0.005766905747058822,0.03470803512207098,0.3580243713590924
2026-09-18 08:25:40.631000042,3153.1179661016945,7464.956949152538,8220.127118644068,7201.278305084749,281217.70677966106,3473.0969491525407,5895.353898305083,3547.031186440677,15931.967796610159,7402.3474576271165,55704.35288135592,666942.7409967672,0.0044203379660155175,0.004556553621300019,0.004014557490523855,0.0005338532333913834,0.0036457257044823447,0.006494555937757674,106229.26287100257,126813.51466579801,140485.8873345997,7364.844773097556,158068.92739128796,185393.6103627239,103074.03347485217,95102.7779507643,78375.91122324875,3404.460372342663,139675.54577322013,140487.88516751403,0.0,0.0,0.0,0.0,0.0,0.0,0.0031644922083891866,0.007179582873491038,0.007613327734120071,0.006860090056644019,0.2724553505562394,0.003027317519434589,0.005712484016478818,0.0029556794661716266,0.015529289256885688,0.00683323417540513,0.05892454736460946,0.6502890205595653,0.0018649367677142858,0.005922975696862743,0.005893630746711484,0.004842055725579832,0.15425657762663178,0.0017496687384761902,0.0032802606275238078,0.0017912820018095227,0.008688153392666664,0.0057784828394789895,0.034736686457751714,0.3585862388928881
2026-09-18 08:25:55.631000042,3153.1179661016945,7484.183389830509,8220.127118644068,7201.302711864406,281242.56508474576,3473.0969491525407,5895.140338983054,3547.031186440677,15931.967796610159,7402.3474576271165,55415.95627118643,666765.2020967673,0.0044203379660155175,0.004500922114342177,0.004014557490523855,0.0005281186625066146,0.0036457257044823447,0.006405837343796291,106229.26287100257,121036.5948234724,140485.8873345997,3930.904444324425,158068.92739128796,181219.06510056913,103074.03347485217,90773.93482506117,78375.91122324875,3602.7213274513283,139675.54577322013,138084.0993447505,0.0,0.0,0.0,0.0,0.0,0.0,0.003167512516179735,0.007186428990668562,0.007620587450275883,0.006866632794830481,0.27271427564497985,0.003030205778374564,0.005717917925829962,0.0029584982251116,0.015544061063183396,0.006839754431790826,0.05898424148656485,0.6509072117497688,0.0018649367677142858,0.005932891363663864,0.005893630746711484,0.004847828213719887,0.15441529511198754,0.0017496687384761902,0.003285586812773109,0.0017912820018095227,0.008688153392666664,0.0057784828394789895,0.034745349708171155,0.35868600125318734
2026-09-18 08:26:10.631000042,3126.9233898305065,7484.183389830509,8232.208474576273,7201.302711864406,281324.9440677966,3467.947118644067,5895.140338983054,3550.030169491525,15951.264406779657,7427.48338983051,55220.60745762711,666849.2772749865,0.00408867744750894,0.004500922114342177,0.004014557490523855,0.0005281186625066146,0.0036457257044823447,0.006384442115445227,108661.63643393762,121036.5948234724,140485.8873345997,3930.904444324425,158068.92739128796,183185.03405808812,105428.58183451742,90773.93482506117,78375.91122324875,3602.7213274513283,139675.54577322013,137867.1612554543,0.0,0.0,0.0,0.0,0.0,0.0,0.003168480539176103,0.007197434361717091,0.007629169042947265,0.006873268467533671,0.2729812535981021,0.003035188693289779,0.00572304698428441,0.0029632282480905004,0.015556975687682826,0.006847892272311619,0.05897803908557886,0.6515060875408377,0.0018727598722689074,0.005932891363663864,0.005895404394117649,0.004847828213719887,0.15455172555656393,0.0017610032769075626,0.003285586812773109,0.0017992231736470585,0.008707684855663863,0.005792254071327731,0.03476946103544391,0.3592972990658986
2026-09-18 08:26:25.631000042,3126.9233898305065,7509.978305084746,8232.208474576273,7201.070847457629,281358.8511864407,3467.947118644067,5895.054915254235,3550.030169491525,15951.264406779657,7427.48338983051,54964.67186440678,667049.1477513787,0.004138460674163813,0.004500922114342177,0.003857332643255044,0.0005281186625066146,0.0035480321665371547,0.006190144477377916,104785.7371628732,121036.5948234724,147787.30970529778,3930.904444324425,141119.85042143404,181058.46538585637,101668.5684632283,90773.93482506117,82481.21445611928,3602.7213274513283,122446.95766605038,131886.87078131753,0.0,0.0,0.0,0.0,0.0,0.0,0.003171498890003075,0.007204284437416836,0.007636430017183904,0.006879811294505682,0.2732401863401807,0.0030380789496511026,0.005728480604056274,0.002966048829515436,0.01557174573045849,0.006854414071293807,0.05903744355028079,0.6521242604194816,0.0018727598722689074,0.0059448066212661075,0.005895404394117649,0.004855318513445379,0.15471601485584313,0.0017610032769075626,0.003289960193305323,0.0017992231736470585,0.008707684855663863,0.005792254071327731,0.03479055133334927,0.35956699201222114
2026-09-18 08:26:40.631000042,3102.0925423728804,7509.978305084746,8245.738983050853,7201.070847457629,281420.2861016949,3481.5111864406795,5895.054915254235,3566.4681355932207,15986.56881355933,7438.429830508475,54769.609830508474,666913.1984043532,0.004138460674163813,0.004030991097652907,0.003806132196926958,0.0005281186625066146,0.0035480321665371547,0.006029665787529006,104785.7371628732,105196.01802794432,139613.17513908536,3930.904444324425,141119.85042143404,180777.51059260842,101668.5684632283,74460.63694315677,77919.16817830701,3602.7213274513283,122446.95766605038,132023.2925320476,0.0,0.0,0.0,0.0,0.0,0.0,0.003174517240830047,0.0072111345131165815,0.007643690991420546,0.006886354121477692,0.27349911908225927,0.0030409692060124256,0.005733914223828138,0.0029688694109403727,0.01558651577323416,0.006860935870275997,0.05909684801498271,0.6527424332981253,0.001880925457557423,0.0059448066212661075,0.005899561778268909,0.004855318513445379,0.15485016588665232,0.0017728755835126045,0.003289960193305323,0.0018075438667170872,0.008729187883742297,0.005800857526582632,0.034813086922445925,0.36011700574792993
2026-09-18 08:26:55.631000042,3102.0925423728804,7521.8705084745725,8245.738983050853,7216.752203389832,281444.8027118644,3481.5111864406795,5900.616610169491,3566.4681355932207,15986.56881355933,7438.429830508475,54489.95389830507,666789.3634284731,0.004138460674163813,0.00406593296802666,0.003806132196926958,0.0005281186625066146,0.0035006986617327975,0.005933531616324885,104785.7371628732,106107.88946023493,139613.17513908536,3930.904444324425,134836.3436095778,175751.74477336698,101668.5684632283,75106.08464100205,77919.16817830701,3602.7213274513283,116994.88065287321,128057.47802108395,0.0,0.0,0.0,0.0,0.0,0.0,0.003177535591657018,0.0072179845888163275,0.007650951965657188,0.006892896948449702,0.2737580518243378,0.003043859462373749,0.005739347843599999,0.0029716899923653097,0.01560128581600982,0.006867457669258184,0.05915625247968464,0.6533606061767693,0.001880925457557423,0.00595277799245378,0.005899561778268909,0.004865380913764705,0.15501319715924053,0.0017728755835126045,0.00329507947305322,0.0018075438667170872,0.008729187883742297,0.005800857526582632,0.03482941142393118,0.3602335517935134
2026-09-18 08:27:10.631000042,3081.752542372882,7521.8705084745725,8261.48135593221,7216.752203389832,281500.80406779656,3497.097966101693,5900.616610169491,3569.4610169491525,16016.720338983057,7442.124406779665,54274.87525423726,666885.1725468063,0.004138460674163813,0.00419302444485042,0.003806132196926958,0.0005281186625066146,0.0035006986617327975,0.005860573287620393,104785.7371628732,109424.57187487355,139613.17513908536,3930.904444324425,134836.3436095778,171335.25088815228,101668.5684632283,77453.72374143412,77919.16817830701,3602.7213274513283,116994.88065287321,125168.85752468808,0.0,0.0,0.0,0.0,0.0,0.0,0.003178985483215104,0.0072273444741491125,0.007658355408840113,0.006902100052684369,0.2740253541217212,0.0030498373920930712,0.005745180247975442,0.002976967531376236,0.015617131473489332,0.006875788306241042,0.059156082553768266,0.6539652540392483,0.001889447137703081,0.00595277799245378,0.005898030618263305,0.004865380913764705,0.1551376595861363,0.0017833752180392152,0.00329507947305322,0.0018138908305882356,0.008751364435966389,0.005807197327462183,0.034842459278789935,0.3607336881850293
2026-09-18 08:27:25.631000042,3081.752542372882,7529.790508474581,8261.48135593221,7236.924406779658,281539.507118644,3497.097966101693,5905.34542372881,3569.4610169491525,16016.720338983057,7442.124406779665,54012.227796610154,667175.0217184164,0.004138460674163813,0.00419302444485042,0.003806132196926958,0.0005271241628604242,0.0035006986617327975,0.005772589822827173,104785.7371628732,109424.57187487355,139613.17513908536,3714.1412839409304,134836.3436095778,172687.45898910266,101668.5684632283,77453.72374143412,77919.16817830701,3404.2469246504324,116994.88065287321,122981.49074479926,0.0,0.0,0.0,0.0,0.0,0.0,0.0031820023441149767,0.0072341969294723064,0.0076656165181557025,0.006908645406930248,0.27428429478838784,0.0030527305815734266,0.005750614245134533,0.0029797904467754755,0.015631902535042357,0.006882311823668167,0.05921521342218325,0.6545834141465716,0.001889447137703081,0.005963207997882355,0.005898030618263305,0.004876563543820728,0.1553118746214852,0.0017833752180392152,0.003300596171999999,0.0018138908305882356,0.008751364435966389,0.005807197327462183,0.034864705166121994,0.36108751041754716
2026-09-18 08:27:40.631000042,3059.0267796610174,7529.790508474581,8287.151186440678,7236.924406779658,281608.16949152545,3508.4135593220326,5905.34542372881,3569.5342372881337,16042.789830508467,7448.958305084748,53817.55627118644,666967.4183207072,0.003902819985659599,0.004125098774306535,0.003806132196926958,0.0005276903792466656,0.0032090666871099596,0.005574363498308866,106084.91374323865,102726.0799276221,139613.17513908536,3886.191358260262,138267.4965081874,165690.74944305758,102924.30299005038,72712.34677392899,77919.16817830701,3563.945292661948,119859.72087623508,118082.57272453536,0.0,0.0,0.0,0.0,0.0,0.0,0.0031850192050148496,0.0072410493847955,0.0076728776274712935,0.00691519076117613,0.2745432354550545,0.0030556237710537815,0.005756048242293623,0.0029826133621747154,0.01564667359659539,0.006888835341095289,0.05927434429059822,0.6552015742538948,0.0018982114939159673,0.005963207997882355,0.005905390820431372,0.004876563543820728,0.15544569226332092,0.0017948918610252093,0.003300596171999999,0.001821167326588235,0.008777256510252098,0.005814685421848739,0.03488724351105117,0.3616347439630256
2026-09-18 08:27:55.631000042,3059.0267796610174,7530.037627118647,8287.151186440678,7254.906101694919,281639.09898305085,3508.4135593220326,5911.849830508475,3569.5342372881337,16042.789830508467,7448.958305084748,53552.48644067796,666880.253225946,0.003902819985659599,0.004125098774306535,0.0034232382284117013,0.0005276903792466656,0.003318634976540786,0.005520776035483967,106084.91374323865,102726.0799276221,116060.35091774348,3886.191358260262,142988.41213675245,155214.17592571722,102924.30299005038,72712.34677392899,76711.60242437373,3563.945292661948,123952.13336514244,117623.30468470082,0.0,0.0,0.0,0.0,0.0,0.0,0.003188036065914723,0.007247901840118694,0.007680138736786882,0.00692173611542201,0.2748021761217212,0.003058516960534136,0.0057614822394527155,0.0029854362775739544,0.01566144465814842,0.00689535885852241,0.05933347515901319,0.6558197343612181,0.0018982114939159673,0.0059658980294117646,0.005905390820431372,0.004886853744078432,0.15561213139742294,0.0017948918610252093,0.0033077439973333345,0.001821167326588235,0.008777256510252098,0.005814685421848739,0.034902707805566084,0.3618361367257681
2026-09-18 08:28:10.631000042,3037.0149152542367,7530.037627118647,8304.794237288133,7254.906101694919,281687.24135593214,3530.193559322035,5911.849830508475,3605.8362711864393,16039.702372881336,7451.078644067792,53350.971864406776,667120.8179951506,0.003902819985659599,0.004125098774306535,0.003543839924605939,0.0005276903792466656,0.003294375749524276,0.005304193953555711,106084.91374323865,102726.0799276221,120149.1914388055,3886.191358260262,136529.29730632063,151577.5206954004,102924.30299005038,72712.34677392899,79414.17488730453,3563.945292661948,118352.93094783921,113661.54921128073,0.0,0.0,0.0,0.0,0.0,0.0,0.0031901845674741584,0.007254766839576936,0.007689879753747159,0.006932123787130933,0.27506942626014047,0.003065436702991919,0.005767723464089328,0.002991731506085564,0.015678390808865177,0.006902010234757933,0.059335756652742634,0.656436677102362,0.0019055236114509794,0.0059658980294117646,0.005910004463999997,0.004886853744078432,0.15573729848991466,0.001805064382431372,0.0033077439973333345,0.0018274554756078428,0.00878770237160784,0.005817128030521006,0.034917001624802914,0.36243249892402485
2026-09-18 08:28:25.631000042,3037.0149152542367,7536.322372881355,8304.794237288133,7271.460000000001,281743.7277966101,3530.193559322035,5912.661355932199,3605.8362711864393,16039.702372881336,7451.078644067792,53094.090508474575,667544.1094756591,0.003902819985659599,0.004125098774306535,0.003543839924605939,0.0005300308555906386,0.003294375749524276,0.005214743119605609,106084.91374323865,102726.0799276221,120149.1914388055,3738.81696526855,136529.29730632063,141650.46890551015,102924.30299005038,72712.34677392899,79414.17488730453,3426.67083644279,118352.93094783921,113269.7797373339,0.0,0.0,0.0,0.0,0.0,0.0,0.003193200606615572,0.007261619306748653,0.0076971432054517026,0.006938672777661237,0.2753283747639141,0.0030683337029919194,0.00577315822226543,0.002994557707474453,0.01569316392175826,0.006908533873331166,0.05939462593504816,0.6570548361045632,0.0019055236114509794,0.005971564742140055,0.005910004463999997,0.004896593678184873,0.15590181118285834,0.001805064382431372,0.003311837139691876,0.0018274554756078428,0.00878770237160784,0.005817128030521006,0.034931342798663306,0.36274113003186204
2026-09-18 08:28:40.631000042,3013.2762711864434,7536.322372881355,8312.305423728818,7271.460000000001,281789.24338983046,3575.297288135594,5912.661355932199,3641.8240677966073,16041.657966101697,7466.775254237294,52872.583728813544,667519.085469188,0.003902819985659599,0.003994528849971787,0.003543839924605939,0.0005300308555906386,0.003294375749524276,0.004894967004032432,106084.91374323865,106167.2752024887,120149.1914388055,3738.81696526855,136529.29730632063,139390.3161317204,102924.30299005038,75028.78757571868,79414.17488730453,3426.67083644279,118352.93094783921,105056.31546294538,0.0,0.0,0.0,0.0,0.0,0.0,0.0031962166457569865,0.007268471773920371,0.00770440665715625,0.00694522176819154,0.2755873232676877,0.0030712307029919193,0.005778592980441531,0.0029973839088633415,0.015707937034651343,0.0069150575119044,0.059453495217353686,0.6576729951067645,0.0019143666194677872,0.005971564742140055,0.005918598051512606,0.004896593678184873,0.15603285943866102,0.0018168722332100845,0.003311837139691876,0.001835622746212884,0.008801569729915965,0.005827663383294118,0.0349522943168839,0.3632709582156601
2026-09-18 08:28:55.631000042,3013.2762711864434,7541.688813559321,8312.305423728818,7292.2271186440685,281819.4101694915,3575.297288135594,5915.4040677966095,3641.8240677966073,16041.657966101697,7466.775254237294,52614.02745762711,667553.8940821823,0.003902819985659599,0.003994528849971787,0.003543839924605939,0.0005293340903676041,0.003294375749524276,0.0048765553121682195,106084.91374323865,106167.2752024887,120149.1914388055,3925.3760180550303,136529.29730632063,139470.351726911,102924.30299005038,75028.78757571868,79414.17488730453,3597.654458106095,118352.93094783921,105187.73141156482,0.0,0.0,0.0,0.0,0.0,0.0,0.0031992326848984,0.007275324241092087,0.007711670108860794,0.006951770758721843,0.27584627177146126,0.0030741277029919193,0.005784027738617632,0.0030002101102522306,0.01572271014754442,0.006921581150477631,0.0595123644996592,0.6582911541089657,0.0019143666194677872,0.005969317535058822,0.005918598051512606,0.004903271864621846,0.15618949310878677,0.0018168722332100845,0.0033199141325042023,0.001835622746212884,0.008801569729915965,0.005827663383294118,0.03495439170998146,0.36354710026507325
2026-09-18 08:29:10.631000042,2985.4769491525444,7541.688813559321,8327.413220338984,7292.2271186440685,281860.0169491525,3576.160677966101,5915.4040677966095,3646.5223728813567,16017.281694915271,7474.719661016946,52412.05220338983,667545.89871004,0.0035005021869924983,0.003994528849971787,0.003543839924605939,0.0005293340903676041,0.003294375749524276,0.004672050927064462,102600.2530268942,106167.2752024887,120149.1914388055,3925.3760180550303,136529.29730632063,147929.22773318153,99512.44623187487,75028.78757571868,79414.17488730453,3597.654458106095,118352.93094783921,113749.01927694098,0.0,0.0,0.0,0.0,0.0,0.0,0.0032015274188532915,0.007281346389848869,0.007720081011813627,0.006960650465469978,0.2761042372728778,0.0030809452798539624,0.005789156921073349,0.0030067689631119703,0.015737051749791873,0.006928271853858115,0.05950440333373711,0.6589329804083343,0.0019219179520672271,0.005969317535058822,0.005925690692638658,0.004903271864621846,0.15632046913802175,0.0018262065054453782,0.0033199141325042023,0.001842181413109243,0.008809190924672274,0.005838249729971989,0.03496966873953081,0.364094251037966
2026-09-18 08:29:25.631000042,2985.4769491525444,7545.892881355929,8327.413220338984,7289.292203389827,281895.96813559317,3576.160677966101,5925.148474576268,3646.5223728813567,16017.281694915271,7474.719661016946,52140.386440677976,668008.5877216924,0.0036159648068537333,0.003942447353583728,0.003543839924605939,0.0005293340903676041,0.003155557718489215,0.004548501341054566,105984.4800263605,99809.27016323837,120149.1914388055,3925.3760180550303,117533.93320484702,145583.43001021323,102794.8231986507,70432.1316039909,79414.17488730453,3597.654458106095,99093.49918869836,111447.62663040549,0.0,0.0,0.0,0.0,0.0,0.0,0.003204542777972788,0.007288198075697923,0.007727345543260166,0.006967201653520293,0.2763631848574643,0.0030838459760803775,0.005794591392251296,0.003009598683552222,0.01575182445812521,0.0069347956500845276,0.059563010535889985,0.6595511616887226,0.0019219179520672271,0.005976723757624649,0.005925690692638658,0.004908980339271708,0.15648696697969433,0.0018262065054453782,0.003329356932464986,0.001842181413109243,0.008809190924672274,0.005838249729971989,0.03498449899481553,0.3644295758930075
2026-09-18 08:29:40.631000042,2961.1738983050836,7545.892881355929,8353.867118644072,7289.292203389827,281959.5416949152,3566.6938983050836,5925.148474576268,3635.4355932203407,16045.056610169508,7487.862711864413,51914.21796610169,668047.4367025153,0.0036159648068537333,0.0034888223609456626,0.0033740674432492217,0.0005237897334144388,0.0030561508049670445,0.004573987933231577,105984.4800263605,84391.45109107145,118160.21874996363,3765.532062470507,113831.35934110271,143563.84356235104,102794.8231986507,54612.07215283804,78011.39613741949,3451.1555451956037,95971.83899952067,109730.66075147854,0.0,0.0,0.0,0.0,0.0,0.0,0.0032075581370922847,0.0072950497615469805,0.007734610074706708,0.006973752841570606,0.27662213244205075,0.0030867466723067923,0.00580002586342924,0.0030124284039924737,0.015766597166458538,0.006941319446310944,0.059621617738042865,0.6601693429691111,0.0019315147230532204,0.005976723757624649,0.005935632144941176,0.004908980339271708,0.15662048899513226,0.001836088010896358,0.003329356932464986,0.0018491766974789916,0.008825383878683474,0.005846740714526612,0.0350027616245784,0.36499548124679987
2026-09-18 08:29:55.631000042,2961.1738983050836,7550.261694915256,8353.867118644072,7288.267118644067,281974.46949152544,3566.6938983050836,5928.59288135593,3635.4355932203407,16045.056610169508,7487.862711864413,51636.185084745746,667588.544095978,0.0036159648068537333,0.0036212468309966724,0.0033740674432492217,0.0005237897334144388,0.0030298544906463016,0.0044879758478841725,105984.4800263605,87594.67900908492,118160.21874996363,3765.532062470507,112851.909897729,140651.87802524678,102794.8231986507,56684.97067417944,78011.39613741949,3451.1555451956037,95146.05983961486,107215.09778788443,0.0,0.0,0.0,0.0,0.0,0.0,0.0032105734962117813,0.007301901447396038,0.00774187460615325,0.006980304029620923,0.2768810800266372,0.003089647368533208,0.005805460334607184,0.003015258124432725,0.015781369874791878,0.0069478432425373595,0.05968022494019574,0.6607875242494997,0.0019315147230532204,0.005981854301882353,0.005935632144941176,0.004909634613075628,0.1567715520789891,0.001836088010896358,0.0033352766535350124,0.0018491766974789916,0.008825383878683474,0.005846740714526612,0.03500787827531852,0.3652020743203008
2026-09-18 08:30:10.631000042,2924.649152542375,7550.261694915256,8368.697288135592,7288.267118644067,282046.2254237288,3588.0803389830503,5928.59288135593,3655.4338983050843,16054.001694915238,7501.6311864406725,51405.382372881344,667599.1706359856,0.0036159648068537333,0.0036212468309966724,0.0033740674432492217,0.0005237897334144388,0.003128472469539047,0.004190552486317592,105984.4800263605,87594.67900908492,118160.21874996363,3765.532062470507,109902.87091022765,139134.10273143565,102794.8231986507,56684.97067417944,78011.39613741949,3451.1555451956037,92659.70900843758,105333.42217177674,0.0,0.0,0.0,0.0,0.0,0.0,0.003212844590092836,0.0073077581967026725,0.007749204845334399,0.00698601073958419,0.27714215789813273,0.0030949344794838555,0.005810893903019829,0.003020399150992209,0.01579649057279844,0.00695630534762404,0.05967238802269275,0.6613728690304485,0.0019376897053669465,0.005981854301882353,0.005936906355215686,0.004909634613075628,0.15690623485437907,0.0018457030429131654,0.0033352766535350124,0.0018560594667563024,0.008844676591148456,0.005856202520672267,0.03502650806460946,0.36563589743164115
2026-09-18 08:30:25.631000042,2924.649152542375,7565.814915254236,8368.697288135592,7291.687118644068,282071.88,3588.0803389830503,5929.239661016945,3655.4338983050843,16054.001694915238,7501.6311864406725,51132.07525423728,668537.889657172,0.0036159648068537333,0.0036212468309966724,0.0033740674432492217,0.000506343277069257,0.003128472469539047,0.004007856155082027,105984.4800263605,87594.67900908492,118160.21874996363,3894.0535331007864,109902.87091022765,132648.01349200075,102794.8231986507,56684.97067417944,78011.39613741949,33.71474920433582,92659.70900843758,98811.3505462532,0.0,0.0,0.0,0.0,0.0,0.0,0.003215859250180555,0.007314608949835506,0.00775646943837951,0.006992561134634315,0.27740110747990554,0.003097837417140497,0.005816328373369391,0.003023231042282937,0.015811263607442637,0.006962830964478677,0.059730741987314075,0.6619910196325084,0.0019376897053669465,0.005993658617142857,0.005936906355215686,0.004915034551137255,0.1570590704717865,0.0018457030429131654,0.003340730390134453,0.0018560594667563024,0.008844676591148456,0.005856202520672267,0.03503298289740097,0.3660564814380489
2026-09-18 08:30:40.631000042,2891.3796610169497,7565.814915254236,8386.346440677966,7291.687118644068,282153.9722033898,3597.882711864407,5929.239661016945,3646.9098305084754,16095.032542372881,7511.421355932198,50913.64677966101,668444.7517021657,0.0035027842625594907,0.0036212468309966724,0.0033740674432492217,0.0005239215180509419,0.002802811477489725,0.0038697648916849337,102667.14100984418,87594.67900908492,118160.21874996363,4029.2397091602834,112793.91581562084,118103.8332824467,99577.32118696025,56684.97067417944,78011.39613741949,34.88519228710202,95019.8951873601,85318.16389310334,0.0,0.0,0.0,0.0,0.0,0.0,0.003218873910268274,0.007321459702968339,0.007763734031424625,0.006999111529684439,0.2776600570616783,0.0031007403547971386,0.005821762843718955,0.0030260629335736636,0.015826036642086826,0.0069693565813333126,0.059789095951935406,0.6626091702345682,0.001945875847394958,0.005993658617142857,0.005938854130857142,0.004915034551137255,0.15719613386308248,0.0018586768457647055,0.003340730390134453,0.0018641443962521002,0.00887077118245378,0.005862365761260501,0.03505088617788402,0.36656967871583107
2026-09-18 08:30:55.631000042,2891.3796610169497,7583.155932203392,8386.346440677966,7286.888135593216,282169.95254237286,3597.882711864407,5923.552881355931,3646.9098305084754,16095.032542372881,7511.421355932198,50647.85084745762,668422.9261886062,0.003353308422534967,0.0036212468309966724,0.003213390576308363,0.0005239215180509419,0.0028270280023516207,0.003708845386793839,82354.22920090433,87594.67900908492,123038.02134817661,4029.2397091602834,113768.46465294254,117113.15877083006,79666.48772442504,56684.97067417944,81102.35282245072,34.88519228710202,95840.8750044687,84141.61876509398,0.0,0.0,0.0,0.0,0.0,0.0,0.0032218885703559938,0.00732831045610117,0.007770998624469736,0.0070056619247345665,0.2779190066434511,0.0031036432924537796,0.005827197314068518,0.00302889482486439,0.015840809676731026,0.00697588219818795,0.05984744991655673,0.6632273208366282,0.001945875847394958,0.005998109791759103,0.005938854130857142,0.004914721484963584,0.15734999858739743,0.0018586768457647055,0.0033444267173445385,0.0018641443962521002,0.00887077118245378,0.005862365761260501,0.03505588049424646,0.3668681916580061
2026-09-18 08:31:10.631000042,2855.3491525423738,7583.155932203392,8405.127457627128,7286.888135593216,282269.5566101695,3603.6152542372865,5923.552881355931,3639.972203389831,16118.17322033899,7533.643728813558,50481.78711864407,668450.5056743175,0.003353308422534967,0.0035818923265258187,0.0031890695040733648,0.0005081164603403494,0.0029059829834274177,0.003497721387712461,82354.22920090433,95416.15282803233,116822.27381190135,3907.6902710497884,116945.86047860241,109360.32536647368,79666.48772442504,53442.75950545008,77003.59139588819,33.83281619956527,98517.57805303104,77139.37427835424,0.0,0.0,0.0,0.0,0.0,0.0,0.003222383585812047,0.007335692206713733,0.007778678228583812,0.007012390654778007,0.2781903047724822,0.0031089730436897212,0.005831251336804685,0.003033907894275676,0.01585999038307993,0.006985155982009904,0.05984551630802818,0.6638681424773574,0.0019539894526386546,0.005998109791759103,0.005942081082352945,0.004914721484963584,0.15749055114955116,0.001869586146969187,0.0033444267173445385,0.0018722030392492998,0.008895310726016807,0.0058739955979047595,0.03507700819576252,0.36737585598817996
2026-09-18 08:31:25.631000042,2855.3491525423738,7608.477966101695,8405.127457627128,7302.084406779659,282306.41694915254,3603.6152542372865,5923.848813559321,3639.972203389831,16118.17322033899,7533.643728813558,50257.275254237284,668984.9816637245,0.003353308422534967,0.0035818923265258187,0.0031890695040733648,0.0005257832239731624,0.0029000856677407864,0.0034997007983245255,82354.22920090433,95416.15282803233,116822.27381190135,7537.833131301354,111759.13279308008,107145.37189915082,79666.48772442504,53442.75950545008,77003.59139588819,3499.7082395327716,94148.17286410811,75327.11178326266,0.0,0.0,0.0,0.0,0.0,0.0,0.003225395888246504,0.007342543455777404,0.007785943209233002,0.007018941216887869,0.27844926586763147,0.0031118782521791094,0.0058366845202623965,0.003036741826547836,0.01587476752735854,0.006991684170524261,0.059903630713869366,0.6644863142696459,0.0019539894526386546,0.0060066576965714285,0.005942081082352945,0.0049242909405042,0.15765376486245375,0.001869586146969187,0.00334925191807843,0.0018722030392492998,0.008895310726016807,0.0058739955979047595,0.035092004196334375,0.3676839591928629
2026-09-18 08:31:40.631000042,2824.566101694912,7608.477966101695,8435.709152542382,7302.084406779659,282397.09118644067,3627.5674576271194,5923.848813559321,3647.916610169491,16155.927457627124,7569.527796610167,50093.79559322032,669148.965797395,0.003353308422534967,0.00315753140813471,0.0031890695040733648,0.0005257832239731624,0.0029000856677407864,0.003243642857494623,82354.22920090433,96766.90993738607,116822.27381190135,7537.833131301354,111759.13279308008,91826.77470696828,79666.48772442504,53402.564886056774,77003.59139588819,3499.7082395327716,94148.17286410811,60056.15101665649,0.0,0.0,0.0,0.0,0.0,0.0,0.0032284081906809622,0.007349394704841074,0.007793208189882189,0.007025491778997733,0.2787082269627807,0.003114783460668498,0.005842117703720108,0.003039575758819996,0.015889544671637144,0.006998212359038617,0.059961745119710544,0.6651044860619344,0.0019631434990588226,0.0060066576965714285,0.005947560816901963,0.0049242909405042,0.15778555527866603,0.0018806607185882357,0.00334925191807843,0.0018802496805098035,0.008923948593137257,0.0058846813481344545,0.035113733381270065,0.36817874658226524
2026-09-18 08:31:55.631000042,2824.566101694912,7633.192881355928,8435.709152542382,7304.20474576271,282425.40610169485,3627.5674576271194,5916.203389830509,3647.916610169491,16155.927457627124,7569.527796610167,49861.95864406777,669386.005873666,0.003353308422534967,0.003277092801207044,0.0031890695040733648,0.0005257832239731624,0.0029000856677407864,0.0032426721194202105,82354.22920090433,100431.0339190549,116822.27381190135,7537.833131301354,111759.13279308008,91176.07987930378,79666.48772442504,55424.67780470054,77003.59139588819,3499.7082395327716,94148.17286410811,59750.0821200357,0.0,0.0,0.0,0.0,0.0,0.0,0.0032314204931154183,0.007356245953904744,0.007800473170531375,0.007032042341107593,0.27896718805792997,0.0031176886691578858,0.00584755088717782,0.0030424096910921555,0.015904321815915754,0.007004740547552975,0.060019859525551736,0.6657226578542229,0.0019631434990588226,0.006015330719092436,0.005947560816901963,0.004925773307187675,0.15794504873698598,0.0018806607185882357,0.0033516961835294095,0.0018802496805098035,0.008923948593137257,0.0058846813481344545,0.0351301329527327,0.36844563718378087
2026-09-18 08:32:10.631000042,2787.577627118645,7633.192881355928,8472.508474576274,7304.20474576271,282532.75627118646,3647.8616949152533,5916.203389830509,3667.4145762711873,16136.68271186442,7603.401355932199,49689.622372881335,669489.8535011769,0.003353308422534967,0.0032894750369766306,0.003050087326566915,0.0005198615054588733,0.0029000856677407864,0.0032426721194202105,82354.22920090433,96903.3093209151,116059.81611470842,7784.729354043549,111759.13279308008,91176.07987930378,79666.48772442504,53481.05604792826,76450.57063691555,3597.617211606913,94148.17286410811,59750.0821200357,0.0,0.0,0.0,0.0,0.0,0.0,0.003231780166566583,0.007365446127023756,0.007811527111745355,0.007039295939465092,0.2792452418533292,0.0031232333994897178,0.005851749846606691,0.003047364948600041,0.01592231139345116,0.007015996283177198,0.06003255773636697,0.6663463635039215,0.001970014177815126,0.006015330719092436,0.005961779385344538,0.004925773307187675,0.15809141122554618,0.0018898508843697476,0.0033516961835294095,0.0018868270174789916,0.00893996486319328,0.005901500613647056,0.035162036428900964,0.3690083432033101
2026-09-18 08:32:25.631000042,2787.577627118645,7670.968474576279,8472.508474576274,7319.858644067791,282647.1691525424,3647.8616949152533,5910.251186440678,3667.4145762711873,16136.68271186442,7603.401355932199,49514.59830508475,670252.5278528717,0.003343396881518815,0.0032894750369766306,0.003050087326566915,0.0005198615054588733,0.0027799456800202795,0.0032381985231529084,78184.03984707351,96903.3093209151,116059.81611470842,7784.729354043549,116209.18069069822,90417.27480351637,75632.39813134506,53481.05604792826,76450.57063691555,3597.617211606913,97838.94625741841,59053.52789243465,0.0,0.0,0.0,0.0,0.0,0.0,0.003234789996168574,0.007372299561725248,0.007818795617964261,0.007045847157126781,0.2795042206817059,0.0031261410686439467,0.005857181883781412,0.0030502008584259114,0.015937091522013735,0.007022528878948341,0.06009045390458837,0.6669645404995844,0.001970014177815126,0.006020497341490198,0.005961779385344538,0.004933123502095236,0.1582624866224301,0.0018898508843697476,0.0033575650866778705,0.0018868270174789916,0.00893996486319328,0.005901500613647056,0.035188475666882865,0.3694158496660485
2026-09-18 08:32:40.631000042,2754.546101694916,7670.968474576279,8513.435593220336,7319.858644067791,282686.45186440676,3649.5427118644084,5910.251186440678,3660.4250847457615,16161.02237288135,7621.157288135597,49334.38169491527,670350.8918667609,0.0032162257389471076,0.0032894750369766306,0.003050087326566915,0.0005198615054588733,0.0027799456800202795,0.0030936229067635417,81031.85822583268,96903.3093209151,116059.81611470842,7784.729354043549,116209.18069069822,89022.13457592178,78389.56653951919,53481.05604792826,76450.57063691555,3597.617211606913,97838.94625741841,53168.07921291607,0.0,0.0,0.0,0.0,0.0,0.0,0.0032377998257705626,0.007379152996426741,0.007826064124183166,0.0070523983747884725,0.2797631995100826,0.0031290487377981756,0.005862613920956133,0.003053036768251782,0.015951871650576314,0.007029061474719486,0.060148350072809754,0.6675827174952473,0.0019779320818207277,0.006020497341490198,0.005980394383361341,0.004933123502095236,0.15839686325647057,0.001900441378543418,0.0033575650866778705,0.001895001719014006,0.008962385442274505,0.005908831396498598,0.03521854505379017,0.3699236123246658
2026-09-18 08:32:55.631000042,2754.546101694916,7698.444406779663,8513.435593220336,7327.321016949149,282749.6623728813,3649.5427118644084,5896.314915254239,3660.4250847457615,16161.02237288135,7621.157288135597,49084.2945762712,670517.1520955747,0.0032162257389471076,0.0032894750369766306,0.003050087326566915,0.0005198615054588733,0.002765007341161237,0.003110131176244473,81031.85822583268,96903.3093209151,116059.81611470842,7784.729354043549,110395.80040964078,88130.03589082675,78389.56653951919,53481.05604792826,76450.57063691555,3597.617211606913,92944.53948583844,52756.02846960264,0.0,0.0,0.0,0.0,0.0,0.0,0.003240809655372553,0.007386006431128233,0.007833332630402073,0.007058949592450165,0.28002217833845927,0.003131956406952405,0.005868045958130855,0.0030558726780776533,0.01596665177913889,0.00703559407049063,0.06020624624103115,0.6682008944909104,0.0019779320818207277,0.00603165386420168,0.005980394383361341,0.004937569081714285,0.1585710638122253,0.001900441378543418,0.0033624720371540607,0.001895001719014006,0.008962385442274505,0.005908831396498598,0.035241437869605416,0.37024790912592087
2026-09-18 08:33:10.631000042,2722.3749152542364,7698.444406779663,8540.487457627114,7327.321016949149,282793.81728813564,3650.650169491525,5896.314915254239,3654.170847457629,16142.363389830503,7647.626440677969,48905.10610169493,670209.5166101694,0.0032162257389471076,0.0032894750369766306,0.003020003216927106,0.000526303424447781,0.002765007341161237,0.003067566125072058,81031.85822583268,96903.3093209151,98938.36306967682,7684.003581305212,110395.80040964078,83255.46964224301,78389.56653951919,53481.05604792826,80821.87267645301,3549.9617791512865,92944.53948583844,48080.78903011888,0.0,0.0,0.0,0.0,0.0,0.0,0.00324039724724432,0.007397439293038436,0.007844717113996385,0.007065704222031619,0.28030369768799135,0.0031364917597586947,0.005872831779661584,0.0030603486624670383,0.01598130158911251,0.007046506641294527,0.060220061353941624,0.6688497462146643,0.001985014198834733,0.00603165386420168,0.005994420215327727,0.004937569081714285,0.15870265241306067,0.0019128351296918765,0.0033624720371540607,0.0019053359721456578,0.008975794686207279,0.005914924250151261,0.03526446087537483,0.37081253631992517
2026-09-18 08:33:25.631000042,2722.3749152542364,7736.247457627122,8540.487457627114,7353.298983050845,282900.0325423729,3650.650169491525,5892.843050847456,3654.170847457629,16142.363389830503,7647.626440677969,48830.45796610169,670363.4959322034,0.0032162257389471076,0.003295622447202274,0.003020003216927106,0.000526303424447781,0.002765007341161237,0.0030640763074110846,81031.85822583268,92906.29562692763,98938.36306967682,7684.003581305212,110395.80040964078,81448.03751929772,78389.56653951919,51275.099255631765,80821.87267645301,3549.9617791512865,92944.53948583844,42080.547375108035,0.0,0.0,0.0,0.0,0.0,0.0,0.00324340389842152,0.0074042969730260455,0.00785198943586751,0.007072255628785027,0.2805626973731766,0.0031394009406756716,0.005878263218859113,0.00306318609555254,0.015996081597754484,0.007053043305173089,0.060277747533725425,0.6694679516532447,0.001985014198834733,0.0060435420140504195,0.005994420215327727,0.004946275458599439,0.1588804299276296,0.0019128351296918765,0.0033681619083193275,0.0019053359721456578,0.008975794686207279,0.005914924250151261,0.03529741916479867,0.3712803514421714
2026-09-18 08:33:40.631000042,2714.4457627118654,7736.247457627122,8537.741694915256,7353.298983050845,282891.8166101695,3648.6335593220356,5892.843050847456,3653.8840677966114,16144.892542372876,7653.84406779661,48794.540338983024,670453.7461016949,0.0032095942822063573,0.0031452944872600464,0.003020003216927106,0.000526303424447781,0.0027627837937930517,0.0030685076576131985,83798.20341763107,81107.5508672322,98938.36306967682,7684.003581305212,114366.41196948374,84655.73650412587,81227.23937325846,38620.16384743201,80821.87267645301,3549.9617791512865,96289.52403525665,42080.547375108035,0.0,0.0,0.0,0.0,0.0,0.0,0.003246410549598719,0.007411154653013651,0.00785926175773864,0.0070788070355384345,0.2808216970583617,0.0031423101215926476,0.005883694658056646,0.003066023528638042,0.01601086160639646,0.007059579969051651,0.060335433713509225,0.6700861570918248,0.0019939133851260516,0.0060435420140504195,0.005998293998599442,0.004946275458599439,0.1590080895782496,0.0019249698097983194,0.0033681619083193275,0.0019189943670588235,0.008999322381899157,0.005918519228481794,0.03531218147765514,0.3719259897282829
2026-09-18 08:33:55.631000042,2714.4457627118654,7722.381355932208,8537.741694915256,7357.805084745761,282900.34372881363,3648.6335593220356,5891.067457627118,3653.8840677966114,16144.892542372876,7653.84406779661,48723.69355932201,670587.6050847456,0.0032127794610128297,0.003266552249732963,0.0029144007246140816,0.000526303424447781,0.0027627837937930517,0.003045517813965214,79931.79896246141,84234.41869396671,95478.71850143035,7684.003581305212,114366.41196948374,85015.20923379745,77479.7452409936,40109.0529398351,77995.71966436323,3549.9617791512865,96289.52403525665,42060.30739316311,0.0,0.0,0.0,0.0,0.0,0.0,0.0032494172007759186,0.00741801233300126,0.007866534079609766,0.007085358442291842,0.2810806967435469,0.003145219302509625,0.005889126097254176,0.0030688609617235438,0.016025641615038434,0.007066116632930214,0.060393119893293025,0.6707043625304051,0.0019939133851260516,0.006051954686084033,0.005998293998599442,0.004952694604117646,0.15917528785716528,0.0019249698097983194,0.0033733048015238084,0.0019189943670588235,0.008999322381899157,0.005918519228481794,0.03532967156609833,0.372173864907938
2026-09-18 08:34:10.631000042,2706.66305084746,7722.381355932208,8517.737288135599,7357.805084745761,282876.0437288135,3628.81220338983,5891.067457627118,3635.5210169491534,16120.217288135607,7655.6318644067815,48692.54440677965,670663.9525423727,0.0032127794610128297,0.003266552249732963,0.003009046363897539,0.0005244143356006484,0.0027627837937930517,0.003021430646620559,79931.79896246141,84234.41869396671,107437.6502027024,7368.636376118689,114366.41196948374,84335.13344762057,77479.7452409936,40109.0529398351,75903.30480147022,3404.264095259818,96289.52403525665,41695.313938658874,0.0,0.0,0.0,0.0,0.0,0.0,0.003249398263050391,0.007428076982939917,0.007874517225677984,0.007092306647715802,0.28135371680174254,0.003149243770489506,0.005894257570130607,0.0030732519948718316,0.016040837016656744,0.007073866959945061,0.06039697418967967,0.6713501873972431,0.0020029163824761905,0.006051954686084033,0.006002055488739497,0.004952694604117646,0.15931006930575034,0.00193340252647619,0.0033733048015238084,0.0019290116601904756,0.009019882084571431,0.005930455937008403,0.035354743095500935,0.3727111367606791
2026-09-18 08:34:25.631000042,2706.66305084746,7728.431186440676,8517.737288135599,7366.057627118644,282899.04406779655,3628.81220338983,5895.088474576271,3635.5210169491534,16120.217288135607,7655.6318644067815,48671.73457627119,671119.2427118643,0.0032127794610128297,0.003266552249732963,0.003009046363897539,0.0005270498395784066,0.0026679873828379316,0.003005317798734082,79931.79896246141,84234.41869396671,107437.6502027024,7632.911252740232,110442.28102124282,79414.68318133922,77479.7452409936,40109.0529398351,75903.30480147022,3527.456337741902,92985.64578331883,37217.88507434024,0.0,0.0,0.0,0.0,0.0,0.0,0.0032524021145936,0.007434937624915226,0.007881790204073048,0.007098858421789877,0.2816127294093686,0.0031521539834524683,0.005899688732799733,0.003076090865550844,0.01605561740903066,0.007080404746982099,0.06045444800692945,0.6719684183212897,0.0020029163824761905,0.0060632276462521,0.006002055488739497,0.004960644873176469,0.1594840695144164,0.00193340252647619,0.0033787997911204465,0.0019290116601904756,0.009019882084571431,0.005930455937008403,0.03535624542754848,0.37316042092947177
2026-09-18 08:34:40.631000042,2683.4430508474575,7728.431186440676,8493.90711864407,7366.057627118644,282888.8908474576,3608.7498305084746,5895.088474576271,3615.754576271185,16126.993220338989,7659.244067796605,48640.33830508476,671198.1254237287,0.003188730867573793,0.0032532542240677224,0.003009046363897539,0.0005270498395784066,0.0027515458112670394,0.0029593506002244096,62011.55285936585,80661.77405109031,107437.6502027024,7632.911252740232,91210.66112258326,71028.10409873383,60075.466783871336,38334.07586689456,75903.30480147022,3527.456337741902,73848.38992138079,29269.78128335337,0.0,0.0,0.0,0.0,0.0,0.0,0.0032554059661368106,0.007441798266890534,0.007889063182468105,0.007105410195863951,0.28187174201699466,0.0031550641964154316,0.00590511989546886,0.003078929736229856,0.016070397801404592,0.007086942534019135,0.06051192182417923,0.6725866492453365,0.002011510404397759,0.0060632276462521,0.006001047724946778,0.004960644873176469,0.1596096851283498,0.0019412405927731094,0.0033787997911204465,0.0019381800864985987,0.009049631913389354,0.0059380019108403355,0.03537487650437105,0.3737129522939284
2026-09-18 08:34:55.631000042,2683.4430508474575,7733.257627118636,8493.90711864407,7371.719999999998,282911.61661016947,3608.7498305084746,5898.151525423727,3615.754576271185,16126.993220338989,7659.244067796605,48604.26508474577,670641.159661017,0.003188730867573793,0.0032532542240677224,0.002994241706245316,0.0005270498395784066,0.0027515458112670394,0.002981028236990004,62011.55285936585,80661.77405109031,91431.40786315556,7632.911252740232,91210.66112258326,71275.25398198023,60075.466783871336,38334.07586689456,59168.631685890585,3527.456337741902,73848.38992138079,29281.990422912357,0.0,0.0,0.0,0.0,0.0,0.0,0.003258409817680021,0.007448658908865845,0.007896336160863169,0.007111961969938023,0.2821307546246207,0.0031579744093783954,0.005910551058137987,0.0030817686069088686,0.016085178193778513,0.007093480321056171,0.06056939564142902,0.6732048801693833,0.002011510404397759,0.006069882593394955,0.006001047724946778,0.004965284609820728,0.15977892724577275,0.0019412405927731094,0.003385472067058822,0.0019381800864985987,0.009049631913389354,0.0059380019108403355,0.03537208139926624,0.3739677408177479
2026-09-18 08:35:10.631000042,2678.607457627119,7733.257627118636,8455.707457627115,7371.719999999998,282883.41457627114,3590.014576271184,5898.151525423727,3591.2013559322017,16134.199322033894,7661.315593220333,48570.42508474576,670482.5216949153,0.003188730867573793,0.0032532542240677224,0.002994241706245316,0.0005270498395784066,0.0027515458112670394,0.002969144631654355,62011.55285936585,80661.77405109031,91431.40786315556,7632.911252740232,91210.66112258326,67284.62602445685,60075.466783871336,38334.07586689456,59168.631685890585,3527.456337741902,73848.38992138079,25165.129477382092,0.0,0.0,0.0,0.0,0.0,0.0,0.0032587595288726527,0.007457731830608199,0.007903076899014408,0.007118482757293707,0.2823985440021973,0.003158810050171854,0.005916324442466727,0.003082963885352193,0.016104337183092936,0.007100988092922346,0.06057127277855778,0.6737797517634692,0.0020202289272941167,0.006069882593394955,0.0060074382343529385,0.004965284609820728,0.15990165461332087,0.0019484607265882348,0.003385472067058822,0.001945355650588235,0.009078332428941174,0.005947615801344535,0.03539662192591343,0.37439808157382903
2026-09-18 08:35:25.631000042,2678.607457627119,7737.318305084747,8455.707457627115,7365.5633898305105,282841.1023728814,3590.014576271184,5906.724406779665,3591.2013559322017,16134.199322033894,7661.315593220333,48490.11152542373,670646.0959322033,0.003090203069679347,0.0032532542240677224,0.002994241706245316,0.0005270498395784066,0.0027515458112670394,0.0029637062290965997,60095.47339045252,80661.77405109031,91431.40786315556,7632.911252740232,91210.66112258326,66587.17403409799,58219.20995458319,38334.07586689456,59168.631685890585,3527.456337741902,73848.38992138079,25024.68535150509,0.0,0.0,0.0,0.0,0.0,0.0,0.003261760933546699,0.007464594508344977,0.007910349387636798,0.0071250345029886634,0.2826575646673321,0.003161718350602357,0.005921755919488786,0.003085801240825748,0.016119121597921362,0.007107526774349159,0.060628538927950185,0.6743979428933711,0.0020202289272941167,0.006084515790924366,0.0060074382343529385,0.004971629499943977,0.16007520181781823,0.0019484607265882348,0.003390181792694678,0.001945355650588235,0.009078332428941174,0.005947615801344535,0.0354097304718702,0.3745916617819638
2026-09-18 08:35:40.631000042,2675.9959322033883,7737.318305084747,8423.368474576277,7365.5633898305105,282832.88644067803,3572.06033898305,5906.724406779665,3567.1057627118616,16161.656949152542,7653.709830508474,48455.51796610169,670680.3508474577,0.0031750841959812745,0.003240467307230042,0.002894286388711118,0.0005040238838199671,0.0027515458112670394,0.0029804138526569298,58032.82754620553,69357.64654709671,88379.19755344727,7918.221070314854,91210.66112258326,65346.64035184465,56220.96275403377,40266.76900258029,57193.43397359786,3659.308771354605,73848.38992138079,24470.614124276373,0.0,0.0,0.0,0.0,0.0,0.0,0.003264762338220746,0.007471457186081755,0.007917621876259181,0.007131586248683621,0.28291658533246694,0.0031646266510328615,0.005927187396510845,0.0030886385962993024,0.016133906012749798,0.007114065455775973,0.06068580507734257,0.6750161340232732,0.002015358988778711,0.006084515790924366,0.006023967917142858,0.004971629499943977,0.16023112500944164,0.0019497910089131645,0.003390181792694678,0.0019454591826106433,0.009108166495047617,0.005967678942862745,0.035447253710768706,0.3748472823813742
2026-09-18 08:35:55.631000042,2675.9959322033883,7722.286779661022,8423.368474576277,7350.016271186439,282733.95661016955,3572.06033898305,5906.49254237288,3567.1057627118616,16161.656949152542,7653.709830508474,48364.02305084745,670507.599661017,0.0031750841959812745,0.003240467307230042,0.002971489704842056,0.0005031401479429858,0.00267636025872747,0.0029722300559456693,58032.82754620553,69357.64654709671,74836.94903511097,7904.337569420665,88718.34428529136,65808.47001538449,56220.96275403377,40266.76900258029,43589.106607939786,3652.8926816612175,71830.49438874569,24890.959349712382,0.0,0.0,0.0,0.0,0.0,0.0,0.003267763742894793,0.007478319863818531,0.00792489436488157,0.007138137994378579,0.2831756059976017,0.003167534951463366,0.005932618873532903,0.003091475951772857,0.016148690427578227,0.007120604137202788,0.06074307122673498,0.675634325153175,0.002015358988778711,0.006089715823176474,0.006023967917142858,0.004980940934,0.1603856024434659,0.0019497910089131645,0.003397390000873949,0.0019454591826106433,0.009108166495047617,0.005967678942862745,0.035405790704218044,0.3753882869889106
2026-09-18 08:36:10.631000042,2699.029830508474,7722.286779661022,8377.343389830508,7350.016271186439,282588.51661016955,3567.3437288135606,5906.49254237288,3558.8471186440675,16142.558644067789,7608.136271186442,48279.581694915236,671491.5894915254,0.0031509576345672198,0.003240467307230042,0.002971489704842056,0.0005213113797099288,0.0025401506666666695,0.00295108835437712,45409.07066560786,69357.64654709671,74836.94903511097,11477.374555240645,75218.60266666667,66467.46898169065,43992.67635768971,40266.76900258029,43589.106607939786,7056.194231773989,58407.25333333334,25091.26511815515,0.0,0.0,0.0,0.0,0.0,0.0,0.003268192520797222,0.007483890288012725,0.007929830429929348,0.007143693301181392,0.28342905862952983,0.003168099137553411,0.005938831961720025,0.003091313931736438,0.016170303052509077,0.007127637606616422,0.06073956818764806,0.6763127258718153,0.0020174716828683472,0.006089715823176474,0.006028962843361341,0.004980940934,0.16049588304118517,0.0019562382641792717,0.003397390000873949,0.0019519019939047621,0.009131439752336134,0.005975539844168066,0.03536996262347265,0.3762673759988233
2026-09-18 08:36:25.631000042,2699.029830508474,7707.496271186444,8377.343389830508,7319.992881355931,282495.26440677966,3567.3437288135606,5907.917288135596,3558.8471186440675,16142.558644067789,7608.136271186442,48369.06520288133,671668.7430508476,0.0031509576345672198,0.0031197282059914466,0.002971489704842056,0.0005213113797099288,0.0027811824078627007,0.0029975145087166566,45409.07066560786,66773.3958467621,74836.94903511097,11477.374555240645,81184.56786670162,64109.85277609465,43992.67635768971,38766.43801997595,43589.106607939786,7056.194231773989,64208.60409446779,23593.352468467307,0.0,0.0,0.0,0.0,0.0,0.0,0.0032711915624638885,0.007490751780966156,0.007937100776436702,0.007150244131757373,0.2836880742021794,0.0031710052849186067,0.005944264154027719,0.0030941485322266335,0.016185093716733743,0.007134176742645833,0.060796627923537266,0.6769309721071632,0.0020174716828683472,0.006097399510991599,0.006028962843361341,0.00498387176285714,0.16065153638151877,0.0019562382641792717,0.003404983133445377,0.0019519019939047621,0.009131439752336134,0.005975539844168066,0.03537550557398984,0.3768522855633475
2026-09-18 08:36:40.631000042,2724.678305084746,7707.496271186444,8386.245762711866,7319.992881355931,282448.31796610175,3555.454576271186,5907.917288135596,3547.3179661016948,16118.057288135586,7582.728813559323,48851.990958052535,671977.8671186441,0.0031509576345672198,0.0033633069294439384,0.002971489704842056,0.0005213113797099288,0.0027811824078627007,0.0029975145087166566,45409.07066560786,70385.37963476121,74836.94903511097,11477.374555240645,81184.56786670162,64109.85277609465,43992.67635768971,43336.262092395584,43589.106607939786,7056.194231773989,64208.60409446779,23593.352468467307,0.0,0.0,0.0,0.0,0.0,0.0,0.0032741906041305552,0.007497613273919588,0.007944371122944056,0.007156794962333353,0.283947089774829,0.0031739114322838027,0.005949696346335411,0.00309698313271683,0.01619988438095841,0.007140715878675246,0.060853687659426475,0.6775492183425113,0.0020200860860168073,0.006097399510991599,0.006045831553809526,0.00498387176285714,0.16078664914709118,0.00195598000805042,0.003404983133445377,0.0019488853502521008,0.009148817564722685,0.005984873783462182,0.03548889080077502,0.37750396836701916
2026-09-18 08:36:55.631000042,2724.678305084746,7683.791186440679,8386.245762711866,7276.298644067797,282347.4661016949,3555.454576271186,5905.43694915254,3547.3179661016948,16118.057288135586,7582.728813559323,49142.340290635606,671439.2888135591,0.0031509576345672198,0.0032309877553460646,0.0029714897048420557,0.0005213113797099288,0.0027811824078627007,0.003036251662093214,45409.07066560786,58863.949814972286,74836.94903511096,11477.374555240645,81184.56786670162,67139.6853259041,43992.67635768971,31542.129382355626,43589.10660793978,7056.194231773989,64208.60409446779,25732.164835671247,0.0,0.0,0.0,0.0,0.0,0.0,0.003277189645797223,0.0075044747668730205,0.007951641469451409,0.007163345792909334,0.28420610534747853,0.003176817579648999,0.005955128538643103,0.0030998177332070254,0.01621467504518307,0.007147255014704657,0.060910747395315684,0.6781674645778593,0.0020200860860168073,0.006103301638498597,0.006045831553809526,0.004986286989495798,0.1609483148896296,0.00195598000805042,0.0034125185593837535,0.0019488853502521008,0.009148817564722685,0.005984873783462182,0.0355577314190531,0.3780820420933183
2026-09-18 08:37:10.631000042,2746.806101694918,7683.791186440679,8395.550847457624,7276.298644067797,282309.4128813559,3547.6108474576276,5905.43694915254,3546.381355932202,16055.142711864399,7562.416271186439,49339.529919174594,671860.9861016948,0.0031509576345672198,0.003337034315043523,0.002961255565999716,0.0005213113797099288,0.0027811824078627007,0.003258559935630602,45409.07066560786,60795.965607280064,78560.78857548937,11477.374555240645,81184.56786670162,74177.08540959809,43992.67635768971,32577.396167565916,45750.725162385614,7056.194231773989,64208.60409446779,32875.14514372473,0.0,0.0,0.0,0.0,0.0,0.0,0.0032839883185798134,0.007507667877681381,0.00796026778512216,0.0071671867124923905,0.28444650921619524,0.0031789213632869963,0.0059621709926552325,0.0031021109647368333,0.01622663970251683,0.007152426509702463,0.060988557743555244,0.6788440592912943,0.002022822168067227,0.006103301638498597,0.0060635536051764655,0.004986286989495798,0.16109614366064365,0.0019537998949579823,0.0034125185593837535,0.0019485984817927172,0.009162280134733889,0.00599858039142857,0.03560028676145188,0.37881847572506666
2026-09-18 08:37:25.631000042,2746.806101694918,7661.181355932199,8395.550847457624,7279.685084745762,282305.32169491524,3547.6108474576276,5911.514237288137,3546.381355932202,16055.142711864399,7562.416271186439,49579.11759411978,672142.8661016948,0.003347135638399034,0.003337034315043523,0.0031267781889062775,0.0005219864389137414,0.0027811824078627007,0.003530356590337797,52560.113995125364,60795.965607280064,81845.82855767169,8039.318312376333,81184.56786670162,88331.95307985767,50987.72094601909,32577.396167565916,50626.65403624095,7418.395353290356,64208.60409446779,46689.527970153744,0.0,0.0,0.0,0.0,0.0,0.0,0.0032869908375053325,0.007514526019622773,0.007967539370286996,0.007173735062919741,0.28470550782842147,0.00318182677629066,0.0059676046532391724,0.0031049450697429384,0.016241427789499798,0.007158964394012597,0.061056017549211375,0.6794623586942748,0.002022822168067227,0.006111173087697476,0.0060635536051764655,0.004998533778823528,0.1612759971330308,0.0019537998949579823,0.0034206231625322136,0.0019485984817927172,0.009162280134733889,0.00599858039142857,0.03565114404643064,0.3794959555328995
2026-09-18 08:37:40.631000042,2765.2759322033917,7661.181355932199,8389.772542372875,7279.685084745762,282222.99457627116,3534.5288135593223,5911.514237288137,3544.4471186440664,15991.132881355936,7539.004067796612,49733.5093924418,672444.9823728815,0.003347135638399034,0.003471975981797552,0.0031267781889062775,0.0005258599091704925,0.0029212632423099827,0.0037335926811610364,52560.113995125364,59895.208159097565,81845.82855767169,11347.409264517071,82458.63739941388,97900.32144751899,50987.72094601909,32709.5500098138,50626.65403624095,6993.777096823283,66314.65470170957,55385.95612583956,0.0,0.0,0.0,0.0,0.0,0.0,0.003289993356430851,0.007521384161564164,0.007974810955451831,0.007180283413347092,0.2849645064406478,0.0031847321892943224,0.005973038313823114,0.003107779174749043,0.016256215876482762,0.007165502278322732,0.06112347735486752,0.6800806580972555,0.002025954916235294,0.006111173087697476,0.006072798224280109,0.004998533778823528,0.16140700361845625,0.001957261406683474,0.0034206231625322136,0.001955039033843137,0.00917571970485154,0.006004549669999999,0.03566930288916566,0.380172155292982
2026-09-18 08:37:55.631000042,2765.2759322033917,7646.882033898307,8389.772542372875,7257.063050847455,282195.64677966095,3534.5288135593223,5905.9677966101635,3544.4471186440664,15991.132881355936,7539.004067796612,49913.349153210744,672467.8362711866,0.003347135638399034,0.003471975981797552,0.0031267781889062775,0.0005258599091704925,0.00290960677777504,0.003938695010009554,52560.113995125364,59895.208159097565,81845.82855767169,11347.409264517071,70904.42872385005,100986.31846691945,50987.72094601909,32709.5500098138,50626.65403624095,6993.777096823283,54481.21686321323,59156.75489277116,0.0,0.0,0.0,0.0,0.0,0.0,0.0032929958753563702,0.007528242303505556,0.007982082540616666,0.0071868317637744416,0.2852235050528741,0.0031876376022979855,0.005978471974407056,0.0031106132797551487,0.016271003963465733,0.0071720401626328666,0.06119093716052365,0.6806989575002359,0.002025954916235294,0.006114019682436974,0.006072798224280109,0.005008552072364145,0.16157895998685337,0.001957261406683474,0.003425223521747898,0.001955039033843137,0.00917571970485154,0.006004549669999999,0.0357036053840052,0.38073987314592933
2026-09-18 08:38:10.631000042,2786.003389830506,7646.882033898307,8367.846101694917,7257.063050847455,282096.3172881356,3526.306779661016,5905.9677966101635,3549.358983050845,15924.1606779661,7526.217966101693,50084.379509900566,672596.341016949,0.003347135638399034,0.003471975981797552,0.0031267781889062775,0.0005258599091704925,0.00290960677777504,0.0041331045118027845,52560.113995125364,59895.208159097565,81845.82855767169,11347.409264517071,70904.42872385005,106511.96459669345,50987.72094601909,32709.5500098138,50626.65403624095,6993.777096823283,54481.21686321323,64089.277459259625,0.0,0.0,0.0,0.0,0.0,0.0,0.00329979010225365,0.007531691473273297,0.00798589960174481,0.007194777597711173,0.2854771504679453,0.0031904006817173765,0.0059844950686152925,0.0031150017027028994,0.016279014460423152,0.007179559027717438,0.06129799957731048,0.6813662664696344,0.0020280722508907553,0.006114019682436974,0.006076609782431373,0.005008552072364145,0.16171163187504764,0.0019623556365714286,0.003425223521747898,0.0019639519277983184,0.009178971233747895,0.006017998652840337,0.035726270199221075,0.3813576452737252
2026-09-18 08:38:25.631000042,2786.003389830506,7624.494915254243,8367.846101694917,7270.947457627122,282117.0783050848,3526.306779661016,5907.94169491525,3549.358983050845,15924.1606779661,7526.217966101693,50301.27861008964,673141.6098305085,0.0034766885584180105,0.003471975981797552,0.0031267781889062775,0.0005258599091704925,0.0029096067777750396,0.00420951046395881,51073.195510874015,59895.208159097565,81845.82855767169,11347.409264517071,70904.42872385004,109601.55746269497,49711.52105152652,32709.5500098138,50626.65403624095,6993.777096823283,54481.21686321322,67130.10119318114,0.0,0.0,0.0,0.0,0.0,0.0,0.003302796078531022,0.007538546512506875,0.007993168042742376,0.007201327222102901,0.2857361442264302,0.0031933059648682283,0.005989929264675897,0.003117837224904846,0.016293796389514063,0.0071860978063062455,0.06137753447647637,0.6819846103332707,0.0020280722508907553,0.0061172642274958,0.006076609782431373,0.005024635828011205,0.16189352156599315,0.0019623556365714286,0.0034319222443137238,0.0019639519277983184,0.009178971233747895,0.006017998652840337,0.035769365454401444,0.3820463198384535
2026-09-18 08:38:40.631000042,2811.499322033898,7624.494915254243,8337.5572881356,7270.947457627122,282018.2583050848,3506.7996610169494,5907.94169491525,3533.961355932203,15891.071186440675,7517.757966101693,50484.94846884016,673011.8328813559,0.0034766885584180105,0.003469352339783091,0.003119046856580755,0.0005258599091704925,0.0029096067777750396,0.004265032039336711,51073.195510874015,62376.84471012084,84967.61809007575,11347.409264517071,70904.42872385004,113465.38496812241,49711.52105152652,34035.799107362516,52516.97704390678,6993.777096823283,54481.21686321322,70679.93210223195,0.0,0.0,0.0,0.0,0.0,0.0,0.0033058020548083935,0.007545401551740451,0.008000436483739942,0.007207876846494626,0.28599513798491505,0.00319621124801908,0.005995363460736505,0.0031206727471067928,0.01630857831860497,0.007192636584895053,0.06145706937564225,0.6826029541969072,0.0020326730143921563,0.0061172642274958,0.006075779438235296,0.005024635828011205,0.16202399944388357,0.0019627902928627456,0.0034319222443137238,0.001962326494705882,0.009193032695176469,0.006025258217988795,0.03578802842617994,0.38260308301961443
2026-09-18 08:38:55.631000042,2811.499322033898,7607.590169491519,8337.5572881356,7264.903728813563,282017.7152542373,3506.7996610169494,5905.1471186440685,3533.961355932203,15891.071186440675,7517.757966101693,50674.07874148496,672825.1088135594,0.0033486109206318404,0.0036181770942550146,0.0030182826304047347,0.0005316098714491653,0.0029096067777750396,0.004206334726017727,52690.52319787994,59940.05912973747,82222.64609043999,11830.566263097888,70904.42872385004,117086.11428513603,51281.62182979704,32730.830650680593,50820.35855875383,7291.562456641994,54481.21686321322,73778.94280959906,0.0,0.0,0.0,0.0,0.0,0.0,0.0033088080310857667,0.007552256590974029,0.008007704924737511,0.007214426470886354,0.28625413174339986,0.0031991165311699324,0.00600079765679711,0.003123508269308739,0.01632336024769588,0.0071991753634838606,0.06153660427480813,0.6832212980605434,0.0020326730143921563,0.006120936067675064,0.006075779438235296,0.005033811607563026,0.1621985617913128,0.0019627902928627456,0.003436390035865545,0.001962326494705882,0.009193032695176469,0.006025258217988795,0.03581917233421099,0.38317369650397204
2026-09-18 08:39:10.631000042,2834.682711864406,7607.590169491519,8296.389152542364,7264.903728813563,281914.7277966102,3490.624067796611,5905.1471186440685,3542.1681355932205,15849.274576271173,7504.145084745761,50823.46047941495,673056.6010169494,0.0034772609357642103,0.0036181770942550146,0.0033406317704316978,0.0005316098714491653,0.002828609098111103,0.004417739091033954,54714.83619434497,59940.05912973747,80050.06708641579,11830.566263097888,68930.59011156838,115021.450444429,53251.80635728793,32730.830650680593,49725.26714516936,7291.562456641994,52964.56788339387,72560.48901976626,0.0,0.0,0.0,0.0,0.0,0.0,0.003316218604988626,0.007557194764615817,0.00801164108287218,0.007222655230889174,0.28650691018334606,0.0032012475863899604,0.006006016924669948,0.0031267653241474147,0.01633361817131109,0.007206156485356466,0.06157831439207691,0.6838353139967108,0.002035954363719887,0.006120936067675064,0.006078884696560222,0.005033811607563026,0.16233026934269404,0.001962323915204481,0.003436390035865545,0.0019680163753837535,0.009198809242028004,0.0060363821425882345,0.03585186087879598,0.3838620663105324
2026-09-18 08:39:25.631000042,2834.682711864406,7594.288474576268,8296.389152542364,7268.683728813555,281936.90440677974,3490.624067796611,5905.165423728814,3542.1681355932205,15849.274576271173,7504.145084745761,51061.85244601479,673387.5508474578,0.0034772609357642103,0.0036181770942550146,0.0033406317704316978,0.0005294335089704834,0.0028051386848379333,0.004508534549635138,54714.83619434497,59940.05912973747,80050.06708641579,11172.586707432862,71250.12286730793,118195.67456982868,53251.80635728793,32730.830650680593,49725.26714516936,6884.590389148961,54746.839729613064,75390.66148791481,0.0,0.0,0.0,0.0,0.0,0.0,0.003319228582867414,0.007564048065524909,0.008018906501963092,0.007229206380586143,0.286765898326462,0.0032041521660869294,0.006011450926179609,0.0031296012292989298,0.016348396004946357,0.007212695665659495,0.06165802024299577,0.6844536538807687,0.002035954363719887,0.006128380714823525,0.006078884696560222,0.005044977373355742,0.1625104874231914,0.001962323915204481,0.0034420016024369737,0.0019680163753837535,0.009198809242028004,0.0060363821425882345,0.03588904909843847,0.38456056923189175
2026-09-18 08:39:40.631000042,2864.3125423728798,7594.288474576268,8264.419322033902,7268.683728813555,281876.20474576275,3483.9549152542368,5905.165423728814,3536.6308474576254,15857.045084745772,7503.666101694919,51247.72149932532,673181.365423729,0.0034772609357642103,0.0036181770942550146,0.003340396382247375,0.0005294335089704834,0.0030813875160021465,0.004548407084604644,54714.83619434497,59940.05912973747,84775.54838783045,11172.586707432862,91813.20841576865,122448.13208688419,53251.80635728793,32730.830650680593,52647.625842355665,6884.590389148961,75277.01532479847,83581.22179228932,0.0,0.0,0.0,0.0,0.0,0.0,0.003322238560746202,0.007570901366434003,0.008026171921054,0.0072357575302831115,0.28702488646957797,0.0032070567457838993,0.006016884927689271,0.0031324371344504443,0.016363173838581626,0.007219234845962525,0.06173772609391464,0.6850719937648266,0.0020396372908403353,0.006128380714823525,0.006085204398890759,0.005044977373355742,0.16263534931661,0.0019677358375630254,0.0034420016024369737,0.001975840743529411,0.009212093667899159,0.00604465845142857,0.03591284951090461,0.3851474491638169
2026-09-18 08:39:55.631000042,2864.3125423728798,7585.959661016946,8264.419322033902,7259.683728813554,281889.7169491526,3483.9549152542368,5906.452881355929,3536.6308474576254,15857.045084745772,7503.666101694919,51442.069582965116,672717.4138983052,0.0034772609357642103,0.0036272621239532223,0.003340396382247375,0.0005294335089704834,0.0030813875160021465,0.004641610050239568,54714.83619434497,59607.61093358479,84775.54838783045,11172.586707432862,91813.20841576865,126486.51829240337,53251.80635728793,32545.66640352797,52647.625842355665,6884.590389148961,75277.01532479847,87051.15012445305,0.0,0.0,0.0,0.0,0.0,0.0,0.003325248538624991,0.0075777546673430896,0.008033437340144908,0.007242308679980082,0.2872838746126939,0.0032099613254808687,0.006022318929198933,0.00313527303960196,0.016377951672216888,0.007225774026265556,0.061817431944833516,0.6856903336488847,0.0020396372908403353,0.0061387471919047585,0.006085204398890759,0.005051461472526609,0.1628111888889287,0.0019677358375630254,0.0034477926274733882,0.001975840743529411,0.009212093667899159,0.00604465845142857,0.035946056805785116,0.3856507914095447
2026-09-18 08:40:10.631000042,2895.9833898305064,7585.959661016946,8209.958644067798,7259.683728813554,281834.53932203393,3464.9664406779675,5906.452881355929,3511.9372881355926,15863.592203389826,7504.8498305084695,51645.67428046121,672374.1691525425,0.003352016704537258,0.0036272621239532223,0.003340396382247375,0.0005262040473051631,0.0030813875160021465,0.004621967203615629,52744.113340219184,59607.61093358479,84775.54838783045,11851.511002787702,91813.20841576865,126335.56087859003,51333.77901569032,32545.66640352797,52647.625842355665,7302.946120114118,75277.01532479847,86558.01939132868,0.0,0.0,0.0,0.0,0.0,0.0,0.003332687779945773,0.007586012869860045,0.008039045025473368,0.007247857186333151,0.28753630304408295,0.0032120781745045494,0.006026985083660029,0.0031397344481425317,0.016391669778229843,0.007231710264067372,0.06184997553019983,0.6862661489387292,0.0020431580502408963,0.0061387471919047585,0.006095666666319326,0.005051461472526609,0.16294249514472456,0.0019725506695574225,0.0034477926274733882,0.0019780591718095235,0.009224273949848736,0.006056891249299718,0.03599054140654675,0.38622589976626776
2026-09-18 08:40:25.631000042,2895.9833898305064,7569.82677966102,8209.958644067798,7254.692542372886,281786.9430508475,3464.9664406779675,5905.250847457625,3511.9372881355926,15863.592203389826,7504.8498305084695,51851.09771856768,672910.6576271188,0.003738194534445382,0.0036272621239532223,0.003497193017919208,0.0005262040473051631,0.0030770978378599047,0.004765884853890472,51652.11830282232,59607.61093358479,81615.53533650478,11851.511002787702,80482.73626117635,133545.48405312956,50133.75650907181,32545.66640352797,50792.72206053617,7302.946120114118,63671.54106817359,94048.79082133436,0.0,0.0,0.0,0.0,0.0,0.0,0.0033357017672646138,0.0075928674402102846,0.008046308946669021,0.0072544074281809786,0.28779528528054504,0.0032149820410504425,0.0060324183926251315,0.0031425718246521936,0.016406446655486163,0.007238248898427276,0.06192921556525634,0.686884450400823,0.0020431580502408963,0.006153260280112046,0.006095666666319326,0.005057055867260506,0.16310931966616557,0.0019725506695574225,0.0034531088403417375,0.0019780591718095235,0.009224273949848736,0.006056891249299718,0.036031899915501854,0.3869573023430912
2026-09-18 08:40:40.631000042,2923.508135593222,7569.82677966102,8162.902372881365,7254.692542372886,281717.5423728813,3441.355932203389,5905.250847457625,3495.105762711865,15856.502033898301,7496.438644067801,51988.809287446005,672901.1664406778,0.003738194534445382,0.0036272621239532223,0.003497193017919208,0.0005262040473051631,0.0030770978378599047,0.004804184652668032,51652.11830282232,59607.61093358479,81615.53533650478,11851.511002787702,80482.73626117635,129902.5139814067,50133.75650907181,32545.66640352797,50792.72206053617,7302.946120114118,63671.54106817359,90253.92377106873,0.0,0.0,0.0,0.0,0.0,0.0,0.0033387157545834547,0.00759972201056053,0.008053572867864673,0.007260957670028806,0.2880542675170072,0.003217885907596337,0.006037851701590233,0.003145409201161855,0.01642122353274248,0.00724478753278718,0.062008455600312845,0.6875027518629169,0.002046131623988796,0.006153260280112046,0.006102884792974791,0.005057055867260506,0.16323396951674754,0.001966599940565826,0.0034531088403417375,0.0019729961385098038,0.009235781322801118,0.006064176628487395,0.03605251352485462,0.3876170106448405
2026-09-18 08:40:55.631000042,2923.508135593222,7553.010508474577,8162.902372881365,7245.957966101696,281648.95932203386,3441.355932203389,5900.2749152542365,3495.105762711865,15856.502033898301,7496.438644067801,52167.391684898954,672526.0708474575,0.0037474572726080343,0.003492787085185538,0.003497193017919208,0.0005097516118906752,0.0030770978378599047,0.00496750534498113,53886.521151875895,47851.828850896054,81615.53533650478,11480.958514003103,80482.73626117635,130405.67015776796,52301.33875025555,20423.263117385268,50792.72206053617,7074.610268286314,63671.54106817359,91042.09743334565,0.0,0.0,0.0,0.0,0.0,0.0,0.0033417297419022947,0.007606576580910768,0.008060836789060326,0.007267507911876631,0.2883132497534692,0.0032207897741422307,0.006043285010555337,0.0031482465776715173,0.016436000409998798,0.007251326167147082,0.062087695635369346,0.6881210533250108,0.002046131623988796,0.006162315763260503,0.006102884792974791,0.005061220531725491,0.16339081126207278,0.001966599940565826,0.0034588668661512593,0.0019729961385098038,0.009235781322801118,0.006064176628487395,0.03607843654705665,0.38813506691115257
2026-09-18 08:41:10.631000042,2948.7508474576266,7553.010508474577,8155.497966101696,7245.957966101696,281608.2579661017,3441.2613559322053,5900.2749152542365,3501.4850847457624,15813.19220338984,7478.310508474578,52316.92401193048,672641.1305084748,0.0037474572726080343,0.003603892841752228,0.003497193017919208,0.0005053665781631321,0.003198006115576805,0.005095169546596846,53886.521151875895,66983.43700816907,81615.53533650478,11382.195922313203,77417.19222109517,133501.16291409428,52301.33875025555,39168.40290789178,50792.72206053617,7013.752383952029,61392.63465920657,94586.59174410628,0.0,0.0,0.0,0.0,0.0,0.0,0.00334907855094645,0.007614065082522242,0.008067234245722242,0.007271209589172745,0.2885547141051866,0.0032193467882876054,0.006047933259934353,0.003147216340384357,0.016448989908884132,0.0072567403401909165,0.0621177643144099,0.6886974823603309,0.0020490920640000004,0.006162315763260503,0.006115805475854341,0.005061220531725491,0.16352035452704633,0.0019660983044369747,0.0034588668661512593,0.0019767161410084028,0.009245214465882357,0.006074631189120448,0.036107010139208695,0.3887743097519129
2026-09-18 08:41:25.631000042,2948.7508474576266,7551.909152542372,8155.497966101696,7242.931525423733,281576.6908474576,3441.2613559322053,5903.231186440672,3501.4850847457624,15813.19220338984,7478.310508474578,52507.750089416266,672410.5352542375,0.0037474572726080343,0.003603892841752228,0.0035161480906201327,0.0005256107570817142,0.003198006115576805,0.005108724251222332,53886.521151875895,66983.43700816907,84639.86306566856,11058.20062868405,77417.19222109517,138132.4219331166,52301.33875025555,39168.40290789178,52673.043674023385,6814.10525271385,61392.63465920657,98740.08339442966,0.0,0.0,0.0,0.0,0.0,0.0,0.0033520964480583636,0.00762092022361731,0.008074497386817309,0.007277757261555416,0.2888136806087837,0.0032222467341359814,0.006053365863351618,0.0031500502284709992,0.016463765179267825,0.007263277960227018,0.06219660240658814,0.689315746112729,0.0020490920640000004,0.006174552175921566,0.006115805475854341,0.00506695059047619,0.16368570749552194,0.0019660983044369747,0.00346436540870588,0.0019767161410084028,0.009245214465882357,0.006074631189120448,0.036141843458004544,0.38936975868167045
2026-09-18 08:41:40.631000042,2971.693220338985,7551.909152542372,8153.856610169489,7242.931525423733,281536.7247457627,3448.0555932203365,5903.231186440672,3512.20881355932,15789.468813559315,7479.036610169495,52741.08599310523,672477.2206779659,0.0037474572726080343,0.003603892841752228,0.0035161480906201327,0.0005013331233890607,0.003198006115576805,0.0051564778047377855,53886.521151875895,66983.43700816907,84639.86306566856,11387.400250026989,77417.19222109517,141110.4844373891,52301.33875025555,39168.40290789178,52673.043674023385,7016.959310467664,61392.63465920657,100602.85454478246,0.0,0.0,0.0,0.0,0.0,0.0,0.0033551143451702767,0.0076277753647123765,0.008081760527912376,0.007284304933938089,0.2890726471123808,0.003225146679984357,0.0060587984667688855,0.0031528841165576423,0.01647854044965152,0.007269815580263118,0.06227544049876638,0.689934009865127,0.0020518709242352937,0.006174552175921566,0.006128670620974788,0.00506695059047619,0.163815331188338,0.001976799579238094,0.00346436540870588,0.00198744619302521,0.009262091368268905,0.006082987227859943,0.03617760500976478,0.39005836453349496
2026-09-18 08:41:55.631000042,2971.693220338985,7543.473559322027,8153.856610169489,7233.910169491529,281455.55389830505,3448.0555932203365,5895.106779661017,3512.20881355932,15789.468813559315,7479.036610169495,52938.86029170786,672062.7905084745,0.0037474572726080343,0.003603892841752228,0.0037295257454407695,0.0005197975433867802,0.0032133475209343595,0.005294965175028897,53886.521151875895,66983.43700816907,100565.32640655158,11806.805493943937,80314.15066149985,147856.71860675592,52301.33875025555,39168.40290789178,69833.50469902773,7275.398415666853,63689.95268446823,107391.52016524722,0.0,0.0,0.0,0.0,0.0,0.0,0.00335813224228219,0.007634630505807443,0.00808902366900744,0.00729085260632076,0.2893316136159779,0.003228046625832732,0.006064231070186151,0.003155718004644284,0.016493315720035213,0.007276353200299218,0.06235427859094464,0.6905522736175251,0.0020518709242352937,0.006178743718252098,0.006128670620974788,0.005069228158621848,0.1639605353313862,0.001976799579238094,0.0034683556643137266,0.00198744619302521,0.009262091368268905,0.006082987227859943,0.03619636757929624,0.3904591994034207
2026-09-18 08:42:10.631000042,2994.074237288134,7543.473559322027,8150.162033898304,7233.910169491529,281445.1444067796,3424.5640677966126,5895.106779661017,3507.1993220338995,15733.449152542378,7469.395932203385,53135.907179422036,672436.6810169494,0.0036244601642406752,0.003603892841752228,0.0037295257454407695,0.0005197975433867802,0.0032133475209343595,0.005327861768702144,39077.25910717033,66983.43700816907,100565.32640655158,11806.805493943937,80314.15066149985,150463.2572312365,37952.71603944674,39168.40290789178,69833.50469902773,7275.398415666853,63689.95268446823,109751.39962979878,0.0,0.0,0.0,0.0,0.0,0.0,0.0033647821976981215,0.0076403192481826546,0.008095724211946544,0.007295484400879099,0.28957180258038995,0.003232961142754377,0.006068825381460237,0.0031615866628860716,0.016501962275059717,0.0072817140723087925,0.06238380625196628,0.6911188924277657,0.00205452495372549,0.006178743718252098,0.0061305030372548995,0.005069228158621848,0.16409227396044812,0.001973693050980392,0.0034683556643137266,0.001987190930196079,0.009265085283137253,0.0060891119582520995,0.036220364168595844,0.39123781185804235
2026-09-18 08:42:25.631000042,2994.074237288134,7533.186101694911,8150.162033898304,7236.082372881357,281408.8576271186,3424.5640677966126,5885.823050847456,3507.1993220338995,15733.449152542378,7469.395932203385,53361.321442474116,672463.1623728815,0.00405991071537321,0.0035829149925511233,0.0037426563934126454,0.0005197975433867802,0.0032133475209343595,0.005381391434573839,59365.48639357736,83243.04997517043,89343.9816947587,11806.805493943937,80314.15066149985,154982.6905867162,57802.298989240495,37749.916482325854,57880.572835894025,7275.398415666853,63689.95268446823,110962.10525630132,0.0,0.0,0.0,0.0,0.0,0.0,0.0033678033589691057,0.007647173342906874,0.008102986848337428,0.007302030351118906,0.28983075227961336,0.0032358628990493406,0.0060742572342081455,0.0031644232782937452,0.016516732056720416,0.0072882506346589136,0.06246215112110566,0.6917371098680285,0.00205452495372549,0.006185311468100841,0.0061305030372548995,0.005076429755540614,0.16425195638543413,0.001973693050980392,0.0034719253422857135,0.001987190930196079,0.009265085283137253,0.0060891119582520995,0.03625050082977398,0.3918558858055423
2026-09-18 08:42:40.631000042,3024.9945762711873,7533.186101694911,8151.400677966102,7236.082372881357,281394.4301694915,3397.100338983051,5885.823050847456,3487.4572881355966,15722.911525423728,7471.412542372884,53569.51758433423,672615.5705084746,0.00405991071537321,0.0035935289600022477,0.0037426563934126454,0.0005197975433867802,0.0032133475209343595,0.005535884732987078,59365.48639357736,86138.4146548167,89343.9816947587,11806.805493943937,80314.15066149985,160004.5299890981,57802.298989240495,39019.76099771706,57880.572835894025,7275.398415666853,63689.95268446823,115890.90937186993,0.0,0.0,0.0,0.0,0.0,0.0,0.003370824520240088,0.007654027437631095,0.008110249484728316,0.007308576301358715,0.29008970197883677,0.0032387646553443043,0.006079689086956054,0.0031672598937014193,0.016531501838381105,0.007294787197009033,0.06254049599024503,0.6923553273082913,0.0020578121834285714,0.006185311468100841,0.006136962865014007,0.005076429755540614,0.16438527266753497,0.0019672185468571426,0.0034719253422857135,0.0019855843574285714,0.00927286831742857,0.006095917163333332,0.036273608232959186,0.3925471866779278
2026-09-18 08:42:55.631000042,3024.9945762711873,7526.163050847449,8151.400677966102,7242.27559322034,281366.35322033893,3397.100338983051,5869.995254237292,3487.4572881355966,15722.911525423728,7471.412542372884,53794.885283624506,672155.2891525424,0.00405991071537321,0.0035935289600022477,0.0037426563934126454,0.0005032312507516612,0.0031112830156188845,0.005587706144708825,59365.48639357736,86138.4146548167,89343.9816947587,11430.514768089039,65762.21552796391,165644.7709996159,57802.298989240495,39019.76099771706,57880.572835894025,7043.526640348872,49493.607273993315,121178.44388572026,0.0,0.0,0.0,0.0,0.0,0.0,0.003373845681511072,0.007660881532355316,0.008117512121119204,0.007315122251598522,0.29034865167806023,0.0032416664116392685,0.006085120939703963,0.0031700965091090933,0.016546271620041797,0.007301323759359154,0.0626188408593844,0.6929735447485542,0.0020578121834285714,0.0061922771650980354,0.006136962865014007,0.005086203497445379,0.16454296702060378,0.0019672185468571426,0.003474369225647058,0.0019855843574285714,0.00927286831742857,0.006095917163333332,0.03630473577765169,0.39301337970739597
2026-09-18 08:43:10.631000042,3054.8898305084736,7526.163050847449,8137.430847457631,7242.27559322034,281320.520338983,3397.4145762711864,5869.995254237292,3480.6477966101693,15697.522372881354,7461.158644067793,53979.18812789192,672100.9322033898,0.00405991071537321,0.0035935289600022477,0.0037426563934126454,0.0005222519591389608,0.0033718167756168695,0.005651452885340316,59365.48639357736,86138.4146548167,89343.9816947587,11035.95903994455,65067.38706426131,167047.06524746653,57802.298989240495,39019.76099771706,57880.572835894025,6800.399901206174,49497.992801375054,122558.27061748845,0.0,0.0,0.0,0.0,0.0,0.0,0.003380599233173596,0.007664706914750997,0.008123374153993728,0.007322012037945063,0.29059535753989824,0.0032401103532888297,0.006089713210090238,0.0031712225900768624,0.01655311833613635,0.007307108369582558,0.06264958612468245,0.6935639523367406,0.002059234051529411,0.0061922771650980354,0.0061411283095126066,0.005086203497445379,0.16467241489669712,0.0019725544270364145,0.003474369225647058,0.0019969735568739493,0.0092686600344986,0.00610588827435294,0.03632514825249599,0.39374182499404464
2026-09-18 08:43:25.631000042,3054.8898305084736,7514.218983050843,8137.430847457631,7255.690169491518,281316.91728813556,3397.4145762711864,5859.601016949155,3480.6477966101693,15697.522372881354,7461.158644067793,54193.617214217295,672121.7145762711,0.00405991071537321,0.0035935289600022477,0.003931305584844886,0.0005222519591389608,0.0033718167756168695,0.005805363629458129,59365.48639357736,86138.4146548167,86375.46992690273,11035.95903994455,65067.38706426131,172100.87695099026,57802.298989240495,39019.76099771706,56519.11073146208,6800.399901206174,49497.992801375054,126626.1662154058,0.0,0.0,0.0,0.0,0.0,0.0,0.003383623736757826,0.007671558302146455,0.00813063553840233,0.007328558295710891,0.2908542963232316,0.0032430081176257467,0.006095144313661666,0.0031740576737088813,0.016567881048041112,0.007313644258471447,0.06272766036374222,0.6941821448968597,0.002059234051529411,0.006199003372750701,0.0061411283095126066,0.005101433358857141,0.164837261734338,0.0019725544270364145,0.003476080346700279,0.0019969735568739493,0.0092686600344986,0.00610588827435294,0.03635847802752822,0.39438051290646925
2026-09-18 08:43:40.631000042,3083.473220338981,7514.218983050843,8140.438983050839,7255.690169491518,281229.86440677964,3402.625423728812,5859.601016949155,3486.0325423728796,15688.430847457628,7456.005762711859,54425.79772754537,672142.853898305,0.004112567933835828,0.0035935289600022477,0.003998068142630929,0.0005267926332963376,0.0033718167756168695,0.005887682213512041,62021.30860760859,86138.4146548167,76708.49360671145,11524.49780887156,65067.38706426131,175215.27711154395,60388.18919251369,39019.76099771706,45442.16879086194,7101.439347249942,49497.992801375054,128708.53629041857,0.0,0.0,0.0,0.0,0.0,0.0,0.003386648240342055,0.0076784096895419155,0.00813789692281093,0.007335104553476721,0.29111323510656495,0.003245905881962665,0.006100575417233095,0.0031768927573409007,0.016582643759945875,0.007320180147360334,0.06280573460280202,0.6948003374569787,0.0020609924692549016,0.006199003372750701,0.006153418498515402,0.005101433358857141,0.1649676284112848,0.0019814547183753493,0.003476080346700279,0.002007310646347339,0.009271870432476185,0.006114638348974785,0.0363973023294168,0.39518155774483643
2026-09-18 08:43:55.631000042,3083.473220338981,7503.541016949155,8140.438983050839,7261.883389830499,281228.000338983,3402.625423728812,5856.18101694915,3486.0325423728796,15688.430847457628,7456.005762711859,54641.74752718538,671254.3738983049,0.004112567933835828,0.0033869538011695906,0.003998068142630929,0.0005267926332963376,0.0033718167756168695,0.0059329654181990744,62021.30860760859,86183.67251461989,76708.49360671145,11524.49780887156,65067.38706426131,179913.18483269188,60388.18919251369,39041.347368421055,45442.16879086194,7101.439347249942,49497.992801375054,129280.91687406691,0.0,0.0,0.0,0.0,0.0,0.0,0.0033896727439262845,0.007685261076937376,0.008145158307219536,0.007341650811242552,0.2913721738898983,0.003248803646299582,0.006106006520804525,0.00317972784097292,0.016597406471850634,0.007326716036249223,0.06288380884186182,0.6954185300170979,0.0020609924692549016,0.006204591035731096,0.006153418498515402,0.005113395329691876,0.16513893450980388,0.0019814547183753493,0.00348400179415126,0.002007310646347339,0.009271870432476185,0.006114638348974785,0.036426831878953084,0.39567594643077775
2026-09-18 08:44:10.631000042,3111.7362711864407,7503.541016949155,8136.24711864406,7261.883389830499,281158.1450847458,3383.996949152543,5856.18101694915,3468.7281355932187,15665.403050847446,7432.175593220346,54835.73704038747,671217.3457627118,0.004319399478489692,0.00345985924011565,0.003998068142630929,0.0005267926332963376,0.0034016302771900844,0.0060353876394669565,58887.31579120938,88038.80808584971,76708.49360671145,11524.49780887156,52533.31137673817,185941.06596412952,57354.87150445377,39881.72687579945,45442.16879086194,7101.439347249942,37007.44018319437,135773.1967510699,0.0,0.0,0.0,0.0,0.0,0.0,0.003396189441628214,0.0076884246839955366,0.008151077248445514,0.007350407810227045,0.291621506188711,0.003253339435769226,0.0061122387053849925,0.0031846212592224602,0.01660452723144943,0.007332475739314066,0.06291707826207031,0.6960090025861144,0.002062491062857142,0.006204591035731096,0.006165715974173668,0.005113395329691876,0.16526759956473822,0.0019778287448067224,0.00348400179415126,0.002004532681882353,0.009269363621647056,0.006122726479462186,0.036463303989403194,0.3964318738204719
2026-09-18 08:44:25.631000042,3111.7362711864407,7487.4538983050925,8136.24711864406,7265.098983050854,281183.2505084746,3383.996949152543,5854.881355932206,3468.7281355932187,15665.403050847446,7432.175593220346,55034.50802950478,671241.471864407,0.004319399478489692,0.0035991195823242813,0.004122864704650176,0.0005267926332963376,0.0034016302771900844,0.006212773812068801,58887.31579120938,98663.57242829184,74462.6957930779,11524.49780887156,52533.31137673817,187543.83355584502,57354.87150445377,51383.461388806616,44292.808216246085,7101.439347249942,37007.44018319437,137446.01618993544,0.0,0.0,0.0,0.0,0.0,0.0,0.003399217061271072,0.007695272786674111,0.008158337437135992,0.00735695604028657,0.29188043644167666,0.003256238661662083,0.006117670521221291,0.0031874581794605556,0.016619283148412652,0.007339010935445019,0.06299496750849186,0.6966271704547384,0.002062491062857142,0.006211138102005603,0.006165715974173668,0.0051244786116862754,0.1654480908167768,0.0019778287448067224,0.003491151908851541,0.002004532681882353,0.009269363621647056,0.006122726479462186,0.03649238637705076,0.3972091419242937
2026-09-18 08:44:40.631000042,3145.829491525423,7487.4538983050925,8112.908135593225,7265.098983050854,281116.6047457627,3388.86305084746,5854.881355932206,3472.9749152542377,15693.370169491525,7435.177627118639,55249.17652873266,671243.7111864407,0.004393781798649294,0.0035991195823242813,0.004122864704650176,0.0005267926332963376,0.0035004191714718075,0.006274337022022045,47011.38384100524,98663.57242829184,74462.6957930779,11524.49780887156,74600.21719670841,186571.85570918804,45869.28680495621,51383.461388806616,44292.808216246085,7101.439347249942,59322.36444517146,136362.1763794753,0.0,0.0,0.0,0.0,0.0,0.0,0.003402244680913929,0.007702120889352679,0.008165597625826465,0.007363504270346092,0.29213936669464224,0.00325913788755494,0.006123102337057592,0.003190295099698651,0.016634039065375885,0.007345546131575971,0.06307285675491335,0.6972453383233623,0.002066519706582633,0.006211138102005603,0.006176406494974792,0.0051244786116862754,0.16558408974739244,0.0019801432630812328,0.003491151908851541,0.0020067825762745094,0.009289023436638654,0.006132939887630248,0.036526878280401485,0.3979334161361957
2026-09-18 08:44:55.631000042,3145.829491525423,7468.62101694916,8112.908135593225,7255.607796610166,281115.44847457623,3388.86305084746,5861.449830508472,3472.9749152542377,15693.370169491525,7435.177627118639,55467.42254237368,670382.5789830507,0.004393781798649294,0.0035991195823242813,0.004122864704650176,0.0005275108888908424,0.0035004191714718075,0.00636685667419658,47011.38384100524,98663.57242829184,74462.6957930779,15306.475924347475,74600.21719670841,188896.1621677634,45869.28680495621,51383.461388806616,44292.808216246085,7080.954766068255,59322.36444517146,138543.34772402723,0.0,0.0,0.0,0.0,0.0,0.0,0.003405272300556786,0.0077089689920312515,0.008172857814516944,0.007370052500405614,0.2923982969476078,0.0032620371134477973,0.00612853415289389,0.0031931320199367463,0.01664879498233911,0.007352081327706922,0.06315074600133488,0.6978635061919864,0.002066519706582633,0.006217575885887956,0.006176406494974792,0.005131619760756301,0.16577117541557798,0.0019801432630812328,0.003502633413859942,0.0020067825762745094,0.009289023436638654,0.006132939887630248,0.03656383888795198,0.3984168333157157
2026-09-18 08:45:10.631000042,3178.5772881355933,7468.62101694916,8092.839661016958,7255.607796610166,281039.7813559322,3396.8196610169493,5861.449830508472,3469.454237288136,15687.115932203396,7421.808813559314,55671.25080092204,670514.2413559322,0.004524978696455929,0.0035991195823242813,0.004122864704650176,0.0005275108888908424,0.0035004191714718075,0.006433316885515232,46259.3584257263,98663.57242829184,74462.6957930779,15306.475924347475,74600.21719670841,184899.9725320462,45002.919633253085,51383.461388806616,44292.808216246085,7080.954766068255,59322.36444517146,134722.23263541912,0.0,0.0,0.0,0.0,0.0,0.0,0.003412275613571432,0.007712334310995434,0.008178238062191182,0.007376116510121572,0.29265250260628534,0.003264524910779676,0.00613630148870128,0.0031972434390469748,0.01666049023989746,0.007358265305481771,0.06318423136347624,0.6984684087138493,0.0020703343008403353,0.006217575885887956,0.006188462556571429,0.005131619760756301,0.16590492132268284,0.0019870291778599438,0.003502633413859942,0.002012769827327731,0.009304808219036413,0.006144994936134449,0.03660023125441166,0.39913996794664236
2026-09-18 08:45:25.631000042,3178.5772881355933,7455.798305084752,8092.839661016958,7236.46677966102,281013.8674576271,3396.8196610169493,5873.2505084745735,3469.454237288136,15687.115932203396,7421.808813559314,55874.84435531266,670428.8969491528,0.004524978696455929,0.0035991195823242813,0.004173756495025979,0.0005275108888908424,0.0035457711261788665,0.006468788947669786,46259.3584257263,98663.57242829184,78277.33070932284,15306.475924347475,63311.60960993558,186406.1238119818,45002.919633253085,51383.461388806616,46561.87584750339,7080.954766068255,62270.951135041396,136211.70539200125,0.0,0.0,0.0,0.0,0.0,0.0,0.003415306768079142,0.0077191793225612725,0.008185496582357257,0.007382664309350516,0.2929114286819354,0.003267423770803401,0.006141735373748562,0.0032000814924277574,0.016675243444684695,0.007364800189230289,0.06326186827240649,0.6990865647974781,0.0020703343008403353,0.006226350396806724,0.006188462556571429,0.005135646869781511,0.16607233554107997,0.0019870291778599438,0.0035137677864705867,0.002012769827327731,0.009304808219036413,0.006144994936134449,0.03662976337034324,0.3998559215987195
2026-09-18 08:45:40.631000042,3220.4654237288137,7455.798305084752,8044.163389830511,7236.46677966102,280941.61728813563,3384.356949152544,5873.2505084745735,3447.384406779658,15709.945423728805,7418.965423728818,56112.08405434371,670322.5840677967,0.004524978696455929,0.003512617330439683,0.004173756495025979,0.0005275108888908424,0.0035457711261788665,0.006641205622168983,46259.3584257263,88534.51101253633,78277.33070932284,15306.475924347475,63311.60960993558,194249.188045252,45002.919633253085,40065.8681408332,46561.87584750339,7080.954766068255,62270.951135041396,137664.26879701382,0.0,0.0,0.0,0.0,0.0,0.0,0.0034183379225868533,0.007726024334127108,0.008192755102523331,0.007389212108579457,0.29317035475758557,0.0032703226308271258,0.006147169258795844,0.003202919545808541,0.016689996649471926,0.007371335072978803,0.06333950518133673,0.6997047208811069,0.0020772202330588234,0.006226350396806724,0.006199538379098041,0.005135646869781511,0.16620972871008277,0.001991580804,0.0035137677864705867,0.0020167763272941172,0.009335532883764699,0.006153339964033617,0.0366744459877926,0.40056555020645573
2026-09-18 08:45:55.631000042,3220.4654237288137,7435.861016949147,8044.163389830511,7218.3813559322025,280880.0511864407,3384.356949152544,5892.736271186444,3447.384406779658,15709.945423728805,7418.965423728818,56284.4246168492,669671.780338983,0.004524978696455929,0.0034164964912280766,0.004173756495025979,0.0005275108888908424,0.0035457711261788665,0.00672606185570378,46259.3584257263,86111.81286549708,78277.33070932284,15306.475924347475,63311.60960993558,197471.91060735556,45002.919633253085,38969.487719298246,46561.87584750339,7080.954766068255,62270.951135041396,140064.39846893016,0.0,0.0,0.0,0.0,0.0,0.0,0.003421369077094564,0.007732869345692942,0.008200013622689403,0.007395759907808404,0.29342928083323566,0.00327322149085085,0.006152603143843125,0.003205757599189323,0.016704749854259158,0.007377869956727322,0.06341714209026698,0.7003228769647357,0.0020772202330588234,0.006234214687770307,0.006199538379098041,0.005140702809848736,0.1663658708972001,0.001991580804,0.003524237906554623,0.0020167763272941172,0.009335532883764699,0.006153339964033617,0.036696204941706806,0.4011538287983365
2026-09-18 08:46:10.631000042,3259.6993220338995,7435.861016949147,8006.555593220334,7218.3813559322025,280782.70169491525,3355.773559322032,5892.736271186444,3422.0654237288145,15708.4261016949,7394.177288135586,56464.317765696855,669871.2844067797,0.004524978696455929,0.0037829390225824575,0.0040374233155088535,0.0005275108888908424,0.0034387366853429638,0.006762734361043467,46259.3584257263,92447.54046504897,75720.45002104275,15306.475924347475,61400.453336201914,197344.83612399292,45002.919633253085,45393.07387300739,45040.96091484336,7080.954766068255,60391.208704445846,140287.82790124632,0.0,0.0,0.0,0.0,0.0,0.0,0.003429762647380299,0.007737306208685422,0.008204760044190977,0.007399547086066292,0.2936770959324548,0.003276185645407368,0.006161674780207696,0.003208309935701261,0.016722909551483627,0.007384110646108827,0.063455751914568,0.700948025720562,0.0020829594746442576,0.006234214687770307,0.006207955777310923,0.005140702809848736,0.16649443403337938,0.001985173991574229,0.003524237906554623,0.002011309074868347,0.009359019974901957,0.0061625468276078395,0.03672794234590947,0.4019270083211204
2026-09-18 08:46:25.631000042,3259.6993220338995,7422.263389830506,8006.555593220334,7206.47389830509,280733.0949152542,3355.773559322032,5906.071525423725,3422.0654237288145,15708.4261016949,7394.177288135586,56654.21242459604,669695.1986440677,0.004570716800613227,0.0037829390225824575,0.00438205545922717,0.0005192142548568392,0.0034091885926248074,0.007083050400093325,31438.276689183684,92447.54046504897,73705.33883391252,15274.12048536476,60872.856589452465,199977.74208794994,30812.803121545476,45393.07387300739,43918.99249465091,7065.986761610191,59872.28411165385,144201.0332692536,0.0,0.0,0.0,0.0,0.0,0.0,0.003432798552817652,0.007744149090482113,0.008212016342654335,0.007406092439198682,0.29393601220630633,0.003279084563256068,0.006167111876791913,0.0032111477359376677,0.01673766576349776,0.00739064526904027,0.06353327489240145,0.7015661879481826,0.0020829594746442576,0.006243059106823525,0.006207955777310923,0.00514856211462185,0.16666353300371237,0.001985173991574229,0.003534175490397757,0.002011309074868347,0.009359019974901957,0.0061625468276078395,0.03675935181476956,0.4026399167002927
2026-09-18 08:46:40.631000042,3297.3284745762735,7422.263389830506,7977.950847457635,7206.47389830509,280669.06677966105,3362.830169491524,5906.071525423725,3433.5366101694917,15706.470508474598,7397.55762711865,56882.49117589719,669634.6057627118,0.0047515032882565695,0.0037829390225824575,0.004466050743026729,0.0005192142548568392,0.0037196658637843175,0.007130131464258319,32681.761216475894,92447.54046504897,62854.79473950081,15274.12048536476,63128.30940564692,201919.1699817652,32031.548166095745,45393.07387300739,31823.14073344256,7065.986761610191,62120.42066281339,146117.24678110145,0.0,0.0,0.0,0.0,0.0,0.0,0.003435834458255004,0.007750991972278804,0.008219272641117692,0.007412637792331068,0.294194928480158,0.003281983481104768,0.00617254897337613,0.0032139855361740747,0.016752421975511893,0.007397179891971712,0.0636107978702349,0.7021843501758034,0.002088207157120448,0.006243059106823525,0.00621794522229132,0.00514856211462185,0.16678850059133332,0.001985886000549019,0.003534175490397757,0.0020164423397310916,0.009380010389305323,0.006169728860268909,0.036792002786708404,0.4033445384279689
2026-09-18 08:46:55.631000042,3297.3284745762735,7395.693559322036,7977.950847457635,7186.7044067796705,280584.23491525423,3362.830169491524,5919.37627118644,3433.5366101694917,15706.470508474598,7397.55762711865,57049.39484894067,668986.7888135595,0.0047515032882565695,0.0037829390225824575,0.004466050743026729,0.0005192142548568392,0.0037196658637843175,0.007204361171899017,32681.761216475894,92447.54046504897,62854.79473950081,15274.12048536476,63128.30940564692,203884.3971412868,32031.548166095745,45393.07387300739,31823.14073344256,7065.986761610191,62120.42066281339,147498.67483041497,0.0,0.0,0.0,0.0,0.0,0.0,0.003438870363692356,0.0077578348540754925,0.008226528939581047,0.007419183145463457,0.29445384475400954,0.0032848823989534677,0.0061779860699603464,0.003216823336410481,0.01676717818752603,0.007403714514903154,0.06368832084806834,0.7028025124034241,0.002088207157120448,0.006250297756924371,0.00621794522229132,0.005154720112179273,0.16694979993034545,0.001985886000549019,0.0035423938072268917,0.0020164423397310916,0.009380010389305323,0.006169728860268909,0.03681539672894086,0.40390817851245
2026-09-18 08:47:10.631000042,3334.3077966101673,7395.693559322036,7969.548813559317,7186.7044067796705,280546.5020338983,3376.382033898304,5919.37627118644,3436.282372881356,15696.784067796625,7371.979322033902,57286.74783862719,669293.5728813561,0.0047515032882565695,0.0037829390225824575,0.004466050743026729,0.0005192142548568392,0.0037196658637843175,0.007287463244685828,32681.761216475894,92447.54046504897,62854.79473950081,15274.12048536476,63128.30940564692,202835.2707356591,32031.548166095745,45393.07387300739,31823.14073344256,7065.986761610191,62120.42066281339,145966.17292685973,0.0,0.0,0.0,0.0,0.0,0.0,0.0034474020861007468,0.0077624034462548085,0.008232144794854339,0.007423142191923519,0.29470119063189626,0.003286224061156969,0.006185477374407356,0.003219884775756576,0.01678298199662774,0.007409990710980055,0.06372351798965338,0.7034229214702097,0.002092649778319327,0.006250297756924371,0.006226923432963584,0.005154720112179273,0.16708746387864548,0.00199518058302521,0.0035423938072268917,0.002021118508067226,0.009396595779495797,0.0061747456496246515,0.03685255700951699,0.4046701486557514
2026-09-18 08:47:25.631000042,3334.3077966101673,7376.940000000007,7969.548813559317,7176.97830508475,280493.29525423725,3376.382033898304,5929.4928813559345,3436.282372881356,15696.784067796625,7371.979322033902,57464.66366874292,669040.4501694916,0.0047515032882565695,0.0037829390225824575,0.004466050743026729,0.0005192142548568392,0.0037196658637843175,0.007485884559593503,32681.761216475894,92447.54046504897,62854.79473950081,15274.12048536476,63128.30940564692,203081.95900949521,32031.548166095745,45393.07387300739,31823.14073344256,7065.986761610191,62120.42066281339,149220.4663082801,0.0,0.0,0.0,0.0,0.0,0.0,0.0034504428434623488,0.007769244323757755,0.0082393996476223,0.007429685261417039,0.2949600967307812,0.003289121604148724,0.006190916278163225,0.0032227227734008637,0.016797739129843704,0.007416525105561915,0.06380087241811003,0.7040410856418647,0.002092649778319327,0.006256199587955185,0.006226923432963584,0.005163744403495801,0.16724645996248363,0.00199518058302521,0.0035496812934565835,0.002021118508067226,0.009396595779495797,0.0061747456496246515,0.0368761807500995,0.40535130334693525
2026-09-18 08:47:40.631000042,3372.2603389830538,7376.940000000007,7957.079999999991,7176.97830508475,280440.3996610169,3367.537627118646,5929.4928813559345,3424.8783050847446,15704.929830508467,7349.131525423726,57706.27625394091,669005.5210169491,0.0047515032882565695,0.003712491037181153,0.004466050743026729,0.0005192142548568392,0.0037954058027096756,0.007580483499881016,32681.761216475894,80067.67714168245,62854.79473950081,15274.12048536476,84449.6541547126,204304.7758306773,32031.548166095745,45868.55888144954,31823.14073344256,7065.986761610191,82989.40295291292,150421.84311760118,0.0,0.0,0.0,0.0,0.0,0.0,0.00345348360082395,0.007776085201260699,0.008246654500390261,0.007436228330910563,0.29521900282966623,0.003292019147140479,0.006196355181919093,0.003225560771045151,0.016812496263059664,0.00742305950014378,0.06387822684656667,0.7046592498135196,0.002096705838957984,0.006256199587955185,0.006234926947243697,0.005163744403495801,0.1673750057541892,0.0020034716570140063,0.0035496812934565835,0.002027531360997199,0.009412101519137255,0.006181040495518204,0.036918401356570145,0.4060484786076582
2026-09-18 08:47:55.631000042,3372.2603389830538,7360.395254237285,7957.079999999991,7168.3230508474535,280383.91016949154,3367.537627118646,5926.869152542374,3424.8783050847446,15704.929830508467,7349.131525423726,57882.34260507611,669108.4352542374,0.004936729772744619,0.004008766613521762,0.004619482298887373,0.0005268613879092194,0.0037954058027096756,0.00779121223299301,53006.47306095103,78943.64000123966,81436.72626498717,15322.33958657649,84449.6541547126,214693.83200416193,51924.9918726307,45661.40382895835,51487.79073273639,7087.18246394784,82989.40295291292,161221.69991769645,0.0,0.0,0.0,0.0,0.0,0.0,0.0034565243581855527,0.007782926078763643,0.008253909353158225,0.007442771400404083,0.2954779089285512,0.003294916690132233,0.006201794085674963,0.0032283987686894384,0.01682725339627563,0.007429593894725639,0.06395558127502332,0.7052774139851745,0.002096705838957984,0.0062586793496918775,0.006234926947243697,0.005167487342470585,0.1675342816430252,0.0020034716570140063,0.003554373452481794,0.002027531360997199,0.009412101519137255,0.006181040495518204,0.03693072316105401,0.40661588144504734
2026-09-18 08:48:10.631000042,3407.567796610168,7360.395254237285,7957.272203389831,7168.3230508474535,280311.1077966102,3341.1691525423735,5926.869152542374,3411.579661016948,15691.146101694916,7315.450169491521,58065.438895217805,669098.2118644067,0.004936729772744619,0.004008766613521762,0.004619482298887373,0.0005268613879092194,0.0038600828772822598,0.007825405044195238,53006.47306095103,78943.64000123966,81436.72626498717,15322.33958657649,89044.48453292459,215903.6409920004,51924.9918726307,45661.40382895835,51487.79073273639,7087.18246394784,87504.78236535116,162585.30730435575,0.0,0.0,0.0,0.0,0.0,0.0,0.0034642953687279545,0.007786308218691883,0.008259797877999197,0.0074473495479843305,0.29573069979661454,0.003299187288791726,0.0062076052952705065,0.003231948898543838,0.016838307998301813,0.007434701641559252,0.06399160690733623,0.7059553910152708,0.0021001864789467785,0.0062586793496918775,0.006247901466711483,0.005167487342470585,0.16767142665264861,0.0020013559664537814,0.003554373452481794,0.002028482212459383,0.009421587663282913,0.00618663874285714,0.03695764982902613,0.40732740435407927
2026-09-18 08:48:25.631000042,3407.567796610168,7354.507118644066,7957.272203389831,7160.168135593211,280307.0593220339,3341.1691525423735,5928.983389830507,3411.579661016948,15691.146101694916,7315.450169491521,58284.36212757263,669325.3322033895,0.005036416507012803,0.004008766613521762,0.004740875588366921,0.0005268613879092194,0.0038600828772822598,0.007949040871516716,55587.31637333668,78943.64000123966,86522.33664606555,15322.33958657649,89044.48453292459,221851.9377105296,54452.385374064695,45661.40382895835,54804.11445903837,7087.18246394784,87504.78236535116,168967.58631881396,0.0,0.0,0.0,0.0,0.0,0.0,0.0034673402874486115,0.007793146058774042,0.008267051530874784,0.007453890888653345,0.29598960053725776,0.0033020860396720066,0.006213044525387467,0.003234787522663556,0.016853061885143916,0.007441234780937187,0.06406887277263533,0.706573607596265,0.0021001864789467785,0.006262546134857142,0.006247901466711483,0.005173388222240896,0.167844969576826,0.0020013559664537814,0.003559150218201681,0.002028482212459383,0.009421587663282913,0.00618663874285714,0.03698266052816658,0.40806856757986476
2026-09-18 08:48:40.631000042,3440.992881355933,7354.507118644066,7938.652881355937,7160.168135593211,280208.99593220337,3336.1413559322045,5928.983389830507,3412.296610169492,15690.86847457628,7284.728135593218,58460.254557562985,669193.7979661016,0.005036416507012803,0.004065479208197201,0.004740875588366921,0.0005268613879092194,0.003922031964191103,0.00803029386479318,55587.31637333668,83097.78374253055,86522.33664606555,15322.33958657649,86688.71391859539,226381.9434151012,54452.385374064695,48055.83395320704,54804.11445903837,7087.18246394784,85202.79633576464,171642.05650583128,0.0,0.0,0.0,0.0,0.0,0.0,0.0034703852061692686,0.007799983898856201,0.008274305183750372,0.007460432229322359,0.2962485012779011,0.0033049847905522894,0.006218483755504426,0.003237626146783275,0.016867815771986025,0.007447767920315121,0.06414613863793446,0.7071918241772592,0.0021040770709915965,0.006262546134857142,0.00626083577005602,0.005173388222240896,0.16797713456983004,0.002004172591731092,0.003559150218201681,0.0020321447921176467,0.009438657641428571,0.006190846152212883,0.03701888104481417,0.40884026045031596
2026-09-18 08:48:55.631000042,3440.992881355933,7333.892542372877,7938.652881355937,7148.364406779653,280204.8010169492,3336.1413559322045,5926.103389830508,3412.296610169492,15690.86847457628,7284.728135593218,58663.43466089998,668999.1996610168,0.005036416507012803,0.004065479208197201,0.004740875588366921,0.0005268613879092194,0.003922031964191103,0.00822558662236278,55587.31637333668,83097.78374253055,86522.33664606555,15322.33958657649,86688.71391859539,226907.95688439198,54452.385374064695,48055.83395320704,54804.11445903837,7087.18246394784,85202.79633576464,171407.04096837953,0.0,0.0,0.0,0.0,0.0,0.0,0.003473430124889926,0.007806821738938362,0.008281558836625956,0.007466973569991373,0.29650740201854436,0.003307883541432571,0.006223922985621385,0.0032404647709029927,0.016882569658828128,0.007454301059693057,0.06422340450323358,0.7078100407582533,0.0021040770709915965,0.00626500335647619,0.00626083577005602,0.0051760671382913145,0.16814533339652288,0.002004172591731092,0.0035618388878431366,0.0020321447921176467,0.009438657641428571,0.006190846152212883,0.03703218195605662,0.4093438773766216
2026-09-18 08:49:10.631000042,3474.8969491525454,7333.892542372877,7909.868135593212,7148.364406779653,280090.79084745765,3344.387796610169,5926.103389830508,3407.717288135593,15670.287457627117,7251.04983050847,58851.5730649845,668869.7277966102,0.005143982385395973,0.004065479208197201,0.004740875588366921,0.0005245616223877408,0.003922031964191103,0.008351888854709055,53130.10720084786,83097.78374253055,86522.33664606555,18346.11852746035,86688.71391859539,224792.21992799288,73384.40812833497,48055.83395320704,54804.11445903837,6792.897838712107,85202.79633576464,170080.22045665476,0.0,0.0,0.0,0.0,0.0,0.0,0.003480488195471228,0.007810533809212439,0.008286359062273879,0.007471219046591248,0.29676239217460465,0.003308709744275517,0.006228757908314025,0.003244254526060936,0.016891672540156277,0.007459010753320449,0.06425093648114433,0.7084694150871198,0.002107947496313726,0.00626500335647619,0.0062696041072941135,0.0051760671382913145,0.1682731639243573,0.0020066027991372548,0.0035618388878431366,0.00203797822117647,0.009453210720627452,0.006198007387148456,0.03706475721656926,0.4100251442281565
2026-09-18 08:49:25.631000042,3474.8969491525454,7324.962711864414,7909.868135593212,7141.649491525427,280110.23389830504,3344.387796610169,5918.936949152543,3407.717288135593,15670.287457627117,7251.04983050847,59100.973125894685,669331.4094915254,0.005143982385395973,0.003927296244567953,0.004740875588366921,0.0005245616223877408,0.003922031964191103,0.00839650964623861,53130.10720084786,80273.34474271651,86522.33664606555,18346.11852746035,86688.71391859539,224908.4265438942,73384.40812833497,46422.447772817766,54804.11445903837,6792.897838712107,85202.79633576464,170277.6248965884,0.0,0.0,0.0,0.0,0.0,0.0,0.0034835366323133343,0.0078173689138908,0.008293610568121832,0.007477758374369025,0.29702128949628304,0.0033116066781936453,0.006234196610528476,0.003247093983955673,0.01690642148974835,0.0074655422939637235,0.06432795517356248,0.7090876676069332,0.002107947496313726,0.006269764042722691,0.0062696041072941135,0.005175989104806722,0.16843742680114285,0.0020066027991372548,0.003563830652941176,0.00203797822117647,0.009453210720627452,0.006198007387148456,0.037085038792138654,0.4107575064364324
2026-09-18 08:49:40.631000042,3512.181355932203,7324.962711864414,7867.388135593214,7141.649491525427,279990.3722033898,3326.0308474576273,5918.936949152543,3382.892542372881,15696.134237288117,7227.216610169493,59297.63382818194,669161.0776271184,0.005143982385395973,0.0042601382492395545,0.00487059431821446,0.0005298638608881691,0.003991798441974651,0.008499103414429266,53130.10720084786,78071.40441216879,81808.66399356113,19316.227583317752,90841.87384096978,230934.69258526867,73384.40812833497,45218.89802858012,52177.50637439361,7152.093801552156,89284.7675984623,176323.42610923492,0.0,0.0,0.0,0.0,0.0,0.0,0.0034865850691554383,0.007824204018569163,0.008300862073969786,0.007484297702146804,0.2972801868179613,0.0033145036121117744,0.006239635312742929,0.00324993344185041,0.01692117043934042,0.007472073834606999,0.06440497386598064,0.7097059201267468,0.0021126372518207276,0.006269764042722691,0.0062759457520336105,0.005175989104806722,0.1685583990011055,0.002008173271568627,0.003563830652941176,0.002043143193137254,0.009478781389355739,0.0062035484114117655,0.03711201305642936,0.4114653705355586
2026-09-18 08:49:55.631000042,3512.181355932203,7309.577288135593,7867.388135593214,7133.732542372884,279961.2061016949,3326.0308474576273,5912.16101694915,3382.892542372881,15696.134237288117,7227.216610169493,59533.618406742135,668877.0345762708,0.00525648474026793,0.0042601382492395545,0.00487059431821446,0.0005298638608881691,0.003991798441974651,0.008710670367695256,56322.134812424076,78071.40441216879,81808.66399356113,19316.227583317752,90841.87384096978,235404.65625881575,77793.30299691309,45218.89802858012,52177.50637439361,7152.093801552156,89284.7675984623,179922.68252684642,0.0,0.0,0.0,0.0,0.0,0.0,0.0034896335059975444,0.007831039123247526,0.00830811357981774,0.00749083702992458,0.29753908413963964,0.003317400546029902,0.006245074014957382,0.003252772899745146,0.0169359193889325,0.007478605375250271,0.06448199255839879,0.7103241726465602,0.0021126372518207276,0.006272398515882351,0.0062759457520336105,0.00517900126009524,0.1687161304513962,0.002008173271568627,0.003566163914218485,0.002043143193137254,0.009478781389355739,0.0062035484114117655,0.037132435484484555,0.4119791470357983
2026-09-18 08:50:10.631000042,3545.585084745763,7309.577288135593,7810.74915254237,7133.732542372884,279829.7084745762,3294.3447457627108,5912.16101694915,3352.2925423728807,15674.079661016958,7195.222372881349,59667.29670885991,668814.1169491522,0.00525648474026793,0.00421041435570205,0.0048294600717290375,0.0005298638608881691,0.004080953339894662,0.008849213549084259,56322.134812424076,80394.6240038006,84424.89503999925,19316.227583317752,86583.03944453743,243374.42789676916,77793.30299691309,46564.505048243576,53836.199462962715,7152.093801552156,85116.90865102349,187381.8693998082,0.0,0.0,0.0,0.0,0.0,0.0,0.0034968677870888688,0.00783457100640604,0.008311899542701551,0.007495214643081217,0.29778630868305805,0.003320426528379643,0.006248862537166725,0.0032551782749817024,0.016947441464198337,0.007482446896714102,0.06451796891578203,0.7109287694285409,0.0021163972453109242,0.006272398515882351,0.006278186645915964,0.00517900126009524,0.16884211010849673,0.0020108091557647046,0.003566163914218485,0.002045685562084033,0.009496795853445381,0.006212597215126049,0.03715731601036154,0.4127201084068235
2026-09-18 08:50:25.631000042,3545.585084745763,7299.332542372885,7810.74915254237,7113.731186440685,279779.107118644,3294.3447457627108,5906.385762711867,3352.2925423728807,15674.079661016958,7195.222372881349,59896.66051064304,669065.6501694915,0.00525648474026793,0.00434466396404315,0.004988076517319911,0.0005298638608881691,0.004080953339894662,0.008922107481085273,56322.134812424076,82958.0170272506,87197.70536904974,19316.227583317752,86583.03944453743,245683.49924465292,77793.30299691309,48049.220336860715,55604.36950187126,7152.093801552156,85116.90865102349,190146.34626929543,0.0,0.0,0.0,0.0,0.0,0.0,0.0034999198806203377,0.007841403230473642,0.008319148026384539,0.007501752082183783,0.29804519584333683,0.0033233235749996898,0.0062542998028461685,0.0032580173536530307,0.01696218760415188,0.007488976087273543,0.06459484959183896,0.711547010034232,0.0021163972453109242,0.006278978075630253,0.006278186645915964,0.005181390964414566,0.16899351890825393,0.0020108091557647046,0.0035692439514565834,0.002045685562084033,0.009496795853445381,0.006212597215126049,0.03717944226449582,0.4133641354891052
2026-09-18 08:50:40.631000042,3579.135254237289,7299.332542372885,7789.4969491525435,7113.731186440685,279710.38372881355,3290.586101694914,5906.385762711867,3349.8091525423724,15679.439999999997,7177.329152542368,60077.47174563708,669246.1047457628,0.005362814964185362,0.00434466396404315,0.004988076517319911,0.0005315039196470985,0.004080953339894662,0.009068482197340138,54413.11778248752,82958.0170272506,87197.70536904974,22140.74086221492,86583.03944453743,247061.24230736238,75137.01928023211,48049.220336860715,55604.36950187126,6835.163331352257,85116.90865102349,191098.46931987192,0.0,0.0,0.0,0.0,0.0,0.0,0.0035029719741518067,0.007848235454541238,0.008326396510067521,0.007508289521286346,0.2983040830036156,0.003326220621619736,0.006259737068525612,0.0032608564323243594,0.016976933744105423,0.007495505277832983,0.0646717302678959,0.712165250639923,0.002121361407764705,0.006278978075630253,0.006292075596252097,0.005181390964414566,0.16913054366075753,0.0020151079083249304,0.0035692439514565834,0.002054567613002801,0.009527552326739498,0.00621859075718207,0.03721594918797323,0.4141184941001888
2026-09-18 08:50:55.631000042,3579.135254237289,7285.890508474578,7789.4969491525435,7105.0027118644,279649.0342372881,3290.586101694914,5897.693898305087,3349.8091525423724,15679.439999999997,7177.329152542368,60316.12576648835,668885.6654237288,0.005362814964185362,0.00434466396404315,0.004988076517319911,0.0005315039196470985,0.004134454290540066,0.00916685511283528,54413.11778248752,82958.0170272506,87197.70536904974,22140.74086221492,89763.62156490973,252852.93173866646,75137.01928023211,48049.220336860715,55604.36950187126,6835.163331352257,88243.63323280748,196960.9449829488,0.0,0.0,0.0,0.0,0.0,0.0,0.003506024067683275,0.00785506767860884,0.008333644993750505,0.007514826960388909,0.29856297016389427,0.0033291176682397824,0.006265174334205053,0.003263695510995688,0.016991679884058964,0.007502034468392426,0.06474861094395282,0.712783491245614,0.002121361407764705,0.006284539723221289,0.006292075596252097,0.0051870066562857125,0.16928929316395638,0.0020151079083249304,0.0035730233998095243,0.002054567613002801,0.009527552326739498,0.00621859075718207,0.037242540677874504,0.41471445732265916
2026-09-18 08:51:10.631000042,3611.3247457627094,7285.890508474578,7755.028474576273,7105.0027118644,279583.25186440675,3286.4796610169487,5897.693898305087,3342.6640677966075,15665.634915254257,7158.471864406786,60485.90681272835,668928.8318644068,0.005362814964185362,0.0044738850773095,0.004988076517319911,0.0005335750590635432,0.004134454290540066,0.009252274874939556,54413.11778248752,97871.31561877602,87197.70536904974,22950.98927769538,89763.62156490973,255647.27513818815,75137.01928023211,64270.62524824478,55604.36950187126,7083.638665955364,88243.63323280748,199620.55099805832,0.0,0.0,0.0,0.0,0.0,0.0,0.0035133324131223576,0.007859366375894445,0.008339318836043651,0.007520433335566939,0.29880848841679736,0.003329690146527855,0.006269323431017901,0.0032659963175602595,0.01700523516617531,0.007506036835486566,0.0647853154744301,0.7134184479435273,0.0021247740262857135,0.006284539723221289,0.00630337787585434,0.0051870066562857125,0.16942952521438528,0.0020137480592380946,0.0035730233998095243,0.0020579790186666656,0.009550054015047623,0.006229954951159667,0.03727678240855555,0.41539808251972643
2026-09-18 08:51:25.631000042,3611.3247457627094,7276.414576271195,7755.028474576273,7089.376271186439,279517.30779661017,3286.4796610169487,5888.498644067798,3342.6640677966075,15665.634915254257,7158.471864406786,60733.049455792505,668949.2237288135,0.005468919116396403,0.0044738850773095,0.005100491241666989,0.0005335750590635432,0.004183764064747425,0.009330340172126785,57015.49732048956,97871.31561877602,82373.9407937935,22950.98927769538,110854.34095883409,258730.854429216,78730.54689802048,64270.62524824478,52562.17626120392,7083.638665955364,108899.79473147908,202073.8178204038,0.0,0.0,0.0,0.0,0.0,0.0,0.0035163882119028456,0.00786619639825217,0.00834656595131659,0.007526969963906079,0.2990673639784293,0.0033325851694662985,0.00627475957916605,0.0032688349276067175,0.01701998027265679,0.0075125638261950446,0.06486207369436925,0.7140367030257031,0.0021247740262857135,0.006292329996605043,0.00630337787585434,0.005197296109803918,0.16959127546549763,0.0020137480592380946,0.0035774435236974778,0.0020579790186666656,0.009550054015047623,0.006229954951159667,0.03730879577767998,0.4160450336530899
2026-09-18 08:51:40.631000042,3641.7294915254247,7276.414576271195,7741.534576271189,7089.376271186439,279483.7911864407,3290.8545762711865,5888.498644067798,3349.8518644067785,15666.428135593223,7148.129491525414,60954.5290611759,669387.9050847456,0.005468919116396403,0.0044738850773095,0.005100491241666989,0.0005335750590635432,0.004183764064747425,0.009422678429176505,57015.49732048956,97871.31561877602,82373.9407937935,22950.98927769538,110854.34095883409,260765.408838651,78730.54689802048,64270.62524824478,52562.17626120392,7083.638665955364,108899.79473147908,208055.62715267268,0.0,0.0,0.0,0.0,0.0,0.0,0.0035194440106833327,0.007873026420609892,0.008353813066589525,0.007533506592245218,0.2993262395400612,0.003335480192404742,0.006280195727314197,0.0032716735376531747,0.017034725379138273,0.007519090816903523,0.06493883191430841,0.7146549581078789,0.002128372996739496,0.006292329996605043,0.006318652692252099,0.005197296109803918,0.16972929127783565,0.0020233190875294125,0.0035774435236974778,0.002069366117411765,0.00957538724122689,0.006238363832420165,0.037353872786774725,0.4167761930486523
2026-09-18 08:51:55.631000042,3641.7294915254247,7256.278983050848,7741.534576271189,7082.82915254237,279396.64983050845,3290.8545762711865,5879.913559322037,3349.8518644067785,15666.428135593223,7148.129491525414,61186.3014729239,669130.7430508473,0.005468919116396403,0.004539710344358837,0.0050466434584823154,0.0005335750590635432,0.004245259941717867,0.00968073835287673,57015.49732048956,102104.93115744802,69944.79791136988,22950.98927769538,115130.74043968812,265838.1128179737,78730.54689802048,67050.77708344637,54092.013357940785,7083.638665955364,113100.79418379413,214507.4128396106,0.0,0.0,0.0,0.0,0.0,0.0,0.0035224998094638216,0.007879856442967617,0.008361060181862464,0.0075400432205843596,0.29958511510169317,0.003338375215343187,0.006285631875462346,0.0032745121476996327,0.01704947048561975,0.0075256178076120025,0.06501559013424756,0.7152732131900549,0.002128372996739496,0.00629747052592717,0.006318652692252099,0.005210433359820727,0.16988522270420414,0.0020233190875294125,0.003582321936358542,0.002069366117411765,0.00957538724122689,0.006238363832420165,0.037385786558668845,0.41740605555370436
2026-09-18 08:52:10.631000042,3667.969830508475,7256.278983050848,7728.968135593214,7082.82915254237,279368.80474576267,3263.698983050847,5879.913559322037,3323.9166101694914,15638.80576271186,7132.323050847462,61411.70036090429,669364.5203389829,0.005468919116396403,0.004539710344358837,0.005240927638548278,0.0005149997359821164,0.004245259941717867,0.009737513852386125,57015.49732048956,102104.93115744802,72637.51195465136,22976.5117957323,115130.74043968812,266636.0262583122,78730.54689802048,67050.77708344637,56174.43161273168,7091.693997406757,113100.79418379413,215263.12280705545,0.0,0.0,0.0,0.0,0.0,0.0,0.00352975766338752,0.007883919217776333,0.008367727141773033,0.007549340250435051,0.29984060343451796,0.0033433964942745763,0.0062896435421303555,0.0032802801273338934,0.0170632147516347,0.007529882929865703,0.06506166512395334,0.7159351485722609,0.0021306420289075615,0.00629747052592717,0.006327233647025207,0.005210433359820727,0.17001741565316897,0.0020218949110364145,0.003582321936358542,0.0020650595930532217,0.009587957176918765,0.006245418689478991,0.03741801097799751,0.4181422649997976
2026-09-18 08:52:25.631000042,3667.969830508475,7252.935254237288,7728.968135593214,7067.599322033903,279325.2386440678,3263.698983050847,5873.836271186443,3323.9166101694914,15638.80576271186,7132.323050847462,61648.22244612259,669653.5667796611,0.005590371230287617,0.004620852289018305,0.005240927638548278,0.0005149997359821164,0.004245259941717867,0.009871277736891984,54163.52327617684,98475.69330637497,72637.51195465136,22976.5117957323,115130.74043968812,266526.39775383007,74628.27815492694,64957.02073349594,56174.43161273168,7091.693997406757,113100.79418379413,218368.21555718247,0.0,0.0,0.0,0.0,0.0,0.0,0.0035328171075426126,0.007890746843644386,0.008374973754620254,0.0075558792732938465,0.3000994760674476,0.0033462933617514276,0.006295078458797021,0.0032831212786649114,0.017077958992407476,0.007536407958222183,0.0651384005252009,0.7165534414015574,0.0021306420289075615,0.006305337929098039,0.006327233647025207,0.00522215117062185,0.17018746333903204,0.0020218949110364145,0.003587506288666667,0.0020650595930532217,0.009587957176918765,0.006245418689478991,0.037451091308395225,0.4189299050002292
2026-09-18 08:52:40.631000042,3688.019999999999,7252.935254237288,7738.627118644071,7067.599322033903,279272.3583050847,3238.1847457627105,5873.836271186443,3315.5938983050823,15611.482372881348,7109.789491525423,61863.10441984832,669659.0033898307,0.005590371230287617,0.004620852289018305,0.005319234256810203,0.0005149997359821164,0.004245259941717867,0.009971260672614286,54163.52327617684,98475.69330637497,70231.51795724563,22976.5117957323,115130.74043968812,271263.07633331337,74628.27815492694,64957.02073349594,54333.13189312274,7091.693997406757,113100.79418379413,222169.48741935613,0.0,0.0,0.0,0.0,0.0,0.0,0.003535876551697705,0.007897574469512444,0.008382220367467478,0.0075624182961526445,0.3003583487003772,0.0033491902292282793,0.006300513375463688,0.00328596242999593,0.01709270323318026,0.007542932986578665,0.06521513592644847,0.7171717342308539,0.002133446917215686,0.006305337929098039,0.006339510922666665,0.00522215117062185,0.17031137588697476,0.0020171330737647057,0.003587506288666667,0.0020663236454509797,0.009606015383137252,0.006254056239495795,0.03748169972418197,0.41948875464603086
2026-09-18 08:52:55.631000042,3688.019999999999,7216.926101694917,7738.627118644071,7061.729491525428,279206.8444067796,3238.1847457627105,5866.904745762708,3315.5938983050823,15611.482372881348,7109.789491525423,62080.09269946801,669384.9152542374,0.005745312668689946,0.004620852289018305,0.005319234256810203,0.0005149997359821164,0.0041743011863303705,0.010078669282392809,57563.532982258315,98475.69330637497,70231.51795724563,22976.5117957323,116957.77356111932,273959.12674022035,79312.92299941221,64957.02073349594,54333.13189312274,7091.693997406757,114895.44093272489,224388.85646485825,0.0,0.0,0.0,0.0,0.0,0.0,0.003538935995852797,0.007904402095380498,0.008389466980314701,0.007568957319011438,0.30061722133330687,0.003352087096705132,0.006305948292130353,0.003288803581326949,0.017107447473953038,0.007549458014935149,0.06529187132769602,0.7177900270601503,0.002133446917215686,0.006311103926470589,0.006339510922666665,0.0052358862831092465,0.17048941306923746,0.0020171330737647057,0.0035932537776806714,0.0020663236454509797,0.009606015383137252,0.006254056239495795,0.037523384534941424,0.42015546308861845
2026-09-18 08:53:10.631000042,3710.6969491525438,7216.926101694917,7722.6193220339055,7061.729491525428,279142.4410169492,3212.7925423728793,5866.904745762708,3302.569830508477,15578.737627118648,7097.079661016939,62274.05534875141,669299.2322033899,0.005745312668689946,0.004670458465076168,0.005319234256810203,0.0005149997359821164,0.004394378216924015,0.010131735493373173,57563.532982258315,103430.18108651912,70231.51795724563,22976.5117957323,115081.87437603703,279425.7329841639,79312.92299941221,68220.06323656224,54333.13189312274,7091.693997406757,113084.76620158597,229557.28016680182,0.0,0.0,0.0,0.0,0.0,0.0,0.0035459267388217803,0.00790790310776144,0.008396079659816149,0.007577350287061881,0.3008743122662436,0.0033529346149779315,0.006310473671917108,0.0032907999660895804,0.017118453480651104,0.007554142300443079,0.06533645501774375,0.7184436247866697,0.0021337011780504195,0.006311103926470589,0.006345453973400561,0.0052358862831092465,0.17062134811597757,0.0020157329276974784,0.0035932537776806714,0.002071333428773109,0.009608463610588234,0.006265027386901959,0.03754081289400471,0.4207934236496567
2026-09-18 08:53:25.631000042,3710.6969491525438,7192.488813559322,7722.6193220339055,7045.89559322034,279124.3677966102,3212.7925423728793,5860.812203389826,3302.569830508477,15578.737627118648,7097.079661016939,62486.95876820885,669795.013220339,0.005745312668689946,0.004769428917442443,0.005319234256810203,0.0005238214420694549,0.004394378216924015,0.010246639820409926,57563.532982258315,119435.57532871728,70231.51795724563,25576.277383502,115081.87437603703,286773.63773302536,79312.92299941221,85094.69109043917,54333.13189312274,6767.897646943545,113084.76620158597,231654.046746722,0.0,0.0,0.0,0.0,0.0,0.0,0.0035489895816706845,0.0079147278626634,0.008403325725560093,0.007583890912494407,0.30113318336480677,0.003355829710710342,0.006315907804963085,0.003293640387081506,0.017133194500191337,0.007560665737294291,0.06541314301094847,0.719061948029773,0.0021337011780504195,0.006314251452470588,0.006345453973400561,0.005246312077624648,0.17080017463201058,0.0020157329276974784,0.003598209515137255,0.002071333428773109,0.009608463610588234,0.006265027386901959,0.03757335295732545,0.4217197827156904
2026-09-18 08:53:40.631000042,3741.797288135593,7192.488813559322,7715.7427118644,7045.89559322034,279089.68881355936,3210.9894915254213,5860.812203389826,3299.894237288135,15590.831186440662,7094.587118644062,62745.93964263973,669832.340338983,0.005837983136926642,0.004769428917442443,0.005319234256810203,0.0005090476884792046,0.004394378216924015,0.010224209804784097,77372.29086792123,119435.57532871728,70231.51795724563,26347.25069552955,115081.87437603703,286026.6783451188,97723.02350335344,85094.69109043917,54333.13189312274,6971.909684586415,113084.76620158597,231409.96008067092,0.0,0.0,0.0,0.0,0.0,0.0,0.003552052424519589,0.007921552617565362,0.008410571791304038,0.007590431537926934,0.30139205446337,0.0033587248064427533,0.006321341938009062,0.003296480808073433,0.01714793551973157,0.007567189174145502,0.06548983100415316,0.7196802712728765,0.0021378036047114838,0.006314251452470588,0.006349823819999998,0.005246312077624648,0.17093230662279302,0.0020252848039439774,0.003598209515137255,0.0020775377907675066,0.009625691185647057,0.006276775079966383,0.03761447856789297,0.4223407656711909
2026-09-18 08:53:55.631000042,3741.797288135593,7157.52915254237,7715.7427118644,7033.155254237288,279023.0613559322,3210.9894915254213,5858.426440677967,3299.894237288135,15590.831186440662,7094.587118644062,62958.319676271,669242.1844067797,0.005837983136926642,0.004769428917442443,0.00541711859884864,0.0005286597495982072,0.004394378216924015,0.01056593383025349,77372.29086792123,119435.57532871728,72999.47544751072,27362.330230616204,115081.87437603703,295048.89602573693,97723.02350335344,85094.69109043917,56474.503798037054,7240.516186383466,113084.76620158597,239746.8558405319,0.0,0.0,0.0,0.0,0.0,0.0,0.003555115267368493,0.007928377372467321,0.00841781785704798,0.00759697216335946,0.30165092556193324,0.0033616199021751637,0.0063267760710550396,0.0032993212290653596,0.0171626765392718,0.007573712610996711,0.06556651899735787,0.7202985945159799,0.0021378036047114838,0.0063143501330644265,0.006349823819999998,0.005252948281764707,0.1710949070959228,0.0020252848039439774,0.0036013824318655453,0.0020775377907675066,0.009625691185647057,0.006276775079966383,0.037644155699696084,0.4228280693667331
2026-09-18 08:54:10.631000042,3773.9532203389826,7157.52915254237,7681.06983050848,7033.155254237288,278952.11694915255,3188.102033898303,5858.426440677967,3286.903728813562,15590.953220338997,7087.478644067795,63192.87681304585,669451.69220339,0.005837983136926642,0.004769428917442443,0.00541711859884864,0.0005286597495982072,0.004394378216924015,0.01061281531429927,77372.29086792123,119435.57532871728,72999.47544751072,27362.330230616204,115081.87437603703,298549.6915946758,97723.02350335344,85094.69109043917,56474.503798037054,7240.516186383466,113084.76620158597,242236.7381868431,0.0,0.0,0.0,0.0,0.0,0.0,0.003562326605242548,0.007931883042038372,0.008421611282954503,0.007602794781028985,0.3018969403128444,0.0033652171214746743,0.006331061299881405,0.0033037146216772224,0.017174751130433413,0.007581073680436801,0.06561232187452722,0.7209359780127153,0.0021425528758319324,0.0063143501330644265,0.006352568168504202,0.005252948281764707,0.17121723790023033,0.0020271800573221283,0.0036013824318655453,0.002082454976806723,0.009641299984851543,0.006281895629647059,0.037673215683666314,0.4235165782861232
2026-09-18 08:54:25.631000042,3773.9532203389826,7133.668474576276,7681.06983050848,7029.988474576267,278913.6549152542,3188.102033898303,5856.525762711859,3286.903728813562,15590.953220338997,7087.478644067795,63425.594320902106,669710.547457627,0.005837983136926642,0.004769428917442443,0.005220350710678952,0.0005286597495982072,0.004464369481570503,0.010848196570524429,77372.29086792123,119435.57532871728,70347.89004113719,27362.330230616204,120242.61221008559,303324.28133616684,97723.02350335344,85094.69109043917,54423.16070022623,7240.516186383466,118155.9456080328,245660.9435088323,0.0,0.0,0.0,0.0,0.0,0.0,0.003565393022196571,0.007938704942325727,0.00842885437921887,0.007609334787638181,0.30215580038185935,0.0033681128220493864,0.006336494446502252,0.0033065563805852686,0.017189489859528485,0.007587597838770135,0.06568894075702703,0.721554317612658,0.0021425528758319324,0.006322622059764708,0.006352568168504202,0.00526107645873389,0.17138355516993461,0.0020271800573221283,0.003606657875294116,0.002082454976806723,0.009641299984851543,0.006281895629647059,0.037703095794613485,0.42428340948888793
2026-09-18 08:54:40.631000042,3809.071525423728,7133.668474576276,7649.56677966101,7029.988474576267,278854.6545762712,3148.96271186441,5856.525762711859,3259.418644067798,15619.515254237296,7090.325084745764,63646.730315753564,669893.2688135592,0.005848744148066261,0.004838469579584899,0.005517764041682325,0.0005236524264614338,0.004544965780434477,0.01089439927387573,80168.7302373319,125184.54433843364,68190.01415362874,26207.947655928612,140488.5070927147,307812.73002648394,101260.12050527956,89186.78358921462,52751.982970641904,6935.047841879961,138012.0563781508,249883.01655704205,0.0,0.0,0.0,0.0,0.0,0.0,0.003568459439150594,0.007945526842613085,0.008436097475483238,0.007615874794247377,0.30241466045087423,0.0033710085226240994,0.0063419275931231,0.0033093981394933143,0.01720422858862356,0.007594121997103468,0.06576555963952684,0.7221726572126006,0.0021483223706722687,0.006322622059764708,0.006358361184845935,0.00526107645873389,0.1715126487856943,0.002024031838487395,0.003606657875294116,0.002082918407142857,0.009665626780588236,0.0062934924654789925,0.037728764482526385,0.42501000225004987
2026-09-18 08:54:55.631000042,3809.071525423728,7103.840338983048,7649.56677966101,7015.817288135594,278807.93999999994,3148.96271186441,5851.970847457632,3259.418644067798,15619.515254237296,7090.325084745764,63854.200932034306,669540.5450847457,0.0060421543479316575,0.004838469579584899,0.005664732712422845,0.0005236524264614338,0.004544965780434477,0.010920545655277987,82819.80365508157,125184.54433843364,72065.22532677466,26207.947655928612,140488.5070927147,303415.0550145917,104608.65818268771,89186.78358921462,55749.85701936808,6935.047841879961,138012.0563781508,247076.16905249062,0.0,0.0,0.0,0.0,0.0,0.0,0.0035715258561046168,0.00795234874290044,0.008443340571747606,0.007622414800856573,0.30267352051988916,0.0033739042231988123,0.006347360739743947,0.00331223989840136,0.017218967317718634,0.0076006461554368,0.06584217852202662,0.7227909968125434,0.0021483223706722687,0.0063277805742521,0.006358361184845935,0.005267009586235294,0.1716749179307388,0.002024031838487395,0.0036089702722577033,0.002082918407142857,0.009665626780588236,0.0062934924654789925,0.037754176802102794,0.42546358087521857
2026-09-18 08:55:10.631000042,3840.443389830509,7103.840338983048,7617.697627118641,7015.817288135594,278710.2610169491,3141.7993220338985,5851.970847457632,3262.2345762711884,15613.13898305086,7087.591525423723,64051.77151592287,669817.5101694914,0.005856958121227032,0.004665194858756108,0.005664732712422845,0.0005236524264614338,0.004544965780434477,0.011049050105495319,80281.31915930078,120701.44971201617,72065.22532677466,26207.947655928612,140488.5070927147,304752.5823919241,101402.33016448679,85992.83666574038,55749.85701936808,6935.047841879961,138012.0563781508,248361.83966604108,0.0,0.0,0.0,0.0,0.0,0.0,0.003579784097837228,0.007958107573923522,0.008447766074716095,0.007626911103738545,0.3029178346479983,0.003372411849857389,0.006351336070008086,0.0033127669179103094,0.017234317190601527,0.007608714794412392,0.06588885411175147,0.723440347784449,0.002152496411394958,0.0063277805742521,0.006366535421848737,0.005267009586235294,0.1718020312722751,0.0020328784375126044,0.0036089702722577033,0.002094238497512605,0.009683463845691877,0.006300190629971984,0.037776975210446866,0.4261648507986217
2026-09-18 08:55:25.631000042,3840.443389830509,7082.038983050853,7617.697627118641,7003.854915254241,278667.83288135595,3141.7993220338985,5842.0494915254185,3262.2345762711884,15613.13898305086,7087.591525423723,64288.91143620299,670421.6786440675,0.006142367645849611,0.005063389208159289,0.005664732712422845,0.0005236524264614338,0.004544965780434477,0.011341340619195638,78712.02568220513,117448.7157511074,72065.22532677466,26207.947655928612,140488.5070927147,308159.1700966563,99094.24801176236,83837.49988722787,55749.85701936808,6935.047841879961,138012.0563781508,252346.1529252036,0.0,0.0,0.0,0.0,0.0,0.0,0.0035828549724076747,0.007964928563041504,0.00845500675598757,0.007633449355456758,0.303176682276423,0.0033753037828470793,0.006356767969266076,0.0033156066893879725,0.017249056441743075,0.007615240278662104,0.06596540565164725,0.7240587138971772,0.002152496411394958,0.006335328068515407,0.006366535421848737,0.005269886373983194,0.17195980989909743,0.0020328784375126044,0.0036114193542577024,0.002094238497512605,0.009683463845691877,0.006300190629971984,0.03779991342308779,0.4270649553395081
2026-09-18 08:55:40.631000042,3868.227457627118,7082.038983050853,7614.674237288132,7003.854915254241,278618.8057627119,3141.7535593220337,5842.0494915254185,3273.1688135593204,15606.594915254229,7079.894237288138,64543.573829951296,670612.0667796611,0.006142367645849611,0.005063389208159289,0.005664732712422845,0.0005244619383605213,0.004642079982073067,0.01139768095647062,78712.02568220513,117448.7157511074,72065.22532677466,27791.127672054383,147111.5758834557,305140.9122126685,99094.24801176236,83837.49988722787,55749.85701936808,7352.150177792165,144518.37751615595,253222.2276176905,0.0,0.0,0.0,0.0,0.0,0.0,0.0035859258469781215,0.00797174955215949,0.00846224743725905,0.007639987607174971,0.3034355299048476,0.0033781957158367697,0.006362199868524068,0.003318446460865636,0.017263795692884627,0.007621765762911819,0.06604195719154306,0.7246770800099056,0.002156613533445377,0.006335328068515407,0.006377936577053221,0.005269886373983194,0.17209985879488576,0.0020382888489523807,0.0036114193542577024,0.0020997173236078424,0.009703504523193273,0.006311356904689074,0.03784644848106953,0.4278756531636453
2026-09-18 08:55:55.631000042,3868.227457627118,7056.579661016945,7614.674237288132,6994.476610169487,278547.34271186433,3141.7535593220337,5836.731864406777,3273.1688135593204,15606.594915254229,7079.894237288138,64732.9298821511,670235.2138983053,0.006142367645849611,0.00503533715180446,0.005664732712422845,0.0005244619383605213,0.004692829326626467,0.011546453391810782,78712.02568220513,121225.48819549628,72065.22532677466,27791.127672054383,141227.45340884326,310366.87840753177,99094.24801176236,86533.44387738216,55749.85701936808,7352.150177792165,138745.30398272086,256880.10242773843,0.0,0.0,0.0,0.0,0.0,0.0,0.003588996721548568,0.007978570541277473,0.008469488118530528,0.007646525858893184,0.3036943775332723,0.003381087648826461,0.006367631767782058,0.0033212862323432992,0.017278534944026185,0.007628291247161531,0.06611850873143886,0.725295446122634,0.002156613533445377,0.006340100710521007,0.006377936577053221,0.005276075251042014,0.17224906072981508,0.0020382888489523807,0.0036155058536470586,0.0020997173236078424,0.009703504523193273,0.006311356904689074,0.03786273231582199,0.4283634363562054
2026-09-18 08:56:10.631000042,3895.2732203389833,7056.579661016945,7603.83152542372,6994.476610169487,278534.1081355932,3111.69661016949,5836.731864406777,3247.331186440676,15576.742372881343,7089.8705084745725,64996.71504950359,670626.8420338983,0.006142367645849611,0.005189714856072407,0.005664732712422845,0.0005244619383605213,0.004692829326626467,0.011720026529405566,78712.02568220513,124942.12364654556,72065.22532677466,27791.127672054383,141227.45340884326,315303.82819019974,99094.24801176236,89186.46074704744,55749.85701936808,7352.150177792165,138745.30398272086,261940.6977591687,0.0,0.0,0.0,0.0,0.0,0.0,0.0035964530906408493,0.00798371402592228,0.008474045867066723,0.0076510297658362635,0.30393511833717746,0.003385782994005708,0.006371719273540709,0.0033277598112152586,0.017291771883953356,0.007635928630242201,0.06616215395067725,0.7259779881923336,0.0021603238489411765,0.006340100710521007,0.0063885462105882345,0.005276075251042014,0.1724015383887756,0.002030990185411764,0.0036155058536470586,0.0020961897896470587,0.009719203641411763,0.006329860600470586,0.037916594349163585,0.42916573755326404
2026-09-18 08:56:25.631000042,3895.2732203389833,7040.690847457631,7603.83152542372,6966.936610169498,278483.92779661017,3111.69661016949,5835.880677966103,3247.331186440676,15576.742372881343,7089.8705084745725,65186.17833426519,670611.0294915254,0.006261789373520104,0.005189714856072407,0.00545196063113365,0.0005060269717303741,0.004692829326626467,0.011767448950796202,81871.34754750768,124942.12364654556,69358.39540914657,26814.26267237484,141227.45340884326,315969.49279217893,103071.66596989342,89186.46074704744,53655.84593150644,7093.720283697047,138745.30398272086,270211.42719696375,0.0,0.0,0.0,0.0,0.0,0.0,0.0035995277176385657,0.00799053358214374,0.008481284256621518,0.007657566276681011,0.30419395053228554,0.003388676470033105,0.00637715002638485,0.003330602691923021,0.017306509853236635,0.007642455065744483,0.06623862187692424,0.7265964090324928,0.0021603238489411765,0.006348737971988795,0.0063885462105882345,0.00527910762061625,0.17256014478927664,0.002030990185411764,0.003621979642739495,0.0020961897896470587,0.009719203641411763,0.006329860600470586,0.03792859425558593,0.42978283838056286
2026-09-18 08:56:40.631000042,3919.347457627118,7040.690847457631,7600.536610169488,6966.936610169498,278457.88576271187,3072.297966101694,5835.880677966103,3217.9576271186424,15557.949152542356,7090.465423728815,65389.285356730055,670678.6881355932,0.006261789373520103,0.005189714856072407,0.005898137107404523,0.0005242682850457462,0.004692829326626467,0.011771046496994874,81871.34754750767,124942.12364654556,94640.81269533705,26003.276989906004,141227.45340884326,315547.3122139051,103071.6659698934,89186.46074704744,54604.77984843474,10302.43724700966,138745.30398272086,270355.8643937775,0.0,0.0,0.0,0.0,0.0,0.0,0.003602602344636283,0.007997353138365205,0.00848852264617631,0.007664102787525762,0.3044527827273936,0.003391569946060503,0.00638258077922899,0.0033334455726307835,0.017321247822519908,0.0076489815012467655,0.06631508980317123,0.7272148298726521,0.0021647916167114836,0.006348737971988795,0.006404200467361344,0.00527910762061625,0.17270032735284405,0.0020277879762016803,0.003621979642739495,0.0020972763780560217,0.00973967735806162,0.006341776620666668,0.03796997481083781,0.4305060270924369
2026-09-18 08:56:55.631000042,3919.347457627118,7028.3898305084795,7600.536610169488,6945.2908474576325,278387.79559322033,3072.297966101694,5832.378305084747,3217.9576271186424,15557.949152542356,7090.465423728815,65581.91783236778,670163.9064406778,0.006261789373520103,0.005189714856072407,0.005898137107404523,0.0005242682850457462,0.004832331576119314,0.011874908670649853,81871.34754750767,124942.12364654556,94640.81269533705,26003.276989906004,142487.66900477788,312081.92501680175,103071.6659698934,89186.46074704744,54604.77984843474,10302.43724700966,139982.20828068952,267576.13538807345,0.0,0.0,0.0,0.0,0.0,0.0,0.0036056769716339993,0.008004172694586663,0.008495761035731107,0.007670639298370509,0.30471161492250165,0.0033944634220879006,0.006388011532073134,0.003336288453338547,0.017335985791803187,0.007655507936749051,0.06639155772941822,0.7278332507128114,0.0021647916167114836,0.0063558919060000005,0.006404200467361344,0.0052837406556302535,0.1728542930999676,0.0020277879762016803,0.0036282562291876748,0.0020972763780560217,0.00973967735806162,0.006341776620666668,0.03798155340371019,0.4310108400011243
2026-09-18 08:57:10.631000042,3942.8084745762712,7028.3898305084795,7575.870508474579,6945.2908474576325,278358.93152542366,3051.814576271188,5832.378305084747,3204.2593220338995,15514.913898305085,7094.916610169494,65754.8017776699,670128.5623728812,0.0060473413510293795,0.004997726134972535,0.005898137107404523,0.0005242682850457462,0.004832331576119314,0.012067728416937153,79067.49268543588,120320.0048605134,94640.81269533705,26003.276989906004,142487.66900477788,315120.8706598848,99541.76203611698,85887.08977713481,54604.77984843474,10302.43724700966,139982.20828068952,275376.61615963397,0.0,0.0,0.0,0.0,0.0,0.0,0.00361283289052664,0.008009631220888627,0.008501953455188794,0.0076760369888484465,0.30496226951602196,0.0033932805607212752,0.006393415241441139,0.003335946894752579,0.01734707116183849,0.007663726552230187,0.06643482197756952,0.7284227638671165,0.002169540830756303,0.0063558919060000005,0.006412198386644259,0.0052837406556302535,0.17299477136902827,0.002029901528011204,0.0036282562291876748,0.0020975875179271705,0.00975517781820728,0.0063519443889411805,0.03800449727425661,0.43178984621633215
2026-09-18 08:57:25.631000042,3942.8084745762712,7024.664745762713,7575.870508474579,6932.336949152534,278330.8515254237,3051.814576271188,5831.3623728813545,3204.2593220338995,15514.913898305085,7094.916610169494,65973.52753265532,670441.2437288134,0.006346343809758448,0.005326995587825387,0.005898137107404523,0.0005216741289981303,0.004832331576119314,0.012213781055181354,76482.26303743145,136434.47609422434,94640.81269533705,27051.805501176656,142487.66900477788,327668.55953934795,96284.72546939446,102550.41079157229,54604.77984843474,10718.823022798068,139982.20828068952,286873.2536236663,0.0,0.0,0.0,0.0,0.0,0.0,0.0036159109977507587,0.008016449618499549,0.008509190954335553,0.007682572528382008,0.30522109476545506,0.003396170560721274,0.0063988459713164225,0.0033387870599971754,0.017361806026634407,0.0076702544305009505,0.06651124227117745,0.7290411601335564,0.002169540830756303,0.006359380734756304,0.006412198386644259,0.005293222030789913,0.17315288230549578,0.002029901528011204,0.0036370940449075633,0.0020975875179271705,0.00975517781820728,0.0063519443889411805,0.03802001751227351,0.4324807760748905
2026-09-18 08:57:40.631000042,3967.447118644069,7024.664745762713,7566.663050847461,6932.336949152534,278325.5338983051,3011.070508474576,5831.3623728813545,3182.607457627118,15507.103728813576,7100.191525423727,66203.47341709178,670244.7966101692,0.006524392567217151,0.005293890799167979,0.005898137107404523,0.0005216741289981303,0.004832331576119314,0.012365808182242892,80499.88416411768,140526.5447629086,94640.81269533705,27051.805501176656,142487.66900477788,330259.40416808263,101342.57197994685,105740.16663227945,54604.77984843474,10718.823022798068,139982.20828068952,288998.9189502408,0.0,0.0,0.0,0.0,0.0,0.0,0.0036189891049748764,0.008023268016110469,0.00851642845348231,0.0076891080679155665,0.30547992001488816,0.003399060560721274,0.006404276701191704,0.003341627225241771,0.017376540891430325,0.007676782308771711,0.0665876625647854,0.7296595563999962,0.0021739469980672265,0.006359380734756304,0.006425874662084032,0.005293222030789913,0.1732989590156707,0.0020240367755294114,0.0036370940449075633,0.002094834923579831,0.009770697255999997,0.006362552502044817,0.03806634108899771,0.433145604225457
2026-09-18 08:57:55.631000042,3967.447118644069,7016.915593220337,7566.663050847461,6928.16644067796,278279.85050847457,3011.070508474576,5837.28101694915,3182.607457627118,15507.103728813576,7100.191525423727,66437.29577658411,669914.9999999999,0.006524392567217151,0.0054696876807541345,0.006085237057798869,0.0005216741289981303,0.004832331576119314,0.012434525270777238,80499.88416411768,145193.08007438105,100264.59282214248,27051.805501176656,142487.66900477788,339366.3335519042,101342.57197994685,109251.53327310187,57849.5245520624,10718.823022798068,139982.20828068952,289498.80329362483,0.0,0.0,0.0,0.0,0.0,0.0,0.003622067212198995,0.008030086413721388,0.008523665952629067,0.0076956436074491295,0.30573874526432127,0.0034019505607212745,0.006409707431066987,0.003344467390486368,0.017391275756226246,0.007683310187042474,0.06666408285839334,0.7302779526664362,0.0021739469980672265,0.006365173700364143,0.006425874662084032,0.005303795492644254,0.17345517024087143,0.0020240367755294114,0.003644065680941174,0.002094834923579831,0.009770697255999997,0.006362552502044817,0.03808800226782788,0.433729196249033
2026-09-18 08:58:10.631000042,3991.9576271186406,7016.915593220337,7551.1830508474495,6928.16644067796,278259.72406779666,2977.5050847457615,5837.28101694915,3143.5291525423736,15478.428813559316,7093.781694915247,66662.79262302675,669877.6118644067,0.006524392567217153,0.0054696876807541345,0.006085237057798869,0.0005216741289981303,0.0048045035843134465,0.012529180255329774,80499.88416411771,145193.08007438105,100264.59282214248,27051.805501176656,147233.73992859997,340778.81675710634,101342.5719799469,109251.53327310187,57849.5245520624,10718.823022798068,144644.82570726215,290647.8420518427,0.0,0.0,0.0,0.0,0.0,0.0,0.003629382442551889,0.008034650707508693,0.008529638882476796,0.0077034216638161,0.3059892185608068,0.003402152304982238,0.006415977755121111,0.0033469713760193687,0.017401454950417915,0.0076901959665615464,0.06670511507220331,0.7308815283903619,0.0021783978682801118,0.006365173700364143,0.006432133356907562,0.005303795492644254,0.1735923647280199,0.002023942816358543,0.003644065680941174,0.002097622051854341,0.009780489817008397,0.006373974963899156,0.03812608412495509,0.4344593540981721
2026-09-18 08:58:25.631000042,3991.9576271186406,7016.165084745758,7551.1830508474495,6923.9166101694955,278256.26135593216,2977.5050847457615,5840.697966101689,3143.5291525423736,15478.428813559316,7093.781694915247,66934.52563860409,669975.8827118644,0.006524392567217153,0.0054696876807541345,0.006153744552958101,0.0005323404260234205,0.004829837171982847,0.012795368818767309,80499.88416411771,145193.08007438105,94621.10060277986,26375.47443097159,148010.08628632838,345935.95519296016,101342.5719799469,109251.53327310187,54682.80501838749,10450.83820950964,145407.5210219132,296128.8270730851,0.0,0.0,0.0,0.0,0.0,0.0,0.003632464150601776,0.008041467192769462,0.00853687530878065,0.007709958259054197,0.30624803674414014,0.003405040020401739,0.006421409196081563,0.003349811255554516,0.017416185956350114,0.007696724148817783,0.06678149996211055,0.7314999120801924,0.0021783978682801118,0.00637498228535574,0.006432133356907562,0.005315303736000001,0.17376885177368684,0.002023942816358543,0.003652862113658261,0.002097622051854341,0.009780489817008397,0.006373974963899156,0.03816341554360198,0.43523399023708603
2026-09-18 08:58:40.631000042,4020.0437288135586,7016.165084745758,7531.36169491525,6923.9166101694955,278197.56915254233,2972.333898305086,5840.697966101689,3147.870508474577,15489.298983050821,7086.03559322034,67160.02484172353,670037.4457627118,0.006524392567217153,0.0054696876807541345,0.006153744552958101,0.0005323404260234205,0.005040852498525902,0.0129065688451434,80499.88416411771,145193.08007438105,94621.10060277986,26375.47443097159,169440.00065580415,353802.2224468634,101342.5719799469,109251.53327310187,54682.80501838749,10450.83820950964,166410.86011639354,303257.8738106853,0.0,0.0,0.0,0.0,0.0,0.0,0.003635545858651663,0.008048283678030232,0.008544111735084505,0.0077164948542922905,0.3065068549274734,0.0034079277358212406,0.006426840637042014,0.0033526511350896633,0.017430916962282317,0.007703252331074016,0.0668578848520178,0.732118295770023,0.0021829575864761907,0.00637498228535574,0.006437723239495798,0.005315303736000001,0.1739005723856987,0.0020379572696638654,0.003652862113658261,0.0021120919005154053,0.009796620747249294,0.006384444441882353,0.03819603088738568,0.4360019817147471
2026-09-18 08:58:55.631000042,4020.0437288135586,7008.836949152545,7531.36169491525,6933.487118644071,278152.69423728815,2972.333898305086,5835.7006779661,3147.870508474577,15489.298983050821,7086.03559322034,67408.50844875988,669737.346101695,0.006524392567217153,0.0053009710059991775,0.006153744552958101,0.0005323404260234205,0.005040852498525902,0.012944365046409343,80499.88416411771,140714.48913878266,94621.10060277986,26375.47443097159,169440.00065580415,352817.8336693092,101342.5719799469,105881.58667257185,54682.80501838749,10450.83820950964,166410.86011639354,302165.8999116951,0.0,0.0,0.0,0.0,0.0,0.0,0.0036386275667015496,0.008055100163291005,0.00855134816138836,0.007723031449530385,0.3067656731108068,0.003410815451240742,0.0064322720780024675,0.0033554910146248113,0.017445647968214517,0.007709780513330253,0.06693426974192504,0.7327366794598533,0.0021829575864761907,0.006381535639462182,0.006437723239495798,0.005329389816050419,0.17406426413642326,0.0020379572696638654,0.003659267879697478,0.0021120919005154053,0.009796620747249294,0.006384444441882353,0.03823132841398123,0.4365448380932023
2026-09-18 08:59:10.631000042,4043.6969491525415,7008.836949152545,7524.796271186445,6933.487118644071,278096.3206779661,2975.2413559322035,5835.7006779661,3148.453220338981,15467.589152542347,7069.6464406779705,67663.3424939927,669857.0155932205,0.006531954093356343,0.00565056320204183,0.006153744552958101,0.0005323404260234205,0.005040852498525902,0.013115425571599944,83165.63052640524,136576.85423635383,94621.10060277986,26375.47443097159,169440.00065580415,353915.92638508766,104698.52205870271,102876.0720221886,54682.80501838749,10450.83820950964,166410.86011639354,303064.2660157137,0.0,0.0,0.0,0.0,0.0,0.0,0.003646313539645594,0.008060235858028945,0.0085572424753313,0.007731021772016103,0.3070138028512528,0.0034128571999031266,0.006438046628245439,0.003357712703256497,0.01745770801323915,0.007716182150695575,0.06698426291092356,0.7333735132739516,0.0021862037090420164,0.006381535639462182,0.00644830971935014,0.005329389816050419,0.17419210563052967,0.0020415870181512605,0.003659267879697478,0.002116221480907563,0.009806769320672266,0.006391000037792719,0.038285263581197625,0.4372973581458062
2026-09-18 08:59:25.631000042,4043.6969491525415,7003.3088135593125,7524.796271186445,6936.107796610175,278110.6322033898,2975.2413559322035,5842.531525423727,3148.453220338981,15467.589152542347,7069.6464406779705,67927.31175930222,670344.0620338983,0.0068398311802838835,0.005640011168796853,0.006182858228132922,0.0005323404260234205,0.005040852498525902,0.013186585775780545,81312.9567607629,127366.95263794187,90889.55154717837,26375.47443097159,169440.00065580415,356463.091860631,102089.70570300113,105800.49199728541,52586.40728681531,10450.83820950964,166410.86011639354,305831.3630961747,0.0,0.0,0.0,0.0,0.0,0.0,0.003649399147272712,0.00806705092215324,0.008564477766856723,0.00773755959828729,0.30727261201960865,0.0034157441987731833,0.006443478358819765,0.0033605520591887005,0.017472436763802213,0.007722710225554332,0.06706061491468834,0.7339919125081859,0.0021862037090420164,0.006388574025445374,0.00644830971935014,0.005335721959282912,0.1743630532417715,0.0020415870181512605,0.003668182796666664,0.002116221480907563,0.009806769320672266,0.006391000037792719,0.03831459291002065,0.4381177942577263
2026-09-18 08:59:40.631000042,4077.994576271184,7003.3088135593125,7524.838983050842,6936.107796610175,278034.33050847455,2941.8376271186416,5842.531525423727,3119.14372881356,15472.983050847475,7053.8216949152575,68171.33646751725,670483.5711864406,0.0068398311802838835,0.005814039480545393,0.006359759260755565,0.0005308851962055034,0.005078198089242166,0.013294273741465811,81312.9567607629,131296.99019935075,95546.61673417625,24055.181509543763,164770.10152843673,364305.8429834321,102089.70570300113,109065.07436306472,55282.255580810655,7400.237571334454,161844.1474917418,313271.6065011211,0.0,0.0,0.0,0.0,0.0,0.0,0.0036524847548998307,0.008073865986277533,0.008571713058382148,0.007744097424558477,0.3075314211879645,0.00341863119764324,0.006448910089394088,0.003363391415120904,0.017487165514365275,0.00772923830041309,0.06713696691845314,0.7346103117424201,0.0021898521133333322,0.006388574025445374,0.006463436633764705,0.005335721959282912,0.17449302185512852,0.002031810763333332,0.003668182796666664,0.0021074274199999994,0.009832081276666666,0.006398035929887957,0.03835708366725738,0.4389101686954282
2026-09-18 08:59:55.631000042,4077.994576271184,6994.610847457622,7524.838983050842,6924.718983050852,278002.79999999993,2941.8376271186416,5854.3169491525405,3119.14372881356,15472.983050847475,7053.8216949152575,68419.25135984228,670065.0833898303,0.0068398311802838835,0.005814039480545393,0.006359759260755565,0.0005308851962055034,0.005078198089242166,0.01346454853710474,81312.9567607629,131296.99019935075,95546.61673417625,24055.181509543763,164770.10152843673,368883.9350253566,102089.70570300113,109065.07436306472,55282.255580810655,7400.237571334454,161844.1474917418,317229.6123698896,0.0,0.0,0.0,0.0,0.0,0.0,0.0036555703625269493,0.00808068105040183,0.008578948349907571,0.007750635250829661,0.3077902303563203,0.0034215181965132966,0.006454341819968412,0.0033662307710531077,0.01750189426492834,0.007735766375271846,0.06721331892221791,0.7352287109766543,0.0021898521133333322,0.006397118106190472,0.006463436633764705,0.00534145076236975,0.17465901177565887,0.002031810763333332,0.003678610338330531,0.0021074274199999994,0.009832081276666666,0.006398035929887957,0.038383812779270436,0.4394454078399304
2026-09-18 09:00:10.631000042,4105.391186440675,6994.610847457622,7512.184067796606,6924.718983050852,277902.4972881356,2917.7115254237283,5854.3169491525405,3098.358305084746,15416.01762711864,7036.471525423728,68613.16264673034,670142.0745762713,0.0068398311802838835,0.005814039480545393,0.006359759260755565,0.0005273007078026004,0.005182831292914084,0.013674460487761308,81312.9567607629,131296.99019935075,95546.61673417625,26561.318436638972,172249.0851493478,371318.9344754851,102089.70570300113,109065.07436306472,55282.255580810655,7004.632508611714,169190.32083874405,319431.7072771845,0.0,0.0,0.0,0.0,0.0,0.0,0.003663161234849211,0.00808579330459724,0.008583900597480895,0.007755980298075113,0.308037286940135,0.003423183537422429,0.006460820236666777,0.0033678733571382126,0.01751763281349834,0.007741493203383802,0.06726161399369304,0.7358639850045086,0.0021910757482577026,0.006397118106190472,0.006472516134655459,0.00534145076236975,0.17478267031907874,0.0020354060508235286,0.003678610338330531,0.002111179086789916,0.009840268764728289,0.0064035908235294085,0.03841022909066285,0.4401961744151796
2026-09-18 09:00:25.631000042,4105.391186440675,6980.406101694909,7512.184067796606,6916.069830508472,277862.20474576275,2917.7115254237283,5867.374576271188,3098.358305084746,15416.01762711864,7036.471525423728,68843.01933320434,670501.6688135595,0.0068398311802838835,0.005910397563999293,0.006359759260755565,0.0005273007078026004,0.005182831292914084,0.01365440462486688,81312.9567607629,126520.37408378611,95546.61673417625,26561.318436638972,172249.0851493478,370669.34187540546,102089.70570300113,105137.24213184342,55282.255580810655,7004.632508611714,169190.32083874405,319052.1469584448,0.0,0.0,0.0,0.0,0.0,0.0,0.003666250645322184,0.008092606933820213,0.008591133965161075,0.00776251711733187,0.3082960862288555,0.003426069505046302,0.00646625284777789,0.0033707117028589336,0.017532362412544356,0.007748020601750921,0.06733791512091643,0.7364823983964839,0.0021910757482577026,0.006405784239999998,0.006472516134655459,0.005345624336974787,0.17494140705724243,0.0020354060508235286,0.0036884085609243692,0.002111179086789916,0.009840268764728289,0.0064035908235294085,0.03843547672105113,0.441139404247246
2026-09-18 09:00:40.631000042,4135.1583050847485,6980.406101694909,7486.2183050847325,6916.069830508472,277743.75864406774,2909.6908474576285,5867.374576271188,3100.146101694915,15375.23694915254,7011.759661016951,69009.43515222399,670843.5589830506,0.0068398311802838835,0.005910397563999293,0.006359759260755565,0.0005273007078026004,0.00521965452051242,0.013759729019873664,81312.9567607629,126520.37408378611,95546.61673417625,26561.318436638972,189192.70275250648,369045.14815369376,102089.70570300113,105137.24213184342,55282.255580810655,7004.632508611714,185754.23318159173,317243.5338634858,0.0,0.0,0.0,0.0,0.0,0.0,0.0036693400557951577,0.00809942056304319,0.008598367332841255,0.007769053936588626,0.30855488551757604,0.0034289554726701765,0.006471685458889,0.0033735500485796545,0.017547092011590368,0.007754548000118037,0.06741421624813983,0.7371008117884591,0.0021929962845546216,0.006405784239999998,0.006482889457641452,0.005345624336974787,0.17506573826761648,0.002038944207193277,0.0036884085609243692,0.0021121600932100847,0.009851512933411764,0.006408147440616245,0.03845999664775186,0.4419326339149594
2026-09-18 09:00:55.631000042,4135.1583050847485,6965.615593220341,7486.2183050847325,6899.769152542373,277671.273559322,2909.6908474576285,5871.453559322033,3100.146101694915,15375.23694915254,7011.759661016951,69220.0617162795,670491.0823728811,0.007046691363621167,0.005910397563999293,0.00639127431871453,0.0005273007078026004,0.00521965452051242,0.01391380148692266,85880.91708189505,126520.37408378611,90898.71681157568,26561.318436638972,189192.70275250648,369115.2012038643,107824.85227034868,105137.24213184342,52655.063936983366,7004.632508611714,185754.23318159173,317382.12225074036,0.0,0.0,0.0,0.0,0.0,0.0,0.0036724294662681296,0.008106234192266162,0.008605600700521434,0.007775590755845384,0.30881368480629656,0.00343184144029405,0.006477118070000111,0.0033763883943003755,0.017561821610636384,0.0077610753984851556,0.06749051737536321,0.7377192251804345,0.0021929962845546216,0.006417372890235297,0.006482889457641452,0.005348033297977588,0.17521750093205352,0.002038944207193277,0.0036947802100056005,0.0021121600932100847,0.009851512933411764,0.006408147440616245,0.03848407793436823,0.4424808537362515
2026-09-18 09:01:10.631000042,4165.590508474578,6965.615593220341,7449.2481355932205,6899.769152542373,277555.933220339,2907.5552542372884,5871.453559322033,3101.781355932205,15324.220677966085,6976.208135593213,69375.39418916442,670274.8383050848,0.007087824321047524,0.00599173330745801,0.006540771271154956,0.0005273007078026004,0.00521965452051242,0.013956763316557371,104544.9526225472,131023.55048883063,94729.17305355248,26561.318436638972,189192.70275250648,376590.31008857855,124719.54040140267,108878.11065960776,54873.93924572062,7004.632508611714,185754.23318159173,317173.49672315747,0.0,0.0,0.0,0.0,0.0,0.0,0.003678844551020015,0.00811137950936796,0.008608656093040162,0.007780077968952824,0.30905173809624514,0.003433919455251514,0.006483074559825281,0.0033792991121794056,0.01757087230529635,0.007766482790167584,0.06752829583111276,0.738353775861632,0.0021954940140168073,0.006417372890235297,0.006486457884705886,0.005348033297977588,0.17534078864840957,0.002043936197187675,0.0036947802100056005,0.0021143925303865538,0.009860149278498596,0.006411488648011201,0.03851932241122087,0.4431912749600936
2026-09-18 09:01:25.631000042,4165.590508474578,6947.6613559322,7449.2481355932205,6893.417288135599,277490.67254237283,2907.5552542372884,5876.084745762714,3101.781355932205,15324.220677966085,6976.208135593213,69591.98632991704,670475.5200000001,0.007087824321047524,0.00599173330745801,0.006540771271154956,0.0005213593533904467,0.005362999539140171,0.014337740475683782,104544.9526225472,131023.55048883063,94729.17305355248,26924.192903846168,199096.50404898284,384477.62600250996,124719.54040140267,108878.11065960776,54873.93924572062,7100.965747000377,195478.0385326702,328305.54282362433,0.0,0.0,0.0,0.0,0.0,0.0,0.003681936759213057,0.008118191737482437,0.008615885951906602,0.0077866130637900864,0.3093105199969722,0.003436804743130303,0.006488507610160849,0.003382137518745063,0.017585597141985383,0.0077730092461159575,0.06760449448280285,0.7389722027411062,0.0021954940140168073,0.006429340741445376,0.006486457884705886,0.005356204303865548,0.17549465934910674,0.002043936197187675,0.003702133520291316,0.0021143925303865538,0.009860149278498596,0.006411488648011201,0.038553763088403664,0.44403792143739346
2026-09-18 09:01:40.631000042,4206.05694915254,6947.6613559322,7421.756949152533,6893.417288135599,277387.47457627114,2883.3010169491517,5876.084745762714,3078.9274576271196,15334.47762711864,6937.291525423724,69780.64016638084,670588.2762711865,0.007087824321047524,0.006102808548236928,0.006540771271154956,0.0005213593533904467,0.005362999539140171,0.014327926002419238,104544.9526225472,125636.25023727525,94729.17305355248,26924.192903846168,199096.50404898284,383533.37696857273,124719.54040140267,104490.92930552918,54873.93924572062,7100.965747000377,195478.0385326702,327341.4045795058,0.0,0.0,0.0,0.0,0.0,0.0,0.003685028967406098,0.008125003965596914,0.008623115810773045,0.007793148158627349,0.30956930189769927,0.0034396900310090907,0.006493940660496422,0.003384975925310719,0.01760032197867442,0.007779535702064327,0.06768069313449292,0.7395906296205805,0.0022002024538655446,0.006429340741445376,0.006497855796112041,0.005356204303865548,0.1756247385375132,0.002045104370453781,0.003702133520291316,0.0021120517145154062,0.009880875272605042,0.006420364918436969,0.03860077803271882,0.4448876623958312
2026-09-18 09:01:55.631000042,4206.05694915254,6918.235932203383,7421.756949152533,6881.778305084755,277278.6508474576,2883.3010169491517,5876.514915254236,3078.9274576271196,15334.47762711864,6937.291525423724,69940.83863529093,670072.2772881357,0.007087824321047524,0.006102808548236928,0.006540771271154956,0.0005213593533904467,0.005362999539140171,0.014586376590625338,104544.9526225472,125636.25023727525,94729.17305355248,26924.192903846168,199096.50404898284,386342.8215585956,124719.54040140267,104490.92930552918,54873.93924572062,7100.965747000377,195478.0385326702,343363.53085062245,0.0,0.0,0.0,0.0,0.0,0.0,0.00368812117559914,0.008131816193711392,0.008630345669639487,0.007799683253464611,0.3098280837984263,0.0034425753188878786,0.006499373710831991,0.003387814331876375,0.01761504681536346,0.0077860621580127,0.06775689178618301,0.7402090565000546,0.0022002024538655446,0.006438943896974787,0.006497855796112041,0.005361290980745099,0.17577575174132087,0.002045104370453781,0.003707539717647059,0.0021120517145154062,0.009880875272605042,0.006420364918436969,0.038619732240570255,0.4455450994102067
2026-09-18 09:02:10.631000042,4240.153220338985,6918.235932203383,7398.671186440681,6881.778305084755,277222.39932203386,2857.170508474576,5876.514915254236,3054.2796610169485,15290.777288135614,6921.823728813554,70132.28998966714,670240.5559322033,0.007087824321047524,0.006218475437193141,0.006566781112134796,0.0005213593533904467,0.005362999539140171,0.014641425421325863,104544.9526225472,131090.58166862858,82501.1366246951,26924.192903846168,199096.50404898284,387607.89947949833,124719.54040140267,109027.26463013579,56613.000930689755,7100.965747000377,195478.0385326702,344494.6891834535,0.0,0.0,0.0,0.0,0.0,0.0,0.003695496095900205,0.008137231007712435,0.008637018830853448,0.007804618232220938,0.3100699212266625,0.0034446990595504478,0.0065045177064522106,0.0033901228299206376,0.01762525939359367,0.007790216602772446,0.06780391159035111,0.740819996371847,0.0022041457378151265,0.006438943896974787,0.006513826578476188,0.005361290980745099,0.17591186202402484,0.002047699532773109,0.003707539717647059,0.002114753885714285,0.009888896110924372,0.00642798636210644,0.038660047110188826,0.44637745649082167
2026-09-18 09:02:25.631000042,4240.153220338985,6883.648474576266,7398.671186440681,6879.307118644073,277115.14067796606,2857.170508474576,5876.164067796613,3054.2796610169485,15290.777288135614,6921.823728813554,70312.6338537827,670238.4844067795,0.007276326502896873,0.006218475437193141,0.006784845377382966,0.0005243203790371775,0.005394581187657837,0.014711341646229581,109708.22288955786,131090.58166862858,85240.76650316907,25932.172414693367,193485.56497693254,392855.5805875727,130881.12813843333,109027.26463013579,58492.958894970296,6871.851336426141,190073.7245164294,349330.10808863613,0.0,0.0,0.0,0.0,0.0,0.0,0.003698591894837565,0.008144042066157625,0.00864424822375054,0.007811151985296999,0.31032868897554766,0.0034475837088793074,0.006509950515259346,0.0033929607921689593,0.017639980458532347,0.007796741069774684,0.06788005758875189,0.7414384169571314,0.0022041457378151265,0.006447759561008401,0.006513826578476188,0.005372119732380953,0.17607034003870897,0.002047699532773109,0.0037108213460112054,0.002114753885714285,0.009888896110924372,0.00642798636210644,0.03868425165882723,0.4471709339666142
2026-09-18 09:02:40.631000042,4273.834576271186,6883.648474576266,7387.54779661018,6879.307118644073,277076.6328813559,2856.21559322034,5876.164067796613,3057.5013559322033,15286.881355932213,6911.472203389822,70545.59008123349,670580.420338983,0.007285663955403051,0.006218475437193141,0.006783345755100926,0.0005243203790371775,0.005394581187657837,0.014853324929100447,104144.75525566022,131090.58166862858,104046.91297257262,25932.172414693367,193485.56497693254,399002.3381323446,124134.8327585639,109027.26463013579,78361.67183610015,6871.851336426141,190073.7245164294,354733.4998670555,0.0,0.0,0.0,0.0,0.0,0.0,0.003701687693774926,0.008150853124602815,0.008651477616647633,0.007817685738373062,0.3105874567244329,0.0034504683582081658,0.006515383324066481,0.0033957987544172823,0.017654701523471036,0.00780326553677692,0.06795620358715267,0.7420568375424157,0.0022073000130084035,0.006447759561008401,0.006529557476722693,0.005372119732380953,0.17620064505512603,0.002050675961887955,0.0037108213460112054,0.002117071219719888,0.009903170813249304,0.0064372261662464965,0.038732079053445355,0.44807586442454217
2026-09-18 09:02:55.631000042,4273.834576271186,6853.652542372874,7387.54779661018,6869.998983050853,276969.81966101687,2856.21559322034,5867.734576271182,3057.5013559322033,15286.881355932213,6911.472203389822,70701.44700868407,670011.2847457627,0.007285663955403051,0.0063294765479038955,0.006783345755100926,0.0005243203790371775,0.005561491590788638,0.014881407043267503,104144.75525566022,126276.52439472353,104046.91297257262,25932.172414693367,205313.2586180568,399179.1008458334,124134.8327585639,104971.57085359773,78361.67183610015,6871.851336426141,201692.85374230114,355485.25086285564,0.0,0.0,0.0,0.0,0.0,0.0,0.0037047834927122856,0.008157664183048006,0.008658707009544724,0.007824219491449125,0.310846224473318,0.0034533530075370254,0.006520816132873617,0.003398636716665604,0.01766942258840972,0.007809790003779156,0.06803234958555343,0.7426752581276999,0.0022073000130084035,0.006454753355070026,0.006529557476722693,0.005379963828084033,0.17635352940613752,0.002050675961887955,0.0037112357642352938,0.002117071219719888,0.009903170813249304,0.0064372261662464965,0.03874287635543042,0.4486588863765452
2026-09-18 09:03:10.631000042,4303.7328813559325,6853.652542372874,7397.612542372876,6869.998983050853,276962.94305084745,2859.9711864406786,5867.734576271182,3060.173898305085,15262.682033898298,6903.399661016943,70975.3593968142,670072.4877966102,0.007285663955403051,0.0063294765479038955,0.006783345755100926,0.0005262304546975366,0.005561491590788638,0.015249085918970196,104144.75525566022,126276.52439472353,104046.91297257262,27056.756508685652,205313.2586180568,405475.1318428712,124134.8327585639,104971.57085359773,78361.67183610015,7169.858560257713,201692.85374230114,361644.4423826501,0.0,0.0,0.0,0.0,0.0,0.0,0.003711681014081661,0.008162210890938312,0.008667396129412133,0.007829605782025548,0.3110914629672468,0.0034551151641218137,0.006524746841049037,0.003401027614829209,0.017679950991044985,0.007815488327993498,0.06807550606300608,0.7433328395681018,0.0022116312828235293,0.006454753355070026,0.006547719904627449,0.005379963828084033,0.1764915070819134,0.002054485111764706,0.0037112357642352938,0.0021185198214117656,0.009913824694666661,0.006451610929411763,0.03880290668152117,0.4493997171220317
2026-09-18 09:03:25.631000042,4303.7328813559325,6837.647796610168,7397.612542372876,6861.831864406778,276909.1169491525,2859.9711864406786,5866.929152542371,3060.173898305085,15262.682033898298,6903.399661016943,71185.18627326668,670414.167457627,0.007285663955403051,0.006482825187518984,0.006783345755100926,0.0005262304546975366,0.005581596465009119,0.015286229575466803,104144.75525566022,131874.12149410113,104046.91297257262,27056.756508685652,225090.6202467076,401241.6214339894,124134.8327585639,109757.54832594917,78361.67183610015,7169.858560257713,221094.088687879,357788.7388054186,0.0,0.0,0.0,0.0,0.0,0.0,0.003714779989834169,0.008169020060392048,0.008674626740058733,0.007836138576061224,0.3113502194522468,0.0034579988753815683,0.006530178398826814,0.0034038652034579712,0.017694668562989426,0.007822012104470642,0.06815162345775687,0.7439512927239352,0.0022116312828235293,0.006465833834016805,0.006547719904627449,0.005394134865210083,0.176660889842145,0.002054485111764706,0.0037155000462857136,0.0021185198214117656,0.009913824694666661,0.006451610929411763,0.038864252169791495,0.45005045241598773
