timestamp,aggregator_energy,api-gateway_energy,authority_energy,clientone_energy,clientthree_energy,clienttwo_energy,kernel_processes_energy,orchestrator_energy,policy-enforcer_energy,rabbitmq_energy,server_energy,sidecar_energy,system_processes_energy,aggregator_cpu_usage,api-gateway_cpu_usage,authority_cpu_usage,clientone_cpu_usage,clientthree_cpu_usage,clienttwo_cpu_usage,orchestrator_cpu_usage,policy-enforcer_cpu_usage,rabbitmq_cpu_usage,server_cpu_usage,sidecar_cpu_usage,aggregator_memory_usage,api-gateway_memory_usage,authority_memory_usage,clientone_memory_usage,clientthree_memory_usage,clienttwo_memory_usage,orchestrator_memory_usage,policy-enforcer_memory_usage,rabbitmq_memory_usage,server_memory_usage,sidecar_memory_usage,aggregator_memory_rss_usage,api-gateway_memory_rss_usage,authority_memory_rss_usage,clientone_memory_rss_usage,clientthree_memory_rss_usage,clienttwo_memory_rss_usage,orchestrator_memory_rss_usage,policy-enforcer_memory_rss_usage,rabbitmq_memory_rss_usage,server_memory_rss_usage,sidecar_memory_rss_usage,aggregator_memory_cache_usage,api-gateway_memory_cache_usage,authority_memory_cache_usage,clientone_memory_cache_usage,clientthree_memory_cache_usage,clienttwo_memory_cache_usage,orchestrator_memory_cache_usage,policy-enforcer_memory_cache_usage,rabbitmq_memory_cache_usage,server_memory_cache_usage,sidecar_memory_cache_usage,aggregator_carbon_coal,api-gateway_carbon_coal,authority_carbon_coal,clientone_carbon_coal,clientthree_carbon_coal,clienttwo_carbon_coal,kernel_processes_carbon_coal,orchestrator_carbon_coal,policy-enforcer_carbon_coal,rabbitmq_carbon_coal,server_carbon_coal,sidecar_carbon_coal,system_processes_carbon_coal,aggregator_carbon_emission,api-gateway_carbon_emission,authority_carbon_emission,clientone_carbon_emission,clientthree_carbon_emission,clienttwo_carbon_emission,kernel_processes_carbon_emission,orchestrator_carbon_emission,policy-enforcer_carbon_emission,rabbitmq_carbon_emission,server_carbon_emission,sidecar_carbon_emission,system_processes_carbon_emission
2026-07-02 05:51:27.058000088,0.0,0.0,0.0,0.0,0.0,0.0,372.83091621943976,0.0,0.0,0.0,0.0,4954.3746862803355,589990.3922508678,0.015184602958596844,0.030840108984903268,0.008960498160796849,0.007697877939988939,0.006865089107349957,0.006846517764695184,0.0031689355714124615,0.0031161017086439213,0.02816630110127369,0.006850600813333332,0.06673750817974142,323491.7722875501,209978.24407793945,192462.51968808408,201412.16845416705,213619.06450021188,254180.3579174188,85360.4180789632,73972.70460491031,780161.4591081729,79146.05226666665,1573324.8314727992,254443.20942603023,168734.83248521676,184764.31356873753,172630.01833922343,180230.82856051598,197975.6257957996,50476.15738654496,45616.02294245778,561155.1544296565,51728.65706666666,1269644.4364773952,0.0,42.04399941491504,0.0,0.0,0.0,0.0,0.0,0.0,0.0,0.0,0.0,0.0,0.0,0.0,0.0,0.0,0.0,2.6653297037731475e-05,0.0,0.0,0.0,0.0,0.0006613543672226047,0.14376673340033336,0.0,0.0,0.0,0.0,0.0,0.0,2.8324550350320646e-05,0.0,0.0,0.0,0.0,0.0004952251220173996,0.08614586344372296
2026-07-02 05:51:42.058000088,0.0,0.0,0.0,0.0,0.0,0.0,372.52560292602493,0.0,0.0,0.0,0.0,4964.939175726227,589990.3922508678,0.015184602958596844,0.030840108984903268,0.008940834751688475,0.007659743922972622,0.006645487732930982,0.006846517764695184,0.0031689355714124615,0.0031161017086439213,0.02816630110127369,0.007267533687390447,0.06658139159887133,323491.7722875501,209978.24407793945,187573.2922823412,209778.30082809136,209535.5706149379,254180.3579174188,85360.4180789632,73972.70460491031,780161.4591081729,91134.07096687984,1556992.8778854562,254443.20942603023,168734.83248521676,179992.56398859533,179371.7063591803,176102.28797026636,197975.6257957996,50476.15738654496,45616.02294245778,561155.1544296565,52147.39046630911,1257148.1463597713,0.0,42.04399941491504,0.0,0.0,0.0,0.0,0.0,0.0,0.0,0.0,0.0,0.0,0.0,0.0,0.0,0.0,0.0,2.6688899468287032e-05,0.0,0.0,0.0,0.0,0.0006645961714194645,0.14414526228331204,0.0,0.0,0.0,0.0,0.0,0.0,2.836263110201976e-05,0.0,0.0,0.0,0.0,0.0004975935696075671,0.08614586344372296
2026-07-02 05:51:57.058000088,0.0,0.0,0.0,0.0,0.0,0.0,365.29034096456564,0.0,0.0,0.0,0.0,4982.674936903867,590959.1984614754,0.015184602958596844,0.030106545238329282,0.008940834751688475,0.007659743922972622,0.006833526937686359,0.006846517764695184,0.003188274666335615,0.0031161017086439213,0.02820249928862543,0.007267533687390447,0.06666299794024447,323491.7722875501,214725.4643518674,187573.2922823412,209778.30082809136,215464.54131653896,254180.3579174188,82671.02196093448,73972.70460491031,807203.651033725,91134.07096687984,1551393.6178534485,254443.20942603023,172499.20785609074,179992.56398859533,179371.7063591803,181085.23813379428,197975.6257957996,48946.56782808314,45616.02294245778,579951.4338980203,52147.39046630911,1252964.958699838,0.0,43.04409428723412,0.0,0.0,0.0,0.0,0.0,0.0,0.0,0.0,0.0,0.0,0.0,0.0,0.0,0.0,0.0,2.6724501898842586e-05,0.0,0.0,0.0,0.0,0.0006678379756163244,0.14452379116629077,0.0,0.0,0.0,0.0,0.0,0.0,2.840071185371887e-05,0.0,0.0,0.0,0.0,0.0005020393541871764,0.08683096609803866
2026-07-02 05:52:12.058000088,0.0,0.0,0.0,0.0,0.0,0.0,362.1575575657439,0.0,0.0,0.0,0.0,4993.426579731197,590959.1984614754,0.015184602958596844,0.030353503667430747,0.008940834751688475,0.007652346232200495,0.006833526937686359,0.006798702198691646,0.003188274666335615,0.0031161017086439213,0.02820249928862543,0.007267533687390447,0.06640912848622431,323491.7722875501,215857.91850963666,187573.2922823412,216185.0948422226,215464.54131653896,244438.37495545796,82671.02196093448,73972.70460491031,807203.651033725,91134.07096687984,1548784.3560693518,254443.20942603023,174017.5779860452,179992.56398859533,185293.61711015133,181085.23813379428,190613.2578062158,48946.56782808314,45616.02294245778,579951.4338980203,52147.39046630911,1251394.0168735178,0.0,42.64526999474222,0.0,0.0,0.0,0.0,0.0,0.0,0.0,0.0,0.0,0.0,0.0,0.0,0.0,0.0,0.0,2.6760104329398142e-05,0.0,0.0,0.0,0.0,0.0006734021181146587,0.1451373986963641,0.0,0.0,0.0,0.0,0.0,0.0,2.835163247200576e-05,0.0,0.0,0.0,0.0,0.0005044184467604459,0.08683096609803866
2026-07-02 05:52:27.058000088,0.0,0.0,0.0,0.0,0.0,0.0,356.47337931971674,0.0,0.0,0.0,0.0,5002.123042869887,592156.8964804169,0.01517628496287032,0.030353503667430747,0.008940834751688475,0.007652346232200495,0.006833526937686359,0.006644532993280025,0.0031281099825567586,0.003043110396902036,0.028177582480406513,0.007267533687390447,0.06602879578159973,334471.1105856876,215857.91850963666,187573.2922823412,216185.0948422226,215464.54131653896,249191.53551172614,84559.17655503163,72239.97401809094,864158.5057319244,91134.07096687984,1545290.6168404385,262256.5908937231,174017.5779860452,179992.56398859533,185293.61711015133,181085.23813379428,194279.4606441197,50051.921549906096,44547.5169492863,619145.3967549673,52147.39046630911,1247872.923583699,0.0,42.64526999474222,0.0,0.0,0.0,0.0,0.0,0.0,0.0,0.0,0.0,0.0,0.0,0.0,0.0,0.0,0.0,2.6676711752136748e-05,0.0,0.0,0.0,0.0,0.0006766561446123545,0.14551654167618866,0.0,0.0,0.0,0.0,0.0,0.0,2.8466398565920663e-05,0.0,0.0,0.0,0.0,0.0005086380573224338,0.0875396944134226
2026-07-02 05:52:42.058000088,0.0,0.0,0.0,0.0,0.0,0.0,356.480311039011,0.0,0.0,0.0,0.0,5013.064980172539,592156.8964804169,0.014919556867491633,0.030353503667430747,0.008940834751688475,0.007652346232200495,0.006833526937686359,0.006827513809968676,0.003206778450525116,0.003105438769049597,0.028177582480406513,0.007267533687390447,0.0654640702263985,345482.84050088294,215857.91850963666,187573.2922823412,216185.0948422226,215464.54131653896,256053.9095455295,86685.74528482195,77771.06778105917,864158.5057319244,91134.07096687984,1542783.5193803052,270111.6480434022,174017.5779860452,179992.56398859533,185293.61711015133,181085.23813379428,199629.6356542287,51310.671404981586,43569.475146554665,619145.3967549673,52147.39046630911,1240290.3865018662,0.0,42.64526999474222,0.0,0.0,0.0,0.0,0.0,0.0,0.0,0.0,0.0,0.0,0.0,0.0,0.0,0.0,0.0,2.6676711752136748e-05,0.0,0.0,0.0,0.0,0.0006799101711100504,0.1458956846560132,0.0,0.0,0.0,0.0,0.0,0.0,2.8611108134345453e-05,0.0,0.0,0.0,0.0,0.0005110259351750622,0.0875396944134226
2026-07-02 05:52:57.058000088,0.0,0.0,0.0,0.0,0.0,0.0,352.46684836822965,0.0,0.0,0.0,0.0,5031.264044687097,593161.7325366114,0.014919556867491633,0.030353503667430747,0.008940834751688475,0.007652346232200495,0.006833526937686359,0.006827513809968676,0.003206778450525116,0.0031028645411034627,0.028177582480406513,0.007267533687390447,0.0655939210296734,345482.84050088294,215857.91850963666,187573.2922823412,216185.0948422226,215464.54131653896,256053.9095455295,86685.74528482195,73475.37974548715,864158.5057319244,91134.07096687984,1534282.3362110865,270111.6480434022,174017.5779860452,179992.56398859533,185293.61711015133,181085.23813379428,199629.6356542287,51310.671404981586,38955.60959046744,619145.3967549673,52147.39046630911,1234940.8853533743,0.0,42.64526999474222,0.0,0.0,0.0,0.0,0.0,0.0,0.0,0.0,0.0,0.0,0.0,0.0,0.0,0.0,0.0,2.6676711752136748e-05,0.0,0.0,0.0,0.0,0.0006831641976077463,0.14627482763583777,0.0,0.0,0.0,0.0,0.0,0.0,2.8492309640775552e-05,0.0,0.0,0.0,0.0,0.0005157958802383499,0.08822946256156315
2026-07-02 05:53:12.058000088,0.0,0.0,0.0,0.0,0.0,0.0,352.48418165106096,0.0,0.0,0.0,0.0,5042.391253604597,593161.7325366114,0.014919556867491628,0.030353503667430747,0.00879763385789268,0.007570234970513304,0.006833526937686359,0.006827513809968676,0.003206778450525116,0.0031028645411034627,0.028177582480406513,0.007088216261604312,0.06514731606874251,345482.8405008828,215857.91850963666,183938.54771961298,222281.80350483832,215464.54131653896,256053.9095455295,86685.74528482195,73475.37974548715,864158.5057319244,88885.45022287889,1524057.9979816999,270111.6480434021,174017.5779860452,175501.06444929028,189676.34787920688,181085.23813379428,199629.6356542287,51310.671404981586,38955.60959046744,619145.3967549673,50860.71795509566,1226732.1229612324,0.0,42.64526999474222,0.0,0.0,0.0,0.0,0.0,0.0,0.0,0.0,0.0,0.0,0.0,0.0,0.0,0.0,0.0,2.7358382119353688e-05,0.0,0.0,0.0,0.0,0.0006880011279885201,0.14702922719228448,0.0,0.0,0.0,0.0,0.0,0.0,2.8635695077064244e-05,0.0,0.0,0.0,0.0,0.0005181953855473472,0.08822946256156315
2026-07-02 05:53:27.058000088,0.0,0.0,0.0,0.0,0.0,0.0,356.9857030950864,0.0,0.0,0.0,0.0,5004.634408991142,593263.6342918879,0.014919556867491628,0.030353503667430747,0.00879763385789268,0.00758730213118261,0.006744442623843907,0.006827513809968676,0.003206778450525116,0.0031028645411034627,0.028253442467761156,0.007164216532710731,0.06501675563005464,345482.8405008828,215857.91850963666,183938.54771961298,228173.18706854116,220650.8936541129,256053.9095455295,86685.74528482195,73475.37974548715,896187.033901047,102011.8745819536,1516803.9777616423,270111.6480434021,174017.5779860452,175501.06444929028,195093.5873196982,184731.6992628663,199629.6356542287,51310.671404981586,38955.60959046744,641623.967086827,51894.25094126988,1219285.9415602433,0.0,42.64526999474222,0.0,0.0,0.0,0.0,0.0,0.0,0.0,0.0,0.0,0.0,0.0,0.0,0.0,0.0,0.0,2.7494982561530556e-05,0.0,0.0,0.0,0.0,0.0006912630949388746,0.14740934031902056,0.0,0.0,0.0,0.0,0.0,0.0,2.8779080513352936e-05,0.0,0.0,0.0,0.0,0.0005188501567711282,0.08855968813384742
2026-07-02 05:53:42.058000088,0.0,0.0,0.0,0.0,0.0,0.0,351.9100872717885,0.0,0.0,0.0,0.0,4985.554119088865,593263.6342918879,0.014919556867491628,0.030353503667430747,0.00879763385789268,0.00758730213118261,0.006736063440278803,0.0067627358183063495,0.0031219516317740627,0.0031028645411034627,0.028253442467761156,0.007164216532710731,0.06491469013768764,345482.8405008828,215857.91850963666,183938.54771961298,228173.18706854116,213350.2074032388,257832.5145006616,84392.70380502424,73475.37974548715,896187.033901047,102011.8745819536,1519851.6291893232,270111.6480434021,174017.5779860452,175501.06444929028,195093.5873196982,179595.87121246502,201388.90050653892,49953.38368136211,38955.60959046744,641623.967086827,51894.25094126988,1221708.874628275,0.0,42.64526999474222,0.0,0.0,0.0,0.0,0.0,0.0,0.0,0.0,0.0,0.0,0.0,0.0,0.0,0.0,0.0,2.7631583003707424e-05,0.0,0.0,0.0,0.0,0.0006945250618892293,0.1477894534457567,0.0,0.0,0.0,0.0,0.0,0.0,2.8595806326606822e-05,0.0,0.0,0.0,0.0,0.0005188501567711282,0.08855968813384742
2026-07-02 05:53:57.058000088,0.0,0.0,0.0,0.0,0.0,0.0,355.4569935425884,0.0,0.0,0.0,0.0,4968.328532377618,591854.9968238171,0.014919556867491628,0.0284431034648949,0.00879763385789268,0.00758730213118261,0.006736063440278803,0.0067627358183063495,0.003200330848945751,0.0031028645411034627,0.028253442467761156,0.007164216532710731,0.06450819213814622,345482.8405008828,220538.8269982213,183938.54771961298,228173.18706854116,213350.2074032388,257832.5145006616,82852.76252547748,73475.37974548715,896187.033901047,102011.8745819536,1514151.4339771452,270111.6480434021,176537.83218193048,175501.06444929028,195093.5873196982,179595.87121246502,201388.90050653892,49073.95675108864,38955.60959046744,641623.967086827,51894.25094126988,1213074.5265791477,0.0,41.870817001347284,0.0,0.0,0.0,0.0,0.0,0.0,0.0,0.0,0.0,0.0,0.0,0.0,0.0,0.0,0.0,2.7768183445884303e-05,0.0,0.0,0.0,0.0,0.0006977870288395839,0.14816956657249283,0.0,0.0,0.0,0.0,0.0,0.0,2.9097307219680085e-05,0.0,0.0,0.0,0.0,0.0005207509494161929,0.08873090772807211
2026-07-02 05:54:12.058000088,0.0,0.0,0.0,0.0,0.0,0.0,356.31820338171525,0.0,0.0,0.0,0.0,4949.237076545491,591856.9023319526,0.014486244310642183,0.029201638660367926,0.00879763385789268,0.00758730213118261,0.006736063440278803,0.0067627358183063495,0.0031963983124121405,0.0030335372734693633,0.028253442467761156,0.007164216532710731,0.0642427492702659,342428.9497002416,226420.26896017024,183938.54771961298,228173.18706854116,213350.2074032388,257832.5145006616,86040.48232056026,71833.72016007676,896187.033901047,102011.8745819536,1513082.6244196773,266219.7282939923,181245.8331638831,175501.06444929028,195093.5873196982,179595.87121246502,201388.90050653892,50956.86686889585,38085.22484238965,641623.967086827,51894.25094126988,1212700.5878449923,0.0,42.987449312513036,0.0,0.0,0.0,0.0,0.0,0.0,0.0,0.0,0.0,0.0,0.0,0.0,0.0,0.0,0.0,2.78581930275607e-05,0.0,0.0,0.0,0.0,0.0006922698722526315,0.14853630322122588,0.0,0.0,0.0,0.0,0.0,0.0,2.9291653313771254e-05,0.0,0.0,0.0,0.0,0.0005207509494161929,0.08873110123259681
2026-07-02 05:54:27.058000088,0.0,0.0,0.0,0.0,0.0,0.0,358.327292390231,0.0,0.0,0.0,0.0,4935.414995850183,591001.139988796,0.014486244310642183,0.029201638660367926,0.008644682239655923,0.007472106466528154,0.006736063440278803,0.006787515979469124,0.0031963983124121405,0.0030974152417844896,0.027923845367664506,0.007164216532710731,0.06391871658872793,342428.9497002416,226420.26896017024,187445.66176345653,220837.64094332975,213350.2074032388,248489.1918290333,86040.48232056026,73614.93255010233,934183.7643828223,102011.8745819536,1507737.188726696,266219.7282939923,181245.8331638831,179629.47746677013,188819.07028007915,179595.87121246502,193405.44275185312,50956.86686889585,39048.88362548977,666961.1190724968,51894.25094126988,1207914.4982720735,0.0,42.987449312513036,0.0,0.0,0.0,0.0,0.0,0.0,0.0,0.0,0.0,0.0,0.0,0.0,0.0,0.0,0.0,2.7768127730380044e-05,0.0,0.0,0.0,0.0,0.0006924316617263157,0.1489163821198513,0.0,0.0,0.0,0.0,0.0,0.0,2.9577692416307892e-05,0.0,0.0,0.0,0.0,0.0005227464021910096,0.08894772618610162
2026-07-02 05:54:42.058000088,0.0,0.0,0.0,0.0,0.0,0.0,361.45885357750336,0.0,0.0,0.0,0.0,4916.291253824868,591002.8143236629,0.014486244310642183,0.029201638660367926,0.008644682239655923,0.007472106466528154,0.0066531286630027026,0.006787515979469124,0.0031963983124121405,0.0030974152417844896,0.027923845367664506,0.007164216532710731,0.06351399072236573,342428.9497002416,226420.26896017024,187445.66176345653,220837.64094332975,218795.971457149,248489.1918290333,86040.48232056026,73614.93255010233,934183.7643828223,102011.8745819536,1500984.1286124024,266219.7282939923,181245.8331638831,179629.47746677013,188819.07028007915,182312.2259104167,193405.44275185312,50956.86686889585,39048.88362548977,666961.1190724968,51894.25094126988,1201464.8265186101,0.0,42.987449312513036,0.0,0.0,0.0,0.0,0.0,0.0,0.0,0.0,0.0,0.0,0.0,0.0,0.0,0.0,0.0,2.7838170181360432e-05,0.0,0.0,0.0,0.0,0.0006925934511999999,0.14929646101847674,0.0,0.0,0.0,0.0,0.0,0.0,2.982458556445703e-05,0.0,0.0,0.0,0.0,0.0005227464021910096,0.08894789654475871
2026-07-02 05:54:57.058000088,0.0,0.0,0.0,0.0,0.0,0.0,360.69791005548956,0.0,0.0,0.0,0.0,4901.884339958685,589557.9738166669,0.014486244310642183,0.029201638660367926,0.008644682239655923,0.007465534956879341,0.006662098400325568,0.006787515979469124,0.0031963983124121405,0.0030974152417844896,0.02726071529637722,0.006874346183127243,0.06328064934763601,342428.9497002416,226420.26896017024,187445.66176345653,211641.56109171448,225651.89679061947,248489.1918290333,86040.48232056026,73614.93255010233,957348.835379131,110975.21554583986,1499894.7031054907,266219.7282939923,181245.8331638831,179629.47746677013,181021.36674776603,187540.8417028908,193405.44275185312,50956.86686889585,39048.88362548977,683296.3385980396,59062.77264565131,1200920.1197150631,0.0,42.987449312513036,0.0,0.0,0.0,0.0,0.0,0.0,0.0,0.0,0.0,0.0,0.0,0.0,0.0,0.0,0.0,2.790821263234083e-05,0.0,0.0,0.0,0.0,0.0006927552406736842,0.14967653991710217,0.0,0.0,0.0,0.0,0.0,0.0,2.9915936672911455e-05,0.0,0.0,0.0,0.0,0.0005247434233653258,0.0891095300438392
2026-07-02 05:55:12.058000088,0.0,0.0,0.0,0.0,0.0,0.0,357.11359623816753,0.0,0.0,0.0,0.0,4882.733171864629,589559.3195708649,0.014486244310642183,0.028394492430716643,0.008644682239655923,0.007465534956879341,0.006662098400325568,0.006663591140360231,0.0031963983124121405,0.0030974152417844896,0.02797636594171294,0.00703484262269018,0.06324227081587885,342428.9497002416,230205.18455215072,187445.66176345653,211641.56109171448,225651.89679061947,250104.13283812496,86040.48232056026,73614.93255010233,982481.239441233,113566.17132554053,1512860.8264651762,266219.7282939923,183491.14882187766,179629.47746677013,181021.36674776603,187540.8417028908,185921.4007660756,50956.86686889585,39048.88362548977,701234.2929164359,60441.72047106181,1209846.2703983183,0.0,41.671753550645015,0.0,0.0,0.0,0.0,0.0,0.0,0.0,0.0,0.0,0.0,0.0,0.0,0.0,0.0,0.0,2.8052530627765663e-05,0.0,0.0,0.0,0.0,0.0006929646071060185,0.14992349680625194,0.0,0.0,0.0,0.0,0.0,0.0,2.9821181104763105e-05,0.0,0.0,0.0,0.0,0.0005247434233653258,0.08910966723117979
2026-07-02 05:55:27.058000088,0.0,0.0,0.0,0.0,0.0,0.0,347.4248588803985,0.0,0.0,0.0,0.0,4865.460813944578,588150.9179824839,0.014486244310642183,0.028394492430716643,0.008644682239655923,0.007465534956879341,0.006662098400325568,0.006663591140360231,0.0031152298496028236,0.0030974152417844896,0.027701143047261848,0.00703484262269018,0.06289905958191912,342428.9497002416,230205.18455215072,187445.66176345653,211641.56109171448,225651.89679061947,250104.13283812496,83855.59389091337,73614.93255010233,954755.2045075485,113566.17132554053,1496470.3093249172,266219.7282939923,183491.14882187766,179629.47746677013,181021.36674776603,187540.8417028908,185921.4007660756,49662.88215576852,39048.88362548977,681699.7467960627,60441.72047106181,1204501.5893172596,0.0,41.671753550645015,0.0,0.0,0.0,0.0,0.0,0.0,0.0,0.0,0.0,0.0,0.0,0.0,0.0,0.0,0.0,2.7899545869647696e-05,0.0,0.0,0.0,0.0,0.0006931265203004629,0.1503032508861839,0.0,0.0,0.0,0.0,0.0,0.0,2.970530021804735e-05,0.0,0.0,0.0,0.0,0.000526738591927218,0.08926445375002283
2026-07-02 05:55:42.058000088,0.0,0.0,0.0,0.0,0.0,0.0,346.27675778830707,0.0,0.0,0.0,0.0,4846.298338037125,588151.9273093493,0.014047268460573047,0.028394492430716643,0.008644682239655923,0.007465534956879341,0.006662098400325568,0.0066684881229178245,0.003164644229744549,0.003070947288979867,0.027701143047261848,0.00703484262269018,0.06258950983390356,336117.6234062777,230205.18455215072,187445.66176345653,211641.56109171448,225651.89679061947,239953.803442532,91307.31496027803,78186.7284554364,954755.2045075485,113566.17132554053,1484722.4292847444,260113.27395470723,183491.14882187766,179629.47746677013,181021.36674776603,187540.8417028908,178638.53414769575,56033.68890019492,37673.54176105566,681699.7467960627,60441.72047106181,1201564.8803521115,0.0,41.671753550645015,0.0,0.0,0.0,0.0,0.0,0.0,0.0,0.0,0.0,0.0,0.0,0.0,0.0,0.0,0.0,2.7910462536314363e-05,0.0,0.0,0.0,0.0,0.0006932884334949073,0.15068300496611586,0.0,0.0,0.0,0.0,0.0,0.0,2.9768657722881655e-05,0.0,0.0,0.0,0.0,0.000526738591927218,0.08926455683414566
2026-07-02 05:55:57.058000088,0.0,0.0,0.0,0.0,0.0,0.0,344.8875290515676,0.0,0.0,0.0,0.0,4823.669592581006,586837.3406412954,0.014047268460573047,0.028305466277120387,0.008460537569518548,0.007359209033608467,0.006662098400325568,0.0066684881229178245,0.003164644229744549,0.003070947288979867,0.027701143047261848,0.00703484262269018,0.06237264635927006,336117.6234062777,227823.91440654226,193300.93788885346,207857.2642984524,225651.89679061947,239953.803442532,91307.31496027803,78186.7284554364,954755.2045075485,113566.17132554053,1481488.3117709467,260113.27395470723,181827.08591807965,183293.15273523968,177680.82060102554,187540.8417028908,178638.53414769575,56033.68890019492,37673.54176105566,681699.7467960627,60441.72047106181,1199211.0334800235,0.0,43.71456396163236,0.0,0.0,0.0,0.0,0.0,0.0,0.0,0.0,0.0,0.0,0.0,0.0,0.0,0.0,0.0,2.792137920298103e-05,0.0,0.0,0.0,0.0,0.0006934503466893518,0.15106275904604782,0.0,0.0,0.0,0.0,0.0,0.0,2.9693606916698195e-05,0.0,0.0,0.0,0.0,0.0005287444244704203,0.08941971951546078
2026-07-02 05:56:12.058000088,0.0,0.0,0.0,0.0,0.0,0.0,343.55222612965105,0.0,0.0,0.0,0.0,4804.537445629778,586838.1565044681,0.014047268460573043,0.028305466277120387,0.008430598077739116,0.007359209033608467,0.00655000080073229,0.0066684881229178245,0.003164644229744549,0.003079678253042805,0.027701143047261848,0.0069356917608926925,0.06214765063362615,336117.62340627756,227823.91440654226,183635.63822509884,207857.2642984524,217100.28371209375,239953.803442532,91307.31496027803,74046.95491366803,954755.2045075485,120380.74541130578,1478961.8148773839,260113.27395470717,181827.08591807965,176291.84939321826,177680.82060102554,180430.39950641175,178638.53414769575,56033.68890019492,39269.28455253171,681699.7467960627,65999.92069912997,1198770.0166955409,0.0,43.71456396163236,0.0,0.0,0.0,0.0,0.0,0.0,0.0,0.0,0.0,0.0,0.0,0.0,0.0,0.0,0.0,2.788818008075881e-05,0.0,0.0,0.0,0.0,0.0006936613446971362,0.15124680586851352,0.0,0.0,0.0,0.0,0.0,0.0,2.9744915645110547e-05,0.0,0.0,0.0,0.0,0.0005287444244704203,0.08941980299394749
2026-07-02 05:56:27.058000088,0.0,0.0,0.0,0.0,0.0,0.0,346.4280805758142,0.0,0.0,0.0,0.0,4786.175139227303,585319.0605347344,0.014047268460573043,0.028305466277120387,0.008430598077739116,0.007359209033608467,0.00655000080073229,0.0066684881229178245,0.003164644229744549,0.003079678253042805,0.027701143047261848,0.0069356917608926925,0.061968840034157674,336117.62340627756,227823.91440654226,183635.63822509884,207857.2642984524,217100.28371209375,239953.803442532,91307.31496027803,74046.95491366803,954755.2045075485,120380.74541130578,1480140.3170677836,260113.27395470717,181827.08591807965,176291.84939321826,177680.82060102554,180430.39950641175,178638.53414769575,56033.68890019492,39269.28455253171,681699.7467960627,65999.92069912997,1192850.5208259765,0.0,43.71456396163236,0.0,0.0,0.0,0.0,0.0,0.0,0.0,0.0,0.0,0.0,0.0,0.0,0.0,0.0,0.0,2.789501341409214e-05,0.0,0.0,0.0,0.0,0.0006938233842160367,0.1516260642266785,0.0,0.0,0.0,0.0,0.0,0.0,3.000156846131848e-05,0.0,0.0,0.0,0.0,0.0005307484160209069,0.08956461123893336
2026-07-02 05:56:42.058000088,0.0,0.0,0.0,0.0,0.0,0.0,345.32896676903977,0.0,0.0,0.0,0.0,4767.039957536461,585320.0904850025,0.01399946762919262,0.027343921904509034,0.008430598077739116,0.007359209033608467,0.0063595754706686925,0.0066684881229178245,0.003164644229744549,0.003079678253042805,0.027701143047261848,0.006756268740031031,0.061456152341921956,340679.9778405814,219458.20332406886,183635.63822509884,207857.2642984524,220893.96636216872,239953.803442532,91307.31496027803,74046.95491366803,954755.2045075485,123056.55723369519,1462225.4962354943,262621.01638979843,175163.46864574813,176291.84939321826,177680.82060102554,183328.13459654857,178638.53414769575,56033.68890019492,39269.28455253171,681699.7467960627,67457.6723678669,1177795.3615135457,0.0,42.09859148897901,0.0,0.0,0.0,0.0,0.0,0.0,0.0,0.0,0.0,0.0,0.0,0.0,0.0,0.0,0.0,2.7901846747425474e-05,0.0,0.0,0.0,0.0,0.0006939854237349369,0.1520053225848435,0.0,0.0,0.0,0.0,0.0,0.0,3.0068102120641124e-05,0.0,0.0,0.0,0.0,0.0005307484160209069,0.08956471681289076
2026-07-02 05:56:57.058000088,0.0,0.0,0.0,0.0,0.0,0.0,339.6701258941865,0.0,0.0,0.0,0.0,4747.688304846779,583744.7087420953,0.01399946762919262,0.027343921904509034,0.008430598077739116,0.007359209033608467,0.006519087526126657,0.00650917116026905,0.0031517924972010764,0.0030616587911069053,0.02761177287954926,0.006928223414675131,0.06123456490926177,340679.9778405814,219458.20332406886,183635.63822509884,207857.2642984524,226434.4699343336,247008.47266795358,91331.98111259457,72071.74837426706,1000023.726134279,126188.4856806157,1463158.9289435784,262621.01638979843,175163.46864574813,176291.84939321826,177680.82060102554,187926.40498545158,183544.562726793,50220.84710522016,38163.43736745295,714309.5564402099,69174.54636305547,1172787.5638786075,0.0,42.09859148897901,0.0,0.0,0.0,0.0,0.0,0.0,0.0,0.0,0.0,0.0,0.0,0.0,0.0,0.0,0.0,2.7908680080758806e-05,0.0,0.0,0.0,0.0,0.0006941474632538373,0.15238458094300847,0.0,0.0,0.0,0.0,0.0,0.0,2.998972850770819e-05,0.0,0.0,0.0,0.0,0.0005327470750849207,0.08970809207515407
2026-07-02 05:57:12.058000088,0.0,0.0,0.0,0.0,0.0,0.0,338.41956647920284,0.0,0.0,0.0,0.0,4728.553371730827,583745.5915573116,0.013626274526060737,0.027343921904509034,0.008430598077739116,0.00713259833037892,0.006519087526126657,0.00650917116026905,0.0031517924972010764,0.0030616587911069053,0.026893264527895703,0.006928223414675131,0.0610384272418105,328031.2417513248,219458.20332406886,183635.63822509884,212093.08224705927,226434.4699343336,247008.47266795358,91331.98111259457,72071.74837426706,974001.2971430799,126188.4856806157,1464979.1928203178,252877.7740928995,175163.46864574813,176291.84939321826,181661.7457308501,187926.40498545158,183544.562726793,50220.84710522016,38163.43736745295,695721.9277425839,69174.54636305547,1174648.1175469875,0.0,42.09859148897901,0.0,0.0,0.0,0.0,0.0,0.0,0.0,0.0,0.0,0.0,0.0,0.0,0.0,0.0,0.0,2.8457910640018066e-05,0.0,0.0,0.0,0.0,0.0006943537386212017,0.15255067470743272,0.0,0.0,0.0,0.0,0.0,0.0,3.0046905670868613e-05,0.0,0.0,0.0,0.0,0.0005327470750849207,0.08970818272770892
2026-07-02 05:57:27.058000088,0.0,0.0,0.0,0.0,0.0,0.0,342.3368778542681,0.0,0.0,0.0,0.0,4706.348015706226,582137.2057364831,0.013626274526060737,0.027343921904509034,0.008226468716512418,0.00719766888114073,0.006519087526126657,0.00650917116026905,0.0031517924972010764,0.0030616587911069053,0.02704768055534635,0.006849084454714523,0.0605672417862038,328031.2417513248,219458.20332406886,182795.89753972655,209843.0600206517,226434.4699343336,247008.47266795358,91331.98111259457,72071.74837426706,1030751.9098638102,122570.543288249,1468049.8233500724,252877.7740928995,175163.46864574813,175422.53722813545,179739.16603923475,187926.40498545158,183544.562726793,50220.84710522016,38163.43736745295,734662.0869815953,67190.28274697946,1169577.0571146864,0.0,42.09859148897901,0.0,0.0,0.0,0.0,0.0,0.0,0.0,0.0,0.0,0.0,0.0,0.0,0.0,0.0,0.0,2.8501382862240287e-05,0.0,0.0,0.0,0.0,0.0006945158908320862,0.15292943892854385,0.0,0.0,0.0,0.0,0.0,0.0,3.020133471807326e-05,0.0,0.0,0.0,0.0,0.000534754119512177,0.08983571192681379
2026-07-02 05:57:42.058000088,0.0,0.0,0.0,0.0,0.0,0.0,345.43843873263876,0.0,0.0,0.0,0.0,4687.242352393873,582138.177930922,0.013626274526060737,0.02574265302921148,0.008226468716512418,0.00719766888114073,0.006519087526126657,0.00650917116026905,0.0031517924972010764,0.003048011461137199,0.02704768055534635,0.006849084454714523,0.06036445484014748,328031.2417513248,226701.3332360148,182795.89753972655,209843.0600206517,226434.4699343336,247008.47266795358,91331.98111259457,74097.69492984502,1030751.9098638102,122570.543288249,1461953.4140244455,252877.7740928995,180556.89841735936,175422.53722813545,179739.16603923475,187926.40498545158,183544.562726793,50220.84710522016,39233.788701829406,734662.0869815953,67190.28274697946,1164390.9424612767,0.0,41.93836617744273,0.0,0.0,0.0,0.0,0.0,0.0,0.0,0.0,0.0,0.0,0.0,0.0,0.0,0.0,0.0,2.8544855084462512e-05,0.0,0.0,0.0,0.0,0.0006946780430429705,0.15330820314965496,0.0,0.0,0.0,0.0,0.0,0.0,3.0399491350628758e-05,0.0,0.0,0.0,0.0,0.000534754119512177,0.08983581193137287
2026-07-02 05:57:57.058000088,0.0,0.0,0.0,0.0,0.0,0.0,342.506926038157,0.0,0.0,0.0,0.0,4663.336681652444,580582.1380123452,0.013588487779848439,0.026474565079376223,0.008226468716512418,0.00719766888114073,0.006335897601516507,0.00650917116026905,0.0031517924972010764,0.003048011461137199,0.02704768055534635,0.006849084454714523,0.060198355701118964,314602.17666769546,233146.8785881418,182795.89753972655,209843.0600206517,220071.53749782807,247008.47266795358,91331.98111259457,74097.69492984502,1030751.9098638102,122570.543288249,1466467.2163008836,242821.23082305925,185690.4706852246,175422.53722813545,179739.16603923475,182645.57023310766,183544.562726793,50220.84710522016,39233.788701829406,734662.0869815953,67190.28274697946,1160714.9821037543,0.0,43.13075281819263,0.0,0.0,0.0,0.0,0.0,0.0,0.0,0.0,0.0,0.0,0.0,0.0,0.0,0.0,0.0,2.858832730668473e-05,0.0,0.0,0.0,0.0,0.0006948401952538548,0.15368696737076606,0.0,0.0,0.0,0.0,0.0,0.0,3.021296523374055e-05,0.0,0.0,0.0,0.0,0.0005367422134178333,0.08997556146292744
2026-07-02 05:58:12.058000088,0.0,0.0,0.0,0.0,0.0,0.0,348.0478907711969,0.0,0.0,0.0,0.0,4644.267143724641,580583.0065161627,0.013588487779848439,0.026474565079376223,0.008226468716512418,0.00719766888114073,0.00637515154557292,0.006340481304253898,0.0031355952114057602,0.003048011461137199,0.02704768055534635,0.006849084454714523,0.06002258497131764,314602.17666769546,233146.8785881418,182795.89753972655,209843.0600206517,215544.84740833973,234108.79713878167,91887.50177250145,74097.69492984502,1030751.9098638102,122570.543288249,1462276.615680947,242821.23082305925,185690.4706852246,175422.53722813545,179739.16603923475,178918.67135100067,174198.68276776664,50534.30717200701,39233.788701829406,734662.0869815953,67190.28274697946,1157232.7822669332,0.0,43.13075281819263,0.0,0.0,0.0,0.0,0.0,0.0,0.0,0.0,0.0,0.0,0.0,0.0,0.0,0.0,0.0,2.9446184287021264e-05,0.0,0.0,0.0,0.0,0.0006950374470615038,0.15386419240601215,0.0,0.0,0.0,0.0,0.0,0.0,3.0403411431633863e-05,0.0,0.0,0.0,0.0,0.0005367422134178333,0.08997565095445156
2026-07-02 05:58:27.058000088,0.0,0.0,0.0,0.0,0.0,0.0,343.20482049618545,0.0,0.0,0.0,0.0,4625.197139837817,579087.4301047641,0.013270772462755268,0.026474565079376223,0.008226468716512418,0.00719766888114073,0.00637515154557292,0.006497454221257951,0.0031355952114057602,0.0030191222326391245,0.02704768055534635,0.006837393609970681,0.059794650201731234,304534.2543998172,233146.8785881418,182795.89753972655,209843.0600206517,215544.84740833973,239904.68849462076,91887.50177250145,78341.56334077485,1030751.9098638102,114672.52196957705,1462217.7939950551,235088.27857781242,185690.4706852246,175422.53722813545,179739.16603923475,178918.67135100067,178511.36410222217,50534.30717200701,37688.718551258244,734662.0869815953,59186.57926270529,1157316.8385388367,0.0,43.13075281819263,0.0,0.0,0.0,0.0,0.0,0.0,0.0,0.0,0.0,0.0,0.0,0.0,0.0,0.0,0.0,2.963015590598872e-05,0.0,0.0,0.0,0.0,0.0006951996878022446,0.15424247242622668,0.0,0.0,0.0,0.0,0.0,0.0,3.022503213381986e-05,0.0,0.0,0.0,0.0,0.0005387424748513348,0.09010757863125327
2026-07-02 05:58:42.058000088,0.0,0.0,0.0,0.0,0.0,0.0,344.04201088206605,0.0,0.0,0.0,0.0,4606.130185368916,579088.2155039898,0.013270772462755268,0.026474565079376223,0.007974759701436247,0.00719766888114073,0.00633439199711994,0.006325610255904995,0.0031355952114057602,0.0030191222326391245,0.02708671558355774,0.006837393609970681,0.05956945205096025,304534.2543998172,233146.8785881418,186860.24982998346,209843.0600206517,207654.22995394294,233559.7152829896,91887.50177250145,78341.56334077485,1059393.783788349,114672.52196957705,1454262.356193124,235088.27857781242,185690.4706852246,179328.98367243633,179739.16603923475,173163.69088605655,173790.11488317768,50534.30717200701,37688.718551258244,753275.1972959541,59186.57926270529,1151321.339045759,0.0,43.13075281819263,0.0,0.0,0.0,0.0,0.0,0.0,0.0,0.0,0.0,0.0,0.0,0.0,0.0,0.0,0.0,2.9814127524956167e-05,0.0,0.0,0.0,0.0,0.0006953619285429854,0.15462075244644122,0.0,0.0,0.0,0.0,0.0,0.0,3.0409071437601138e-05,0.0,0.0,0.0,0.0,0.0005387424748513348,0.09010765969591128
2026-07-02 05:58:57.058000088,0.0,0.0,0.0,0.0,0.0,0.0,343.44201101586214,0.0,0.0,0.0,0.0,4589.52748827812,577678.3674964367,0.013187732766669378,0.026474565079376223,0.008000680598728023,0.007020086135107431,0.00633439199711994,0.00636702523430634,0.0031355952114057602,0.0030150803456716543,0.02708671558355774,0.006665505753200218,0.059084052141127705,316630.901035938,233146.8785881418,197247.20469158283,204665.757834365,207654.22995394294,228048.27298639817,91887.50177250145,74352.85637115089,1059393.783788349,111789.72551873779,1443942.772249298,244293.2477212251,185690.4706852246,176718.3340834005,175304.59490209687,173163.69088605655,169593.67057480162,50534.30717200701,32998.704676307534,753275.1972959541,57698.66517740148,1137442.7530360885,0.0,43.13075281819263,0.0,0.0,0.0,0.0,0.0,0.0,0.0,0.0,0.0,0.0,0.0,0.0,0.0,0.0,0.0,2.999809914392362e-05,0.0,0.0,0.0,0.0,0.0006955241692837261,0.15499903246665572,0.0,0.0,0.0,0.0,0.0,0.0,3.0557231711284775e-05,0.0,0.0,0.0,0.0,0.0005407285588715921,0.09024634210654851
2026-07-02 05:59:12.058000088,0.0,0.0,0.0,0.0,0.0,0.0,343.00524470644683,0.0,0.0,0.0,0.0,4570.446233759184,577679.1288235991,0.013187732766669378,0.02555363063274391,0.008000680598728023,0.0067953448219063494,0.00633439199711994,0.00636702523430634,0.0031355952114057602,0.0030150803456716543,0.02661757951077213,0.006694861079269793,0.05886447318333809,316630.901035938,224338.81349124643,197247.20469158283,211481.28621331957,207654.22995394294,228048.27298639817,91887.50177250145,74352.85637115089,1011612.6124367972,109422.25929444528,1440720.8573171657,244293.2477212251,178699.97738633252,176718.3340834005,179517.33815496037,173163.69088605655,169593.67057480162,50534.30717200701,32998.704676307534,719445.0812904999,56479.1904419086,1134098.881891322,0.0,41.47414110253441,0.0,0.0,0.0,0.0,0.0,0.0,0.0,0.0,0.0,0.0,0.0,0.0,0.0,0.0,0.0,3.0072137122335523e-05,0.0,0.0,0.0,0.0,0.0006957208206631111,0.15517763080605107,0.0,0.0,0.0,0.0,0.0,0.0,3.0447339146414225e-05,0.0,0.0,0.0,0.0,0.0005407285588715921,0.09024642081675453
2026-07-02 05:59:27.058000088,0.0,0.0,0.0,0.0,0.0,0.0,342.6315819215243,0.0,0.0,0.0,0.0,4553.029712164394,576189.1493198771,0.013187732766669378,0.02555363063274391,0.008000680598728023,0.006985958683952968,0.00633439199711994,0.00636702523430634,0.003116601261994713,0.0030150803456716543,0.02661757951077213,0.006694861079269793,0.05852905435844023,316630.901035938,224338.81349124643,197247.20469158283,217413.47446456982,207654.22995394294,228048.27298639817,89131.49157141981,74352.85637115089,1011612.6124367972,109422.25929444528,1437438.7441452595,244293.2477212251,178699.97738633252,176718.3340834005,184552.91677927604,173163.69088605655,169593.67057480162,49017.49648581329,32998.704676307534,719445.0812904999,56479.1904419086,1126303.9104646894,0.0,41.47414110253441,0.0,0.0,0.0,0.0,0.0,0.0,0.0,0.0,0.0,0.0,0.0,0.0,0.0,0.0,0.0,2.983638220666666e-05,0.0,0.0,0.0,0.0,0.0006958831473297777,0.15555542009918835,0.0,0.0,0.0,0.0,0.0,0.0,3.067699086725004e-05,0.0,0.0,0.0,0.0,0.0005427271533597598,0.09037967535994491
2026-07-02 05:59:42.058000088,0.0,0.0,0.0,0.0,0.0,0.0,341.53956856008483,0.0,0.0,0.0,0.0,4533.940540334661,576190.0257354223,0.013187732766669378,0.025115790021557057,0.008000680598728023,0.006985958683952968,0.006224436221870445,0.00636702523430634,0.0031018881267821136,0.0030150803456716543,0.02661757951077213,0.006652262535102902,0.05813429404731856,316630.901035938,232094.57700193432,197247.20469158283,217413.47446456982,198988.2322417414,228048.27298639817,92023.97941442381,74352.85637115089,1011612.6124367972,112570.67384079375,1422019.537408476,244293.2477212251,184585.0730954853,176718.3340834005,184552.91677927604,165969.38975368172,169593.67057480162,50564.406426037975,32998.704676307534,719445.0812904999,58107.95047798261,1114489.2470506942,0.0,43.17737404403122,0.0,0.0,0.0,0.0,0.0,0.0,0.0,0.0,0.0,0.0,0.0,0.0,0.0,0.0,0.0,2.9886665539999998e-05,0.0,0.0,0.0,0.0,0.0006960454739964445,0.15593320939232558,0.0,0.0,0.0,0.0,0.0,0.0,3.0734694459001326e-05,0.0,0.0,0.0,0.0,0.0005427271533597598,0.09037976611617925
2026-07-02 05:59:57.058000088,0.0,0.0,0.0,0.0,0.0,0.0,340.3715736562271,0.0,0.0,0.0,0.0,4516.771226717317,574644.729343345,0.012838443303441256,0.025115790021557057,0.008000680598728023,0.006985958683952968,0.006224436221870445,0.006350615301619043,0.0031018881267821136,0.002945002413215274,0.02657082113622302,0.006652262535102902,0.05816100183823623,320464.2210226869,232094.57700193432,197247.20469158283,217413.47446456982,198988.2322417414,215959.85734632178,92023.97941442381,72624.7118942727,1051850.2885513082,112570.67384079375,1428203.9645108664,245147.0462131537,184585.0730954853,176718.3340834005,184552.91677927604,165969.38975368172,160746.2836326958,50564.406426037975,32231.733076106546,747724.7933880643,58107.95047798261,1119517.2743448217,0.0,43.17737404403122,0.0,0.0,0.0,0.0,0.0,0.0,0.0,0.0,0.0,0.0,0.0,0.0,0.0,0.0,0.0,2.993694887333333e-05,0.0,0.0,0.0,0.0,0.0006962078006631111,0.15631099868546283,0.0,0.0,0.0,0.0,0.0,0.0,3.094710146891463e-05,0.0,0.0,0.0,0.0,0.0005447238275644596,0.09050736597762797
2026-07-02 06:00:12.058000088,0.0,0.0,0.0,0.0,0.0,0.0,339.3489368322368,0.0,0.0,0.0,0.0,4497.6717739552505,574645.7000275261,0.012838443303441256,0.025115790021557057,0.007855277890165928,0.006985958683952968,0.006224436221870445,0.006350615301619043,0.0031018881267821136,0.0029810898862559013,0.02657082113622302,0.006652262535102902,0.05787666121000998,320464.2210226869,232094.57700193432,202104.54273133096,217413.47446456982,198988.2322417414,215959.85734632178,92023.97941442381,70905.85033124019,1051850.2885513082,112570.67384079375,1416393.1924097626,245147.0462131537,184585.0730954853,179794.87209714044,184552.91677927604,165969.38975368172,160746.2836326958,50564.406426037975,31466.59558184353,747724.7933880643,58107.95047798261,1110989.4342196612,0.0,43.17737404403122,0.0,0.0,0.0,0.0,0.0,0.0,0.0,0.0,0.0,0.0,0.0,0.0,0.0,0.0,0.0,3.0284159485185187e-05,0.0,0.0,0.0,0.0,0.0006964148813581959,0.15648688189330265,0.0,0.0,0.0,0.0,0.0,0.0,3.100903216858585e-05,0.0,0.0,0.0,0.0,0.0005447238275644596,0.09050746665673369
2026-07-02 06:00:27.058000088,0.0,0.0,0.0,0.0,0.0,0.0,335.91842003480974,0.0,0.0,0.0,0.0,4478.395205653114,573167.2556482931,0.012714100784919382,0.025115790021557057,0.007855277890165928,0.006985958683952968,0.00621296051363861,0.00625710237443976,0.0031018881267821136,0.0029884779726833924,0.02657082113622302,0.006652262535102902,0.057451013839619466,327729.1246997859,232094.57700193432,202104.54273133096,217413.47446456982,190124.83805693666,218268.6985070614,92023.97941442381,65484.59752435173,1051850.2885513082,112570.67384079375,1405169.0738799805,250206.2131219095,184585.0730954853,179794.87209714044,184552.91677927604,159878.3962163983,162807.2638674544,50564.406426037975,32292.157120822267,747724.7933880643,58107.95047798261,1108017.263446429,0.0,43.17737404403122,0.0,0.0,0.0,0.0,0.0,0.0,0.0,0.0,0.0,0.0,0.0,0.0,0.0,0.0,0.0,3.034552059629629e-05,0.0,0.0,0.0,0.0,0.0006965773186519251,0.15686419473270394,0.0,0.0,0.0,0.0,0.0,0.0,3.0945090019237686e-05,0.0,0.0,0.0,0.0,0.000546732932767566,0.09063199465036954
2026-07-02 06:00:42.058000088,0.0,0.0,0.0,0.0,0.0,0.0,334.8448886989384,0.0,0.0,0.0,0.0,4459.301406066323,573168.1616044133,0.012714100784919382,0.024216449286915128,0.007803115663866092,0.006985958683952968,0.00621296051363861,0.00625710237443976,0.0031018881267821136,0.0029884779726833924,0.02657082113622302,0.006496757956140401,0.05671113260666044,327729.1246997859,233338.8703169932,208198.7139061256,217413.47446456982,190124.83805693666,218268.6985070614,92023.97941442381,65484.59752435173,1051850.2885513082,109939.1999404831,1394351.0275575125,250206.2131219095,184792.54109928192,185200.1544399514,184552.91677927604,159878.3962163983,162807.2638674544,50564.406426037975,32292.157120822267,747724.7933880643,56749.6077598817,1096510.2755997246,0.0,41.46158148197824,0.0,0.0,0.0,0.0,0.0,0.0,0.0,0.0,0.0,0.0,0.0,0.0,0.0,0.0,0.0,3.04068817074074e-05,0.0,0.0,0.0,0.0,0.0006967397559456545,0.15724150757210523,0.0,0.0,0.0,0.0,0.0,0.0,3.100275200804034e-05,0.0,0.0,0.0,0.0,0.000546732932767566,0.09063208876392476
2026-07-02 06:00:57.058000088,0.0,0.0,0.0,0.0,0.0,0.0,350.73207341571737,0.0,0.0,0.0,0.0,4441.292618998414,571696.1752886659,0.012714100784919382,0.024216449286915128,0.007803115663866092,0.006807284989623673,0.00621296051363861,0.006210434223422839,0.003001955968340923,0.0029884779726833924,0.02613190240773446,0.00645042275262023,0.05685572419404466,327729.1246997859,233338.8703169932,208198.7139061256,211852.8820767586,190124.83805693666,224979.24291830984,97120.05925584977,65484.59752435173,1003939.2097161823,112352.95095818063,1400699.4192582674,250206.2131219095,184792.54109928192,185200.1544399514,179832.76984855562,159878.3962163983,167605.25955216668,49525.51593950804,32292.157120822267,713737.7078097867,57943.17692395154,1102219.1322413208,0.0,41.46158148197824,0.0,0.0,0.0,0.0,0.0,0.0,0.0,0.0,0.0,0.0,0.0,0.0,0.0,0.0,0.0,3.0468242818518514e-05,0.0,0.0,0.0,0.0,0.0006969021932393839,0.15761882041150654,0.0,0.0,0.0,0.0,0.0,0.0,3.208880859666265e-05,0.0,0.0,0.0,0.0,0.0005487296158759674,0.09072776232157005
2026-07-02 06:01:12.058000088,0.0,0.0,0.0,0.0,0.0,0.0,351.8623703432425,0.0,0.0,0.0,0.0,4422.192806232024,571697.1278664805,0.012714100784919382,0.024004159460835846,0.007803115663866092,0.006780003256176424,0.00621296051363861,0.006210434223422839,0.0030212617589708904,0.0029884779726833924,0.02613190240773446,0.006515535467469169,0.05665837289643198,327729.1246997859,227036.90039959902,208198.7139061256,212632.1063336973,190124.83805693666,224979.24291830984,97744.64520905404,65484.59752435173,1003939.2097161823,120732.52683197435,1394594.9212324102,250206.2131219095,180763.68496914965,185200.1544399514,180137.11194517466,159878.3962163983,167605.25955216668,49844.018026698104,32292.157120822267,713737.7078097867,56692.20431651371,1097254.8160042395,0.0,42.898530992382,0.0,0.0,0.0,0.0,0.0,0.0,0.0,0.0,0.0,0.0,0.0,0.0,0.0,0.0,0.0,3.0418912446051132e-05,0.0,0.0,0.0,0.0,0.0006970985871704792,0.15779579746530625,0.0,0.0,0.0,0.0,0.0,0.0,3.228783002530475e-05,0.0,0.0,0.0,0.0,0.0005487296158759674,0.09072786143168826
2026-07-02 06:01:27.058000088,0.0,0.0,0.0,0.0,0.0,0.0,360.2308439551176,0.0,0.0,0.0,0.0,4404.710131511489,570212.5007014188,0.012714100784919382,0.024004159460835846,0.007680227863208864,0.006780003256176424,0.006056731576627,0.006210434223422839,0.003088926500794796,0.0029850537654530565,0.026049364285335292,0.006515535467469169,0.05648198150759288,327729.1246997859,227036.90039959902,202495.8831902041,212632.1063336973,185344.02522480357,224979.24291830984,99933.75251268361,67822.64306636403,946675.218827279,120732.52683197435,1390393.1033563744,250206.2131219095,180763.68496914965,180164.2910165694,180137.11194517466,155858.14985603947,167605.25955216668,50960.33395041053,33441.38286866115,672414.6510549724,56692.20431651371,1093738.0955636282,0.0,42.898530992382,0.0,0.0,0.0,0.0,0.0,0.0,0.0,0.0,0.0,0.0,0.0,0.0,0.0,0.0,0.0,3.060655814794955e-05,0.0,0.0,0.0,0.0,0.0006972611075953159,0.15817263580711027,0.0,0.0,0.0,0.0,0.0,0.0,3.32968903826117e-05,0.0,0.0,0.0,0.0,0.0005507229590794954,0.09058690246426036
2026-07-02 06:01:42.058000088,0.0,0.0,0.0,0.0,0.0,0.0,361.481462313302,0.0,0.0,0.0,0.0,4385.598860511253,570213.4914517486,0.012013634275410676,0.024004159460835846,0.007680227863208864,0.006780003256176424,0.006081754700481545,0.006143066071092739,0.003088926500794796,0.0029850537654530565,0.026049364285335292,0.006515535467469169,0.055984964689753634,334619.646733329,227036.90039959902,202495.8831902041,212632.1063336973,197362.93079429845,218942.38937021376,99933.75251268361,67822.64306636403,946675.218827279,120732.52683197435,1397229.740928895,244035.7494178673,180763.68496914965,180164.2910165694,180137.11194517466,160805.77353117062,163172.4336297871,50960.33395041053,33441.38286866115,672414.6510549724,56692.20431651371,1094664.8975502762,0.0,42.898530992382,0.0,0.0,0.0,0.0,0.0,0.0,0.0,0.0,0.0,0.0,0.0,0.0,0.0,0.0,0.0,3.079420384984798e-05,0.0,0.0,0.0,0.0,0.0006974236280201525,0.15854947414891432,0.0,0.0,0.0,0.0,0.0,0.0,3.3507069624632404e-05,0.0,0.0,0.0,0.0,0.0005507229590794954,0.09058700570317672
2026-07-02 06:01:57.058000088,0.0,0.0,0.0,0.0,0.0,0.0,361.28641462142804,0.0,0.0,0.0,0.0,4368.452084222703,568731.3769430441,0.012306252973937615,0.024004159460835846,0.007680227863208864,0.006780003256176424,0.006081754700481545,0.006143066071092739,0.003088926500794796,0.002955926479256173,0.025835599569533525,0.006318706081174072,0.0554677264368953,342770.0501236722,227036.90039959902,202495.8831902041,212632.1063336973,197362.93079429845,218942.38937021376,99933.75251268361,64906.002882364766,1002924.957858281,112588.31289466922,1385310.257122249,249979.78115311515,180763.68496914965,180164.2910165694,180137.11194517466,160805.77353117062,163172.4336297871,50960.33395041053,32044.80952883898,711234.6038085009,57469.08876284688,1091681.352823238,0.0,42.898530992382,0.0,0.0,0.0,0.0,0.0,0.0,3.472214863639697,0.0,0.0,0.0,0.0,0.0,0.0,0.0,0.0,3.09818495517464e-05,0.0,0.0,0.0,0.0,0.0006975861484449891,0.15892631249071837,0.0,0.0,0.0,0.0,0.0,0.0,3.3660710935878553e-05,0.0,0.0,0.0,0.0,0.0005527187545688646,0.09046671270639878
2026-07-02 06:02:12.058000088,0.0,0.0,0.0,0.0,0.0,0.0,358.286973048707,0.0,0.0,0.0,0.0,4342.964980768396,568732.3435623818,0.012306252973937615,0.023179874312858367,0.0075814185052507045,0.006780003256176424,0.006081754700481545,0.006143066071092739,0.003088926500794796,0.002955926479256173,0.025835599569533525,0.0064978010734818075,0.05539822441196052,342770.0501236722,228829.0061201946,194404.01218654792,212632.1063336973,197362.93079429845,218942.38937021376,99933.75251268361,64906.002882364766,1002924.957858281,115779.47304245459,1379013.7563962287,249979.78115311515,181399.2065621317,174161.47934871158,180137.11194517466,160805.77353117062,163172.4336297871,50960.33395041053,32044.80952883898,711234.6038085009,59097.97066963153,1091469.3615481341,0.0,41.27321208823459,0.0,0.0,0.0,0.0,0.0,0.0,3.472214863639697,0.0,0.0,0.0,0.0,0.0,0.0,0.0,0.0,3.101282606217657e-05,0.0,0.0,0.0,0.0,0.0006977779504344121,0.15909604781051212,0.0,0.0,0.0,0.0,0.0,0.0,3.3625643974168476e-05,0.0,0.0,0.0,0.0,0.0005523909637124798,0.09046681358192118
2026-07-02 06:02:27.058000088,0.0,0.0,0.0,0.0,0.0,0.0,354.5632312082975,0.0,0.0,0.0,0.0,4305.56954881527,567228.2601141124,0.012306252973937615,0.02226650786391962,0.007471147482905515,0.006780003256176424,0.006081754700481545,0.006107835842016788,0.003015731293481759,0.002955926479256173,0.025835599569533525,0.0064978010734818075,0.055210098456931006,342770.0501236722,220662.74526485044,188779.8930414581,212632.1063336973,197362.93079429845,208005.42705832637,97565.72215299278,64906.002882364766,1002924.957858281,115779.47304245459,1380758.711729639,249979.78115311515,176124.1836385934,169136.60861385262,180137.11194517466,160805.77353117062,153884.58286290488,49752.777795454385,32044.80952883898,711234.6038085009,59097.97066963153,1091565.8536984855,0.0,22.8096951284802,0.0,0.0,0.0,0.0,0.0,0.0,3.472214863639697,0.0,0.0,0.0,0.0,0.0,0.0,0.0,0.0,3.1195970275979755e-05,0.0,0.0,0.0,0.0,0.0006979405418583603,0.15947239219582954,0.0,0.0,0.0,0.0,0.0,0.0,3.3813095019651066e-05,0.0,0.0,0.0,0.0,0.0005555682465498905,0.09030108215125937
2026-07-02 06:02:42.058000088,0.0,0.0,0.0,0.0,0.0,0.0,353.9133066237186,0.0,0.0,0.0,0.0,4272.181316325645,567229.2918051663,0.012306252973937615,0.022873046438745683,0.007471147482905515,0.006602120738696041,0.005844279049048887,0.006042879621001172,0.003059654829715381,0.002955926479256173,0.025798068536324572,0.006404076425488038,0.05483858127039637,342770.0501236722,226673.5875508571,188779.8930414581,211043.87052678675,180450.9826662807,202408.67790521015,95382.3960728839,64906.002882364766,964310.9439819022,111560.19694784297,1380621.2991129428,249979.78115311515,180921.79770494887,169136.60861385262,178714.37227858457,145945.5823855138,149759.90110104487,48720.01144405007,32044.80952883898,683535.1262791102,57015.18319235866,1091380.493480783,0.0,23.43103009757355,0.0,0.0,0.0,0.0,0.0,0.0,3.6451610176015175,0.0,0.0,0.0,0.0,0.0,0.0,0.0,0.0,3.08734579999677e-05,0.0,0.0,0.0,0.0,0.0006981031332823085,0.15984873658114707,0.0,0.0,0.0,0.0,0.0,0.0,3.3858463343422664e-05,0.0,0.0,0.0,0.0,0.0005537893478348848,0.09030118997658194
2026-07-02 06:02:57.058000088,0.0,0.0,0.0,0.0,0.0,0.0,347.3919706459637,0.0,0.0,0.0,0.0,4236.145193486841,565681.2419290055,0.012039027562762681,0.022873046438745683,0.007471147482905515,0.006602120738696041,0.005988576183461122,0.006042879621001172,0.003065642963093351,0.0028809198799264807,0.025798068536324572,0.006404076425488038,0.054802615373220974,332126.7394022635,226673.5875508571,188779.8930414581,211043.87052678675,184906.37562101198,202408.67790521015,90726.40307737884,66581.95970174836,964310.9439819022,111560.19694784297,1373648.3014154483,242240.01393763,180921.79770494887,169136.60861385262,178714.37227858457,149549.0258798455,149759.90110104487,44045.204153259314,32856.79249433362,683535.1262791102,57015.18319235866,1085898.7236086836,0.0,23.43103009757355,0.0,0.0,0.0,0.0,0.0,0.0,3.6451610176015175,0.0,0.0,0.0,0.0,0.0,0.0,0.0,0.0,3.0934468416634364e-05,0.0,0.0,0.0,0.0,0.0006982657247062568,0.16022508096646454,0.0,0.0,0.0,0.0,0.0,0.0,3.38840903200673e-05,0.0,0.0,0.0,0.0,0.0005562616766281613,0.09015298417833811
2026-07-02 06:03:12.058000088,0.0,0.0,0.0,0.0,0.0,0.0,346.46001290195824,0.0,0.0,0.0,0.0,4202.778603879118,565682.2275333459,0.012039027562762681,0.022873046438745683,0.007471147482905515,0.006602120738696041,0.005988576183461122,0.006042879621001172,0.003065642963093351,0.002947578357389574,0.025798068536324572,0.006404076425488038,0.05422924648037535,332126.7394022635,226673.5875508571,188779.8930414581,211043.87052678675,184906.37562101198,202408.67790521015,90726.40307737884,68122.52738332542,964310.9439819022,111560.19694784297,1366175.0509995366,242240.01393763,180921.79770494887,169136.60861385262,178714.37227858457,149549.0258798455,149759.90110104487,44045.204153259314,33617.03014524981,683535.1262791102,57015.18319235866,1086237.543429703,0.0,23.43103009757355,0.0,0.0,0.0,0.0,0.0,0.0,3.6451610176015175,0.0,0.0,0.0,0.0,0.0,0.0,0.0,0.0,3.075758059055411e-05,0.0,0.0,0.0,0.0,0.0006984513015285257,0.16040876227172715,0.0,0.0,0.0,0.0,0.0,0.0,3.4110441511568594e-05,0.0,0.0,0.0,0.0,0.0005544686795870248,0.09015308733669464
2026-07-02 06:03:27.058000088,0.0,0.0,0.0,0.0,0.0,0.0,346.7185829138741,0.0,0.0,0.0,0.0,4167.512852193581,564242.06392579,0.01190168418404613,0.02225397012868882,0.007471147482905515,0.006602120738696041,0.005988576183461122,0.006042879621001172,0.003065642963093351,0.0029310914117149835,0.025798068536324572,0.006404076425488038,0.05427062131025385,320675.8308710437,219940.43152950995,188779.8930414581,211043.87052678675,184906.37562101198,202408.67790521015,90726.40307737884,65702.33143862616,964310.9439819022,111560.19694784297,1365284.1159558925,231546.486189479,175558.61725136297,169136.60861385262,178714.37227858457,149549.0258798455,149759.90110104487,44045.204153259314,32430.744283533302,683535.1262791102,57015.18319235866,1084348.2810903545,0.0,22.728524152685072,0.0,0.0,0.0,0.0,0.0,0.0,3.6451610176015175,0.0,0.0,0.0,0.0,0.0,0.0,0.0,0.0,3.081246022018375e-05,0.0,0.0,0.0,0.0,0.0006986139481631409,0.16078464959580122,0.0,0.0,0.0,0.0,0.0,0.0,3.4191847592360025e-05,0.0,0.0,0.0,0.0,0.000557321066163482,0.09012692332255544
2026-07-02 06:03:42.058000088,0.0,0.0,0.0,0.0,0.0,0.0,350.0337100909228,0.0,0.0,0.0,0.0,4134.169673951099,564243.1083509715,0.01190168418404613,0.02225397012868882,0.007370431227799448,0.006602120738696041,0.005914469070395149,0.006023204935722157,0.003065642963093351,0.0029310914117149835,0.02545533925722815,0.006404076425488038,0.05408309239785369,320675.8308710437,219940.43152950995,195092.43115807654,211043.87052678675,191603.1655380599,211897.32724435598,90726.40307737884,65702.33143862616,1005513.5803260064,111560.19694784297,1361889.336335386,231546.486189479,175558.61725136297,173560.00727470365,178714.37227858457,145062.14136139894,142322.19088657608,44045.204153259314,32430.744283533302,711420.7925718544,57015.18319235866,1083402.0547135174,0.0,22.728524152685072,0.0,0.0,0.0,0.0,0.0,0.0,3.498813726181095,0.0,0.0,0.0,0.0,0.0,0.0,0.0,0.0,3.086733984981338e-05,0.0,0.0,0.0,0.0,0.0006987765947977563,0.1611605369198753,0.0,0.0,0.0,0.0,0.0,0.0,3.412597270089903e-05,0.0,0.0,0.0,0.0,0.0005555118331207313,0.0901270327937874
2026-07-02 06:03:57.058000088,0.0,0.0,0.0,0.0,0.0,0.0,347.0738263624896,0.0,0.0,0.0,0.0,4101.272233732417,562712.4542460059,0.01190168418404613,0.02225397012868882,0.007325952511139801,0.006602120738696041,0.005914469070395149,0.005956539624767103,0.0029790190466121276,0.0029310914117149835,0.02545533925722815,0.006372269619304294,0.05370641150680631,320675.8308710437,219940.43152950995,200579.01513362932,211043.87052678675,191603.1655380599,216243.7401967156,85666.49777557109,65702.33143862616,1005513.5803260064,116590.15429857504,1356663.978785251,231546.486189479,175558.61725136297,178173.62554996868,178714.37227858457,145062.14136139894,146464.9664196889,39112.02429288471,32430.744283533302,711420.7925718544,48888.178496103894,1079958.2226034577,0.0,22.728524152685072,0.0,0.0,0.0,0.0,0.0,0.0,3.498813726181095,0.0,0.0,0.0,0.0,0.0,0.0,0.0,0.0,3.092221947944301e-05,0.0,0.0,0.0,0.0,0.0006989392414323718,0.16153642424394937,0.0,0.0,0.0,0.0,0.0,0.0,3.391470179061165e-05,0.0,0.0,0.0,0.0,0.0005580871666366936,0.09008729409962728
2026-07-02 06:04:12.058000088,0.0,0.0,0.0,0.0,0.0,0.0,346.145085222081,0.0,0.0,0.0,0.0,4067.9276252065924,562713.4507866388,0.01190168418404613,0.02225397012868882,0.007325952511139801,0.006423086245812254,0.005914469070395149,0.005956539624767103,0.0030257135092119423,0.0029310914117149835,0.02545533925722815,0.00628585692577734,0.053510550027989934,320675.8308710437,219940.43152950995,200579.01513362932,201339.4041177702,191603.1655380599,216243.7401967156,91758.46336388135,65702.33143862616,1005513.5803260064,112122.75711282995,1354159.895285094,231546.486189479,175558.61725136297,178173.62554996868,170905.96158794136,145062.14136139894,146464.9664196889,44929.63828201214,32430.744283533302,711420.7925718544,47038.45692222434,1077533.8287528197,0.0,22.728524152685072,0.0,0.0,0.0,0.0,0.0,0.0,3.498813726181095,0.0,0.0,0.0,0.0,0.0,0.0,0.0,0.0,3.126404354857881e-05,0.0,0.0,0.0,0.0,0.0006991393470225397,0.16171877190403336,0.0,0.0,0.0,0.0,0.0,0.0,3.384629639970835e-05,0.0,0.0,0.0,0.0,0.0005562628260427581,0.09008739869896498
2026-07-02 06:04:27.058000088,0.0,0.0,0.0,0.0,0.0,0.0,341.841471248923,0.0,0.0,0.0,0.0,4038.1713352576508,561239.380849236,0.01190168418404613,0.02125443618223393,0.007325952511139801,0.006465841908272602,0.005914469070395149,0.005956539624767103,0.0030257135092119423,0.0029310914117149835,0.02545533925722815,0.00628585692577734,0.05320214447304273,320675.8308710437,222319.19107083257,200579.01513362932,197767.86154262716,191603.1655380599,216243.7401967156,91758.46336388135,65702.33143862616,1005513.5803260064,112122.75711282995,1351118.2065198526,231546.486189479,176795.2555395842,178173.62554996868,167882.2983478133,145062.14136139894,146464.9664196889,44929.63828201214,32430.744283533302,711420.7925718544,47038.45692222434,1074288.1029069223,0.0,23.31066495613001,0.0,0.0,0.0,0.0,0.0,0.0,3.498813726181095,0.0,0.0,0.0,0.0,0.0,0.0,0.0,0.0,3.132562688191214e-05,0.0,0.0,0.0,0.0,0.0006993020827368254,0.1620942160183636,0.0,0.0,0.0,0.0,0.0,0.0,3.403451746059575e-05,0.0,0.0,0.0,0.0,0.0005580875854149241,0.09006657716383401
2026-07-02 06:04:42.058000088,0.0,0.0,0.0,0.0,0.0,0.0,343.0532299568732,0.0,0.0,0.0,0.0,4004.797248612683,561240.4061523981,0.011543745635224542,0.021123428408944614,0.0072265233098933596,0.006465841908272602,0.005873318540658839,0.005956539624767103,0.0030257135092119423,0.002927845263912553,0.02537681742697353,0.00628585692577734,0.0527162515638526,322374.464840574,220304.7800190807,195260.8415749167,197767.86154262716,185999.81933976736,216243.7401967156,91758.46336388135,60480.72257492407,1056740.7659892878,112122.75711282995,1344255.2524724223,231555.34113566822,175233.6018302232,173448.1520355867,167882.2983478133,139100.56603891708,146464.9664196889,44929.63828201214,33608.944939776484,747102.6258005941,47038.45692222434,1071008.3449287796,0.0,23.080647461401853,0.0,0.0,0.0,0.0,0.0,0.0,3.6837563522538046,0.0,0.0,0.0,0.0,0.0,0.0,0.0,0.0,3.1387210215245475e-05,0.0,0.0,0.0,0.0,0.000699464818451111,0.16246966013269382,0.0,0.0,0.0,0.0,0.0,0.0,3.411286933849179e-05,0.0,0.0,0.0,0.0,0.0005562518358831332,0.09006668493140195
2026-07-02 06:04:57.058000088,0.0,0.0,0.0,0.0,0.0,0.0,337.9730339114832,0.0,0.0,0.0,0.0,3972.538859827068,559734.248815821,0.011543745635224542,0.021123428408944614,0.0072265233098933596,0.006465841908272602,0.005873318540658839,0.005956539624767103,0.0030257135092119423,0.0028576753531795187,0.02537681742697353,0.00628585692577734,0.05253413489173925,322374.464840574,220304.7800190807,195260.8415749167,197767.86154262716,185999.81933976736,216243.7401967156,91758.46336388135,59031.217385404394,1056740.7659892878,112122.75711282995,1347564.2902451453,231555.34113566822,175233.6018302232,173448.1520355867,167882.2983478133,139100.56603891708,146464.9664196889,44929.63828201214,32803.45952177182,747102.6258005941,47038.45692222434,1078617.3177346252,0.0,23.080647461401853,0.0,0.0,0.0,0.0,0.0,0.0,3.6837563522538046,0.0,0.0,0.0,0.0,0.0,0.0,0.0,0.0,3.1448793548578805e-05,0.0,0.0,0.0,0.0,0.0006996275541653967,0.162845104247024,0.0,0.0,0.0,0.0,0.0,0.0,3.390584230273883e-05,0.0,0.0,0.0,0.0,0.0005583792618901105,0.09002088225101595
2026-07-02 06:05:12.058000088,0.0,0.0,0.0,0.0,0.0,0.0,340.6065273488871,0.0,0.0,0.0,0.0,3939.1613377240956,559735.2313010031,0.011045348734423598,0.021123428408944614,0.0072265233098933596,0.006465841908272602,0.005873318540658839,0.005956539624767103,0.0030257135092119423,0.0028985390167712466,0.02537681742697353,0.006223282619029158,0.05220601621538395,328986.5587956342,220304.7800190807,195260.8415749167,197767.86154262716,185999.81933976736,216243.7401967156,91758.46336388135,57541.13272194538,1056740.7659892878,119931.95540557397,1333359.3822922595,236240.55503654585,175233.6018302232,173448.1520355867,167882.2983478133,139100.56603891708,146464.9664196889,44929.63828201214,31992.821063651874,747102.6258005941,45747.54322739854,1067726.8401769586,0.0,23.080647461401853,0.0,0.0,0.0,0.0,0.0,0.0,3.6837563522538046,0.0,0.0,0.0,0.0,0.0,0.0,0.0,0.0,3.1403798065215005e-05,0.0,0.0,0.0,0.0,0.0006998187085602725,0.1630188416194547,0.0,0.0,0.0,0.0,0.0,0.0,3.42602886937243e-05,0.0,0.0,0.0,0.0,0.0005565303956240082,0.09002098565909754
2026-07-02 06:05:27.058000088,0.0,0.0,0.0,0.0,0.0,0.0,354.3568932439328,0.0,0.0,0.0,0.0,3908.9885403986627,558237.5853816514,0.011301236800320922,0.021123428408944614,0.0072265233098933596,0.006465841908272602,0.00578712087172144,0.005619807266666668,0.0030257135092119423,0.0028985390167712466,0.024995572114940082,0.006223282619029158,0.0519416299776628,336608.2044548669,220304.7800190807,195260.8415749167,197767.86154262716,190395.83243203652,199229.16693333336,91758.46336388135,57541.13272194538,1006648.8820703188,119931.95540557397,1333253.8720745768,241713.55006534126,175233.6018302232,173448.1520355867,167882.2983478133,141561.72259133155,146314.8544,44929.63828201214,31992.821063651874,711892.0322040457,45747.54322739854,1066098.7787284781,0.0,23.080647461401853,0.0,0.0,0.0,0.0,0.0,0.0,3.5066931951659686,0.0,0.0,0.0,0.0,0.0,0.0,0.0,0.0,3.158229465563762e-05,0.0,0.0,0.0,0.0,0.0006999815112332285,0.16339382412674985,0.0,0.0,0.0,0.0,0.0,0.0,3.517104764140564e-05,0.0,0.0,0.0,0.0,0.0005585575228908694,0.0899818652771812
2026-07-02 06:05:42.058000088,0.0,0.0,0.0,0.0,0.0,0.0,356.74674839805465,0.0,0.0,0.0,0.0,3875.5853471555947,558238.5935678858,0.011301236800320922,0.021123428408944614,0.006843844119654374,0.006465841908272602,0.00578712087172144,0.005799620629483055,0.0030052868795588375,0.0028985390167712466,0.024995572114940082,0.006208477906198391,0.051842493496991014,336608.2044548669,220304.7800190807,174024.16995518672,197767.86154262716,190395.83243203652,199791.42138587774,95391.46930478225,57541.13272194538,1006648.8820703188,123676.58187078673,1329087.0637339072,241713.55006534126,175233.6018302232,156330.1604176034,167882.2983478133,141561.72259133155,146731.6693345569,49340.77043137265,31992.821063651874,711892.0322040457,47218.0482260891,1066714.3990897038,0.0,23.080647461401853,0.0,0.0,0.0,0.0,0.0,0.0,3.5066931951659686,0.0,0.0,0.0,0.0,0.0,0.0,0.0,0.0,3.176079124606024e-05,0.0,0.0,0.0,0.0,0.0007001443139061844,0.16376880663404506,0.0,0.0,0.0,0.0,0.0,0.0,3.5251941057264244e-05,0.0,0.0,0.0,0.0,0.0005566961578899271,0.08998197153305729
2026-07-02 06:05:57.058000088,0.0,0.0,0.0,0.0,0.0,0.0,355.21369416965916,0.0,0.0,0.0,0.0,3847.599087114484,556682.1943081582,0.011301236800320922,0.020580680874735892,0.007039307701420606,0.006313856798253032,0.00578712087172144,0.005799620629483055,0.003004461096376417,0.0028985390167712466,0.024995572114940082,0.006208477906198391,0.05160045352290642,336608.2044548669,224333.12307511683,178994.38654379224,193119.1598543854,190395.83243203652,199791.42138587774,98345.98134783824,57541.13272194538,1006648.8820703188,123676.58187078673,1310946.4133118975,241713.55006534126,177660.18204518262,160795.02731975276,163936.08222519435,141561.72259133155,146731.6693345569,50865.55851017845,31992.821063651874,711892.0322040457,47218.0482260891,1057289.811346689,0.0,22.406596749848404,0.0,0.0,0.0,0.0,0.0,0.0,3.5066931951659686,0.0,0.0,0.0,0.0,0.0,0.0,0.0,0.0,3.1939287836482866e-05,0.0,0.0,0.0,0.0,0.0007003071165791404,0.16414378914134023,0.0,0.0,0.0,0.0,0.0,0.0,3.554982316443119e-05,0.0,0.0,0.0,0.0,0.0005584956441334983,0.08993674797827429
2026-07-02 06:06:12.058000088,0.0,0.0,0.0,0.0,0.0,0.0,352.69172335328506,0.0,0.0,0.0,0.0,3814.148829609343,556683.1859319392,0.01102170782072042,0.020580680874735892,0.007039307701420606,0.006294769849242768,0.00578712087172144,0.005799620629483055,0.003004461096376417,0.0028963643255940723,0.024995572114940082,0.006155448970769487,0.05132212436829253,323485.2242268096,224333.12307511683,178994.38654379224,201808.48024509897,190395.83243203652,199791.42138587774,98345.98134783824,52860.832672686316,1006648.8820703188,131271.4122582948,1305210.934259951,232317.35006801825,177660.18204518262,160795.02731975276,170545.21079993175,141561.72259133155,146731.6693345569,50865.55851017845,32892.1140497203,711892.0322040457,53741.27756939267,1047879.5395367059,0.0,22.406596749848404,0.0,0.0,0.0,0.0,0.0,0.0,3.5066931951659686,0.0,0.0,0.0,0.0,0.0,0.0,0.0,0.0,3.196934989727586e-05,0.0,0.0,0.0,0.0,0.0007005024110429905,0.16431997236145487,0.0,0.0,0.0,0.0,0.0,0.0,3.555785901392948e-05,0.0,0.0,0.0,0.0,0.0005566227693847749,0.08993685262703358
2026-07-02 06:06:27.058000088,0.0,0.0,0.0,0.0,0.0,0.0,355.6474720339441,0.0,0.0,0.0,0.0,3783.265554255936,555367.8513643362,0.01102170782072042,0.020182606989762115,0.007039307701420606,0.006294769849242768,0.005757297821143954,0.005799620629483055,0.003004461096376417,0.0028963643255940723,0.02475479108458783,0.006155448970769487,0.05074988306886676,323485.2242268096,216727.6447282627,178994.38654379224,201808.48024509897,195131.2373341575,199791.42138587774,98345.98134783824,52860.832672686316,1048226.5850523048,131271.4122582948,1294838.44186381,232317.35006801825,172253.04478604667,160795.02731975276,170545.21079993175,144786.39793372923,146731.6693345569,50865.55851017845,32892.1140497203,741232.3530932569,53741.27756939267,1037997.3859234543,0.0,23.239270036931096,0.0,0.0,0.0,0.0,0.0,0.0,3.6516067604649387,0.0,0.0,0.0,0.0,0.0,0.0,0.0,0.0,3.214492477052676e-05,0.0,0.0,0.0,0.0,0.0007006652895476636,0.16469449921536672,0.0,0.0,0.0,0.0,0.0,0.0,3.5627505498403725e-05,0.0,0.0,0.0,0.0,0.0005588942891256262,0.08990628497009036
2026-07-02 06:06:42.058000088,0.0,0.0,0.0,0.0,0.0,0.0,355.1068363807279,0.0,0.0,0.0,0.0,3749.799097632086,555368.887592773,0.01102170782072042,0.020182606989762115,0.007039307701420606,0.006294769849242768,0.005757297821143954,0.005737774579164207,0.003004461096376417,0.0028963643255940723,0.024567947261301713,0.006155448970769487,0.0506958398131349,323485.2242268096,216727.6447282627,178994.38654379224,201808.48024509897,195131.2373341575,194374.10678176043,98345.98134783824,52860.832672686316,1098269.6002672156,131271.4122582948,1293964.0827726303,232317.35006801825,172253.04478604667,160795.02731975276,170545.21079993175,144786.39793372923,142709.83893440527,50865.55851017845,32892.1140497203,775320.5390690037,53741.27756939267,1037443.0687276726,0.0,23.239270036931096,0.0,0.0,0.0,0.0,0.0,0.0,3.5444115809494807,0.0,0.0,0.0,0.0,0.0,0.0,0.0,0.0,3.18615503113516e-05,0.0,0.0,0.0,0.0,0.0007008281680523364,0.16506902606927853,0.0,0.0,0.0,0.0,0.0,0.0,3.558098782384182e-05,0.0,0.0,0.0,0.0,0.0005570073580924537,0.08990639446881138
2026-07-02 06:06:57.058000088,0.0,0.0,0.0,0.0,0.0,0.0,343.06512290219706,0.0,0.0,0.0,0.0,3720.2328200252264,553835.8760150364,0.010512919761779213,0.020182606989762115,0.007039307701420606,0.006294769849242768,0.005684646209530719,0.005737774579164207,0.002894426348496004,0.0028227614808974274,0.024567947261301713,0.006120301356822907,0.05057869728370299,308659.9146162078,216727.6447282627,178994.38654379224,201808.48024509897,188161.63112290372,194374.10678176043,96943.95943299608,51517.52526368312,1098269.6002672156,123717.05928248995,1296656.2286297374,220265.08690354417,172253.04478604667,160795.02731975276,170545.21079993175,139630.22228578193,142709.83893440527,49427.60804016479,32056.25471367171,775320.5390690037,55141.04655534763,1039363.7192460159,0.0,23.239270036931096,0.0,0.0,0.0,0.0,0.0,0.0,3.5444115809494807,0.0,0.0,0.0,0.0,0.0,0.0,0.0,0.0,3.192292729547859e-05,0.0,0.0,0.0,0.0,0.0007009910465570093,0.16544355292319035,0.0,0.0,0.0,0.0,0.0,0.0,3.551427660061763e-05,0.0,0.0,0.0,0.0,0.0005587817120469049,0.08985311049640379
2026-07-02 06:07:12.058000088,0.0,0.0,0.0,0.0,0.0,0.0,342.29923081628243,0.0,0.0,0.0,0.0,3686.728377613151,553836.8746987449,0.010764657374453316,0.01957981264239929,0.007039307701420606,0.006294769849242768,0.005684646209530719,0.0056951725580934144,0.0029735631816907443,0.0028716412720437194,0.024567947261301713,0.006120301356822907,0.05015824907879542,316050.94506201864,209625.59353244703,178994.38654379224,201808.48024509897,188161.63112290372,199879.06452969857,99594.5150261184,50316.21270133947,1098269.6002672156,123717.05928248995,1289623.8153747222,225539.45486116354,166645.62664963852,160795.02731975276,170545.21079993175,139630.22228578193,145603.58050344934,50779.01377716758,31313.942100090677,775320.5390690037,55141.04655534763,1028193.6352134937,0.0,22.45828085841515,0.0,0.0,0.0,0.0,0.0,0.0,3.5444115809494807,0.0,0.0,0.0,0.0,0.0,0.0,0.0,0.0,3.222436395197025e-05,0.0,0.0,0.0,0.0,0.0007011924579808642,0.16563434356211149,0.0,0.0,0.0,0.0,0.0,0.0,3.544908379912789e-05,0.0,0.0,0.0,0.0,0.000556883117121302,0.08985321616343817
2026-07-02 06:07:27.058000088,0.0,0.0,0.0,0.0,0.0,0.0,333.2872480309927,0.0,0.0,0.0,0.0,3649.498841981813,552343.6695979217,0.010764657374453316,0.01957981264239929,0.006855004355406,0.006245184105069062,0.005684646209530719,0.0056951725580934144,0.0029735631816907443,0.0028716412720437194,0.024567947261301713,0.006120301356822907,0.04992548330095658,316050.94506201864,209625.59353244703,174307.950638853,206059.5999912893,188161.63112290372,199879.06452969857,99594.5150261184,50316.21270133947,1098269.6002672156,123717.05928248995,1270338.5124594157,225539.45486116354,166645.62664963852,156585.08753383323,173487.84965652652,139630.22228578193,145603.58050344934,50779.01377716758,31313.942100090677,775320.5390690037,55141.04655534763,1023772.2317537561,0.0,22.45828085841515,0.0,0.0,0.0,0.0,0.0,0.0,3.5444115809494807,0.0,0.0,0.0,0.0,0.0,0.0,0.0,0.0,3.2290121277977574e-05,0.0,0.0,0.0,0.0,0.0007013554255734568,0.1660084592697455,0.0,0.0,0.0,0.0,0.0,0.0,3.5712683691318186e-05,0.0,0.0,0.0,0.0,0.0005588681084477879,0.08980786384133062
2026-07-02 06:07:42.058000088,0.0,0.0,0.0,0.0,0.0,0.0,332.51437547903276,0.0,0.0,0.0,0.0,3616.0338474329214,552344.6333103166,0.010764657374453316,0.01847261004828819,0.006823883085490744,0.006245184105069062,0.0056168722688597576,0.00563878711474341,0.0029735631816907443,0.002858271876091306,0.024567947261301713,0.006037576634659945,0.04965858501348902,316050.94506201864,200128.5537881802,156929.30977049292,206059.5999912893,180755.67739389217,205623.02205795352,99594.5150261184,52253.56828309939,1098269.6002672156,119152.14237961058,1265495.921205184,225539.45486116354,158938.26389475891,141554.92197442707,173487.84965652652,132125.626228902,141899.39298704683,50779.01377716758,32555.47360768543,775320.5390690037,53105.68581558116,1019918.285910192,0.0,22.910909148317504,0.0,0.0,0.0,0.0,0.0,0.0,3.5444115809494807,0.0,0.0,0.0,0.0,0.0,0.0,0.0,0.0,3.23558786039849e-05,0.0,0.0,0.0,0.0,0.0007015183931660493,0.16638257497737952,0.0,0.0,0.0,0.0,0.0,0.0,3.564441607656402e-05,0.0,0.0,0.0,0.0,0.0005569567912339097,0.08980796593735232
2026-07-02 06:07:57.058000088,0.0,0.0,0.0,0.0,0.0,0.0,328.83051111216764,0.0,0.0,0.0,0.0,3578.513523769045,550824.2516478192,0.010475745811646101,0.018591670774557246,0.006823883085490744,0.006074037707888026,0.0056168722688597576,0.00563878711474341,0.0029735631816907443,0.002858271876091306,0.024302531925801157,0.005821754558628276,0.049276759318351425,307568.48535259365,201418.4338267297,156929.30977049292,200412.6314552537,180755.67739389217,205623.02205795352,99594.5150261184,52253.56828309939,1063070.1515991671,122109.26019724493,1271544.0435670784,219486.22398609028,159962.66191332726,141554.92197442707,168733.49495314804,132125.626228902,141899.39298704683,50779.01377716758,32555.47360768543,750755.7761479792,54422.708318598234,1013304.9688235864,0.0,23.058575854622266,0.0,0.0,0.0,0.0,0.0,0.0,3.4282964187443112,0.0,0.0,0.0,0.0,0.0,0.0,0.0,0.0,3.2421635929992225e-05,0.0,0.0,0.0,0.0,0.0007016813607586419,0.16675669068501356,0.0,0.0,0.0,0.0,0.0,0.0,3.524729089645174e-05,0.0,0.0,0.0,0.0,0.0005591373702907523,0.08975972515253468
2026-07-02 06:08:12.058000088,0.0,0.0,0.0,0.0,0.0,0.0,328.0569518399898,0.0,0.0,0.0,0.0,3545.096071227711,550825.1835778294,0.010433780534940103,0.019049716203048826,0.006823883085490744,0.006143164242174543,0.0056168722688597576,0.00563878711474341,0.0029594281405327335,0.0028457382766918704,0.02408389150980664,0.005965897967484143,0.049044262028565586,316936.70271965914,206380.80616792478,156929.30977049292,196037.16751708768,180755.67739389217,205623.02205795352,96799.51739666087,50852.25746611557,1112769.8112412498,125132.61764738213,1262949.3140913786,225072.95195817744,163903.68297094057,141554.92197442707,165011.78165837374,132125.626228902,141899.39298704683,49321.13683673903,31678.053659433146,785264.4922510766,55770.18434446141,1000319.6778425996,0.0,23.626673008762392,0.0,0.0,0.0,0.0,0.0,0.0,3.595739189518982,0.0,0.0,0.0,0.0,0.0,0.0,0.0,0.0,3.2224445196536796e-05,0.0,0.0,0.0,0.0,0.0007018761590471967,0.16694576080986945,0.0,0.0,0.0,0.0,0.0,0.0,3.517810807158937e-05,0.0,0.0,0.0,0.0,0.0005572119746855757,0.08975982400476698
2026-07-02 06:08:27.058000088,0.0,0.0,0.0,0.0,0.0,0.0,329.50612466361315,0.0,0.0,0.0,0.0,3507.6483612707502,549379.4804058269,0.010433780534940103,0.019049716203048826,0.006823883085490744,0.006143164242174543,0.00553803131353032,0.005407508612262788,0.0029594281405327335,0.0028457382766918704,0.02408389150980664,0.005965897967484143,0.04861895201877568,316936.70271965914,206380.80616792478,156929.30977049292,196037.16751708768,185292.46507003024,193537.84717893254,96799.51739666087,50852.25746611557,1112769.8112412498,125132.61764738213,1264675.4007013578,225072.95195817744,163903.68297094057,141554.92197442707,165011.78165837374,134833.28622654168,131880.1659149374,49321.13683673903,31678.053659433146,785264.4922510766,55770.18434446141,991916.8468767735,0.0,23.626673008762392,0.0,0.0,0.0,0.0,0.0,0.0,3.595739189518982,0.0,0.0,0.0,0.0,0.0,0.0,0.0,0.0,3.228573091082251e-05,0.0,0.0,0.0,0.0,0.0007020391995670745,0.1673194584927845,0.0,0.0,0.0,0.0,0.0,0.0,3.4941831379568084e-05,0.0,0.0,0.0,0.0,0.0005587474010871344,0.08971696407564811
2026-07-02 06:08:42.058000088,0.0,0.0,0.0,0.0,0.0,0.0,330.65708741929103,0.0,0.0,0.0,0.0,3474.2728364236455,549380.4343796623,0.010248642478676717,0.018413107651261505,0.006452596489530793,0.0060655797449652715,0.00553803131353032,0.0055590483596337165,0.0029594281405327335,0.0028457382766918704,0.02408389150980664,0.005965897967484143,0.04845727704550685,325924.27578435204,209176.3245916275,154870.37674688807,205024.30372100213,185292.46507003024,198961.54200240434,96799.51739666087,50852.25746611557,1112769.8112412498,125132.61764738213,1286180.2802456787,230302.4612706763,165364.1362746797,139551.65184326845,172622.25710118882,134833.28622654168,135575.9690026412,49321.13683673903,31678.053659433146,785264.4922510766,55770.18434446141,994419.1655405846,0.0,22.72325745542874,0.0,0.0,0.0,0.0,0.0,0.0,3.595739189518982,0.0,0.0,0.0,0.0,0.0,0.0,0.0,0.0,3.234701662510822e-05,0.0,0.0,0.0,0.0,0.000702202240086952,0.16769315617569955,0.0,0.0,0.0,0.0,0.0,0.0,3.502052974971288e-05,0.0,0.0,0.0,0.0,0.0005568113207027667,0.08971706539061766
2026-07-02 06:08:57.058000088,0.0,0.0,0.0,0.0,0.0,0.0,323.02875343275446,0.0,0.0,0.0,0.0,3436.580145732592,547873.8489722642,0.010248642478676717,0.018413107651261505,0.006608463834015231,0.0060655797449652715,0.00553803131353032,0.0055590483596337165,0.0028728137318882485,0.0028457382766918704,0.02408389150980664,0.005965897967484143,0.04819473747381523,325924.27578435204,209176.3245916275,158611.38773401664,205024.30372100213,185292.46507003024,198961.54200240434,92281.16238406608,50852.25746611557,1112769.8112412498,125132.61764738213,1276861.5505108815,230302.4612706763,165364.1362746797,142922.6274538647,172622.25710118882,134833.28622654168,135575.9690026412,50563.84748620636,31678.053659433146,785264.4922510766,55770.18434446141,986491.7419552094,0.0,22.72325745542874,0.0,0.0,0.0,0.0,0.0,0.0,3.595739189518982,0.0,0.0,0.0,0.0,0.0,0.0,0.0,0.0,3.240693983621933e-05,0.0,0.0,0.0,0.0,0.0007023652806068297,0.16806685385861464,0.0,0.0,0.0,0.0,0.0,0.0,3.4946794191235556e-05,0.0,0.0,0.0,0.0,0.0005586827170852114,0.08966702561771146
2026-07-02 06:09:12.058000088,0.0,0.0,0.0,0.0,0.0,0.0,325.2809894232083,0.0,0.0,0.0,0.0,3403.2497598035216,547874.7724162523,0.010248642478676717,0.018413107651261505,0.006608463834015231,0.006002647873925263,0.00553803131353032,0.005429559504089336,0.002948611839384898,0.0028439114307965254,0.02408389150980664,0.005828518395448912,0.047948009907906146,325924.27578435204,209176.3245916275,158611.38773401664,209887.00615510592,185292.46507003024,194327.0612955421,94715.96607100949,45359.199682475424,1112769.8112412498,122251.12930250267,1277108.405732969,230302.4612706763,165364.1362746797,142922.6274538647,176112.79429422715,134833.28622654168,132417.9505919812,51897.95554363497,26143.77180661056,785264.4922510766,54485.93776509877,987111.2448289878,0.0,22.72325745542874,0.0,0.0,0.0,0.0,0.0,0.0,3.595739189518982,0.0,0.0,0.0,0.0,0.0,0.0,0.0,0.0,3.421427516631701e-05,0.0,0.0,0.0,0.0,0.0007025635404293939,0.16825316240444982,0.0,0.0,0.0,0.0,0.0,0.0,3.502405075174229e-05,0.0,0.0,0.0,0.0,0.0005567341999017271,0.0896671238092388
2026-07-02 06:09:27.058000088,0.0,0.0,0.0,0.0,0.0,0.0,324.4158541502634,0.0,0.0,0.0,0.0,3361.5536274903598,546406.1576614052,0.010050170672616798,0.018413107651261505,0.006608463834015231,0.006002647873925263,0.005464194137889905,0.005464630020807229,0.002948611839384898,0.0028260366729841893,0.02408389150980664,0.005879861117840036,0.04748540073740264,315235.9579301698,209176.3245916275,158611.38773401664,209887.00615510592,190876.2295067375,190394.4258688525,94715.96607100949,51288.50015626356,1112769.8112412498,119899.87138044217,1268963.2317367527,222775.05532418846,165364.1362746797,142922.6274538647,176112.79429422715,138307.9708532354,129760.57451377482,51897.95554363497,31475.67269218387,785264.4922510766,53438.3837328488,979126.0018798425,0.0,22.72325745542874,0.0,0.0,0.0,0.0,0.0,0.0,3.595739189518982,0.0,0.0,0.0,0.0,0.0,0.0,0.0,0.0,3.4398197757614604e-05,0.0,0.0,0.0,0.0,0.0007027266608839395,0.16862644599061058,0.0,0.0,0.0,0.0,0.0,0.0,3.559483610670957e-05,0.0,0.0,0.0,0.0,0.0005589483566242191,0.08960224167090132
2026-07-02 06:09:42.058000088,0.0,0.0,0.0,0.0,0.0,0.0,325.53194323789586,0.0,0.0,0.0,0.0,3328.318827505725,546407.0674356767,0.010050170672616798,0.018082007060469567,0.006608463834015231,0.006002647873925263,0.005464194137889905,0.005464630020807229,0.0029304081728307044,0.0028260366729841893,0.023771165542826826,0.005833792474404072,0.047274767646271455,315235.9579301698,212647.0523043335,158611.38773401664,209887.00615510592,190876.2295067375,190394.4258688525,98077.82128941902,51288.50015626356,1065655.635073891,124034.054587192,1257139.7950244544,222775.05532418846,167683.2066569391,142922.6274538647,176112.79429422715,138307.9708532354,129760.57451377482,49927.48496168019,31475.67269218387,807065.1244238236,55184.044549572754,969564.5629324946,0.0,23.325219210539807,0.0,0.0,0.0,0.0,0.0,0.0,3.4433970591573257,0.0,0.0,0.0,0.0,0.0,0.0,0.0,0.0,3.4582120348912194e-05,0.0,0.0,0.0,0.0,0.0007028897813384847,0.16899972957677128,0.0,0.0,0.0,0.0,0.0,0.0,3.567497807841288e-05,0.0,0.0,0.0,0.0,0.0005569848023509547,0.0896023385245321
2026-07-02 06:09:57.058000088,0.0,0.0,0.0,0.0,0.0,0.0,323.3171120119922,0.0,0.0,0.0,0.0,3296.8824150610917,544840.8424851409,0.010050170672616798,0.018082007060469564,0.006608463834015231,0.006002647873925263,0.0053998442845072745,0.005464630020807229,0.0029304081728307044,0.0028260366729841893,0.023582319810688524,0.005833792474404072,0.047137446071672376,315235.9579301698,212647.05230433345,158611.38773401664,209887.00615510592,184180.79654892907,190394.4258688525,98077.82128941902,51288.50015626356,1021566.0413993937,124034.054587192,1246722.180795827,222775.05532418846,167683.20665693906,142922.6274538647,176112.79429422715,133414.44449023888,129760.57451377482,49927.48496168019,31475.67269218387,776933.229484938,55184.044549572754,960824.3280008133,0.0,23.3252192105398,0.0,0.0,0.0,0.0,0.0,0.0,3.5905714189287807,0.0,0.0,0.0,0.0,0.0,0.0,0.0,0.0,3.4766042940209784e-05,0.0,0.0,0.0,0.0,0.0007030529017930302,0.169373013162932,0.0,0.0,0.0,0.0,0.0,0.0,3.549155514819963e-05,0.0,0.0,0.0,0.0,0.0005588543178662133,0.08954710721207143
2026-07-02 06:10:12.058000088,0.0,0.0,0.0,0.0,0.0,0.0,322.80094650588813,0.0,0.0,0.0,0.0,3263.6305415312986,544841.7277833621,0.010050170672616798,0.01748667740921967,0.006608463834015231,0.006002647873925263,0.0053998442845072745,0.005464630020807229,0.0029304081728307044,0.0028260366729841893,0.023582319810688524,0.005833792474404072,0.04660738395054307,315235.9579301698,214990.32580596526,158611.38773401664,209887.00615510592,184180.79654892907,190394.4258688525,98077.82128941902,51288.50015626356,1021566.0413993937,124034.054587192,1234732.7334029456,222775.05532418846,168835.33148750107,142922.6274538647,176112.79429422715,133414.44449023888,129760.57451377482,49927.48496168019,31475.67269218387,776933.229484938,55184.044549572754,952464.9670136704,0.0,22.426272701926166,0.0,0.0,0.0,0.0,0.0,0.0,3.5905714189287807,0.0,0.0,0.0,0.0,0.0,0.0,0.0,0.0,3.4815963469794416e-05,0.0,0.0,0.0,0.0,0.000703240568903904,0.1695628591021197,0.0,0.0,0.0,0.0,0.0,0.0,3.543841809135843e-05,0.0,0.0,0.0,0.0,0.0005568776714195335,0.08954720157106497
2026-07-02 06:10:27.058000088,0.0,0.0,0.0,0.0,0.0,0.0,320.72498906490176,0.0,0.0,0.0,0.0,3230.641853984229,543414.1454775676,0.009897558129980378,0.01748667740921967,0.0063864651057237015,0.005918268451515634,0.0053998442845072745,0.00542256286358287,0.0029304081728307044,0.00283109515185523,0.023582319810688524,0.005833792474404072,0.04643323752387217,305997.51019820344,214990.32580596526,156666.56370693466,197670.07667578917,184180.79654892907,179993.84452933868,98077.82128941902,45933.268976252584,1021566.0413993937,124034.054587192,1235191.9302943405,215172.48106363486,168835.33148750107,140793.7172751947,165533.1635816057,133414.44449023888,133269.50667063377,49927.48496168019,32631.302184860833,776933.229484938,55184.044549572754,953604.6817730787,0.0,22.426272701926166,0.0,0.0,0.0,0.0,0.0,0.0,3.5905714189287807,0.0,0.0,0.0,0.0,0.0,0.0,0.0,0.0,3.499788015831423e-05,0.0,0.0,0.0,0.0,0.0007034037445795795,0.16993573754455152,0.0,0.0,0.0,0.0,0.0,0.0,3.5559532066635314e-05,0.0,0.0,0.0,0.0,0.0005588674393043653,0.08949253558160529
2026-07-02 06:10:42.058000088,0.0,0.0,0.0,0.0,0.0,0.0,320.07461630681297,0.0,0.0,0.0,0.0,3197.3896230371643,543415.0672191792,0.009897558129980378,0.017065387139277802,0.00640866411349456,0.005918268451515634,0.0053998442845072745,0.00542256286358287,0.002810372224170196,0.0028160564371569326,0.023582319810688524,0.005833792474404072,0.04599249892525727,305997.51019820344,204869.40944357702,165158.15358649354,197670.07667578917,184180.79654892907,179993.84452933868,90474.8297940433,51745.09408907493,1021566.0413993937,124034.054587192,1239665.3515498852,215172.48106363486,160194.16273717448,147135.97252783374,165533.1635816057,133414.44449023888,133269.50667063377,43392.80616520497,31556.554173549786,776933.229484938,55184.044549572754,950566.3157017868,0.0,0.0,0.0,0.0,0.0,0.0,0.0,0.0,3.5905714189287807,0.0,0.0,0.0,0.0,0.0,0.0,0.0,0.0,3.474013291273148e-05,0.0,0.0,0.0,0.0,0.0007035669202552553,0.17030861598698332,0.0,0.0,0.0,0.0,0.0,0.0,3.5639271677460275e-05,0.0,0.0,0.0,0.0,0.0005568771823245207,0.08949263393903384
2026-07-02 06:10:57.058000088,0.0,0.0,0.0,0.0,0.0,0.0,316.57381848485113,0.0,0.0,0.0,0.0,3162.4590812861693,541970.5070191888,0.009897558129980378,0.017065387139277802,0.00640866411349456,0.005763796507545267,0.005358080141140617,0.005289505597617109,0.0028837595661383286,0.0028160564371569326,0.023582319810688524,0.0056866229055029084,0.045744094844882864,305997.51019820344,204869.40944357702,165158.15358649354,192510.71608594284,172436.1570295416,175577.20807048245,92837.40198875124,51745.09408907493,1021566.0413993937,120905.03715594971,1235397.6373404735,215172.48106363486,160194.16273717448,147135.97252783374,161212.60432014352,122405.2878232631,129999.37838622254,44525.92393430869,31556.554173549786,776933.229484938,53791.91205905031,946386.8036693269,0.0,0.0,0.0,0.0,0.0,0.0,0.0,0.0,3.5905714189287807,0.0,0.0,0.0,0.0,0.0,0.0,0.0,0.0,3.480940327257997e-05,0.0,0.0,0.0,0.0,0.0007037300959309308,0.17068149442941513,0.0,0.0,0.0,0.0,0.0,0.0,3.555677857749685e-05,0.0,0.0,0.0,0.0,0.0005590881333896971,0.08943671813747539
2026-07-02 06:11:12.058000088,0.0,0.0,0.0,0.0,0.0,0.0,317.6335731126808,0.0,0.0,0.0,0.0,3129.233604734785,541971.4055112002,0.00961341441232444,0.017065387139277802,0.00640866411349456,0.005814894768536843,0.0052935099586172004,0.005255614579719716,0.0028837595661383286,0.0028160564371569326,0.023582319810688524,0.00569948658214429,0.04555064394297636,297212.7908765953,204869.40944357702,165158.15358649354,197863.4421956246,166703.9621701574,174452.24654217408,92837.40198875124,51745.09408907493,1021566.0413993937,121501.0216207436,1237335.1210319207,208995.20906343553,160194.16273717448,147135.97252783374,165096.99343550834,118399.0128967703,129166.44396953109,44525.92393430869,31556.554173549786,776933.229484938,54012.32100264168,947622.3335240717,0.0,0.0,0.0,0.0,0.0,0.0,0.0,0.0,3.5905714189287807,0.0,0.0,0.0,0.0,0.0,0.0,0.0,0.0,3.464333320673401e-05,0.0,0.0,0.0,0.0,0.0007039219305382937,0.17087579838899172,0.0,0.0,0.0,0.0,0.0,0.0,3.549094940877276e-05,0.0,0.0,0.0,0.0,0.0005570825040057533,0.08943681412381213
2026-07-02 06:11:27.058000088,0.0,0.0,0.0,0.0,0.0,0.0,317.8169546917234,0.0,0.0,0.0,0.0,3106.5723557537654,540490.9313238928,0.009597733978063926,0.016618619657743524,0.00640866411349456,0.005814894768536843,0.0052935099586172004,0.005340998073256514,0.0028837595661383286,0.0028160564371569326,0.02302196716765304,0.00569948658214429,0.04532112226193217,306831.47396435385,209027.45009283596,165158.15358649354,197863.4421956246,166703.9621701574,171020.12050325162,92837.40198875124,51745.09408907493,929385.0752308028,121501.0216207436,1238341.6282842038,214846.20554315974,162804.467859493,147135.97252783374,165096.99343550834,118399.0128967703,126630.09796446303,44525.92393430869,31556.554173549786,710955.2216809125,54012.32100264168,948205.5049290801,0.0,0.0,0.0,0.0,0.0,0.0,0.0,0.0,3.5719751688425396,0.0,0.0,0.0,0.0,0.0,0.0,0.0,0.0,3.470927973079817e-05,0.0,0.0,0.0,0.0,0.000704085170121627,0.17124828473724596,0.0,0.0,0.0,0.0,0.0,0.0,3.6018604979654406e-05,0.0,0.0,0.0,0.0,0.0005589635577346394,0.08937799243586059
2026-07-02 06:11:42.058000088,0.0,0.0,0.0,0.0,0.0,0.0,317.2017588473396,0.0,0.0,0.0,0.0,3073.227260734158,540491.8649516624,0.009414918557666886,0.015709958625114803,0.00640866411349456,0.005814894768536843,0.0052935099586172004,0.005288012665464999,0.0028837595661383286,0.0028160564371569326,0.02302196716765304,0.00569948658214429,0.04511599631377007,315130.1696619088,199286.0021640716,165158.15358649354,197863.4421956246,166703.9621701574,175507.78410974203,92837.40198875124,51745.09408907493,929385.0752308028,121501.0216207436,1235326.9646414395,219746.7349675664,154792.9317548414,147135.97252783374,165096.99343550834,118399.0128967703,129793.48654218718,44525.92393430869,31556.554173549786,710955.2216809125,54012.32100264168,945578.9073047685,0.0,0.0,0.0,0.0,0.0,0.0,0.0,0.0,3.5719751688425396,0.0,0.0,0.0,0.0,0.0,0.0,0.0,0.0,3.4775226254862344e-05,0.0,0.0,0.0,0.0,0.0007042484097049603,0.17162077108550017,0.0,0.0,0.0,0.0,0.0,0.0,3.603032463683767e-05,0.0,0.0,0.0,0.0,0.0005569444151183173,0.08937809228844075
2026-07-02 06:11:57.058000088,0.0,0.0,0.0,0.0,0.0,0.0,309.26839581831075,0.0,0.0,0.0,0.0,3041.7951837492296,538949.1666311898,0.009414918557666886,0.016071722432185763,0.0061900415858391475,0.005814894768536843,0.0052935099586172004,0.005288012665464999,0.0028837595661383286,0.002809763029050743,0.02302196716765304,0.00569948658214429,0.04481200186989702,315130.1696619088,203875.09527113882,161144.35319641922,197863.4421956246,166703.9621701574,175507.78410974203,92837.40198875124,54143.329203179346,929385.0752308028,121501.0216207436,1213362.3865276196,219746.7349675664,158357.45293758877,143039.84783907206,165096.99343550834,118399.0128967703,129793.48654218718,44525.92393430869,26564.518777247125,710955.2216809125,54012.32100264168,926346.1169413984,0.0,0.0,0.0,0.0,0.0,0.0,0.0,0.0,3.5719751688425396,0.0,0.0,0.0,0.0,0.0,0.0,0.0,0.0,3.484117277892652e-05,0.0,0.0,0.0,0.0,0.0007044116492882935,0.17199325743375435,0.0,0.0,0.0,0.0,0.0,0.0,3.5646566573475924e-05,0.0,0.0,0.0,0.0,0.0005593667121100969,0.08931276899663548
2026-07-02 06:12:12.058000088,0.0,0.0,0.0,0.0,0.0,0.0,310.3674566165864,0.0,0.0,0.0,0.0,3008.425218309099,538950.1195055814,0.009414918557666886,0.016071722432185763,0.0061900415858391475,0.0057111295246779,0.005235404718926648,0.005288012665464999,0.002815460858237945,0.0027853822000819487,0.02302196716765304,0.005663006728974952,0.044128437800463514,315130.1696619088,203875.09527113882,161144.35319641922,198729.31811945388,172715.69777331708,175507.78410974203,90638.64912630263,59423.84335036984,929385.0752308028,126320.7380269319,1201243.8949331788,219746.7349675664,158357.45293758877,143039.84783907206,166058.5269098554,122236.88570664471,129793.48654218718,43471.375868480725,25540.045286925015,710955.2216809125,56141.538729611486,916810.3299242125,0.0,0.0,0.0,0.0,0.0,0.0,0.0,0.0,3.5719751688425396,0.0,0.0,0.0,0.0,0.0,0.0,0.0,0.0,3.4722187543905756e-05,0.0,0.0,0.0,0.0,0.0007045929399609636,0.17217876896623321,0.0,0.0,0.0,0.0,0.0,0.0,3.572610576292109e-05,0.0,0.0,0.0,0.0,0.0005573301626306767,0.08931287102120486
2026-07-02 06:12:27.058000088,0.0,0.0,0.0,0.0,0.0,0.0,326.48162833157085,0.0,0.0,0.0,0.0,2971.2345613549383,537556.8194242249,0.009414918557666886,0.015730320978960464,0.0061900415858391475,0.0057111295246779,0.005235404718926648,0.005288012665464999,0.0028661812803285765,0.0027853822000819487,0.022849955402534046,0.005595002929515807,0.04391262755787584,315130.1696619088,198692.71078218028,161144.35319641922,198729.31811945388,172715.69777331708,175507.78410974203,91363.94981142273,59423.84335036984,984351.8245479227,133094.4739831915,1192137.948817423,219746.7349675664,154347.4897023211,143039.84783907206,166058.5269098554,122236.88570664471,129793.48654218718,37628.22651305064,25540.045286925015,747237.4508334696,62053.00295788676,912372.8730888232,0.0,0.0,0.0,0.0,0.0,0.0,0.0,0.0,3.477795726200003,0.0,0.0,0.0,0.0,0.0,0.0,0.0,0.0,3.489609781248179e-05,0.0,0.0,0.0,0.0,0.0007047562194594886,0.1725508528621269,0.0,0.0,0.0,0.0,0.0,0.0,3.663007700405695e-05,0.0,0.0,0.0,0.0,0.0005591185150701372,0.08924854478797625
2026-07-02 06:12:42.058000088,0.0,0.0,0.0,0.0,0.0,0.0,327.6510369192088,0.0,0.0,0.0,0.0,2937.919595737101,537557.7903759935,0.009414918557666886,0.015730320978960464,0.0061900415858391475,0.0057111295246779,0.005235404718926648,0.0050992556353630855,0.0028661812803285765,0.0027853822000819487,0.022849955402534046,0.005595002929515807,0.043774826638167987,315130.1696619088,198692.71078218028,161144.35319641922,198729.31811945388,172715.69777331708,177627.32585011472,91363.94981142273,59423.84335036984,984351.8245479227,133094.4739831915,1188308.7682990464,219746.7349675664,154347.4897023211,143039.84783907206,166058.5269098554,122236.88570664471,130904.62312487268,37628.22651305064,25540.045286925015,747237.4508334696,62053.00295788676,903692.926733674,0.0,0.0,0.0,0.0,0.0,0.0,0.0,0.0,3.477795726200003,0.0,0.0,0.0,0.0,0.0,0.0,0.0,0.0,3.507000808105781e-05,0.0,0.0,0.0,0.0,0.0007049194989580137,0.17292293675802065,0.0,0.0,0.0,0.0,0.0,0.0,3.6714040673116514e-05,0.0,0.0,0.0,0.0,0.000557068545757858,0.0892486488623354
2026-07-02 06:12:57.058000088,0.0,0.0,0.0,0.0,0.0,0.0,319.0460348081205,0.0,0.0,0.0,0.0,2908.406260808601,536023.9299897709,0.009198063062384007,0.015730320978960464,0.0061900415858391475,0.0057111295246779,0.0051835598419312425,0.005173960213143252,0.0028661812803285765,0.0027853822000819487,0.022849955402534046,0.005595002929515807,0.04364477652235199,303007.00153430755,198692.71078218028,161144.35319641922,198729.31811945388,176821.4385554438,175013.24836374965,91363.94981142273,59423.84335036984,984351.8245479227,133094.4739831915,1189691.8888525825,211298.23856136898,154347.4897023211,143039.84783907206,166058.5269098554,124666.74491289275,128991.45721559873,37628.22651305064,25540.045286925015,747237.4508334696,62053.00295788676,908934.8969165158,0.0,0.0,0.0,0.0,0.0,0.0,0.0,0.0,3.477795726200003,0.0,0.0,0.0,0.0,0.0,0.0,0.0,0.0,3.524391834963384e-05,0.0,0.0,0.0,0.0,0.0007050827784565388,0.17329502065391436,0.0,0.0,0.0,0.0,0.0,0.0,3.702571936722386e-05,0.0,0.0,0.0,0.0,0.0005591991335256094,0.08918399758052023
2026-07-02 06:13:12.058000088,0.0,0.0,0.0,0.0,0.0,0.0,320.204849594118,0.0,0.0,0.0,0.0,2875.0446382207397,536024.8899705879,0.008934141024738426,0.015730320978960464,0.006103848500970473,0.0057111295246779,0.0051835598419312425,0.005173960213143252,0.0028661812803285765,0.0027853822000819487,0.02261678245153055,0.005595002929515807,0.04351342568009478,293308.9830670788,198692.71078218028,155948.10626213092,198729.31811945388,176821.4385554438,175013.24836374965,91363.94981142273,59423.84335036984,1020976.7497411864,133094.4739831915,1182287.0235116975,202483.46478798098,154347.4897023211,138283.85270670668,166058.5269098554,124666.74491289275,128991.45721559873,37628.22651305064,25540.045286925015,774879.9364655993,62053.00295788676,902814.2348456145,0.0,0.0,0.0,0.0,0.0,0.0,0.0,0.0,3.610389919466974,0.0,0.0,0.0,0.0,0.0,0.0,0.0,0.0,3.529244137422027e-05,0.0,0.0,0.0,0.0,0.0007052736475459064,0.1734923736871049,0.0,0.0,0.0,0.0,0.0,0.0,3.6855014150743144e-05,0.0,0.0,0.0,0.0,0.0005571331172291063,0.08918410059046182
2026-07-02 06:13:27.058000088,0.0,0.0,0.0,0.0,0.0,0.0,318.41306382519787,0.0,0.0,0.0,0.0,2843.7860451024494,534713.8474383771,0.008934141024738426,0.015020112923211768,0.00600601619600384,0.0057111295246779,0.0051835598419312425,0.005173960213143252,0.0028661812803285765,0.0027853822000819487,0.02261678245153055,0.005595002929515807,0.04292390019670563,293308.9830670788,205621.46163925529,161071.98787749407,198729.31811945388,176821.4385554438,175013.24836374965,91363.94981142273,59423.84335036984,1020976.7497411864,133094.4739831915,1175767.1870225638,202483.46478798098,159362.646799063,142847.80200840245,166058.5269098554,124666.74491289275,128991.45721559873,37628.22651305064,25540.045286925015,774879.9364655993,62053.00295788676,897109.6135103836,0.0,0.0,0.0,0.0,0.0,0.0,0.0,0.0,3.610389919466974,0.0,0.0,0.0,0.0,0.0,0.0,0.0,0.0,3.5464760512192004e-05,0.0,0.0,0.0,0.0,0.0007054369874581871,0.17386408193063937,0.0,0.0,0.0,0.0,0.0,0.0,3.7296703723263016e-05,0.0,0.0,0.0,0.0,0.0005587580358101093,0.08912533837729533
2026-07-02 06:13:42.058000088,0.0,0.0,0.0,0.0,0.0,0.0,318.1036931023268,0.0,0.0,0.0,0.0,2810.399455223475,534714.7860073195,0.008934141024738426,0.014631718920894246,0.00600601619600384,0.005594461421705717,0.0051835598419312425,0.005173960213143252,0.002857646184960992,0.0027715717490704576,0.02261678245153055,0.005469589047747668,0.04279962299556171,293308.9830670788,209869.97191139546,161071.98787749407,189098.99761388078,176821.4385554438,175013.24836374965,94137.5222635274,61889.06263347436,1020976.7497411864,134182.06901216158,1173004.4554691399,202483.46478798098,162077.41560705946,142847.80200840245,159109.09574590193,124666.74491289275,128991.45721559873,38793.833746138545,26571.76435678286,774879.9364655993,52387.123290878335,893473.1998664187,0.0,0.0,0.0,0.0,0.0,0.0,0.0,0.0,3.610389919466974,0.0,0.0,0.0,0.0,0.0,0.0,0.0,0.0,3.522348940761142e-05,0.0,0.0,0.0,0.0,0.0007056003273704678,0.17423579017417387,0.0,0.0,0.0,0.0,0.0,0.0,3.7251206809293526e-05,0.0,0.0,0.0,0.0,0.000556678965455045,0.08912543919734771
2026-07-02 06:13:57.058000088,0.0,0.0,0.0,0.0,0.0,0.0,315.59265732815,0.0,0.0,0.0,0.0,2769.846431475328,533321.1009753466,0.008934141024738426,0.014631718920894246,0.00600601619600384,0.0054461809501689055,0.005126194266215161,0.005173960213143252,0.002838930990126843,0.0027001762917787148,0.02261678245153055,0.005469589047747668,0.04258229630864593,293308.9830670788,209869.97191139546,161071.98787749407,184086.95330439025,181899.59451887367,175013.24836374965,90369.92563187351,60294.80553745794,1020976.7497411864,134182.06901216158,1159441.546853466,202483.46478798098,162077.41560705946,142847.80200840245,154891.929880487,128606.95972167826,128991.45721559873,37240.80450468102,25887.277921265824,774879.9364655993,52387.123290878335,883013.2275644549,0.0,0.0,0.0,0.0,0.0,0.0,0.0,0.0,3.610389919466974,0.0,0.0,0.0,0.0,0.0,0.0,0.0,0.0,3.52879809489648e-05,0.0,0.0,0.0,0.0,0.0007057636672827485,0.1746074984177084,0.0,0.0,0.0,0.0,0.0,0.0,3.7193880608321724e-05,0.0,0.0,0.0,0.0,0.0005588105146167679,0.08906048399854945
2026-07-02 06:14:12.058000088,0.0,0.0,0.0,0.0,0.0,0.0,314.4232963737059,0.0,0.0,0.0,0.0,2736.561921940495,533322.0168350254,0.008934141024738426,0.014631718920894246,0.00600601619600384,0.00554451573808863,0.005126194266215161,0.005173960213143252,0.002838930990126843,0.0027498686433087617,0.02242513632965157,0.005469589047747668,0.042294542764351656,293308.9830670788,209869.97191139546,161071.98787749407,180644.89346765433,181899.59451887367,175013.24836374965,90369.92563187351,58850.47910455993,1056992.0956876471,134182.06901216158,1162061.9767059153,202483.46478798098,162077.41560705946,142847.80200840245,152069.13377364614,128606.95972167826,128991.45721559873,37240.80450468102,25267.163477837807,796946.0604456355,52387.123290878335,883903.9207310104,0.0,0.0,0.0,0.0,0.0,0.0,0.0,0.0,3.458426897037075,0.0,0.0,0.0,0.0,0.0,0.0,0.0,0.0,3.512590585777433e-05,0.0,0.0,0.0,0.0,0.0007059496795973913,0.17482209704368817,0.0,0.0,0.0,0.0,0.0,0.0,3.708400167955002e-05,0.0,0.0,0.0,0.0,0.0005567152033893369,0.08906058248298854
2026-07-02 06:14:27.058000088,0.0,0.0,0.0,0.0,0.0,0.0,315.08870700848024,0.0,0.0,0.0,0.0,2706.3666550615512,531854.2579309221,0.008740423906544073,0.014631718920894246,0.00600601619600384,0.00554451573808863,0.005126194266215161,0.005134571350079411,0.002838930990126843,0.0027498686433087617,0.02242513632965157,0.005469589047747668,0.04208753761001583,297671.29153208,209869.97191139546,161071.98787749407,180644.89346765433,181899.59451887367,178704.53433357773,90369.92563187351,58850.47910455993,1056992.0956876471,134182.06901216158,1140927.6797378312,204762.3930747616,162077.41560705946,142847.80200840245,152069.13377364614,128606.95972167826,132233.62564651537,37240.80450468102,25267.163477837807,796946.0604456355,52387.123290878335,863628.8779135278,0.0,0.0,0.0,0.0,0.0,0.0,0.0,0.0,3.458426897037075,0.0,0.0,0.0,0.0,0.0,0.0,0.0,0.0,3.518766121491718e-05,0.0,0.0,0.0,0.0,0.000706113068727826,0.17519346944977793,0.0,0.0,0.0,0.0,0.0,0.0,3.717449032462907e-05,0.0,0.0,0.0,0.0,0.0005592100860698871,0.08900133611035342
2026-07-02 06:14:42.058000088,0.0,0.0,0.0,0.0,0.0,0.0,314.54391905091825,0.0,0.0,0.0,0.0,2673.038074239532,531855.1538416172,0.008473793402425689,0.014631718920894246,0.0058642153086193045,0.00554451573808863,0.005077673214573074,0.004888646302699255,0.002838930990126843,0.0027498686433087617,0.021870526573576236,0.005469589047747668,0.041475703045229954,287729.1223718017,209869.97191139546,157269.10921908874,180644.89346765433,174041.68477551575,166404.15436642896,90369.92563187351,58850.47910455993,1017969.201171095,134182.06901216158,1128345.2058211837,196265.18171743487,162077.41560705946,139475.19287371525,152069.13377364614,123063.70893726082,120884.04402780168,37240.80450468102,25267.163477837807,771403.6487509129,52387.123290878335,851221.0361797257,0.0,0.0,0.0,0.0,0.0,0.0,0.0,0.0,3.614774153835292,0.0,0.0,0.0,0.0,0.0,0.0,0.0,0.0,3.5249416572060044e-05,0.0,0.0,0.0,0.0,0.0007062764578582609,0.17556484185586768,0.0,0.0,0.0,0.0,0.0,0.0,3.718660888824885e-05,0.0,0.0,0.0,0.0,0.0005570960648339277,0.08900143254991819
2026-07-02 06:14:57.058000088,0.0,0.0,0.0,0.0,0.0,0.0,319.4336991208283,0.0,0.0,0.0,0.0,2637.2307257869065,530386.8958579177,0.008473793402425689,0.013605072648491475,0.005510174973333331,0.00554451573808863,0.005077673214573074,0.0050211369678221625,0.0027186115256021253,0.0027498686433087617,0.021870526573576236,0.005469589047747668,0.04120297415811185,287729.1223718017,198513.8089575743,156779.8613333333,180644.89346765433,174041.68477551575,170913.99118547843,85730.8169906417,58850.47910455993,1017969.201171095,134182.06901216158,1126269.879585364,196265.18171743487,152558.40567276615,138664.89173333332,152069.13377364614,123063.70893726082,124160.20810355963,38223.760050658966,25267.163477837807,771403.6487509129,52387.123290878335,843318.336203625,0.0,0.0,0.0,0.0,0.0,0.0,0.0,0.0,3.614774153835292,0.0,0.0,0.0,0.0,0.0,0.0,0.0,0.0,3.53111719292029e-05,0.0,0.0,0.0,0.0,0.0007064398469886957,0.1759362142619574,0.0,0.0,0.0,0.0,0.0,0.0,3.751613692993507e-05,0.0,0.0,0.0,0.0,0.0005595025288237273,0.0889282961324006
2026-07-02 06:15:12.058000088,0.0,0.0,0.0,0.0,0.0,0.0,318.88961328752833,0.0,0.0,0.0,0.0,2603.9322218075204,530387.8232332849,0.008473793402425689,0.013645036817288616,0.005710751442328546,0.005256663406810049,0.004962106153679972,0.0050211369678221625,0.0027818782353343807,0.0027110012117306497,0.021870526573576236,0.005469589047747668,0.04109444649016039,287729.1223718017,199096.93258908417,169438.6188348588,178949.75605172085,180980.96929623408,170913.99118547843,87725.91877792437,66229.88604247398,1017969.201171095,134182.06901216158,1119480.2492458727,196265.18171743487,153006.5377800508,138885.1915152041,149746.25000579038,127546.90385837913,124160.20810355963,39113.29189778994,25258.51339330857,771403.6487509129,52387.123290878335,838060.7476866803,0.0,0.0,0.0,0.0,0.0,0.0,0.0,0.0,3.614774153835292,0.0,0.0,0.0,0.0,0.0,0.0,0.0,0.0,3.515252469076375e-05,0.0,0.0,0.0,0.0,0.0007066273662825669,0.17613741969600427,0.0,0.0,0.0,0.0,0.0,0.0,3.745646073049512e-05,0.0,0.0,0.0,0.0,0.0005573701689777815,0.08892839606149454
2026-07-02 06:15:27.058000088,0.0,0.0,0.0,0.0,0.0,0.0,313.58925689912184,0.0,0.0,0.0,0.0,2572.979831733438,528437.4493989047,0.008473793402425689,0.013452508174341215,0.005710751442328546,0.005384911190273121,0.004962106153679972,0.0050211369678221625,0.0027190925587136524,0.0027110012117306497,0.021870526573576236,0.0052240257634362805,0.040645458140615535,287729.1223718017,194414.6466301757,169438.6188348588,183315.62614626766,180980.96929623408,170913.99118547843,85745.98626409707,66229.88604247398,1017969.201171095,134908.3410976506,1107497.3603265998,196265.18171743487,149370.1649664209,138885.1915152041,153399.6367948836,127546.90385837913,124160.20810355963,38230.5233907163,25258.51339330857,771403.6487509129,52671.37021904331,829754.544344607,0.0,0.0,0.0,0.0,0.0,0.0,0.0,0.0,3.614774153835292,0.0,0.0,0.0,0.0,0.0,0.0,0.0,0.0,3.521174096060501e-05,0.0,0.0,0.0,0.0,0.0007067908073745211,0.1765084316423656,0.0,0.0,0.0,0.0,0.0,0.0,3.712914949854474e-05,0.0,0.0,0.0,0.0,0.0005594718431124028,0.08886165608007529
2026-07-02 06:15:42.058000088,0.0,0.0,0.0,0.0,0.0,0.0,314.6902051967757,0.0,0.0,0.0,0.0,2539.6490021811082,528438.3929653303,0.008473793402425689,0.013452508174341215,0.005710751442328546,0.005253928320667989,0.004962106153679972,0.0050211369678221625,0.0027737339096460404,0.0027110012117306497,0.021742188821609738,0.005285153386798429,0.040149877616433904,287729.1223718017,194414.6466301757,169438.6188348588,178856.6469899407,180980.96929623408,170913.99118547843,83698.26470235488,66229.88604247398,980899.7967457214,132058.2202053691,1097394.0203176779,196265.18171743487,149370.1649664209,138885.1915152041,149668.33577360163,127546.90385837913,124160.20810355963,37319.468138548946,25258.51339330857,743200.6045773443,51558.61639326075,823792.3900640117,0.0,0.0,0.0,0.0,0.0,0.0,0.0,0.0,3.4819302610852643,0.0,0.0,0.0,0.0,0.0,0.0,0.0,0.0,3.527095723044629e-05,0.0,0.0,0.0,0.0,0.000706954248466475,0.1768794435887269,0.0,0.0,0.0,0.0,0.0,0.0,3.7213001039400266e-05,0.0,0.0,0.0,0.0,0.0005573227883948654,0.08886175785689879
2026-07-02 06:15:57.058000088,0.0,0.0,0.0,0.0,0.0,0.0,313.47583800446165,0.0,0.0,0.0,0.0,2511.3509393268478,526682.1226380226,0.008473793402425689,0.013452508174341215,0.005710751442328546,0.005329389595347032,0.004962106153679972,0.0050211369678221625,0.0027737339096460404,0.0027110012117306497,0.021742188821609738,0.005285153386798429,0.039799326855892665,287729.1223718017,194414.6466301757,169438.6188348588,184938.66172832958,180980.96929623408,170913.99118547843,83698.26470235488,66229.88604247398,980899.7967457214,132058.2202053691,1092283.3593773139,196265.18171743487,149370.1649664209,138885.1915152041,154232.9761511008,127546.90385837913,124160.20810355963,37319.468138548946,25258.51339330857,743200.6045773443,51558.61639326075,823311.083803275,0.0,0.0,0.0,0.0,0.0,0.0,0.0,0.0,3.4819302610852643,0.0,0.0,0.0,0.0,0.0,0.0,0.0,0.0,3.527279115504946e-05,0.0,0.0,0.0,0.0,0.0007071176895584291,0.1772504555350882,0.0,0.0,0.0,0.0,0.0,0.0,3.723834507714851e-05,0.0,0.0,0.0,0.0,0.0005587849957948831,0.08879750719588989
2026-07-02 06:16:12.058000088,0.0,0.0,0.0,0.0,0.0,0.0,314.55385357762543,0.0,0.0,0.0,0.0,2477.9555241146068,526683.0462035803,0.008001624790670481,0.013452508174341215,0.005710751442328546,0.005329389595347032,0.004962106153679972,0.004888596091329576,0.0027737339096460404,0.0027110012117306497,0.021742188821609738,0.005285153386798429,0.039707058697588414,288718.0988608946,194414.6466301757,169438.6188348588,184938.66172832958,180980.96929623408,166402.4452265171,83698.26470235488,66229.88604247398,980899.7967457214,132058.2202053691,1093739.9833707428,195925.36972256852,149370.1649664209,138885.1915152041,154232.9761511008,127546.90385837913,120882.80242572061,37319.468138548946,25258.51339330857,743200.6045773443,51558.61639326075,824130.9772322645,0.0,0.0,0.0,0.0,0.0,0.0,0.0,0.0,3.4819302610852643,0.0,0.0,0.0,0.0,0.0,0.0,0.0,0.0,3.521755239056096e-05,0.0,0.0,0.0,0.0,0.0007073150698021842,0.1774432217622664,0.0,0.0,0.0,0.0,0.0,0.0,3.7321856278164616e-05,0.0,0.0,0.0,0.0,0.0005566238098641261,0.08879760691500643
2026-07-02 06:16:27.058000088,0.0,0.0,0.0,0.0,0.0,0.0,313.22387386470666,0.0,0.0,0.0,0.0,2449.2907259613576,525219.1744196669,0.008015202236526036,0.013452508174341215,0.005650456259225403,0.005329389595347032,0.004915152128886487,0.004977539008844228,0.0027737339096460404,0.00268996710358353,0.02145868599998854,0.005066967863145261,0.0393663645970525,282219.2115510602,194414.6466301757,176404.5721410342,184938.66172832958,183665.11139079224,173931.66117720873,83698.26470235488,68566.71347971624,931081.3469088564,134864.39444774418,1082526.4539790002,191553.40051848313,149370.1649664209,144289.81851849201,154232.9761511008,128994.33456270448,126984.11377584808,37319.468138548946,26104.891127469284,709785.9761421896,52654.909290987765,813452.5829783743,0.0,0.0,0.0,0.0,0.0,0.0,0.0,0.0,3.6108928011791828,0.0,0.0,0.0,0.0,0.0,0.0,0.0,0.0,3.5379099639592375e-05,0.0,0.0,0.0,0.0,0.0007074785833349477,0.17781386293478996,0.0,0.0,0.0,0.0,0.0,0.0,3.724276522771245e-05,0.0,0.0,0.0,0.0,0.0005585620717594405,0.0887316194119548
2026-07-02 06:16:42.058000088,0.0,0.0,0.0,0.0,0.0,0.0,314.278950131554,0.0,0.0,0.0,0.0,2415.8359232570524,525220.0784286424,0.008015202236526036,0.01186668388635032,0.005501011636833756,0.005329389595347032,0.004915152128886487,0.004893793070094873,0.0027718977214740534,0.002677880888053565,0.02145868599998854,0.005191824581488513,0.03911924877004014,282219.2115510602,191790.83239871185,164364.21738436882,184938.66172832958,183665.11139079224,162534.9239392758,86919.93166640782,73258.48851489167,931081.3469088564,138187.62959880408,1079097.3444841278,191553.40051848313,147297.7985932746,133671.47312445537,154232.9761511008,128994.33456270448,116420.04329301546,38703.57863909657,25114.096729066776,709785.9761421896,53952.39515557215,810797.948541415,0.0,0.0,0.0,0.0,0.0,0.0,0.0,0.0,3.6108928011791828,0.0,0.0,0.0,0.0,0.0,0.0,0.0,0.0,3.554064688862378e-05,0.0,0.0,0.0,0.0,0.0007076420968677113,0.17818450410731348,0.0,0.0,0.0,0.0,0.0,0.0,3.732510790495128e-05,0.0,0.0,0.0,0.0,0.0005563848853338707,0.08873171711589758
2026-07-02 06:16:57.058000088,0.0,0.0,0.0,0.0,0.0,0.0,307.2846608682246,0.0,0.0,0.0,0.0,2380.1846210194776,523793.52124928526,0.008015202236526036,0.011943050836217583,0.005501011636833756,0.005284494320810627,0.00484980767083227,0.004893793070094873,0.0027675156604853946,0.002677880888053565,0.02145868599998854,0.005153386310572944,0.03862192874151338,282219.2115510602,193025.08461466918,164364.21738436882,171887.87132821692,173542.15101569344,162534.9239392758,84020.96328337275,73258.48851489167,931081.3469088564,133765.84152296453,1069526.0316874606,191553.40051848313,148245.71999309125,133671.47312445537,143172.08155711507,120266.47775455151,116420.04329301546,37418.192969777025,25114.096729066776,709785.9761421896,52224.620499304576,804633.5626912477,0.0,0.0,0.0,0.0,0.0,0.0,0.0,0.0,3.6108928011791828,0.0,0.0,0.0,0.0,0.0,0.0,0.0,0.0,3.5702194137655196e-05,0.0,0.0,0.0,0.0,0.0007078056104004748,0.17855514527983707,0.0,0.0,0.0,0.0,0.0,0.0,3.745145237583711e-05,0.0,0.0,0.0,0.0,0.0005581979019268124,0.08843537555673078
2026-07-02 06:17:12.058000088,0.0,0.0,0.0,0.0,0.0,0.0,308.3329753613259,0.0,0.0,0.0,0.0,2346.7716334198603,523794.4188871643,0.008015202236526036,0.012218711978762196,0.005501011636833756,0.005284494320810627,0.00484980767083227,0.004893793070094873,0.0027675156604853946,0.002677880888053565,0.02145868599998854,0.005153386310572944,0.03848734451180832,282219.2115510602,197480.35455317528,164364.21738436882,171887.87132821692,173542.15101569344,162534.9239392758,84020.96328337275,73258.48851489167,931081.3469088564,133765.84152296453,1065088.778947836,191553.40051848313,151667.42397066441,133671.47312445537,143172.08155711507,120266.47775455151,116420.04329301546,37418.192969777025,25114.096729066776,709785.9761421896,52224.620499304576,801967.4165872213,0.0,0.0,0.0,0.0,0.0,0.0,0.0,0.0,3.6108928011791828,0.0,0.0,0.0,0.0,0.0,0.0,0.0,0.0,3.576740741808757e-05,0.0,0.0,0.0,0.0,0.0007080007763531073,0.17876424945527392,0.0,0.0,0.0,0.0,0.0,0.0,3.746580509160766e-05,0.0,0.0,0.0,0.0,0.0005560049621980387,0.08843547242608085
2026-07-02 06:17:27.058000088,0.0,0.0,0.0,0.0,0.0,0.0,310.84760140554175,0.0,0.0,0.0,0.0,2319.494484144299,522348.8669540451,0.008015202236526036,0.012218711978762196,0.005501011636833756,0.005251339452371901,0.00484980767083227,0.004893793070094873,0.0027675156604853946,0.002677880888053565,0.021327292651751026,0.005153386310572944,0.03839978512124555,282219.2115510602,197480.35455317528,164364.21738436882,165948.18960212328,173542.15101569344,162534.9239392758,84020.96328337275,73258.48851489167,963447.4402514326,133765.84152296453,1059115.2267899606,191553.40051848313,151667.42397066441,133671.47312445537,138227.3186746875,120266.47775455151,116420.04329301546,37418.192969777025,25114.096729066776,728828.6476191754,52224.620499304576,798531.3542926646,0.0,0.0,0.0,0.0,0.0,0.0,0.0,0.0,3.434266619322529,0.0,0.0,0.0,0.0,0.0,0.0,0.0,0.0,3.5927938527461534e-05,0.0,0.0,0.0,0.0,0.0007081643568615819,0.1791345552669889,0.0,0.0,0.0,0.0,0.0,0.0,3.8073130136142564e-05,0.0,0.0,0.0,0.0,0.0005575082463465485,0.08814139376497265
2026-07-02 06:17:42.058000088,0.0,0.0,0.0,0.0,0.0,0.0,310.6121459967924,0.0,0.0,0.0,0.0,2286.00054927991,522352.00061095966,0.008015202236526036,0.012218711978762196,0.005501011636833756,0.005251339452371901,0.00484980767083227,0.004818606680312791,0.0027675156604853946,0.00264745373501438,0.02041592664917346,0.005153386310572944,0.037879981019422124,282219.2115510602,197480.35455317528,164364.21738436882,165948.18960212328,173542.15101569344,159446.92889294025,84020.96328337275,76292.62180710197,983895.1581444792,133765.84152296453,1041232.2367259428,191553.40051848313,151667.42397066441,133671.47312445537,138227.3186746875,120266.47775455151,113658.842869185,37418.192969777025,19604.40812142267,744118.5110391964,52224.620499304576,786619.7698414352,0.0,0.0,0.0,0.0,0.0,0.0,0.0,0.0,3.5088923099084317,0.0,0.0,0.0,0.0,0.0,0.0,0.0,0.0,3.580975464313639e-05,0.0,0.0,0.0,0.0,0.0007083279373700565,0.17950486107870386,0.0,0.0,0.0,0.0,0.0,0.0,3.815784431559364e-05,0.0,0.0,0.0,0.0,0.0005553027782177907,0.08814173143839396
2026-07-02 06:17:57.058000088,0.0,0.0,0.0,0.0,0.0,0.0,300.51685348363685,0.0,0.0,0.0,0.0,2247.0308100621996,520969.8438928827,0.007563295012032706,0.011928507526804957,0.005445724398931621,0.005251339452371901,0.00484980767083227,0.004818606680312791,0.0027675156604853946,0.00264745373501438,0.020946763642755904,0.005153386310572944,0.03784711777192501,275763.4228931786,202151.96382748455,169748.29372574095,165948.18960212328,173542.15101569344,159446.92889294025,84020.96328337275,76292.62180710197,1009477.5358990978,133765.84152296453,1037083.1209182756,184631.53916645254,154758.9998933453,137818.52314391965,138227.3186746875,120266.47775455151,113658.842869185,37418.192969777025,19604.40812142267,763466.427009745,52224.620499304576,784232.3722463041,0.0,0.0,0.0,0.0,0.0,0.0,0.0,0.0,3.6001274459178845,0.0,0.0,0.0,0.0,0.0,0.0,0.0,0.0,3.576701195429528e-05,0.0,0.0,0.0,0.0,0.0007084915178785311,0.17987516689041885,0.0,0.0,0.0,0.0,0.0,0.0,3.802831360596416e-05,0.0,0.0,0.0,0.0,0.0005566033871804733,0.08785908918464308
2026-07-02 06:18:12.058000088,0.0,0.0,0.0,0.0,0.0,0.0,300.15753684764337,0.0,0.0,0.0,0.0,2213.642927253993,520971.89492327446,0.007563295012032706,0.011928507526804957,0.005445724398931621,0.005193410371523407,0.004730928444261991,0.004818606680312791,0.002668597935575482,0.0026352461148652986,0.020946763642755908,0.0050505977941650475,0.03759966351001531,275763.4228931786,202151.96382748455,169748.29372574095,171624.84304340443,169288.25929661258,159446.92889294025,78910.5955865623,73366.36257606187,1009477.535899098,138491.62291289118,1030222.1032299496,184631.53916645254,154758.9998933453,137818.52314391965,141962.2985049621,117318.48747778674,113658.842869185,31982.567264924724,18851.566076597974,763466.4270097453,54034.195993037596,778659.1929266189,0.0,0.0,0.0,0.0,0.0,0.0,0.0,0.0,3.6001274459178854,0.0,0.0,0.0,0.0,0.0,0.0,0.0,0.0,3.560938944254004e-05,0.0,0.0,0.0,0.0,0.0007087636192737629,0.18009756862268303,0.0,0.0,0.0,0.0,0.0,0.0,3.8223921975729164e-05,0.0,0.0,0.0,0.0,0.0005543861097383045,0.08785930987920167
2026-07-02 06:18:27.058000088,0.0,0.0,0.0,0.0,0.0,0.0,290.7044414307188,0.0,0.0,0.0,0.0,2178.537241237699,519456.36296593666,0.007563295012032706,0.011928507526804957,0.005311419016667771,0.005193410371523407,0.004769788762976491,0.004818606680312791,0.002741789749299399,0.0026352461148652986,0.020946763642755908,0.004926187344644308,0.03727615965809939,275763.4228931786,202151.96382748455,175505.2142419561,171624.84304340443,169960.67230583323,159446.92889294025,81074.88175946962,73366.36257606187,1009477.535899098,135080.1841558088,1020182.9317717395,184631.53916645254,154758.9998933453,142288.3692212162,141962.2985049621,117501.48302757333,113658.842869185,32859.75527232765,18851.566076597974,763466.4270097453,52703.18154941036,770639.1205868733,0.0,0.0,0.0,0.0,0.0,0.0,0.0,0.0,3.6001274459178854,0.0,0.0,0.0,0.0,0.0,0.0,0.0,0.0,3.566580147957708e-05,0.0,0.0,0.0,0.0,0.0007089274273970121,0.1804675696769473,0.0,0.0,0.0,0.0,0.0,0.0,3.801010994435627e-05,0.0,0.0,0.0,0.0,0.0005562958707090909,0.08757475912230242
2026-07-02 06:18:42.058000088,0.0,0.0,0.0,0.0,0.0,0.0,290.38360939878106,0.0,0.0,0.0,0.0,2145.202290509693,519458.05180686567,0.007563295012032706,0.010778346189044689,0.005311419016667771,0.005193410371523407,0.004769788762976491,0.004818606680312791,0.0027265928214990957,0.0026352461148652986,0.020889172157487066,0.004978778381046395,0.03665047427037112,275763.4228931786,205489.23135810203,175505.2142419561,171624.84304340443,169960.67230583323,159446.92889294025,84714.09701020466,73366.36257606187,977883.1311698585,142450.9241923954,1000981.2324762155,184631.53916645254,157296.95504999007,142288.3692212162,141962.2985049621,117501.48302757333,113658.842869185,37645.19988394853,18851.566076597974,739667.041587246,51356.857405453244,756880.9837772597,0.0,0.0,0.0,0.0,0.0,0.0,0.0,0.0,3.4862081570972547,0.0,0.0,0.0,0.0,0.0,0.0,0.0,0.0,3.572221351661412e-05,0.0,0.0,0.0,0.0,0.0007090912355202615,0.18083757073121148,0.0,0.0,0.0,0.0,0.0,0.0,3.795247071578719e-05,0.0,0.0,0.0,0.0,0.0005540627882005419,0.08757494058852831
2026-07-02 06:18:57.058000088,0.0,0.0,0.0,0.0,0.0,0.0,294.79280817567394,0.0,0.0,0.0,0.0,2112.907007869995,518052.19497790537,0.007563295012032706,0.011056282034134071,0.005311419016667771,0.005193410371523407,0.004769788762976491,0.004717300215465123,0.0027265928214990957,0.0026352461148652986,0.020889172157487066,0.004978778381046395,0.03633082187642982,275763.4228931786,210788.07982451445,175505.2142419561,171624.84304340443,169960.67230583323,161371.01525684795,84714.09701020466,73366.36257606187,977883.1311698585,142450.9241923954,989034.6350440843,184631.53916645254,161353.09328910525,142288.3692212162,141962.2985049621,117501.48302757333,114839.73708461963,37645.19988394853,18851.566076597974,739667.041587246,51356.857405453244,747855.0101790463,0.0,0.0,0.0,0.0,0.0,0.0,0.0,0.0,3.4862081570972547,0.0,0.0,0.0,0.0,0.0,0.0,0.0,0.0,3.577862555365116e-05,0.0,0.0,0.0,0.0,0.0007092550436435107,0.1812075717854757,0.0,0.0,0.0,0.0,0.0,0.0,3.837788985466948e-05,0.0,0.0,0.0,0.0,0.0005561486269567632,0.0872997280305907
2026-07-02 06:19:12.058000088,0.0,0.0,0.0,0.0,0.0,0.0,294.47982314698055,0.0,0.0,0.0,0.0,2079.5681754673055,518054.2798019939,0.006902221257637835,0.010755931880514399,0.005264256357832808,0.005145464834160012,0.004769788762976491,0.004717300215465123,0.0027265928214990957,0.002622973394083273,0.020889172157487066,0.004978778381046395,0.03623545618425466,268513.93215199,203392.51310039728,170462.26343999722,174644.1349024553,169960.67230583323,161371.01525684795,84714.09701020466,68692.98256516976,977883.1311698585,142450.9241923954,987387.8210063444,178792.15544072443,155713.0357230396,138155.94471364576,144044.4872684685,117501.48302757333,114839.73708461963,37645.19988394853,13116.759561279372,739667.041587246,51356.857405453244,744648.8177652683,0.0,0.0,0.0,0.0,0.0,0.0,0.0,0.0,3.4862081570972547,0.0,0.0,0.0,0.0,0.0,0.0,0.0,0.0,3.563833952579931e-05,0.0,0.0,0.0,0.0,0.0007095715623971296,0.18140600081674663,0.0,0.0,0.0,0.0,0.0,0.0,3.850398643706811e-05,0.0,0.0,0.0,0.0,0.0005538976223175893,0.08729995173627252
2026-07-02 06:19:27.058000088,0.0,0.0,0.0,0.0,0.0,0.0,285.76118670266663,0.0,0.0,0.0,0.0,2040.920819794065,516545.9459512136,0.0071033794937275406,0.010755931880514399,0.005264256357832808,0.005145464834160012,0.004769788762976491,0.004717300215465123,0.0027265928214990957,0.002622973394083273,0.020889172157487066,0.004978778381046395,0.035948940666003404,276339.4982909246,203392.51310039728,170462.26343999722,174644.1349024553,169960.67230583323,161371.01525684795,84714.09701020466,68692.98256516976,977883.1311698585,142450.9241923954,988530.3040815069,184002.87142224037,155713.0357230396,138155.94471364576,144044.4872684685,117501.48302757333,114839.73708461963,37645.19988394853,13116.759561279372,739667.041587246,51356.857405453244,745482.5541066854,0.0,0.0,0.0,0.0,0.0,0.0,0.0,0.0,3.4862081570972547,0.0,0.0,0.0,0.0,0.0,0.0,0.0,0.0,3.569283822950301e-05,0.0,0.0,0.0,0.0,0.000709735688091574,0.18177565254177394,0.0,0.0,0.0,0.0,0.0,0.0,3.821650563325227e-05,0.0,0.0,0.0,0.0,0.0005559479893534166,0.0870160331496737
2026-07-02 06:19:42.058000088,0.0,0.0,0.0,0.0,0.0,0.0,286.8256967026269,0.0,0.0,0.0,0.0,2007.7038906804003,516548.1390134515,0.0071033794937275406,0.010755931880514399,0.005264256357832808,0.005041408325815545,0.004644072823828334,0.004717300215465123,0.0027265928214990957,0.002622973394083273,0.02060524583926193,0.0048995629641140175,0.035609795192615264,276339.4982909246,203392.51310039728,170462.26343999722,162506.86032075796,166605.91165886898,161371.01525684795,84714.09701020466,68692.98256516976,1025206.4027982096,147171.0915376241,981815.7818909728,184002.87142224037,155713.0357230396,138155.94471364576,132813.94126121665,105044.35087828798,114839.73708461963,37645.19988394853,13116.759561279372,775218.5234906521,52920.432440141965,745737.0548697065,0.0,0.0,0.0,0.0,0.0,0.0,0.0,0.0,3.65853767463131,0.0,0.0,0.0,0.0,0.0,0.0,0.0,0.0,3.574733693320671e-05,0.0,0.0,0.0,0.0,0.0007098998137860184,0.18214530426680126,0.0,0.0,0.0,0.0,0.0,0.0,3.830267376606699e-05,0.0,0.0,0.0,0.0,0.0005536796651994196,0.0870162681517433
2026-07-02 06:19:57.058000088,0.0,0.0,0.0,0.0,0.0,0.0,281.62691769192253,0.0,0.0,0.0,0.0,1978.9503926436369,515056.14614627906,0.0071033794937275406,0.010755931880514399,0.005145038107469172,0.005041408325815545,0.004644072823828334,0.004717300215465123,0.0027265928214990957,0.0026115549356448995,0.02060524583926193,0.0048995629641140175,0.035384823335361665,276339.4982909246,203392.51310039728,158421.0877556024,162506.86032075796,166605.91165886898,161371.01525684795,84714.09701020466,72912.80872710484,1025206.4027982096,147171.0915376241,980980.4324753743,184002.87142224037,155713.0357230396,127720.05724749988,132813.94126121665,105044.35087828798,114839.73708461963,37645.19988394853,12538.569777290448,775218.5234906521,52920.432440141965,745215.7847402247,0.0,0.0,0.0,0.0,0.0,0.0,0.0,0.0,3.65853767463131,0.0,0.0,0.0,0.0,0.0,0.0,0.0,0.0,3.580183563691041e-05,0.0,0.0,0.0,0.0,0.0007100639394804629,0.18251495599182857,0.0,0.0,0.0,0.0,0.0,0.0,3.794914456554464e-05,0.0,0.0,0.0,0.0,0.0005557010197140698,0.08673678762748573
2026-07-02 06:20:12.058000088,0.0,0.0,0.0,0.0,0.0,0.0,282.6890975510174,0.0,0.0,0.0,0.0,1945.669583358543,515058.1173667983,0.0071033794937275406,0.010755931880514399,0.005113723243913277,0.005041408325815545,0.004644072823828334,0.004717300215465123,0.0026501013839984417,0.0026115549356448995,0.02060524583926193,0.0048995629641140175,0.0353638866962839,276339.4982909246,203392.51310039728,166636.51201871585,162506.86032075796,166605.91165886898,161371.01525684795,85176.41698402772,72912.80872710484,1025206.4027982096,147171.0915376241,973638.878605137,184002.87142224037,155713.0357230396,134188.7247200963,132813.94126121665,105044.35087828798,114839.73708461963,37824.90707576105,12538.569777290448,775218.5234906521,52920.432440141965,739494.0277776459,0.0,0.0,0.0,0.0,0.0,0.0,0.0,0.0,3.65853767463131,0.0,0.0,0.0,0.0,0.0,0.0,0.0,0.0,3.5704222798976604e-05,0.0,0.0,0.0,0.0,0.0007103901577854912,0.18270956232493066,0.0,0.0,0.0,0.0,0.0,0.0,3.803351503843492e-05,0.0,0.0,0.0,0.0,0.0005534149464536017,0.08673699857833328
2026-07-02 06:20:27.058000088,0.0,0.0,0.0,0.0,0.0,0.0,277.543205393698,0.0,0.0,0.0,0.0,1918.5344961095795,513584.5711503351,0.007019631151216016,0.010212793695301134,0.005113723243913277,0.004998811092614726,0.004644072823828334,0.004675199982309096,0.002712830203149499,0.0026115549356448995,0.02008759806299428,0.004773171265621177,0.0350401100919584,267858.3201129087,197075.96591796968,166636.51201871585,156792.5618471594,166605.91165886898,154554.1391706638,83503.22448701343,72912.80872710484,999451.0287170792,143374.5887954965,965502.6527891542,178425.41279385783,151269.49117976055,134188.7247200963,128151.70131762631,105044.35087828798,118398.36576109269,37125.148271865844,12538.569777290448,755743.3787660116,51555.26918168904,732525.6945798199,0.0,0.0,0.0,0.0,0.0,0.0,0.0,0.0,3.566627395742245,0.0,0.0,0.0,0.0,0.0,0.0,0.0,0.0,3.585603749195906e-05,0.0,0.0,0.0,0.0,0.0007105546178405877,0.18307889063046018,0.0,0.0,0.0,0.0,0.0,0.0,3.831926620383649e-05,0.0,0.0,0.0,0.0,0.0005551282785692636,0.08646327836776718
2026-07-02 06:20:42.058000088,0.0,0.0,0.0,0.0,0.0,0.0,278.5873185325181,0.0,0.0,0.0,0.0,1885.1470545069194,513586.4788457078,0.007019631151216016,0.009939913595782415,0.005113723243913277,0.004998811092614726,0.004644072823828334,0.004605823176397425,0.002712830203149499,0.002589744683937146,0.020440900621382724,0.004857625974028155,0.034680674541159966,267858.3201129087,190220.9844289294,166636.51201871585,156792.5618471594,166605.91165886898,140136.67368092164,83503.22448701343,75984.21122920162,1057082.1503763243,140266.57069524334,954075.7160273048,178425.41279385783,146033.4808890819,134188.7247200963,128151.70131762631,105044.35087828798,105280.4953783599,37125.148271865844,13064.937201340437,793982.0830385529,50453.425546435195,726818.5428279823,0.0,0.0,0.0,0.0,0.0,0.0,0.0,0.0,3.491335589290737,0.0,0.0,0.0,0.0,0.0,0.0,0.0,0.0,3.600785218494151e-05,0.0,0.0,0.0,0.0,0.0007107190778956841,0.18344821893598967,0.0,0.0,0.0,0.0,0.0,0.0,3.840487157729563e-05,0.0,0.0,0.0,0.0,0.00055282622470622,0.08646348225604022
2026-07-02 06:20:57.058000088,0.0,0.0,0.0,0.0,0.0,0.0,272.90975835132014,0.0,0.0,0.0,0.0,1843.0337025578265,512261.27506473055,0.007019631151216016,0.009939913595782415,0.005113723243913277,0.004998811092614726,0.004644072823828334,0.004605823176397425,0.002712830203149499,0.002589744683937146,0.020440900621382724,0.004763628080933183,0.03439437869535007,267858.3201129087,190220.9844289294,166636.51201871585,156792.5618471594,166605.91165886898,140136.67368092164,83503.22448701343,75984.21122920162,1057082.1503763243,135594.3176666428,960760.6896949126,178425.41279385783,146033.4808890819,134188.7247200963,128151.70131762631,105044.35087828798,105280.4953783599,37125.148271865844,13064.937201340437,793982.0830385529,42758.13920215784,730271.0719937868,0.0,0.0,0.0,0.0,0.0,0.0,0.0,0.0,3.491335589290737,0.0,0.0,0.0,0.0,0.0,0.0,0.0,0.0,3.615966687792397e-05,0.0,0.0,0.0,0.0,0.0007108835379507805,0.18381754724151914,0.0,0.0,0.0,0.0,0.0,0.0,3.868614397201138e-05,0.0,0.0,0.0,0.0,0.0005546646445113631,0.08620711646845566
2026-07-02 06:21:12.058000088,0.0,0.0,0.0,0.0,0.0,0.0,271.4863607742679,0.0,0.0,0.0,0.0,1809.8296347700614,512263.3518431369,0.006656455202992885,0.009939913595782415,0.005113723243913277,0.0047882239975011965,0.004450968473648894,0.004605823176397425,0.0027077046745272652,0.002589744683937146,0.020440900621382724,0.004763628080933183,0.03399750276486556,253665.5361437606,190220.9844289294,166636.51201871585,159040.00045152963,162332.63337638412,140136.67368092164,79632.78762912913,75984.21122920162,1057082.1503763243,135594.3176666428,944567.3141120812,165971.9998190217,146033.4808890819,134188.7247200963,129739.45594193872,101910.37870855228,105280.4953783599,38612.09151948724,13064.937201340437,793982.0830385529,42758.13920215784,722959.835612245,0.0,0.0,0.0,0.0,0.0,0.0,0.0,0.0,3.491335589290737,0.0,0.0,0.0,0.0,0.0,0.0,0.0,0.0,3.622461681123565e-05,0.0,0.0,0.0,0.0,0.0007110708554373406,0.18402407252669767,0.0,0.0,0.0,0.0,0.0,0.0,3.865190121107946e-05,0.0,0.0,0.0,0.0,0.0005523450667800477,0.08620733814615265
2026-07-02 06:21:27.058000088,0.0,0.0,0.0,0.0,0.0,0.0,269.8997999706003,0.0,0.0,0.0,0.0,1781.1441657648047,510807.2016219532,0.006656455202992885,0.008693909676501476,0.004911248210467643,0.004906384340847457,0.004566101046820123,0.004605823176397425,0.0026950747411153544,0.002589744683937146,0.02023107930938891,0.004763628080933183,0.03400251799989297,253665.5361437606,191447.60534605064,165848.47477447448,162964.67504255736,166531.6686876729,140136.67368092164,77339.88371692986,75984.21122920162,1094767.3954998686,135594.3176666428,937788.8354436969,165971.9998190217,146252.95550743732,132493.4345888269,132941.07279772006,104546.48008806873,105280.4953783599,37529.40447930644,13064.937201340437,822255.3347023603,42758.13920215784,716969.4496944307,0.0,0.0,0.0,0.0,0.0,0.0,0.0,0.0,3.616208666540712,0.0,0.0,0.0,0.0,0.0,0.0,0.0,0.0,3.637564755360082e-05,0.0,0.0,0.0,0.0,0.0007112353622679416,0.18439307338029182,0.0,0.0,0.0,0.0,0.0,0.0,3.828624887189799e-05,0.0,0.0,0.0,0.0,0.0005543564129236739,0.08594480195162134
2026-07-02 06:21:42.058000088,0.0,0.0,0.0,0.0,0.0,0.0,269.3891548832637,0.0,0.0,0.0,0.0,1747.8793942275104,510809.14580745803,0.006656455202992885,0.008927313013185471,0.004911248210467643,0.004906384340847457,0.004566101046820123,0.004523957786368875,0.0026950747411153544,0.0025965747822407864,0.020139398430991547,0.004763628080933183,0.03360492751880389,253665.5361437606,196587.35392300048,165848.47477447448,162964.67504255736,166531.6686876729,135525.59115236753,77339.88371692986,72481.87501766412,1063466.7686546464,135594.3176666428,947709.713684652,165971.9998190217,150179.3740102194,132493.4345888269,132941.07279772006,104546.48008806873,100526.03181098631,37529.40447930644,12462.735744991927,798774.9780152733,42758.13920215784,713436.9928383118,0.0,0.0,0.0,0.0,0.0,0.0,0.0,0.0,3.512411133897383,0.0,0.0,0.0,0.0,0.0,0.0,0.0,0.0,3.6526678295965994e-05,0.0,0.0,0.0,0.0,0.0007113998690985428,0.184762074233886,0.0,0.0,0.0,0.0,0.0,0.0,3.820226992442503e-05,0.0,0.0,0.0,0.0,0.000552018496526671,0.08594500921819985
2026-07-02 06:21:57.058000088,0.0,0.0,0.0,0.0,0.0,0.0,271.98043958435295,0.0,0.0,0.0,0.0,1721.230886804325,509360.61204858357,0.006656455202992885,0.008927313013185471,0.004911248210467643,0.004875365920980673,0.004566101046820123,0.004523957786368875,0.0026950747411153544,0.0025965747822407864,0.020139398430991547,0.004763628080933183,0.03339133918504184,253665.5361437606,196587.35392300048,165848.47477447448,168026.88321828164,166531.6686876729,135525.59115236753,77339.88371692986,72481.87501766412,1063466.7686546464,135594.3176666428,940427.6909704732,165971.9998190217,150179.3740102194,132493.4345888269,136772.12895414783,104546.48008806873,100526.03181098631,37529.40447930644,12462.735744991927,798774.9780152733,42758.13920215784,708841.6422646022,0.0,0.0,0.0,0.0,0.0,0.0,0.0,0.0,3.512411133897383,0.0,0.0,0.0,0.0,0.0,0.0,0.0,0.0,3.623087898999251e-05,0.0,0.0,0.0,0.0,0.0007115643759291439,0.18513107508748017,0.0,0.0,0.0,0.0,0.0,0.0,3.8612849569177583e-05,0.0,0.0,0.0,0.0,0.0005540406651405013,0.08569289885303744
2026-07-02 06:22:12.058000088,0.0,0.0,0.0,0.0,0.0,0.0,271.9554974049296,0.0,0.0,0.0,0.0,1687.8513376585477,509362.70037162025,0.006466979982226132,0.008699708710246291,0.004911248210467643,0.004875365920980673,0.004566101046820123,0.004523957786368875,0.0026950747411153544,0.0025042749431417603,0.020139398430991547,0.004720609619510382,0.033190655436695755,246444.976251741,191575.3052147031,165848.47477447448,168026.88321828164,166531.6686876729,135525.59115236753,77339.88371692986,73878.1447389307,1063466.7686546464,129951.02468953548,940702.3941315936,161247.6262075732,146350.50952580478,132493.4345888269,136772.12895414783,104546.48008806873,100526.03181098631,37529.40447930644,12605.3371391192,798774.9780152733,40983.30828756329,701595.4249067683,0.0,0.0,0.0,0.0,0.0,0.0,0.0,0.0,3.512411133897383,0.0,0.0,0.0,0.0,0.0,0.0,0.0,0.0,3.60930929141414e-05,0.0,0.0,0.0,0.0,0.0007119458695571815,0.18533681200222774,0.0,0.0,0.0,0.0,0.0,0.0,3.857048337695413e-05,0.0,0.0,0.0,0.0,0.0005508999941270834,0.08569312121462967
2026-07-02 06:22:27.058000088,0.0,0.0,0.0,0.0,0.0,0.0,271.9488764550564,0.0,0.0,0.0,0.0,1650.2943059172967,507841.9793001982,0.0065282371342270384,0.008641299354786004,0.004881424005821044,0.004875365920980673,0.004566101046820123,0.004523957786368875,0.0026950747411153544,0.0025204133095369937,0.020139398430991547,0.004720609619510382,0.0328554127985482,241445.58159562811,198087.74297642615,161337.3832197271,168026.88321828164,166531.6686876729,135525.59115236753,77339.88371692986,74354.23965481129,1063466.7686546464,129951.02468953548,930111.0508116847,157984.38439959724,150887.22966452618,128895.15923346694,136772.12895414783,104546.48008806873,100526.03181098631,37529.40447930644,12686.570052399615,798774.9780152733,40983.30828756329,692360.8481578731,0.0,0.0,0.0,0.0,0.0,0.0,0.0,0.0,3.512411133897383,0.0,0.0,0.0,0.0,0.0,0.0,0.0,0.0,3.6145858065656553e-05,0.0,0.0,0.0,0.0,0.000712110816711653,0.1857054815783706,0.0,0.0,0.0,0.0,0.0,0.0,3.8225480263846284e-05,0.0,0.0,0.0,0.0,0.0005504199137062615,0.08543076635390522
2026-07-02 06:22:42.058000088,0.0,0.0,0.0,0.0,0.0,0.0,274.1146913101291,0.0,0.0,0.0,0.0,1617.0518966274076,507843.96165599575,0.0065282371342270384,0.008641299354786004,0.004881424005821044,0.004875365920980673,0.004548896457851654,0.004523957786368875,0.002679809432612638,0.002582138623237361,0.019773147417778168,0.004638940862703763,0.0325916855251701,241445.58159562811,198087.74297642615,161337.3832197271,168026.88321828164,160524.8228084311,135525.59115236753,72381.35051472558,76175.18654089507,1021868.360899536,134784.8449853037,937192.2926053057,157984.38439959724,150887.22966452618,128895.15923346694,136772.12895414783,100777.18147067423,100526.03181098631,32250.371576785317,12997.266124866357,771042.7429095334,32582.892429691376,695750.3711364903,0.0,0.0,0.0,0.0,0.0,0.0,0.0,0.0,3.6673360868198848,0.0,0.0,0.0,0.0,0.0,0.0,0.0,0.0,3.6198623217171705e-05,0.0,0.0,0.0,0.0,0.0007122757638661245,0.18607415115451348,0.0,0.0,0.0,0.0,0.0,0.0,3.818376628414007e-05,0.0,0.0,0.0,0.0,0.0005462755199258958,0.08543097718015431
2026-07-02 06:22:57.058000088,0.0,0.0,0.0,0.0,0.0,0.0,273.97800584833,0.0,0.0,0.0,0.0,1591.2132090345087,506393.2164215241,0.006245576700830464,0.008641299354786004,0.0045760992318355925,0.004615994024027497,0.004548896457851654,0.0044299819009109625,0.002670537682155682,0.002582138623237361,0.019773147417778168,0.004638940862703763,0.0321312555976309,229101.84061727198,198087.74297642615,147161.5980353326,154173.97015178791,160524.8228084311,125665.81379323642,70122.50425901652,76175.18654089507,1021868.360899536,134784.8449853037,921669.5679888191,148316.34752209813,150887.22966452618,116070.42303064028,124664.31252466312,100777.18147067423,91707.83757356538,31147.291521675084,12997.266124866357,771042.7429095334,32582.892429691376,683220.3032957219,0.0,0.0,0.0,0.0,0.0,0.0,0.0,0.0,3.6673360868198848,0.0,0.0,0.0,0.0,0.0,0.0,0.0,0.0,3.625138836868686e-05,0.0,0.0,0.0,0.0,0.0007124407110205962,0.18644282073065632,0.0,0.0,0.0,0.0,0.0,0.0,3.799019558931852e-05,0.0,0.0,0.0,0.0,0.0005458779146512046,0.08516505176017697
2026-07-02 06:23:12.058000088,0.0,0.0,0.0,0.0,0.0,0.0,275.04724873770334,0.0,0.0,0.0,0.0,1557.8253939490091,506395.2657218342,0.006245576700830464,0.008005300651376649,0.004690619104784774,0.004729872815071143,0.004336376052760621,0.004403458992550901,0.002670537682155682,0.00257581278542909,0.019773147417778168,0.004638940862703763,0.03207604632817303,229101.84061727198,201269.66905687228,150844.4131702755,157977.51609224948,147595.1789841479,131562.07188744197,70122.50425901652,80553.74108337787,1021868.360899536,134784.8449853037,921826.886010874,148316.34752209813,152690.73687667632,118975.16119850003,127739.84102896762,89676.35948177025,87940.489748084,31147.291521675084,12499.748610952704,771042.7429095334,32582.892429691376,682981.5704326105,0.0,0.0,0.0,0.0,0.0,0.0,0.0,0.0,3.6673360868198848,0.0,0.0,0.0,0.0,0.0,0.0,0.0,0.0,3.62162658796028e-05,0.0,0.0,0.0,0.0,0.0007128312281534946,0.18664774381315943,0.0,0.0,0.0,0.0,0.0,0.0,3.8080026724798896e-05,0.0,0.0,0.0,0.0,0.0005417058774327254,0.08516526945084825
2026-07-02 06:23:27.058000088,0.0,0.0,0.0,0.0,0.0,0.0,289.45857492560015,0.0,0.0,0.0,0.0,1525.1932850480036,504829.44786728214,0.006245576700830464,0.008005300651376649,0.004668379984509305,0.0046150815527302574,0.004444627739242202,0.004403458992550901,0.002670537682155682,0.00257581278542909,0.019227523549123614,0.004616978749773851,0.03178517581230308,229101.84061727198,201269.66905687228,158980.3443541919,154143.49365597512,151279.69039348778,131562.07188744197,70122.50425901652,80553.74108337787,993670.7372967105,130589.09184365327,919319.6660860616,148316.34752209813,152690.73687667632,125449.08659057716,124639.66938033131,91915.00692224075,87940.489748084,31147.291521675084,12499.748610952704,749766.4475684052,31572.073740043186,673456.5730911677,0.0,0.0,0.0,0.0,0.0,0.0,0.0,0.0,3.5661389399484658,0.0,0.0,0.0,0.0,0.0,0.0,0.0,0.0,3.636308234712063e-05,0.0,0.0,0.0,0.0,0.0007129966293631721,0.18701610208500766,0.0,0.0,0.0,0.0,0.0,0.0,3.973521909630329e-05,0.0,0.0,0.0,0.0,0.0005413866088652813,0.08490654045860989
2026-07-02 06:23:42.058000088,0.0,0.0,0.0,0.0,0.0,0.0,290.56594366970523,0.0,0.0,0.0,0.0,1491.8384689832792,504831.5521165846,0.006245576700830464,0.007838539814110543,0.004668379984509305,0.0046974091575129285,0.004428419367854046,0.004403458992550901,0.0026653875261403695,0.00257581278542909,0.01956200723776078,0.004616978749773851,0.03166313115891019,229101.84061727198,205999.60800036395,158980.3443541919,150544.10437492066,147345.85256594841,131562.07188744197,72472.95765337486,80553.74108337787,1048470.1994803704,130589.09184365327,926042.3785406499,148316.34752209813,155885.47658354888,125449.08659057716,121733.33196070156,89519.5090704375,87940.489748084,32191.325214649998,12499.748610952704,785911.4079722457,31572.073740043186,679133.7794545729,0.0,0.0,0.0,0.0,0.0,0.0,0.0,0.0,3.4811963552826053,0.0,0.0,0.0,0.0,0.0,0.0,0.0,0.0,3.6509898814638445e-05,0.0,0.0,0.0,0.0,0.0007131620305728494,0.18738446035685585,0.0,0.0,0.0,0.0,0.0,0.0,3.9829647782132765e-05,0.0,0.0,0.0,0.0,0.0005371869370118331,0.0849067637296524
2026-07-02 06:23:57.058000088,0.0,0.0,0.0,0.0,0.0,0.0,286.0220477408573,0.0,0.0,0.0,0.0,1453.7013928400888,503418.89323083754,0.006094012584614842,0.007838539814110543,0.004668379984509305,0.0046974091575129285,0.004428419367854046,0.004403458992550901,0.0026653875261403695,0.00257581278542909,0.01956200723776078,0.004616978749773851,0.03131154501914198,223542.1269735484,205999.60800036395,158980.3443541919,150544.10437492066,147345.85256594841,131562.07188744197,72472.95765337486,80553.74108337787,1048470.1994803704,130589.09184365327,931704.1152978069,144717.09044636216,155885.47658354888,125449.08659057716,121733.33196070156,89519.5090704375,87940.489748084,32191.325214649998,12499.748610952704,785911.4079722457,31572.073740043186,682709.3239232524,0.0,0.0,0.0,0.0,0.0,0.0,0.0,0.0,3.4811963552826053,0.0,0.0,0.0,0.0,0.0,0.0,0.0,0.0,3.6656715282156275e-05,0.0,0.0,0.0,0.0,0.0007133274317825269,0.18775281862870408,0.0,0.0,0.0,0.0,0.0,0.0,3.98234194445754e-05,0.0,0.0,0.0,0.0,0.0005369522257034504,0.08465593144716431
2026-07-02 06:24:12.058000088,0.0,0.0,0.0,0.0,0.0,0.0,287.1087563117843,0.0,0.0,0.0,0.0,1420.4948566052492,503420.9521989566,0.005731108384730269,0.007838539814110543,0.004668379984509305,0.0046974091575129285,0.004428419367854046,0.004403458992550901,0.0026597460371149723,0.0025530816600472044,0.01956200723776078,0.0045150732053244515,0.03097720313410915,223641.1157053365,205999.60800036395,158980.3443541919,150544.10437492066,147345.85256594841,131562.07188744197,76772.0648475186,76519.07047054044,1048470.1994803704,124009.02778901852,931031.1743824749,143380.24974762488,155885.47658354888,125449.08659057716,121733.33196070156,89519.5090704375,87940.489748084,37031.04699031503,6673.673552334164,785911.4079722457,32675.451509757284,675253.232583264,0.0,0.0,0.0,0.0,0.0,0.0,0.0,0.0,3.4811963552826053,0.0,0.0,0.0,0.0,0.0,0.0,0.0,0.0,3.6722838787477414e-05,0.0,0.0,0.0,0.0,0.0007136502490326222,0.18795507284895785,0.0,0.0,0.0,0.0,0.0,0.0,3.99172373999098e-05,0.0,0.0,0.0,0.0,0.0005327215540089745,0.0846561496675914
2026-07-02 06:24:27.058000088,0.0,0.0,0.0,0.0,0.0,0.0,283.43005974898034,0.0,0.0,0.0,0.0,1390.6392465462766,501952.6604858684,0.005731108384730269,0.007098903817259521,0.004668379984509305,0.0046974091575129285,0.004428419367854046,0.004313852184971655,0.0026597460371149723,0.0025530816600472044,0.018687239801242497,0.0045150732053244515,0.030537848267722156,223641.1157053365,196493.54766553597,158980.3443541919,150544.10437492066,147345.85256594841,136101.50329910745,76772.0648475186,76519.07047054044,988324.0418733853,124009.02778901852,915597.3439338692,143380.24974762488,147848.065486196,125449.08659057716,121733.33196070156,89519.5090704375,90759.34970539054,37031.04699031503,6673.673552334164,744500.4314001731,32675.451509757284,662788.8703640801,0.0,0.0,0.0,0.0,0.0,0.0,0.0,0.0,3.5658456432775734,0.0,0.0,0.0,0.0,0.0,0.0,0.0,0.0,3.6868998166872636e-05,0.0,0.0,0.0,0.0,0.0007138159643659556,0.188323104679629,0.0,0.0,0.0,0.0,0.0,0.0,3.957544556626613e-05,0.0,0.0,0.0,0.0,0.0005328437575930205,0.08440571968787865
2026-07-02 06:24:42.058000088,0.0,0.0,0.0,0.0,0.0,0.0,281.56497444066366,0.0,0.0,0.0,0.0,1357.3586773479178,501954.63268830965,0.005731108384730269,0.007098903817259521,0.004350154756777628,0.00458759794994166,0.004428419367854046,0.004313852184971655,0.0026597460371149723,0.0025530816600472044,0.019200391600535247,0.004493038201020807,0.030447546321478013,223641.1157053365,196493.54766553597,161345.95244564838,150302.25885418264,147345.85256594841,136101.50329910745,76772.0648475186,76519.07047054044,1015463.4303419751,130920.99551966999,908541.7346470761,143380.24974762488,147848.065486196,127094.08063242926,121314.33378931433,89519.5090704375,90759.34970539054,37031.04699031503,6673.673552334164,764944.4209893593,31647.28184555361,662987.1299668576,0.0,0.0,0.0,0.0,0.0,0.0,0.0,0.0,3.663763801727407,0.0,0.0,0.0,0.0,0.0,0.0,0.0,0.0,3.701515754626785e-05,0.0,0.0,0.0,0.0,0.0007139816796992889,0.18869113651030023,0.0,0.0,0.0,0.0,0.0,0.0,3.954924520408728e-05,0.0,0.0,0.0,0.0,0.0005285782389116217,0.08440592848146036
2026-07-02 06:24:57.058000088,0.0,0.0,0.0,0.0,0.0,0.0,273.41595555384254,0.0,0.0,0.0,0.0,1323.4070600107054,500479.1754078553,0.005731108384730269,0.007098903817259521,0.004441457911285512,0.00458759794994166,0.004403095426016025,0.004203186706046949,0.0026597460371149723,0.002487414016874574,0.019200391600535247,0.004493038201020807,0.030157168964298875,223641.1157053365,196493.54766553597,159566.33180708686,150302.25885418264,154482.04563354395,132610.0211158654,76772.0648475186,74550.928560239,1015463.4303419751,130920.99551966999,890972.703833405,143380.24974762488,147848.065486196,125692.25278670959,121314.33378931433,94520.25521037783,88431.05321506748,37031.04699031503,6502.020439806145,764944.4209893593,31647.28184555361,649440.1948606302,0.0,0.0,0.0,0.0,0.0,0.0,0.0,0.0,3.663763801727407,0.0,0.0,0.0,0.0,0.0,0.0,0.0,0.0,3.6736439049554046e-05,0.0,0.0,0.0,0.0,0.0007141473950326222,0.18905916834097136,0.0,0.0,0.0,0.0,0.0,0.0,3.9718545202735383e-05,0.0,0.0,0.0,0.0,0.0005284284302331554,0.08416725689220726
2026-07-02 06:25:12.058000088,0.0,0.0,0.0,0.0,0.0,0.0,272.9439881348445,0.0,0.0,0.0,0.0,1290.1954438838886,500481.0705158847,0.005731108384730269,0.006912695186137141,0.004441457911285512,0.00458759794994166,0.004282933833620015,0.00428421405931892,0.0026400346463649254,0.0025466780536700833,0.019200391600535247,0.004493038201020807,0.02999816208237348,223641.1157053365,191339.4005638072,159566.33180708686,150302.25885418264,145175.0958244441,129319.81734306767,80113.15328932022,72796.67544709175,1015463.4303419751,130920.99551966999,875377.5843138015,143380.24974762488,143969.91942351212,125692.25278670959,121314.33378931433,85870.6137351938,86236.97932478075,38631.46681142568,6367.734374834439,764944.4209893593,31647.28184555361,637908.8826889434,0.0,0.0,0.0,0.0,0.0,0.0,0.0,0.0,3.663763801727407,0.0,0.0,0.0,0.0,0.0,0.0,0.0,0.0,3.659404849889694e-05,0.0,0.0,0.0,0.0,0.000714439856392328,0.18926619762414904,0.0,0.0,0.0,0.0,0.0,0.0,3.966845811261283e-05,0.0,0.0,0.0,0.0,0.0005241310991085394,0.08416745730642887
2026-07-02 06:25:27.058000088,0.0,0.0,0.0,0.0,0.0,0.0,272.3043222413437,0.0,0.0,0.0,0.0,1249.8397578536433,498960.0259500214,0.005731108384730269,0.006898717045571357,0.004441457911285512,0.00458759794994166,0.004282933833620015,0.00428421405931892,0.0026400346463649254,0.0025466780536700833,0.019106421887067116,0.0043887048554397765,0.029541519308796796,223641.1157053365,187932.00484181242,159566.33180708686,150302.25885418264,145175.0958244441,129319.81734306767,80113.15328932022,72796.67544709175,1048253.3130121585,135651.7572306499,852229.7865416354,143380.24974762488,141429.76791606966,125692.25278670959,121314.33378931433,85870.6137351938,86236.97932478075,38631.46681142568,6367.734374834439,784392.2442368282,32620.47740803972,612019.7855909804,0.0,0.0,0.0,0.0,0.0,0.0,0.0,0.0,3.4992516248966283,0.0,0.0,0.0,0.0,0.0,0.0,0.0,0.0,3.6645661939757157e-05,0.0,0.0,0.0,0.0,0.0007146058226621693,0.18963391136142224,0.0,0.0,0.0,0.0,0.0,0.0,3.988698111187902e-05,0.0,0.0,0.0,0.0,0.0005242205932118081,0.08391883648623742
2026-07-02 06:25:42.058000088,0.0,0.0,0.0,0.0,0.0,0.0,272.3656578198917,0.0,0.0,0.0,0.0,1216.920524199213,498962.0099710389,0.0053663537599567745,0.006178280465160206,0.004441457911285512,0.00458759794994166,0.004282933833620015,0.00428421405931892,0.002642718592837957,0.0025466780536700833,0.019106421887067116,0.0043887048554397765,0.029251352048529217,221616.4243543261,178196.51554418736,159566.33180708686,150302.25885418264,145175.0958244441,129319.81734306767,77371.41473170904,72796.67544709175,1048253.3130121585,135651.7572306499,841642.4172598965,141833.73627905297,133153.1751663855,125692.25278670959,121314.33378931433,85870.6137351938,86236.97932478075,37337.877130065186,6367.734374834439,784392.2442368282,32620.47740803972,603912.5758555627,0.0,0.0,0.0,0.0,0.0,0.0,0.0,0.0,3.4992516248966283,0.0,0.0,0.0,0.0,0.0,0.0,0.0,0.0,3.669727538061737e-05,0.0,0.0,0.0,0.0,0.0007147717889320105,0.19000162509869542,0.0,0.0,0.0,0.0,0.0,0.0,3.984935992349633e-05,0.0,0.0,0.0,0.0,0.000519888292623385,0.08391904608008553
2026-07-02 06:25:57.058000088,0.0,0.0,0.0,0.0,0.0,0.0,267.83967992327916,0.0,0.0,0.0,0.0,1189.0038602472964,497526.92538185447,0.0053663537599567745,0.006178280465160206,0.004441457911285512,0.00458759794994166,0.004282933833620015,0.0042089234481927675,0.002642718592837957,0.0025208704334176964,0.019106421887067116,0.0043887048554397765,0.02896957487268418,221616.4243543261,178196.51554418736,159566.33180708686,150302.25885418264,145175.0958244441,131554.9905617711,77371.41473170904,75173.8757043946,1048253.3130121585,135651.7572306499,846450.6159938925,141833.73627905297,133153.1751663855,125692.25278670959,121314.33378931433,85870.6137351938,87270.60388949329,37337.877130065186,6569.130687135438,784392.2442368282,32620.47740803972,601059.5765412572,0.0,0.0,0.0,0.0,0.0,0.0,0.0,0.0,3.4992516248966283,0.0,0.0,0.0,0.0,0.0,0.0,0.0,0.0,3.674888882147759e-05,0.0,0.0,0.0,0.0,0.0007149377552018517,0.1903693388359686,0.0,0.0,0.0,0.0,0.0,0.0,3.968040180341005e-05,0.0,0.0,0.0,0.0,0.0005201891704917578,0.08366739588618072
2026-07-02 06:26:12.058000088,0.0,0.0,0.0,0.0,0.0,0.0,267.91978316617815,0.0,0.0,0.0,0.0,1155.9678913305956,497528.84133493406,0.0053663537599567745,0.006178280465160206,0.004441457911285512,0.004438763121884844,0.004282933833620015,0.0042089234481927675,0.002642718592837957,0.0025208704334176964,0.019106421887067116,0.004362547868428395,0.028794936726445657,221616.4243543261,178196.51554418736,159566.33180708686,139240.90328170793,145175.0958244441,131554.9905617711,77371.41473170904,75173.8757043946,1048253.3130121585,130378.58199555342,837127.5607717021,141833.73627905297,133153.1751663855,125692.25278670959,111936.3707453967,85870.6137351938,87270.60388949329,37337.877130065186,6569.130687135438,784392.2442368282,31352.00899461507,598470.6757811445,0.0,0.0,0.0,0.0,0.0,0.0,0.0,0.0,3.4992516248966283,0.0,0.0,0.0,0.0,0.0,0.0,0.0,0.0,3.660492279133645e-05,0.0,0.0,0.0,0.0,0.0007153519404202973,0.19056526075009939,0.0,0.0,0.0,0.0,0.0,0.0,3.964150293363105e-05,0.0,0.0,0.0,0.0,0.0005158187862314729,0.08366759807790343
2026-07-02 06:26:27.058000088,0.0,0.0,0.0,0.0,0.0,0.0,276.5089935553563,0.0,0.0,0.0,0.0,1122.9786119630896,495888.65086059103,0.0053663537599567745,0.006178280465160206,0.003976908401234569,0.004321646549568561,0.004246857020710461,0.004196282700641601,0.002642718592837957,0.0025208704334176964,0.018717157727589556,0.004362547868428395,0.028561590606012162,221616.4243543261,178196.51554418736,158166.7871604938,135567.038092062,139545.74393208165,138429.74279664265,77371.41473170904,75173.8757043946,1098155.0769126082,130378.58199555342,819540.357564717,141833.73627905297,133153.1751663855,124463.02814814814,108982.93446162881,82538.83484544845,93157.9293540437,37337.877130065186,6569.130687135438,821560.3027886947,31352.00899461507,583909.4012639857,0.0,0.0,0.0,0.0,0.0,0.0,0.0,0.0,3.667344295672471,0.0,0.0,0.0,0.0,0.0,0.0,0.0,0.0,3.665504102050312e-05,0.0,0.0,0.0,0.0,0.0007155183944885389,0.19093263892432286,0.0,0.0,0.0,0.0,0.0,0.0,4.1216525614875354e-05,0.0,0.0,0.0,0.0,0.000515680581358193,0.08342519261508093
2026-07-02 06:26:42.058000088,0.0,0.0,0.0,0.0,0.0,0.0,277.60357292071535,0.0,0.0,0.0,0.0,1090.0019584287522,495890.6108079981,0.0053663537599567745,0.006178280465160206,0.00408289309618104,0.004416551194151472,0.003976914651008912,0.004196282700641601,0.0025874196778676783,0.0025208704334176964,0.01869931139763835,0.004362547868428395,0.02824642852559214,221616.4243543261,178196.51554418736,156141.96856922194,143074.99191355903,141688.04937525783,138429.74279664265,80700.75677924823,75173.8757043946,1139794.2591243163,130378.58199555342,822082.8159475166,141833.73627905297,133153.1751663855,122911.66079800631,114840.74329104614,83489.53280371959,93157.9293540437,38930.42104356157,6569.130687135438,847702.7389707073,31352.00899461507,574671.3111437467,0.0,0.0,0.0,0.0,0.0,0.0,0.0,0.0,3.542693303176617,0.0,0.0,0.0,0.0,0.0,0.0,0.0,0.0,3.670515924966979e-05,0.0,0.0,0.0,0.0,0.0007156848485567804,0.1913000170985463,0.0,0.0,0.0,0.0,0.0,0.0,4.131341746365346e-05,0.0,0.0,0.0,0.0,0.0005112758113315375,0.08342539923751283
2026-07-02 06:26:57.058000088,0.0,0.0,0.0,0.0,0.0,0.0,266.7946349214083,0.0,0.0,0.0,0.0,1058.1268169605107,494391.3236037772,0.0048880617332702665,0.005229278240864955,0.004179939759009874,0.004416551194151472,0.004094151392612876,0.004196282700641601,0.0025874196778676783,0.0024521879739949994,0.01869931139763835,0.0042707723897340635,0.027784155887625447,221297.3655090413,176262.57563202913,159853.32143107892,143074.99191355903,145864.9167940149,138429.74279664265,80700.75677924823,73125.72336809464,1139794.2591243163,123301.09353638456,811714.5611308559,140702.62928359726,131164.46250957847,125833.15940749798,114840.74329104614,85950.74749975592,93157.9293540437,38930.42104356157,6390.151218028065,847702.7389707073,32377.644575357626,564886.7961795817,0.0,0.0,0.0,0.0,0.0,0.0,0.0,0.0,3.542693303176617,0.0,0.0,0.0,0.0,0.0,0.0,0.0,0.0,3.672265434296344e-05,0.0,0.0,0.0,0.0,0.0007158513026250218,0.19166739527276977,0.0,0.0,0.0,0.0,0.0,0.0,4.040547831025201e-05,0.0,0.0,0.0,0.0,0.000511240594022638,0.08317983471006635
2026-07-02 06:27:12.058000088,0.0,0.0,0.0,0.0,0.0,0.0,267.8661668125297,0.0,0.0,0.0,0.0,1025.1650882511324,494393.2220466479,0.0048880617332702665,0.0051957703607620805,0.004179939759009874,0.004416551194151472,0.004094151392612876,0.004081821382576405,0.0025695906891188133,0.0024922772663929834,0.01869931139763835,0.0042707723897340635,0.02769353801819301,221297.3655090413,175133.13004147954,159853.32143107892,143074.99191355903,145864.9167940149,144038.55846740582,84489.24364297779,73543.86493845539,1139794.2591243163,123301.09353638456,808443.6021346546,140702.62928359726,130323.99411583666,125833.15940749798,114840.74329104614,85950.74749975592,96486.38721972804,37356.20529072515,6425.396586117495,847702.7389707073,32377.644575357626,562382.665706685,0.0,0.0,0.0,0.0,0.0,0.0,0.0,0.0,3.542693303176617,0.0,0.0,0.0,0.0,0.0,0.0,0.0,0.0,3.85407130300581e-05,0.0,0.0,0.0,0.0,0.0007162319286228298,0.1918598802658082,0.0,0.0,0.0,0.0,0.0,0.0,4.050079845068147e-05,0.0,0.0,0.0,0.0,0.0005067982403770949,0.08318003464708532
2026-07-02 06:27:27.058000088,0.0,0.0,0.0,0.0,0.0,0.0,265.2311676682966,0.0,0.0,0.0,0.0,1001.6790889811434,492785.91209908336,0.0048880617332702665,0.005208862789881498,0.004179939759009874,0.004416551194151472,0.004094151392612876,0.004081821382576405,0.0025695906891188133,0.0024922772663929834,0.01869931139763835,0.0042707723897340635,0.02730329718180035,221297.3655090413,182133.55148045399,159853.32143107892,143074.99191355903,145864.9167940149,144038.55846740582,84489.24364297779,73543.86493845539,1139794.2591243163,123301.09353638456,779642.3869269339,140702.62928359726,135288.92935741344,125833.15940749798,114840.74329104614,85950.74749975592,96486.38721972804,37356.20529072515,6425.396586117495,847702.7389707073,32377.644575357626,543530.1875170866,0.0,0.0,0.0,0.0,0.0,0.0,0.0,0.0,3.542693303176617,0.0,0.0,0.0,0.0,0.0,0.0,0.0,0.0,3.868765304066029e-05,0.0,0.0,0.0,0.0,0.0007163988003676216,0.19222693062453006,0.0,0.0,0.0,0.0,0.0,0.0,3.9799399635570834e-05,0.0,0.0,0.0,0.0,0.0005056971635016454,0.08292800677196512
2026-07-02 06:27:42.058000088,0.0,0.0,0.0,0.0,0.0,0.0,266.29563301124534,0.0,0.0,0.0,0.0,968.373516848143,492787.7531319737,0.0048880617332702665,0.005208862789881498,0.004179939759009874,0.004416551194151472,0.004094151392612876,0.004081821382576405,0.0025695906891188133,0.0024922772663929834,0.01869931139763835,0.004249146952263203,0.026886397338270387,221297.3655090413,182133.55148045399,159853.32143107892,143074.99191355903,145864.9167940149,144038.55846740582,84489.24364297779,73543.86493845539,1139794.2591243163,129783.69736610341,750735.9429095621,140702.62928359726,135288.92935741344,125833.15940749798,114840.74329104614,85950.74749975592,96486.38721972804,37356.20529072515,6425.396586117495,847702.7389707073,31255.857855716768,522081.8104186087,0.0,0.0,0.0,0.0,0.0,0.0,0.0,0.0,3.542693303176617,0.0,0.0,0.0,0.0,0.0,0.0,0.0,0.0,3.883459305126249e-05,0.0,0.0,0.0,0.0,0.0007165656721124132,0.19259398098325187,0.0,0.0,0.0,0.0,0.0,0.0,3.9893058396845654e-05,0.0,0.0,0.0,0.0,0.0005012272132115033,0.082928200471117
2026-07-02 06:27:57.058000088,0.0,0.0,0.0,0.0,0.0,0.0,259.6468576630063,0.0,0.0,0.0,0.0,928.7644870449789,491262.55550173146,0.0048880617332702665,0.004237613007853783,0.004179939759009874,0.0043008385466491135,0.004094151392612876,0.004071364573461084,0.0025695906891188133,0.0024922772663929834,0.01869931139763835,0.004249146952263203,0.02658995852184691,221297.3655090413,172085.67553328234,159853.32143107892,144995.5190371136,145864.9167940149,138390.09229215898,84489.24364297779,73543.86493845539,1139794.2591243163,129783.69736610341,758833.2639977516,140702.62928359726,126518.33723912884,125833.15940749798,115871.91349477442,85950.74749975592,92704.4101122036,37356.20529072515,6425.396586117495,847702.7389707073,31255.857855716768,527657.4284400775,0.0,0.0,0.0,0.0,0.0,0.0,0.0,0.0,3.542693303176617,0.0,0.0,0.0,0.0,0.0,0.0,0.0,0.0,3.8981533061864674e-05,0.0,0.0,0.0,0.0,0.0007167325438572048,0.1929610313419737,0.0,0.0,0.0,0.0,0.0,0.0,4.013717282864102e-05,0.0,0.0,0.0,0.0,0.0004998860726298179,0.08268835187408696
2026-07-02 06:28:12.058000088,0.0,0.0,0.0,0.0,0.0,0.0,260.69970412189383,0.0,0.0,0.0,0.0,895.797893726315,491264.37864409556,0.004846722600372342,0.004237613007853783,0.004166816200920474,0.004293078837871315,0.0040830121505894025,0.004071364573461084,0.0025695906891188133,0.0024562354693568435,0.01770087827105894,0.004120299516573888,0.026040293763499617,229613.286924064,172085.67553328234,165074.67478392163,139007.77418278542,150708.57556240004,138390.09229215898,84489.24364297779,74525.73844820642,1080762.5777693738,134843.97867966897,749703.714877794,146092.72659208375,126518.33723912884,129953.49763688454,111104.6776689847,82016.14626237215,92704.4101122036,37356.20529072515,6468.687073617879,806934.0689210168,32488.78553917757,519675.88296459784,0.0,0.0,0.0,0.0,0.0,0.0,0.0,0.0,3.631509264800135,0.0,0.0,0.0,0.0,0.0,0.0,0.0,0.0,3.907702986876317e-05,0.0,0.0,0.0,0.0,0.0007170127511501291,0.19315762782071344,0.0,0.0,0.0,0.0,0.0,0.0,4.0233015933376505e-05,0.0,0.0,0.0,0.0,0.0004953894075345264,0.08268854350470449
2026-07-02 06:28:27.058000088,0.0,0.0,0.0,0.0,0.0,0.0,259.99324083075174,0.0,0.0,0.0,0.0,862.7613561947956,489763.08303223224,0.004591474873212866,0.004237613007853783,0.003889314972872913,0.004293078837871315,0.0040830121505894025,0.004071364573461084,0.002567833505050979,0.0024562354693568435,0.018487319589967088,0.004120299516573888,0.02577171698215522,228914.42769195852,172085.67553328234,168643.96274585303,139007.77418278542,150708.57556240004,138390.09229215898,80265.98369405852,74525.73844820642,1064344.6425907686,134843.97867966897,750790.4450880843,142954.64487735965,126518.33723912884,115497.28165291344,111104.6776689847,82016.14626237215,92704.4101122036,32389.429043994864,6468.687073617879,794919.4301550926,32488.78553917757,520970.78383390006,0.0,0.0,0.0,0.0,0.0,0.0,0.0,0.0,3.573089125718478,0.0,0.0,0.0,0.0,0.0,0.0,0.0,0.0,3.9223599261421214e-05,0.0,0.0,0.0,0.0,0.0007171798422354005,0.19352435453883368,0.0,0.0,0.0,0.0,0.0,0.0,4.045904085990015e-05,0.0,0.0,0.0,0.0,0.0004939920032490365,0.08245700204835787
2026-07-02 06:28:42.058000088,0.0,0.0,0.0,0.0,0.0,0.0,260.35540357889533,0.0,0.0,0.0,0.0,829.8438351905946,489764.8565803899,0.004591474873212866,0.00418550638054829,0.003988559077367579,0.004293078837871315,0.003970410047218405,0.004071364573461084,0.002567833505050979,0.0024562354693568435,0.018487319589967088,0.004120299516573888,0.025188920700607166,228914.42769195852,166495.8532156116,172947.27044345022,139007.77418278542,139964.8671707191,138390.09229215898,80265.98369405852,74525.73844820642,1064344.6425907686,134843.97867966897,757545.1382223832,142954.64487735965,122410.96679776048,118444.43928071151,111104.6776689847,72235.95687347988,92704.4101122036,32389.429043994864,6468.687073617879,794919.4301550926,32488.78553917757,526482.3273014249,0.0,0.0,0.0,0.0,0.0,0.0,0.0,0.0,3.573089125718478,0.0,0.0,0.0,0.0,0.0,0.0,0.0,0.0,3.937016865407926e-05,0.0,0.0,0.0,0.0,0.0007173469333206718,0.1938910812569539,0.0,0.0,0.0,0.0,0.0,0.0,4.043926624323102e-05,0.0,0.0,0.0,0.0,0.0004894676684145543,0.08245718828832913
2026-07-02 06:28:57.058000088,0.0,0.0,0.0,0.0,0.0,0.0,258.9047529224585,0.0,0.0,0.0,0.0,795.570322188299,488400.0158505999,0.004591474873212866,0.00418550638054829,0.003988559077367579,0.004201594793565645,0.003970410047218405,0.003943398272643473,0.002580218334556448,0.0024562354693568435,0.018487319589967088,0.004120299516573888,0.025215629493077856,228914.42769195852,166495.8532156116,172947.27044345022,142359.3096270841,139964.8671707191,128140.35663279588,76602.69265758742,74525.73844820642,1064344.6425907686,134843.97867966897,756119.5813318742,142954.64487735965,122410.96679776048,118444.43928071151,113660.35943535263,72235.95687347988,82945.06442818757,30911.195057035504,6468.687073617879,794919.4301550926,32488.78553917757,525903.5354704568,0.0,0.0,0.0,0.0,0.0,0.0,0.0,0.0,3.573089125718478,0.0,0.0,0.0,0.0,0.0,0.0,0.0,0.0,3.910121212551273e-05,0.0,0.0,0.0,0.0,0.0007175140244059431,0.1942578079750742,0.0,0.0,0.0,0.0,0.0,0.0,4.070214194436559e-05,0.0,0.0,0.0,0.0,0.0004880687036682082,0.08223109705165316
2026-07-02 06:29:12.058000088,0.0,0.0,0.0,0.0,0.0,0.0,258.58892831758305,0.0,0.0,0.0,0.0,762.8304040145778,488401.86242403014,0.004591474873212866,0.00418550638054829,0.003988559077367579,0.004201594793565645,0.003970410047218405,0.003943398272643473,0.002580218334556448,0.0024562354693568435,0.018487319589967088,0.004120299516573888,0.02473977105180984,228914.42769195852,166495.8532156116,172947.27044345022,142359.3096270841,139964.8671707191,128140.35663279588,76602.69265758742,74525.73844820642,1064344.6425907686,134843.97867966897,738025.2526303753,142954.64487735965,122410.96679776048,118444.43928071151,113660.35943535263,72235.95687347988,82945.06442818757,30911.195057035504,6468.687073617879,794919.4301550926,32488.78553917757,510671.3248108734,0.0,0.0,0.0,0.0,0.0,0.0,0.0,0.0,3.573089125718478,0.0,0.0,0.0,0.0,0.0,0.0,0.0,0.0,3.9450775931658454e-05,0.0,0.0,0.0,0.0,0.0007177952533432478,0.19447303687058057,0.0,0.0,0.0,0.0,0.0,0.0,4.0702703750443714e-05,0.0,0.0,0.0,0.0,0.0004835169299174649,0.08223129077829076
2026-07-02 06:29:27.058000088,0.0,0.0,0.0,0.0,0.0,0.0,258.49885681381943,0.0,0.0,0.0,0.0,722.5617272161868,486874.642263709,0.004591474873212866,0.002960585661140569,0.003977852193799041,0.004201594793565645,0.003970410047218405,0.003943398272643473,0.002580218334556448,0.0024562354693568435,0.018487319589967088,0.004099591685506469,0.02432339839370022,228914.42769195852,159907.0353324609,167937.49734329703,142359.3096270841,139964.8671707191,128140.35663279588,76602.69265758742,74525.73844820642,1064344.6425907686,129035.95028471365,740340.7074006585,142954.64487735965,116963.55374519844,115091.72553920445,113660.35943535263,72235.95687347988,82945.06442818757,30911.195057035504,6468.687073617879,794919.4301550926,31088.59443750089,507506.05722246383,0.0,0.0,0.0,0.0,0.0,0.0,0.0,0.0,3.573089125718478,0.0,0.0,0.0,0.0,0.0,0.0,0.0,0.0,3.950652371490968e-05,0.0,0.0,0.0,0.0,0.0007179625635996581,0.1948394861325214,0.0,0.0,0.0,0.0,0.0,0.0,4.067186010588456e-05,0.0,0.0,0.0,0.0,0.0004815188290033669,0.08199630131524709
2026-07-02 06:29:42.058000088,0.0,0.0,0.0,0.0,0.0,0.0,258.7072053893143,0.0,0.0,0.0,0.0,690.4565561819799,486876.441575576,0.00410982288104757,0.002960585661140569,0.003977852193799041,0.004192255544611335,0.003970410047218405,0.003836270206362922,0.0025599176845574833,0.0024211255827683354,0.018487319589967088,0.00384533097040899,0.02411190345021164,214777.76939053633,159907.0353324609,167937.49734329703,147604.65892870212,139964.8671707191,124659.24017702146,71830.37018032865,81126.13711156287,1064344.6425907686,121113.92885121687,727563.1728428998,130732.52348741499,116963.55374519844,115091.72553920445,117731.95935255461,72235.95687347988,80691.74286507018,31796.369075831957,6404.047563678677,794919.4301550926,31858.374529073615,491450.990433551,0.0,0.0,0.0,0.0,0.0,0.0,0.0,0.0,3.573089125718478,0.0,0.0,0.0,0.0,0.0,0.0,0.0,0.0,3.956227149816091e-05,0.0,0.0,0.0,0.0,0.0007181298738560683,0.19520593539446218,0.0,0.0,0.0,0.0,0.0,0.0,4.063999099168664e-05,0.0,0.0,0.0,0.0,0.00047694635295047924,0.08199648990978722
2026-07-02 06:29:57.058000088,0.0,0.0,0.0,0.0,0.0,0.0,251.44065656909623,0.0,0.0,0.0,0.0,661.0667475376673,485379.0810084991,0.004109194157021418,0.002960585661140569,0.003977852193799041,0.004192255544611335,0.003778661059721798,0.003945333015617353,0.0025599176845574833,0.0024211255827683354,0.018723864383150355,0.003946286313861852,0.023722651724906646,205114.3942198417,159907.0353324609,167937.49734329703,147604.65892870212,141155.04974144083,133031.47936715055,71830.37018032865,81126.13711156287,1101361.9516128018,124293.65470009475,710709.3610119348,124891.7342114369,116963.55374519844,115091.72553920445,117731.95935255461,72398.40670386681,87619.42043168597,31796.369075831957,6404.047563678677,817799.9315532993,32694.78449408905,477997.61192180857,0.0,0.0,0.0,0.0,0.0,0.0,0.0,0.0,3.4399716135154943,0.0,0.0,0.0,0.0,0.0,0.0,0.0,0.0,3.9618019281412146e-05,0.0,0.0,0.0,0.0,0.0007182971841124786,0.19557238465640303,0.0,0.0,0.0,0.0,0.0,0.0,4.040677728324538e-05,0.0,0.0,0.0,0.0,0.00047626855513438823,0.08175862078955871
2026-07-02 06:30:12.058000088,0.0,0.0,0.0,0.0,0.0,0.0,251.66317949482698,0.0,0.0,0.0,0.0,628.8683785522837,485380.8380462556,0.004109194157021418,0.00296218305861866,0.0038178445875537187,0.004079143456957996,0.003870186971630103,0.003945333015617353,0.0025599176845574833,0.0024211255827683354,0.018406231421727818,0.003946286313861852,0.023594818635411456,205114.3942198417,153785.3753699142,172017.40213501186,136520.68870014366,137981.4463288557,133031.47936715055,71830.37018032865,81126.13711156287,1135146.9711159468,124293.65470009475,716998.6426315013,124891.7342114369,112592.58505642027,117421.53139845126,108296.78873170198,70837.15574918315,87619.42043168597,31796.369075831957,6404.047563678677,842437.2110197027,32694.78449408905,481982.0471473816,0.0,0.0,0.0,0.0,0.0,0.0,0.0,0.0,3.5502132858238067,0.0,0.0,0.0,0.0,0.0,0.0,0.0,0.0,3.9490388451585774e-05,0.0,0.0,0.0,0.0,0.0007186882428310431,0.1957766297847069,0.0,0.0,0.0,0.0,0.0,0.0,4.037387769734755e-05,0.0,0.0,0.0,0.0,0.00047165965828193664,0.0817588047864819
2026-07-02 06:30:27.058000088,0.0,0.0,0.0,0.0,0.0,0.0,268.3387137244556,0.0,0.0,0.0,0.0,600.3626624961393,483884.8572850018,0.004109194157021418,0.00296218305861866,0.0038178445875537187,0.004079143456957996,0.003870186971630103,0.003945333015617353,0.002554159447945698,0.0024211255827683354,0.018406231421727818,0.003946286313861852,0.023530782365245934,205114.3942198417,153785.3753699142,172017.40213501186,136520.68870014366,137981.4463288557,133031.47936715055,69247.1204626677,81126.13711156287,1135146.9711159468,124293.65470009475,721498.678608051,124891.7342114369,112592.58505642027,117421.53139845126,108296.78873170198,70837.15574918315,87619.42043168597,30718.028807927625,6404.047563678677,842437.2110197027,32694.78449408905,485629.28976636747,0.0,0.0,0.0,0.0,0.0,0.0,0.0,0.0,3.5502132858238067,0.0,0.0,0.0,0.0,0.0,0.0,0.0,0.0,3.954488709462537e-05,0.0,0.0,0.0,0.0,0.0007188559794722646,0.1961427725344954,0.0,0.0,0.0,0.0,0.0,0.0,4.162779425588569e-05,0.0,0.0,0.0,0.0,0.00047070341761872253,0.08152724745708313
2026-07-02 06:30:42.058000088,0.0,0.0,0.0,0.0,0.0,0.0,270.97608947201576,0.0,0.0,0.0,0.0,567.9815215822746,483886.65467223444,0.004109194157021418,0.00296218305861866,0.0038178445875537187,0.004079143456957996,0.003870186971630103,0.003865726222183559,0.002513117222894137,0.0024211255827683354,0.018406231421727818,0.003944505667258474,0.023525235786946746,205114.3942198417,153785.3753699142,172017.40213501186,136520.68870014366,137981.4463288557,137916.83439711793,71459.15799261173,81126.13711156287,1135146.9711159468,119900.17490409204,721571.8106561962,124891.7342114369,112592.58505642027,117421.53139845126,108296.78873170198,70837.15574918315,90467.18970458284,31611.67475995024,6404.047563678677,842437.2110197027,31538.644614540906,485845.2975254793,0.0,0.0,0.0,0.0,0.0,0.0,0.0,0.0,3.5502132858238067,0.0,0.0,0.0,0.0,0.0,0.0,0.0,0.0,3.959938573766495e-05,0.0,0.0,0.0,0.0,0.000719023716113486,0.19650891528428382,0.0,0.0,0.0,0.0,0.0,0.0,4.1725068946156216e-05,0.0,0.0,0.0,0.0,0.0004660600966396341,0.08152743551196875
2026-07-02 06:30:57.058000088,0.0,0.0,0.0,0.0,0.0,0.0,266.4274144765343,0.0,0.0,0.0,0.0,529.9906377450636,482320.7413208186,0.004109194157021418,0.002534891701892615,0.0038114187719697806,0.004079143456957996,0.003870186971630103,0.003865726222183559,0.002513117222894137,0.0023990597296126705,0.018406231421727818,0.003944505667258474,0.023278017347417822,205114.3942198417,156067.40733685714,165053.04861018094,136520.68870014366,137981.4463288557,137916.83439711793,71459.15799261173,77386.1832515293,1135146.9711159468,119900.17490409204,714345.7377762215,124891.7342114369,113422.66963426316,112671.87610258248,108296.78873170198,70837.15574918315,90467.18970458284,31611.67475995024,6713.053818853353,842437.2110197027,31538.644614540906,479621.25494565675,0.0,0.0,0.0,0.0,0.0,0.0,0.0,0.0,3.5502132858238067,0.0,0.0,0.0,0.0,0.0,0.0,0.0,0.0,3.965388438070455e-05,0.0,0.0,0.0,0.0,0.0007191914527547073,0.1968750580340723,0.0,0.0,0.0,0.0,0.0,0.0,4.157704699646328e-05,0.0,0.0,0.0,0.0,0.00046474024309234004,0.08130166305983999
2026-07-02 06:31:12.058000088,0.0,0.0,0.0,0.0,0.0,0.0,267.4724043140574,0.0,0.0,0.0,0.0,498.4417301372134,482322.4957291401,0.004109194157021418,0.002534891701892615,0.0038114187719697806,0.004079143456957996,0.003870186971630103,0.003854128885885223,0.002513117222894137,0.0024004853692612778,0.018406231421727818,0.003944505667258474,0.023384452617725194,205114.3942198417,156067.40733685714,165053.04861018094,136520.68870014366,137981.4463288557,133424.78980303183,71459.15799261173,81993.9905009464,1135146.9711159468,119900.17490409204,722365.7645554579,124891.7342114369,113422.66963426316,112671.87610258248,108296.78873170198,70837.15574918315,87521.21720596682,31611.67475995024,12659.451159039922,842437.2110197027,31538.644614540906,479030.66271852516,0.0,0.0,0.0,0.0,0.0,0.0,0.0,0.0,3.5502132858238067,0.0,0.0,0.0,0.0,0.0,0.0,0.0,0.0,3.956602673292072e-05,0.0,0.0,0.0,0.0,0.0007195635338638889,0.1970755300298215,0.0,0.0,0.0,0.0,0.0,0.0,4.167481200799004e-05,0.0,0.0,0.0,0.0,0.0004600660049380343,0.08130184645745536
2026-07-02 06:31:27.058000088,0.0,0.0,0.0,0.0,0.0,0.0,265.78207408446895,0.0,0.0,0.0,0.0,467.50762615028395,479761.5873506832,0.003965641182813497,0.0025362822394237963,0.0038114187719697806,0.004069927972321636,0.003870186971630103,0.003854128885885223,0.002513117222894137,0.0024004853692612778,0.018563524990778495,0.003944505667258474,0.02333362423612068,188917.30417313566,151901.2551529264,165053.04861018094,130543.87210965289,137981.4463288557,133424.78980303183,71459.15799261173,81993.9905009464,1038846.3265549487,119900.17490409204,717872.4336401753,111669.10573107054,110407.48137429595,112671.87610258248,103567.32546953915,70837.15574918315,87521.21720596682,31611.67475995024,12659.451159039922,774710.3023837397,31538.644614540906,472183.1027526599,0.0,0.0,0.0,0.0,0.0,0.0,0.0,0.0,3.50138888710799,0.0,0.0,0.0,0.0,0.0,0.0,0.0,0.0,3.970971361337485e-05,0.0,0.0,0.0,0.0,0.0007197316569699494,0.19744136959535774,0.0,0.0,0.0,0.0,0.0,0.0,4.1622417957583564e-05,0.0,0.0,0.0,0.0,0.0004603119983411378,0.08107030198543463
2026-07-02 06:31:42.058000088,0.0,0.0,0.0,0.0,0.0,0.0,266.81979333833203,0.0,0.0,0.0,0.0,436.07086274365946,479763.325745155,0.0038611229228039013,0.0025362822394237963,0.003744537023622954,0.004022265589480246,0.0038135730110720493,0.003854128885885223,0.002513117222894137,0.0024004853692612778,0.018563524990778495,0.0038987315810753292,0.023270232921116355,183938.20823186572,151901.2551529264,171816.10845414444,121046.77181256816,128348.98184234761,133424.78980303183,71459.15799261173,81993.9905009464,1038846.3265549487,113894.5047350863,731239.810966267,108725.9598210418,110407.48137429595,117229.08414866077,95992.71859338677,61180.624685788884,87521.21720596682,31611.67475995024,12659.451159039922,774710.3023837397,33008.19489640162,480900.46710980986,0.0,0.0,0.0,0.0,0.0,0.0,0.0,0.0,3.50138888710799,0.0,0.0,0.0,0.0,0.0,0.0,0.0,0.0,3.985340049382898e-05,0.0,0.0,0.0,0.0,0.00071989978007601,0.19780720916089392,0.0,0.0,0.0,0.0,0.0,0.0,4.1719998982697445e-05,0.0,0.0,0.0,0.0,0.0004555858426347602,0.08107048355278126
2026-07-02 06:31:57.058000088,0.0,0.0,0.0,0.0,0.0,0.0,269.3248368733137,0.0,0.0,0.0,0.0,410.90102566148647,478376.68963145895,0.003991442505450099,0.0025362822394237963,0.003744537023622954,0.004022265589480246,0.0038210164072061846,0.003854128885885223,0.002423047855604289,0.0024004853692612778,0.018563524990778495,0.0038987315810753292,0.023294876787176996,195242.01329292284,151901.2551529264,171816.10845414444,121046.77181256816,122097.17911571165,133424.78980303183,72942.12405330695,81993.9905009464,1038846.3265549487,113894.5047350863,724275.9689607947,116047.88855213484,110407.48137429595,117229.08414866077,95992.71859338677,58211.75589660317,87521.21720596682,32221.01229452004,12659.451159039922,774710.3023837397,33008.19489640162,476892.89097038825,0.0,0.0,0.0,0.0,0.0,0.0,0.0,0.0,3.50138888710799,0.0,0.0,0.0,0.0,0.0,0.0,0.0,0.0,3.99970873742831e-05,0.0,0.0,0.0,0.0,0.0007200679031820707,0.19817304872643016,0.0,0.0,0.0,0.0,0.0,0.0,4.135790566272049e-05,0.0,0.0,0.0,0.0,0.00045432083685245195,0.0809880302015955
2026-07-02 06:32:12.058000088,0.0,0.0,0.0,0.0,0.0,0.0,270.3719930653566,0.0,0.0,0.0,0.0,377.7601068723145,478378.46155415266,0.003991442505450099,0.0024662507898499837,0.003744537023622954,0.004022265589480246,0.0038210164072061846,0.00380608412434609,0.0024212048762337025,0.0024004853692612778,0.018563524990778495,0.0039256072916183955,0.02319641435424023,195242.01329292284,142900.10790223247,171816.10845414444,121046.77181256816,122097.17911571165,126752.90910510522,72886.64399765468,81993.9905009464,1038846.3265549487,120698.53724842063,725547.6936498247,116047.88855213484,103581.92998678057,117229.08414866077,95992.71859338677,58211.75589660317,81281.29209284685,32196.504870607267,12659.451159039922,774710.3023837397,31805.96874039978,477864.80648356106,0.0,0.0,0.0,0.0,0.0,0.0,0.0,0.0,3.50138888710799,0.0,0.0,0.0,0.0,0.0,0.0,0.0,0.0,4.0300679529053636e-05,0.0,0.0,0.0,0.0,0.0007201010789707602,0.19852647087388312,0.0,0.0,0.0,0.0,0.0,0.0,4.1345165744498893e-05,0.0,0.0,0.0,0.0,0.00044955572474766463,0.08098821511432377
2026-07-02 06:32:27.058000088,0.0,0.0,0.0,0.0,0.0,0.0,280.97135908092207,0.0,0.0,0.0,0.0,261.65576119226625,478436.70411441557,0.003991442505450099,0.0025277580876556646,0.0036659282977919276,0.004022265589480246,0.0038210164072061846,0.00380608412434609,0.0025178061845251495,0.0024004853692612778,0.017975079993971004,0.0039256072916183955,0.023073149150238406,195242.01329292284,146463.97883108526,168209.1884857693,121046.77181256816,122097.17911571165,126752.90910510522,78230.8129423015,81993.9905009464,980076.9577625161,120698.53724842063,716393.459630085,116047.88855213484,106165.22145138124,114768.10462645847,95992.71859338677,58211.75589660317,81281.29209284685,37615.21288676995,12659.451159039922,735247.396320972,31805.96874039978,471333.5474035824,0.0,0.0,0.0,0.0,0.0,0.0,0.0,0.0,3.578830171414389,0.0,0.0,0.0,0.0,0.0,0.0,0.0,0.0,4.044539936351439e-05,0.0,0.0,0.0,0.0,0.0007202689486449456,0.19889229076803516,0.0,0.0,0.0,0.0,0.0,0.0,4.256353571740074e-05,0.0,0.0,0.0,0.0,0.0004467906976866354,0.08104058319730129
2026-07-02 06:32:42.058000088,0.0,0.0,0.0,0.0,0.0,0.0,282.62517178922513,0.0,0.0,0.0,0.0,261.65576119226625,478438.4932770221,0.003973017187265157,0.0025277580876556646,0.003642524941394284,0.004022265589480246,0.0038210164072061846,0.0037133449199854346,0.0025178061845251495,0.002313560072204485,0.018441546588547342,0.0039256072916183955,0.023073799058570967,183939.2150795265,146463.97883108526,167135.3378079309,121046.77181256816,122097.17911571165,123664.44244047903,78230.8129423015,83622.45386634907,1005510.6782835684,120698.53724842063,698550.7567491857,107747.8281627132,106165.22145138124,114035.42285052934,95992.71859338677,58211.75589660317,79300.78874299205,37615.21288676995,12910.18412612007,754327.6089958529,31805.96874039978,457093.9067538743,0.0,0.0,0.0,0.0,0.0,0.0,0.0,0.0,3.6717034561611968,0.0,0.0,0.0,0.0,0.0,0.0,0.0,0.0,4.0590119197975156e-05,0.0,0.0,0.0,0.0,0.0007204368183191311,0.1992581106621872,0.0,0.0,0.0,0.0,0.0,0.0,4.2664033064724505e-05,0.0,0.0,0.0,0.0,0.00044200584825539126,0.08104076975386287
2026-07-02 06:32:57.058000088,0.0,0.0,0.0,0.0,0.0,0.0,283.9696406040603,0.0,0.0,0.0,0.0,261.9618739270395,479298.355269215,0.003973017187265157,0.002461022543538683,0.003782787682551512,0.004022265589480246,0.0038210164072061846,0.003845479196487035,0.0025178061845251495,0.0023994151031159565,0.01871450663926289,0.0039256072916183955,0.023390151848539303,183939.2150795265,142597.17157268355,163896.65240748524,121046.77181256816,122097.17911571165,120955.4893464113,78230.8129423015,81912.76222913057,1048532.6829259861,120698.53724842063,711287.1989460586,107747.8281627132,103362.34492041198,111879.91066820083,95992.71859338677,58211.75589660317,86161.60348367199,37615.21288676995,12722.865851809951,781465.0085543144,31805.96874039978,462707.4314379227,0.0,0.0,0.0,0.0,0.0,0.0,0.0,0.0,10.620400624536256,0.0,0.0,0.0,0.0,0.0,0.0,0.0,0.0,4.034624047385621e-05,0.0,0.0,0.0,0.0,0.0007206046879933165,0.19962393055633926,0.0,0.0,0.0,0.0,0.0,0.0,4.2151852153415496e-05,0.0,0.0,0.0,0.0,0.00043981808175324005,0.08107692119144722
2026-07-02 06:33:12.058000088,0.0,0.0,0.0,0.0,0.0,0.0,283.97499632219876,0.0,0.0,0.0,0.0,261.9618739270395,479299.2286291355,0.003973017187265157,0.0025741679129045627,0.0037776466739603757,0.003921338436583334,0.0038210164072061846,0.003845479196487035,0.0025178061845251495,0.0023994151031159565,0.01871450663926289,0.0039256072916183955,0.023314859499371492,183939.2150795265,150423.39422460189,151296.0360496983,122047.87231087853,122097.17911571165,120955.4893464113,78230.8129423015,81912.76222913057,1048532.6829259861,120698.53724842063,701115.7223234334,107747.8281627132,109046.59483572631,99858.3298850699,96788.71916127797,58211.75589660317,86161.60348367199,37615.21288676995,12722.865851809951,781465.0085543144,31805.96874039978,454103.91657408234,0.0,0.0,0.0,0.0,0.0,0.0,0.0,0.0,10.620400624536256,0.0,0.0,0.0,0.0,0.0,0.0,0.0,0.0,4.053685798838612e-05,0.0,0.0,0.0,0.0,0.000720676260740796,0.20039983399191957,0.0,0.0,0.0,0.0,0.0,0.0,4.225254479460625e-05,0.0,0.0,0.0,0.0,0.0004350029042572342,0.08107710474360315
2026-07-02 06:33:27.058000088,0.0,0.0,0.0,0.0,0.0,0.0,290.688801288931,0.0,0.0,0.0,0.0,261.4666029712881,481989.6570310534,0.003973017187265157,0.0025741679129045627,0.0037776466739603757,0.004092248697348034,0.0038583389421058397,0.003845479196487035,0.0025178061845251495,0.0023994151031159565,0.01871450663926289,0.0039161170155269705,0.02328415760037199,183939.2150795265,150423.39422460189,151296.0360496983,119003.56290375373,109516.28309552566,120955.4893464113,78230.8129423015,81912.76222913057,1048532.6829259861,114309.66574266551,700212.9269246707,107747.8281627132,109046.59483572631,99858.3298850699,94394.9310878522,49718.07488841664,86161.60348367199,37615.21288676995,12722.865851809951,781465.0085543144,24594.507627699306,453746.2300070103,0.0,0.0,0.0,0.0,0.0,0.0,0.0,0.0,10.620400624536256,0.0,0.0,0.0,0.0,0.0,0.0,0.0,0.0,4.059373619351432e-05,0.0,0.0,0.0,0.0,0.0007208439510393034,0.2007664064603868,0.0,0.0,0.0,0.0,0.0,0.0,4.34291809703176e-05,0.0,0.0,0.0,0.0,0.000432529813728295,0.08115519778310736
2026-07-02 06:33:42.058000088,0.0,0.0,0.0,0.0,0.0,0.0,290.69402049888555,0.0,0.0,0.0,0.0,261.4666029712881,481990.5395702966,0.004025257612220435,0.0025741679129045627,0.0037776466739603757,0.004092248697348034,0.0038583389421058397,0.003856076235121058,0.0025178061845251495,0.0023994151031159565,0.01871450663926289,0.0039768815937893266,0.02368292084689029,176284.80563042875,150423.39422460189,151296.0360496983,119003.56290375373,109516.28309552566,114069.10785058697,78230.8129423015,81912.76222913057,1048532.6829259861,109850.68930023936,700770.804661905,103490.47052294498,109046.59483572631,99858.3298850699,94394.9310878522,49718.07488841664,89666.95008562383,37615.21288676995,12722.865851809951,781465.0085543144,23672.369252631295,454041.7496291116,0.0,0.0,0.0,0.0,0.0,0.0,0.0,0.0,10.620400624536256,0.0,0.0,0.0,0.0,0.0,0.0,0.0,0.0,4.065061439864253e-05,0.0,0.0,0.0,0.0,0.0007210116413378109,0.20113297892885396,0.0,0.0,0.0,0.0,0.0,0.0,4.353165108916247e-05,0.0,0.0,0.0,0.0,0.00042768738797543823,0.08115538252941353
2026-07-02 06:33:57.058000088,0.0,0.0,0.0,0.0,0.0,0.0,282.7154180459384,0.0,0.0,0.0,0.0,260.4947316180567,483117.136385051,0.004025257612220435,0.002566064966266248,0.0037776466739603757,0.004092248697348034,0.0038583389421058397,0.0039057936448591694,0.002462243781755142,0.0023994151031159565,0.01871450663926289,0.0039768815937893266,0.024156920607088912,176284.80563042875,144097.59903461137,151296.0360496983,119003.56290375373,109516.28309552566,110738.19229754388,73198.60253565732,81912.76222913057,1048532.6829259861,109850.68930023936,703599.5585561078,103490.47052294498,104434.85667270033,99858.3298850699,94394.9310878522,49718.07488841664,87072.19860094422,32388.344647752976,12722.865851809951,781465.0085543144,23672.369252631295,452673.50642427243,0.0,0.0,0.0,0.0,0.0,0.0,0.0,0.0,10.620400624536256,0.0,0.0,0.0,0.0,0.0,0.0,0.0,0.0,4.070749260377073e-05,0.0,0.0,0.0,0.0,0.0007211793316363184,0.20149955139732115,0.0,0.0,0.0,0.0,0.0,0.0,4.3490976006816015e-05,0.0,0.0,0.0,0.0,0.00042373027363568555,0.08112242469862425
2026-07-02 06:34:12.058000088,0.0,0.0,0.0,0.0,0.0,0.0,282.72124812416234,0.0,0.0,0.0,0.0,260.4947316180567,483117.9990152913,0.0040216511753134706,0.002566064966266248,0.0037776466739603757,0.004092248697348034,0.0038583389421058397,0.0039057936448591694,0.0025609706685876025,0.0024404631392872258,0.01871450663926289,0.0039768815937893266,0.02475962385309441,166933.25714034526,144097.59903461137,151296.0360496983,119003.56290375373,109516.28309552566,110738.19229754388,71404.19893778466,79064.39498206598,1048532.6829259861,109850.68930023936,717704.6320945204,97066.69714386188,104434.85667270033,99858.3298850699,94394.9310878522,49718.07488841664,87072.19860094422,31624.74034112159,12335.633338109057,781465.0085543144,23672.369252631295,454010.84410858323,0.0,0.0,0.0,0.0,0.0,0.0,0.0,0.0,10.620400624536256,0.0,0.0,0.0,0.0,0.0,0.0,0.0,0.0,4.2036107993141355e-05,0.0,0.0,0.0,0.0,0.0007211944475579424,0.2022138456519334,0.0,0.0,0.0,0.0,0.0,0.0,4.359305338760521e-05,0.0,0.0,0.0,0.0,0.0004188790813593541,0.08112260632492985
2026-07-02 06:34:27.058000088,0.0,0.0,0.0,0.0,0.0,0.0,296.298041658813,0.0,0.0,0.0,0.0,260.1052576939779,484749.51698218205,0.0040216511753134706,0.002566064966266248,0.003869658703530135,0.004186848155594433,0.0038583389421058397,0.0039057936448591694,0.0025609706685876025,0.0024438888331007546,0.01872019696035644,0.0039768815937893266,0.025080621342376805,166933.25714034526,144097.59903461137,146319.50043310414,115902.20551523124,109516.28309552566,110738.19229754388,71404.19893778466,74557.89134702951,1079075.4747634805,109850.68930023936,720496.6525486757,97066.69714386188,104434.85667270033,97421.50025197605,93127.6029943347,49718.07488841664,87072.19860094422,31624.74034112159,12782.669820042867,803994.8207215647,23672.369252631295,460246.08788884536,0.0,0.0,0.0,0.0,0.0,0.0,0.0,0.0,10.938977898154803,0.0,0.0,0.0,0.0,0.0,0.0,0.0,0.0,4.218410219847306e-05,0.0,0.0,0.0,0.0,0.0007213618555826337,0.2025810510534979,0.0,0.0,0.0,0.0,0.0,0.0,4.5134162056831853e-05,0.0,0.0,0.0,0.0,0.0004164469725551799,0.08107854333457093
2026-07-02 06:34:42.058000088,0.0,0.0,0.0,0.0,0.0,0.0,297.3422699224445,0.0,0.0,0.0,0.0,260.1052576939779,484750.43515970523,0.0040216511753134706,0.0025052945485002113,0.003869658703530135,0.004186848155594433,0.003956846764776805,0.0039057936448591694,0.0025609706685876025,0.0024438888331007546,0.019158593568562327,0.0039768815937893266,0.02538384153517754,166933.25714034526,140685.03099462215,146319.50043310414,115902.20551523124,114118.12801912533,110738.19229754388,71404.19893778466,74557.89134702951,1035625.0094640014,109850.68930023936,721933.6776923174,97066.69714386188,101961.59510186384,97421.50025197605,93127.6029943347,54108.31297174846,87072.19860094422,31624.74034112159,12782.669820042867,772763.0307603442,23672.369252631295,461309.3323952037,0.0,0.0,0.0,0.0,0.0,0.0,0.0,0.0,16315.9555834206,0.0,0.0,0.0,0.0,0.0,0.0,0.0,0.0,4.233209640380477e-05,0.0,0.0,0.0,0.0,0.000721529263607325,0.2029482564550624,0.0,0.0,0.0,0.0,0.0,0.0,4.5239326332044305e-05,0.0,0.0,0.0,0.0,0.0004115657533473216,0.08107873108347798
2026-07-02 06:34:57.058000088,0.0,0.0,0.0,0.0,0.0,0.0,296.546905108518,0.0,0.0,0.0,0.0,259.47922319837744,486050.2072432427,0.0040216511753134706,0.002489256642461047,0.003869658703530135,0.004186848155594433,0.003956846764776805,0.0039057936448591694,0.0025609706685876025,0.0024438888331007546,0.019158593568562327,0.003970921582879331,0.025421829328301716,166933.25714034526,139784.42100065586,146319.50043310414,115902.20551523124,114118.12801912533,110738.19229754388,71404.19893778466,74557.89134702951,1035625.0094640014,102534.51851456695,721682.7675555889,97066.69714386188,101308.87724765947,97421.50025197605,93127.6029943347,54108.31297174846,87072.19860094422,31624.74034112159,12782.669820042867,772763.0307603442,16486.37063809073,460497.5742470214,0.0,0.0,0.0,0.0,0.0,0.0,0.0,0.0,16315.9555834206,0.0,0.0,0.0,0.0,0.0,0.0,0.0,0.0,4.248009060913647e-05,0.0,0.0,0.0,0.0,0.0007216966716320165,0.2033154618566269,0.0,0.0,0.0,0.0,0.0,0.0,4.53425408450173e-05,0.0,0.0,0.0,0.0,0.0004082027901380327,0.08100558713011309
2026-07-02 06:35:12.058000088,0.0,0.0,0.0,0.0,0.0,0.0,297.5792912079704,0.0,0.0,0.0,0.0,259.47922319837744,486051.12075357756,0.0040216511753134706,0.0034684152827211697,0.003869658703530135,0.004186848155594433,0.003956846764776805,0.0038145932973607747,0.0025609706685876025,0.0024438888331007546,0.019158593568562327,0.004068125008313664,0.025683384605236944,166933.25714034526,149685.07605841706,146319.50043310414,115902.20551523124,114118.12801912533,102109.18154839464,71404.19893778466,74557.89134702951,1035625.0094640014,100748.72656137029,729275.1140615987,97066.69714386188,110515.6795721468,97421.50025197605,93127.6029943347,54108.31297174846,80108.87883943171,31624.74034112159,12782.669820042867,772763.0307603442,17688.10397420984,469952.7204077122,0.0,0.0,0.0,0.0,0.0,0.0,0.0,0.0,16315.9555834206,0.0,0.0,0.0,0.0,0.0,0.0,0.0,0.0,4.373820965273453e-05,0.0,0.0,0.0,0.0,0.0007217755943281045,0.2038626216771577,0.0,0.0,0.0,0.0,0.0,0.0,4.544610687087675e-05,0.0,0.0,0.0,0.0,0.0004033023936342356,0.08100577321969837
2026-07-02 06:35:27.058000088,0.0,0.0,0.0,0.0,0.0,0.0,296.62934806112,0.0,0.0,0.0,0.0,258.59795789611394,487494.6521847564,0.003911069627328432,0.0034684152827211697,0.003869658703530135,0.004186848155594433,0.003956846764776805,0.003908542977481695,0.0025609706685876025,0.0024703868922451647,0.01877852815205292,0.004068125008313664,0.026068540608215913,162343.16785113062,149685.07605841706,146319.50043310414,115902.20551523124,114118.12801912533,104624.03023502078,71404.19893778466,72460.45198690536,978244.8598777548,100748.72656137029,739939.0451687183,94397.69748176997,110515.6795721468,97421.50025197605,93127.6029943347,54108.31297174846,82081.88171421192,31624.74034112159,12437.344602164718,734179.9836486741,17688.10397420984,475257.16058756626,0.0,0.0,0.0,0.0,0.0,0.0,0.0,0.0,16705.165511060495,0.0,0.0,0.0,0.0,0.0,0.0,0.0,0.0,4.3890471851642484e-05,0.0,0.0,0.0,0.0,0.0007219428394261438,0.2042301588385811,0.0,0.0,0.0,0.0,0.0,0.0,4.488902976450547e-05,0.0,0.0,0.0,0.0,0.0004005484474134974,0.08089943276925099
2026-07-02 06:35:42.058000088,0.0,0.0,0.0,0.0,0.0,0.0,297.6497294119778,0.0,0.0,0.0,0.0,258.59795789611394,487495.5442092465,0.00446804982569,0.0034684152827211697,0.003869658703530135,0.004269623063122319,0.003956846764776805,0.004032478529570109,0.0025592828579259082,0.0024712610637939846,0.019595749743859484,0.004068125008313664,0.026283759038573818,173479.52644660798,149685.07605841706,146319.50043310414,113787.75272900554,114118.12801912533,105475.09464533585,66394.6012130186,74419.50731645491,979829.9618869881,100748.72656137029,730362.8436226005,104441.01147140922,110515.6795721468,97421.50025197605,91611.28843290922,54108.31297174846,83932.34729033112,32578.604174378543,12792.763096707327,735741.9340230803,17688.10397420984,474763.61342097307,0.0,0.0,0.0,0.0,0.0,0.0,0.0,0.0,16702.599635720944,0.0,0.0,0.0,0.0,0.0,0.0,0.0,0.0,4.404273405055043e-05,0.0,0.0,0.0,0.0,0.000722110084524183,0.20459769600000444,0.0,0.0,0.0,0.0,0.0,0.0,4.499084344265378e-05,0.0,0.0,0.0,0.0,0.0003956196885281646,0.08089961545727276
2026-07-02 06:35:57.058000088,0.0,0.0,0.0,0.0,0.0,0.0,310.595114052412,0.0,0.0,0.0,0.0,257.61675007691133,488952.21297310555,0.00446804982569,0.0034684152827211697,0.003788450703630794,0.004289662001182112,0.004049277324083127,0.004032478529570109,0.002494774341993885,0.0024712610637939846,0.019595749743859484,0.004068125008313664,0.026732575652560063,173479.52644660798,149685.07605841706,147974.9712566981,118056.85803597,113297.83140702097,105475.09464533585,64721.07881322361,74419.50731645491,979829.9618869881,100748.72656137029,747606.3562845342,104441.01147140922,110515.6795721468,98600.87919995199,95043.41868973555,55106.32281240907,83932.34729033112,31757.437651140408,12792.763096707327,735741.9340230803,17688.10397420984,488020.7271298584,0.0,0.0,0.0,0.0,0.0,0.0,0.0,0.0,16702.599635720944,0.0,0.0,0.0,0.0,0.0,0.0,0.0,0.0,4.419499624945837e-05,0.0,0.0,0.0,0.0,0.0007222773296222222,0.20496523316142778,0.0,0.0,0.0,0.0,0.0,0.0,4.652239196438354e-05,0.0,0.0,0.0,0.0,0.00039318179151923025,0.08081128777139975
2026-07-02 06:36:12.058000088,0.0,0.0,0.0,0.0,0.0,0.0,310.5986405974024,0.0,0.0,0.0,0.0,257.61675007691133,488953.1166620832,0.00446804982569,0.0034684152827211697,0.004190228956474858,0.004289662001182112,0.003970001253256433,0.004032478529570109,0.002588381242016394,0.0024712610637939846,0.019595749743859484,0.004065139664162822,0.027095365333651915,173479.52644660798,149685.07605841706,164766.63194049153,118056.85803597,115868.82707576216,105475.09464533585,63163.3130588524,74419.50731645491,979829.9618869881,103719.24393342629,736321.1950768899,104441.01147140922,110515.6795721468,113858.18402868025,95043.41868973555,56264.790868573866,83932.34729033112,30982.213161211737,12792.763096707327,735741.9340230803,18209.945063780087,482519.38128545985,0.0,0.0,0.0,0.0,0.0,0.0,27.71992454170932,0.0,16702.599635720944,0.0,0.0,0.0,0.0,0.0,0.0,0.0,0.0,4.541797013131274e-05,0.0,0.0,0.0,0.0,0.0007222806717550688,0.20549910056579748,0.0,0.0,0.0,0.0,0.0,0.0,4.662632534940242e-05,0.0,0.0,0.0,0.0,0.0003882198311949998,0.08081147208471277
2026-07-02 06:36:27.058000088,0.0,0.0,0.0,0.0,0.0,0.0,308.63150444176375,0.0,0.0,0.0,0.0,256.7625063459623,490385.0865868434,0.00446804982569,0.0034684152827211697,0.004190228956474858,0.004289662001182112,0.0040735175839373885,0.004032478529570109,0.002588381242016394,0.0024712610637939846,0.019595749743859484,0.004065139664162822,0.027297735079465223,173479.52644660798,149685.07605841706,164766.63194049153,118056.85803597,118890.06436362212,105475.09464533585,63163.3130588524,74419.50731645491,979829.9618869881,103719.24393342629,739612.5831164807,104441.01147140922,110515.6795721468,113858.18402868025,95043.41868973555,57731.874712053424,83932.34729033112,30982.213161211737,12792.763096707327,735741.9340230803,18209.945063780087,490774.1938589251,0.0,0.0,0.0,0.0,0.0,0.0,27.71992454170932,0.0,16702.599635720944,0.0,0.0,0.0,0.0,0.0,0.0,0.0,0.0,4.5574247834614363e-05,0.0,0.0,0.0,0.0,0.0007224476182270883,0.20586693644125797,0.0,0.0,0.0,0.0,0.0,0.0,4.671276822945352e-05,0.0,0.0,0.0,0.0,0.0003856489717943863,0.08073691668219551
2026-07-02 06:36:42.058000088,0.0,0.0,0.0,0.0,0.0,0.0,308.6349857703875,0.0,0.0,0.0,0.0,256.7625063459623,490385.96787175245,0.00446804982569,0.0046282453151183225,0.004190228956474858,0.004289662001182112,0.0040735175839373885,0.004032478529570109,0.002588381242016394,0.0024712610637939846,0.019595749743859484,0.003963979205638751,0.02731262937597803,173479.52644660798,150446.77865424176,164766.63194049153,118056.85803597,118890.06436362212,105475.09464533585,63163.3130588524,74419.50731645491,979829.9618869881,101138.20437737548,734378.9687781631,104441.01147140922,111642.72966308359,113858.18402868025,95043.41868973555,57731.874712053424,83932.34729033112,30982.213161211737,12792.763096707327,735741.9340230803,17756.793008860594,492978.4949171895,0.0,0.0,0.0,0.0,0.0,0.0,27.71992454170932,0.0,16702.599635720944,0.0,0.0,0.0,0.0,0.0,0.0,0.0,0.0,4.573052553791597e-05,0.0,0.0,0.0,0.0,0.0007226145646991079,0.20623477231671852,0.0,0.0,0.0,0.0,0.0,0.0,4.681595711686831e-05,0.0,0.0,0.0,0.0,0.0003806544945870562,0.08073709753140605
2026-07-02 06:36:57.058000088,0.0,0.0,0.0,0.0,0.0,0.0,318.46189616811824,0.0,0.0,0.0,0.0,255.85986607973692,491837.529474977,0.00446804982569,0.0046282453151183225,0.004190228956474858,0.004289662001182112,0.0040735175839373885,0.003917934674749818,0.0025840984773802572,0.002420378461147165,0.01981415264063024,0.004209561228935165,0.027505623090060796,173479.52644660798,150446.77865424176,164766.63194049153,118056.85803597,118890.06436362212,107514.52180934773,65286.51965007825,68268.84395131047,950548.6617532645,99596.81527131304,732106.7779066545,104441.01147140922,111642.72966308359,113858.18402868025,95043.41868973555,57731.874712053424,85669.50123338045,32014.47131672013,13018.70977676153,714089.6867495094,17966.707869589587,509325.6952410439,0.0,0.0,0.0,0.0,0.0,0.0,28.66272402593711,0.0,16184.456794519763,0.0,0.0,0.0,0.0,0.0,0.0,0.0,0.0,4.588680324121759e-05,0.0,0.0,0.0,0.0,0.0007227815111711273,0.20660260819217907,0.0,0.0,0.0,0.0,0.0,0.0,4.740347774898817e-05,0.0,0.0,0.0,0.0,0.00037698931451134166,0.08068018187051765
2026-07-02 06:37:12.058000088,0.0,0.0,0.0,0.0,0.0,0.0,318.46554232389263,0.0,0.0,0.0,0.0,255.85986607973692,491838.439323196,0.004490793137603864,0.0046282453151183225,0.004190228956474858,0.004402593678144811,0.0040735175839373885,0.003943173918650566,0.0025840984773802572,0.002494627070156996,0.01981415264063024,0.004209561228935165,0.027935868796035625,179344.22716699206,150446.77865424176,164766.63194049153,131774.31662148383,118890.06436362212,108207.1278541363,65286.51965007825,66844.91012804383,950548.6617532645,99596.81527131304,756226.7785838927,107902.53793966328,111642.72966308359,113858.18402868025,107441.531393645,57731.874712053424,86221.38216453018,32014.47131672013,12802.86763058576,714089.6867495094,17966.707869589587,529720.8633661385,0.0,0.0,0.0,0.0,0.0,0.0,28.66272402593711,0.0,16184.456794519763,0.0,0.0,0.0,0.0,0.0,0.0,0.0,0.0,4.709358531859492e-05,0.0,0.0,0.0,0.0,0.0007227713926454911,0.20712404575209364,0.0,0.0,0.0,0.0,0.0,0.0,4.750878155908926e-05,0.0,0.0,0.0,0.0,0.0003719774165410501,0.08068036600464976
2026-07-02 06:37:27.058000088,0.0,0.0,0.0,0.0,0.0,0.0,333.2995146635449,0.0,0.0,0.0,0.0,255.05781944600352,493285.98021281936,0.00492178430144082,0.0046282453151183225,0.004335266888658911,0.0044232370919832995,0.0042076262876962044,0.003931927311568393,0.002601632534242209,0.002494627070156996,0.01995755184117948,0.00423256694228755,0.02846586922708012,192711.77939713895,150446.77865424176,156904.04825516694,127193.01405803344,131904.8647826574,107898.5026005785,63505.589671453294,66844.91012804383,995155.59248325,104359.96234703483,777519.2658705045,118892.68565735623,111642.72966308359,118547.5575801402,103784.39567527706,69237.55204119784,85975.46402160985,31179.237513227294,12802.86763058576,747470.9424222603,18820.34497540625,552770.9980915474,0.0,0.0,0.0,0.0,0.0,0.0,27.851038421819826,0.0,16952.923082362508,0.0,0.0,0.0,0.0,0.0,0.0,0.0,0.0,4.725371169509835e-05,0.0,0.0,0.0,0.0,0.0007229380188532205,0.20749215714960192,0.0,0.0,0.0,0.0,0.0,0.0,4.904198033606388e-05,0.0,0.0,0.0,0.0,0.00036944888657955064,0.08061702936192569
2026-07-02 06:37:42.058000088,0.0,0.0,0.0,0.0,0.0,0.0,333.30675000696317,0.0,0.0,0.0,0.0,255.05781944600352,493286.9021563637,0.00492178430144082,0.004714159269693901,0.004335266888658911,0.0044232370919832995,0.0042076262876962044,0.004150067175345786,0.002601632534242209,0.002494627070156996,0.01995755184117948,0.00423256694228755,0.02858926157412874,192711.77939713895,156358.90801326782,156904.04825516694,127193.01405803344,131904.8647826574,122208.42834730516,63505.589671453294,66844.91012804383,995155.59248325,104359.96234703483,779017.303608392,118892.68565735623,115995.63999002567,118547.5575801402,103784.39567527706,69237.55204119784,98138.08937083985,31179.237513227294,12802.86763058576,747470.9424222603,18820.34497540625,550681.56686299,0.0,0.0,0.0,0.0,0.0,0.0,27.851038421819826,0.0,16952.923082362508,0.0,0.0,0.0,0.0,0.0,0.0,0.0,0.0,4.741383807160178e-05,0.0,0.0,0.0,0.0,0.00072310464506095,0.20786026854711023,0.0,0.0,0.0,0.0,0.0,0.0,4.9149485562319485e-05,0.0,0.0,0.0,0.0,0.0003644011259614897,0.08061721501614193
2026-07-02 06:37:57.058000088,0.0,0.0,0.0,0.0,0.0,0.0,333.5579378325194,0.0,0.0,0.0,0.0,254.12704850061124,494716.2807943097,0.00492178430144082,0.004714159269693901,0.004335266888658911,0.0044232370919832995,0.0042076262876962044,0.004150067175345786,0.002601632534242209,0.002494627070156996,0.01995755184117948,0.00423256694228755,0.029017557400467527,192711.77939713895,156358.90801326782,156904.04825516694,127193.01405803344,131904.8647826574,122208.42834730516,63505.589671453294,66844.91012804383,995155.59248325,104359.96234703483,796709.2249900849,118892.68565735623,115995.63999002567,118547.5575801402,103784.39567527706,69237.55204119784,98138.08937083985,31179.237513227294,12802.86763058576,747470.9424222603,18820.34497540625,563749.3048177656,0.0,0.0,0.0,0.0,0.0,0.0,27.851038421819826,0.0,16952.923082362508,0.0,0.0,0.0,0.0,0.0,0.0,0.0,0.0,4.7573964448105214e-05,0.0,0.0,0.0,0.0,0.0007232712712686796,0.2082283799446185,0.0,0.0,0.0,0.0,0.0,0.0,4.8302325184565676e-05,0.0,0.0,0.0,0.0,0.0003600192862840819,0.08055407926612955
2026-07-02 06:38:12.058000088,0.0,0.0,0.0,0.0,0.0,0.0,333.56483140396335,0.0,0.0,0.0,0.0,254.12704850061124,494717.2104716248,0.00492178430144082,0.005703265046070234,0.004335266888658911,0.0044232370919832995,0.004227726922981899,0.004150067175345786,0.002604705022293106,0.002494627070156996,0.01995755184117948,0.00423256694228755,0.029359181714450993,192711.77939713895,152384.81503246623,156904.04825516694,127193.01405803344,137563.7558546253,122208.42834730516,65488.69303621462,66844.91012804383,995155.59248325,104359.96234703483,791820.1457558256,118892.68565735623,113590.77622992557,118547.5575801402,103784.39567527706,72115.11949259327,98138.08937083985,32153.727548564697,12802.86763058576,747470.9424222603,18820.34497540625,570924.1174544009,0.0,33.18865042317406,0.0,0.0,0.0,0.0,28.723110980795887,0.0,16952.923082362508,0.0,0.0,0.0,0.0,0.0,0.0,0.0,0.0,4.7105356647658716e-05,0.0,0.0,0.0,0.0,0.0007232664631455635,0.2087553091511302,0.0,0.0,0.0,0.0,0.0,0.0,4.840915405064163e-05,0.0,0.0,0.0,0.0,0.00035496386284948817,0.08055426390960169
2026-07-02 06:38:27.058000088,0.0,0.0,0.0,0.0,0.0,0.0,317.9483147955293,0.0,0.0,0.0,0.0,253.35921091112115,496207.8128462133,0.005244629170863464,0.005703265046070234,0.004335266888658911,0.004571130827740948,0.004227726922981899,0.004150067175345786,0.0026275266124891213,0.002470852364909268,0.01995755184117948,0.004131571546194156,0.029702977173084653,179908.18076067604,152384.81503246623,156904.04825516694,138327.49410118384,137563.7558546253,122208.42834730516,71010.66036193582,66139.23017942953,995155.59248325,101869.77710549106,792774.4441946212,111066.8152953475,113590.77622992557,118547.5575801402,113425.05864768151,72115.11949259327,98138.08937083985,31314.554307234404,18952.013797820335,747470.9424222603,18371.263313775595,584130.061054214,0.0,33.18865042317406,0.0,0.0,0.0,0.0,27.97347266572221,0.0,16952.923082362508,0.0,0.0,0.0,0.0,0.0,0.0,0.0,0.0,4.726307956432539e-05,0.0,0.0,0.0,0.0,0.0007234327814908872,0.2091236974993138,0.0,0.0,0.0,0.0,0.0,0.0,4.757240096938132e-05,0.0,0.0,0.0,0.0,0.00035100132922481124,0.08049706351222136
2026-07-02 06:38:42.058000088,0.0,0.0,0.0,0.0,0.0,0.0,319.1273234369119,0.0,0.0,0.0,0.0,253.35921091112115,496208.73293807206,0.005244629170863464,0.005703265046070234,0.004335266888658911,0.004571130827740948,0.004227726922981899,0.004211296207274057,0.0026275266124891213,0.0025292114100617965,0.01939235896242524,0.004390600288389596,0.02987148326521576,179908.18076067604,152384.81503246623,156904.04825516694,138327.49410118384,137563.7558546253,120496.68185372063,71010.66036193582,67701.37220588628,966973.0348930225,99802.48224361535,797753.5990829123,111066.8152953475,113590.77622992557,118547.5575801402,113425.05864768151,72115.11949259327,96890.72260684037,31314.554307234404,19399.641282434925,726302.7522005975,18123.121342644736,588845.9410319837,0.0,33.18865042317406,0.0,0.0,0.0,0.0,27.97347266572221,0.0,16472.820538900774,0.0,0.0,0.0,0.0,0.0,0.0,0.0,0.0,4.7420802480992054e-05,0.0,0.0,0.0,0.0,0.000723599099836211,0.20949208584749746,0.0,0.0,0.0,0.0,0.0,0.0,4.767913327624238e-05,0.0,0.0,0.0,0.0,0.0003459303124109115,0.08049724682681515
2026-07-02 06:38:57.058000088,0.0,0.0,0.0,0.0,0.0,0.0,328.78698466026896,0.0,0.0,0.0,0.0,252.49074321809383,497606.2010074906,0.005244629170863464,0.005703265046070234,0.004241707789188796,0.004571130827740948,0.0043285974051776215,0.004224343072456067,0.0026275266124891213,0.0025292114100617965,0.02045698608126933,0.004390600288389596,0.030112975666346964,179908.18076067604,152384.81503246623,146320.59268875612,138327.49410118384,132937.8554919875,114377.63719349646,71010.66036193582,67701.37220588628,945578.9778100319,99802.48224361535,796497.5085885725,111066.8152953475,113590.77622992557,110173.8755710946,113425.05864768151,69691.7430144399,92263.58911786762,31314.554307234404,19399.641282434925,710348.1466526588,18123.121342644736,589705.2196328944,0.0,33.18865042317406,0.0,0.0,0.0,0.0,27.97347266572221,0.0,16100.514045699572,0.0,0.0,0.0,0.0,0.0,0.0,0.0,0.0,4.757852539765872e-05,0.0,0.0,0.0,0.0,0.0007237654181815348,0.209860474195681,0.0,0.0,0.0,0.0,0.0,0.0,4.9195705231558866e-05,0.0,0.0,0.0,0.0,0.00034246587689518995,0.08044692607955833
2026-07-02 06:39:12.058000088,0.0,0.0,0.0,0.0,0.0,0.0,330.0319498519887,0.0,0.0,0.0,0.0,252.49074321809383,497607.13350387645,0.005244629170863464,0.005838022997494088,0.004572356095810831,0.004485353011055064,0.0043285974051776215,0.004224343072456067,0.0026275266124891213,0.0025292114100617965,0.020131481107022165,0.004292256376013829,0.03035654868874363,179908.18076067604,147737.21008761798,162264.78447780033,130564.64115566568,132937.8554919875,114377.63719349646,71010.66036193582,67701.37220588628,966848.9125817361,91304.68770011542,793772.9025206859,111066.8152953475,110400.25592265448,124154.27950513216,107384.27992232841,69691.7430144399,92263.58911786762,31314.554307234404,19399.641282434925,726265.1270319313,18574.858855152608,587067.6298838797,0.0,34.57799420619546,0.0,0.0,0.0,0.0,27.97347266572221,0.0,16467.26125137166,0.0,0.0,0.0,0.0,0.0,0.0,0.0,0.0,4.87610600012298e-05,0.0,0.0,0.0,0.0,0.000723770228412619,0.21038978565511546,0.0,0.0,0.0,0.0,0.0,0.0,4.9303885884137855e-05,0.0,0.0,0.0,0.0,0.0003373706587540548,0.08044711100356672
2026-07-02 06:39:27.058000088,0.0,0.0,0.0,0.0,0.0,0.0,325.0768043505403,0.0,0.0,0.0,0.0,251.6217409248933,499129.36810329126,0.005486166804927379,0.005838022997494088,0.004572356095810831,0.004609439523143032,0.0043285974051776215,0.004224343072456067,0.0026356714371125736,0.0025292114100617965,0.02062257490409821,0.004408217890522592,0.03061395362465961,198072.72119038244,147737.21008761798,162264.78447780033,134176.6892783201,132937.8554919875,114377.63719349646,66763.48086228088,67701.37220588628,990434.5345811521,93771.41590549999,792923.2802861907,125256.72732679255,110400.25592265448,124154.27950513216,110355.04737715254,69691.7430144399,92263.58911786762,32611.560644821442,19399.641282434925,743981.8711215461,19076.685534627515,588679.7999531645,0.0,34.57799420619546,0.0,0.0,0.0,0.0,29.132095936415784,0.0,16868.96889585086,0.0,0.0,0.0,0.0,0.0,0.0,0.0,0.0,4.892242718612972e-05,0.0,0.0,0.0,0.0,0.0007239362587697618,0.21075845702040327,0.0,0.0,0.0,0.0,0.0,0.0,4.842968638112204e-05,0.0,0.0,0.0,0.0,0.0003327502653735552,0.08039500836504952
2026-07-02 06:39:42.058000088,0.0,0.0,0.0,0.0,0.0,0.0,329.03829417887107,0.0,0.0,0.0,0.0,251.6217409248933,499130.3128551143,0.005486166804927379,0.005838022997494088,0.004572356095810831,0.004609439523143032,0.0042532856886334115,0.004224343072456067,0.00265722252673794,0.0025292114100617965,0.02062257490409821,0.004408217890522592,0.03081329533568624,198072.72119038244,147737.21008761798,162264.78447780033,134176.6892783201,123361.15414601301,114377.63719349646,64669.72062680386,67701.37220588628,990434.5345811521,93771.41590549999,798862.8655751491,125256.72732679255,110400.25592265448,124154.27950513216,110355.04737715254,62695.18647003503,92263.58911786762,31588.834028217625,19399.641282434925,743981.8711215461,19076.685534627515,598375.550856838,0.0,34.57799420619546,0.0,0.0,0.0,0.0,28.218488328484284,0.0,16868.96889585086,0.0,0.0,0.0,0.0,0.0,0.0,0.0,0.0,4.908379437102964e-05,0.0,0.0,0.0,0.0,0.0007241022891269046,0.21112712838569114,0.0,0.0,0.0,0.0,0.0,0.0,4.8537216855327376e-05,0.0,0.0,0.0,0.0,0.0003276501533725256,0.08039519270333571
2026-07-02 06:39:57.058000088,0.0,0.0,0.0,0.0,0.0,0.0,326.9398309516709,0.0,0.0,0.0,0.0,251.11148998232628,500529.54227214045,0.005561797400874024,0.005676527002280813,0.004572356095810831,0.004609439523143032,0.004424262608032105,0.004337805881173705,0.00265722252673794,0.0025292114100617965,0.02062257490409821,0.004408217890522592,0.031404829840741125,190231.92377497067,143650.38689706632,162264.78447780033,134176.6892783201,124435.90214377889,126227.17494750839,64669.72062680386,67701.37220588628,990434.5345811521,93771.41590549999,807319.0133608454,130789.41679805821,107346.2769969664,124154.27950513216,110355.04737715254,64002.97244283321,102155.17435664774,31588.834028217625,19399.641282434925,743981.8711215461,19076.685534627515,614087.0417621955,0.0,33.62147046704518,0.0,0.0,0.0,0.0,28.218488328484284,0.0,16868.96889585086,0.0,0.0,0.0,0.0,0.0,0.0,0.0,0.0,4.924516155592956e-05,0.0,0.0,0.0,0.0,0.0007242683194840476,0.21149579975097899,0.0,0.0,0.0,0.0,0.0,0.0,4.823265852384635e-05,0.0,0.0,0.0,0.0,0.00032458418783861125,0.08033794345363574
2026-07-02 06:40:12.058000088,0.0,0.0,0.0,0.0,0.0,0.0,326.9565631466566,0.0,0.0,0.0,0.0,251.11148998232628,500530.4607100397,0.005561797400874024,0.007126167217326448,0.004725440249754292,0.0047462348741907304,0.004424262608032105,0.004337805881173705,0.00265722252673794,0.002573947379242702,0.02062257490409821,0.0043061734872456995,0.031571266719261894,190231.92377497067,154251.3880141815,180725.3580689437,129495.23526850741,124435.90214377889,126227.17494750839,64669.72062680386,67849.57648436085,990434.5345811521,91600.73187441374,800074.4993755808,130789.41679805821,115602.23573095164,139781.05730173722,106697.85161545822,64002.97244283321,102155.17435664774,31588.834028217625,19461.620234956907,743981.8711215461,18635.08554110922,605918.6521178598,0.0,32.960810331763874,0.0,0.0,0.0,0.0,28.218488328484284,0.0,16868.96889585086,0.0,0.0,0.0,0.0,0.0,0.0,0.0,0.0,4.8851681493155294e-05,0.0,0.0,0.0,0.0,0.0007243088324714736,0.21202083626122892,0.0,0.0,0.0,0.0,0.0,0.0,4.834159140490212e-05,0.0,0.0,0.0,0.0,0.00031945069796316316,0.08033812488909466
2026-07-02 06:40:27.058000088,0.0,0.0,0.0,0.0,0.0,0.0,336.6844222995157,0.0,0.0,0.0,0.0,250.31541028657853,502107.12883039366,0.005561797400874024,0.007126167217326448,0.004725440249754292,0.0047462348741907304,0.004424262608032105,0.0043530081924798665,0.00265722252673794,0.002573947379242702,0.02062257490409821,0.00454766067847143,0.03177744140237144,190231.92377497067,154251.3880141815,180725.3580689437,129495.23526850741,124435.90214377889,129563.39881992171,64669.72062680386,67849.57648436085,990434.5345811521,102917.28354834447,807705.6444338968,130789.41679805821,115602.23573095164,139781.05730173722,106697.85161545822,64002.97244283321,104806.84292595512,31588.834028217625,19461.620234956907,743981.8711215461,28286.809727988635,611451.8074671428,0.0,32.960810331763874,0.0,0.0,0.0,0.0,28.218488328484284,0.0,16868.96889585086,0.0,0.0,0.0,0.0,0.0,0.0,0.0,0.0,4.9010988373222337e-05,0.0,0.0,0.0,0.0,0.0007244746403910953,0.212389777051198,0.0,0.0,0.0,0.0,0.0,0.0,4.918396641766726e-05,0.0,0.0,0.0,0.0,0.0003165809097117767,0.08029541906229538
2026-07-02 06:40:42.058000088,0.0,0.0,0.0,0.0,0.0,0.0,336.7002603354473,0.0,0.0,0.0,0.0,250.31541028657853,502108.0552741316,0.005561797400874024,0.007320014602352318,0.004725440249754292,0.0047462348741907304,0.004424262608032105,0.0043530081924798665,0.00265722252673794,0.002573947379242702,0.02098862546481557,0.00454766067847143,0.03215632694618128,190231.92377497067,149479.38738816496,180725.3580689437,129495.23526850741,124435.90214377889,129563.39881992171,64669.72062680386,67849.57648436085,946848.9114715621,102917.28354834447,811442.0268130365,130789.41679805821,112346.27831572699,139781.05730173722,106697.85161545822,64002.97244283321,104806.84292595512,31588.834028217625,19461.620234956907,711394.3269924222,28286.809727988635,628707.4300739138,0.0,34.2706111806636,0.0,0.0,0.0,0.0,28.218488328484284,0.0,16111.943003625278,0.0,0.0,0.0,0.0,0.0,0.0,0.0,0.0,4.917029525328937e-05,0.0,0.0,0.0,0.0,0.000724640448310717,0.21275871784116707,0.0,0.0,0.0,0.0,0.0,0.0,4.92933303382596e-05,0.0,0.0,0.0,0.0,0.0003114073267813128,0.08029560170276291
2026-07-02 06:40:57.058000088,0.0,0.0,0.0,0.0,0.0,0.0,318.34332349683007,0.0,0.0,0.0,0.0,249.45280001890612,503513.4824103825,0.005881059576475388,0.007320014602352318,0.004725440249754292,0.0047462348741907304,0.004424262608032105,0.0043530081924798665,0.0026024591328720715,0.002573947379242702,0.02107510315479596,0.00454766067847143,0.03252611685828539,184709.99825762503,149479.38738816496,180725.3580689437,129495.23526850741,124435.90214377889,129563.39881992171,66156.74564839422,67849.57648436085,889670.1114795689,102917.28354834447,818234.670640154,127450.4906272975,112346.27831572699,139781.05730173722,106697.85161545822,64002.97244283321,104806.84292595512,32226.35961189279,19461.620234956907,672937.8348006535,28286.809727988635,642146.6191529369,0.0,34.2706111806636,0.0,0.0,0.0,0.0,28.943123984860208,0.0,16524.953636357368,0.0,0.0,0.0,0.0,0.0,0.0,0.0,0.0,4.9329602133356415e-05,0.0,0.0,0.0,0.0,0.0007248062562303387,0.2131276586311362,0.0,0.0,0.0,0.0,0.0,0.0,4.83888689148919e-05,0.0,0.0,0.0,0.0,0.00030615066007128614,0.08024289021245815
2026-07-02 06:41:12.058000088,0.0,0.0,0.0,0.0,0.0,0.0,318.3680870759691,0.0,0.0,0.0,0.0,249.45280001890612,503514.405559112,0.005881059576475388,0.007320014602352318,0.004725440249754292,0.004782560421665142,0.004514133550391211,0.004421217176587242,0.002601252382420865,0.002573947379242702,0.02107510315479596,0.004568354696225715,0.03283789333062669,184709.99825762503,149479.38738816496,180725.3580689437,134886.30858100145,138802.05778281772,125422.96953574216,66126.06901579961,67849.57648436085,889670.1114795689,106739.62361717719,825095.6874632736,127450.4906272975,112346.27831572699,139781.05730173722,111138.12785845881,76232.03914116159,101382.79327132371,32211.41637089769,19461.620234956907,672937.8348006535,29229.91843259272,648562.4900683438,0.0,34.2706111806636,0.0,0.0,0.0,0.0,28.929703167800337,0.0,16524.953636357368,0.0,0.0,0.0,0.0,0.0,0.0,0.0,0.0,5.056884420706607e-05,0.0,0.0,0.0,0.0,0.0007248079239988263,0.21365342136395973,0.0,0.0,0.0,0.0,0.0,0.0,4.849717689247635e-05,0.0,0.0,0.0,0.0,0.00030098197661225344,0.08024307155490422
2026-07-02 06:41:27.058000088,0.0,0.0,0.0,0.0,0.0,0.0,332.8684701713555,0.0,0.0,0.0,0.0,248.67233146452676,505109.9193237883,0.005881059576475388,0.008060395960684403,0.004751138003245763,0.004782560421665142,0.004514133550391211,0.004421217176587242,0.0026917767089308,0.002573947379242702,0.02107510315479596,0.004568354696225715,0.03302117734984286,184709.99825762503,157827.67990840742,186040.18994518914,134886.30858100145,138802.05778281772,125422.96953574216,64431.168059003096,67849.57648436085,889670.1114795689,106739.62361717719,831408.3955081743,127450.4906272975,118806.36698165123,143857.32048794135,111138.12785845881,76232.03914116159,101382.79327132371,31425.503341865202,19461.620234956907,672937.8348006535,29229.91843259272,652658.9995793191,0.0,33.17248078784642,0.0,0.0,0.0,0.0,28.15432294472497,0.0,16524.953636357368,0.0,0.0,0.0,0.0,0.0,0.0,0.0,0.0,5.0731860835374025e-05,0.0,0.0,0.0,0.0,0.0007249734433650234,0.2140226352283707,0.0,0.0,0.0,0.0,0.0,0.0,4.9950127025013576e-05,0.0,0.0,0.0,0.0,0.00029759070259119597,0.08020236531680254
2026-07-02 06:41:42.058000088,0.0,0.0,0.0,0.0,0.0,0.0,334.2209385884195,0.0,0.0,0.0,0.0,248.67233146452676,505110.86377326003,0.0059494735244005875,0.008060395960684403,0.004649238410841335,0.0048980612126428395,0.004533800276337856,0.004440551641800317,0.0026917767089308,0.002511227059671989,0.02107510315479596,0.004647197529081319,0.033207859115477564,190615.74367612787,157827.67990840742,182050.11019728318,133360.04123055915,142235.32268363982,128811.07596806675,64431.168059003096,66196.26097598839,889670.1114795689,116479.75608693165,841831.1461709484,131498.42542177063,118806.36698165123,140771.95392689848,110519.77837289238,78155.63230647061,104109.22762988035,31425.503341865202,18987.391798764293,672937.8348006535,38270.06980541815,653824.8528993599,0.0,33.17248078784642,0.0,0.0,0.0,0.0,28.15432294472497,0.0,16524.953636357368,0.0,0.0,0.0,0.0,0.0,0.0,0.0,0.0,5.089487746368197e-05,0.0,0.0,0.0,0.0,0.0007251389627312205,0.2143918490927816,0.0,0.0,0.0,0.0,0.0,0.0,5.0062493717880594e-05,0.0,0.0,0.0,0.0,0.00029238901134948423,0.08020254920683843
2026-07-02 06:41:57.058000088,0.0,0.0,0.0,0.0,0.0,0.0,328.7672532030129,0.0,0.0,0.0,0.0,247.86440929742642,506439.6425458738,0.0059494735244005875,0.008060395960684403,0.004619543798321048,0.0048980612126428395,0.004533800276337856,0.004440551641800317,0.0026917767089308,0.002604299348723181,0.021236091588669213,0.004647197529081319,0.03357091242421778,190615.74367612787,157827.67990840742,180887.35901012574,133360.04123055915,142235.32268363982,128811.07596806675,64431.168059003096,74275.87588139447,843196.4116828679,116479.75608693165,863888.9349864643,131498.42542177063,118806.36698165123,139872.84567384885,110519.77837289238,78155.63230647061,104109.22762988035,31425.503341865202,25446.658916755354,643169.9052713737,38270.06980541815,668753.1170897386,0.0,33.17248078784642,0.0,0.0,0.0,0.0,28.15432294472497,0.0,17222.54266470629,0.0,0.0,0.0,0.0,0.0,0.0,0.0,0.0,5.1057894091989914e-05,0.0,0.0,0.0,0.0,0.0007253044820974178,0.2147610629571926,0.0,0.0,0.0,0.0,0.0,0.0,4.9444427590214426e-05,0.0,0.0,0.0,0.0,0.0002892658685980351,0.08013927861080691
2026-07-02 06:42:12.058000088,0.0,0.0,0.0,0.0,0.0,0.0,330.097895568137,0.0,0.0,0.0,0.0,247.86440929742642,506440.581341088,0.0059494735244005875,0.008240511116969858,0.004930924374539585,0.0048980612126428395,0.004533800276337856,0.00449444409424465,0.0026917767089308,0.002604299348723181,0.021236091588669213,0.004647197529081319,0.03357047561331853,190615.74367612787,162634.12953686618,177743.04038895082,133360.04123055915,142235.32268363982,126042.34167677342,64431.168059003096,74275.87588139447,843196.4116828679,116479.75608693165,851208.2994238102,131498.42542177063,122410.25046137623,137445.641933635,110519.77837289238,78155.63230647061,101971.65398803324,31425.503341865202,25446.658916755354,643169.9052713737,38270.06980541815,661602.6143862484,0.0,34.19632656648212,0.0,0.0,0.0,0.0,28.15432294472497,0.0,17222.54266470629,0.0,0.0,0.0,0.0,0.0,0.0,0.0,0.0,5.226321255286336e-05,0.0,0.0,0.0,0.0,0.0007253066734512819,0.21528318784930214,0.0,0.0,0.0,0.0,0.0,0.0,4.9553962967505735e-05,0.0,0.0,0.0,0.0,0.00028402258963869837,0.0801394609121024
2026-07-02 06:42:27.058000088,0.0,0.0,0.0,0.0,0.0,0.0,329.3191182389615,0.0,0.0,0.0,0.0,247.08676569885208,507916.2222820793,0.006352497152952383,0.008240511116969858,0.004955607129980519,0.0048980612126428395,0.004533800276337856,0.00449444409424465,0.0026917767089308,0.002604299348723181,0.021479937451261557,0.004647197529081319,0.03408853465083153,206747.84757293144,162634.12953686618,170902.61728318204,133360.04123055915,142235.32268363982,126042.34167677342,64431.168059003096,74275.87588139447,893456.9974195525,116479.75608693165,865289.9920650113,144182.71737667397,122410.25046137623,131907.46173419757,110519.77837289238,78155.63230647061,101971.65398803324,31425.503341865202,25446.658916755354,676988.2270311771,38270.06980541815,675194.4791078029,0.0,34.19632656648212,0.0,0.0,0.0,0.0,28.15432294472497,0.0,16504.727951289966,0.0,0.0,0.0,0.0,0.0,0.0,0.0,0.0,5.242975027919127e-05,0.0,0.0,0.0,0.0,0.0007254719077170162,0.21565266571652197,0.0,0.0,0.0,0.0,0.0,0.0,4.966574224075647e-05,0.0,0.0,0.0,0.0,0.00027909241890266396,0.08008408095205212
2026-07-02 06:42:42.058000088,0.0,0.0,0.0,0.0,0.0,0.0,330.63606372451693,0.0,0.0,0.0,0.0,247.08676569885208,507917.1440539574,0.006352497152952383,0.008240511116969858,0.004955607129980519,0.00494847558767271,0.004649072499223194,0.004513023593513625,0.0027093976709945114,0.002604299348723181,0.021479937451261557,0.0046672693228613695,0.03433042991409208,206747.84757293144,162634.12953686618,170902.61728318204,139104.38204829436,129613.7957127217,118992.24530665496,59556.75010038817,74275.87588139447,893456.9974195525,121055.52421271472,863002.6401159781,144182.71737667397,122410.25046137623,131907.46173419757,115270.47476139419,78484.2246545465,96557.36002323372,26157.162361129704,25446.658916755354,676988.2270311771,39744.71389415794,676387.6361169509,0.0,34.19632656648212,0.0,0.0,0.0,0.0,29.240173113817875,0.0,16504.727951289966,0.0,0.0,0.0,0.0,0.0,0.0,0.0,0.0,5.2596288005519176e-05,0.0,0.0,0.0,0.0,0.0007256371419827505,0.21602214358374178,0.0,0.0,0.0,0.0,0.0,0.0,4.985984534982381e-05,0.0,0.0,0.0,0.0,0.00027384713940439116,0.08008426059933361
2026-07-02 06:42:57.058000088,0.0,0.0,0.0,0.0,0.0,0.0,340.0828420388864,0.0,0.0,0.0,0.0,246.24824706627572,509294.1534522908,0.006468994536754586,0.009110075385818334,0.004955607129980519,0.00494847558767271,0.004649072499223194,0.004513023593513626,0.0027093976709945114,0.002604299348723181,0.021479937451261557,0.0046672693228613695,0.03466545139481677,199666.13618017934,157579.0796981534,170902.61728318204,139104.38204829436,129613.7957127217,118992.245306655,59556.75010038817,74275.87588139447,893456.9974195525,121055.52421271472,857095.257299372,140106.87683587478,119180.84844644715,131907.46173419757,115270.47476139419,78484.2246545465,96557.36002323375,26157.162361129704,25446.658916755354,676988.2270311771,39744.71389415794,671724.1847049507,0.0,32.786553738199636,0.0,0.0,0.0,0.0,29.240173113817875,0.0,16504.727951289966,0.0,0.0,0.0,0.0,0.0,0.0,0.0,0.0,5.2762825731847075e-05,0.0,0.0,0.0,0.0,0.0007258023762484848,0.21639162145096158,0.0,0.0,0.0,0.0,0.0,0.0,5.1170798919794395e-05,0.0,0.0,0.0,0.0,0.0002707262946076288,0.08003454046603507
2026-07-02 06:43:12.058000088,0.0,0.0,0.0,0.0,0.0,0.0,341.4863322240368,0.0,0.0,0.0,0.0,246.24824706627572,509295.0823414476,0.006468994536754586,0.009110075385818334,0.004955607129980519,0.005079272034442448,0.004649072499223194,0.004513023593513626,0.0027303064283325696,0.002604299348723182,0.021479937451261557,0.00455277887273692,0.034680901606437664,199666.13618017934,157579.0796981534,170902.61728318204,149301.3958512971,129613.7957127217,118992.245306655,64161.1672615351,74275.87588139449,893456.9974195525,118085.97167601474,856305.4144550406,140106.87683587478,119180.84844644715,131907.46173419757,123683.86176244699,78484.2246545465,96557.36002323375,31286.540049545827,25446.65891675536,676988.2270311771,38769.7561899773,671484.9385862601,0.0,32.786553738199636,0.0,0.0,0.0,0.0,27.95312937194177,0.0,16504.727951289966,0.0,0.0,0.0,0.0,0.0,0.0,0.0,0.0,5.3950793755913716e-05,0.0,0.0,0.0,0.0,0.0007258171498415123,0.21691318352946665,0.0,0.0,0.0,0.0,0.0,0.0,5.128220310012701e-05,0.0,0.0,0.0,0.0,0.0002654344261802861,0.08003472119653064
2026-07-02 06:43:27.058000088,0.0,0.0,0.0,0.0,0.0,0.0,342.51063495131854,0.0,0.0,0.0,0.0,245.45665169217398,510825.3241116493,0.006468994536754586,0.009364800788225878,0.005100158464222803,0.005079272034442448,0.004649072499223194,0.004513023593513626,0.0027303064283325696,0.002555236279800689,0.021479937451261557,0.00479104670189071,0.03520119369392791,199666.13618017934,163176.39654819257,183855.04768564444,149301.3958512971,129613.7957127217,118992.245306655,64161.1672615351,76251.13615022623,893456.9974195525,115610.29109656563,865177.0281091911,140106.87683587478,123366.62941286169,143427.39084830426,123683.86176244699,78484.2246545465,96557.36002323375,31286.540049545827,26094.833260299645,676988.2270311771,37946.26842382656,679740.7314894622,0.0,33.988746992508624,0.0,0.0,0.0,0.0,27.95312937194177,0.0,16504.727951289966,0.0,0.0,0.0,0.0,0.0,0.0,0.0,0.0,5.412072831373683e-05,0.0,0.0,0.0,0.0,0.0007259821232211419,0.21728292119850245,0.0,0.0,0.0,0.0,0.0,0.0,5.058662389232699e-05,0.0,0.0,0.0,0.0,0.00026109071446588284,0.07998315075748035
2026-07-02 06:43:42.058000088,0.0,0.0,0.0,0.0,0.0,0.0,342.51864135328344,0.0,0.0,0.0,0.0,245.45665169217398,510826.2569085775,0.006468994536754586,0.009364800788225878,0.005140740258887088,0.005079272034442448,0.004685184597725698,0.004513023593513626,0.0027303064283325696,0.002619838273597376,0.021684817538317244,0.00479104670189071,0.03555542003297656,199666.13618017934,163176.39654819257,188754.4230945109,149301.3958512971,122550.3818577683,118992.245306655,64161.1672615351,82384.75918331167,938083.8577134868,115610.29109656563,889731.0762877264,140106.87683587478,123366.62941286169,147250.4339903193,123683.86176244699,73253.1529571246,96557.36002323375,31286.540049545827,25628.32215266716,710625.1347033315,37946.26842382656,690894.3674925846,0.0,33.988746992508624,0.0,0.0,0.0,0.0,27.95312937194177,0.0,17342.801494658666,0.0,0.0,0.0,0.0,0.0,0.0,0.0,0.0,5.4290662871559967e-05,0.0,0.0,0.0,0.0,0.0007261470966007716,0.21765265886753823,0.0,0.0,0.0,0.0,0.0,0.0,5.069672873154295e-05,0.0,0.0,0.0,0.0,0.0002557804541297166,0.07998333099419194
2026-07-02 06:43:57.058000088,0.0,0.0,0.0,0.0,0.0,0.0,336.48048818571976,0.0,0.0,0.0,0.0,244.67523917639764,512259.5470107479,0.006468994536754586,0.009364800788225878,0.005140740258887088,0.005079272034442448,0.004741840482378788,0.004656735719238408,0.0027303064283325696,0.002619838273597376,0.021939328326511295,0.00479104670189071,0.03563674510239617,199666.13618017934,163176.39654819257,188754.4230945109,149301.3958512971,137319.94619714166,135396.88983384575,64161.1672615351,82384.75918331167,896890.0730196357,115610.29109656563,894807.417519547,140106.87683587478,123366.62941286169,147250.4339903193,123683.86176244699,85541.71857583817,109985.6314265978,31286.540049545827,25628.32215266716,679547.8805984854,37946.26842382656,700054.2791594589,0.0,33.988746992508624,0.0,0.0,0.0,0.0,27.95312937194177,0.0,16571.187339287884,0.0,0.0,0.0,0.0,0.0,0.0,0.0,0.0,5.446059742938311e-05,0.0,0.0,0.0,0.0,0.0007263120699804013,0.21802239653657407,0.0,0.0,0.0,0.0,0.0,0.0,5.0086967704594755e-05,0.0,0.0,0.0,0.0,0.0002506982008303777,0.07993524210124457
2026-07-02 06:44:12.058000088,0.0,0.0,0.0,0.0,0.0,0.0,336.48048818571976,0.0,0.0,0.0,0.0,244.67523917639764,512260.4810066657,0.006820169066623796,0.009963390269769825,0.005140740258887088,0.005079272034442448,0.004741840482378788,0.004656735719238408,0.0027411394167404044,0.002619838273597376,0.021939328326511295,0.004813346999217723,0.03605312999961664,213451.21228100226,168295.75466577915,188754.4230945109,149301.3958512971,137319.94619714166,135396.88983384575,59331.12282466589,82384.75918331167,896890.0730196357,107628.6332981875,910587.1523354553,150991.3505592699,126963.9919733436,147250.4339903193,123683.86176244699,85541.71857583817,109985.6314265978,26141.68411766318,25628.32215266716,679547.8805984854,39023.86340743609,712419.2573907973,0.0,32.87026458315999,0.0,0.0,0.0,0.0,28.965854978020143,0.0,16571.187339287884,0.0,0.0,0.0,0.0,0.0,0.0,0.0,0.0,5.399057103957017e-05,0.0,0.0,0.0,0.0,0.000726321580310498,0.2185436857623338,0.0,0.0,0.0,0.0,0.0,0.0,5.0194202719850625e-05,0.0,0.0,0.0,0.0,0.00024538803027342827,0.0799354216733315
2026-07-02 06:44:27.058000088,0.0,0.0,0.0,0.0,0.0,0.0,351.8785513775893,0.0,0.0,0.0,0.0,243.87776030628297,513806.03713841113,0.006820169066623796,0.009963390269769825,0.005140740258887088,0.005146027846359148,0.004741840482378788,0.004656735719238408,0.0027551288311209524,0.002619838273597376,0.021939328326511295,0.004813346999217723,0.03629513805029979,213451.21228100226,168295.75466577915,188754.4230945109,145420.49961997455,137319.94619714166,135396.88983384575,57553.180535044085,82384.75918331167,896890.0730196357,107628.6332981875,927639.4110152299,150991.3505592699,126963.9919733436,147250.4339903193,120960.67916458225,85541.71857583817,109985.6314265978,25355.216368979363,25628.32215266716,679547.8805984854,39023.86340743609,722569.0688707982,0.0,32.87026458315999,0.0,0.0,0.0,0.0,28.094422569506218,0.0,16571.187339287884,0.0,0.0,0.0,0.0,0.0,0.0,0.0,0.0,5.4158269591729744e-05,0.0,0.0,0.0,0.0,0.0007264862860576246,0.21891367909715115,0.0,0.0,0.0,0.0,0.0,0.0,5.1341708790758516e-05,0.0,0.0,0.0,0.0,0.0002415390906222476,0.07989240722868537
2026-07-02 06:44:42.058000088,0.0,0.0,0.0,0.0,0.0,0.0,351.90237217322596,0.0,0.0,0.0,0.0,243.87776030628297,513806.97914776194,0.006927074185327577,0.01018759947419926,0.005180842844554016,0.005227455104968776,0.004741840482378788,0.004656735719238408,0.0027551288311209524,0.002619838273597376,0.021939328326511295,0.004813346999217723,0.03657941309610216,222001.9301671819,162559.69757319725,194074.29436249365,142514.7871168068,137319.94619714166,135396.88983384575,57553.180535044085,82384.75918331167,896890.0730196357,107628.6332981875,949268.4580018062,157010.88214945662,122997.14777898791,151395.34596237427,118939.45841794832,85541.71857583817,109985.6314265978,25355.216368979363,25628.32215266716,679547.8805984854,39023.86340743609,735468.6918006751,0.0,33.86289062483004,0.0,0.0,0.0,0.0,28.094422569506218,0.0,16571.187339287884,0.0,0.0,0.0,0.0,0.0,0.0,0.0,0.0,5.43259681438893e-05,0.0,0.0,0.0,0.0,0.0007266509918047509,0.2192836724319685,0.0,0.0,0.0,0.0,0.0,0.0,5.145312976908583e-05,0.0,0.0,0.0,0.0,0.00023619351162911662,0.0798925880111634
2026-07-02 06:44:57.058000088,0.0,0.0,0.0,0.0,0.0,0.0,333.03102297849847,0.0,0.0,0.0,0.0,243.03417972005812,515241.9708981769,0.006927074185327577,0.01018759947419926,0.005180842844554016,0.005227455104968776,0.004741840482378788,0.004656735719238408,0.0027551288311209524,0.002619838273597376,0.021939328326511295,0.004701653362323325,0.03691515643090651,222001.9301671819,162559.69757319725,194074.29436249365,142514.7871168068,137319.94619714166,135396.88983384575,57553.180535044085,82384.75918331167,896890.0730196357,105131.1126563136,951574.5139828345,157010.88214945662,122997.14777898791,151395.34596237427,118939.45841794832,85541.71857583817,109985.6314265978,25355.216368979363,25628.32215266716,679547.8805984854,38118.315307464254,737307.7331449484,0.0,33.86289062483004,0.0,0.0,0.0,0.0,28.094422569506218,0.0,16571.187339287884,0.0,0.0,0.0,0.0,0.0,0.0,0.0,0.0,5.449366669604886e-05,0.0,0.0,0.0,0.0,0.0007268156975518774,0.21965366576678577,0.0,0.0,0.0,0.0,0.0,0.0,5.0729416111984206e-05,0.0,0.0,0.0,0.0,0.0002314813358407871,0.07983593218783241
2026-07-02 06:45:12.058000088,0.0,0.0,0.0,0.0,0.0,0.0,333.0401195925155,0.0,0.0,0.0,0.0,243.03417972005812,515242.91070122307,0.006927074185327577,0.01018759947419926,0.005044359019551864,0.005227455104968776,0.004814401999663035,0.004656735719238408,0.0027551288311209524,0.002558357511693546,0.021939328326511295,0.004959532843066374,0.03719220677830989,222001.9301671819,162559.69757319725,188961.61234840195,142514.7871168068,134860.60112271487,135396.88983384575,57553.180535044085,84244.77898209808,896890.0730196357,94335.4502594866,965923.0847605502,157010.88214945662,122997.14777898791,147406.99570268832,118939.45841794832,84683.78484175619,109985.6314265978,25355.216368979363,26201.478562583103,679547.8805984854,30403.287441718418,750078.7528971164,0.0,33.86289062483004,0.0,0.0,0.0,0.0,28.094422569506218,0.0,16571.187339287884,0.0,0.0,0.0,0.0,0.0,0.0,0.0,0.0,5.569767153170084e-05,0.0,0.0,0.0,0.0,0.0007268266873071538,0.22017018601837926,0.0,0.0,0.0,0.0,0.0,0.0,5.0839842135974045e-05,0.0,0.0,0.0,0.0,0.00022612331146267415,0.07983611057397409
2026-07-02 06:45:27.058000088,0.0,0.0,0.0,0.0,0.0,0.0,332.5399255270248,0.0,0.0,0.0,0.0,242.26887787980795,516788.02694706235,0.006927074185327577,0.010744822783772803,0.005344312575519305,0.005227455104968776,0.004853931297345068,0.0047557643901312415,0.0027551288311209524,0.0025563109871614836,0.0220465272266022,0.004959532843066374,0.03734675854848892,222001.9301671819,161709.4807914726,202830.87915274847,142514.7871168068,139761.55247943255,132162.46713929935,57553.180535044085,84177.3884762376,840833.235920855,94335.4502594866,970518.6345210599,157010.88214945662,123300.40796947114,159546.14929727966,118939.45841794832,87739.62199548632,107759.90615158985,25355.216368979363,26180.519033506524,642613.6612209158,30403.287441718418,752992.7528980473,0.0,32.87411070850163,0.0,0.0,0.0,0.0,28.094422569506218,0.0,17071.673178390363,0.0,0.0,0.0,0.0,0.0,0.0,0.0,0.0,5.586870513668837e-05,0.0,0.0,0.0,0.0,0.0007269911302295281,0.2205404263754196,0.0,0.0,0.0,0.0,0.0,0.0,5.0253533356845636e-05,0.0,0.0,0.0,0.0,0.00022026288000182544,0.07979420810772017
2026-07-02 06:45:42.058000088,0.0,0.0,0.0,0.0,0.0,0.0,333.96935957229766,0.0,0.0,0.0,0.0,242.26887787980795,516788.9386756415,0.0072010029853629125,0.010744822783772803,0.005260491264208027,0.005227455104968776,0.004853931297345068,0.004789460316045696,0.002770334355964608,0.00269174299949297,0.022323166467571206,0.004959532843066374,0.037776301199762725,219089.8811107177,161709.4807914726,206917.70372624582,142514.7871168068,139761.55247943255,135775.58278985886,52502.59392645948,82233.27809061742,891421.4236385309,94335.4502594866,988851.5107738797,156219.88671886252,123300.40796947114,162753.83897785321,118939.45841794832,87739.62199548632,110754.54635432576,26297.73687252679,25575.316958877644,676653.8126600789,30403.287441718418,760740.7571426277,0.0,32.87411070850163,0.0,0.0,0.0,0.0,29.13876661775822,0.0,16379.290713382416,0.0,0.0,0.0,0.0,0.0,0.0,0.0,0.0,5.603973874167591e-05,0.0,0.0,0.0,0.0,0.0007271555731519026,0.2209106667324599,0.0,0.0,0.0,0.0,0.0,0.0,5.0361208049682355e-05,0.0,0.0,0.0,0.0,0.00021492871196674584,0.07979438407758116
2026-07-02 06:45:57.058000088,0.0,0.0,0.0,0.0,0.0,0.0,343.42369707852845,0.0,0.0,0.0,0.0,241.44057914867278,518127.5125557897,0.0072010029853629125,0.01104084966520287,0.005294397121951384,0.005227455104968776,0.004853931297345068,0.004789460316045696,0.0027801605182661733,0.00269174299949297,0.022323166467571206,0.004959532843066374,0.03781794503264589,219089.8811107177,167153.89302752953,208251.36666279676,142514.7871168068,139761.55247943255,135775.58278985886,57533.24682460705,82233.27809061742,891421.4236385309,94335.4502594866,988375.5297721354,156219.88671886252,127407.01522170748,163802.84908630344,118939.45841794832,87739.62199548632,110754.54635432576,31398.79483118194,25575.316958877644,676653.8126600789,30403.287441718418,764759.346075443,0.0,34.0191305153664,0.0,0.0,0.0,0.0,28.001823605089516,0.0,16379.290713382416,0.0,0.0,0.0,0.0,0.0,0.0,0.0,0.0,5.621077234666344e-05,0.0,0.0,0.0,0.0,0.0007273200160742769,0.22128090708950024,0.0,0.0,0.0,0.0,0.0,0.0,5.1486130313210236e-05,0.0,0.0,0.0,0.0,0.00021104556441674748,0.07975369623485605
2026-07-02 06:46:12.058000088,0.0,0.0,0.0,0.0,0.0,0.0,344.91797656679114,0.0,0.0,0.0,0.0,241.44057914867278,518128.4402057707,0.007181329952482402,0.01104084966520287,0.005424937238937165,0.005223996654039746,0.004853931297345068,0.004789460316045696,0.0027801605182661733,0.00269174299949297,0.022323166467571206,0.005001753386019271,0.03817624107593644,207837.75991339496,167153.89302752953,213386.06984815028,141378.1752462632,139761.55247943255,135775.58278985886,57533.24682460705,82233.27809061742,891421.4236385309,98020.23257040515,984128.114003445,149311.9902563016,127407.01522170748,167841.61735203737,118258.40432542351,87739.62199548632,110754.54635432576,31398.79483118194,25575.316958877644,676653.8126600789,31591.43770030356,762840.9980846959,0.0,34.0191305153664,0.0,0.0,0.0,0.0,28.001823605089516,0.0,16379.290713382416,0.0,0.0,0.0,0.0,0.0,0.0,0.0,0.0,5.738657176434615e-05,0.0,0.0,0.0,0.0,0.0007273371720214663,0.22180292968840246,0.0,0.0,0.0,0.0,0.0,0.0,5.159783348718177e-05,0.0,0.0,0.0,0.0,0.0002056690844844468,0.07975387417593405
2026-07-02 06:46:27.058000088,0.0,0.0,0.0,0.0,0.0,0.0,343.9307931577719,0.0,0.0,0.0,0.0,240.59373599410517,519585.82315047167,0.007370031221045805,0.01104084966520287,0.005424937238937165,0.0053647897491506434,0.004853931297345068,0.004789460316045696,0.0027801605182661733,0.00269174299949297,0.022323166467571206,0.005001753386019271,0.038547164433029836,213299.03926005363,167153.89302752953,213386.06984815028,145188.48987551543,139761.55247943255,135775.58278985886,57533.24682460705,82233.27809061742,891421.4236385309,98020.23257040515,983252.7719808872,153235.4086425228,127407.01522170748,167841.61735203737,121445.61286909223,87739.62199548632,110754.54635432576,31398.79483118194,25575.316958877644,676653.8126600789,31591.43770030356,771731.8398521835,0.0,34.0191305153664,0.0,0.0,0.0,0.0,28.001823605089516,0.0,16379.290713382416,0.0,0.0,0.0,0.0,0.0,0.0,0.0,0.0,5.756080722145064e-05,0.0,0.0,0.0,0.0,0.0007275013647652305,0.22217342484366018,0.0,0.0,0.0,0.0,0.0,0.0,5.080156393398424e-05,0.0,0.0,0.0,0.0,0.0002008776184800793,0.07969622022460554
2026-07-02 06:46:42.058000088,0.0,0.0,0.0,0.0,0.0,0.0,345.3975675648596,0.0,0.0,0.0,0.0,240.59373599410517,519586.7709369976,0.007370031221045805,0.01104084966520287,0.005424937238937165,0.0053647897491506434,0.004853931297345068,0.004823726630108738,0.0027801605182661733,0.00269174299949297,0.0227804256163628,0.005001753386019271,0.03892564862547416,213299.03926005363,167153.89302752953,213386.06984815028,145188.48987551543,139761.55247943255,128141.19311134685,57533.24682460705,82233.27809061742,980649.1306745842,98020.23257040515,996042.2436558495,153235.4086425228,127407.01522170748,167841.61735203737,121445.61286909223,87739.62199548632,113658.87831559095,31398.79483118194,25575.316958877644,739857.2997046408,31591.43770030356,780551.6006582434,0.0,34.0191305153664,0.0,0.0,0.0,0.0,28.001823605089516,0.0,16473.64704305648,0.0,0.0,0.0,0.0,0.0,0.0,0.0,0.0,5.7735042678555116e-05,0.0,0.0,0.0,0.0,0.0007276655575089948,0.22254391999891787,0.0,0.0,0.0,0.0,0.0,0.0,5.091148425566155e-05,0.0,0.0,0.0,0.0,0.0001954874375668906,0.07969639939889794
2026-07-02 06:46:57.058000088,0.0,0.0,0.0,0.0,0.0,0.0,344.10771796902674,0.0,0.0,0.0,0.0,239.67071964874063,521119.1841493021,0.007370031221045805,0.012068998719315539,0.005424937238937165,0.0053647897491506434,0.004972362749806385,0.004903848493912427,0.00278904902153167,0.0027055406511449186,0.0227804256163628,0.004875180847072187,0.039322846802263715,213299.03926005363,162260.87073133115,213386.06984815028,145188.48987551543,146811.9223463953,139276.126251674,59177.27176331969,79579.32448969233,980649.1306745842,95539.7684716956,1008570.9928215079,153235.4086425228,124161.00416390078,167841.61735203737,121445.61286909223,94897.95914835438,122405.87887398626,32332.412604857887,24776.608218536745,739857.2997046408,30791.99635041758,792434.9149242063,0.0,32.613870282085834,0.0,0.0,0.0,0.0,28.83443518631772,0.0,16473.64704305648,0.0,0.0,0.0,0.0,0.0,0.0,0.0,0.0,5.790927813565959e-05,0.0,0.0,0.0,0.0,0.0007278297502527589,0.2229144151541756,0.0,0.0,0.0,0.0,0.0,0.0,4.9965480735889045e-05,0.0,0.0,0.0,0.0,0.00019082020699311418,0.07966597076275864
2026-07-02 06:47:12.058000088,0.0,0.0,0.0,0.0,0.0,0.0,345.56856037101056,0.0,0.0,0.0,0.0,239.67071964874063,521120.12026828673,0.007195870409912259,0.012446202770852148,0.005635681556492761,0.0053647897491506434,0.004972362749806385,0.004903848493912427,0.00281512649767409,0.00271402652011028,0.0227804256163628,0.005114202659456071,0.039587909024052605,208258.58114293515,157687.17708007674,205830.04055336266,145188.48987551543,146811.9223463953,139276.126251674,57257.405514963335,81734.5317311413,980649.1306745842,93409.74063904492,1006624.4088980248,149614.3109479359,121120.30277511929,162299.676180893,121445.61286909223,94897.95914835438,122405.87887398626,31301.017069719433,25449.81888726195,739857.2997046408,30105.498881369407,794913.8766122657,0.0,33.88629038648937,0.0,0.0,0.0,0.0,27.88198825940936,0.0,16473.64704305648,0.0,0.0,0.0,0.0,0.0,0.0,0.0,0.0,5.7461129357884834e-05,0.0,0.0,0.0,0.0,0.0007278306079574324,0.2234412948564163,0.0,0.0,0.0,0.0,0.0,0.0,5.007370883988385e-05,0.0,0.0,0.0,0.0,0.00018540912184221832,0.0796661479481426
2026-07-02 06:47:27.058000088,0.0,0.0,0.0,0.0,0.0,0.0,352.97882668748775,0.0,0.0,0.0,0.0,238.9001312080638,522561.97660919314,0.007796847364928466,0.012446202770852148,0.005635681556492761,0.0053647897491506434,0.004972362749806385,0.004903848493912427,0.00281512649767409,0.00271402652011028,0.0227804256163628,0.005114202659456071,0.039856967686531984,227137.32363121948,157687.17708007674,205830.04055336266,145188.48987551543,146811.9223463953,139276.126251674,57257.405514963335,81734.5317311413,980649.1306745842,93409.74063904492,1015200.2639935274,164000.82365223535,121120.30277511929,162299.676180893,121445.61286909223,94897.95914835438,122405.87887398626,31301.017069719433,25449.81888726195,739857.2997046408,30105.498881369407,802836.9548406644,0.0,33.88629038648937,0.0,0.0,0.0,0.0,27.88198825940936,0.0,16473.64704305648,0.0,0.0,0.0,0.0,0.0,0.0,0.0,0.0,5.76332711042786e-05,0.0,0.0,0.0,0.0,0.0007279945251871621,0.2238120475633031,0.0,0.0,0.0,0.0,0.0,0.0,5.061078101810089e-05,0.0,0.0,0.0,0.0,0.00018204850144042746,0.07961342019750384
2026-07-02 06:47:42.058000088,0.0,0.0,0.0,0.0,0.0,0.0,353.0168889254829,0.0,0.0,0.0,0.0,238.9001312080638,522562.90439758945,0.007796847364928466,0.012446202770852148,0.005691827573486861,0.0053647897491506434,0.004972362749806385,0.0049723881488362084,0.00281512649767409,0.00271402652011028,0.0227804256163628,0.005166918154424032,0.040113947780469374,227137.32363121948,157687.17708007674,211239.9456084738,145188.48987551543,146811.9223463953,145484.5151358669,57257.405514963335,81734.5317311413,980649.1306745842,97495.64749684224,1009826.6718703897,164000.82365223535,121120.30277511929,166595.40862349301,121445.61286909223,94897.95914835438,127852.28804080692,31301.017069719433,25449.81888726195,739857.2997046408,31421.082912484813,800069.0549859446,0.0,33.88629038648937,0.0,0.0,0.0,0.0,27.88198825940936,0.0,16473.64704305648,0.0,0.0,0.0,0.0,0.0,0.0,0.0,0.0,5.780541285067237e-05,0.0,0.0,0.0,0.0,0.0007281584424168919,0.2241828002701899,0.0,0.0,0.0,0.0,0.0,0.0,5.072028213618859e-05,0.0,0.0,0.0,0.0,0.00017655738275800708,0.07961359605966305
2026-07-02 06:47:57.058000088,0.0,0.0,0.0,0.0,0.0,0.0,358.4118346373317,0.0,0.0,0.0,0.0,237.9776046240843,524004.5528857026,0.007796847364928466,0.012446202770852148,0.005691827573486861,0.00544718033395114,0.004972362749806385,0.0049723881488362084,0.00281512649767409,0.00271402652011028,0.023055480828549343,0.005166918154424032,0.04010083401349236,227137.32363121948,157687.17708007674,211239.9456084738,138887.95038363768,146811.9223463953,145484.5151358669,57257.405514963335,81734.5317311413,1024995.8540205765,97495.64749684224,1008196.7327075836,164000.82365223535,121120.30277511929,166595.40862349301,116203.73994528294,94897.95914835438,127852.28804080692,31301.017069719433,25449.81888726195,714515.6046691434,31421.082912484813,791520.0019772848,0.0,33.88629038648937,0.0,0.0,0.0,0.0,27.88198825940936,0.0,17219.171181267397,0.0,0.0,0.0,0.0,0.0,0.0,0.0,0.0,5.7977554597066145e-05,0.0,0.0,0.0,0.0,0.0007283223596466216,0.22455355297707671,0.0,0.0,0.0,0.0,0.0,0.0,5.1159282605159884e-05,0.0,0.0,0.0,0.0,0.00017062035682536783,0.07956693093215367
2026-07-02 06:48:12.058000088,0.0,0.0,0.0,0.0,0.0,0.0,358.4225474670469,0.0,0.0,0.0,0.0,237.9776046240843,524005.48641598824,0.007917771845210033,0.012446202770852148,0.0057708475516141545,0.005492207156297517,0.004972362749806385,0.005043138054186769,0.002828617419352557,0.002728229372339483,0.023055480828549343,0.005166918154424032,0.04064848674609464,234781.35868386558,157687.17708007674,205933.76271627052,132114.94544411855,146811.9223463953,142954.64318413282,52334.848254421864,76794.55867431854,1024995.8540205765,97495.64749684224,1009775.6389638152,169495.58306136302,121120.30277511929,162467.38481821,111083.3322227701,94897.95914835438,125931.34239303751,32520.727303593725,19868.937985231885,714515.6046691434,31421.082912484813,791823.7064573485,0.0,33.88629038648937,0.0,0.0,0.0,0.0,28.973307915669,0.0,17219.171181267397,0.0,0.0,0.0,0.0,0.0,0.0,0.0,0.0,5.914907418812369e-05,0.0,0.0,0.0,0.0,0.0007283280579783743,0.22506732439915203,0.0,0.0,0.0,0.0,0.0,0.0,5.1269247228580435e-05,0.0,0.0,0.0,0.0,0.00016516177866328897,0.07956710774773569
2026-07-02 06:48:27.058000088,0.0,0.0,0.0,0.0,0.0,0.0,373.44041855759986,0.0,0.0,0.0,0.0,237.17825085281387,525460.240315161,0.008087610279227924,0.013037269478264774,0.0057708475516141545,0.005492207156297517,0.005021425084728729,0.005043138054186769,0.0028327823085621765,0.002728229372339483,0.022425877675341918,0.005166918154424032,0.040847303801565774,249096.78740983177,162357.921058082,205933.76271627052,132114.94544411855,152179.5988833844,142954.64318413282,50652.75727027953,76794.55867431854,997005.0857293,97495.64749684224,1019255.4888410114,179640.96346485367,124263.150929691,162467.38481821,111083.3322227701,98406.7786572437,125931.34239303751,31475.055204450073,19868.937985231885,695003.4860080334,31421.082912484813,799542.4506313046,0.0,32.69494229105741,0.0,0.0,0.0,0.0,28.040138266770665,0.0,16748.947005421112,0.0,0.0,0.0,0.0,0.0,0.0,0.0,0.0,5.932429016390716e-05,0.0,0.0,0.0,0.0,0.0007284917101036539,0.22543831334498998,0.0,0.0,0.0,0.0,0.0,0.0,5.2199796831547874e-05,0.0,0.0,0.0,0.0,0.00016023217541117631,0.07951798126154555
2026-07-02 06:48:42.058000088,0.0,0.0,0.0,0.0,0.0,0.0,373.4512056025108,0.0,0.0,0.0,0.0,237.17825085281387,525461.1795198977,0.008087610279227924,0.013453162923802867,0.005709647840842973,0.005492207156297517,0.0051158329518007405,0.005043138054186769,0.0028327823085621765,0.0027337206785599862,0.02326882266749745,0.005166918154424032,0.04100332696839496,249096.78740983177,157916.4767563789,197774.0349677763,132114.94544411855,164890.10273703685,142954.64318413282,50652.75727027953,73510.58332708447,975169.2080494608,97495.64749684224,1034789.1939136038,179640.96346485367,121332.00978678784,155967.811617817,111083.3322227701,109432.27692786953,125931.34239303751,31475.055204450073,19083.11916724043,679794.1042196848,31421.082912484813,810376.5136469825,0.0,34.00209716882209,0.0,0.0,0.0,0.0,28.040138266770665,0.0,16378.241464178142,0.0,0.0,0.0,0.0,0.0,0.0,0.0,0.0,5.9499506139690646e-05,0.0,0.0,0.0,0.0,0.0007286553622289335,0.22580930229082796,0.0,0.0,0.0,0.0,0.0,0.0,5.231051440473979e-05,0.0,0.0,0.0,0.0,0.00015475841013916545,0.07951815905330388
2026-07-02 06:48:57.058000088,0.0,0.0,0.0,0.0,0.0,0.0,372.7237029405068,0.0,0.0,0.0,0.0,236.38333367799154,527004.5314024511,0.008087610279227926,0.013453162923802867,0.005746417481865305,0.005492207156297517,0.0051158329518007405,0.005043138054186769,0.0028327823085621765,0.0027337206785599862,0.02326882266749745,0.005278023252342703,0.04153888991743306,249096.78740983183,157916.4767563789,199047.6827429129,132114.94544411855,164890.10273703685,142954.64318413282,50652.75727027953,73510.58332708447,975169.2080494608,93063.00147876187,1044596.947839952,179640.9634648537,121332.00978678784,156972.2309102298,111083.3322227701,109432.27692786953,125931.34239303751,31475.055204450073,19083.11916724043,679794.1042196848,30045.656194801333,818889.5432794227,0.0,34.00209716882209,0.0,0.0,0.0,0.0,28.040138266770665,0.0,16378.241464178142,0.0,0.0,0.0,0.0,0.0,0.0,0.0,0.0,5.967472211547412e-05,0.0,0.0,0.0,0.0,0.0007288190143542133,0.22618029123666591,0.0,0.0,0.0,0.0,0.0,0.0,5.1917943234354986e-05,0.0,0.0,0.0,0.0,0.00014942325091225287,0.07948977695126751
2026-07-02 06:49:12.058000088,0.0,0.0,0.0,0.0,0.0,0.0,374.4091731969538,0.0,0.0,0.0,0.0,236.38333367799154,527005.4683373839,0.008087610279227926,0.013453162923802867,0.005883142563572916,0.005419309743432493,0.0051158329518007405,0.005043138054186769,0.0028327823085621765,0.0027337206785599862,0.02326882266749745,0.005278023252342703,0.04182717966475372,249096.78740983183,157916.4767563789,203783.64402185247,124706.37210348209,164890.10273703685,142954.64318413282,50652.75727027953,73510.58332708447,975169.2080494608,93063.00147876187,1054714.130187268,179640.9634648537,121332.00978678784,160707.08678604418,105506.91156630381,109432.27692786953,125931.34239303751,31475.055204450073,19083.11916724043,679794.1042196848,30045.656194801333,832366.7328116614,0.0,34.00209716882209,0.0,0.0,0.0,0.0,28.040138266770665,0.0,16378.241464178142,0.0,0.0,0.0,0.0,0.0,0.0,0.0,0.0,5.91507105124226e-05,0.0,0.0,0.0,0.0,0.0007288381889695556,0.22670282122751792,0.0,0.0,0.0,0.0,0.0,0.0,5.202909076191763e-05,0.0,0.0,0.0,0.0,0.0001439558320543503,0.07948995372854892
2026-07-02 06:49:27.058000088,0.0,0.0,0.0,0.0,0.0,0.0,372.80556444139984,0.0,0.0,0.0,0.0,235.74024071043254,528371.9074165708,0.008099981108198574,0.013453162923802867,0.005883142563572916,0.005579093479362889,0.0051158329518007405,0.005041221966260821,0.0028327823085621765,0.0027458793048160384,0.02326882266749745,0.005339022433878989,0.04190491781967419,238903.9199519892,157916.4767563789,203783.64402185247,128383.2333593216,164890.10273703685,159345.25167291626,50652.75727027953,68471.5044347578,975169.2080494608,97761.32841726315,1057428.428986699,173541.68464775497,121332.00978678784,160707.08678604418,108617.6930670239,109432.27692786953,139512.46841108217,31475.055204450073,19729.01638939887,679794.1042196848,31580.05694757296,833557.0388116267,0.0,34.00209716882209,0.0,0.0,0.0,0.0,28.040138266770665,0.0,16378.241464178142,0.0,0.0,0.0,0.0,0.0,0.0,0.0,0.0,5.932366542919776e-05,0.0,0.0,0.0,0.0,0.0007290016006362221,0.22707405719311052,0.0,0.0,0.0,0.0,0.0,0.0,5.209482375283735e-05,0.0,0.0,0.0,0.0,0.00013751685456007582,0.07944057469454045
2026-07-02 06:49:42.058000088,0.0,0.0,0.0,0.0,0.0,0.0,374.46999061515805,0.0,0.0,0.0,0.0,235.74024071043254,528372.8336817954,0.008313551705027135,0.014008621841564229,0.005883142563572916,0.005435240379938358,0.0051158329518007405,0.005176370615523527,0.002846809760993444,0.0027458793048160384,0.023620861440631195,0.005339022433878989,0.04220361961246087,245203.05226937012,160254.69822412098,203783.64402185247,125072.95972773687,164890.10273703685,163617.09204696622,52011.03845366566,68471.5044347578,1024383.1967341842,97761.32841726315,1063073.803957723,178117.42385871932,124495.6145676999,160707.08678604418,105817.06033738228,109432.27692786953,143252.61748352,32276.558252758405,19729.01638939887,713986.490549038,31580.05694757296,837635.6541106973,0.0,32.92892887471529,0.0,0.0,0.0,0.0,28.8489431899969,0.0,17208.014494795534,0.0,0.0,0.0,0.0,0.0,0.0,0.0,0.0,5.949662034597294e-05,0.0,0.0,0.0,0.0,0.0007291650123028889,0.22744529315870313,0.0,0.0,0.0,0.0,0.0,0.0,5.220660902299121e-05,0.0,0.0,0.0,0.0,0.00013213269846959846,0.07944074979677838
2026-07-02 06:49:57.058000088,0.0,0.0,0.0,0.0,0.0,0.0,374.32069961854074,0.0,0.0,0.0,0.0,234.9517824661211,529778.2872518061,0.008313551705027135,0.014008621841564229,0.005727473762810599,0.005644590667797551,0.005174549227904211,0.005176370615523527,0.002846809760993444,0.0027458793048160384,0.023620861440631195,0.005380979408619158,0.042421513026524124,245203.05226937012,160254.69822412098,198391.49940916253,139121.90385105458,170585.22130749098,163617.09204696622,52011.03845366566,68471.5044347578,1024383.1967341842,95204.81505630404,1070210.8484974501,178117.42385871932,124495.6145676999,156454.7540907787,117724.64772365168,113146.4689130729,143252.61748352,32276.558252758405,19729.01638939887,713986.490549038,30754.2208134553,843830.4417759769,0.0,32.92892887471529,0.0,0.0,0.0,0.0,28.8489431899969,0.0,17208.014494795534,0.0,0.0,0.0,0.0,0.0,0.0,0.0,0.0,5.9669575262748116e-05,0.0,0.0,0.0,0.0,0.0007293284239695555,0.2278165291242957,0.0,0.0,0.0,0.0,0.0,0.0,5.216257945522369e-05,0.0,0.0,0.0,0.0,0.00012746970380273154,0.0793964080584142
2026-07-02 06:50:12.058000088,0.0,0.0,0.0,0.0,0.0,0.0,375.9988270673053,0.0,0.0,0.0,0.0,234.9517824661211,529779.2179935868,0.00861654478422099,0.014377005018904383,0.006072084141645926,0.005644590667797551,0.005174549227904211,0.005176370615523527,0.0027731828387619435,0.0027458793048160384,0.023738335408990834,0.005380979408619158,0.04276586622108888,238809.98591927768,154508.8532565255,211441.7031023157,139121.90385105458,170585.22130749098,163617.09204696622,50665.8791332651,68471.5044347578,1070513.8395866293,95204.81505630404,1068323.5070182576,175598.58203901755,120644.60944699505,167707.37071291692,117724.64772365168,113146.4689130729,143252.61748352,31441.790971523904,19729.01638939887,747144.9533904853,30754.2208134553,844220.8252593129,0.0,33.973316034694484,0.0,0.0,0.0,0.0,28.102824174313305,0.0,16549.527086683083,0.0,0.0,0.0,0.0,0.0,0.0,0.0,0.0,5.9799505794780795e-05,0.0,0.0,0.0,0.0,0.0007293596710576894,0.22832379881973972,0.0,0.0,0.0,0.0,0.0,0.0,5.227211726152724e-05,0.0,0.0,0.0,0.0,0.0001220471149214579,0.07939658313631016
2026-07-02 06:50:27.058000088,0.0,0.0,0.0,0.0,0.0,0.0,376.94082865733105,0.0,0.0,0.0,0.0,234.23416579622065,531290.0317219801,0.00861654478422099,0.014377005018904383,0.006072084141645926,0.005644590667797551,0.005287326503642171,0.005176370615523527,0.0028796555612377508,0.002764021245642656,0.023738335408990834,0.005380979408619158,0.042890571365558065,238809.98591927768,154508.8532565255,211441.7031023157,139121.90385105458,164189.1968322195,163617.09204696622,49594.21869367293,65399.18597041062,1070513.8395866293,95204.81505630404,1074955.6387542356,175598.58203901755,120644.60944699505,167707.37071291692,117724.64772365168,109322.85151124196,143252.61748352,30800.43929879864,18888.889542750425,747144.9533904853,30754.2208134553,850992.7383586674,0.0,33.973316034694484,0.0,0.0,0.0,0.0,27.47126533144424,0.0,16549.527086683083,0.0,0.0,0.0,0.0,0.0,0.0,0.0,0.0,5.9972128438708475e-05,0.0,0.0,0.0,0.0,0.0007295228642144224,0.22869525473363003,0.0,0.0,0.0,0.0,0.0,0.0,5.263938518946631e-05,0.0,0.0,0.0,0.0,0.00011744337289787673,0.07936197602457835
2026-07-02 06:50:42.058000088,0.0,0.0,0.0,0.0,0.0,0.0,375.6638238862849,0.0,0.0,0.0,0.0,234.23416579622065,531290.9526668359,0.00861654478422099,0.014377005018904383,0.006146340645439319,0.005644590667797551,0.005287326503642171,0.005235859235731961,0.002894824562671648,0.002786923860058446,0.023738335408990834,0.005380979408619158,0.04319834107299474,238809.98591927768,154508.8532565255,205083.27599029688,139121.90385105458,164189.1968322195,160282.29143091093,51809.48776146499,60491.50839028255,1070513.8395866293,95204.81505630404,1081534.7900585474,175598.58203901755,120644.60944699505,162663.0523177013,117724.64772365168,109322.85151124196,140575.11081047403,32162.686892131,19626.555230076,747144.9533904853,30754.2208134553,860658.1614150981,0.0,33.973316034694484,0.0,0.0,0.0,0.0,28.710276181326492,0.0,16549.527086683083,0.0,0.0,0.0,0.0,0.0,0.0,0.0,0.0,6.0144751082636134e-05,0.0,0.0,0.0,0.0,0.0007296860573711551,0.2290667106475203,0.0,0.0,0.0,0.0,0.0,0.0,5.2806928398824834e-05,0.0,0.0,0.0,0.0,0.00011196707045689738,0.079362149491547
2026-07-02 06:50:57.058000088,0.0,0.0,0.0,0.0,0.0,0.0,383.19194834448047,0.0,0.0,0.0,0.0,233.40530448184998,532788.912820504,0.00861654478422099,0.014377005018904383,0.006146340645439319,0.005644590667797551,0.005287326503642171,0.005235859235731961,0.002894824562671648,0.002786923860058446,0.023738335408990834,0.005380979408619158,0.04366615707269187,238809.98591927768,154508.8532565255,205083.27599029688,139121.90385105458,164189.1968322195,160282.29143091093,51809.48776146499,60491.50839028255,1070513.8395866293,95204.81505630404,1110462.574070138,175598.58203901755,120644.60944699505,162663.0523177013,117724.64772365168,109322.85151124196,140575.11081047403,32162.686892131,19626.555230076,747144.9533904853,30754.2208134553,879836.3003001034,0.0,33.973316034694484,0.0,0.0,0.0,0.0,28.710276181326492,0.0,16549.527086683083,0.0,0.0,0.0,0.0,0.0,0.0,0.0,0.0,6.0317373726563814e-05,0.0,0.0,0.0,0.0,0.0007298492505278881,0.2294381665614106,0.0,0.0,0.0,0.0,0.0,0.0,5.296870264051466e-05,0.0,0.0,0.0,0.0,0.00010571229390934527,0.07932078302627413
2026-07-02 06:51:12.058000088,0.0,0.0,0.0,0.0,0.0,0.0,383.21784283186935,0.0,0.0,0.0,0.0,233.40530448184998,532789.8550083284,0.00861654478422099,0.014057845529916086,0.006146340645439319,0.005682999394797742,0.005343562972287167,0.005235859235731961,0.002894824562671648,0.002786923860058446,0.02383403920358209,0.005441766241072127,0.04393290486321581,238809.98591927768,151078.86442472928,205083.27599029688,142750.31001673936,159533.58833828964,160282.29143091093,51809.48776146499,60491.50839028255,1040690.0018326484,87130.1635678732,1120438.735026223,175598.58203901755,117966.38322048506,162663.0523177013,120779.23841914264,106207.41063261595,140575.11081047403,32162.686892131,19626.555230076,726434.4232629783,23767.743589378417,888589.244746923,0.0,33.219132102045535,0.0,0.0,0.0,0.0,28.710276181326492,0.0,16083.209793808162,0.0,0.0,0.0,0.0,0.0,0.0,0.0,0.0,6.0891909821146153e-05,0.0,0.0,0.0,0.0,0.0007298667923254386,0.22996208016346376,0.0,0.0,0.0,0.0,0.0,0.0,5.316465078656736e-05,0.0,0.0,0.0,0.0,0.00010035439566971923,0.07932095847176715
2026-07-02 06:51:27.058000088,0.0,0.0,0.0,0.0,0.0,0.0,377.6346592171044,0.0,0.0,0.0,0.0,232.72317818634855,534262.9807192225,0.008815451891128175,0.01538277986421052,0.006146340645439319,0.005776284852776533,0.005343562972287167,0.0053009552577813965,0.0028998387751348422,0.0027863787928248175,0.02403021846598873,0.00551411262901481,0.04419497923186643,248622.83178123206,168370.2926391252,205083.27599029688,141265.8132293272,159533.58833828964,166919.76479305027,57642.28137024919,58798.917193856185,987916.4957602433,83689.77203803968,1108391.5766881597,182809.82707971273,132314.5993585699,162663.0523177013,120175.43892459755,106207.41063261595,146392.09901052178,31330.32875277759,19079.176697169587,690049.1237376857,22840.399272169903,886419.0503349929,0.0,33.29242223504645,0.0,0.0,0.0,0.0,27.96726512187243,0.0,16513.305727083934,0.0,0.0,0.0,0.0,0.0,0.0,0.0,0.0,6.106536282834372e-05,0.0,0.0,0.0,0.0,0.0007300297462728071,0.23033378394568224,0.0,0.0,0.0,0.0,0.0,0.0,5.289764183507333e-05,0.0,0.0,0.0,0.0,9.534460090882841e-05,0.07917704639511514
2026-07-02 06:51:42.058000088,0.0,0.0,0.0,0.0,0.0,0.0,376.98121727433335,0.0,0.0,0.0,0.0,232.72317818634855,534263.9076378724,0.00906484883350573,0.01538277986421052,0.006009310541724519,0.005776284852776533,0.005343562972287167,0.0053009552577813965,0.0028998387751348422,0.0027863787928248175,0.02403021846598873,0.00551411262901481,0.04438732897685535,259159.78118614052,168370.2926391252,200511.02980345822,141265.8132293272,159533.58833828964,166919.76479305027,57642.28137024919,58798.917193856185,987916.4957602433,83689.77203803968,1120675.3742795866,191116.66485907888,132314.5993585699,159036.54734254995,120175.43892459755,106207.41063261595,146392.09901052178,31330.32875277759,19079.176697169587,690049.1237376857,22840.399272169903,896529.9028162789,0.0,33.29242223504645,0.0,0.0,0.0,0.0,27.96726512187243,0.0,16513.305727083934,0.0,0.0,0.0,0.0,0.0,0.0,0.0,0.0,6.12388158355413e-05,0.0,0.0,0.0,0.0,0.0007301927002201754,0.23070548772790067,0.0,0.0,0.0,0.0,0.0,0.0,5.300593557849496e-05,0.0,0.0,0.0,0.0,8.998348415754414e-05,0.07917722016257173
2026-07-02 06:51:57.058000088,0.0,0.0,0.0,0.0,0.0,0.0,362.5757303780094,0.0,0.0,0.0,0.0,231.94419590855532,535653.7535578163,0.00906484883350573,0.01538277986421052,0.006059442622704674,0.005776284852776533,0.005343562972287167,0.0053009552577813965,0.0028998387751348422,0.0027863787928248175,0.02403021846598873,0.00551411262901481,0.04465473221807174,259159.78118614052,168370.2926391252,206164.2206635985,141265.8132293272,159533.58833828964,166919.76479305027,57642.28137024919,58798.917193856185,987916.4957602433,83689.77203803968,1126377.6235610791,191116.66485907888,132314.5993585699,163653.51318556507,120175.43892459755,106207.41063261595,146392.09901052178,31330.32875277759,19079.176697169587,690049.1237376857,22840.399272169903,901086.4498018422,0.0,33.29242223504645,0.0,0.0,0.0,0.0,27.96726512187243,0.0,16513.305727083934,0.0,0.0,0.0,0.0,0.0,0.0,0.0,0.0,6.141226884273886e-05,0.0,0.0,0.0,0.0,0.0007303556541675438,0.23107719151011918,0.0,0.0,0.0,0.0,0.0,0.0,5.289414738998017e-05,0.0,0.0,0.0,0.0,8.615817274538536e-05,0.07900480527437442
2026-07-02 06:52:12.058000088,0.0,0.0,0.0,0.0,0.0,0.0,362.5807291152595,0.0,0.0,0.0,0.0,231.94419590855532,535654.6801461651,0.00906484883350573,0.01538277986421052,0.006335093074380428,0.005694597719977642,0.005441621630554443,0.0053901947706970115,0.0028998387751348422,0.002731529608985153,0.024084479136753992,0.00551411262901481,0.04486740748313059,259159.78118614052,168370.2926391252,217198.1809578482,144098.19712868135,169919.3358525872,175813.25892499395,57642.28137024919,60090.56909435486,962076.5929618117,83689.77203803968,1130215.8642879454,191116.66485907888,132314.5993585699,172855.12079002408,122515.09734975858,114967.740951322,153225.93985966605,31330.32875277759,19498.2941914527,672078.7317930004,22840.399272169903,905159.596627867,0.0,33.29242223504645,0.0,0.0,0.0,0.0,27.96726512187243,0.0,16077.22262164026,0.0,0.0,0.0,0.0,0.0,0.0,0.0,0.0,6.145669469198825e-05,0.0,0.0,0.0,0.0,0.0007303765919812636,0.2315857340842291,0.0,0.0,0.0,0.0,0.0,0.0,5.300149457088169e-05,0.0,0.0,0.0,0.0,8.04829645667273e-05,0.07900497845003294
2026-07-02 06:52:27.058000088,0.0,0.0,0.0,0.0,0.0,0.0,373.06997818546375,0.0,0.0,0.0,0.0,231.3050920849719,537095.155387319,0.00906484883350573,0.016140078257283075,0.006335093074380428,0.005837158666353916,0.005441621630554443,0.0053901947706970115,0.0029211391786563958,0.0028097914221581603,0.024347102810280376,0.005596536029808215,0.044901443424144885,259159.78118614052,173037.27456840436,217198.1809578482,147705.6117985029,169919.3358525872,175813.25892499395,60048.23189581086,61812.24067223291,922184.41581737,73557.7142616171,1126664.5302916414,191116.66485907888,136885.5958172179,172855.12079002408,125582.1916525378,114967.740951322,153225.93985966605,32639.184213884215,20056.945231582096,644727.350522703,23011.681540223148,903862.0344705917,0.0,33.470514388097804,0.0,0.0,0.0,0.0,29.13725087441541,0.0,16778.49075672164,0.0,0.0,0.0,0.0,0.0,0.0,0.0,0.0,6.162955648344255e-05,0.0,0.0,0.0,0.0,0.0007305393142034858,0.23195765696570592,0.0,0.0,0.0,0.0,0.0,0.0,5.4266524698034816e-05,0.0,0.0,0.0,0.0,6.0778090160683545e-05,0.0788590487776826
2026-07-02 06:52:42.058000088,0.0,0.0,0.0,0.0,0.0,0.0,374.5070838138492,0.0,0.0,0.0,0.0,231.3050920849719,537096.1203552581,0.00906484883350573,0.016140078257283075,0.006335093074380428,0.005837158666353916,0.005441621630554443,0.0053901947706970115,0.0029211391786563958,0.0028097914221581603,0.024347102810280376,0.005596536029808215,0.045359002577382755,259159.78118614052,173037.27456840436,217198.1809578482,147705.6117985029,169919.3358525872,175813.25892499395,60048.23189581086,61812.24067223291,922184.41581737,73557.7142616171,1127877.1868443682,191116.66485907888,136885.5958172179,172855.12079002408,125582.1916525378,114967.740951322,153225.93985966605,32639.184213884215,20056.945231582096,644727.350522703,23011.681540223148,903343.6455685655,0.0,33.470514388097804,0.0,0.0,0.0,0.0,29.13725087441541,0.0,16778.49075672164,0.0,0.0,0.0,0.0,0.0,0.0,0.0,0.0,6.180241827489687e-05,0.0,0.0,0.0,0.0,0.000730702036425708,0.23232957984718264,0.0,0.0,0.0,0.0,0.0,0.0,5.434821172423599e-05,0.0,0.0,0.0,0.0,6.0778090160683545e-05,0.07885922427052001
2026-07-02 06:52:57.058000088,0.0,0.0,0.0,0.0,0.0,0.0,373.23777797125,0.0,0.0,0.0,0.0,230.6107892797664,538382.6916350581,0.00927610230249367,0.016140078257283075,0.006335093074380428,0.005914453274223599,0.005506901758403012,0.005441138467945552,0.0029211391786563958,0.0028097914221581603,0.024347102810280376,0.005596536029808215,0.045644987872554645,253107.27037234307,173037.27456840436,217198.1809578482,144056.35433258233,177615.9868997026,171938.71570000134,60048.23189581086,61812.24067223291,922184.41581737,73557.7142616171,1121377.2362805891,188223.44426193717,136885.5958172179,172855.12079002408,122612.1004894132,120160.69131006519,150827.78722649856,32639.184213884215,20056.945231582096,644727.350522703,23011.681540223148,899719.5451239658,0.0,33.470514388097804,0.0,0.0,0.0,0.0,29.13725087441541,0.0,16778.49075672164,0.0,0.0,0.0,0.0,0.0,0.0,0.0,0.0,6.19752800663512e-05,0.0,0.0,0.0,0.0,0.0007308647586479302,0.23270150272865942,0.0,0.0,0.0,0.0,0.0,0.0,5.4447887425254445e-05,0.0,0.0,0.0,0.0,6.108664332488747e-05,0.07879676708533837
2026-07-02 06:53:12.058000088,0.0,0.0,0.0,0.0,0.0,0.0,374.6582799343432,0.0,0.0,0.0,0.0,230.6107892797664,538383.6292027833,0.009418480282537415,0.016140078257283075,0.006299843630851305,0.005914453274223599,0.005506901758403012,0.005441138467945552,0.0029233340351415282,0.0027408440675496075,0.024347102810280376,0.005596536029808215,0.04581578535173367,247433.62019189686,173037.27456840436,210113.01278492645,144056.35433258233,177615.9868997026,171938.71570000134,57245.15402854142,60295.47667218332,922184.41581737,73557.7142616171,1137285.718417256,184693.19022339061,136885.5958172179,177188.92743826346,122612.1004894132,120160.69131006519,150827.78722649856,31123.83158467302,19564.782964895396,644727.350522703,23011.681540223148,914594.4180674683,28.281360177379913,33.470514388097804,0.0,0.0,0.0,0.0,27.762797867802213,0.0,16778.49075672164,0.0,0.0,0.0,0.0,0.0,0.0,0.0,0.0,6.288512092273605e-05,0.0,0.0,0.0,0.0,0.0007309084987060606,0.23321055941607077,0.0,0.0,0.0,0.0,0.0,0.0,5.450705008100331e-05,0.0,0.0,0.0,0.0,6.108664332488747e-05,0.07879686240505658
2026-07-02 06:53:27.058000088,0.0,0.0,0.0,0.0,0.0,0.0,378.74239088259964,0.0,0.0,0.0,0.0,229.84551922178454,539727.752753912,0.009418480282537415,0.016140078257283075,0.006543083035697618,0.005914453274223599,0.005506901758403012,0.005441138467945552,0.0029233340351415282,0.002828397244946335,0.024347102810280376,0.005596536029808215,0.04626653134020648,247433.62019189686,173037.27456840436,211979.46194177293,144056.35433258233,177615.9868997026,171938.71570000134,57245.15402854142,58684.67328752875,922184.41581737,73557.7142616171,1153855.9647639925,184693.19022339061,136885.5958172179,179370.5198896776,122612.1004894132,120160.69131006519,150827.78722649856,31123.83158467302,19042.1066322871,644727.350522703,23011.681540223148,928481.7466968804,28.281360177379913,33.470514388097804,0.0,0.0,0.0,0.0,27.762797867802213,0.0,16778.49075672164,0.0,0.0,0.0,0.0,0.0,0.0,0.0,0.0,6.29549518359614e-05,0.0,0.0,0.0,0.0,0.0007310710279268399,0.23358270243528648,0.0,0.0,0.0,0.0,0.0,0.0,5.466932286130291e-05,0.0,0.0,0.0,0.0,6.0978763903344015e-05,0.07914071547454207
2026-07-02 06:53:42.058000088,0.0,0.0,0.0,0.0,0.0,0.0,377.27158907214846,0.0,0.0,0.0,0.0,229.84551922178454,539728.6807472437,0.009418480282537415,0.016373666953779183,0.006543083035697618,0.005914453274223599,0.005588640271207926,0.005441138467945552,0.0029233340351415282,0.002828397244946335,0.024459581287193524,0.005542177220684225,0.04648676916087348,247433.62019189686,176927.78633194277,211979.46194177293,144056.35433258233,188226.6723012119,171938.71570000134,57245.15402854142,58684.67328752875,889427.8367179378,75166.01975587053,1148121.6614542394,184693.19022339061,140004.00863397872,179370.5198896776,122612.1004894132,128971.90452172254,150827.78722649856,31123.83158467302,19042.1066322871,622069.4786258034,23514.821343093055,931494.6938750957,28.281360177379913,34.238739690645055,0.0,0.0,0.0,0.0,27.762797867802213,0.0,16164.35263726014,0.0,0.0,0.0,0.0,0.0,0.0,0.0,0.0,6.311147311087034e-05,0.0,0.0,0.0,0.0,0.000731233557147619,0.23395484545450218,0.0,0.0,0.0,0.0,0.0,0.0,5.4643781823002536e-05,0.0,0.0,0.0,0.0,6.0978763903344015e-05,0.07914081007797834
2026-07-02 06:53:57.058000088,0.0,0.0,0.0,0.0,0.0,0.0,382.33967670221307,0.0,0.0,0.0,0.0,229.03447175635537,541151.6684354052,0.009418480282537415,0.01677357856019657,0.006543083035697618,0.005914453274223599,0.005588640271207926,0.005289916542651361,0.002870669612022879,0.002828397244946335,0.024459581287193524,0.0056865609784268216,0.04677259300688989,247433.62019189686,181249.0831710451,211979.46194177293,144056.35433258233,188226.6723012119,167160.1378759045,58591.40770670001,58684.67328752875,889427.8367179378,77124.23075396036,1146508.888289834,184693.19022339061,143423.47650001867,179370.5198896776,122612.1004894132,128971.90452172254,146635.93132968186,31854.160393454327,19042.1066322871,622069.4786258034,24127.425042500276,929844.5680731639,28.281360177379913,35.074989104416865,0.0,0.0,0.0,0.0,28.417427727642554,0.0,16164.35263726014,0.0,0.0,0.0,0.0,0.0,0.0,0.0,0.0,6.326799438577927e-05,0.0,0.0,0.0,0.0,0.0007313960863683983,0.23432698847371786,0.0,0.0,0.0,0.0,0.0,0.0,5.4237826247422e-05,0.0,0.0,0.0,0.0,6.086021559097402e-05,0.07944204895079757
2026-07-02 06:54:12.058000088,0.0,0.0,0.0,0.0,0.0,0.0,383.7833045343299,0.0,0.0,0.0,0.0,229.03447175635537,541152.617545587,0.009418480282537415,0.016317622234414925,0.006543083035697618,0.006000492381993172,0.005588640271207926,0.005536718567413068,0.002938563731214825,0.002832671666321988,0.024689580568428068,0.005543793151762261,0.04710509721285201,247433.62019189686,176322.18783279753,211979.46194177293,140305.643968625,188226.6723012119,166001.21361420793,59977.15129830037,52870.424172499,922715.9618108441,75187.9358914431,1153384.1601768532,184693.19022339061,139524.79494312304,179370.5198896776,120133.98274655969,128971.90452172254,145891.40553116673,32607.54216663182,19568.494769954177,645446.4392102862,23521.67755304263,933938.8643314407,28.281360177379913,34.121545383299924,0.0,0.0,0.0,0.0,29.08952744165649,0.0,16775.709135319896,0.0,0.0,0.0,0.0,0.0,0.0,0.0,0.0,6.318901409590787e-05,0.0,0.0,0.0,0.0,0.0007314162948718279,0.2348377065386552,0.0,0.0,0.0,0.0,0.0,0.0,5.421118091189761e-05,0.0,0.0,0.0,0.0,6.086021559097402e-05,0.07944214596827122
2026-07-02 06:54:27.058000088,0.0,0.0,0.0,0.0,0.0,0.0,390.05967552522026,0.0,0.0,0.0,0.0,228.3452603430725,542613.9943706733,0.009452391255834025,0.01745691705196551,0.006543083035697618,0.006000492381993172,0.005588640271207926,0.005460593195814982,0.002938563731214825,0.002832671666321988,0.024689580568428068,0.005772788449884081,0.047251991339483476,253497.75983321844,186758.65652350054,211979.46194177293,140305.643968625,188226.6723012119,158338.23515604282,59977.15129830037,52870.424172499,922715.9618108441,86674.1659381439,1164866.5987853871,189188.4653575186,147905.91634674536,179370.5198896776,120133.98274655969,128971.90452172254,140194.96402154278,32607.54216663182,19568.494769954177,645446.4392102862,33010.93342892239,938552.7535115342,28.987736973495533,33.36355705316588,0.0,0.0,0.0,0.0,29.08952744165649,0.0,16775.709135319896,0.0,0.0,0.0,0.0,0.0,0.0,0.0,0.0,6.334469795817924e-05,0.0,0.0,0.0,0.0,0.0007315785948718279,0.2352100686685284,0.0,0.0,0.0,0.0,0.0,0.0,5.562318387323663e-05,0.0,0.0,0.0,0.0,6.06906409744065e-05,0.07979470687499067
2026-07-02 06:54:42.058000088,0.0,0.0,0.0,0.0,0.0,0.0,392.984770958342,0.0,0.0,0.0,0.0,228.3452603430725,542614.9498523041,0.009933101836880946,0.01745691705196551,0.006543083035697618,0.006091706496602838,0.0055322924565407005,0.005607265974421158,0.0029506662277381467,0.0028469318917076713,0.024689580568428068,0.005772788449884081,0.047405546171765865,271743.7959312473,186758.65652350054,211979.46194177293,153182.74236555723,181197.09046874323,162591.2362636393,64899.28084892533,51268.19923048435,922715.9618108441,86674.1659381439,1181931.75073645,203522.49516136243,147905.91634674536,179370.5198896776,131503.554266112,124382.4042242672,143960.6327286334,31366.20771310129,19004.218754349717,645446.4392102862,33010.93342892239,946514.9933285168,28.446284069586095,33.36355705316588,0.0,0.0,0.0,0.0,27.982120067444697,0.0,16775.709135319896,0.0,0.0,0.0,0.0,0.0,0.0,0.0,0.0,6.35003818204506e-05,0.0,0.0,0.0,0.0,0.0007317408948718279,0.23558243079840158,0.0,0.0,0.0,0.0,0.0,0.0,5.5782327883984567e-05,0.0,0.0,0.0,0.0,6.06906409744065e-05,0.07979480480513854
2026-07-02 06:54:57.058000088,0.0,0.0,0.0,0.0,0.0,0.0,391.5382527052962,0.0,0.0,0.0,0.0,227.4690838278696,543966.168848837,0.009933101836880946,0.01745691705196551,0.006543083035697618,0.006091706496602838,0.00570610880131069,0.005607265974421158,0.0029506662277381467,0.0028469318917076713,0.024689580568428068,0.005772788449884081,0.047865535427222675,271743.7959312473,186758.65652350054,211979.46194177293,153182.74236555723,180956.10954048546,162591.2362636393,64899.28084892533,51268.19923048435,922715.9618108441,86674.1659381439,1210228.0017957315,203522.49516136243,147905.91634674536,179370.5198896776,131503.554266112,124449.28956606961,143960.6327286334,31366.20771310129,19004.218754349717,645446.4392102862,33010.93342892239,966680.6470333698,28.446284069586095,33.36355705316588,0.0,0.0,0.0,0.0,27.982120067444697,0.0,16775.709135319896,0.0,0.0,0.0,0.0,0.0,0.0,0.0,0.0,6.365606568272197e-05,0.0,0.0,0.0,0.0,0.0007319031948718279,0.2359547929282748,0.0,0.0,0.0,0.0,0.0,0.0,5.608989321757354e-05,0.0,0.0,0.0,0.0,6.052579708309326e-05,0.08013926390559672
2026-07-02 06:55:12.058000088,0.0,0.0,0.0,0.0,0.0,0.0,391.54492744519933,0.0,0.0,0.0,0.0,227.4690838278696,543967.1294686744,0.009933101836880946,0.01745691705196551,0.006748892254016464,0.006091706496602838,0.00570610880131069,0.005607265974421158,0.0029506662277381467,0.0028654428068859263,0.02484564107045183,0.005772788449884081,0.04803109190096072,271743.7959312473,186758.65652350054,197991.67389045795,153182.74236555723,180956.10954048546,162591.2362636393,64899.28084892533,45781.38710633009,968677.5058415092,86674.1659381439,1205420.2084712156,203522.49516136243,147905.91634674536,184078.10728781953,131503.554266112,124449.28956606961,143960.6327286334,31366.20771310129,19744.18796242574,678201.9326342287,33010.93342892239,963935.2092973696,28.446284069586095,33.36355705316588,0.0,0.0,0.0,0.0,27.982120067444697,0.0,16111.24283622181,0.0,0.0,0.0,0.0,0.0,0.0,0.0,0.0,6.453342160717765e-05,0.0,0.0,0.0,0.0,0.000731925762464601,0.23645660234461136,0.0,0.0,0.0,0.0,0.0,0.0,5.624960401088824e-05,0.0,0.0,0.0,0.0,6.052579708309326e-05,0.08013936197084434
2026-07-02 06:55:27.058000088,0.0,0.0,0.0,0.0,0.0,0.0,391.29428236798134,0.0,0.0,0.0,0.0,226.70274335622096,545461.1189969507,0.009933101836880946,0.018329222971376832,0.006748892254016464,0.006091706496602838,0.00570610880131069,0.005607265974421158,0.0029506662277381467,0.0028654428068859263,0.02484564107045183,0.005806079838773354,0.04833473212370614,271743.7959312473,200384.78963205905,197991.67389045795,153182.74236555723,180956.10954048546,162591.2362636393,64899.28084892533,45781.38710633009,968677.5058415092,97077.79879171925,1201179.0130832847,203522.49516136243,158530.27719484214,184078.10728781953,131503.554266112,124449.28956606961,143960.6327286334,31366.20771310129,19744.18796242574,678201.9326342287,32086.615873923034,961290.1534446063,28.446284069586095,33.425906279984915,0.0,0.0,0.0,0.0,27.982120067444697,0.0,16111.24283622181,0.0,0.0,0.0,0.0,0.0,0.0,0.0,0.0,6.469097561881517e-05,0.0,0.0,0.0,0.0,0.00073208783885349,0.23682916978214022,0.0,0.0,0.0,0.0,0.0,0.0,5.601448878890166e-05,0.0,0.0,0.0,0.0,6.0346231205690465e-05,0.08049200522368832
2026-07-02 06:55:42.058000088,0.0,0.0,0.0,0.0,0.0,0.0,391.01983420757267,0.0,0.0,0.0,0.0,226.70274335622096,545462.0658382366,0.009933101836880946,0.018329222971376832,0.006748892254016464,0.006168383289972521,0.00570610880131069,0.005691468431649615,0.0029572119666371505,0.0028654428068859263,0.024546185568867836,0.005864042327084289,0.04854476481568507,271743.7959312473,200384.78963205905,197991.67389045795,166623.7958869253,180956.10954048546,156199.3537754078,72651.74752243937,45781.38710633009,913710.2596876636,100175.24223396297,1211713.0034129545,203522.49516136243,158530.27719484214,184078.10728781953,143213.88374822223,124449.28956606961,138345.87137576836,31599.4393058958,19744.18796242574,640525.0644962174,33111.564933791175,967177.598085038,28.446284069586095,33.425906279984915,0.0,0.0,0.0,0.0,28.19647698925508,0.0,16529.234891871267,0.0,0.0,0.0,0.0,0.0,0.0,0.0,0.0,6.48485296304527e-05,0.0,0.0,0.0,0.0,0.0007322499152423788,0.23720173721966914,0.0,0.0,0.0,0.0,0.0,0.0,5.614111823657178e-05,0.0,0.0,0.0,0.0,6.0346231205690465e-05,0.08049210278142398
2026-07-02 06:55:57.058000088,0.0,0.0,0.0,0.0,0.0,0.0,394.793601445451,0.0,0.0,0.0,0.0,225.84031086469054,547278.5364651447,0.009933101836880946,0.018329222971376832,0.006748892254016464,0.006233526460040516,0.00570610880131069,0.005691468431649615,0.0029572119666371505,0.0028898090085868033,0.025158673904381226,0.005864042327084289,0.049183104480729246,271743.7959312473,200384.78963205905,197991.67389045795,172498.95405405172,180956.10954048546,156199.3537754078,72651.74752243937,51804.478313950625,936509.6015457892,100175.24223396297,1222283.7368427876,203522.49516136243,158530.27719484214,184078.10728781953,148261.63522450218,124449.28956606961,138345.87137576836,31599.4393058958,25464.072796798246,656507.7567767431,33111.564933791175,968542.7180567184,28.446284069586095,33.425906279984915,0.0,0.0,0.0,0.0,28.19647698925508,0.0,16941.68038316065,0.0,0.0,0.0,0.0,0.0,0.0,0.0,0.0,6.50060836420902e-05,0.0,0.0,0.0,0.0,0.0007324119916312677,0.23757430465719798,0.0,0.0,0.0,0.0,0.0,0.0,5.5813871064824704e-05,0.0,0.0,0.0,0.0,6.016770448539115e-05,0.08089808319017726
2026-07-02 06:56:12.058000088,0.0,0.0,0.0,0.0,0.0,0.0,394.49980829719345,0.0,0.0,0.0,0.0,225.84031086469054,547279.4820142268,0.009933101836880946,0.018329222971376832,0.006861377696647306,0.006233526460040516,0.00570610880131069,0.005691468431649615,0.0029572119666371505,0.0028898090085868033,0.025158673904381226,0.005864042327084289,0.049319663570435775,271743.7959312473,200384.78963205905,192972.8322846372,172498.95405405172,180956.10954048546,156199.3537754078,72651.74752243937,51804.478313950625,936509.6015457892,100175.24223396297,1227891.7102456987,203522.49516136243,158530.27719484214,179411.56740947452,148261.63522450218,124449.28956606961,138345.87137576836,31599.4393058958,25464.072796798246,656507.7567767431,33111.564933791175,972635.9536752775,28.446284069586095,33.425906279984915,0.0,0.0,0.0,0.0,28.19647698925508,0.0,16941.68038316065,0.0,0.0,0.0,0.0,0.0,0.0,0.0,0.0,6.493218461817801e-05,0.0,0.0,0.0,0.0,0.0007324369067012739,0.23813608907833816,0.0,0.0,0.0,0.0,0.0,0.0,5.594058449450509e-05,0.0,0.0,0.0,0.0,6.016770448539115e-05,0.08089818014162535
2026-07-02 06:56:27.058000088,0.0,0.0,0.0,0.0,0.0,0.0,408.2168039099965,0.0,0.0,0.0,0.0,225.73414496311068,549282.2977015236,0.010404734440137684,0.018329222971376832,0.006976338498301749,0.006233526460040516,0.005485965203333335,0.005754076841987611,0.0029572119666371505,0.0028898090085868033,0.025158673904381226,0.005864042327084289,0.049551216172195114,277875.65274363424,200384.78963205905,188602.4203797161,172498.95405405172,180230.28053333334,161905.67778613023,72651.74752243937,51804.478313950625,936509.6015457892,100175.24223396297,1224794.2506945073,210515.67429137338,158530.27719484214,177049.59803097235,148261.63522450218,123971.99360000002,143395.50326877602,31599.4393058958,25464.072796798246,656507.7567767431,33111.564933791175,970449.3978381859,28.379273118892332,33.425906279984915,0.0,0.0,0.0,0.0,28.19647698925508,0.0,16941.68038316065,0.0,0.0,0.0,0.0,0.0,0.0,0.0,0.0,6.508895177375384e-05,0.0,0.0,0.0,0.0,0.0007325987649815286,0.23850895173432107,0.0,0.0,0.0,0.0,0.0,0.0,5.745520505145496e-05,0.0,0.0,0.0,0.0,6.012247549620508e-05,0.08131980952217263
2026-07-02 06:56:42.058000088,0.0,0.0,0.0,0.0,0.0,0.0,410.21564086070106,0.0,0.0,0.0,0.0,225.73414496311068,549282.5949490418,0.010404734440137684,0.018821910978208685,0.006976338498301749,0.006233526460040516,0.0059158776063531985,0.005754076841987611,0.0029572119666371505,0.002912000331869049,0.025158673904381226,0.005864042327084289,0.049918838844673914,277875.65274363424,195606.16555445525,188602.4203797161,172498.95405405172,183185.79487284183,161905.67778613023,72651.74752243937,53852.82843341038,936509.6015457892,100175.24223396297,1241026.5180763018,210515.67429137338,155521.68590818983,177049.59803097235,148261.63522450218,126793.56323117213,143395.50326877602,31599.4393058958,26472.69979884852,656507.7567767431,33111.564933791175,981752.4264057097,28.379273118892332,34.46644853505193,0.0,0.0,0.0,0.0,28.19647698925508,0.0,16941.68038316065,0.0,0.0,0.0,0.0,0.0,0.0,0.0,0.0,6.524571892932966e-05,0.0,0.0,0.0,0.0,0.0007327606232617834,0.23888181439030398,0.0,0.0,0.0,0.0,0.0,0.0,5.745906931273229e-05,0.0,0.0,0.0,0.0,6.012247549620508e-05,0.08131990829455359
2026-07-02 06:56:57.058000088,0.0,0.0,0.0,0.0,0.0,0.0,404.9917144458089,0.0,0.0,0.0,0.0,224.5521628369858,550919.2703379657,0.010404734440137684,0.018821910978208685,0.006976338498301749,0.006233526460040516,0.0059158776063531985,0.005754076841987611,0.0029822769249825977,0.002912000331869049,0.025683987902508146,0.0058421454648853845,0.05063494480803513,277875.65274363424,195606.16555445525,188602.4203797161,172498.95405405172,183185.79487284183,161905.67778613023,68511.06673973135,53852.82843341038,897295.2872794977,91705.16522493005,1264002.5582841344,210515.67429137338,155521.68590818983,177049.59803097235,148261.63522450218,126793.56323117213,143395.50326877602,26577.93348152716,26472.69979884852,629336.1336473542,34037.28331616515,999263.9083224345,28.379273118892332,34.46644853505193,0.0,0.0,0.0,0.0,29.412569906241153,0.0,16212.925326227709,0.0,0.0,0.0,0.0,0.0,0.0,0.0,0.0,6.54024860849055e-05,0.0,0.0,0.0,0.0,0.0007329224815420382,0.239254677046287,0.0,0.0,0.0,0.0,0.0,0.0,5.6795631542785144e-05,0.0,0.0,0.0,0.0,5.9947052756500524e-05,0.08170525570843416
2026-07-02 06:57:12.058000088,0.0,0.0,0.0,0.0,0.0,0.0,406.9872733050128,0.0,0.0,0.0,0.0,224.5521628369858,550919.5630264017,0.010404734440137684,0.019325728448791876,0.006976338498301749,0.006233526460040516,0.0059158776063531985,0.005754076841987611,0.0030116169408739694,0.002912000331869049,0.025683987902508146,0.0058257328083365124,0.05113945022136053,277875.65274363424,189515.60819180668,188602.4203797161,172498.95405405172,183185.79487284183,161905.67778613023,73320.47124786775,53852.82843341038,897295.2872794977,91447.5329236392,1283157.2538945822,210515.67429137338,151087.71101645342,177049.59803097235,148261.63522450218,126793.56323117213,143395.50326877602,31883.094212321445,26472.69979884852,629336.1336473542,33941.66052753679,1014384.3155301195,28.379273118892332,33.03755865754353,0.0,0.0,0.0,0.0,28.38784125749266,0.0,16212.925326227709,0.0,0.0,0.0,0.0,0.0,0.0,0.0,0.0,6.659999043460875e-05,0.0,0.0,0.0,0.0,0.0007330091309199719,0.23985888865815852,0.0,0.0,0.0,0.0,0.0,0.0,5.679960719556469e-05,0.0,0.0,0.0,0.0,5.9947052756500524e-05,0.08170535375060817
2026-07-02 06:57:27.058000088,0.0,0.0,0.0,0.0,0.0,0.0,420.0776266600412,0.0,0.0,0.0,0.0,223.86578114818022,552555.6141180138,0.010404734440137684,0.019325728448791876,0.0070895834320848896,0.006154989828181424,0.0059158776063531985,0.005865145057809404,0.0030116169408739694,0.00294377766689832,0.02589679956247956,0.0061334069235045455,0.0513217787240236,277875.65274363424,189515.60819180668,182977.49818861438,164503.31343139734,183185.79487284183,172359.5371895285,73320.47124786775,51999.057477268885,926058.8897962676,102327.64204431688,1280065.7621472192,210515.67429137338,151087.71101645342,171791.13876907036,142180.14273587777,126793.56323117213,151821.94955349097,31883.094212321445,25561.461898774254,649392.5615415873,33072.127410465655,1010626.9908242672,28.379273118892332,33.03755865754353,0.0,0.0,0.0,0.0,28.38784125749266,0.0,16739.10574559828,0.0,0.0,0.0,0.0,0.0,0.0,0.0,0.0,6.677639679071117e-05,0.0,0.0,0.0,0.0,0.0007331708703714486,0.2402321116373748,0.0,0.0,0.0,0.0,0.0,0.0,5.877779055549085e-05,0.0,0.0,0.0,0.0,5.987941958443259e-05,0.08209322285604928
2026-07-02 06:57:42.058000088,0.0,0.0,0.0,0.0,0.0,0.0,422.1306684557043,0.0,0.0,0.0,0.0,223.86578114818022,552555.9462992592,0.010404734440137684,0.019325728448791876,0.0070895834320848896,0.006478783817004283,0.0059158776063531985,0.005903695933847765,0.0030116169408739694,0.00294377766689832,0.02589679956247956,0.0061334069235045455,0.051584162599200345,277875.65274363424,189515.60819180668,182977.49818861438,163047.64806597985,183185.79487284183,177284.0237553567,73320.47124786775,51999.057477268885,926058.8897962676,102327.64204431688,1276106.6978570535,210515.67429137338,151087.71101645342,171791.13876907036,141214.360032616,126793.56323117213,156159.44606466772,31883.094212321445,25561.461898774254,649392.5615415873,33072.127410465655,1008201.6888226151,28.379273118892332,33.03755865754353,0.0,0.0,0.0,0.0,28.38784125749266,0.0,16739.10574559828,0.0,0.0,0.0,0.0,0.0,0.0,0.0,0.0,6.695280314681359e-05,0.0,0.0,0.0,0.0,0.0007333326098229254,0.24060533461659106,0.0,0.0,0.0,0.0,0.0,0.0,5.87792904664426e-05,0.0,0.0,0.0,0.0,5.987941958443259e-05,0.08209332286277846
2026-07-02 06:57:57.058000088,0.0,0.0,0.0,0.0,0.0,0.0,420.88363590022425,0.0,0.0,0.0,0.0,221.96664701316752,554166.3433235306,0.010628060762263187,0.01993344864146694,0.00719081234985862,0.006478783817004283,0.00595340614763905,0.005903695933847765,0.0030116169408739694,0.00294377766689832,0.02589679956247956,0.0061334069235045455,0.052011450641309576,286971.3976734984,196309.0134797452,188362.1174772413,163047.64806597985,195233.07628806843,177284.0237553567,73320.47124786775,51999.057477268885,926058.8897962676,102327.64204431688,1280417.8605335578,217342.01578812613,156484.98926547708,176899.7639577007,141214.360032616,136677.96701404295,156159.44606466772,31883.094212321445,25561.461898774254,649392.5615415873,33072.127410465655,1012635.6439626713,29.334617677759653,34.23784887199521,0.0,0.0,0.0,0.0,28.38784125749266,0.0,16739.10574559828,0.0,0.0,0.0,0.0,0.0,0.0,0.0,0.0,6.712920950291598e-05,0.0,0.0,0.0,0.0,0.0007334943492744023,0.24097855759580733,0.0,0.0,0.0,0.0,0.0,0.0,5.929272153820817e-05,0.0,0.0,0.0,0.0,5.9701507931871256e-05,0.08246654682431649
2026-07-02 06:58:12.058000088,0.0,0.0,0.0,0.0,0.0,0.0,422.9168224272808,0.0,0.0,0.0,0.0,221.96664701316752,554166.6410200461,0.010332168539073917,0.01993344864146694,0.00719081234985862,0.006478783817004283,0.00595340614763905,0.005903695933847765,0.0030116169408739694,0.002970631735081339,0.02589679956247956,0.0061334069235045455,0.05219131266114371,278981.92464086006,196309.0134797452,188362.1174772413,163047.64806597985,195233.07628806843,177284.0237553567,73320.47124786775,46792.37436430373,926058.8897962676,102327.64204431688,1290611.657693464,211291.0706832271,156484.98926547708,176899.7639577007,141214.360032616,136677.96701404295,156159.44606466772,31883.094212321445,26745.282350124588,649392.5615415873,33072.127410465655,1021088.4658005537,28.517922568911665,34.23784887199521,0.0,0.0,0.0,0.0,28.38784125749266,0.0,16739.10574559828,0.0,0.0,0.0,0.0,0.0,0.0,0.0,0.0,6.664732986605273e-05,0.0,0.0,0.0,0.0,0.0007335666765477987,0.24154201344040735,0.0,0.0,0.0,0.0,0.0,0.0,5.9293959438392825e-05,0.0,0.0,0.0,0.0,5.9701507931871256e-05,0.08246664766290594
2026-07-02 06:58:27.058000088,0.0,0.0,0.0,0.0,0.0,0.0,432.5683283880848,0.0,0.0,0.0,0.0,221.55356187966404,555847.4131342124,0.010908448984199123,0.01993344864146694,0.00719081234985862,0.006478783817004283,0.006023127963899476,0.005903695933847765,0.0030426889196326027,0.002970631735081339,0.026175754677611525,0.0061334069235045455,0.052899490374972206,273617.4165284081,196309.0134797452,188362.1174772413,163047.64806597985,189973.13688115348,177284.0237553567,71138.59302610041,46792.37436430373,892894.6318829092,102327.64204431688,1294757.0640449738,207356.4505857973,156484.98926547708,176899.7639577007,141214.360032616,141375.19193845443,156159.44606466772,30885.73367187785,26745.282350124588,626720.0990143071,33072.127410465655,1023418.330228006,27.915515695449287,34.23784887199521,0.0,0.0,0.0,0.0,27.49981851697527,0.0,16101.096697647823,0.0,0.0,0.0,0.0,0.0,0.0,0.0,0.0,6.682186963551149e-05,0.0,0.0,0.0,0.0,0.0007337282756044025,0.2419155290186916,0.0,0.0,0.0,0.0,0.0,0.0,5.9592575132059566e-05,0.0,0.0,0.0,0.0,5.963225770516785e-05,0.08284366637875634
2026-07-02 06:58:42.058000088,0.0,0.0,0.0,0.0,0.0,0.0,436.1900778065013,0.0,0.0,0.0,0.0,221.55356187966404,555847.7346738888,0.010908448984199123,0.020277679373473852,0.00719081234985862,0.006478783817004283,0.006023127963899476,0.005903695933847765,0.003059747888139944,0.0030096569379733226,0.025944924228104307,0.006114503241730134,0.05311258283193726,273617.4165284081,201753.69965038355,188362.1174772413,163047.64806597985,189973.13688115348,177284.0237553567,74279.89047843975,45309.75015665918,832503.0714491479,101397.0613788446,1303555.5528733789,207356.4505857973,160746.5411590059,176899.7639577007,141214.360032616,141375.19193845443,156159.44606466772,32204.299901013066,25902.144547656328,585405.2454543876,32754.128503270003,1021710.1675670944,27.915515695449287,32.82092806504806,0.0,0.0,0.0,0.0,28.742611614671112,0.0,16440.061286943186,0.0,0.0,0.0,0.0,0.0,0.0,0.0,0.0,6.699640940497023e-05,0.0,0.0,0.0,0.0,0.0007338898746610062,0.24228904459697578,0.0,0.0,0.0,0.0,0.0,0.0,5.9765163248853124e-05,0.0,0.0,0.0,0.0,5.963225770516785e-05,0.08284376734144118
2026-07-02 06:58:57.058000088,0.0,0.0,0.0,0.0,0.0,0.0,443.78838975022575,0.0,0.0,0.0,0.0,220.29265896253827,557497.4040067854,0.010908448984199123,0.020277679373473852,0.007268562024661262,0.006522009455425173,0.006023127963899476,0.0060035610522448475,0.003059747888139944,0.0030096569379733226,0.026607894510085963,0.006283184815232136,0.05355022901100897,273617.4165284081,201753.69965038355,183710.1291502133,175350.32245799273,189973.13688115348,185378.52639740705,74279.89047843975,45309.75015665918,853776.0106636466,104194.31492270289,1300411.0142915524,207356.4505857973,160746.5411590059,172733.4797091407,151917.56774542638,141375.19193845443,154208.5222726361,32204.299901013066,25902.144547656328,600364.0974148042,33657.72078480014,1018513.2140360973,27.915515695449287,32.82092806504806,0.0,0.0,0.0,0.0,28.742611614671112,0.0,16860.153940572676,0.0,0.0,0.0,0.0,0.0,0.0,0.0,0.0,6.717094917442898e-05,0.0,0.0,0.0,0.0,0.0007340514737176101,0.24266256017525994,0.0,0.0,0.0,0.0,0.0,0.0,6.058444222386003e-05,0.0,0.0,0.0,0.0,5.9524173584648576e-05,0.0832140040536874
2026-07-02 06:59:12.058000088,0.0,0.0,0.0,0.0,0.0,0.0,443.7963855162049,0.0,0.0,0.0,0.0,220.29265896253827,557497.7290982966,0.011119036740625273,0.020922379857560073,0.007354703190246104,0.00661881214864506,0.006023127963899476,0.0060516624055301504,0.003059747888139944,0.0030096569379733226,0.026607894510085963,0.006283184815232136,0.0537296054166404,282306.27010565554,208957.91086951108,176202.71083344147,181632.9899834891,189973.13688115348,195332.2626786293,74279.89047843975,45309.75015665918,853776.0106636466,104194.31492270289,1297017.368210414,213889.29519258766,166463.2151112001,167472.73600100036,157354.73375163315,141375.19193845443,162487.8128323719,32204.299901013066,25902.144547656328,600364.0974148042,33657.72078480014,1015353.7497858645,28.82459379648436,34.010076638917816,0.0,0.0,0.0,0.0,28.742611614671112,0.0,16860.153940572676,0.0,0.0,0.0,0.0,0.0,0.0,0.0,0.0,6.831819331818543e-05,0.0,0.0,0.0,0.0,0.0007341649414343056,0.24321312978244106,0.0,0.0,0.0,0.0,0.0,0.0,6.0760962392936456e-05,0.0,0.0,0.0,0.0,5.9524173584648576e-05,0.08321410578640268
2026-07-02 06:59:27.058000088,0.0,0.0,0.0,0.0,0.0,0.0,444.5905447012586,0.0,0.0,0.0,0.0,219.19308644392987,559176.6090782838,0.011119036740625273,0.020922379857560073,0.007354703190246104,0.00661881214864506,0.006023127963899476,0.0060516624055301504,0.003059747888139944,0.0030096569379733226,0.026607894510085963,0.006283184815232136,0.05394512857554723,282306.27010565554,208957.91086951108,176202.71083344147,181632.9899834891,189973.13688115348,195332.2626786293,74279.89047843975,45309.75015665918,853776.0106636466,104194.31492270289,1305073.8793757327,213889.29519258766,166463.2151112001,167472.73600100036,157354.73375163315,141375.19193845443,162487.8128323719,32204.299901013066,25902.144547656328,600364.0974148042,33657.72078480014,1022434.0838811602,28.82459379648436,34.010076638917816,0.0,0.0,0.0,0.0,28.742611614671112,0.0,16860.153940572676,0.0,0.0,0.0,0.0,0.0,0.0,0.0,0.0,6.849539057115887e-05,0.0,0.0,0.0,0.0,0.0007343264653926389,0.2435869187056955,0.0,0.0,0.0,0.0,0.0,0.0,6.006540490960354e-05,0.0,0.0,0.0,0.0,5.937786637051088e-05,0.08359415178577795
2026-07-02 06:59:42.058000088,0.0,0.0,0.0,0.0,0.0,0.0,444.5992242090104,0.0,0.0,0.0,0.0,219.19308644392987,559176.9455469038,0.011254020381832784,0.020922379857560073,0.007354703190246104,0.00661881214864506,0.005923867905120318,0.0060516624055301504,0.003059747888139944,0.0030262598102643113,0.026607894510085963,0.006283184815232136,0.05431806925801304,294219.5568215266,208957.91086951108,176202.71083344147,181632.9899834891,192875.6863075116,195332.2626786293,74279.89047843975,44023.80543077113,853776.0106636466,104194.31492270289,1311230.5452224857,223201.88176535105,166463.2151112001,167472.73600100036,157354.73375163315,143503.44880885893,162487.8128323719,32204.299901013066,25166.764640029654,600364.0974148042,33657.72078480014,1028282.7642153555,27.795567536663633,34.010076638917816,0.0,0.0,0.0,0.0,28.742611614671112,0.0,16860.153940572676,0.0,0.0,0.0,0.0,0.0,0.0,0.0,0.0,6.867258782413233e-05,0.0,0.0,0.0,0.0,0.0007344879893509722,0.24396070762894984,0.0,0.0,0.0,0.0,0.0,0.0,6.024192603268398e-05,0.0,0.0,0.0,0.0,5.937786637051088e-05,0.08359425553963169
2026-07-02 06:59:57.058000088,0.0,0.0,0.0,0.0,0.0,0.0,457.9901817764616,0.0,0.0,0.0,0.0,218.98092655931868,560795.5752739714,0.011254020381832784,0.020922379857560073,0.007354703190246104,0.00661881214864506,0.006166894535634239,0.0060516624055301504,0.002985107961750309,0.00296629630798932,0.026607894510085963,0.006283184815232136,0.05456043773250335,294219.5568215266,208957.91086951108,176202.71083344147,181632.9899834891,190784.17084819748,195332.2626786293,72467.89623570124,45017.47085927521,853776.0106636466,104194.31492270289,1320615.7033231624,223201.88176535105,166463.2151112001,167472.73600100036,157354.73375163315,142547.07200751465,162487.8128323719,31418.703615986262,25734.80603775528,600364.0974148042,33657.72078480014,1035586.8298282991,27.795567536663633,34.010076638917816,0.0,0.0,0.0,0.0,28.041460247435722,0.0,16860.153940572676,0.0,0.0,0.0,0.0,0.0,0.0,0.0,0.0,6.884978507710577e-05,0.0,0.0,0.0,0.0,0.0007346495133093055,0.2443344965522043,0.0,0.0,0.0,0.0,0.0,0.0,6.182088108488858e-05,0.0,0.0,0.0,0.0,5.932552869196615e-05,0.08396328489623771
2026-07-02 07:00:12.058000088,0.0,0.0,0.0,0.0,0.0,0.0,460.36280077815627,0.0,0.0,0.0,0.0,218.98092655931868,560795.9170423248,0.011254020381832784,0.020922379857560073,0.007464132179669147,0.00661881214864506,0.006166894535634239,0.0060516624055301504,0.0030935310339575833,0.003040104133481389,0.025892018864520087,0.006283184815232136,0.05516041397134987,294219.5568215266,208957.91086951108,182138.8204397607,181632.9899834891,190784.17084819748,195332.2626786293,77816.78661730008,46137.60225826141,830805.4801479451,104194.31492270289,1310433.7205756137,223201.88176535105,166463.2151112001,173115.47591746674,157354.73375163315,142547.07200751465,162487.8128323719,30725.0000104602,26375.143305475645,584211.5215073612,33657.72078480014,1024837.4978090281,27.795567536663633,34.010076638917816,0.0,0.0,0.0,0.0,27.420794297599464,0.0,16406.537680858015,0.0,0.0,0.0,0.0,0.0,0.0,0.0,0.0,6.836386497162759e-05,0.0,0.0,0.0,0.0,0.0007347556303134575,0.24488092665654052,0.0,0.0,0.0,0.0,0.0,0.0,6.182817521955113e-05,0.0,0.0,0.0,0.0,5.932552869196615e-05,0.08396338798489768
2026-07-02 07:00:27.058000088,0.0,0.0,0.0,0.0,0.0,0.0,454.4733018102605,0.0,0.0,0.0,0.0,218.23605579875175,562383.886931175,0.011336929552671036,0.020380326850333218,0.007531150483124661,0.006819174185751804,0.006166894535634239,0.0061225166856758995,0.0031176023679763162,0.003040104133481389,0.026895572652832808,0.0063570381817641625,0.05521031496029023,301559.4366846616,203544.26936497007,194193.1409907458,188859.06880330286,190784.17084819748,189959.6956679021,80059.94553930177,46137.60225826141,814560.9359117573,99555.53770116011,1306602.5652104986,228764.99092135875,162150.51803954868,181898.31246597716,164532.70218544756,142547.07200751465,158558.57527544803,31576.14223366405,26375.143305475645,572993.0909022318,32257.893351511342,1022317.6452856734,28.491673774134526,33.12895009195476,0.0,0.0,0.0,0.0,28.23237081523469,0.0,16075.335698821516,0.0,0.0,0.0,0.0,0.0,0.0,0.0,0.0,6.853922801729994e-05,0.0,0.0,0.0,0.0,0.0007349170682016562,0.2452549781427322,0.0,0.0,0.0,0.0,0.0,0.0,6.106900232746032e-05,0.0,0.0,0.0,0.0,5.91660792339957e-05,0.08434243151658113
2026-07-02 07:00:42.058000088,0.0,0.0,0.0,0.0,0.0,0.0,456.820642036129,0.0,0.0,0.0,0.0,218.23605579875175,562384.236668719,0.011623791095272163,0.022300442963495905,0.007531150483124661,0.006819174185751804,0.006166894535634239,0.005969073305142959,0.0031176023679763162,0.003040104133481389,0.027180200970350395,0.006470610422919509,0.05567061031493554,309189.88060612953,198793.16030566266,194193.1409907458,188859.06880330286,190784.17084819748,185198.89886411623,80059.94553930177,46137.60225826141,837954.6014016173,103854.4432196453,1321855.5030667894,234553.4963437438,159469.4367817794,181898.31246597716,164532.70218544756,142547.07200751465,154584.7577994299,31576.14223366405,26375.143305475645,589414.1791913747,33645.98570259209,1036697.8281408306,29.21260667330833,33.89361036807214,0.0,0.0,0.0,0.0,28.23237081523469,0.0,16539.449272237198,0.0,0.0,0.0,0.0,0.0,0.0,0.0,0.0,6.87145910629723e-05,0.0,0.0,0.0,0.0,0.000735078506089855,0.24562902962892383,0.0,0.0,0.0,0.0,0.0,0.0,6.10713975673197e-05,0.0,0.0,0.0,0.0,5.91660792339957e-05,0.08434253378396127
2026-07-02 07:00:57.058000088,0.0,0.0,0.0,0.0,0.0,0.0,469.2355179096024,0.0,0.0,0.0,0.0,216.90561947795325,564024.092177671,0.011753156110769498,0.022300442963495905,0.007531150483124661,0.006819174185751804,0.006166894535634239,0.006180252803374679,0.0031176023679763162,0.003040104133481389,0.027180200970350395,0.006470610422919509,0.05597567429472182,299752.0644681058,198793.16030566266,194193.1409907458,188859.06880330286,190784.17084819748,183802.08451159406,80059.94553930177,46137.60225826141,837954.6014016173,103854.4432196453,1325725.1383732208,227499.2908076853,159469.4367817794,181898.31246597716,164532.70218544756,142547.07200751465,153868.01495133163,31576.14223366405,26375.143305475645,589414.1791913747,33645.98570259209,1039994.892751335,28.27966385104157,33.89361036807214,0.0,0.0,0.0,0.0,28.23237081523469,0.0,16539.449272237198,0.0,0.0,0.0,0.0,0.0,0.0,0.0,0.0,6.888995410864464e-05,0.0,0.0,0.0,0.0,0.0007352399439780538,0.24600308111511549,0.0,0.0,0.0,0.0,0.0,0.0,6.107729478899971e-05,0.0,0.0,0.0,0.0,5.908137621534222e-05,0.08471921875080793
2026-07-02 07:01:12.058000088,0.0,0.0,0.0,0.0,0.0,0.0,471.63432356247307,0.0,0.0,0.0,0.0,216.90561947795325,564024.4547057727,0.011753156110769498,0.022300442963495905,0.007531150483124661,0.006819174185751804,0.006246740352939223,0.006180252803374679,0.0031176023679763162,0.003040104133481389,0.027180200970350395,0.006470610422919509,0.05615857076457736,299752.0644681058,198793.16030566266,194193.1409907458,188859.06880330286,198115.75083299374,183802.08451159406,80059.94553930177,46137.60225826141,837954.6014016173,103854.4432196453,1330441.0986828448,227499.2908076853,159469.4367817794,181898.31246597716,164532.70218544756,148023.1288290481,153868.01495133163,31576.14223366405,26375.143305475645,589414.1791913747,33645.98570259209,1044103.6070142776,28.27966385104157,33.89361036807214,0.0,0.0,0.0,0.0,28.23237081523469,0.0,16539.449272237198,0.0,0.0,0.0,0.0,0.0,0.0,0.0,0.0,7.002232236554004e-05,0.0,0.0,0.0,0.0,0.0007353078444098078,0.24655297752338165,0.0,0.0,0.0,0.0,0.0,0.0,6.108190140312503e-05,0.0,0.0,0.0,0.0,5.908137621534222e-05,0.08471932269578211
2026-07-02 07:01:27.058000088,0.0,0.0,0.0,0.0,0.0,0.0,465.6523914675596,0.0,0.0,0.0,0.0,215.7327385185482,565464.3073998232,0.011753156110769498,0.022300442963495905,0.007636475199042707,0.006819174185751804,0.006264296253359328,0.006180252803374679,0.0031429396943332554,0.0029578055504865175,0.027180200970350395,0.006470610422919509,0.056797864395817424,299752.0644681058,198793.16030566266,199677.94881484087,188859.06880330286,211215.58538938855,183802.08451159406,82694.93605877925,44888.612380968065,837954.6014016173,103854.4432196453,1326159.126885647,227499.2908076853,159469.4367817794,187034.04937973552,164532.70218544756,158879.63773230236,153868.01495133163,32704.779896832006,25661.142460431696,589414.1791913747,33645.98570259209,1042371.0495494728,28.27966385104157,33.89361036807214,0.0,0.0,0.0,0.0,29.24149082700822,0.0,16539.449272237198,0.0,0.0,0.0,0.0,0.0,0.0,0.0,0.0,7.020022231674735e-05,0.0,0.0,0.0,0.0,0.0007354691381340878,0.2469272966592027,0.0,0.0,0.0,0.0,0.0,0.0,6.146325709020026e-05,0.0,0.0,0.0,0.0,5.900004903360773e-05,0.08508190474901388
2026-07-02 07:01:42.058000088,0.0,0.0,0.0,0.0,0.0,0.0,468.0262109944404,0.0,0.0,0.0,0.0,215.7327385185482,565464.6707440104,0.011753156110769498,0.022532723404255325,0.007636475199042707,0.006819174185751804,0.006264296253359328,0.006281729471879493,0.0031429396943332554,0.003105536486754917,0.027045292663871227,0.006470610422919509,0.0570918466011876,299752.0644681058,205431.91658896333,199677.94881484087,188859.06880330286,211215.58538938855,180185.24907848847,82694.93605877925,38146.307866726,777564.1844324548,103854.4432196453,1336733.2430455221,227499.2908076853,164315.67347630757,187034.04937973552,164532.70218544756,158879.63773230236,160384.95157078042,32704.779896832006,26034.28220494898,548174.3637225695,33645.98570259209,1042742.1665684227,28.27966385104157,32.98465711621599,0.0,0.0,0.0,0.0,29.24149082700822,19.54125583448917,16959.168150932186,0.0,0.0,0.0,0.0,0.0,0.0,0.0,0.0,7.037812226795467e-05,0.0,0.0,0.0,0.0,0.0007356304318583677,0.24730161579502374,0.0,0.0,0.0,0.0,0.0,0.0,6.165080096678353e-05,0.0,0.0,0.0,0.0,5.900004903360773e-05,0.08508200906244091
2026-07-02 07:01:57.058000088,0.0,0.0,0.0,0.0,0.0,0.0,465.98526715474804,0.0,0.0,0.0,0.0,214.55699888830839,567017.3896261163,0.011753156110769498,0.022532723404255325,0.007636475199042707,0.006957684735076967,0.006264296253359328,0.006281729471879493,0.0031594790438700562,0.003105536486754917,0.0271340940849827,0.00651371760039387,0.05720570946913893,299752.0644681058,205431.91658896333,199677.94881484087,198262.22722572152,211215.58538938855,180185.24907848847,79002.96477368979,38146.307866726,780117.2647574174,100194.77815827589,1335500.632832719,227499.2908076853,164315.67347630757,187034.04937973552,172721.1337191231,158879.63773230236,160384.95157078042,31346.42757320362,26034.28220494898,549974.2578158019,32459.237028049087,1041073.3044781932,28.27966385104157,32.98465711621599,0.0,0.0,0.0,0.0,27.880529277406076,19.54125583448917,17014.852452499497,0.0,0.0,0.0,0.0,0.0,0.0,0.0,0.0,7.055602221916198e-05,0.0,0.0,0.0,0.0,0.0007357917255826474,0.24767593493084475,0.0,0.0,0.0,0.0,0.0,0.0,6.090923140105441e-05,0.0,0.0,0.0,0.0,5.895994532172958e-05,0.08544568121292481
2026-07-02 07:02:12.058000088,0.0,0.0,0.0,0.0,0.0,0.0,471.0625107518096,0.0,0.0,0.0,0.0,214.55699888830839,567017.7527998313,0.011903960172487028,0.022532723404255325,0.0077187889184155214,0.007000805410819816,0.006264296253359328,0.0062976383500216206,0.0031594790438700562,0.003105536486754917,0.02802742798055545,0.006596308910650098,0.05749333091446889,291434.08369826665,205431.91658896333,193027.24977721853,190696.96103392434,211215.58538938855,193020.91573954752,79002.96477368979,38146.307866726,760169.1455718053,103401.86636415399,1342260.5949424761,221294.71169917483,164315.67347630757,180864.4315487968,166279.02196768206,158879.63773230236,170898.0485578035,31346.42757320362,26034.28220494898,535471.3510378257,33494.64908963677,1046921.9856686151,27.453152110804567,32.98465711621599,0.0,0.0,0.0,0.0,27.880529277406076,19.54125583448917,16557.92628191849,0.0,0.0,0.0,0.0,0.0,0.0,0.0,0.0,7.017643788902768e-05,0.0,0.0,0.0,0.0,0.0007359301513863666,0.24819956935078774,0.0,0.0,0.0,0.0,0.0,0.0,6.109332227521706e-05,0.0,0.0,0.0,0.0,5.895994532172958e-05,0.08544578436204012
2026-07-02 07:02:27.058000088,0.0,0.0,0.0,0.0,0.0,0.0,478.3101575889691,0.0,0.0,0.0,0.0,213.42978694668594,568687.725155841,0.012029790183523561,0.02313777655171451,0.007825082149798534,0.007000805410819816,0.006264296253359328,0.0062976383500216206,0.0031594790438700562,0.003105536486754917,0.02802742798055545,0.006596308910650098,0.05777305516084063,282856.9653534765,200700.21327099035,186015.492524941,190696.96103392434,211215.58538938855,193020.91573954752,79002.96477368979,38146.307866726,760169.1455718053,103401.86636415399,1344987.2597947877,216677.6805911481,161382.95281237477,176070.07119577174,166279.02196768206,158879.63773230236,170898.0485578035,31346.42757320362,26034.28220494898,535471.3510378257,33494.64908963677,1049633.0591592188,28.175635459334625,33.969712551211664,0.0,0.0,0.0,0.0,27.880529277406076,19.54125583448917,16557.92628191849,0.0,0.0,0.0,0.0,0.0,0.0,0.0,0.0,7.035282671473806e-05,0.0,0.0,0.0,0.0,0.0007360914100775733,0.24857411250377842,0.0,0.0,0.0,0.0,0.0,0.0,6.234502822423396e-05,0.0,0.0,0.0,0.0,5.889455698378267e-05,0.08582000942642774
2026-07-02 07:02:42.058000088,0.0,0.0,0.0,0.0,0.0,0.0,478.3903258884255,0.0,0.0,0.0,0.0,213.42978694668594,568688.1258137773,0.012325668260984095,0.02313777655171451,0.007825082149798534,0.007000805410819816,0.006380739949010952,0.0062976383500216206,0.0031594790438700562,0.003122236378524217,0.02802742798055545,0.006596308910650098,0.05799682754586343,289813.9591021899,200700.21327099035,186015.492524941,190696.96103392434,226312.08789703564,193020.91573954752,79002.96477368979,44511.00355699962,760169.1455718053,103401.86636415399,1358958.2882631454,222006.9651907851,161382.95281237477,176070.07119577174,166279.02196768206,170422.66803870234,170898.0485578035,31346.42757320362,31593.420120802006,535471.3510378257,33494.64908963677,1059252.1831715803,28.868627832747322,33.969712551211664,0.0,0.0,0.0,0.0,27.880529277406076,19.026970781758667,16557.92628191849,0.0,0.0,0.0,0.0,0.0,0.0,0.0,0.0,7.052921554044843e-05,0.0,0.0,0.0,0.0,0.0007362526687687798,0.24894865565676916,0.0,0.0,0.0,0.0,0.0,0.0,6.253289751238767e-05,0.0,0.0,0.0,0.0,5.889455698378267e-05,0.08582011474181489
2026-07-02 07:02:57.058000088,0.0,0.0,0.0,0.0,0.0,0.0,459.50141803078384,0.0,0.0,0.0,0.0,211.27537025836946,570364.9909978708,0.012325668260984095,0.02313777655171451,0.007825082149798534,0.007000805410819816,0.006380739949010952,0.0062976383500216206,0.0031843812571905224,0.003122236378524217,0.02802742798055545,0.006596308910650098,0.058460521336274524,289813.9591021899,200700.21327099035,186015.492524941,190696.96103392434,226312.08789703564,193020.91573954752,74784.61568368947,44511.00355699962,760169.1455718053,103401.86636415399,1361547.6482966458,222006.9651907851,161382.95281237477,176070.07119577174,166279.02196768206,170422.66803870234,170898.0485578035,26281.838440997508,31593.420120802006,535471.3510378257,33494.64908963677,1061156.5723826254,28.868627832747322,33.969712551211664,0.0,0.0,0.0,0.0,28.95472113585073,19.026970781758667,16557.92628191849,0.0,0.0,0.0,0.0,0.0,0.0,0.0,0.0,7.070560436615878e-05,0.0,0.0,0.0,0.0,0.0007364139274599864,0.24932319880975984,0.0,0.0,0.0,0.0,0.0,0.0,6.183635737639343e-05,0.0,0.0,0.0,0.0,5.8712995659054217e-05,0.08618802294087526
2026-07-02 07:03:12.058000088,0.0,0.0,0.0,0.0,0.0,0.0,459.5580887050042,0.0,0.0,0.0,0.0,211.27537025836946,570365.3675617431,0.012325668260984095,0.023402108355487783,0.007825082149798534,0.007013508701364189,0.006380739949010952,0.006241991029856071,0.0031843812571905224,0.0030675107219647704,0.02802742798055545,0.006596308910650098,0.05888512881923164,289813.9591021899,197139.79568426879,186015.492524941,202956.30851011802,226312.08789703564,197189.77555886417,74784.61568368947,45426.413146867446,760169.1455718053,103401.86636415399,1371768.5436486797,222006.9651907851,159160.06531625756,176070.07119577174,176905.27242462724,170422.66803870234,174589.0993701082,26281.838440997508,32239.524054969927,535471.3510378257,33494.64908963677,1063422.509963597,28.868627832747322,32.82006990458969,0.0,0.0,0.0,0.0,28.95472113585073,19.428848112894823,16557.92628191849,0.0,0.0,0.0,0.0,0.0,0.0,0.0,0.0,7.19367227383711e-05,0.0,0.0,0.0,0.0,0.0007364860593096205,0.24987243066447395,0.0,0.0,0.0,0.0,0.0,0.0,6.202524452921512e-05,0.0,0.0,0.0,0.0,5.8712995659054217e-05,0.08618812712447747
2026-07-02 07:03:27.058000088,0.0,0.0,0.0,0.0,0.0,0.0,457.41073015171526,0.0,0.0,0.0,0.0,211.3275649512757,571927.2879642592,0.012325668260984095,0.023402108355487783,0.007972026127911473,0.007013508701364189,0.006380739949010952,0.006282207461596319,0.00319112439356013,0.0031581352553629767,0.02802742798055545,0.006689085263783383,0.05922812636520274,289813.9591021899,197139.79568426879,192927.06391360142,202956.30851011802,226312.08789703564,198460.24664905103,79284.70899626553,46768.46142918028,760169.1455718053,95387.71515589497,1384852.9553407766,222006.9651907851,159160.06531625756,182612.11159228836,176905.27242462724,170422.66803870234,175713.9568977505,31397.792578058546,33191.987498224174,535471.3510378257,34611.85097286419,1072292.631936207,28.868627832747322,32.82006990458969,0.0,0.0,0.0,0.0,27.941747663882126,20.00284131268646,16557.92628191849,0.0,0.0,0.0,0.0,0.0,0.0,0.0,0.0,7.211585449972392e-05,0.0,0.0,0.0,0.0,0.0007366471822771002,0.2502472361664966,0.0,0.0,0.0,0.0,0.0,0.0,6.341260622629657e-05,0.0,0.0,0.0,0.0,5.8698035000092796e-05,0.08655862245794156
2026-07-02 07:03:42.058000088,0.0,0.0,0.0,0.0,0.0,0.0,459.8445223106749,0.0,0.0,0.0,0.0,211.3275649512757,571927.6643201673,0.012503410298992072,0.024389925332249405,0.008023097128218849,0.0070823507556350175,0.006467490163134456,0.006448259510378026,0.00319112439356013,0.0031581352553629767,0.028704574584980873,0.006493609927698921,0.05926563031078317,299110.87185425195,206186.22932277678,202255.50492484198,208606.9878518323,221217.25993768295,211409.34481081372,79284.70899626553,46768.46142918028,775448.5429417458,92600.19714063182,1384689.363723241,228934.25289224298,166457.9103633536,188687.56671544252,181815.92237589214,167638.83283020233,186204.2162949987,31397.792578058546,33191.987498224174,547687.9385427196,33600.38783035385,1072791.6334324735,27.735738541910013,34.38427824119893,0.0,0.0,0.0,0.0,27.941747663882126,20.00284131268646,16709.74640030765,0.0,0.0,0.0,0.0,0.0,0.0,0.0,0.0,7.229498626107672e-05,0.0,0.0,0.0,0.0,0.0007368083052445799,0.25062204166851915,0.0,0.0,0.0,0.0,0.0,0.0,6.37209485625628e-05,0.0,0.0,0.0,0.0,5.8698035000092796e-05,0.08655872726119979
2026-07-02 07:03:57.058000088,0.0,0.0,0.0,0.0,0.0,0.0,457.5424497745718,0.0,0.0,0.0,0.0,210.98721887367563,573620.9771522955,0.012503410298992072,0.024389925332249405,0.008023097128218849,0.0070823507556350175,0.006467490163134456,0.006448259510378026,0.00319112439356013,0.0031581352553629767,0.028704574584980873,0.006760988976308103,0.05954396961745187,299110.87185425195,206186.22932277678,202255.50492484198,208606.9878518323,221217.25993768295,211409.34481081372,79284.70899626553,46768.46142918028,775448.5429417458,103676.61107623439,1390657.3842959998,228934.25289224298,166457.9103633536,188687.56671544252,181815.92237589214,167638.83283020233,186204.2162949987,31397.792578058546,33191.987498224174,547687.9385427196,42819.22646504899,1077468.0457487584,27.735738541910013,34.38427824119893,0.0,0.0,0.0,0.0,27.941747663882126,20.00284131268646,16709.74640030765,0.0,0.0,0.0,0.0,0.0,0.0,0.0,0.0,7.247411802242954e-05,0.0,0.0,0.0,0.0,0.0007369694282120595,0.2509968471705417,0.0,0.0,0.0,0.0,0.0,0.0,6.285442972759244e-05,0.0,0.0,0.0,0.0,5.863583144578685e-05,0.08693495944579419
2026-07-02 07:04:12.058000088,0.0,0.0,0.0,0.0,0.0,0.0,459.9290883141031,0.0,0.0,0.0,0.0,210.98721887367563,573621.3650484958,0.012825064158112982,0.024389925332249398,0.008023097128218849,0.0070823507556350175,0.0065260507463141895,0.006448259510378026,0.0032083625314478057,0.0031581352553629767,0.028704574584980873,0.006760988976308103,0.05988758759854199,310243.3662311027,206186.22932277675,202255.50492484198,208606.9878518323,213712.46692981577,211409.34481081372,82085.62993256672,46768.46142918028,775448.5429417458,103676.61107623439,1399808.4086605497,237449.27536231885,166457.91036335359,188687.56671544252,181815.92237589214,162260.21256438197,186204.2162949987,32470.850634965103,33191.987498224174,547687.9385427196,42819.22646504899,1081530.7521121814,28.769525093877608,34.38427824119892,0.0,0.0,0.0,0.0,28.95628191725792,20.00284131268646,16709.74640030765,0.0,0.0,0.0,0.0,0.0,0.0,0.0,0.0,7.195815237799075e-05,0.0,0.0,0.0,0.0,0.0007371397337696296,0.25153976598153577,0.0,0.0,0.0,0.0,0.0,0.0,6.285442972759244e-05,0.0,0.0,0.0,0.0,5.863583144578685e-05,0.08693506403940779
2026-07-02 07:04:27.058000088,0.0,0.0,0.0,0.0,0.0,0.0,473.20762782425686,0.0,0.0,0.0,0.0,209.98459071703604,575133.561524674,0.012825064158112982,0.024547654880302354,0.008023097128218849,0.0070823507556350175,0.0065260507463141895,0.006448259510378026,0.0032083625314478057,0.0031802084532726376,0.028704574584980873,0.006760988976308103,0.06034782256833757,310243.3662311027,210439.98093610222,202255.50492484198,208606.9878518323,213712.46692981577,211409.34481081372,82085.62993256672,52087.09473615336,775448.5429417458,103676.61107623439,1422410.168567654,237449.27536231885,169212.53557947124,188687.56671544252,181815.92237589214,162260.21256438197,186204.2162949987,32470.850634965103,37959.36219127889,547687.9385427196,42819.22646504899,1097792.7674404893,28.769525093877608,33.20565755726956,0.0,0.0,0.0,0.0,28.95628191725792,19.14326903099522,16709.74640030765,0.0,0.0,0.0,0.0,0.0,0.0,0.0,0.0,7.213544879016444e-05,0.0,0.0,0.0,0.0,0.0007373008706383164,0.2519148209155443,0.0,0.0,0.0,0.0,0.0,0.0,6.493710589967526e-05,0.0,0.0,0.0,0.0,5.859982580850451e-05,0.08730467019526114
2026-07-02 07:04:42.058000088,0.0,0.0,0.0,0.0,0.0,0.0,475.664165708727,0.0,0.0,0.0,0.0,209.98459071703604,575133.9492384404,0.012825064158112982,0.024547654880302354,0.0080445084003424,0.007049854371501124,0.0065260507463141895,0.006448259510378026,0.0032083625314478057,0.0031802084532726376,0.02878619315681844,0.006885337739760383,0.06095810791734593,310243.3662311027,210439.98093610222,199873.97851517797,202579.54431534157,213712.46692981577,211409.34481081372,82085.62993256672,52087.09473615336,754928.1435021027,107908.70972180915,1420512.716669091,237449.27536231885,169212.53557947124,186652.75594446107,177493.03736441926,162260.21256438197,186204.2162949987,32470.850634965103,37959.36219127889,533449.0890311499,44567.866226911756,1103150.1247245648,28.769525093877608,33.20565755726956,0.0,0.0,0.0,0.0,28.95628191725792,19.14326903099522,16247.752697884758,0.0,0.0,0.0,0.0,0.0,0.0,0.0,0.0,7.231274520233812e-05,0.0,0.0,0.0,0.0,0.0007374620075070033,0.2522898758495527,0.0,0.0,0.0,0.0,0.0,0.0,6.494300920317372e-05,0.0,0.0,0.0,0.0,5.859982580850451e-05,0.08730477578760883
2026-07-02 07:04:57.058000088,0.0,0.0,0.0,0.0,0.0,0.0,484.5665524940075,0.0,0.0,0.0,0.0,208.55053795390123,576842.0098662822,0.012825064158112982,0.024547654880302354,0.008247116495552794,0.007041164720298833,0.006655320514997084,0.006448259510378026,0.003133822216973008,0.0031802084532726376,0.02878619315681844,0.006885337739760383,0.06114052438121671,310243.3662311027,210439.98093610222,208835.12515099894,202329.84474878947,222415.80497949282,211409.34481081372,80178.52354759273,52087.09473615336,754928.1435021027,107908.70972180915,1424626.0549186561,237449.27536231885,169212.53557947124,195011.4428155193,177274.25942883993,168870.92485429335,186204.2162949987,31716.451032716206,37959.36219127889,533449.0890311499,44567.866226911756,1106733.9212872877,28.769525093877608,33.20565755726956,0.0,0.0,0.0,0.0,28.28353675863668,19.14326903099522,16247.752697884758,0.0,0.0,0.0,0.0,0.0,0.0,0.0,0.0,7.249004161451181e-05,0.0,0.0,0.0,0.0,0.0007376231443756902,0.2526649307835611,0.0,0.0,0.0,0.0,0.0,0.0,6.500794557104159e-05,0.0,0.0,0.0,0.0,5.8525600288041605e-05,0.08768177879856628
2026-07-02 07:05:12.058000088,0.0,0.0,0.0,0.0,0.0,0.0,487.078639352172,0.0,0.0,0.0,0.0,208.55053795390123,576842.3998976327,0.01289683081425748,0.024547654880302354,0.008247116495552794,0.007264215966367641,0.006655320514997084,0.006533614251991542,0.00320715126040148,0.003140048521576266,0.02878619315681844,0.006885337739760383,0.06139287884294916,317655.5392865532,210439.98093610222,208835.12515099894,213894.27900107182,222415.80497949282,206722.36264681123,78358.87942019383,53285.03949562017,754928.1435021027,107908.70972180915,1433062.842470928,227947.94854804061,169212.53557947124,195011.4428155193,187052.21985008806,168870.92485429335,183172.84850000785,31024.142432553996,38826.7400615937,533449.0890311499,44567.866226911756,1113467.386291015,27.59013228410898,33.20565755726956,0.0,0.0,0.0,0.0,27.624591180414264,19.58877863952349,16247.752697884758,0.0,0.0,0.0,0.0,0.0,0.0,0.0,0.0,7.371405813645632e-05,0.0,0.0,0.0,0.0,0.0007377801148854083,0.2532029425574865,0.0,0.0,0.0,0.0,0.0,0.0,6.500964920068384e-05,0.0,0.0,0.0,0.0,5.8525600288041605e-05,0.08768188713724485
2026-07-02 07:05:27.058000088,0.0,0.0,0.0,0.0,0.0,0.0,485.19604700276784,0.0,0.0,0.0,0.0,206.83682332593045,578407.9262915438,0.01289683081425748,0.025050831586281363,0.008247116495552794,0.007264215966367641,0.006655320514997084,0.006603676155062598,0.00320715126040148,0.0032265882535844753,0.02915094539973217,0.006885337739760383,0.061672774348450254,317655.5392865532,204873.14767547426,208835.12515099894,213894.27900107182,222415.80497949282,198510.23249332784,78358.87942019383,54753.57509509016,700932.288588837,107908.70972180915,1432883.690078659,227947.94854804061,165644.86493769713,195011.4428155193,187052.21985008806,168870.92485429335,176037.7382450438,31024.142432553996,39896.80495281902,497048.36579432804,44567.866226911756,1113847.9130356978,27.59013228410898,34.05232876543155,0.0,0.0,0.0,0.0,27.624591180414264,20.12864534609958,16807.159306305304,0.0,0.0,0.0,0.0,0.0,0.0,0.0,0.0,7.389404796036222e-05,0.0,0.0,0.0,0.0,0.0007379412454074966,0.2535782400330412,0.0,0.0,0.0,0.0,0.0,0.0,6.540622438231357e-05,0.0,0.0,0.0,0.0,5.8377954421449764e-05,0.08804431307885455
2026-07-02 07:05:42.058000088,0.0,0.0,0.0,0.0,0.0,0.0,490.782290764818,0.0,0.0,0.0,0.0,206.83682332593045,578408.3245280191,0.013179372521111234,0.02574188977864905,0.008247116495552794,0.007264215966367641,0.006655320514997084,0.006603676155062598,0.0032511326984444753,0.0032389117343108544,0.02915094539973217,0.006946901064977078,0.06170745057442507,327420.85173967003,210524.82700634422,208835.12515099894,213894.27900107182,222415.80497949282,198510.23249332784,74379.25543894123,52818.10839906121,700932.288588837,102778.88260835955,1436597.7065966635,234953.97967419698,170214.38354008642,195011.4428155193,187052.21985008806,168870.92485429335,176037.7382450438,32309.41064033691,38486.505495111676,497048.36579432804,42498.52552358592,1117555.1899799916,28.438766565703027,34.991704397793235,0.0,0.0,0.0,0.0,28.770623900567152,19.417124269422942,16807.159306305304,3.460510180244762,0.0,0.0,0.0,0.0,0.0,0.0,0.0,7.407403778426811e-05,0.0,0.0,0.0,0.0,0.000738102375929585,0.2539535375085959,0.0,0.0,0.0,0.0,0.0,0.0,6.561337425947158e-05,0.0,0.0,0.0,0.0,5.8377954421449764e-05,0.08804441929072936
2026-07-02 07:05:57.058000088,0.0,0.0,0.0,0.0,0.0,0.0,483.03842042589815,0.0,0.0,0.0,0.0,205.8918393057997,580091.7584361905,0.013179372521111234,0.025825566860722626,0.008324539800656772,0.007264215966367641,0.006476649617472305,0.006603676155062598,0.0032511326984444753,0.0032389117343108544,0.029223483710751525,0.006946901064977078,0.0624800804961922,327420.85173967003,206815.80499515834,204498.19489675897,213894.27900107182,216444.75799387676,198510.23249332784,74379.25543894123,52818.10839906121,765106.914385063,102778.88260835955,1443801.5007973728,234953.97967419698,168078.43818447285,191096.23817844345,187052.21985008806,164337.3611226044,176037.7382450438,32309.41064033691,38486.505495111676,542302.2771550776,42498.52552358592,1122908.2625734182,28.438766565703027,33.62772282190451,0.0,0.0,0.0,0.0,28.770623900567152,19.417124269422942,16323.212502646944,3.460510180244762,0.0,0.0,0.0,0.0,0.0,0.0,0.0,7.425402760817403e-05,0.0,0.0,0.0,0.0,0.0007382635064516733,0.25432883498415065,0.0,0.0,0.0,0.0,0.0,0.0,6.482130097666583e-05,0.0,0.0,0.0,0.0,5.835389763220942e-05,0.08840055212182568
2026-07-02 07:06:12.058000088,0.0,0.0,0.0,0.0,0.0,0.0,483.06618203765163,0.0,0.0,0.0,0.0,205.8918393057997,580092.1566918266,0.013179372521111234,0.025825566860722626,0.008324539800656772,0.007264215966367641,0.006713867858720331,0.006603676155062598,0.0032511326984444753,0.0032389117343108544,0.029223483710751525,0.007065653709597873,0.06277586786184447,327420.85173967003,206815.80499515834,204498.19489675897,213894.27900107182,211726.66378356793,198510.23249332784,74379.25543894123,52818.10839906121,765106.914385063,95307.9636018151,1453830.1407805847,234953.97967419698,168078.43818447285,191096.23817844345,187052.21985008806,163643.51644645637,176037.7382450438,32309.41064033691,38486.505495111676,542302.2771550776,44027.72619875461,1130230.5599039132,28.438766565703027,33.62772282190451,0.0,0.0,0.0,0.0,28.770623900567152,19.417124269422942,16323.212502646944,3.5850277826524395,0.0,0.0,0.0,0.0,0.0,0.0,0.0,7.380611033801316e-05,0.0,0.0,0.0,0.0,0.00073838039639501,0.25485606475796985,0.0,0.0,0.0,0.0,0.0,0.0,6.5026351689959e-05,0.0,0.0,0.0,0.0,5.835389763220942e-05,0.08840065751907943
2026-07-02 07:06:27.058000088,0.0,0.0,0.0,0.0,0.0,0.0,498.1223122442062,0.0,0.0,0.0,0.0,204.34542769487376,581728.4613799439,0.013179372521111234,0.025825566860722626,0.008324539800656772,0.007264215966367641,0.006691932607086074,0.0067173217094814615,0.0032528113298385657,0.0032389117343108544,0.029223483710751525,0.007065653709597873,0.06294499242237211,327420.85173967003,206815.80499515834,204498.19489675897,213894.27900107182,204963.7122333012,206595.7781415467,72368.17625709533,52818.10839906121,765106.914385063,95307.9636018151,1464417.8711921163,234953.97967419698,168078.43818447285,191096.23817844345,187052.21985008806,167484.33197814864,183207.33691711284,31503.00316115494,38486.505495111676,542302.2771550776,44027.72619875461,1137879.8100757462,28.438766565703027,33.62772282190451,0.0,0.0,0.0,0.0,27.9467759247327,19.417124269422942,16323.212502646944,3.5850277826524395,0.0,0.0,0.0,0.0,0.0,0.0,0.0,7.398448334654396e-05,0.0,0.0,0.0,0.0,0.0007385414607662674,0.25523158484253133,0.0,0.0,0.0,0.0,0.0,0.0,6.632087986428969e-05,0.0,0.0,0.0,0.0,5.820930176061581e-05,0.08876953367047015
2026-07-02 07:06:42.058000088,0.0,0.0,0.0,0.0,0.0,0.0,498.2264623863765,0.0,0.0,0.0,0.0,204.34542769487376,581728.8741656087,0.013267216259752116,0.025825566860722626,0.008515691669077886,0.007441440604317894,0.006850497534083786,0.006725406837565499,0.0032528113298385657,0.0032389117343108544,0.02938970689958094,0.007065653709597873,0.06329881103041174,335283.4982474824,206815.80499515834,200878.8869594192,218326.571948418,209820.31464932658,216670.00818683952,72368.17625709533,52818.10839906121,796932.3150414609,95307.9636018151,1457945.0312951712,240614.69272636235,168078.43818447285,189524.54727006136,191491.11821661476,171452.86280962388,190968.22331763897,31503.00316115494,38486.505495111676,564575.5971961422,44027.72619875461,1133165.9191157205,27.391603463740484,33.62772282190451,0.0,0.0,0.0,0.0,27.9467759247327,19.417124269422942,17023.15408782347,3.5850277826524395,0.0,0.0,0.0,0.0,0.0,0.0,0.0,7.416285635507474e-05,0.0,0.0,0.0,0.0,0.0007387025251375249,0.2556071049270927,0.0,0.0,0.0,0.0,0.0,0.0,6.652805753221793e-05,0.0,0.0,0.0,0.0,5.820930176061581e-05,0.08876964091280844
2026-07-02 07:06:57.058000088,0.0,0.0,0.0,0.0,0.0,0.0,498.2575182291271,0.0,0.0,0.0,0.0,203.44906176403552,583402.0755519208,0.013603542219597715,0.02598656299162156,0.008515691669077886,0.007441440604317894,0.006850497534083786,0.006725406837565499,0.0032528113298385657,0.0032389117343108544,0.029452930845915375,0.0070879518674702895,0.06345402784165874,330696.61027581117,202451.76190866262,200878.8869594192,218326.571948418,209820.31464932658,216670.00818683952,72368.17625709533,52818.10839906121,776997.1186695481,103048.07490220273,1461225.1831699705,238553.90918195405,164501.412509478,189524.54727006136,191491.11821661476,171452.86280962388,190968.22331763897,31503.00316115494,38486.505495111676,550772.0027206582,43060.359731252414,1131647.2804432642,28.351600336571426,73.98735147646623,0.0,0.0,0.0,0.0,27.9467759247327,19.417124269422942,16569.280942426372,3.4712099743049105,0.0,0.0,0.0,0.0,0.0,0.0,0.0,7.434122936360554e-05,0.0,0.0,0.0,0.0,0.0007388635895087825,0.25598262501165425,0.0,0.0,0.0,0.0,0.0,0.0,6.62080104770536e-05,0.0,0.0,0.0,0.0,5.8194405492536e-05,0.08912916895895258
2026-07-02 07:07:12.058000088,0.0,0.0,0.0,0.0,0.0,0.0,498.29385716148795,0.0,0.0,0.0,0.0,203.44906176403552,583402.5154193852,0.013603542219597715,0.02598656299162156,0.008515691669077886,0.007441440604317894,0.006850497534083786,0.006725406837565499,0.0031931056044932843,0.003269928656720126,0.029452930845915375,0.0070879518674702895,0.06375035419976376,330696.61027581117,202451.76190866262,200878.8869594192,218326.571948418,209820.31464932658,216670.00818683952,74014.07315446902,54247.492517028535,776997.1186695481,103048.07490220273,1469825.5619901242,238553.90918195405,164501.412509478,189524.54727006136,191491.11821661476,171452.86280962388,190968.22331763897,32219.48791788963,39612.769755133406,550772.0027206582,43060.359731252414,1128938.949086073,28.351600336571426,73.98735147646623,0.0,0.0,0.0,0.0,28.582380055790313,19.985344553798445,16569.280942426372,3.4712099743049105,0.0,0.0,0.0,0.0,0.0,0.0,0.0,7.552854330266559e-05,0.0,0.0,0.0,0.0,0.0007389905323470238,0.2565151262835403,0.0,0.0,0.0,0.0,0.0,0.0,6.641480714376543e-05,0.0,0.0,0.0,0.0,5.8194405492536e-05,0.0891292755315309
2026-07-02 07:07:27.058000088,0.0,0.0,0.0,0.0,0.0,0.0,494.6025573662029,0.0,0.0,0.0,0.0,203.5405700162409,585021.5423222358,0.013603542219597715,0.026764834364413913,0.00854812284364,0.007441440604317894,0.006850497534083786,0.006725406837565499,0.0032727726080622535,0.0031877077176159824,0.029452930845915375,0.0070879518674702895,0.06413033294314381,330696.61027581117,209190.55515138045,212777.68040179095,218326.571948418,209820.31464932658,216670.00818683952,75860.70153464335,52883.462824934606,776997.1186695481,103048.07490220273,1478533.0754742727,238553.90918195405,169975.32699116043,198232.37203645555,191491.11821661476,171452.86280962388,190968.22331763897,33023.35424017251,38616.72382517413,550772.0027206582,43060.359731252414,1136156.0113453001,28.351600336571426,76.45333745418304,0.0,0.0,0.0,0.0,29.295501654621876,19.48282172530915,16569.280942426372,3.4712099743049105,0.0,0.0,0.0,0.0,0.0,0.0,0.0,7.570940771446309e-05,0.0,0.0,0.0,0.0,0.0007391515457398809,0.2568908766818736,0.0,0.0,0.0,0.0,0.0,0.0,6.770579505714087e-05,0.0,0.0,0.0,0.0,5.8184836074190726e-05,0.08949615725048303
2026-07-02 07:07:42.058000088,0.0,0.0,0.0,0.0,0.0,0.0,497.27872178888526,0.0,0.0,0.0,0.0,203.5405700162409,585022.0050655833,0.013603542219597715,0.026764834364413913,0.00854812284364,0.007441440604317894,0.006850497534083786,0.00673883201226707,0.0032738937243963003,0.0032772634402732505,0.029452930845915375,0.00724503519250101,0.06436309837916467,330696.61027581117,209190.55515138045,212777.68040179095,218326.571948418,209820.31464932658,210926.8138095124,80350.52817681652,51602.09734821773,776997.1186695481,107738.90163599608,1477123.6314698826,238553.90918195405,169975.32699116043,198232.37203645555,191491.11821661476,171452.86280962388,185975.54549787406,37974.04875034798,37696.275685202185,550772.0027206582,45022.01663419957,1140079.8394296719,28.351600336571426,76.45333745418304,0.0,0.0,0.0,0.0,81.06958010470169,18.992306716311273,16569.280942426372,3.6293443477790865,0.0,0.0,0.0,0.0,0.0,0.0,0.0,7.589027212626059e-05,0.0,0.0,0.0,0.0,0.0007393125591327382,0.2572666270802069,0.0,0.0,0.0,0.0,0.0,0.0,6.80557095220018e-05,0.0,0.0,0.0,0.0,5.8184836074190726e-05,0.08949626672213934
2026-07-02 07:07:57.058000088,0.0,0.0,0.0,0.0,0.0,0.0,495.4033377366484,0.0,0.0,0.0,0.0,202.58351080936666,586599.7295957586,0.013603542219597715,0.026764834364413913,0.00854812284364,0.007441440604317894,0.006656372816136235,0.0066953503738809185,0.0032738937243963003,0.0032772634402732505,0.029452930845915375,0.00724503519250101,0.06484923070431295,330696.61027581117,209190.55515138045,212777.68040179095,218326.571948418,203874.569950009,204471.80058732152,80350.52817681652,51602.09734821773,776997.1186695481,107738.90163599608,1491112.1470545542,238553.90918195405,169975.32699116043,198232.37203645555,191491.11821661476,166594.34874278103,181345.5622956674,37974.04875034798,37696.275685202185,550772.0027206582,45022.01663419957,1150704.1166029617,28.351600336571426,76.45333745418304,0.0,0.0,0.0,0.0,81.06958010470169,18.992306716311273,16569.280942426372,3.6293443477790865,0.0,0.0,0.0,0.0,0.0,0.0,0.0,7.607113653805808e-05,0.0,0.0,0.0,0.0,0.0007394735725255952,0.25764237747854024,0.0,0.0,0.0,0.0,0.0,0.0,6.723269340887037e-05,0.0,0.0,0.0,0.0,5.800878132677986e-05,0.08985692917792833
2026-07-02 07:08:12.058000088,0.0,0.0,0.0,0.0,0.0,0.0,498.03525318970645,0.0,0.0,0.0,0.0,202.58351080936666,586600.1666742794,0.014057622503714569,0.026996958921612035,0.008702736479793872,0.007597334722421952,0.006847832064735884,0.006873087932150962,0.0032738937243963003,0.003318133875572714,0.029452930845915375,0.007249540824214522,0.06515371625793838,346384.84474054223,215976.98826090337,219208.52706061772,226165.85214113272,220672.22096353277,209899.7941264265,80350.52817681652,46120.71282859202,776997.1186695481,104440.50641609263,1498349.0062768671,249616.389173119,174610.15585653493,204208.88417037428,199134.9986466813,180462.62035684419,186159.63708573053,37974.04875034798,39184.835410919426,550772.0027206582,43642.21050280865,1155686.605628877,29.705671981136607,126.33471804873433,0.0,0.0,0.0,0.0,81.06958010470169,19.74499264865386,16569.280942426372,3.5181145105045264,0.0,0.0,0.0,0.0,0.0,0.0,0.0,7.553075008678324e-05,0.0,0.0,0.0,0.0,0.0007395787898403682,0.25817344034980483,0.0,0.0,0.0,0.0,0.0,0.0,6.723799814609149e-05,0.0,0.0,0.0,0.0,5.800878132677986e-05,0.08985703798364324
2026-07-02 07:08:27.058000088,0.0,0.0,0.0,0.0,0.0,0.0,505.77678373536287,0.0,0.0,0.0,0.0,201.69035056731198,588222.659970398,0.014188047912432191,0.026996958921612035,0.008702736479793872,0.007597334722421952,0.0070356452131387715,0.006873087932150962,0.0032738937243963003,0.003318133875572714,0.029636365582575243,0.007249540824214522,0.06537184122116203,339856.3686967129,215976.98826090337,219208.52706061772,226165.85214113272,226724.52250837468,209899.7941264265,80350.52817681652,46120.71282859202,726097.5503140485,104440.50641609263,1500817.591801113,248688.75815420548,174610.15585653493,204208.88417037428,199134.9986466813,185412.10693563943,186159.63708573053,37974.04875034798,39184.835410919426,516666.9365847716,43642.21050280865,1156459.7775905607,28.468749144777686,126.33471804873433,0.0,0.0,0.0,0.0,81.06958010470169,19.74499264865386,17227.673532857752,3.5181145105045264,0.0,0.0,0.0,0.0,0.0,0.0,0.0,7.57097851994789e-05,0.0,0.0,0.0,0.0,0.0007397397208068375,0.2585494157279244,0.0,0.0,0.0,0.0,0.0,0.0,6.925726240505262e-05,0.0,0.0,0.0,0.0,5.797987375551094e-05,0.09023268899335443
2026-07-02 07:08:42.058000088,0.0,0.0,0.0,0.0,0.0,0.0,508.4698885849926,0.0,0.0,0.0,0.0,201.69035056731198,588223.1009809617,0.014188047912432191,0.028016492668926533,0.008708082732494928,0.007597334722421952,0.0070356452131387715,0.006873087932150962,0.0032738937243963003,0.003318133875572714,0.028876162181137748,0.007249540824214522,0.06570661687222512,339856.3686967129,224719.85115859503,213142.79253200578,226165.85214113272,226724.52250837468,209899.7941264265,80350.52817681652,46120.71282859202,707472.3978476911,104440.50641609263,1502269.2612491448,248688.75815420548,181600.9471725771,198035.33363428392,199134.9986466813,185412.10693563943,186159.63708573053,37974.04875034798,39184.835410919426,503413.8957722044,43642.21050280865,1158749.214028461,28.468749144777686,131.70209167277443,0.0,0.0,0.0,0.0,81.06958010470169,19.74499264865386,16785.765904810632,3.5181145105045264,0.0,0.0,0.0,0.0,0.0,0.0,0.0,7.588882031217455e-05,0.0,0.0,0.0,0.0,0.000739900651773307,0.258925391106044,0.0,0.0,0.0,0.0,0.0,0.0,6.925915643024645e-05,0.0,0.0,0.0,0.0,5.797987375551094e-05,0.09023279810734111
2026-07-02 07:08:57.058000088,0.0,0.0,0.0,0.0,0.0,0.0,506.39251183573157,0.0,0.0,0.0,0.0,200.31384399809232,589827.46757928,0.014188047912432191,0.028016492668926533,0.008708082732494928,0.007597334722421952,0.0070356452131387715,0.006873087932150962,0.003308791212234194,0.003318133875572714,0.02971813495396394,0.007249540824214522,0.06587552954501129,339856.3686967129,224719.85115859503,213142.79253200578,226165.85214113272,226724.52250837468,209899.7941264265,83456.43289289171,46120.71282859202,693368.2350193362,104440.50641609263,1492496.7470271064,248688.75815420548,181600.9471725771,198035.33363428392,199134.9986466813,185412.10693563943,186159.63708573053,39376.06576322499,39184.835410919426,493759.92252672854,43642.21050280865,1157338.510059981,28.468749144777686,131.70209167277443,0.0,0.0,0.0,0.0,84.33276027136371,19.74499264865386,16424.442851293075,3.5181145105045264,0.0,0.0,0.0,0.0,0.0,0.0,0.0,7.60678554248702e-05,0.0,0.0,0.0,0.0,0.0007400615827397764,0.25930136648416363,0.0,0.0,0.0,0.0,0.0,0.0,6.963497275838635e-05,0.0,0.0,0.0,0.0,5.790459863044035e-05,0.0905909443897837
2026-07-02 07:09:12.058000088,0.0,0.0,0.0,0.0,0.0,0.0,509.05589109267765,0.0,0.0,0.0,0.0,200.31384399809232,589827.9143828067,0.014188047912432191,0.02806813203630493,0.008708082732494928,0.007597334722421952,0.007044594361221729,0.006873087932150962,0.0033003894757270315,0.0033539380932336538,0.02971813495396394,0.007249540824214522,0.06614680930301838,339856.3686967129,222386.93350478093,213142.79253200578,226165.85214113272,222090.8106962039,209899.7941264265,87768.53272983541,51842.1730635185,693368.2350193362,104440.50641609263,1501934.6537914786,248688.75815420548,180560.141170677,198035.33363428392,199134.9986466813,181550.53578481745,186159.63708573053,44048.912031043954,43958.65203254649,493759.92252672854,43642.21050280865,1164542.7489304054,28.468749144777686,127.81965172427945,0.0,0.0,0.0,0.0,81.4376413097553,69.38192326488023,16424.442851293075,3.5181145105045264,0.0,0.0,0.0,0.0,0.0,0.0,0.0,7.720422961664273e-05,0.0,0.0,0.0,0.0,0.0007402207832369935,0.25983751323600174,0.0,0.0,0.0,0.0,0.0,0.0,6.985770347825986e-05,0.0,0.0,0.0,0.0,5.790459863044035e-05,0.09059105320970275
2026-07-02 07:09:27.058000088,0.0,0.0,0.0,0.0,0.0,0.0,506.7883149963585,0.0,0.0,0.0,0.0,199.37214211974202,591546.9612878967,0.014188047912432191,0.02806813203630493,0.008923041043329206,0.007597334722421952,0.007044594361221729,0.006684791592545151,0.0033003894757270315,0.0033539380932336538,0.02971813495396394,0.007373676686388423,0.06659388448370264,339856.3686967129,222386.93350478093,222198.119273963,226165.85214113272,222090.8106962039,204149.34202859478,87768.53272983541,51842.1730635185,693368.2350193362,108304.60963612357,1520683.0996269628,248688.75815420548,180560.141170677,206449.22310033953,199134.9986466813,181550.53578481745,181059.57455319443,44048.912031043954,43958.65203254649,493759.92252672854,45257.652851044695,1180868.6169557471,28.468749144777686,127.81965172427945,0.0,0.0,0.0,0.0,81.4376413097553,69.38192326488023,16424.442851293075,3.648339609112833,0.0,0.0,0.0,0.0,0.0,0.0,0.0,7.738557472201571e-05,0.0,0.0,0.0,0.0,0.0007403817116683661,0.2602137213806067,0.0,0.0,0.0,0.0,0.0,0.0,6.950445583533499e-05,0.0,0.0,0.0,0.0,5.7883265211891905e-05,0.09096726584016716
2026-07-02 07:09:42.058000088,0.0,0.0,0.0,0.0,0.0,0.0,510.00091680230554,0.0,0.0,0.0,0.0,199.37214211974202,591547.407828218,0.014188047912432191,0.02806813203630493,0.008923041043329206,0.007601302156929792,0.007044594361221729,0.006903151348772587,0.0033003894757270315,0.00338624850162618,0.02971813495396394,0.007373676686388423,0.06702226152927225,339856.3686967129,222386.93350478093,222198.119273963,226198.5756306716,222090.8106962039,201073.52756551362,87768.53272983541,46284.60640668256,693368.2350193362,108304.60963612357,1530377.41528026,248688.75815420548,180560.141170677,206449.22310033953,199597.17624840495,181550.53578481745,180980.7447333841,44048.912031043954,39268.19554140072,493759.92252672854,45257.652851044695,1186542.3483884165,28.468749144777686,127.81965172427945,0.0,0.0,0.0,0.0,81.4376413097553,71.26132152698065,16424.442851293075,3.648339609112833,0.0,0.0,0.0,0.0,0.0,0.0,0.0,7.756691982738868e-05,0.0,0.0,0.0,0.0,0.0007405426400997386,0.26058992952521165,0.0,0.0,0.0,0.0,0.0,0.0,6.972498504600186e-05,0.0,0.0,0.0,0.0,5.7883265211891905e-05,0.09096737462715818
2026-07-02 07:09:57.058000088,0.0,0.0,0.0,0.0,0.0,0.0,519.5360658233329,0.0,0.0,0.0,0.0,198.64273694597674,593127.2581334673,0.013950182204861113,0.02806813203630493,0.008971386081597832,0.007781174244811361,0.007044594361221729,0.007014450188508155,0.0033003894757270315,0.00338624850162618,0.029789861676050484,0.007386748039769742,0.06729863078546464,323612.44444444444,222386.93350478093,218259.65809376878,231551.18617483127,222090.8106962039,207666.7837954301,87768.53272983541,46284.60640668256,724451.4129313693,114218.00898693125,1540304.031470654,238392.8888888889,180560.141170677,203302.92474520465,204320.3092177128,181550.53578481745,186914.97618741987,44048.912031043954,39268.19554140072,515784.32894131716,43213.199996428026,1193770.87918291,28.444444444444446,127.81965172427945,0.0,0.0,0.0,0.0,81.4376413097553,71.7102856212526,17174.644478874117,3.4835308340530453,0.0,0.0,0.0,0.0,0.0,0.0,0.0,7.774826493276166e-05,0.0,0.0,0.0,0.0,0.0007407035685311111,0.26096613766981663,0.0,0.0,0.0,0.0,0.0,0.0,7.049705735245333e-05,0.0,0.0,0.0,0.0,5.790339844088728e-05,0.09131776374970978
2026-07-02 07:10:12.058000088,0.0,0.0,0.0,0.0,0.0,0.0,519.6086806548864,0.0,0.0,0.0,0.0,198.64273694597674,593127.7218790794,0.014732786074292063,0.028773385040163947,0.008971386081597832,0.007781174244811361,0.007026405793641645,0.007014450188508155,0.0033003894757270315,0.0033982903012261655,0.029901592649047484,0.007386748039769742,0.06765480257820426,347834.48424950446,228507.7461401093,218259.65809376878,231551.18617483127,227690.7636990914,207666.7837954301,87768.53272983541,44908.67018424364,697854.9752008547,114218.00898693125,1555013.0256132924,256999.3358414182,185519.71515115572,203302.92474520465,204320.3092177128,186125.48535859576,186914.97618741987,44048.912031043954,38109.019959090954,496908.92446741497,43213.199996428026,1198338.6201506704,28.56340905960764,131.35731528646332,0.0,0.0,0.0,0.0,81.4376413097553,69.61505221553811,16539.44364778549,3.4835308340530453,0.0,0.0,0.0,0.0,0.0,0.0,0.0,7.885391474957594e-05,0.0,0.0,0.0,0.0,0.0007409225086270955,0.26150619366880395,0.0,0.0,0.0,0.0,0.0,0.0,7.072263380156263e-05,0.0,0.0,0.0,0.0,5.790339844088728e-05,0.0913178737320883
2026-07-02 07:10:27.058000088,0.0,0.0,0.0,0.0,0.0,0.0,520.295849134247,0.0,0.0,0.0,0.0,197.11436801620707,594806.1263495426,0.014732786074292063,0.028773385040163947,0.008971386081597832,0.007781174244811361,0.007208727611064266,0.007014450188508155,0.0032129266127989245,0.0033982903012261655,0.029901592649047484,0.007386748039769742,0.0679734597930712,347834.48424950446,228507.7461401093,218259.65809376878,231551.18617483127,227957.771471745,207666.7837954301,82384.4486167132,44908.67018424364,697854.9752008547,114218.00898693125,1573844.1433367666,257629.45322619734,185519.71515115572,203302.92474520465,204320.3092177128,186802.58071907578,186914.97618741987,38653.67161114917,38109.019959090954,496908.92446741497,43213.199996428026,1212525.115091268,28.56340905960764,131.35731528646332,0.0,0.0,0.0,0.0,83.23123597401403,69.61505221553811,16539.44364778549,3.4835308340530453,0.0,0.0,0.0,0.0,0.0,0.0,0.0,7.903747098809164e-05,0.0,0.0,0.0,0.0,0.0007410835217849902,0.26188263836588405,0.0,0.0,0.0,0.0,0.0,0.0,7.042078758081523e-05,0.0,0.0,0.0,0.0,5.776349901228033e-05,0.09168499177753175
2026-07-02 07:10:42.058000088,0.0,0.0,0.0,0.0,0.0,0.0,520.3978110094646,0.0,0.0,0.0,0.0,197.11436801620707,594806.5936661834,0.014732786074292063,0.028773385040163947,0.008971386081597832,0.0077996600820281125,0.007208727611064266,0.007014450188508155,0.0031517687066666667,0.0033982903012261655,0.029901592649047484,0.007489737902167379,0.06834365563764272,347834.48424950446,228507.7461401093,218259.65809376878,243844.26193359727,227957.771471745,207666.7837954301,80816.26453333335,44908.67018424364,697854.9752008547,107234.20369877743,1603638.5022276808,257629.45322619734,185519.71515115572,203302.92474520465,215353.7894747555,186802.58071907578,186914.97618741987,37917.90080000001,38109.019959090954,496908.92446741497,44831.50097342053,1230720.1784725434,28.56340905960764,131.35731528646332,0.0,0.0,0.0,0.0,81.64693333333335,69.61505221553811,16539.44364778549,3.613986374318463,27.396251702161624,0.0,0.0,0.0,0.0,0.0,0.0,7.922102722660733e-05,0.0,0.0,0.0,0.0,0.000741244534942885,0.26225908306296414,0.0,0.0,0.0,0.0,0.0,0.0,7.064438530916538e-05,0.0,0.0,0.0,0.0,5.776349901228033e-05,0.09168510129716494
2026-07-02 07:10:57.058000088,0.0,0.0,0.0,0.0,0.0,0.0,520.5508002253187,0.0,0.0,0.0,0.0,197.056962733205,596507.9168115794,0.014732786074292063,0.02886184431712491,0.008938446203788458,0.0077996600820281125,0.007208727611064266,0.007014450188508155,0.0033215575244009716,0.0033982903012261655,0.029901592649047484,0.007489737902167379,0.06857390042582351,347834.48424950446,234149.5411085133,222720.73737862165,243844.26193359727,227957.771471745,207666.7837954301,88272.91535548751,44908.67018424364,697854.9752008547,107234.20369877743,1614881.1468383302,257629.45322619734,189917.43770868474,207443.31455448066,215353.7894747555,186802.58071907578,186914.97618741987,38032.6783522433,38109.019959090954,496908.92446741497,44831.50097342053,1238774.2326099642,28.56340905960764,151.21499161590128,0.0,0.0,0.0,0.0,81.89407874377156,69.61505221553811,16539.44364778549,3.613986374318463,27.568773917134585,0.0,0.0,0.0,0.0,0.0,0.0,7.9404583465123e-05,0.0,0.0,0.0,0.0,0.0007414055481007797,0.26263552776004423,0.0,0.0,0.0,0.0,0.0,0.0,7.140095845529103e-05,0.0,0.0,0.0,0.0,5.7756066486017444e-05,0.09205061763213879
2026-07-02 07:11:12.058000088,0.0,0.0,0.0,0.0,0.0,0.0,523.2886230240769,0.0,0.0,0.0,0.0,197.056962733205,596508.3840340453,0.014732786074292063,0.02886184431712491,0.009193626098667645,0.0077996600820281125,0.007208727611064266,0.006963966961767466,0.0033215575244009716,0.003416625789348716,0.029901592649047484,0.007489930749660109,0.06891428346454581,347834.48424950446,234149.5411085133,229079.0968804782,243844.26193359727,227957.771471745,212744.93268686015,88272.91535548751,46891.69882161275,697854.9752008547,103729.19139943893,1622977.0575792836,257629.45322619734,189917.43770868474,213365.52541691964,215353.7894747555,186802.58071907578,182544.2675793898,38032.6783522433,39785.18509955065,496908.92446741497,43365.42655017407,1238953.1070237504,28.56340905960764,151.21499161590128,0.0,0.0,0.0,0.0,81.89407874377156,71.80441710989952,16539.44364778549,3.4958022208927098,27.76211403916847,0.0,0.0,0.0,0.0,0.0,0.0,7.888564220691764e-05,0.0,0.0,0.0,0.0,0.0007415275913182171,0.2631722160629301,0.0,0.0,0.0,0.0,0.0,0.0,7.187577465724659e-05,0.0,0.0,0.0,0.0,5.7756066486017444e-05,0.09205072830363231
2026-07-02 07:11:27.058000088,0.0,0.0,0.0,0.0,0.0,0.0,518.1812655007434,0.0,0.0,0.0,0.0,198.54000303884663,596643.528970456,0.014743024465547393,0.03009771275863237,0.009193626098667645,0.00769652273351022,0.007208727611064266,0.007189548272116793,0.0033215575244009716,0.003416625789348716,0.030043661640876327,0.007489930749660109,0.06909699538225904,339014.17968112126,234328.85221277602,229079.0968804782,249142.9718993842,227957.771471745,209858.2344359621,88272.91535548751,46891.69882161275,642091.0759709555,103729.19139943893,1629841.2664113052,251961.44904455915,191020.1212652379,213365.52541691964,220024.00198689976,186802.58071907578,194413.51482312026,38032.6783522433,39785.18509955065,459391.7953954159,43365.42655017407,1249235.127815127,27.581609342462105,158.587230500306,0.0,0.0,0.0,0.0,81.89407874377156,72.25972936784815,17143.638321446964,3.4958022208927098,27.94289973308805,0.0,0.0,0.0,0.0,0.0,0.0,7.906746455688192e-05,0.0,0.0,0.0,0.0,0.0007416885477135658,0.26354888914532837,0.0,0.0,0.0,0.0,0.0,0.0,7.100695146880467e-05,0.0,0.0,0.0,0.0,5.77637585659225e-05,0.09240669681724654
2026-07-02 07:11:42.058000088,0.0,0.0,0.0,0.0,0.0,0.0,521.4629447345259,0.0,0.0,0.0,0.0,198.54000303884663,596643.9960031911,0.014743024465547393,0.03009771275863237,0.008948218262195832,0.007746062942427079,0.007208727611064266,0.007189548272116793,0.0033215575244009716,0.0034234455832781205,0.030043661640876327,0.007489930749660109,0.06945130555584773,339014.17968112126,234328.85221277602,222964.22936868086,250746.63050021225,227957.771471745,209858.2344359621,88272.91535548751,52269.41184370865,642091.0759709555,103729.19139943893,1635292.072739977,251961.44904455915,191020.1212652379,207670.10432753837,221440.23051016472,186802.58071907578,194413.51482312026,38032.6783522433,38802.17642079635,459391.7953954159,43365.42655017407,1243255.8097026937,27.581609342462105,158.587230500306,0.0,0.0,0.0,0.0,81.89407874377156,153.68855155497633,17143.638321446964,3.4958022208927098,28.123685427007633,0.0,0.0,0.0,0.0,0.0,0.0,7.92492869068462e-05,0.0,0.0,0.0,0.0,0.0007418495041089147,0.26392556222772673,0.0,0.0,0.0,0.0,0.0,0.0,7.101190756263411e-05,0.0,0.0,0.0,0.0,5.77637585659225e-05,0.09240680610559235
2026-07-02 07:11:57.058000088,0.0,0.0,0.0,0.0,0.0,0.0,516.8897898510077,0.0,0.0,0.0,0.0,198.47627102977685,595683.6396678056,0.015189292758014717,0.03009771275863237,0.009249208193299429,0.007926433426697181,0.007125352210807365,0.007189548272116793,0.0033234636130104406,0.0034234455832781205,0.029278115343147452,0.007489930749660109,0.06956213324582736,354206.37654095335,234328.85221277602,239139.89184119026,256585.37613248677,230895.99655569013,209858.2344359621,92670.94442270158,52269.41184370865,625729.8730027551,103729.19139943893,1634691.6905803022,262734.1428419636,191020.1212652379,219023.88000688085,226596.56372238704,189207.56692514726,194413.51482312026,37531.63727716968,38802.17642079635,447685.975632971,43365.42655017407,1250214.2925989085,28.863999718125,158.587230500306,0.0,0.0,0.0,0.0,79.63354772831205,154.66307343659398,16706.799130423384,3.4958022208927098,27.47614808365778,0.0,0.0,0.0,0.0,0.0,0.0,7.943110925681049e-05,0.0,0.0,0.0,0.0,0.0007420104605042636,0.2643022353101249,0.0,0.0,0.0,0.0,0.0,0.0,6.940407033574348e-05,0.0,0.0,0.0,0.0,5.769924125522317e-05,0.09276705327934912
2026-07-02 07:12:12.058000088,0.0,0.0,0.0,0.0,0.0,0.0,516.8897898510077,0.0,0.0,0.0,0.0,198.47627102977685,595684.1161591519,0.015189292758014717,0.03009771275863237,0.009249208193299429,0.007926433426697181,0.007079803946825281,0.007189548272116793,0.0033234636130104406,0.0034234455832781205,0.030254298723743973,0.007572875004608043,0.06952364706178717,354206.37654095335,234328.85221277602,239139.89184119026,256585.37613248677,229420.01172120386,209858.2344359621,92670.94442270158,52269.41184370865,610624.5895692493,107913.22936408143,1632926.201027597,263106.18143060367,191020.1212652379,219023.88000688085,226596.56372238704,187998.07215902986,194413.51482312026,37531.63727716968,38802.17642079635,437176.4209888265,45086.03734667437,1246341.378996712,28.863999718125,158.587230500306,0.0,0.0,0.0,0.0,79.63354772831205,155.63759531821165,16275.069556821563,3.6384648627425547,27.651643130935614,0.0,0.0,0.0,0.0,0.0,0.0,7.896840992473023e-05,0.0,0.0,0.0,0.0,0.0007421842629374437,0.2648260664640745,0.0,0.0,0.0,0.0,0.0,0.0,6.940809512930768e-05,0.0,0.0,0.0,0.0,5.769924125522317e-05,0.09276716255277578
2026-07-02 07:12:27.058000088,0.0,0.0,0.0,0.0,0.0,0.0,504.08395941181675,0.0,0.0,0.0,0.0,198.90221342642363,594679.6774031234,0.015189292758014717,0.03009771275863237,0.009249208193299429,0.0077256127441862,0.007297414084694716,0.007189548272116793,0.0032358611737379867,0.0034234455832781205,0.030254298723743973,0.007572875004608043,0.06985965194514686,354206.37654095335,234328.85221277602,239139.89184119026,250084.64022979044,242491.37558445643,209858.2344359621,94662.01680517121,52269.41184370865,610624.5895692493,107913.22936408143,1652679.7985201115,263106.18143060367,191020.1212652379,219023.88000688085,220855.61137576096,198359.733024926,194413.51482312026,38305.7206054345,38802.17642079635,437176.4209888265,45086.03734667437,1255694.2912249193,28.863999718125,158.587230500306,0.0,0.0,0.0,0.0,81.38859805311719,155.92350105882588,16275.069556821563,3.6384648627425547,27.827138178213453,0.0,0.0,0.0,0.0,0.0,0.0,7.91486948535684e-05,0.0,0.0,0.0,0.0,0.0007423452378892743,0.26520294839999925,0.0,0.0,0.0,0.0,0.0,0.0,6.973032588425011e-05,0.0,0.0,0.0,0.0,5.762716082298342e-05,0.09311937417428309
2026-07-02 07:12:42.058000088,0.0,0.0,0.0,0.0,0.0,0.0,507.3281953826708,0.0,0.0,0.0,0.0,198.90221342642363,594680.1549592756,0.015189292758014717,0.03011927180064699,0.009249208193299429,0.007949760483235951,0.007297414084694716,0.007189548272116793,0.003320490963265298,0.0034234455832781205,0.030254298723743973,0.007572875004608043,0.06992053259645511,354206.37654095335,237517.80588779552,239139.89184119026,263164.1987702613,242491.37558445643,209858.2344359621,97137.78017334998,52269.41184370865,610624.5895692493,107913.22936408143,1649892.0940935963,263106.18143060367,192868.35191701163,219023.88000688085,215819.43683315755,198359.733024926,194413.51482312026,39307.55748856168,38802.17642079635,437176.4209888265,45086.03734667437,1257706.9740856038,28.863999718125,152.14528361777278,0.0,0.0,0.0,0.0,83.51721221588164,155.92350105882588,16275.069556821563,3.6384648627425547,28.00263322549128,0.0,0.0,0.0,0.0,0.0,0.0,7.932897978240656e-05,0.0,0.0,0.0,0.0,0.0007425062128411046,0.26557983033592375,0.0,0.0,0.0,0.0,0.0,0.0,6.996072166801043e-05,0.0,0.0,0.0,0.0,5.762716082298342e-05,0.09311948525881115
2026-07-02 07:12:57.058000088,0.0,0.0,0.0,0.0,0.0,0.0,503.1967416941182,0.0,0.0,0.0,0.0,198.6163933457561,593316.7001123874,0.01515988799019723,0.03011927180064699,0.00937232653695807,0.007949760483235951,0.007297414084694716,0.007064675349050679,0.003320490963265298,0.0034256064468947516,0.03033096805793221,0.007601622948429772,0.07024142754422343,364226.0002563096,237517.80588779552,240014.10092395166,263164.1987702613,242491.37558445643,211019.15791047274,97137.78017334998,52414.38802209142,634211.3150594663,113734.38162172791,1663959.5103779135,271682.8029529238,192868.35191701163,219141.09452736317,215819.43683315755,198359.733024926,195479.5896063043,39307.55748856168,38889.966749503044,452739.1031704699,43019.47741535206,1255649.5170412157,27.90282208672543,152.14528361777278,0.0,0.0,0.0,0.0,83.51721221588164,153.63548350350788,50.78987178533344,3.4716924839891914,27.44443948106864,0.0,0.0,0.0,0.0,0.0,0.0,7.950926471124472e-05,0.0,0.0,0.0,0.0,0.0007426671877929351,0.26595671227184847,0.0,0.0,0.0,0.0,0.0,0.0,6.959787608149124e-05,0.0,0.0,0.0,0.0,5.747475200166921e-05,0.09345063449576234
2026-07-02 07:13:12.058000088,0.0,0.0,0.0,0.0,0.0,0.0,503.2907861985425,0.0,0.0,0.0,0.0,198.6163933457561,593317.1980531475,0.01515988799019723,0.029808077080238457,0.009397838906284203,0.007949760483235951,0.007297414084694716,0.007273190002013382,0.003320490963265298,0.003425606446894751,0.03033096805793221,0.007601622948429772,0.07021324630147197,364226.0002563096,235465.12567126597,251545.54400262862,263164.1987702613,242491.37558445643,206965.4892352212,97137.78017334998,52414.388022091414,634211.3150594663,113734.38162172791,1658446.7158710978,271682.8029529238,189824.37852785698,226654.89887464273,215819.43683315755,198359.733024926,191979.6887103764,39307.55748856168,38889.966749503044,452739.1031704699,43019.47741535206,1251667.558149576,27.90282208672543,155.74026711466092,0.0,0.0,0.0,0.0,83.51721221588164,154.61388893111584,50.78987178533344,3.4716924839891914,27.62228734819683,0.0,0.0,0.0,0.0,0.0,0.0,7.902609303796236e-05,0.0,0.0,0.0,0.0,0.0007427398226359514,0.26646430797015,0.0,0.0,0.0,0.0,0.0,0.0,6.982599649282698e-05,0.0,0.0,0.0,0.0,5.747475200166921e-05,0.09345074288486982
2026-07-02 07:13:27.058000088,0.0,0.0,0.0,0.0,0.0,0.0,516.5012533147736,0.0,0.0,0.0,0.0,199.45494840918292,593198.8078638634,0.01515988799019723,0.03065859363473308,0.009397838906284203,0.007967115170325141,0.007327000245165504,0.007273190002013382,0.0033163291718100382,0.003425606446894751,0.03033096805793221,0.007601622948429772,0.07021832795209441,364226.0002563096,242183.67336055444,251545.54400262862,263438.30429375847,246943.86595022873,206965.4892352212,100473.95336742653,52414.388022091414,634211.3150594663,113734.38162172791,1654017.3649062652,271682.8029529238,195240.6546583166,226654.89887464273,214737.88930961728,201218.42122265894,191979.6887103764,37864.21156860492,38889.966749503044,452739.1031704699,43019.47741535206,1248172.2263258393,27.90282208672543,160.18401821695022,0.0,0.0,0.0,0.0,80.45051880627375,155.59229435872376,50.78987178533344,3.4716924839891914,27.80013521532502,0.0,0.0,0.0,0.0,0.0,0.0,7.920479451127088e-05,0.0,0.0,0.0,0.0,0.0007429006708160281,0.266841374209003,0.0,0.0,0.0,0.0,0.0,0.0,7.104994568500691e-05,0.0,0.0,0.0,0.0,5.744274390677528e-05,0.09380893382939942
2026-07-02 07:13:42.058000088,0.0,0.0,0.0,0.0,0.0,0.0,516.5012533147736,0.0,0.0,0.0,0.0,199.45494840918292,593199.2919717308,0.01488119891665422,0.03065859363473308,0.009397838906284203,0.007967115170325141,0.007330418253386022,0.007273190002013382,0.0033163291718100382,0.003425606446894751,0.03033096805793221,0.007631359387343106,0.07025133554218592,364511.64697022457,242183.67336055444,251545.54400262862,263438.30429375847,238464.61533994292,206965.4892352212,100473.95336742653,52414.388022091414,634211.3150594663,115959.25919424208,1652125.3402362205,269716.71758328826,195240.6546583166,226654.89887464273,214737.88930961728,194892.1195951549,191979.6887103764,37864.21156860492,38889.966749503044,452739.1031704699,42734.22627929431,1254694.3036853014,28.582283429586,160.18401821695022,0.0,0.0,0.0,0.0,80.45051880627375,156.54486841726688,50.78987178533344,3.5951900289651544,27.97798308245321,0.0,0.0,0.0,0.0,0.0,0.0,7.938349598457941e-05,0.0,0.0,0.0,0.0,0.0007430615189961047,0.267218440447856,0.0,0.0,0.0,0.0,0.0,0.0,7.128143295722062e-05,0.0,0.0,0.0,0.0,5.744274390677528e-05,0.09380904271695542
2026-07-02 07:13:57.058000088,0.0,0.0,0.0,0.0,0.0,0.0,502.2783579269913,0.0,0.0,0.0,0.0,198.92981500943313,593178.839408942,0.015277862125104884,0.03065859363473308,0.009397838906284203,0.007967115170325141,0.007330418253386022,0.007124005342068098,0.0033163291718100382,0.003425606446894751,0.030396172829802292,0.007631359387343106,0.07031390350790649,374227.82375239435,242183.67336055444,251545.54400262862,263438.30429375847,238464.61533994292,205727.39767614228,100473.95336742653,52414.388022091414,697759.8201937845,115959.25919424208,1659707.0530083685,276906.104619143,195240.6546583166,226654.89887464273,214737.88930961728,194892.1195951549,190431.05039945626,37864.21156860492,38889.966749503044,498099.3004467539,42734.22627929431,1256803.984052336,29.34415351233434,160.18401821695022,0.0,0.0,0.0,0.0,80.45051880627375,156.54486841726688,48.727824289559386,3.5951900289651544,28.1558309495814,0.0,0.0,0.0,0.0,0.0,0.0,7.956219745788794e-05,0.0,0.0,0.0,0.0,0.0007432223671761814,0.267595506686709,0.0,0.0,0.0,0.0,0.0,0.0,7.098364751625616e-05,0.0,0.0,0.0,0.0,5.728403234072274e-05,0.0941728882159848
2026-07-02 07:14:12.058000088,0.0,0.0,0.0,0.0,0.0,0.0,502.31434468262904,0.0,0.0,0.0,0.0,198.92981500943313,593178.839408942,0.015356991174373301,0.029934773718433998,0.009397838906284203,0.007967115170325141,0.007330418253386022,0.007315782185636846,0.003223443409367782,0.0034270219485089404,0.030396172829802292,0.007631359387343106,0.06998990299131941,381309.8442597256,236465.9497014285,251545.54400262862,263438.30429375847,238464.61533994292,222378.3883521638,102461.70260575118,53959.49403139063,697759.8201937845,115959.25919424208,1658125.1728690555,282518.82421432284,190631.21053323252,226654.89887464273,214737.88930961728,194892.1195951549,203657.9125979153,38619.411590952885,40031.717012780995,498099.3004467539,42734.22627929431,1257187.789470552,28.219958593273645,156.40222756994248,0.0,0.0,0.0,27.34913901215157,53.529031035325566,158.6744699598643,48.727824289559386,3.5951900289651544,27.3996417594928,0.0,0.0,0.0,0.0,0.0,0.0,7.905776706663861e-05,0.0,0.0,0.0,0.0,0.0007433194063561905,0.26814025079542503,0.0,0.0,0.0,0.0,0.0,0.0,7.121471202438074e-05,0.0,0.0,0.0,0.0,5.728403234072274e-05,0.09417299748196614
2026-07-02 07:14:27.058000088,0.0,0.0,0.0,0.0,0.0,0.0,517.9401508878748,0.0,0.0,0.0,0.0,199.29152339352962,593531.8832621665,0.015356991174373301,0.030787337136025834,0.009346466697729448,0.007773870989989157,0.007330418253386022,0.007315782185636846,0.0032442251747931633,0.0034270219485089404,0.030396172829802292,0.007649117317279184,0.07050128961694033,381309.8442597256,236387.0243640722,242866.43809482767,262720.0963926086,238464.61533994292,222378.3883521638,103122.28037871586,53959.49403139063,697759.8201937845,122870.14745105294,1666838.155787134,282518.82421432284,191219.79191333367,219444.1341158283,213973.41329433167,194892.1195951549,203657.9125979153,38868.393642325966,40031.717012780995,498099.3004467539,41309.46139660418,1262842.206334066,28.219958593273645,168.9113095736617,0.0,0.0,0.0,27.52655064742686,53.874136447504114,159.68205559734662,48.727824289559386,3.4753259072564826,27.582367698508854,0.0,0.0,0.0,0.0,0.0,0.0,7.923486004851528e-05,0.0,0.0,0.0,0.0,0.0007434801634990476,0.2685175522413348,0.0,0.0,0.0,0.0,0.0,0.0,7.205654474732845e-05,0.0,0.0,0.0,0.0,5.7231731022993205e-05,0.09454583460888281
2026-07-02 07:14:42.058000088,0.0,0.0,0.0,0.0,0.0,0.0,517.9646892828246,0.0,0.0,0.0,0.0,199.29152339352962,593531.8832621665,0.015356991174373301,0.030787337136025834,0.009346466697729448,0.00801889662605895,0.007380600947645238,0.007315782185636846,0.003332033396629986,0.003450010731461505,0.03040541614196513,0.007649117317279184,0.0702823819087957,381309.8442597256,236387.0243640722,242866.43809482767,275154.2887330094,237896.81968610056,222378.3883521638,102277.41848798544,58857.69403373157,715104.4218971315,122870.14745105294,1651713.1343734025,282518.82421432284,191219.79191333367,219444.1341158283,224103.81488163833,194165.6186618233,203657.9125979153,38549.28072710417,38396.40576631542,510043.8387855005,41309.46139660418,1246251.182834685,28.219958593273645,168.9113095736617,0.0,0.0,0.0,27.703962282702147,53.43182506990968,154.19512474369623,50.06056346942472,3.4753259072564826,27.76132461908667,0.0,0.0,0.0,0.0,0.0,0.0,7.941195303039195e-05,0.0,0.0,0.0,0.0,0.0007436409206419047,0.26889485368724464,0.0,0.0,0.0,0.0,0.0,0.0,7.256399322356797e-05,0.0,0.0,0.0,0.0,5.7231731022993205e-05,0.09454594438886657
2026-07-02 07:14:57.058000088,0.0,0.0,0.0,0.0,0.0,0.0,522.8283977798862,0.0,0.0,0.0,0.0,199.95112494919405,593793.5467003516,0.015356991174373301,0.030787337136025834,0.009409692901406997,0.00801889662605895,0.007380600947645238,0.007315782185636846,0.003332033396629986,0.003450010731461505,0.03040541614196513,0.007649117317279184,0.07047243223327387,381309.8442597256,236387.0243640722,235104.49259542572,275154.2887330094,237896.81968610056,222378.3883521638,102277.41848798544,58857.69403373157,715104.4218971315,122870.14745105294,1670917.0581485592,282518.82421432284,191219.79191333367,212534.54579834457,224103.81488163833,194165.6186618233,203657.9125979153,38549.28072710417,38396.40576631542,510043.8387855005,41309.46139660418,1252886.4892409556,28.219958593273645,168.9113095736617,0.0,0.0,0.0,27.881373917977434,53.43182506990968,154.62805942090827,50.06056346942472,3.4753259072564826,27.94028153966449,0.0,0.0,0.0,0.0,0.0,0.0,7.958904601226861e-05,0.0,0.0,0.0,0.0,0.000743801677784762,0.2692721551331545,0.0,0.0,0.0,0.0,0.0,0.0,7.22584533548646e-05,0.0,0.0,0.0,0.0,5.719143028646858e-05,0.09492520002855528
2026-07-02 07:15:12.058000088,0.0,0.0,0.0,0.0,0.0,0.0,522.398141238368,0.0,0.0,0.0,0.0,199.95112494919405,593794.0262899532,0.015356991174373301,0.03079554344083656,0.009409692901406997,0.00801889662605895,0.007380600947645238,0.007315782185636846,0.003332033396629986,0.003450010731461505,0.03040541614196513,0.007668113902478273,0.07053399745287581,381309.8442597256,232481.59927305774,235104.49259542572,275154.2887330094,237896.81968610056,222378.3883521638,102277.41848798544,58857.69403373157,715104.4218971315,128130.06453264727,1679735.3640320492,282518.82421432284,188679.69104952298,212534.54579834457,224103.81488163833,194165.6186618233,203657.9125979153,38549.28072710417,38396.40576631542,510043.8387855005,42669.35974972819,1258330.2560981736,28.219958593273645,176.28350749659248,0.0,0.0,0.0,28.05878555325273,53.43182506990968,154.62805942090827,50.06056346942472,3.6413517451551622,28.119238460242304,0.0,0.0,0.0,0.0,0.0,0.0,7.965009715319686e-05,0.0,0.0,0.0,0.0,0.0007439627398535353,0.26983371536819056,0.0,0.0,0.0,0.0,0.0,0.0,7.216778038932155e-05,0.0,0.0,0.0,0.0,5.719143028646858e-05,0.09492531107057477
2026-07-02 07:15:27.058000088,0.0,0.0,0.0,0.0,0.0,0.0,508.98477853122387,0.0,0.0,0.0,0.0,200.58590873042837,593939.4515708038,0.015371907802081957,0.03079554344083656,0.009409692901406997,0.00801889662605895,0.007380600947645238,0.007315782185636846,0.003332033396629986,0.003477220516037275,0.03081964718601157,0.007668113902478273,0.07050004090674632,373288.8362449901,232481.59927305774,235104.49259542572,275154.2887330094,237896.81968610056,222378.3883521638,102277.41848798544,61484.962627821544,690000.1740858494,128130.06453264727,1655443.2895106354,277406.9308402846,188679.69104952298,212534.54579834457,224103.81488163833,194165.6186618233,203657.9125979153,38549.28072710417,40085.69538779984,492891.96038747975,42669.35974972819,1241897.871320713,27.371857306819074,176.28350749659248,0.0,0.0,0.0,28.236197188528017,53.43182506990968,157.25458991747468,48.22598529857615,3.6413517451551622,28.298195380820125,0.0,0.0,0.0,0.0,0.0,0.0,7.982682679762974e-05,0.0,0.0,0.0,0.0,0.0007441234974292929,0.27021127446569543,0.0,0.0,0.0,0.0,0.0,0.0,7.327409661769437e-05,0.0,0.0,0.0,0.0,5.7136246048688046e-05,0.09528791676605175
2026-07-02 07:15:42.058000088,0.0,0.0,0.0,0.0,0.0,0.0,506.391576436021,0.0,0.0,0.0,0.0,200.58590873042837,593939.9315584458,0.015110367128093598,0.03079554344083656,0.009409692901406997,0.008053110801365289,0.007380600947645238,0.007167753662716548,0.003332033396629986,0.003477220516037275,0.030953117314324503,0.007665466557417241,0.07066394453781238,360676.616659235,232481.59927305774,235104.49259542572,267092.9873328548,237896.81968610056,210259.14783485874,102277.41848798544,61484.962627821544,710867.1759063998,134908.1147807162,1652779.0233463855,268190.2173735395,188679.69104952298,212534.54579834457,216284.0662982249,194165.6186618233,193807.77401292577,38549.28072710417,40085.69538779984,507411.8853846114,41288.47913185417,1233606.1432483061,28.055937899498076,176.28350749659248,0.0,0.0,0.0,28.468635312051063,53.43182506990968,158.2653178110182,49.76455906677566,3.5235090571645475,27.83179487179487,0.0,0.0,0.0,0.0,0.0,0.0,8.000355644206263e-05,0.0,0.0,0.0,0.0,0.0007442842550050505,0.27058883356320024,0.0,0.0,0.0,0.0,0.0,0.0,7.280498133777885e-05,0.0,0.0,0.0,0.0,5.7136246048688046e-05,0.09528802653733276
2026-07-02 07:15:57.058000088,0.0,0.0,0.0,0.0,0.0,0.0,519.4312391021838,0.0,0.0,0.0,0.0,201.27623923471222,594006.1809835997,0.015462746772203806,0.030805041970943758,0.009409692901406997,0.008031354253021572,0.007378481356277846,0.007334851910541523,0.003332033396629986,0.003484190268712559,0.030953117314324503,0.007665466557417241,0.07099706737543794,369087.73577631824,224547.8569384982,235104.49259542572,262790.45414514304,229151.75927669235,222032.0765473901,102277.41848798544,59580.21142114348,710867.1759063998,134908.1147807162,1650723.039374292,274444.5176529961,182430.17968177385,212534.54579834457,213464.98683278394,187755.0782380266,190537.97606376634,38549.28072710417,38842.72715393027,507411.8853846114,41288.47913185417,1232645.964085892,28.71021329389417,169.40681265144568,0.0,0.0,0.0,27.32403414920007,53.43182506990968,154.39016981093144,49.76455906677566,3.5235090571645475,27.48319267379781,0.0,0.0,0.0,0.0,0.0,0.0,8.009151605903672e-05,0.0,0.0,0.0,0.0,0.0007444450125808081,0.2709663926607051,0.0,0.0,0.0,0.0,0.0,0.0,7.459642884202057e-05,0.0,0.0,0.0,0.0,5.7075653277445165e-05,0.0956224439230916
2026-07-02 07:16:12.058000088,0.0,0.0,0.0,0.0,0.0,0.0,519.450427714034,0.0,0.0,0.0,0.0,201.27623923471222,594006.67955958,0.015462746772203806,0.030805041970943758,0.009452724973936963,0.008031354253021572,0.007378481356277846,0.007334851910541523,0.0032508880328084044,0.003484190268712559,0.030953117314324503,0.007665466557417241,0.07080928462234629,369087.73577631824,224547.8569384982,238715.1307588226,262790.45414514304,229151.75927669235,222032.0765473901,102576.19476464237,59580.21142114348,710867.1759063998,134908.1147807162,1638452.2776203433,274444.5176529961,182430.17968177385,215478.14652973405,213464.98683278394,187755.0782380266,190537.97606376634,38614.88055450056,38842.72715393027,507411.8853846114,41288.47913185417,1228786.0719266,28.71021329389417,169.40681265144568,0.0,0.0,0.0,27.501615770195972,53.62433072420574,155.36955728109933,49.76455906677566,3.5235090571645475,27.660060625635833,0.0,0.0,0.0,0.0,0.0,0.0,8.090159257320012e-05,0.0,0.0,0.0,0.0,0.0007445991134237916,0.27147982463116843,0.0,0.0,0.0,0.0,0.0,0.0,7.460184784091237e-05,0.0,0.0,0.0,0.0,5.7075653277445165e-05,0.0956225554898477
2026-07-02 07:16:27.058000088,0.0,0.0,0.0,0.0,0.0,0.0,510.42457335981703,0.0,0.0,0.0,0.0,201.50120035250856,594031.8351718481,0.015462746772203806,0.030805041970943758,0.009443534520309148,0.008031354253021572,0.007355852888924013,0.007334851910541523,0.003334653429509113,0.003484190268712559,0.030953117314324503,0.007665466557417241,0.07082103473579707,369087.73577631824,224547.8569384982,229162.84760306496,262790.45414514304,239039.36661535074,222032.0765473901,106977.72681031146,59580.21142114348,710867.1759063998,134908.1147807162,1650211.121265584,274444.5176529961,182430.17968177385,207585.81493495314,213464.98683278394,196182.0980866505,190537.97606376634,37680.202049193074,38842.72715393027,507411.8853846114,41288.47913185417,1233425.7099469756,28.71021329389417,169.40681265144568,0.0,0.0,0.0,27.679197391191877,52.326346409100225,156.34894475126723,49.76455906677566,3.5235090571645475,27.836928577473863,0.0,0.0,0.0,0.0,0.0,0.0,8.107961954346635e-05,0.0,0.0,0.0,0.0,0.0007447598615405523,0.27185757341133726,0.0,0.0,0.0,0.0,0.0,0.0,7.559845187440491e-05,0.0,0.0,0.0,0.0,5.6958017059981336e-05,0.09596591604279808
2026-07-02 07:16:42.058000088,0.0,0.0,0.0,0.0,0.0,0.0,509.3136950890054,0.0,0.0,0.0,0.0,201.50120035250856,594031.8351718481,0.015462746772203806,0.030784359279570354,0.009443534520309148,0.008031354253021572,0.007355852888924013,0.007334851910541523,0.003334653429509113,0.003484190268712559,0.030953117314324503,0.007665466557417241,0.07085991922151817,369087.73577631824,231304.73720755574,229162.84760306496,262790.45414514304,239039.36661535074,222032.0765473901,106977.72681031146,59580.21142114348,710867.1759063998,134908.1147807162,1658799.120162198,274444.5176529961,187489.91766923154,207585.81493495314,213464.98683278394,196182.0980866505,190537.97606376634,37680.202049193074,38842.72715393027,507411.8853846114,41288.47913185417,1231959.4083234372,28.71021329389417,141.4785529056668,0.0,0.0,0.0,27.85677901218778,52.326346409100225,156.7019952268616,49.76455906677566,3.5235090571645475,28.01379652931189,0.0,0.0,0.0,0.0,0.0,0.0,8.125764651373256e-05,0.0,0.0,0.0,0.0,0.0007449206096573133,0.2722353221915061,0.0,0.0,0.0,0.0,0.0,0.0,7.575161938546882e-05,0.0,0.0,0.0,0.0,5.6958017059981336e-05,0.09596595631437305
2026-07-02 07:16:57.058000088,0.0,0.0,0.0,0.0,0.0,0.0,506.858790622253,0.0,0.0,0.0,0.0,202.5225161345055,594019.0157350206,0.015618637074951017,0.030784359279570354,0.009443534520309148,0.008004019024800815,0.007355852888924013,0.007334851910541523,0.003334653429509113,0.003484190268712559,0.030153014203368127,0.0076621412218317855,0.07083701991430227,360008.0627717767,231304.73720755574,229162.84760306496,273452.04817984276,239039.36661535074,222032.0765473901,106977.72681031146,59580.21142114348,786932.1951950204,141250.1670413262,1670009.8672893303,268556.1704035153,187489.91766923154,207585.81493495314,222699.4661587574,196182.0980866505,190537.97606376634,37680.202049193074,38842.72715393027,561254.041012009,43116.68366385425,1229689.632357248,27.740540275128115,141.4785529056668,0.0,0.0,0.0,28.03436063318369,52.326346409100225,156.7019952268616,49.02240742532443,3.693394180559727,28.19066448114992,0.0,0.0,0.0,0.0,0.0,0.0,8.143567348399879e-05,0.0,0.0,0.0,0.0,0.0007450813577740741,0.27261307097167486,0.0,0.0,0.0,0.0,0.0,0.0,7.629045122825874e-05,0.0,0.0,0.0,0.0,5.691935381544843e-05,0.09656667654145566
2026-07-02 07:17:12.058000088,0.0,0.0,0.0,0.0,0.0,0.0,506.3981542260214,0.0,0.0,0.0,0.0,202.5225161345055,594019.0157350206,0.015618637074951017,0.030784359279570354,0.009443534520309148,0.007972670890039701,0.007355852888924013,0.007351730688223123,0.003334653429509113,0.003495839737052304,0.03100660086141382,0.007482210600821712,0.07097632086719946,360008.0627717767,231304.73720755574,229162.84760306496,266988.08998409193,239039.36661535074,230714.56346868805,106977.72681031146,61731.53232823175,809209.0666903433,137933.17906920338,1688444.6427125398,268556.1704035153,187489.91766923154,207585.81493495314,216845.7752771128,196182.0980866505,198242.88288227507,37680.202049193074,33693.81962372876,577142.3020644834,42104.171437451114,1240846.2700476525,27.740540275128115,141.4785529056668,0.0,0.0,0.0,27.43840026154252,52.326346409100225,159.49716241851974,50.41015833610611,3.6066619357076504,28.396157868090462,0.0,0.0,0.0,0.0,0.0,0.0,8.133120585940348e-05,0.0,0.0,0.0,0.0,0.000745232558061236,0.27311399583258955,0.0,0.0,0.0,0.0,0.0,0.0,7.650284923296603e-05,0.0,0.0,0.0,0.0,5.691935381544843e-05,0.09656671707282061
2026-07-02 07:17:27.058000088,0.0,0.0,0.0,0.0,0.0,0.0,520.7118722329074,0.0,0.0,0.0,0.0,203.45086499538476,594055.6397851026,0.015615109732500953,0.030039917497970327,0.009469389179677826,0.007972670890039701,0.00736044085471233,0.007351730688223123,0.003330790946989653,0.003412475262538757,0.03100660086141382,0.007618541120920507,0.0706990549551234,368465.3269983328,225711.21781364738,220531.43085257034,266988.08998409193,247424.78406104396,230714.56346868805,102430.66813280023,60259.43488082462,809209.0666903433,134189.24378213444,1686807.7278041914,274568.79751467705,182955.94874448757,200763.80528861698,216845.7752771128,203063.44450367716,198242.88288227507,38687.51374500207,32890.33096905295,577142.3020644834,40961.33333104899,1239028.713986898,28.48316374516052,138.05725233459452,0.0,0.0,0.0,27.611112779953316,53.72519614637144,156.63786666666667,50.41015833610611,3.5087659183697952,27.852800000000002,0.0,0.0,0.0,0.0,0.0,0.0,8.150858105660033e-05,0.0,0.0,0.0,0.0,0.0007453932926117976,0.27349191474886025,0.0,0.0,0.0,0.0,0.0,0.0,7.76807983685511e-05,0.0,0.0,0.0,0.0,5.6843719284697346e-05,0.09716575546008441
2026-07-02 07:17:42.058000088,0.0,0.0,0.0,0.0,0.0,0.0,520.7308935605546,0.0,0.0,0.0,0.0,203.45086499538476,594055.6397851026,0.015615109732500953,0.03081497895257776,0.009469389179677826,0.007972670890039701,0.00736044085471233,0.007373746501406363,0.003330790946989653,0.0035476517773358916,0.03100660086141382,0.007618541120920507,0.07082697547846105,368465.3269983328,236300.32095948936,220531.43085257034,266988.08998409193,247424.78406104396,235358.11660737917,102430.66813280023,65945.04720998683,809209.0666903433,134189.24378213444,1687384.6148061072,274568.79751467705,190834.90778000074,200763.80528861698,216845.7752771128,203063.44450367716,202185.36291443126,38687.51374500207,32111.23604908462,577142.3020644834,40961.33333104899,1239131.5575656225,28.48316374516052,153.66936704293207,0.0,0.0,0.0,27.796498159910723,53.72519614637144,154.0215357345496,50.41015833610611,3.5087659183697952,27.348051884231783,0.0,0.0,0.0,0.0,0.0,0.0,8.168595625379719e-05,0.0,0.0,0.0,0.0,0.0007455540271623594,0.2738698336651309,0.0,0.0,0.0,0.0,0.0,0.0,7.794201736083406e-05,0.0,0.0,0.0,0.0,5.6843719284697346e-05,0.09716579875328125
2026-07-02 07:17:57.058000088,0.0,0.0,0.0,0.0,0.0,0.0,523.1938428650099,0.0,0.0,0.0,0.0,204.43413853633513,594185.3971153492,0.015615109732500953,0.03081497895257776,0.009469389179677826,0.007972670890039701,0.007181341762211907,0.007373746501406363,0.003330790946989653,0.0035476517773358916,0.03100660086141382,0.007618541120920507,0.07102489088443742,368465.3269983328,236300.32095948936,220531.43085257034,266988.08998409193,241404.2813272878,235358.11660737917,102430.66813280023,65945.04720998683,809209.0666903433,134189.24378213444,1691391.224610041,274568.79751467705,190834.90778000074,200763.80528861698,216845.7752771128,198122.37108857938,202185.36291443126,38687.51374500207,32111.23604908462,577142.3020644834,40961.33333104899,1240668.8407866764,28.48316374516052,153.66936704293207,0.0,0.0,0.0,27.973797752069718,53.72519614637144,154.85776257754165,50.41015833610611,3.5087659183697952,27.520778167892537,0.0,0.0,0.0,0.0,0.0,0.0,8.177300092022482e-05,0.0,0.0,0.0,0.0,0.0007457147617129213,0.27424775258140155,0.0,0.0,0.0,0.0,0.0,0.0,7.838383909320021e-05,0.0,0.0,0.0,0.0,5.6679739996602105e-05,0.09779780849745179
2026-07-02 07:18:12.058000088,0.0,0.0,0.0,0.0,0.0,0.0,519.9158340032101,0.0,0.0,0.0,0.0,204.43413853633513,594185.3971153492,0.015584502817730392,0.029893613259441062,0.00922938238166642,0.007943732311138025,0.007337694027155091,0.007373746501406363,0.003329104820391495,0.0035476517773358916,0.03100660086141382,0.007618541120920507,0.07098437147548514,379193.46685074776,227758.5415198635,214941.94228308692,260898.0677627374,239356.1651403438,235358.11660737917,98275.75332381127,65945.04720998683,809209.0666903433,134189.24378213444,1706975.1000888583,283089.80987122416,184420.2287494616,195675.3378965158,212129.66904291057,196948.81839236768,202185.36291443126,43371.70602386391,32111.23604908462,577142.3020644834,40961.33333104899,1236066.617707157,27.434672275056702,156.99091686946036,0.0,0.0,0.0,28.151097344228717,51.54502954149338,154.85776257754165,50.41015833610611,3.5087659183697952,27.709678584278876,0.0,0.0,0.0,0.0,0.0,0.0,8.179418396137636e-05,0.0,0.0,0.0,0.0,0.0007459393472887027,0.27476739611243656,0.0,0.0,0.0,0.0,0.0,0.0,7.805566506409974e-05,0.0,0.0,0.0,0.0,5.6679739996602105e-05,0.09779784950700551
2026-07-02 07:18:27.058000088,0.0,0.0,0.0,0.0,0.0,0.0,513.56359265545,0.0,0.0,0.0,0.0,205.00805299784236,594302.4949311621,0.015606204774522141,0.03068971958608829,0.009509191202659388,0.007952458254771661,0.007337694027155091,0.007365414726646608,0.0033293013589626758,0.003555196251349845,0.03025948311907601,0.007618541120920507,0.07094680227906043,365876.80375846545,233824.05171022646,229246.36963416496,271336.3250200141,239356.1651403438,229593.47086957816,101372.89889104804,68747.86970260437,789710.8168277685,134189.24378213444,1711186.6249053353,273109.46873886144,189331.58254249318,207127.233255881,220408.01613375972,196948.81839236768,197374.86372106866,44738.558808117865,33398.76846265125,563235.803391723,40961.33333104899,1238137.4531855101,28.143828292414796,161.17179193000376,0.0,0.0,0.0,27.473941369308875,53.16946338563309,157.06708465586436,49.19550330651104,3.5087659183697952,27.889626752528656,0.0,0.0,0.0,0.0,0.0,0.0,8.195033269686558e-05,0.0,0.0,0.0,0.0,0.0007461001708454996,0.27514550929196435,0.0,0.0,0.0,0.0,0.0,0.0,7.808669072979028e-05,0.0,0.0,0.0,0.0,5.660698542571652e-05,0.09842448352456022
2026-07-02 07:18:42.058000088,0.0,0.0,0.0,0.0,0.0,0.0,513.1036185938776,0.0,0.0,0.0,0.0,205.00805299784236,594302.7076305953,0.015606204774522141,0.03068971958608829,0.009509191202659388,0.007952458254771661,0.007337694027155091,0.007359418714518793,0.0033293013589626758,0.003555196251349845,0.03107154702613569,0.007619125351578846,0.07102812496642676,365876.80375846545,233824.05171022646,229246.36963416496,271336.3250200141,239356.1651403438,221456.79061709807,101372.89889104804,68747.86970260437,772046.3591696105,126402.92033328647,1710970.1472663584,273109.46873886144,189331.58254249318,207127.233255881,220408.01613375972,196948.81839236768,190897.88975107632,44738.558808117865,33398.76846265125,550797.3428607817,32254.930616099653,1243417.1628632003,28.143828292414796,161.17179193000376,0.0,0.0,0.0,27.657864380918607,53.16946338563309,158.07626847667754,48.0483701226011,3.6701292161460604,28.069574920778432,0.0,0.0,0.0,0.0,0.0,0.0,8.16657082966374e-05,0.0,0.0,0.0,0.0,0.0007462609944022967,0.2755236224714922,0.0,0.0,0.0,0.0,0.0,0.0,7.860452985257521e-05,0.0,0.0,0.0,0.0,5.660698542571652e-05,0.09842452576526518
2026-07-02 07:18:57.058000088,0.0,0.0,0.0,0.0,0.0,0.0,516.0994746665518,0.0,0.0,0.0,0.0,205.37566923633733,594359.195460272,0.015606204774522141,0.03068971958608829,0.009509191202659388,0.007952458254771661,0.007369406969740478,0.007359418714518793,0.0033293013589626758,0.003555196251349845,0.031178956188494644,0.007619125351578846,0.07076109742633485,365876.80375846545,233824.05171022646,229246.36963416496,271336.3250200141,244990.39441384212,221456.79061709807,101372.89889104804,68747.86970260437,807323.4851667876,126402.92033328647,1691662.0512590157,273109.46873886144,189331.58254249318,207127.233255881,220408.01613375972,201306.9760438152,190897.88975107632,44738.558808117865,33398.76846265125,575771.6858048337,32254.930616099653,1227777.0294422824,28.143828292414796,161.17179193000376,0.0,0.0,0.0,27.8358843090674,53.16946338563309,159.08545229749072,50.299857110652844,3.6701292161460604,28.249523089028212,0.0,0.0,0.0,0.0,0.0,0.0,8.17116200029866e-05,0.0,0.0,0.0,0.0,0.0007464218179590936,0.27590173565102005,0.0,0.0,0.0,0.0,0.0,0.0,7.80055128187506e-05,0.0,0.0,0.0,0.0,5.637806811800933e-05,0.0990545727737124
2026-07-02 07:19:12.058000088,0.0,0.0,0.0,0.0,0.0,0.0,515.6500884258074,0.0,0.0,0.0,0.0,205.37566923633733,594359.195460272,0.015606204774522141,0.030661595382667245,0.009522201489040545,0.007952458254771661,0.007369406969740478,0.007359418714518793,0.0033293013589626758,0.0035408425463130363,0.031178956188494644,0.007430690228050748,0.07098504856704732,365876.80375846545,239995.13964974074,216818.1676720153,271336.3250200141,244990.39441384212,221456.79061709807,101372.89889104804,66024.55452283216,807323.4851667876,123276.7413024638,1705389.8422208144,273109.46873886144,193907.2232859927,196902.5969072834,220408.01613375972,201306.9760438152,190897.88975107632,44738.558808117865,32074.893761830823,575771.6858048337,31457.20626395003,1229529.529968015,28.143828292414796,155.53120829536184,0.0,0.0,0.0,28.01390423721619,53.16946338563309,153.81638589162785,50.299857110652844,3.5793601028560085,28.429471257277996,0.0,0.0,0.0,0.0,0.0,0.0,8.303225637362924e-05,0.0,0.0,0.0,0.0,0.0007465459901729012,0.2764183561162276,0.0,0.0,0.0,0.0,0.0,0.0,7.79608959764375e-05,0.0,0.0,0.0,0.0,5.637806811800933e-05,0.099054615709761
2026-07-02 07:19:27.058000088,0.0,0.0,0.0,0.0,0.0,0.0,515.7770439788882,0.0,0.0,0.0,0.0,206.943636659849,594378.3273228056,0.01565796298559223,0.030661595382667245,0.009522201489040545,0.007952458254771661,0.007369406969740478,0.007356528051217446,0.0033261683249217328,0.0035408425463130363,0.031178956188494644,0.007578227561673193,0.07090263530153902,378435.67611635046,239995.13964974074,216818.1676720153,271336.3250200141,244990.39441384212,229612.33844199526,104513.81341354609,66024.55452283216,807323.4851667876,120553.35610357184,1701537.235872671,282094.10675469687,193907.2232859927,196902.5969072834,220408.01613375972,201306.9760438152,197551.41770116542,43148.014392223995,32074.893761830823,575771.6858048337,30760.925313674707,1234198.0111572393,29.227628171908552,155.53120829536184,0.0,0.0,0.0,27.37527027234239,51.2791836060183,154.7855672515615,50.299857110652844,3.500133733137021,27.852800000000002,0.0,0.0,0.0,0.0,0.0,0.0,8.318969516720224e-05,0.0,0.0,0.0,0.0,0.0007467067628580864,0.2767966595873527,0.0,0.0,0.0,0.0,0.0,0.0,7.853471488938726e-05,0.0,0.0,0.0,0.0,5.647222534721141e-05,0.09967338759335075
2026-07-02 07:19:42.058000088,0.0,0.0,0.0,0.0,0.0,0.0,515.3676514574418,0.0,0.0,0.0,0.0,206.943636659849,594378.797378172,0.015619463997669366,0.030661595382667245,0.009522201489040545,0.00797607185911211,0.007357089488141172,0.007356528051217446,0.0032500205968961342,0.0035408425463130363,0.031178956188494644,0.007578227561673193,0.07081645081753991,385532.6344302714,239995.13964974074,216818.1676720153,280563.83559698303,250806.9393054968,229612.33844199526,107057.77259001549,66024.55452283216,807323.4851667876,120553.35610357184,1695689.7076130968,287435.23086746427,193907.2232859927,196902.5969072834,229155.12241968457,206735.9833742297,197551.41770116542,44153.00837145336,32074.893761830823,575771.6858048337,30760.925313674707,1234511.5013696707,28.1600814002353,155.53120829536184,0.0,0.0,0.0,27.548133380881943,52.565191124393856,155.06901758938255,50.299857110652844,3.500133733137021,27.409999339121732,0.0,0.0,0.0,0.0,0.0,0.0,8.334713396077521e-05,0.0,0.0,0.0,0.0,0.0007468675355432716,0.27717496305847766,0.0,0.0,0.0,0.0,0.0,0.0,7.84894999775342e-05,0.0,0.0,0.0,0.0,5.647222534721141e-05,0.09967343105939898
2026-07-02 07:19:57.058000088,0.0,0.0,0.0,0.0,0.0,0.0,514.8112210120689,0.0,0.0,0.0,0.0,207.72167365535475,594326.3217268882,0.015619463997669366,0.030661595382667245,0.009522201489040545,0.00797607185911211,0.007354784458290008,0.007388556546592764,0.0033348833850851247,0.0035408425463130363,0.031178956188494644,0.007578227561673193,0.07095957899291701,385532.6344302714,239995.13964974074,216818.1676720153,280563.83559698303,239892.14581702216,237346.79599716802,109853.2075137105,66024.55452283216,807323.4851667876,120553.35610357184,1673584.101042699,287435.23086746427,193907.2232859927,196902.5969072834,229155.12241968457,198527.6917975755,204290.6322103486,45305.90795643193,32074.893761830823,575771.6858048337,30760.925313674707,1216430.4322071178,28.1600814002353,155.53120829536184,0.0,0.0,0.0,27.735198318505603,53.9377450967482,155.06901758938255,50.299857110652844,3.500133733137021,27.5913059249254,0.0,0.0,0.0,0.0,0.0,0.0,8.35045727543482e-05,0.0,0.0,0.0,0.0,0.0007470283082284568,0.27755326652960266,0.0,0.0,0.0,0.0,0.0,0.0,8.034775341874063e-05,0.0,0.0,0.0,0.0,5.644464543538316e-05,0.1002988422655136
2026-07-02 07:20:12.058000088,0.0,0.0,0.0,0.0,0.0,0.0,514.8112210120689,0.0,0.0,0.0,0.0,207.72167365535475,594326.7962078013,0.015619463997669366,0.030669403840983118,0.009050838324652777,0.007983556747684573,0.007354784458290008,0.007388556546592764,0.0033348833850851247,0.003475089976846163,0.031178956188494644,0.007578227561673193,0.07110462854191674,385532.6344302714,234361.48967025022,214899.5555555555,287873.91434245446,239892.14581702216,237346.79599716802,109853.2075137105,60207.76487621164,807323.4851667876,120553.35610357184,1656662.5727527845,287435.23086746427,189929.434166854,195290.66666666663,234443.28922163058,198527.6917975755,204290.6322103486,45305.90795643193,26548.672072309902,575771.6858048337,30760.925313674707,1204057.2229382456,28.1600814002353,160.6848004795719,0.0,0.0,0.0,27.91398659146152,53.9377450967482,157.91073384792978,50.299857110652844,3.500133733137021,27.768857755668567,0.0,0.0,0.0,0.0,0.0,0.0,8.460298119346808e-05,0.0,0.0,0.0,0.0,0.0007473441345241252,0.2780520616923453,0.0,0.0,0.0,0.0,0.0,0.0,8.062559800128066e-05,0.0,0.0,0.0,0.0,5.644464543538316e-05,0.10029888630726792
2026-07-02 07:20:27.058000088,0.0,0.0,0.0,0.0,0.0,0.0,517.0325734708983,0.0,0.0,0.0,0.0,207.80944992822808,594425.861379837,0.015619463997669366,0.03070665298539926,0.009564058406958863,0.007983556747684573,0.007354784458290008,0.007388556546592764,0.0033348833850851247,0.003563947503998351,0.030322856361404166,0.007595130612037793,0.07100663861002388,385532.6344302714,241085.9582772521,218827.40216948136,287873.91434245446,239892.14581702216,237346.79599716802,109853.2075137105,61747.268353216816,785156.3063850807,110946.19106133173,1660341.382223169,287435.23086746427,194941.56119978917,199969.86034335833,234443.28922163058,198527.6917975755,204290.6322103486,45305.90795643193,27227.51761738577,559962.3675684842,21475.380165854454,1206703.1054019548,28.1600814002353,155.46832752476533,0.0,0.0,0.0,28.092774864417436,53.9377450967482,158.93144463608655,48.918742915720436,3.6144711210728695,27.946409586411736,0.0,0.0,0.0,0.0,0.0,0.0,8.478247291563397e-05,0.0,0.0,0.0,0.0,0.0007475051207119706,0.2784305295788189,0.0,0.0,0.0,0.0,0.0,0.0,8.060750358947933e-05,0.0,0.0,0.0,0.0,5.630875321998682e-05,0.10091397386914067
2026-07-02 07:20:42.058000088,0.0,0.0,0.0,0.0,0.0,0.0,513.8843590823324,0.0,0.0,0.0,0.0,207.80944992822808,594425.861379837,0.015619463997669366,0.03070665298539926,0.009564058406958863,0.007983556747684573,0.007345604288935051,0.007388556546592764,0.0033348833850851247,0.003563947503998351,0.03152225395807617,0.007595130612037793,0.070872263004726,385532.6344302714,241085.9582772521,218827.40216948136,287873.91434245446,233749.58703426877,237346.79599716802,109853.2075137105,61747.268353216816,803043.5660626063,110946.19106133173,1675856.6059845688,287435.23086746427,194941.56119978917,199969.86034335833,234443.28922163058,193429.99165205707,204290.6322103486,45305.90795643193,27227.51761738577,571896.5816753686,21475.380165854454,1205798.9168063817,28.1600814002353,155.46832752476533,0.0,0.0,0.0,28.271563137373352,53.9377450967482,159.95215542424341,49.95805175446469,3.6144711210728695,28.12396141715491,0.0,0.0,0.0,0.0,0.0,0.0,8.496196463779986e-05,0.0,0.0,0.0,0.0,0.0007476661068998158,0.2788089974652925,0.0,0.0,0.0,0.0,0.0,0.0,8.02464443406458e-05,0.0,0.0,0.0,0.0,5.630875321998682e-05,0.10091401914110151
2026-07-02 07:20:57.058000088,0.0,0.0,0.0,0.0,0.0,0.0,507.8940374640167,0.0,0.0,0.0,0.0,208.71485423399469,594441.3966568365,0.015585734676629595,0.03070665298539926,0.009564058406958863,0.007983556747684573,0.007345604288935051,0.007388556546592764,0.003344197060500535,0.0034693460814522194,0.03152225395807617,0.007595130612037793,0.07112472598500312,376365.52683238755,241085.9582772521,218827.40216948136,287873.91434245446,233749.58703426877,237346.79599716802,105781.44504890923,60108.24886204904,803043.5660626063,110946.19106133173,1674797.3237906145,280336.3070084828,194941.56119978917,199969.86034335833,234443.28922163058,193429.99165205707,204290.6322103486,43625.908475924516,26504.790389749887,571896.5816753686,21475.380165854454,1202847.773604566,29.30568039028927,155.46832752476533,0.0,0.0,0.0,28.45035141032927,51.9376663469874,156.63786666666667,49.95805175446469,3.6144711210728695,28.301513247898075,0.0,0.0,0.0,0.0,0.0,0.0,8.514145635996572e-05,0.0,0.0,0.0,0.0,0.0007478270930876611,0.27918746535176614,0.0,0.0,0.0,0.0,0.0,0.0,8.08299962642546e-05,0.0,0.0,0.0,0.0,5.6149421423569334e-05,0.10154893864800339
2026-07-02 07:21:12.058000088,0.0,0.0,0.0,0.0,0.0,0.0,507.45224545753166,0.0,0.0,0.0,0.0,208.71485423399469,594441.4108574181,0.015585734676629595,0.03070665298539926,0.009564058406958863,0.007980099723648746,0.007373430850035671,0.007408964662525226,0.003344197060500535,0.003528280498539337,0.03152225395807617,0.007575973648704809,0.07114004039474398,376365.52683238755,241085.9582772521,218827.40216948136,293219.5034761548,242190.58764817726,235324.163489537,105781.44504890923,58611.32556863847,803043.5660626063,105558.59019815107,1675859.5625798188,280336.3070084828,194941.56119978917,199969.86034335833,239883.68938808658,200214.4365838315,202632.52670335982,43625.908475924516,32405.0908503319,571896.5816753686,20432.52528627837,1205733.1791601975,29.30568039028927,155.46832752476533,0.0,0.0,0.0,27.46801558025447,51.9376663469874,153.84860522097065,49.95805175446469,3.438950649882752,28.531893732005173,0.0,0.0,0.0,0.0,0.0,0.0,8.52832785883656e-05,0.0,0.0,0.0,0.0,0.0007479522308604396,0.27969568040384957,0.0,0.0,0.0,0.0,0.0,0.0,8.105717402795793e-05,0.0,0.0,0.0,0.0,5.6149421423569334e-05,0.10154898497394947
2026-07-02 07:21:27.058000088,0.0,0.0,0.0,0.0,0.0,0.0,516.8785229098055,0.0,0.0,0.0,0.0,209.41057597708703,594545.1703885152,0.01515529435038656,0.030766467389659616,0.00951669704144027,0.007980099723648746,0.007373430850035671,0.007408964662525226,0.003268302655126519,0.003528280498539337,0.03152225395807617,0.007575973648704809,0.07083806908378848,365971.2205313003,249842.66358575784,234636.9436732469,293219.5034761548,242190.58764817726,235324.163489537,100559.4588408129,58611.32556863847,803043.5660626063,105558.59019815107,1665417.557534202,272594.0956883172,201511.83378757755,213689.86390965915,239883.68938808658,200214.4365838315,202632.52670335982,38137.21669089655,32405.0908503319,571896.5816753686,20432.52528627837,1205726.9364742602,28.496328319970434,162.23904695953107,0.0,0.0,0.0,27.64403257689571,52.9585493763607,154.817448638627,49.95805175446469,3.438950649882752,27.87555555555556,0.0,0.0,0.0,0.0,0.0,0.0,8.546259981274539e-05,0.0,0.0,0.0,0.0,0.0007481131676736264,0.28007432359550444,0.0,0.0,0.0,0.0,0.0,0.0,8.115436185277363e-05,0.0,0.0,0.0,0.0,5.59707437054551e-05,0.10216828879057754
2026-07-02 07:21:42.058000088,0.0,0.0,0.0,0.0,0.0,0.0,516.8789433899193,0.0,0.0,0.0,0.0,209.41057597708703,594545.212704579,0.015573252926810732,0.030766467389659616,0.00951669704144027,0.00797651543331181,0.007373430850035671,0.007408964662525226,0.003351483990264802,0.003528280498539337,0.03177859027895046,0.007584893913051121,0.07102607171550616,358198.47150603414,249842.66358575784,234636.9436732469,289404.1155498161,242190.58764817726,235324.163489537,103118.79037458064,58611.32556863847,783849.6062210372,110472.80863905819,1696438.2339719376,266997.7506160645,201511.83378757755,213689.86390965915,236626.25979057295,200214.4365838315,202632.52670335982,39107.844242121304,32405.0908503319,558760.4766588061,21385.84173888961,1234898.3043051045,27.830021822888515,162.23904695953107,0.0,0.0,0.0,27.820049573536945,54.30639359672464,155.01494682502226,48.660404784917176,3.601219455904624,27.44666579482909,0.0,0.0,0.0,0.0,0.0,0.0,8.564192103712518e-05,0.0,0.0,0.0,0.0,0.0007482741044868131,0.2804529667871593,0.0,0.0,0.0,0.0,0.0,0.0,8.143012919354567e-05,0.0,0.0,0.0,0.0,5.59707437054551e-05,0.10216833502274816
2026-07-02 07:21:57.058000088,0.0,0.0,0.0,0.0,0.0,0.0,519.1564616122521,0.0,0.0,0.0,0.0,209.40423312044484,594624.7190879771,0.015573252926810732,0.03004795105743945,0.00951669704144027,0.00797651543331181,0.007373430850035671,0.007408964662525226,0.003351483990264802,0.003565559822385981,0.03177859027895046,0.007584893913051121,0.07126757258053454,358198.47150603414,244007.86844993118,234636.9436732469,289404.1155498161,242190.58764817726,235324.163489537,103118.79037458064,53451.83015404475,783849.6062210372,110472.80863905819,1704320.1232456362,266997.7506160645,196805.75096441037,213689.86390965915,236626.25979057295,200214.4365838315,202632.52670335982,39107.844242121304,33780.74323231097,558760.4766588061,21385.84173888961,1239700.3197631044,27.830021822888515,158.45013601672207,0.0,0.0,0.0,27.996066570178186,54.30639359672464,156.88907645408514,48.660404784917176,3.601219455904624,27.622868758618,0.0,0.0,0.0,0.0,0.0,0.0,8.5821242261505e-05,0.0,0.0,0.0,0.0,0.0007484350413,0.2808316099788141,0.0,0.0,0.0,0.0,0.0,0.0,8.18929964979084e-05,0.0,0.0,0.0,0.0,5.565004653407165e-05,0.1028030826702048
2026-07-02 07:22:12.058000088,0.0,0.0,0.0,0.0,0.0,0.0,516.0334278226678,0.0,0.0,0.0,0.0,209.40423312044484,594625.190603807,0.015573252926810732,0.030733538426021174,0.009520986590772353,0.00797651543331181,0.007373430850035671,0.007261364933598573,0.003351483990264802,0.003565559822385981,0.03177859027895046,0.007584893913051121,0.07133783992950242,358198.47150603414,240726.37653824838,223183.89307147326,289404.1155498161,242190.58764817726,223886.33782045546,103118.79037458064,53451.83015404475,783849.6062210372,110472.80863905819,1690916.3330050998,266997.7506160645,193990.09847430632,204364.69787177065,236626.25979057295,200214.4365838315,193477.53814169395,39107.844242121304,33780.74323231097,558760.4766588061,21385.84173888961,1224318.4284130146,27.830021822888515,155.27582304355843,0.0,0.0,0.0,28.210932383327478,54.30639359672464,157.89904895733548,48.660404784917176,3.601219455904624,27.799071722406914,0.0,0.0,0.0,0.0,0.0,0.0,8.574462554310984e-05,0.0,0.0,0.0,0.0,0.0007485271560242258,0.2813378398217929,0.0,0.0,0.0,0.0,0.0,0.0,8.187233470893002e-05,0.0,0.0,0.0,0.0,5.565004653407165e-05,0.10280312931394418
2026-07-02 07:22:27.058000088,0.0,0.0,0.0,0.0,0.0,0.0,504.8967579634663,0.0,0.0,0.0,0.0,209.8505900427128,594854.2963035676,0.015266417791150611,0.030733538426021174,0.009520986590772353,0.00797651543331181,0.007380019101595298,0.007430516049309542,0.003351483990264802,0.0035767763980317424,0.03197838236899151,0.007584893913051121,0.07128355298191011,342775.67782823066,240726.37653824838,223183.89307147326,289404.1155498161,232110.10579345087,229101.69666566988,103118.79037458064,58831.24229408553,819100.7773949415,110472.80863905819,1686998.2991970538,255295.72642837046,193990.09847430632,204364.69787177065,236626.25979057295,191997.85054575987,197984.5339669899,39107.844242121304,39200.94111760285,583732.4008025065,21385.84173888961,1220248.0268038744,28.491037970927657,155.27582304355843,0.0,0.0,0.0,28.394850834173745,54.30639359672464,153.63292627540824,50.883387209408596,3.601219455904624,27.97527468619583,0.0,0.0,0.0,0.0,0.0,0.0,8.590287991201308e-05,0.0,0.0,0.0,0.0,0.0007486879989204007,0.28171665417294456,0.0,0.0,0.0,0.0,0.0,0.0,8.11904375094439e-05,0.0,0.0,0.0,0.0,5.543946858907242e-05,0.10345465680192477
2026-07-02 07:22:42.058000088,0.0,0.0,0.0,0.0,0.0,0.0,504.94082690392185,0.0,0.0,0.0,0.0,209.8505900427128,594854.7674577384,0.015654334549435815,0.030733538426021174,0.009533135561119135,0.00797651543331181,0.007415702704721408,0.00724720360842793,0.003356566944497825,0.0035767763980317424,0.03197838236899151,0.007584893913051121,0.07131901129084682,351485.54228898307,240726.37653824838,233439.85994394188,289404.1155498161,221015.81908538693,223449.7081702268,98558.50524444145,58831.24229408553,819100.7773949415,110472.80863905819,1668360.3345853041,261782.74204362277,193990.09847430632,212656.8741361814,236626.25979057295,183716.19793050858,193100.2126173752,37373.105634263826,39200.94111760285,583732.4008025065,21385.84173888961,1207467.0939686575,29.214989800430807,155.27582304355843,0.0,0.0,0.0,27.852800000000002,65.73680865126946,154.6090016333611,50.883387209408596,3.601219455904624,28.15147764998474,0.0,0.0,0.0,0.0,0.0,0.0,8.56114059646648e-05,0.0,0.0,0.0,0.0,0.0007488488418165755,0.28209546852409634,0.0,0.0,0.0,0.0,0.0,0.0,8.120013906895043e-05,0.0,0.0,0.0,0.0,5.543946858907242e-05,0.10345470642136059
2026-07-02 07:22:57.058000088,0.0,0.0,0.0,0.0,0.0,0.0,510.0236117913612,0.0,0.0,0.0,0.0,210.60047405846709,594930.892810113,0.015654334549435815,0.030842646401213848,0.009533135561119135,0.0077689328674302935,0.007415702704721408,0.00742377153362488,0.003356566944497825,0.0035767763980317424,0.03227058632782217,0.00760762256642738,0.07131882779782206,351485.54228898307,238048.3627022033,233439.85994394188,281872.60014252266,221015.81908538693,217911.53906419108,98558.50524444145,58831.24229408553,794226.1172827444,116496.3105138252,1656082.2679411238,261782.74204362277,192661.90649689597,212656.8741361814,230468.24673676013,183716.19793050858,202218.0189726877,37373.105634263826,39200.94111760285,566373.7422717385,20481.18124182459,1199242.6141534294,29.214989800430807,160.6057255088208,0.0,0.0,0.0,27.348812179727197,65.73680865126946,155.58507699131394,49.25815131608617,3.448881239677459,28.37298532186015,0.0,0.0,0.0,0.0,0.0,0.0,8.565730369193753e-05,0.0,0.0,0.0,0.0,0.0007490096847127504,0.282474282875248,0.0,0.0,0.0,0.0,0.0,0.0,8.013430637894991e-05,0.0,0.0,0.0,0.0,5.5196767998955594e-05,0.1041004367277037
2026-07-02 07:23:12.058000088,0.0,0.0,0.0,0.0,0.0,0.0,509.1246978193657,0.0,0.0,0.0,0.0,210.60047405846709,594930.892810113,0.015654334549435815,0.030842646401213848,0.009533135561119135,0.0079809209192857,0.007415702704721408,0.00742377153362488,0.0033611617685846682,0.0035767763980317424,0.03227058632782217,0.00760762256642738,0.07130782060345225,351485.54228898307,238048.3627022033,233439.85994394188,300870.7811439168,221015.81908538693,217911.53906419108,101561.83717899726,58831.24229408553,794226.1172827444,116496.3105138252,1639133.2902552832,261782.74204362277,192661.90649689597,212656.8741361814,246277.55672499607,183716.19793050858,202218.0189726877,38514.664649459475,39200.94111760285,566373.7422717385,20481.18124182459,1186504.7224616264,29.214989800430807,160.6057255088208,0.0,0.0,0.0,27.52368982728128,67.74473508051564,156.17205727245542,49.25815131608617,3.448881239677459,28.557006811400885,0.0,0.0,0.0,0.0,0.0,0.0,8.664450014249867e-05,0.0,0.0,0.0,0.0,0.0007491675872359902,0.2830022307644302,0.0,0.0,0.0,0.0,0.0,0.0,8.00424613118334e-05,0.0,0.0,0.0,0.0,5.5196767998955594e-05,0.10410048510966778
2026-07-02 07:23:27.058000088,0.0,0.0,0.0,0.0,0.0,0.0,510.0950004469541,0.0,0.0,0.0,0.0,210.97147921876484,594975.3415846287,0.015665797821007774,0.030842646401213848,0.009303690698269721,0.0079809209192857,0.007415702704721408,0.00742377153362488,0.0033611617685846682,0.0035767763980317424,0.03227058632782217,0.007613419832637909,0.07116445014812647,336299.2184889541,238048.3627022033,219469.99523153921,300870.7811439168,221015.81908538693,217911.53906419108,101561.83717899726,58831.24229408553,794226.1172827444,122346.9181637927,1626872.644741122,250845.78201841033,192661.90649689597,201048.31810524815,246277.55672499607,183716.19793050858,202218.0189726877,38514.664649459475,39200.94111760285,566373.7422717385,21444.988246447847,1175444.9528937105,45.21529871452111,160.6057255088208,0.0,0.0,0.0,27.698567474835365,67.74473508051564,156.17205727245542,49.25815131608617,3.622464230818893,27.472174337625844,0.0,0.0,0.0,0.0,0.0,0.0,8.680338828686279e-05,0.0,0.0,0.0,0.0,0.0007493284260041063,0.2833812458733584,0.0,0.0,0.0,0.0,0.0,0.0,7.873407396102438e-05,0.0,0.0,0.0,0.0,5.511687731029393e-05,0.10472893469456203
2026-07-02 07:23:42.058000088,0.0,0.0,0.0,0.0,0.0,0.0,509.14602998080437,0.0,0.0,0.0,0.0,210.97147921876484,594975.3415846287,0.015665797821007774,0.03087188119860084,0.009363615265894633,0.0079809209192857,0.0074079851716704155,0.00742377153362488,0.0033611617685846682,0.003469911869883153,0.03227058632782217,0.007613419832637909,0.07131409218321032,336299.2184889541,241334.81718626927,220883.58957784923,300870.7811439168,214367.0348350399,217911.53906419108,101561.83717899726,60311.62371538828,794226.1172827444,122346.9181637927,1622193.0649776836,250845.78201841033,194094.36017311618,202343.25942744978,246277.55672499607,192121.80581977416,202218.0189726877,38514.664649459475,40188.5603353151,566373.7422717385,21444.988246447847,1175597.2282549986,45.21529871452111,154.37491001177256,0.0,0.0,0.0,27.873445122389445,67.74473508051564,158.77541906190888,49.25815131608617,3.622464230818893,27.64807167816627,0.0,0.0,0.0,0.0,0.0,0.0,8.69622764312269e-05,0.0,0.0,0.0,0.0,0.0007494892647722222,0.28376026098228657,0.0,0.0,0.0,0.0,0.0,0.0,7.890679386809993e-05,0.0,0.0,0.0,0.0,5.511687731029393e-05,0.10472898409544694
2026-07-02 07:23:57.058000088,0.0,0.0,0.0,0.0,0.0,0.0,503.41432779353227,0.0,0.0,0.0,0.0,211.31058071470557,595054.512580601,0.015665797821007774,0.03087188119860084,0.009540502219413839,0.0079809209192857,0.007412279824865617,0.007435708836374579,0.0033510588806801626,0.003540283849527351,0.032415287620396874,0.007613419832637909,0.07111377880647049,336299.2184889541,241334.81718626927,221360.96505009086,300870.7811439168,219203.82868042315,224873.91283447304,98742.7317924021,59667.566245888265,739208.0338756742,122346.9181637927,1622136.92280881,250845.78201841033,194094.36017311618,202935.9937366874,246277.55672499607,196181.14097451017,208516.66200791567,37444.9355387582,39763.55340451793,527444.5277774171,21444.988246447847,1180669.1170018446,45.21529871452111,154.37491001177256,0.0,0.0,0.0,28.079862172188616,65.86315267880077,153.86208773604545,51.35261354838912,3.622464230818893,27.823969018706702,0.0,0.0,0.0,0.0,0.0,0.0,8.712116457559104e-05,0.0,0.0,0.0,0.0,0.0007496501035403381,0.28413927609121464,0.0,0.0,0.0,0.0,0.0,0.0,7.95382562327125e-05,0.0,0.0,0.0,0.0,5.50125490186387e-05,0.10537514243488787
2026-07-02 07:24:12.058000088,0.0,0.0,0.0,0.0,0.0,0.0,503.41432779353227,0.0,0.0,0.0,0.0,211.31058071470557,595054.9560024968,0.015677717379137975,0.030920159141820752,0.009540502219413839,0.0079809209192857,0.007412279824865617,0.007435708836374579,0.0033510588806801626,0.003540283849527351,0.03266218718062039,0.007613419832637909,0.07107514115432789,343185.63320028957,244588.35882816132,221360.96505009086,300870.7811439168,219203.82868042315,224873.91283447304,98742.7317924021,59667.566245888265,712862.0280087286,122346.9181637927,1628323.5983512143,254841.58218099666,195925.13529017864,202935.9937366874,246277.55672499607,196181.14097451017,208516.66200791567,37444.9355387582,39763.55340451793,508736.6240366821,21444.988246447847,1184995.853705611,46.745737967348745,159.03014228098914,0.0,0.0,0.0,28.26217660404949,65.86315267880077,154.85159592650143,49.498660332016684,3.622464230818893,27.99986635924713,0.0,0.0,0.0,0.0,0.0,0.0,8.764817638458384e-05,0.0,0.0,0.0,0.0,0.0007497515093475075,0.2846445152718202,0.0,0.0,0.0,0.0,0.0,0.0,7.980999810282346e-05,0.0,0.0,0.0,0.0,5.50125490186387e-05,0.10537519347055437
2026-07-02 07:24:27.058000088,0.0,0.0,0.0,0.0,0.0,0.0,506.86667044702875,0.0,0.0,0.0,0.0,212.11488382889823,594984.446729588,0.015677717379137975,0.030920159141820752,0.009540502219413839,0.0079809209192857,0.007412279824865617,0.007435708836374579,0.003364278677960671,0.003540283849527351,0.03266218718062039,0.007613419832637909,0.07115296327566563,343185.63320028957,244588.35882816132,221360.96505009086,300870.7811439168,219203.82868042315,224873.91283447304,95418.95624952683,59667.566245888265,712862.0280087286,122346.9181637927,1637792.4045332673,254841.58218099666,195925.13529017864,202935.9937366874,246277.55672499607,196181.14097451017,208516.66200791567,32638.06074605922,39763.55340451793,508736.6240366821,21444.988246447847,1193006.6331387702,46.745737967348745,159.03014228098914,0.0,0.0,0.0,28.44449103591036,68.51054015081756,155.84110411695747,49.498660332016684,3.622464230818893,27.413530296794214,0.0,0.0,0.0,0.0,0.0,0.0,8.782761130947304e-05,0.0,0.0,0.0,0.0,0.000749912267906066,0.2850236989908135,0.0,0.0,0.0,0.0,0.0,0.0,7.985049792421362e-05,0.0,0.0,0.0,0.0,5.484526775466871e-05,0.10598884496596292
2026-07-02 07:24:42.058000088,0.0,0.0,0.0,0.0,0.0,0.0,506.00976234876964,0.0,0.0,0.0,0.0,212.11488382889823,594984.9253608581,0.015760180372017287,0.030920159141820752,0.009540502219413839,0.008012569022617653,0.007401349485053265,0.007401080536424205,0.003364278677960671,0.003540283849527351,0.03266218718062039,0.007409819274537865,0.07129821373627553,355514.4185562996,244588.35882816132,221360.96505009086,312243.9528458296,213797.21680037436,216151.87021813786,95418.95624952683,59667.566245888265,712862.0280087286,119075.07694558187,1653524.9482466953,264498.9440380649,195925.13529017864,202935.9937366874,255319.4542272959,191404.75782959332,200701.49090443153,32638.06074605922,39763.55340451793,508736.6240366821,20871.49937135545,1204719.2387787623,55.84306748314658,159.03014228098914,0.0,0.0,0.0,27.378411572150767,68.51054015081756,156.83061230741345,49.498660332016684,3.5255911100262582,27.589505096652957,0.0,0.0,0.0,0.0,0.0,0.0,8.800704623436223e-05,0.0,0.0,0.0,0.0,0.0007500730264646246,0.2854028827098069,0.0,0.0,0.0,0.0,0.0,0.0,8.002287099672887e-05,0.0,0.0,0.0,0.0,5.484526775466871e-05,0.10598889545686169
2026-07-02 07:24:57.058000088,0.0,0.0,0.0,0.0,0.0,0.0,507.6082333529536,0.0,0.0,0.0,0.0,212.52332898618613,594929.2078178856,0.015760180372017287,0.030920159141820752,0.009540502219413839,0.007999152695025933,0.007401349485053265,0.007401080536424205,0.003364278677960671,0.003540283849527351,0.03266218718062039,0.007362235400583878,0.071187325455771,355514.4185562996,244588.35882816132,221360.96505009086,301446.06082021195,213797.21680037436,216151.87021813786,95418.95624952683,59667.566245888265,712862.0280087286,118310.40870705814,1648813.1763508844,264498.9440380649,195925.13529017864,202935.9937366874,246831.8310210813,191404.75782959332,200701.49090443153,32638.06074605922,39763.55340451793,508736.6240366821,20737.46819481515,1200214.9812853795,55.84306748314658,159.03014228098914,0.0,0.0,0.0,27.55277540595854,68.51054015081756,157.82012049786945,49.498660332016684,3.50295070858364,27.765479896511692,0.0,0.0,0.0,0.0,0.0,0.0,8.818648115925142e-05,0.0,0.0,0.0,0.0,0.0007502337850231832,0.2857820664288002,0.0,0.0,0.0,0.0,0.0,0.0,7.94880201306431e-05,0.0,0.0,0.0,0.0,5.4573359762861125e-05,0.10662801669963125
