timestamp,aggregator_energy,api-gateway_energy,authority_energy,clientone_energy,clientthree_energy,clienttwo_energy,kernel_processes_energy,orchestrator_energy,policy_energy,policy-enforcer_energy,rabbitmq_energy,server_energy,sidecar_energy,system_processes_energy,aggregator_cpu_usage,authority_cpu_usage,clientone_cpu_usage,clientthree_cpu_usage,clienttwo_cpu_usage,policy_cpu_usage,server_cpu_usage,sidecar_cpu_usage,aggregator_memory_usage,authority_memory_usage,clientone_memory_usage,clientthree_memory_usage,clienttwo_memory_usage,policy_memory_usage,server_memory_usage,sidecar_memory_usage,aggregator_memory_rss_usage,authority_memory_rss_usage,clientone_memory_rss_usage,clientthree_memory_rss_usage,clienttwo_memory_rss_usage,policy_memory_rss_usage,server_memory_rss_usage,sidecar_memory_rss_usage,aggregator_memory_cache_usage,authority_memory_cache_usage,clientone_memory_cache_usage,clientthree_memory_cache_usage,clienttwo_memory_cache_usage,policy_memory_cache_usage,server_memory_cache_usage,sidecar_memory_cache_usage,aggregator_carbon_coal,api-gateway_carbon_coal,authority_carbon_coal,clientone_carbon_coal,clientthree_carbon_coal,clienttwo_carbon_coal,kernel_processes_carbon_coal,orchestrator_carbon_coal,policy_carbon_coal,policy-enforcer_carbon_coal,rabbitmq_carbon_coal,server_carbon_coal,sidecar_carbon_coal,system_processes_carbon_coal,aggregator_carbon_emission,api-gateway_carbon_emission,authority_carbon_emission,clientone_carbon_emission,clientthree_carbon_emission,clienttwo_carbon_emission,kernel_processes_carbon_emission,orchestrator_carbon_emission,policy_carbon_emission,policy-enforcer_carbon_emission,rabbitmq_carbon_emission,server_carbon_emission,sidecar_carbon_emission,system_processes_carbon_emission
2026-09-20 18:05:22.426000118,4990.326153846155,2495.4861538461532,4750.372307692307,4376.255384615385,4433.710769230768,4821.292307692305,181587.43384615384,2350.913846153846,3996.3569230769235,1439.550769230769,10581.252307692304,4721.870769230769,53240.393549205124,439559.7476923077,0.01066864482894278,0.005227958219938789,0.004404546154097276,0.004192857231834772,0.003864699169723703,0.0005554632368012517,0.003746093125994964,0.01880307469153324,222622.57554501522,191682.14597587133,149209.06805706475,168584.73250655318,73153.54033544632,24688.47178706334,53857.03347490071,533517.0611470699,217081.52403856858,155688.3519427559,144624.4852464521,138980.26654138614,70787.52333414687,5708.295511112413,51691.0195605352,470824.5181825277,0.0,0.0,0.0,0.0,0.0,0.0,0.0,0.0,0.0022704532709738397,0.0009263880068172995,0.002215576937742639,0.00205623722109564,0.0020470645446932488,0.002213874881928333,0.08212857848475545,0.0009967400159517582,0.001772879667567778,0.0007222327530447258,0.004796672790437834,0.002176645654365417,0.021104624403816663,0.19922880079195568,0.001543546372530058,0.0005541999987058821,0.0014279346088048551,0.0014768453455462182,0.0015723725544117646,0.0016967752534406432,0.04625502785218549,0.0005722388626274508,0.0010113779135798317,0.00039338430537254896,0.0027325854070588233,0.0016963529495126045,0.012915813798886627,0.1085982752702366
2026-09-20 18:05:37.426000118,4990.326153846155,2457.6030769230765,4759.258461538463,4376.255384615385,4444.424615384613,4821.292307692305,181634.90461538458,2352.3261538461543,3996.3569230769235,1434.5384615384617,10663.953846153847,4721.870769230769,53076.972307692304,439183.4246153846,0.01066864482894278,0.0050915524870838455,0.004404546154097276,0.004192857231834772,0.003792173257931262,0.0005493914244766802,0.003746093125994964,0.018076406061034028,222622.57554501522,193272.97175821883,149209.06805706475,168584.73250655318,67927.91711255448,23237.44952940042,53857.03347490071,485702.6270957203,217081.52403856858,153951.8272594583,144624.4852464521,138980.26654138614,65730.913303659,5372.800308680255,51691.0195605352,417893.6388716557,0.0,0.0,0.0,0.0,0.0,0.0,0.0,0.0,0.0022775596507206754,0.0009292882884628693,0.0022224258117009726,0.0020626731177201124,0.0020534717314021097,0.0022207184944283338,0.08238379054120325,0.0009998597511838257,0.0017783600592344445,0.0007244932973485233,0.004811686082631928,0.0021833741824904165,0.021179509516182724,0.19984821609885178,0.001543546372530058,0.0005542460349579831,0.0014459793283187405,0.0014768453455462182,0.001602193683096224,0.0016967752534406432,0.04635749089031808,0.0005760684741176472,0.0010113779135798317,0.0003945314129747899,0.002754846843428572,0.0016963529495126045,0.012953912976927282,0.10892849906328471
2026-09-20 18:05:52.426000118,5000.384615384617,2457.6030769230765,4759.258461538463,4369.886153846154,4444.424615384613,4831.661538461538,181657.50769230767,2352.3261538461543,3994.895384615384,1434.5384615384617,10663.953846153847,4738.190769230767,52626.21538461539,439276.1907692307,0.01006086111455983,0.0050915524870838455,0.004212163624853321,0.004192857231834772,0.003792173257931262,0.0005493914244766802,0.003746093125994964,0.01795631000709918,218613.72628766895,193272.97175821883,142691.88855782195,168584.73250655318,67927.91711255448,23237.44952940042,53857.03347490071,483253.79438738193,212774.34722858452,153951.8272594583,138307.5519486967,138980.26654138614,65730.913303659,5372.800308680255,51691.0195605352,414667.6727169934,0.0,0.0,0.0,0.0,0.0,0.0,0.0,0.0,0.002284666030467511,0.0009321885701084389,0.0022292746856593056,0.0020691090143445854,0.0020598789181109707,0.0022275621069283327,0.08263900259765102,0.001002979486415893,0.001783840450901111,0.0007267538416523209,0.00482669937482602,0.002190102710615416,0.021254394628548785,0.20046763140574786,0.0015642989114559313,0.0005542460349579831,0.0014459793283187405,0.0014988692874678543,0.001602193683096224,0.0017289854573253297,0.046552092792232797,0.0005760684741176472,0.0010176899868011202,0.0003945314129747899,0.002754846843428572,0.0017300647540664954,0.013009184486363385,0.10964216021608154
2026-09-20 18:06:07.426000118,5000.384615384617,2418.2523076923085,4771.166153846155,4369.886153846154,4445.043076923075,4831.661538461538,181688.35384615386,2356.3753846153854,3994.895384615384,1430.4492307692308,10676.415384615384,4738.190769230767,52414.42461538461,439007.9538461538,0.01006086111455983,0.0050915524870838455,0.004157106797927104,0.004068797340066142,0.003792173257931262,0.0005493914244766802,0.003746093125994964,0.017612837082357457,218613.72628766895,193272.97175821883,140826.7752071086,163193.28615625334,67927.91711255448,23237.44952940042,53857.03347490071,478761.45037032285,212774.34722858452,153951.8272594583,136499.74588311603,133610.49749297678,65730.913303659,5372.800308680255,51691.0195605352,410670.9588412906,0.0,0.0,0.0,0.0,0.0,0.0,0.0,0.0,0.002293082359321111,0.0009321145145905557,0.00223665210289808,0.0020741979029948606,0.002065613151506666,0.002234537274770782,0.08290092108198317,0.0010064637677920831,0.001789046176913443,0.0007270453077906946,0.004846711842325834,0.002200736637863923,0.021254426407493372,0.2010503556748764,0.0015642989114559313,0.000554207244140056,0.0014648037019102849,0.0014988692874678543,0.0016306659289075627,0.0017289854573253297,0.04665184803668845,0.0005800552481120449,0.0010176899868011202,0.00039580568508123246,0.002771459522112044,0.0017300647540664954,0.01304237643175863,0.10999960022599192
2026-09-20 18:06:22.426000118,5018.166153846152,2418.2523076923085,4771.166153846155,4370.233846153846,4445.043076923075,4836.233846153847,181761.5323076923,2356.3753846153854,3996.803076923077,1430.4492307692308,10676.415384615384,4752.286153846153,52049.47692307692,439188.35076923075,0.008981574126866532,0.0050915524870838455,0.004252812075955129,0.004068797340066142,0.003792173257931262,0.0005339657040691831,0.003659531348741301,0.01724909448718603,225936.40780980137,193272.97175821883,134829.0975903716,163193.28615625334,67927.91711255448,25713.229751095754,49716.094162235044,471884.6940508101,219834.68197206897,153951.8272594583,130683.00617788603,133610.49749297678,65730.913303659,5945.232869427484,47504.33966037,405267.4136539886,0.0,0.0,0.0,0.0,0.0,0.0,0.0,0.0,0.0023001928009877782,0.000935005560423889,0.0022435025956964337,0.002080629622786528,0.0020720182515066667,0.002241381290202881,0.08315615384075375,0.0010095846334170833,0.0017945257273249656,0.0007292997463323611,0.004861740636075833,0.002207477127575857,0.021328371823169816,0.2016696583020112,0.0015856550226680671,0.000554207244140056,0.0014648037019102849,0.0015223058251854886,0.0016306659289075627,0.0017613436511508946,0.04685182848933394,0.0005800552481120449,0.0010243232404481793,0.00039580568508123246,0.002771459522112044,0.001765590209174493,0.013097519676638749,0.11076612124437446
2026-09-20 18:06:37.426000118,5018.166153846152,2379.926153846154,4792.975384615383,4370.233846153846,4458.30153846154,4836.233846153847,181798.16307692308,2358.375384615384,3996.803076923077,1418.1046153846146,10737.664615384616,4752.286153846153,51856.483076923076,439309.0861538461,0.009469608137761319,0.0050915524870838455,0.003944338773241965,0.004068797340066142,0.0037230300305733975,0.0005339657040691831,0.0036075351986267837,0.016973842715848127,238213.1701849783,193272.97175821883,116616.48292189505,163193.28615625334,69861.37697799053,25713.229751095754,51174.27616072709,462491.29596654116,231779.89336387638,153951.8272594583,112991.00620269457,133610.49749297678,67527.18868392632,5945.232869427484,48809.71499237351,397422.87548702606,0.0,0.0,0.0,0.0,0.0,0.0,0.0,0.0,0.002307303242654445,0.0009378966062572223,0.0022503530884947875,0.0020870613425781944,0.0020784233515066665,0.0022482253056349795,0.08341138659952434,0.0010127054990420835,0.0018000052777364885,0.000731554184874028,0.004876769429825833,0.002214217617287791,0.021402317238846252,0.20228896092914597,0.0015856550226680671,0.000554358968605042,0.0014839175389904044,0.0015223058251854886,0.0016615555970770917,0.0017613436511508946,0.04695209279327357,0.0005841637929635854,0.0010243232404481793,0.0003970456896134453,0.0027925564776918764,0.001765590209174493,0.01313610667617987,0.11113938463221251
2026-09-20 18:06:52.426000118,5029.489230769233,2379.926153846154,4792.975384615383,4372.873846153847,4458.30153846154,4836.907692307691,181821.4092307692,2358.375384615384,3990.378461538463,1418.1046153846146,10737.664615384616,4747.483076923075,51399.27692307692,439015.8123076923,0.009469608137761319,0.004964753822419089,0.004158363055674156,0.004068797340066142,0.0037230300305733975,0.0005339657040691831,0.0036075351986267837,0.016491637871699383,238213.1701849783,178658.71958704424,122944.22516514313,163193.28615625334,69861.37697799053,25713.229751095754,51174.27616072709,453312.4230358865,231779.89336387638,142312.2540986766,119122.02597915927,133610.49749297678,67527.18868392632,5945.232869427484,48809.71499237351,387212.4230214644,0.0,0.0,0.0,0.0,0.0,0.0,0.0,0.0,0.002314413684321111,0.0009407876520905554,0.0022572035812931414,0.0020934930623698607,0.002084828451506666,0.0022550693210670785,0.08366661935829489,0.0010158263646670833,0.0018054848281480109,0.0007338086234156945,0.0048917982235758325,0.002220958106999725,0.021476262654522692,0.20290826355628072,0.0016068017491431216,0.000554358968605042,0.0014839175389904044,0.0015467430478431374,0.0016615555970770917,0.0017954737361641124,0.04714750792074696,0.0005841637929635854,0.0010303339384873948,0.0003970456896134453,0.0027925564776918764,0.0017996808543233407,0.013185968289687097,0.11183800528716982
2026-09-20 18:07:07.426000118,5029.489230769233,2335.2430769230764,4802.895384615383,4372.873846153847,4473.904615384617,4836.907692307691,181864.8153846154,2364.873846153845,3990.378461538463,1409.7846153846158,10726.689230769232,4747.483076923075,51205.806153846155,439114.9415384615,0.009040066838159316,0.004964753822419089,0.004158363055674156,0.004068797340066142,0.0037230300305733975,0.0005339657040691831,0.0036075351986267837,0.016240070381836967,221742.1647648572,178658.71958704424,122944.22516514313,163193.28615625334,69861.37697799053,25713.229751095754,51174.27616072709,442961.21082558087,215755.26680298135,142312.2540986766,119122.02597915927,133610.49749297678,67527.18868392632,5945.232869427484,48809.71499237351,377169.79040727654,0.0,0.0,0.0,0.0,0.0,0.0,0.0,0.0,0.0023235377473624142,0.0009413174599746228,0.0022639412511432245,0.002100344107467764,0.00209056437098011,0.0022617164550846887,0.08392659558351384,0.0010195312307078187,0.001810394877475068,0.000734043205433882,0.004909581895028395,0.0022295281164575876,0.0214788688706617,0.20348930738936255,0.0016068017491431216,0.0005540054373949579,0.0015021843705642255,0.0015467430478431374,0.0016932498904646564,0.0017954737361641124,0.047247319017582314,0.00058846006907563,0.0010303339384873948,0.00039854901890756306,0.0028085111916806714,0.0017996808543233407,0.013219912385834537,0.11220215555471137
2026-09-20 18:07:22.426000118,5027.163076923076,2335.2430769230764,4802.895384615383,4375.883076923076,4473.904615384617,4847.4800000000005,181890.22769230767,2364.873846153845,3990.246153846153,1409.7846153846158,10726.689230769232,4745.236923076924,50766.92,438895.3784615384,0.009040066838159316,0.004783921529216239,0.004158363055674156,0.003801773015370407,0.003642979924712373,0.0005451497768947038,0.0036075351986267837,0.016058487962597887,221742.1647648572,165121.8843112404,122944.22516514313,143763.3445927141,63523.53226012987,23481.41050244167,51174.27616072709,434798.45665499417,215755.26680298135,126404.64824564832,119122.02597915927,113309.62968980771,61401.21827221761,5429.207255991903,48809.71499237351,368868.491383473,0.0,0.0,0.0,0.0,0.0,0.0,0.0,0.0,0.002330654356415912,0.0009442012614149522,0.002270791402565989,0.0021067771115829905,0.0020969674213916325,0.0022685598748001354,0.08418184283816857,0.0010226538850288064,0.00181587270471084,0.0007362914574914953,0.004924619126509877,0.0022362741418640924,0.021551963502884856,0.20410849514227333,0.0016278432875870346,0.0005540054373949579,0.0015021843705642255,0.001571969933403361,0.0016932498904646564,0.001829302731599147,0.047444285485172114,0.00058846006907563,0.001037227130408963,0.00039854901890756306,0.0028085111916806714,0.0018343276074866304,0.013269997453387602,0.11292823978360367
2026-09-20 18:07:37.426000118,5027.163076923076,2287.6615384615393,4818.753846153845,4375.883076923076,4501.246153846154,4847.4800000000005,181954.65538461535,2364.987692307693,3990.246153846153,1403.916923076922,10747.790769230774,4745.236923076924,50597.92,439039.2769230769,0.009040066838159316,0.004783921529216239,0.004076245778587168,0.0038061694692843946,0.003642979924712373,0.0005451497768947038,0.0036075351986267837,0.01591013948923154,221742.1647648572,165121.8843112404,125758.5243201189,143929.59568568238,63523.53226012987,23481.41050244167,51174.27616072709,434311.3386458281,215755.26680298135,126404.64824564832,111078.38853948894,113440.66343720088,61401.21827221761,5429.207255991903,48809.71499237351,368358.35750099417,0.0,0.0,0.0,0.0,0.0,0.0,0.0,0.0,0.0023377709654694104,0.0009470850628552812,0.002277641553988753,0.002113210115698217,0.002103370471803155,0.0022754032945155826,0.0844370900928233,0.0010257765393497944,0.0018213505319466126,0.0007385397095491085,0.004939656357991359,0.0022430201672705963,0.02162505813510801,0.20472768289518412,0.0016278432875870346,0.0005536527052436975,0.0015212574147778248,0.001571969933403361,0.0017252684076759061,0.001829302731599147,0.047544383890689074,0.0005920372842016805,0.001037227130408963,0.00040044047199999986,0.002827957431249299,0.0018343276074866304,0.013303738941217379,0.11331350742509076
2026-09-20 18:07:52.426000118,5019.243076923073,2287.6615384615393,4818.753846153845,4376.295384615385,4501.246153846154,4844.615384615383,181927.25846153844,2364.987692307693,3991.3692307692286,1403.916923076922,10747.790769230774,4743.110769230768,50102.85846153846,438880.84923076915,0.009040066838159316,0.004783921529216239,0.004076245778587168,0.003907497034273789,0.0033876953992021085,0.0005451497768947038,0.003523090951847506,0.015094712950657336,221742.1647648572,165121.8843112404,125758.5243201189,136989.96655518396,65652.26984694177,23481.41050244167,55671.71089253131,425047.16254442726,215755.26680298135,126404.64824564832,111078.38853948894,107971.07166337936,63408.46735942084,5429.207255991903,53074.67313079036,359005.45145706454,0.0,0.0,0.0,0.0,0.0,0.0,0.0,0.0,0.0023448875745229088,0.0009499688642956106,0.0022844917054115174,0.002119643119813443,0.002109773522214678,0.00228224671423103,0.08469233734747803,0.0010288991936707817,0.0018268283591823847,0.0007407879616067216,0.00495469358947284,0.0022497661926771,0.021698152767331166,0.2053468706480949,0.0016489230429364702,0.0005536527052436975,0.0015212574147778248,0.001596593665116477,0.0017252684076759061,0.0018629425093048125,0.04773577167114596,0.0005920372842016805,0.0010433187442521004,0.00040044047199999986,0.002827957431249299,0.0018703240394983838,0.013353875171643022,0.11403908632042048
2026-09-20 18:08:07.426000118,5019.243076923073,2242.566153846153,4813.747692307691,4376.295384615385,4530.720000000002,4844.615384615383,181957.02153846153,2368.806153846154,3991.3692307692286,1402.3384615384618,10734.470769230766,4743.110769230768,49902.03999999999,439461.99692307686,0.009040066838159316,0.004783921529216239,0.004076245778587168,0.003907497034273789,0.0035460808543039814,0.0005588061010496832,0.003436550724090469,0.014760326564801649,221742.1647648572,165121.8843112404,125758.5243201189,136989.96655518396,68721.72073105253,25498.5545022129,62808.27177508022,423583.63540238433,215755.26680298135,126404.64824564832,111078.38853948894,107971.07166337936,66373.01339340002,5895.597162117846,48086.60497806018,356347.2723792003,0.0,0.0,0.0,0.0,0.0,0.0,0.0,0.0,0.0023515852513073168,0.0009496885075289974,0.002289240577272022,0.002125103766673848,0.002117930948946477,0.0022887227144278446,0.0849432629475939,0.0010325055490672088,0.0018325308868949127,0.0007413676083273713,0.004969173688970326,0.0022561544477761714,0.021697005574286582,0.20595785588177407,0.0016489230429364702,0.0005530421323473386,0.0015386737476263547,0.001596593665116477,0.0017601654144385028,0.0018629425093048125,0.04783410235314347,0.0005958489485770307,0.0010433187442521004,0.0004023009885154061,0.0028438426398039213,0.0018703240394983838,0.013390416823150616,0.1144276399899059
2026-09-20 18:08:22.426000118,5015.359999999998,2242.566153846153,4813.747692307691,4388.864615384615,4530.720000000002,4851.221538461537,181980.1876923077,2368.806153846154,3993.9969230769234,1402.3384615384618,10734.470769230766,4744.061538461537,49470.39692307692,439866.2246153846,0.008443096168340745,0.0046341204928722094,0.003966603170931019,0.003907497034273789,0.0035460808543039814,0.0005588061010496832,0.003436550724090469,0.014575534584606784,208900.0323022258,152643.55539651023,130378.05647078138,136989.96655518396,68721.72073105253,25498.5545022129,62808.27177508022,415180.0287964062,203178.41596037595,116852.19683232227,114823.01667555979,107971.07166337936,66373.01339340002,5895.597162117846,48086.60497806018,345344.07957336376,0.0,0.0,0.0,0.0,0.0,0.0,0.0,0.0,0.002358700592770732,0.0009525627229761519,0.0022960844467499334,0.0021315338286657186,0.0021243393076863146,0.002295565035712985,0.08519849738926301,0.0010356296669533876,0.0018380093858908965,0.0007436108115794039,0.004984209234702033,0.0022628994035994643,0.02176930783661528,0.20657701938379433,0.0016723525868473838,0.0005530421323473386,0.0015386737476263547,0.0016239218248739493,0.0017601654144385028,0.0018978672663994825,0.04803321227189355,0.0005958489485770307,0.0010503862625882352,0.0004023009885154061,0.0028438426398039213,0.0019064537571428567,0.013440879581187769,0.11520470950108508
2026-09-20 18:08:37.426000118,5015.359999999998,2210.5384615384614,4825.332307692307,4388.864615384615,4543.418461538462,4851.221538461537,182000.87076923077,2371.984615384615,3993.9969230769234,1400.0030769230764,10769.523076923075,4744.061538461537,49292.17538461538,440330.4769230769,0.008078308868889777,0.0046341204928722094,0.0039031030483691028,0.003907497034273789,0.0035460808543039814,0.0005588061010496832,0.003436550724090469,0.014196582950542064,207990.75900273048,152643.55539651023,123293.43451937367,136989.96655518396,68721.72073105253,25498.5545022129,62808.27177508022,416341.80929140846,201908.06566686995,116852.19683232227,108587.5198984024,107971.07166337936,66373.01339340002,5895.597162117846,48086.60497806018,346161.9737465904,0.0,0.0,0.0,0.0,0.0,0.0,0.0,0.0,0.0023658159342341465,0.0009554369384233062,0.002302928316227845,0.002137963890657588,0.002130747666426152,0.0023024073569981257,0.08545373183093212,0.0010387537848395663,0.0018434878848868803,0.0007458540148314362,0.00499924478043374,0.0022696443594227575,0.021841610098943972,0.20719618288581462,0.0016723525868473838,0.0005533991087058823,0.0015584583759700667,0.0016239218248739493,0.0017943774175151906,0.0018978672663994825,0.04813263069173981,0.0005993452574117647,0.0010503862625882352,0.0004041687472941176,0.002865452908235293,0.0019064537571428567,0.013476786394845968,0.11561607614721198
2026-09-20 18:08:52.426000118,5013.375384615384,2210.5384615384614,4825.332307692307,4386.812307692308,4543.418461538462,4868.479999999998,182029.43999999997,2371.984615384615,3997.88,1400.0030769230764,10769.523076923075,4732.089230769229,48875.61538461538,440776.51999999996,0.008078308868889777,0.004537873730598146,0.0039031030483691028,0.003907497034273789,0.0035460808543039814,0.0005588061010496832,0.003436550724090469,0.014074350765608855,207990.75900273048,154838.51007740945,123293.43451937367,136989.96655518396,68721.72073105253,25498.5545022129,62808.27177508022,420276.88285822875,201908.06566686995,116527.71759497552,108587.5198984024,107971.07166337936,66373.01339340002,5895.597162117846,48086.60497806018,348318.508276363,0.0,0.0,0.0,0.0,0.0,0.0,0.0,0.0,0.002372931275697561,0.000958311153870461,0.0023097721857057566,0.002144393952649458,0.0021371560251659894,0.002309249678283266,0.08570896627260123,0.0010418779027257454,0.001848966383882865,0.0007480972180834689,0.005014280326165448,0.0022763893152460504,0.021913912361272665,0.20781534638783491,0.0016946304589629021,0.0005533991087058823,0.0015584583759700667,0.001649940085718651,0.0017943774175151906,0.0019370654762342438,0.04832781753254653,0.0005993452574117647,0.0010564858368963587,0.0004041687472941176,0.002865452908235293,0.0019434221660504195,0.013527316704160684,0.11638367353674631
2026-09-20 18:09:07.426000118,5013.375384615384,2169.4861538461532,4832.206153846152,4386.812307692308,4563.886153846155,4868.479999999998,182066.0615384615,2378.1999999999994,3997.88,1400.6953846153851,10776.003076923074,4732.089230769229,48727.62769230769,441111.83384615375,0.008078308868889777,0.004537873730598146,0.0039031030483691028,0.003823148088427725,0.003490083855679692,0.0005534647801512458,0.003388855851924071,0.013887113849557911,207990.75900273048,154838.51007740945,123293.43451937367,109770.28265170076,63071.93537261471,23353.069106939947,59437.16241680853,433839.1541531469,201908.06566686995,116527.71759497552,108587.5198984024,81763.15429084384,60917.76240719166,5398.7134562643505,45505.65187319591,361581.77474542253,0.0,0.0,0.0,0.0,0.0,0.0,0.0,0.0,0.0023805268333373496,0.000959564224021419,0.002316797917791799,0.0021498961790933067,0.0021455658785013393,0.0023160255580166665,0.08596389334155602,0.0010455499696638555,0.0018566632385223548,0.0007494593697176708,0.005030754083549934,0.0022813993260630957,0.021921265117660613,0.2085431721787416,0.0016946304589629021,0.0005528876222745098,0.0015775429063568957,0.001649940085718651,0.0018320466881565124,0.0019370654762342438,0.048428586158692805,0.0006028937650812324,0.0010564858368963587,0.00040595236073949573,0.002882585805921568,0.0019434221660504195,0.0135639604275089,0.11677782746420377
2026-09-20 18:09:22.426000118,5042.258461538462,2169.4861538461532,4832.206153846152,4389.39076923077,4563.886153846155,4894.772307692305,182155.62769230767,2378.1999999999994,3998.1661538461526,1400.6953846153851,10776.003076923074,4742.507692307692,48335.93846153846,441636.283076923,0.008078308868889777,0.004537873730598146,0.0039031030483691028,0.003823148088427725,0.003490083855679692,0.0005534647801512458,0.003388855851924071,0.013703010175761659,207990.75900273048,154838.51007740945,123293.43451937367,109770.28265170076,63071.93537261471,23353.069106939947,59437.16241680853,428721.30851184163,201908.06566686995,116527.71759497552,108587.5198984024,81763.15429084384,60917.76240719166,5398.7134562643505,45505.65187319591,357820.63632206555,0.0,0.0,0.0,0.0,0.0,0.0,0.0,0.0,0.0023876436104457834,0.0009624335814511378,0.0023236423245378305,0.002156323467245917,0.0021519802208708164,0.0023228676830166664,0.08621912687234584,0.0010486757256879516,0.0018621482911017194,0.0007516999389947792,0.0050457939289314585,0.002288139156420238,0.021992861332662435,0.20916265937163223,0.0017209339862791016,0.0005528876222745098,0.0015775429063568957,0.0016775947111897392,0.0018320466881565124,0.0019777462360944372,0.04862997523348895,0.0006028937650812324,0.0010634202057142857,0.00040595236073949573,0.002882585805921568,0.001982614623551097,0.013620839677341736,0.11755197646267608
2026-09-20 18:09:37.426000118,5042.258461538462,2130.446153846154,4838.283076923076,4389.39076923077,4578.77846153846,4894.772307692305,182189.1815384615,2378.2307692307695,3998.1661538461526,1399.2430769230764,10832.092307692308,4742.507692307692,48160.6123076923,441818.21538461535,0.007812478207717883,0.004537873730598146,0.0039031030483691028,0.003823148088427725,0.003415282270692439,0.0005326642013045194,0.0032879530119100994,0.01342804749651292,197366.69316381944,154838.51007740945,123293.43451937367,109770.28265170076,39929.94431372764,24473.784524581915,65047.55931985429,417289.5470739014,191598.37895113695,116527.71759497552,108587.5198984024,81763.15429084384,38355.48458196035,5657.798092127848,49783.78806530099,347445.2849713743,0.0,0.0,0.0,0.0,0.0,0.0,0.0,0.0,0.002394760387554217,0.0009653029388808568,0.0023304867312838626,0.0021627507553985273,0.002158394563240295,0.0023297098080166667,0.08647436040313566,0.0010518014817120483,0.001867633343681085,0.0007539405082718875,0.005060833774312986,0.0022948789867773814,0.022064457547664267,0.20978214656452285,0.0017209339862791016,0.0005515869447619047,0.0015970903561780265,0.0016775947111897392,0.0018696273442496997,0.0019777462360944372,0.04872932706210519,0.0006055970904761905,0.0010634202057142857,0.00040755800285714283,0.0029015604580952385,0.001982614623551097,0.013656532432893638,0.11795710932411964
2026-09-20 18:09:52.426000118,5071.716923076922,2130.446153846154,4838.283076923076,4395.107692307692,4578.77846153846,4920.384615384614,182257.79076923075,2378.2307692307695,4007.1784615384618,1399.2430769230764,10832.092307692308,4743.710769230769,47824.295384615376,441911.6430769231,0.0072813336784523595,0.0044175302873024945,0.003607086744761041,0.003823148088427725,0.003415282270692439,0.0005637581315699363,0.0032879530119100994,0.013124922626176292,196276.17056414203,156700.034826594,124217.16983278161,109770.28265170076,39929.94431372764,25902.425960357967,65047.55931985429,398817.9241479121,190075.46076124266,120836.78499819105,108512.86440857827,81763.15429084384,38355.48458196035,5988.068417975893,49783.78806530099,328242.76936811703,0.0,0.0,0.0,0.0,0.0,0.0,0.0,0.0,0.002401877164662651,0.0009681722963105757,0.002337331138029894,0.002169178043551138,0.0021648089056097728,0.0023365519330166666,0.08672959393392549,0.0010549272377361446,0.0018731183962604498,0.0007561810775489961,0.005075873619694512,0.0023016188171345237,0.022136053762666096,0.21040163375741341,0.001746819083730814,0.0005515869447619047,0.0015970903561780265,0.001706395825210084,0.0018696273442496997,0.002020343681837896,0.04892766042462744,0.0006055970904761905,0.001070184219630252,0.00040755800285714283,0.0029015604580952385,0.0020219198740873395,0.013708421898377877,0.11869248766460581
2026-09-20 18:10:07.426000118,5071.716923076922,2085.880000000001,4834.2184615384585,4395.107692307692,4577.3569230769235,4920.384615384614,182273.68615384612,2382.8553846153836,4007.1784615384618,1402.9292307692303,10846.938461538453,4743.710769230769,47614.74769230768,441966.4892307692,0.0072813336784523595,0.00420914488768715,0.003698121833893071,0.0037486229825036657,0.003415282270692439,0.0005527576410437261,0.0032879530119100994,0.012692188664906554,196276.17056414203,144737.4811593938,119255.09144373138,113639.41065380233,39929.94431372764,30466.130991901642,65047.55931985429,384749.9829487641,190075.46076124266,106737.48481332955,104174.9276031393,83189.46262216406,38355.48458196035,5635.161221844328,49783.78806530099,316912.95838371874,0.0,0.0,0.0,0.0,0.0,0.0,0.0,0.0,0.0024140433864185185,0.0009686265052535715,0.0023438139502528106,0.002174679689464286,0.002172497605195238,0.0023459249958254903,0.08699091793363149,0.0010583491526682538,0.001881507393676601,0.0007576923271939154,0.005093509216987038,0.0023068070225200003,0.022149517505431666,0.21101409128655604,0.001746819083730814,0.0005504244219831934,0.0016154007612492161,0.001706395825210084,0.0019068388688208184,0.002020343681837896,0.049025211826797366,0.0006093104341512604,0.001070184219630252,0.00040961976963025195,0.0029158091957647053,0.0020219198740873395,0.013740025658227222,0.1190962550346412
2026-09-20 18:10:22.426000118,5108.015384615381,2085.880000000001,4834.2184615384585,4412.313846153845,4577.3569230769235,4944.926153846154,182394.37846153844,2382.8553846153836,4017.095384615382,1402.9292307692303,10846.938461538453,4751.396923076921,47263.05846153846,442610.55999999994,0.0072813336784523595,0.00420914488768715,0.003698121833893071,0.0037486229825036657,0.0033677020889480397,0.0005527576410437261,0.0032567995496287955,0.012396496220753951,196276.17056414203,144737.4811593938,119255.09144373138,113639.41065380233,37286.62010918358,30466.130991901642,61401.80852186763,361743.32447446574,190075.46076124266,106737.48481332955,104174.9276031393,83189.46262216406,35816.388108999425,5635.161221844328,46993.53295098694,293845.7019883158,0.0,0.0,0.0,0.0,0.0,0.0,0.0,0.0,0.0024211750808629633,0.0009714887165630953,0.0023506573012332024,0.002181104243035714,0.002178915712338095,0.0023527745105313726,0.0872461694701161,0.001061475783620635,0.0018870009250491508,0.000759930741876455,0.005108556730875926,0.00231354232252,0.022220478612358603,0.21163355848311302,0.0017734368414789913,0.0005504244219831934,0.0016154007612492161,0.0017362268751351347,0.0019068388688208184,0.002064535817583689,0.04922678906180204,0.0006093104341512604,0.001076653672560224,0.00040961976963025195,0.0029158091957647053,0.0020622043529411756,0.013796849795850845,0.11990502778892859
2026-09-20 18:10:37.426000118,5108.015384615381,2046.5323076923073,4832.606153846151,4412.313846153845,4581.535384615386,4944.926153846154,182421.2923076923,2384.993846153847,4017.095384615382,1404.0923076923075,10913.304615384612,4751.396923076921,47061.97538461538,442769.243076923,0.007030673502025611,0.00420914488768715,0.003698121833893071,0.0035742581273618713,0.0033677020889480397,0.0005527576410437261,0.0032567995496287955,0.011954301978202018,184379.6843269603,144737.4811593938,119255.09144373138,108353.54449187237,37286.62010918358,30466.130991901642,61401.80852186763,363274.65648490156,178555.02703665275,106737.48481332955,104174.9276031393,79319.95676170824,35816.388108999425,5635.161221844328,46993.53295098694,294255.70289354876,0.0,0.0,0.0,0.0,0.0,0.0,0.0,0.0,0.0024283067753074076,0.0009743509278726191,0.002357500652213595,0.002187528796607143,0.002185333819480952,0.002359624025237255,0.08750142100660069,0.0010646024145730159,0.0018924944564216997,0.0007621691565589948,0.0051236042447648155,0.00232027762252,0.022291439719285544,0.21225302567966997,0.0017734368414789913,0.0005493903320560224,0.0016344145379313826,0.0017362268751351347,0.0019463000347265463,0.002064535817583689,0.04932638500940678,0.0006126991284705883,0.001076653672560224,0.00041173678561344534,0.0029344104353837526,0.0020622043529411756,0.013830947095037167,0.12032949912618876
2026-09-20 18:10:52.426000118,5140.172307692305,2046.5323076923073,4832.606153846151,4420.606153846154,4581.535384615386,4973.083076923077,182532.4123076923,2384.993846153847,4016.5569230769224,1404.0923076923075,10913.304615384612,4766.301538461536,46728.972307692304,443111.02153846156,0.007030673502025611,0.00420914488768715,0.003698121833893071,0.0036805688052032465,0.003298654668003866,0.0005527576410437261,0.0032567995496287955,0.011509831987111184,184379.6843269603,144737.4811593938,119255.09144373138,102783.09675109951,38136.66549209877,30466.130991901642,61401.80852186763,348682.2595918552,178555.02703665275,106737.48481332955,104174.9276031393,75242.12362746683,36574.93110707541,5635.161221844328,46993.53295098694,272395.87766467856,0.0,0.0,0.0,0.0,0.0,0.0,0.0,0.0,0.002435438469751852,0.000977213139182143,0.002364344003193987,0.0021939533501785717,0.0021917519266238094,0.002366473539943137,0.08775667254308528,0.001067729045525397,0.0018979879877942486,0.0007644075712415345,0.005138651758653704,0.00232701292252,0.02236240082621248,0.21287249287622695,0.0017847995942969189,0.0005493903320560224,0.0016344145379313826,0.0017660807578128233,0.0019463000347265463,0.002111158016369748,0.04952414305944102,0.0006126991284705883,0.001082742684705882,0.00041173678561344534,0.0029344104353837526,0.0020692632924929964,0.01385988129217178,0.12090971558465473
2026-09-20 18:11:07.426000118,5140.172307692305,2002.086153846154,4832.006153846152,4420.606153846154,4589.883076923077,4973.083076923077,182569.34461538462,2387.4092307692304,4016.5569230769224,1405.7907692307688,10920.858461538457,4766.301538461536,46539.329230769225,442953.8061538462,0.00575491625080546,0.00420914488768715,0.003698121833893071,0.0036805688052032465,0.003298654668003866,0.0005527576410437261,0.0032567995496287955,0.01123433262194323,150401.47868982452,144737.4811593938,119255.09144373138,102783.09675109951,38136.66549209877,30466.130991901642,61401.80852186763,333030.32465800433,145099.84480975865,106737.48481332955,104174.9276031393,75242.12362746683,36574.93110707541,5635.161221844328,46993.53295098694,258891.22146698265,0.0,0.0,0.0,0.0,0.0,0.0,0.0,0.0,0.002447047000038301,0.0009771118514179083,0.0023698415929315248,0.0021999821396677124,0.0021969332620154253,0.0023766361865983207,0.08801785474025033,0.0010715898343202615,0.0019049489605342377,0.0007664502344836603,0.005155551040395686,0.0023330204485795866,0.022372235415526916,0.21350203223866382,0.0017847995942969189,0.0005482881382184873,0.0016546416557575755,0.0017660807578128233,0.0019874485426386555,0.002111158016369748,0.049625415646314966,0.0006169541642689074,0.001082742684705882,0.0004139605504649859,0.0029475366872436966,0.0020692632924929964,0.013895423476947569,0.12131279116385685
2026-09-20 18:11:22.426000118,5177.16,2002.086153846154,4832.006153846152,4432.6030769230765,4589.883076923077,4999.879999999999,182692.37846153844,2387.4092307692304,4021.4153846153818,1405.7907692307688,10920.858461538457,4791.778461538462,46148.073846153835,444335.0646153846,0.006048586566648536,0.00420914488768715,0.003698121833893071,0.0036805688052032465,0.003261531315386876,0.0005527576410437261,0.0029691692227076963,0.011094044740727482,158076.38616461612,144737.4811593938,119255.09144373138,102783.09675109951,35974.68688874589,30466.130991901642,64757.80025205248,337177.26149222994,152504.21272703272,106737.48481332955,104174.9276031393,75242.12362746683,34501.4876779695,5635.161221844328,49497.55021033428,262930.6182695779,0.0,0.0,0.0,0.0,0.0,0.0,0.0,0.0,0.002454191765724575,0.0009799653994571242,0.0023766810599857888,0.002206405537706928,0.002203347758093856,0.0023834952631487084,0.08827312356683492,0.0010747186088300655,0.001910446727007106,0.0007686880776209151,0.00517060396098392,0.002339753648191989,0.022442596723110133,0.21412152894095524,0.0017961492831372549,0.0005482881382184873,0.0016546416557575755,0.0017968879091736691,0.0019874485426386555,0.002123118826666666,0.04982621063320697,0.0006169541642689074,0.001088679101983193,0.0004139605504649859,0.0029475366872436966,0.0020793974543193276,0.013911041851238967,0.12189083799107439
2026-09-20 18:11:37.426000118,5177.16,1955.11076923077,4840.48923076923,4432.6030769230765,4595.089230769228,4999.879999999999,182719.76615384614,2386.5353846153853,4021.4153846153818,1405.9107692307691,10949.29230769231,4791.778461538462,45951.68307692308,444696.28923076915,0.006048586566648536,0.0039180996762253,0.0034425412646679255,0.0033589562385787945,0.003261531315386876,0.0005290105479597363,0.003094522596668056,0.010943238684879826,158076.38616461612,151553.49167552954,95137.28437926673,80896.4004116526,35974.68688874589,24678.084171474777,63003.389953410806,325149.8299734599,152504.21272703272,113122.43829346997,80518.83752564316,52884.36831981681,34501.4876779695,0.0,48156.56871453692,251461.92033141712,0.0,0.0,0.0,0.0,0.0,0.0,0.0,0.0,0.0024613365314108495,0.0009828189474963397,0.002383520527040052,0.0022128289357461438,0.0022097622541722875,0.002390354339699096,0.0885283923934195,0.0010778473833398692,0.001915944493479974,0.00077092592075817,0.005185656881572158,0.0023464868478043927,0.02251295803069335,0.2147410256432466,0.0017961492831372549,0.0005467588918319327,0.0016753854545692472,0.0017968879091736691,0.001995458081568627,0.002123118826666666,0.04992579163157671,0.000620650030117647,0.001088679101983193,0.00041580799983193266,0.002963387973848739,0.0020793974543193276,0.01393251992811029,0.12224074346888582
2026-09-20 18:11:52.426000118,5172.403076923078,1955.11076923077,4840.48923076923,4424.381538461537,4595.089230769228,5038.486153846156,182783.33538461538,2386.5353846153853,4032.2738461538434,1405.9107692307691,10949.29230769231,4808.904615384612,45551.772307692314,445729.4338461538,0.005851780473686197,0.0039180996762253,0.003529789043182507,0.0035265354908141995,0.002950667486523351,0.0005290105479597363,0.003094522596668056,0.010494375666994646,148313.78921728377,151553.49167552954,102069.88074992958,84932.34411756303,37472.072076922035,24678.084171474777,63003.389953410806,315486.920995331,143085.99979094072,113122.43829346997,76949.47956334095,55522.78402651454,35979.48148750642,0.0,48156.56871453692,243221.0759508009,0.0,0.0,0.0,0.0,0.0,0.0,0.0,0.0,0.0024684812970971245,0.0009856724955355555,0.0023903599940943154,0.0022192523337853597,0.002216176750250719,0.0023972134162494833,0.08878366122000408,0.0010809761578496732,0.0019214422599528427,0.000773163763895425,0.0052007098021603915,0.002353220047416796,0.02258331933827657,0.21536052234553799,0.0018010297172268905,0.0005467588918319327,0.0016753854545692472,0.001826577578904012,0.001995458081568627,0.002137215151792717,0.05012134717426082,0.000620650030117647,0.001095411984313725,0.00041580799983193266,0.002963387973848739,0.0020898913796974787,0.013947715788193819,0.12278340266394787
2026-09-20 18:12:07.426000118,5172.403076923078,1909.4553846153838,4836.892307692308,4424.381538461537,4611.160000000001,5038.486153846156,182811.03999999998,2389.104615384615,4032.2738461538434,1406.7876923076915,10934.913846153851,4808.904615384612,45315.21538461538,445486.36615384615,0.005851780473686197,0.0039180996762253,0.003529789043182507,0.0035265354908141995,0.0030957513798176477,0.0005290105479597363,0.003094522596668056,0.009825503545223055,148313.78921728377,151553.49167552954,102069.88074992958,84932.34411756303,39314.56843801831,24678.084171474777,63003.389953410806,314356.3565002962,143085.99979094072,113122.43829346997,76949.47956334095,55522.78402651454,37748.58738532755,0.0,48156.56871453692,240998.74759928288,0.0,0.0,0.0,0.0,0.0,0.0,0.0,0.0,0.0024762558685222226,0.0009855268324979328,0.002395417910620818,0.0022246359859237727,0.0022222477888218344,0.0024087709669250324,0.08904223870490656,0.0010846138321760983,0.0019272541970181353,0.0007750396279183463,0.005214597315110983,0.0023615122130462326,0.022593941362191686,0.21612283458390916,0.0018010297172268905,0.0005457863088235293,0.0016953847068131866,0.001826577578904012,0.002006052544084034,0.002137215151792717,0.05022274749163896,0.0006247535745098038,0.001095411984313725,0.0004184024598039215,0.0029764613784313723,0.0020898913796974787,0.013972298205183857,0.12308474814180469
2026-09-20 18:12:22.426000118,5171.8923076923065,1909.4553846153838,4836.892307692308,4427.501538461539,4611.160000000001,5080.089230769233,182924.8,2389.104615384615,4037.433846153848,1406.7876923076915,10934.913846153851,4839.683076923077,44945.12615384615,446264.3384615384,0.005851780473686197,0.0039180996762253,0.003529789043182507,0.0035265354908141995,0.0030957513798176477,0.0005290105479597363,0.003094522596668056,0.009617916836754375,148313.78921728377,151553.49167552954,102069.88074992958,84932.34411756303,39314.56843801831,24678.084171474777,63003.389953410806,318232.8221471103,143085.99979094072,113122.43829346997,76949.47956334095,55522.78402651454,37748.58738532755,0.0,48156.56871453692,244867.1698047575,0.0,0.0,0.0,0.0,0.0,0.0,0.0,0.0,0.002483402451855556,0.0009883717142808786,0.0024022522947204344,0.002231056383210594,0.002228661293666796,0.002415643448725798,0.08929751700271016,0.0010877440753931523,0.0019327528598533838,0.0007772764263679588,0.005229646872281525,0.002368249860555811,0.022663746168945845,0.21674274009768668,0.0018078371863081229,0.0005457863088235293,0.0016953847068131866,0.0018595943997118847,0.002006052544084034,0.002151386899193277,0.050426756014963575,0.0006247535745098038,0.0011020013024089636,0.0004184024598039215,0.0029764613784313723,0.0021023739278431377,0.013994792249514394,0.12360931249784095
2026-09-20 18:12:37.426000118,5171.8923076923065,1866.4646153846152,4840.578461538462,4427.501538461539,4630.630769230769,5080.089230769233,182970.7415384615,2394.735384615385,4037.433846153848,1411.618461538461,10981.701538461542,4839.683076923077,44780.37538461538,446494.7076923076,0.005851780473686197,0.0039180996762253,0.003180757803015825,0.003486828499637266,0.0030957513798176477,0.0005290105479597363,0.003094522596668056,0.009571360998770699,148313.78921728377,151553.49167552954,102626.64355062757,77294.74119408082,39314.56843801831,24678.084171474777,63003.389953410806,293187.53659533255,143085.99979094072,113122.43829346997,76389.75084237421,50529.85722098807,37748.58738532755,0.0,48156.56871453692,220817.90541789125,0.0,0.0,0.0,0.0,0.0,0.0,0.0,0.0,0.002490549035188889,0.0009912165960638244,0.0024090866788200518,0.0022374767804974162,0.0022350747985117572,0.0024225159305265656,0.0895527953005138,0.001090874318610207,0.0019382515226886337,0.0007795132248175712,0.005244696429452068,0.00237498750806539,0.022733550975700005,0.21736264561146418,0.0018078371863081229,0.0005449946714173667,0.0017168517134414697,0.0018595943997118847,0.0020150836163025207,0.002151386899193277,0.05052791076955119,0.0006290663898711482,0.0011020013024089636,0.000421180912582633,0.0029974002361008397,0.0021023739278431377,0.014018545292453492,0.12392321980515966
2026-09-20 18:12:52.426000118,5168.036923076919,1866.4646153846152,4840.578461538462,4433.784615384613,4630.630769230769,5103.292307692307,183064.5446153846,2394.735384615385,4038.083076923076,1411.618461538461,10981.701538461542,4860.658461538458,44340.48923076922,446817.10461538454,0.00421007765228508,0.0039180996762253,0.003339491542552279,0.003486828499637266,0.0030957513798176477,0.0005290105479597363,0.003094522596668056,0.009349957617830829,115068.56137026264,151553.49167552954,107748.16235706428,77294.74119408082,39314.56843801831,24678.084171474777,63003.389953410806,285830.02347656124,110379.11696912893,113122.43829346997,80201.93383913403,50529.85722098807,37748.58738532755,0.0,48156.56871453692,213821.09493086545,0.0,0.0,0.0,0.0,0.0,0.0,0.0,0.0,0.002497695618522223,0.0009940614778467698,0.0024159210629196674,0.002243897177784238,0.002241488303356718,0.0024293884123273313,0.08980807359831741,0.0010940045618272611,0.0019437501855238829,0.0007817500232671835,0.0052597459866226106,0.002381725155574968,0.022803355782454165,0.2179825511252417,0.0018139340685490194,0.0005449946714173667,0.0017168517134414697,0.0018936049595031056,0.0020150836163025207,0.0021641680987450978,0.05072561140079676,0.0006290663898711482,0.0011082135646218487,0.000421180912582633,0.0029974002361008397,0.0021126062359719884,0.014031536765151936,0.1244040939109001
2026-09-20 18:13:07.426000118,5168.036923076919,1822.886153846154,4849.710769230768,4433.784615384613,4651.064615384613,5103.292307692307,183120.86461538463,2402.870769230769,4038.083076923076,1419.504615384615,10968.246153846147,4860.658461538458,44159.89230769231,447254.5876923076,0.004173453837859191,0.0035974887397083786,0.003339491542552279,0.003486828499637266,0.002934100057055693,0.0005548884874074635,0.003094522596668056,0.008856102296795192,122258.30572110563,133605.27073689963,107748.16235706428,77294.74119408082,37261.67361149791,22820.45660617379,63003.389953410806,296959.0405363794,117081.40661697266,92434.83777361446,80201.93383913403,50529.85722098807,35777.4636306826,0.0,48156.56871453692,219622.43417799604,0.0,0.0,0.0,0.0,0.0,0.0,0.0,0.0,0.0025036302409449556,0.000994576693012899,0.0024226491625516412,0.0022510421439066414,0.0022494232864243933,0.0024417811538768944,0.09007424419006732,0.00109862107917152,0.0019497997410703285,0.0007844153451113667,0.005276043868215581,0.0023909893289982324,0.022826886037277228,0.21858229427296816,0.0018139340685490194,0.0005440704822016806,0.001738928601512605,0.0018936049595031056,0.0020252506996694675,0.0021641680987450978,0.050827356850987854,0.0006332431258319328,0.0011082135646218487,0.0004242348504033612,0.0030131785039495787,0.0021126062359719884,0.014058459509572428,0.12472199730115953
2026-09-20 18:13:22.426000118,5171.360000000001,1822.886153846154,4849.710769230768,4446.646153846154,4651.064615384613,5129.15076923077,183218.32923076922,2402.870769230769,4039.4923076923055,1419.504615384615,10968.246153846147,4876.390769230768,43783.079999999994,447452.2738461538,0.004389726792978344,0.0035201112525897788,0.003177028704126642,0.0033342739981779084,0.003060737256895892,0.0005650239590029763,0.0029038000106561754,0.008306333074306648,128593.8652105398,121395.94843462248,102506.32476932886,78797.37574151017,35553.856192534215,18454.437772701785,62057.411506322824,271672.64103278465,123148.69351705941,83996.31675874771,76300.19201625384,49909.7298480407,34137.67213253676,0.0,47268.979057000615,195467.2037839583,0.0,0.0,0.0,0.0,0.0,0.0,0.0,0.0,0.0025107733664238826,0.0009974149181086844,0.002429483246831945,0.002257464608466028,0.002255841132209834,0.0024486692078541667,0.09032955327602388,0.001101755562887995,0.0019552999579263894,0.0007866533661841636,0.005291096986989528,0.0023977341036194445,0.022896207092796505,0.2192021427498163,0.0018225297218823523,0.0005440704822016806,0.001738928601512605,0.0019284159154869004,0.0020252506996694675,0.002176322921792717,0.05102877350934391,0.0006332431258319328,0.0011147139699831928,0.0004242348504033612,0.0030131785039495787,0.002123718136638655,0.01408027375683618,0.12522573728028452
2026-09-20 18:13:37.426000118,5171.360000000001,1779.470769230768,4861.110769230767,4446.646153846154,4665.587692307692,5129.15076923077,183284.18153846153,2408.6584615384613,4039.4923076923055,1426.5046153846158,11000.639999999998,4876.390769230768,43622.67384615384,447940.01538461534,0.004389726792978344,0.0035201112525897788,0.003135285059844738,0.0033342739981779084,0.0029371764286724366,0.0005650239590029763,0.0029038000106561754,0.007470912893540864,128593.8652105398,121395.94843462248,101159.47273986555,78797.37574151017,36084.82504421415,18454.437772701785,62057.411506322824,232495.85012280956,123148.69351705941,83996.31675874771,75297.66784326466,49909.7298480407,34550.260877230685,0.0,47268.979057000615,156347.52585051724,0.0,0.0,0.0,0.0,0.0,0.0,0.0,0.0,0.0025179164919028095,0.0010002531432044702,0.0024363173311122478,0.0022638870730254156,0.0022622589779952747,0.00245555726183144,0.09058486236198043,0.00110489004660447,0.0019608001747824493,0.0007888913872569607,0.005306150105763475,0.002404478878240657,0.02296552814831578,0.21982199122666457,0.0018225297218823523,0.0005432676452885154,0.0017612468496314426,0.0019284159154869004,0.002034294566341736,0.002176322921792717,0.051129113124929966,0.0006372954432605042,0.0011147139699831928,0.0004270795204257703,0.0030331252143529406,0.002123718136638655,0.014104743124167119,0.12556184485925476
2026-09-20 18:13:52.426000118,5157.443076923076,1779.470769230768,4861.110769230767,4448.166153846156,4665.587692307692,5140.464615384614,183239.16923076924,2408.6584615384613,4035.436923076923,1426.5046153846158,11000.639999999998,4866.2,43090.77230769231,448781.46769230766,0.004389726792978344,0.0035201112525897788,0.0032825225906526465,0.0033125130023268683,0.0029371764286724366,0.0005650239590029763,0.0029038000106561754,0.007123960492998532,128593.8652105398,121395.94843462248,97123.11916434995,73636.81594649072,36084.82504421415,18454.437772701785,62057.411506322824,217551.21728977145,123148.69351705941,83996.31675874771,72293.22344873221,46641.065849902014,34550.260877230685,0.0,47268.979057000615,142008.64410770053,0.0,0.0,0.0,0.0,0.0,0.0,0.0,0.0,0.002525059617381737,0.0010030913683002553,0.002443151415392551,0.002270309537584802,0.002268676823780715,0.0024624453158087123,0.09084017144793698,0.001108024530320945,0.00196630039163851,0.0007911294083297574,0.00532120322453742,0.0024112236528618684,0.023034849203835053,0.2204418397035128,0.0018288880311204479,0.0005432676452885154,0.0017612468496314426,0.0019631484295697978,0.002034294566341736,0.0021867025452941176,0.051319139359885454,0.0006372954432605042,0.0011212965262016805,0.0004270795204257703,0.0030331252143529406,0.002131682474840336,0.014115682367725792,0.12612881973486129
2026-09-20 18:14:07.426000118,5157.443076923076,1738.9261538461528,4866.353846153848,4448.166153846156,4676.904615384616,5140.464615384614,183316.87999999998,2414.464615384615,4035.436923076923,1434.2030769230767,10985.938461538459,4866.2,42918.14153846153,449250.1753846153,0.004389726792978344,0.0035201112525897788,0.0032825225906526465,0.0033125130023268683,0.0029371764286724366,0.00055842563076956,0.0029038000106561754,0.006831963863337797,128593.8652105398,121395.94843462248,97123.11916434995,73636.81594649072,36084.82504421415,17397.295664348163,62057.411506322824,212047.585118712,123148.69351705941,83996.31675874771,72293.22344873221,46641.065849902014,34550.260877230685,0.0,47268.979057000615,136835.26818839778,0.0,0.0,0.0,0.0,0.0,0.0,0.0,0.0,0.0025305076435458334,0.001003664165554419,0.002449558859875531,0.002276397455913889,0.0022772659016880047,0.0024724646134843954,0.09109105155893044,0.0011125337551047979,0.0019714818559383273,0.0007943025938090911,0.005335835573348485,0.002417554447767541,0.023055881444805637,0.2211612236792788,0.0018288880311204479,0.0005424096146554622,0.0017834423030438846,0.0019631484295697978,0.002042481916470588,0.0021867025452941176,0.05142015166796887,0.0006409018636694678,0.0011212965262016805,0.00043007509207282916,0.0030491660094901954,0.002131682474840336,0.014139893684125904,0.1264528945851066
2026-09-20 18:14:22.426000118,5166.735384615386,1738.9261538461528,4866.353846153848,4453.6799999999985,4676.904615384616,5143.495384615382,183392.8676923077,2414.464615384615,4035.1200000000003,1434.2030769230767,10985.938461538459,4878.950769230768,42472.59076923077,449422.3846153845,0.004389726792978344,0.0035044485048398633,0.0030508054123711313,0.0033125130023268683,0.002931058305437206,0.00055842563076956,0.002894645287704883,0.005596190913874866,128593.8652105398,128926.73245184915,73806.4212076583,73636.81594649072,34106.345215333225,17397.295664348163,58568.49594691228,208025.50161033237,123148.69351705941,93001.5645793467,47968.895434462436,46641.065849902014,32655.919027314052,0.0,44611.48058089003,132557.44087851726,0.0,0.0,0.0,0.0,0.0,0.0,0.0,0.0,0.0025376459872958335,0.001006495990365025,0.002456391754070287,0.0022828189767472224,0.0022836898723319443,0.002479361401873908,0.09134634823460926,0.0011156721168472223,0.001976981183653683,0.0007965432529,0.005350887505166667,0.0024242980676177275,0.023124743490890987,0.2217813526054045,0.0018398609240896356,0.0005424096146554622,0.0017834423030438846,0.001998719985546218,0.002042481916470588,0.0021963199649747897,0.05162072405232804,0.0006409018636694678,0.0011280926974789915,0.00043007509207282916,0.0030491660094901954,0.0021418277997086836,0.014151322203825166,0.1269940997741675
2026-09-20 18:14:37.426000118,5166.735384615386,1692.0830769230774,4868.747692307694,4453.6799999999985,4696.283076923076,5143.495384615382,183444.71384615384,2411.2738461538465,4035.1200000000003,1441.1661538461542,11005.295384615381,4878.950769230768,42261.664615384616,449611.7876923076,0.004294903498952082,0.0035044485048398633,0.0030508054123711313,0.0033125130023268683,0.002931058305437206,0.00055842563076956,0.002894645287704883,0.005335365044844376,118139.19381854605,128926.73245184915,73806.4212076583,73636.81594649072,34106.345215333225,17397.295664348163,58568.49594691228,205300.9826677423,113136.71416667369,93001.5645793467,47968.895434462436,46641.065849902014,32655.919027314052,0.0,44611.48058089003,129947.1858737076,0.0,0.0,0.0,0.0,0.0,0.0,0.0,0.0,0.002544784331045834,0.0010093278151756312,0.0024632246482650436,0.002289240497580556,0.0022901138429758843,0.002486258190263421,0.0916016449102881,0.0011188104785896467,0.0019824805113690387,0.0007987839119909092,0.005365939436984849,0.002431041687467915,0.02319360553697634,0.22240148153153025,0.0018398609240896356,0.0005415267307563025,0.0018047821726117643,0.001998719985546218,0.0020535385314621847,0.0021963199649747897,0.05172117578065857,0.0006443995613445377,0.0011280926974789915,0.0004331951868907562,0.0030698755563025202,0.0021418277997086836,0.014174333147283235,0.12729727079910183
2026-09-20 18:14:52.426000118,5176.421538461538,1692.0830769230774,4868.747692307694,4460.673846153846,4696.283076923076,5153.375384615383,183537.84923076924,2411.2738461538465,4032.2953846153828,1441.1661538461542,11005.295384615381,4880.5230769230775,41849.93846153846,449396.8738461538,0.003223246697664446,0.003094834627136077,0.0030508054123711313,0.0030902553158912117,0.002931058305437206,0.000554595991557166,0.002718889871081745,0.00439917952053064,92020.60501095402,136439.05390906628,73806.4212076583,53390.12804072806,34106.345215333225,19176.742088649564,43169.960953944705,184674.88789537406,87636.19016291552,97081.19586725623,47968.895434462436,24615.66728549829,32655.919027314052,0.0,28621.94027997786,109380.88352037824,0.0,0.0,0.0,0.0,0.0,0.0,0.0,0.0,0.0025519226747958332,0.001012159639986237,0.0024700575424598005,0.002295662018413889,0.002296537813619823,0.002493154978652934,0.09185694158596694,0.0011219488403320706,0.0019879798390843944,0.0008010245710818183,0.00538099136880303,0.002437785307318103,0.02326246758306169,0.22302161045765595,0.001849948593058823,0.0005415267307563025,0.0018047821726117643,0.0020373702925404005,0.0020535385314621847,0.0022073665505098036,0.051921498888435724,0.0006443995613445377,0.0011343770969467785,0.0004331951868907562,0.0030698755563025202,0.00215075526697479,0.014192424947148499,0.1278064646903241
2026-09-20 18:15:07.426000118,5176.421538461538,1644.7446153846145,4866.464615384615,4460.673846153846,4703.252307692307,5153.375384615383,183586.03076923077,2410.24923076923,4032.2953846153828,1448.166153846153,10975.446153846158,4880.5230769230775,41637.81230769231,449623.1446153846,0.003223246697664446,0.003094834627136077,0.0030508054123711313,0.0030902553158912117,0.0026904130926202596,0.000554595991557166,0.002718889871081745,0.004421410179535965,92020.60501095402,136439.05390906628,73806.4212076583,53390.12804072806,34010.48172087082,19176.742088649564,43169.960953944705,182179.9340023773,87636.19016291552,97081.19586725623,47968.895434462436,24615.66728549829,32491.957257956034,0.0,28621.94027997786,107863.02504862938,0.0,0.0,0.0,0.0,0.0,0.0,0.0,0.0,0.0025602771073235954,0.0010129344845147316,0.002474377563679877,0.0023005081581876407,0.0023048228544300877,0.002501440505555185,0.09211215117274929,0.0011259383455902623,0.001993145559708642,0.0008038573817533085,0.005394055740255431,0.0024444733988977785,0.023275638052184612,0.2236204276486351,0.001849948593058823,0.000540742414885154,0.001825682511574952,0.0020373702925404005,0.002061778931803921,0.0022073665505098036,0.05201931952551384,0.000648196503378151,0.0011343770969467785,0.0004362411816862744,0.003085353268638655,0.00215075526697479,0.01420918367619397,0.12812336559704013
2026-09-20 18:15:22.426000118,5181.7723076923085,1644.7446153846145,4866.464615384615,4470.729230769228,4703.252307692307,5162.603076923076,183648.0953846154,2410.24923076923,4028.8030769230745,1448.166153846153,10975.446153846158,4895.267692307693,41176.658461538456,450028.26769230765,0.003223246697664446,0.003094834627136076,0.0028926989863905937,0.0030902553158912117,0.002824794140628354,0.000554595991557166,0.002718889871081745,0.004278833386574469,92020.60501095402,136439.05390906625,69981.4412780182,53390.12804072806,35709.24098926984,19176.742088649564,43169.960953944705,179941.2621240381,87636.19016291552,97081.1958672562,45482.93202800498,24615.66728549829,34114.86910005753,0.0,28621.94027997786,105192.96133761776,0.0,0.0,0.0,0.0,0.0,0.0,0.0,0.0,0.002567418843278652,0.0010157605622300872,0.0024812035257169135,0.0023069252845921346,0.002311252016415106,0.00250834112499963,0.09236744769365024,0.0011290790815453183,0.001998643967116049,0.0008060996926147316,0.00540910212789588,0.002451216865564445,0.0233440477151856,0.22424049818060554,0.0018598781561904758,0.000540742414885154,0.001825682511574952,0.0020783567325210078,0.002061778931803921,0.002217766760873949,0.0522181358866816,0.000648196503378151,0.0011408982968627449,0.0004362411816862744,0.003085353268638655,0.002160795211204482,0.014227383739707703,0.12870901966742643
2026-09-20 18:15:37.426000118,5181.7723076923085,1591.31076923077,4878.719999999999,4470.729230769228,4720.095384615386,5162.603076923076,183729.62769230767,2405.963076923077,4028.8030769230745,1454.003076923077,10994.861538461539,4895.267692307693,40990.70461538461,450371.0184615384,0.003223246697664446,0.003094834627136076,0.0028603691835290715,0.0030893998967048155,0.002824794140628354,0.000554595991557166,0.002718889871081745,0.004251804513503254,92020.60501095402,136439.05390906625,47503.99625553088,48510.14605661063,35709.24098926984,19176.742088649564,43169.960953944705,178255.2132363899,87636.19016291552,97081.1958672562,22688.976854773424,22365.737995412583,34114.86910005753,0.0,28621.94027997786,104009.87124336282,0.0,0.0,0.0,0.0,0.0,0.0,0.0,0.0,0.002574560579233708,0.0010185866399454431,0.0024880294877539506,0.002313342410996629,0.002317681178400125,0.002515241744444074,0.09262274421455119,0.0011322198175003745,0.002004142374523457,0.0008083420034761549,0.005424148515536329,0.0024579603322311115,0.02341245737818659,0.22486056871257598,0.0018598781561904758,0.0005398345302745098,0.0018477986698039216,0.0020783567325210078,0.002072101076974789,0.002217766760873949,0.052319396235941486,0.0006524849331764705,0.0011408982968627449,0.0004393629158431373,0.0031069590709019604,0.002160795211204482,0.014251339078486183,0.12903541809953978
2026-09-20 18:15:52.426000118,5202.655384615383,1591.31076923077,4878.719999999999,4475.123076923077,4720.095384615386,5164.221538461537,183796.97230769228,2405.963076923077,4024.7815384615396,1454.003076923077,10994.861538461539,4904.756923076923,40559.6123076923,449990.57230769226,0.003223246697664446,0.0030686288508448767,0.0028603691835290715,0.0030893998967048155,0.002807699394264243,0.000524084045782217,0.002718889871081745,0.004197704751230952,92020.60501095402,125694.18962859348,47503.99625553088,48510.14605661063,32996.99292000603,18121.704324842096,43169.960953944705,177946.8771476045,87636.19016291552,89436.8564468814,22688.976854773424,22365.737995412583,31523.719434411538,0.0,28621.94027997786,104274.26951362319,0.0,0.0,0.0,0.0,0.0,0.0,0.0,0.0,0.002581702315188764,0.0010214127176607988,0.002494855449790988,0.0023197595374011243,0.0023241103403851436,0.002522142363888519,0.09287804073545217,0.0011353605534554308,0.0020096407819308643,0.0008105843143375781,0.005439194903176779,0.002464703798897778,0.023480867041187584,0.22548063924454645,0.0018709871713669466,0.0005398345302745098,0.0018477986698039216,0.002120087657719087,0.002072101076974789,0.0022269802848571426,0.05251486167205975,0.0006524849331764705,0.0011470044935294119,0.0004393629158431373,0.0031069590709019604,0.0021690338786666662,0.014259732375720837,0.1295433409319343
2026-09-20 18:16:07.426000118,5202.655384615383,1565.0123076923078,4881.039999999999,4475.123076923077,4726.812307692306,5164.221538461537,183886.41846153844,2396.8246153846144,4024.7815384615396,1447.763076923077,10969.17538461539,4904.756923076923,40359.516923076924,449727.83076923067,0.003076795510127264,0.0030686288508448767,0.0028603691835290715,0.0030893998967048155,0.002807699394264243,0.0005408385575311856,0.002578408135649391,0.004194739657919732,87839.56392231838,125694.18962859348,47503.99625553088,48510.14605661063,32996.99292000603,23081.800288945396,40939.42153494859,175350.17724522954,83654.35900804517,89436.8564468814,22688.976854773424,22365.737995412583,31523.719434411538,0.0,27143.07940931938,102724.60146801425,0.0,0.0,0.0,0.0,0.0,0.0,0.0,0.0,0.002589731884982716,0.001021830173248642,0.0025005961754848596,0.0023261573586428395,0.0023312168499714813,0.0025295741214978024,0.09313557511037512,0.0011400221470417285,0.002015332878326496,0.0008136446791146917,0.005452382613579383,0.0024714812972492064,0.02349437744666409,0.22610558518900833,0.0018709871713669466,0.0005385493139159664,0.001869757837586444,0.002120087657719087,0.0020798122530476188,0.0022269802848571426,0.05261313857331155,0.0006559638260168066,0.0011470044935294119,0.00044095881863865527,0.0031225566816974787,0.0021690338786666662,0.014280192947124081,0.12986489278240362
2026-09-20 18:16:22.426000118,5237.212307692306,1565.0123076923078,4881.039999999999,4481.606153846153,4726.812307692306,5183.178461538461,184038.3692307692,2396.8246153846144,4022.052307692307,1447.763076923077,10969.17538461539,4914.624615384616,40308.88923076923,448553.18769230763,0.0030282444528441487,0.0029374552188782474,0.0028603691835290715,0.0031052039213120596,0.002807699394264243,0.0005408385575311856,0.0027120460929303874,0.004150896010850182,90405.12489198786,97759.75498780368,47503.99625553088,25928.008139216246,32996.99292000603,23081.800288945396,39128.17354225185,168269.81605485614,85855.5876352777,93365.31873143345,22688.976854773424,24390.037614481433,31523.719434411538,0.0,25942.211242343223,95626.9195779558,0.0,0.0,0.0,0.0,0.0,0.0,0.0,0.0,0.002596876070167901,0.0010246495973227161,0.002507419176400611,0.0023325744317909875,0.0023376478805270367,0.0025364761901791213,0.09339087788533443,0.00114316707852321,0.0020208318142239316,0.0008158892467072841,0.0054674238737645675,0.002478224856773016,0.023562361494242443,0.22672566956444587,0.0018810921152268903,0.0005385493139159664,0.001869757837586444,0.0021627178748983462,0.0020798122530476188,0.002235153691092437,0.05281228540026454,0.0006559638260168066,0.0011535079873165265,0.00044095881863865527,0.0031225566816974787,0.002177069096873949,0.014294255764972976,0.13041252975397494
2026-09-20 18:16:37.426000118,5237.212307692306,1562.7600000000002,4874.16615384615,4481.606153846153,4736.747692307693,5183.178461538461,184080.29846153842,2383.4615384615377,4022.052307692307,1438.0553846153846,10994.510769230767,4914.624615384616,40327.89846153846,448449.74153846153,0.0030282444528441487,0.0030846763233223795,0.0028603691835290715,0.0031052039213120596,0.002807699394264243,0.0005263771628577905,0.0027078054696758787,0.004173342645688467,90405.12489198786,102659.33575655778,47503.99625553088,25928.008139216246,32996.99292000603,24695.160617132984,25659.898003578463,168058.56763038022,85855.5876352777,98044.65656510742,22688.976854773424,24390.037614481433,31523.719434411538,0.0,11986.221892559211,95345.07441442863,0.0,0.0,0.0,0.0,0.0,0.0,0.0,0.0,0.002604020255353086,0.00102746902139679,0.0025142421773163615,0.002338991504939136,0.0023440789110825925,0.0025433782588604394,0.09364618066029373,0.0011463120100046913,0.0020263307501213676,0.0008181338142998767,0.005482465133949754,0.0024849684162968257,0.023630345541820787,0.22734575393988338,0.0018810921152268903,0.0005374883508795519,0.001893303773678727,0.0021627178748983462,0.002090046114901961,0.002235153691092437,0.05291404691777403,0.0006593409149579831,0.0011535079873165265,0.00044250435536134455,0.003145281824268907,0.002177069096873949,0.014317510979892313,0.13073549790908914
2026-09-20 18:16:52.426000118,5248.8984615384625,1562.7600000000002,4874.16615384615,4478.138461538461,4736.747692307693,5185.289230769229,184127.3169230769,2383.4615384615377,4032.513846153844,1438.0553846153846,10994.510769230767,4897.116923076922,40313.93230769231,447453.72615384613,0.0030282444528441487,0.0030846763233223795,0.0028603691835290715,0.0031052039213120596,0.002636476985289162,0.0005263771628577905,0.0027078054696758787,0.00416062589907412,90405.12489198786,102659.33575655778,47503.99625553088,25928.008139216246,11510.464048106029,24695.160617132984,25659.898003578463,146119.82461532482,85855.5876352777,98044.65656510742,22688.976854773424,24390.037614481433,10737.288326731768,0.0,11986.221892559211,98362.49870698809,0.0,0.0,0.0,0.0,0.0,0.0,0.0,0.0,0.0026111644405382717,0.0010302884454708643,0.0025210651782321125,0.002345408578087284,0.0023505099416381483,0.002550280327541758,0.09390148343525302,0.001149456941486173,0.0020318296860188036,0.0008203783818924693,0.005497506394134939,0.002491711975820635,0.023698329589399134,0.2279658383153209,0.0018906391622408962,0.0005374883508795519,0.001893303773678727,0.0022045488227579557,0.002090046114901961,0.002245466886487394,0.05311282499951447,0.0006593409149579831,0.0011611098318487394,0.00044250435536134455,0.003145281824268907,0.0021847974368571425,0.014325796531429052,0.1311465572833663
2026-09-20 18:17:07.426000118,5248.8984615384625,1559.913846153845,4871.295384615384,4478.138461538461,4734.895384615383,5185.289230769229,184156.44307692305,2377.0584615384614,4032.513846153844,1435.0461538461532,10976.59692307692,4897.116923076922,40338.13538461539,447362.91076923074,0.0030282444528441487,0.0030846763233223795,0.0028393870591337856,0.003080951079625986,0.0026685560125426153,0.0005381510998538491,0.0027078054696758787,0.004183283016753898,90405.12489198786,102659.33575655778,34721.1438769133,24028.210078266624,10892.480800445373,23279.433103798114,25659.898003578463,146383.48010599584,85855.5876352777,98044.65656510742,10846.19580727784,22602.929792018334,10160.815972229748,0.0,11986.221892559211,98363.91146246389,0.0,0.0,0.0,0.0,0.0,0.0,0.0,0.0,0.0026193670909221006,0.0010298568741141636,0.00252725155486087,0.0023502321770754583,0.002356283708711966,0.002557133458598309,0.0941624928489646,0.001152173564488034,0.002039044433308454,0.0008201330615063493,0.005512012302282418,0.0024971763493495166,0.023715671405107025,0.22850326275637062,0.0018906391622408962,0.0005387687332492996,0.0019187939047619045,0.0022045488227579557,0.002098357669529411,0.002245466886487394,0.053216072579882964,0.0006625925611764707,0.0011611098318487394,0.00044425607938375345,0.0031620630837535016,0.0021847974368571425,0.014357691334539876,0.13141086351633013
2026-09-20 18:17:22.426000118,5249.230769230769,1559.913846153845,4871.295384615384,4470.21230769231,4734.895384615383,5190.787692307694,184203.7169230769,2377.0584615384614,4038.2830769230754,1435.0461538461532,10976.59692307692,4907.206153846155,40350.20923076923,446776.44923076924,0.0030282444528441487,0.0030846763233223795,0.0028393870591337856,0.003080951079625986,0.0027981805611283174,0.0005381510998538491,0.0027078054696758787,0.004166961501772103,90405.12489198786,102659.33575655778,34721.1438769133,24028.210078266624,11421.580770653927,23279.433103798114,25659.898003578463,134524.8514004548,85855.5876352777,98044.65656510742,10846.19580727784,22602.929792018334,10654.375476872761,0.0,11986.221892559211,82972.70922426255,0.0,0.0,0.0,0.0,0.0,0.0,0.0,0.0,0.002626514164182174,0.0010326674189859585,0.0025340728374695655,0.0023566449023501835,0.002362712945891453,0.0025640353951925116,0.0944178111499978,0.001155317327308547,0.0020445480003374395,0.0008223708353158731,0.005527052101732967,0.0025039164562335754,0.023783263596132278,0.22912312345068897,0.0018993392195854341,0.0005387687332492996,0.0019187939047619045,0.0022469014729411766,0.002098357669529411,0.0022544647042240895,0.053414469322426376,0.0006625925611764707,0.001167560676537815,0.00044425607938375345,0.0031620630837535016,0.002194576627899159,0.014407365176677024,0.13185203653615796
2026-09-20 18:17:37.426000118,5249.230769230769,1546.8307692307687,4869.763076923077,4470.21230769231,4727.553846153848,5190.787692307694,184217.15692307692,2375.6738461538457,4038.2830769230754,1432.8707692307694,10995.790769230769,4907.206153846155,40381.52307692307,447183.68,0.0030052707937313554,0.002925502098125373,0.0028393870591337856,0.003080951079625986,0.0027981805611283174,0.0005381510998538491,0.0027078054696758787,0.004165800667403099,73757.77140422029,97361.950061747,34721.1438769133,24028.210078266624,11421.580770653927,23279.433103798114,25659.898003578463,123562.10623916611,69694.1120139431,92985.39568724365,10846.19580727784,22602.929792018334,10654.375476872761,0.0,11986.221892559211,72271.68124041424,0.0,0.0,0.0,0.0,0.0,0.0,0.0,0.0,0.002633661237442247,0.0010354779638577533,0.0025408941200782613,0.0023630576276249086,0.00236914218307094,0.002570937331786715,0.09467312945103101,0.0011584610901290598,0.002050051567366425,0.0008246086091253969,0.0055420919011835166,0.0025106565631176333,0.023850855787157538,0.22974298414500735,0.0018993392195854341,0.0005415249994621848,0.0019279673394565822,0.0022469014729411766,0.002106924028795518,0.0022544647042240895,0.053515484275366315,0.0006654127346554622,0.001167560676537815,0.00044568314453781514,0.003183799551159664,0.002194576627899159,0.014446378650204624,0.1320446272632674
2026-09-20 18:17:52.426000118,5244.163076923075,1546.8307692307687,4869.763076923077,4460.104615384614,4727.553846153848,5182.141538461538,184173.51999999996,2375.6738461538457,4044.7723076923103,1432.8707692307694,10995.790769230769,4896.609230769232,40345.089230769234,446777.6307692307,0.0029870984306581178,0.0030487448229299984,0.0028393870591337856,0.003080951079625986,0.0027981805611283174,0.0005416453480798184,0.002684510338781815,0.004158435005728021,80905.74397180462,92898.48913949738,34721.1438769133,24028.210078266624,11421.580770653927,25473.223540251063,23646.356212418454,122815.07924233627,76444.28087092386,88722.573509517,10846.19580727784,22602.929792018334,10654.375476872761,0.0,11047.516266718867,71932.02641486106,0.0,0.0,0.0,0.0,0.0,0.0,0.0,0.0,0.0026408083107023203,0.0010382885087295481,0.002547715402686956,0.002369470352899634,0.0023755714202504273,0.0025778392683809175,0.0949284477520642,0.0011616048529495724,0.0020555551343954103,0.0008268463829349208,0.005557131700634066,0.0025173966700016907,0.02391844797818279,0.2303628448393257,0.0019068931586386552,0.0005415249994621848,0.0019279673394565822,0.0022511322167170864,0.002106924028795518,0.002258839448229692,0.05370149149810893,0.0006654127346554622,0.0011744575197142858,0.00044568314453781514,0.003183799551159664,0.0022016024952941173,0.01448011906469979,0.1324138696817778
2026-09-20 18:18:07.426000118,5244.163076923075,1549.9353846153842,4878.332307692303,4460.104615384614,4734.726153846154,5182.141538461538,184230.44307692305,2372.32923076923,4044.7723076923103,1431.7230769230766,10970.809230769233,4896.609230769232,40390.479999999996,446955.42461538455,0.0029870984306581178,0.0030393052478522114,0.0028393870591337856,0.003038267684521181,0.0027981805611283174,0.0005416453480798184,0.002684510338781815,0.004084901709742436,80905.74397180462,77977.26591634835,34721.1438769133,11032.982131465862,11421.580770653927,25473.223540251063,23646.356212418454,103421.52921903203,76444.28087092386,74261.41389522403,10846.19580727784,10322.3346161665,10654.375476872761,0.0,11047.516266718867,54355.0939042532,0.0,0.0,0.0,0.0,0.0,0.0,0.0,0.0,0.0026472872581538645,0.0010378897213522947,0.002556059366362843,0.0023738692820077295,0.0023813869088088165,0.0025830921383884105,0.09518651767659364,0.0011648804523298308,0.00206334164336822,0.0008272688363899759,0.005572328694225966,0.002523549100633692,0.023935214841674365,0.23100680049884567,0.0019068931586386552,0.0005446208323809524,0.0019380936042352936,0.0022511322167170864,0.0021150295657647055,0.002258839448229692,0.05380265239079303,0.0006682852020952379,0.0011744575197142858,0.0004474872275238095,0.003202332723333333,0.0022016024952941173,0.014522375751702486,0.13258433788630244
2026-09-20 18:18:22.426000118,5245.538461538458,1549.9353846153842,4878.332307692303,4459.695384615383,4734.726153846154,5190.686153846153,184308.3476923077,2372.32923076923,4054.086153846155,1431.7230769230766,10970.809230769233,4904.839999999999,40418.67076923077,446514.4492307692,0.0029870984306581178,0.0030393052478522114,0.0028393870591337856,0.003038267684521181,0.002799562730240498,0.0005416453480798184,0.0026663444929609843,0.004117687220091105,80905.74397180462,77977.26591634835,34721.1438769133,11032.982131465862,10644.696499702639,25473.223540251063,12996.33037044725,103086.93856889228,76444.28087092386,74261.41389522403,10846.19580727784,10322.3346161665,9929.675727249778,0.0,3.795657234359594,54166.34509308346,0.0,0.0,0.0,0.0,0.0,0.0,0.0,0.0,0.002654432528081401,0.0010406915954464973,0.002562884714929152,0.0023802765718628017,0.0023878144894247584,0.0025899896715425325,0.09544184338997218,0.0011680245709892513,0.0020688513064506574,0.0008295017104841788,0.005587368917957851,0.0025302876382681007,0.024002434605737352,0.23162672575088128,0.0019161277213333328,0.0005446208323809524,0.0019380936042352936,0.0022542514744257696,0.0021150295657647055,0.0022663712070588233,0.0539956342587233,0.0006682852020952379,0.0011811836433389354,0.0004474872275238095,0.003202332723333333,0.002209779229355742,0.014560708343675063,0.13296340760859504
2026-09-20 18:18:37.426000118,5245.538461538458,1550.1999999999996,4875.267692307691,4459.695384615383,4752.836923076919,5190.686153846153,184336.10153846152,2366.3692307692295,4054.086153846155,1429.3446153846148,10999.993846153846,4904.839999999999,40439.77538461539,447201.0184615384,0.0029870984306581178,0.0030393052478522114,0.0027093378007549103,0.003038267684521181,0.002799562730240498,0.0005404415649053383,0.0026663444929609843,0.004160871163571337,80905.74397180462,77977.26591634835,35364.028416308145,11032.982131465862,10644.696499702639,29449.125732921777,12996.33037044725,98719.29534407983,76444.28087092386,74261.41389522403,11047.02017010606,10322.3346161665,9929.675727249778,0.0,3.795657234359594,48092.36997114435,0.0,0.0,0.0,0.0,0.0,0.0,0.0,0.0,0.002661577798008937,0.0010434934695407005,0.00256971006349546,0.0023866838617178747,0.0023942420700407007,0.0025968872046966546,0.0956971691033507,0.0011711686896486715,0.0020743609695330944,0.0008317345845783819,0.0056024091416897355,0.002537026175902509,0.02406965436980034,0.23224665100291686,0.0019161277213333328,0.0005464983732885152,0.001944477218588235,0.0022542514744257696,0.0021235411070588232,0.0022663712070588233,0.05409227299249922,0.0006711411873613445,0.0011811836433389354,0.0004490325200896357,0.0032256416798431367,0.002209779229355742,0.01459809249745061,0.13318988438040683
2026-09-20 18:18:52.426000118,5230.7692307692305,1550.1999999999996,4875.267692307691,4455.655384615383,4752.836923076919,5180.855384615386,184338.8492307692,2366.3692307692295,4049.45846153846,1429.3446153846148,10999.993846153846,4913.3507692307685,40417.230769230766,447108.25230769225,0.0029930112870187662,0.0030393052478522114,0.0028466177493854735,0.003038267684521181,0.0027892988324716363,0.0005404415649053383,0.0026663444929609843,0.0041475241884997216,86160.16088317773,77977.26591634835,33610.22122919092,11032.982131465862,75.05604924087292,29449.125732921777,12996.33037044725,95388.26145882219,81408.94842686302,74261.41389522403,10498.047155000299,10322.3346161665,75.05604924087292,0.0,3.795657234359594,46163.44437020268,0.0,0.0,0.0,0.0,0.0,0.0,0.0,0.0,0.002668723067936473,0.0010462953436349033,0.002576535412061768,0.002393091151572947,0.0024006696506566425,0.0026037847378507766,0.09595249481672924,0.0011743128083080917,0.0020798706326155317,0.0008339674586725847,0.0056174493654216175,0.0025437647135369175,0.024136874133863326,0.23286657625495244,0.0019257955245266102,0.0005464983732885152,0.001944477218588235,0.0022574089918319324,0.0021235411070588232,0.002273640779467787,0.05428033042578525,0.0006711411873613445,0.0011864246622352939,0.0004490325200896357,0.0032256416798431367,0.0022181255224313725,0.014635184570751414,0.1335959644460291
2026-09-20 18:19:07.426000118,5230.7692307692305,1548.2861538461534,4862.384615384613,4455.655384615383,4749.415384615384,5180.855384615386,184311.3692307692,2354.4461538461546,4049.45846153846,1421.686153846153,10947.40923076923,4913.3507692307685,40387.36615384615,447673.90769230766,0.0029930112870187662,0.0030393052478522114,0.0028466177493854735,0.002880333257077455,0.0027892988324716363,0.0005404415649053383,0.0026663444929609843,0.004133990831484171,86160.16088317773,77977.26591634835,33610.22122919092,0.0,75.05604924087292,29449.125732921777,12996.33037044725,94374.62559415333,81408.94842686302,74261.41389522403,10498.047155000299,0.0,75.05604924087292,0.0,3.795657234359594,45454.177813749106,0.0,0.0,0.0,0.0,0.0,0.0,0.0,0.0,0.002675345776598805,0.0010457803116575865,0.002581617877149764,0.0023980939244384707,0.0024095710572970127,0.002609834214606383,0.09621318278971525,0.0011773675233464754,0.0020858071237158395,0.0008345387662327359,0.005633389355570249,0.002550768180399527,0.024160129401668253,0.23355042746143787,0.0019257955245266102,0.000549061584352941,0.0019516623428459383,0.0022574089918319324,0.002129047097983194,0.002273640779467787,0.0543749582293825,0.000673261994117647,0.0011864246622352939,0.00045008666258823524,0.003241106342470588,0.0022181255224313725,0.014674059768759838,0.13380106971503267
2026-09-20 18:19:22.426000118,5212.387692307692,1548.2861538461534,4862.384615384613,4447.070769230766,4749.415384615384,5164.507692307691,184289.1169230769,2354.4461538461546,4056.2369230769223,1421.686153846153,10947.40923076923,4910.107692307691,40353.086153846154,448477.0615384615,0.0029739554724833423,0.0028644701027060997,0.0028466177493854735,0.0030150489962859515,0.0027892988324716363,0.0005404415649053383,0.0026663444929609843,0.004129016340201082,80127.85716207152,65714.66256577714,33610.22122919092,0.0,75.05604924087292,29449.125732921777,12996.33037044725,93658.75790633782,75709.87781269009,62587.99847319823,10498.047155000299,0.0,75.05604924087292,0.0,3.795657234359594,45129.565138493424,0.0,0.0,0.0,0.0,0.0,0.0,0.0,0.0,0.0026824896511507762,0.00104857332061816,0.0025884386209440897,0.0024044974638649935,0.0024160052436769416,0.002616729507159575,0.09646852284330712,0.0011805114032747907,0.0020913179144959808,0.0008367672035087216,0.005648431981914337,0.0025575074179881793,0.024225155569365296,0.2341705212978502,0.0019338901552941174,0.000549061584352941,0.0019516623428459383,0.0022610514428179265,0.002129047097983194,0.0022810176572324926,0.05456181855522875,0.000673261994117647,0.001192604743305322,0.00045008666258823524,0.003241106342470588,0.0022253579814117646,0.014707623776788224,0.13423963977649167
2026-09-20 18:19:37.426000118,5212.387692307692,1546.0184615384608,4854.82769230769,4447.070769230766,4772.603076923074,5164.507692307691,184322.35076923075,2342.8461538461534,4056.2369230769223,1415.6892307692303,10971.11076923077,4910.107692307691,40351.14153846154,448479.60923076916,0.0029739554724833423,0.0029727089034039754,0.0028466177493854735,0.0030150489962859515,0.0027892988324716363,0.0005490147048832661,0.0026582802638958824,0.004102832363088474,80127.85716207152,62251.2877421407,33610.22122919092,0.0,75.05604924087292,25462.214941912694,11814.34314886335,93672.7446353082,75709.87781269009,59290.113393602674,10498.047155000299,0.0,75.05604924087292,0.0,3.449443255142584,45131.30973833565,0.0,0.0,0.0,0.0,0.0,0.0,0.0,0.0,0.0026896335257027477,0.0010513663295787332,0.002595259364738416,0.0024109010032915172,0.002422439430056869,0.0026236247997127662,0.09672386289689897,0.0011836552832031062,0.0020968287052761225,0.0008389956407847073,0.005663474608258423,0.002564246655576832,0.024290181737062343,0.23479061513426258,0.0019338901552941174,0.0005519531166386552,0.001957062647142857,0.0022610514428179265,0.0021375162685490193,0.0022810176572324926,0.05465772908393899,0.0006753933725490196,0.001192604743305322,0.00045103631546218484,0.003259894962969187,0.0022253579814117646,0.014753220955183062,0.13445769887191017
2026-09-20 18:19:52.426000118,5198.50153846154,1546.0184615384608,4854.82769230769,4443.63528826545,4772.603076923074,5168.698461538461,184338.36087572534,2342.8461538461534,4056.350769230767,1415.6892307692303,10971.11076923077,4915.646153846154,40340.044121495535,448793.83518248214,0.0029739554724833423,0.0029727089034039754,0.0028347985504871406,0.002993479750517426,0.0026569765520730645,0.0005490147048832661,0.0025065868566513895,0.004130150636485412,80127.85716207152,62251.2877421407,23934.928343711825,7.160038037702076,71.4954455946658,25462.214941912694,12399.388604284812,75935.92242454008,75709.87781269009,59290.113393602674,76.2744689092155,3.580019018851038,71.4954455946658,0.0,3.6202594465065143,29306.109085131764,0.0,0.0,0.0,0.0,0.0,0.0,0.0,0.0,0.002696777400254719,0.001054159338539307,0.002602080108532742,0.00241730454271804,0.002428873616436798,0.002630520092265958,0.09697920295049083,0.0011867991631314217,0.0021023394960562646,0.000841224078060693,0.0056785172346025085,0.0025709858931654843,0.02435520790475939,0.23541070897067487,0.0019406328784145658,0.0005519531166386552,0.001957062647142857,0.002265711761568627,0.0021375162685490193,0.002290795643344538,0.054842698211243074,0.0006753933725490196,0.0011987889480896353,0.00045103631546218484,0.003259894962969187,0.002231763113277311,0.014798120191410222,0.1348831398280282
2026-09-20 18:20:07.426000118,5198.50153846154,1543.9969230769225,4842.332307692306,4443.63528826545,4792.41846153846,5168.698461538461,184362.58549110996,2332.1538461538466,4056.350769230767,1407.56,10939.624615384617,4915.646153846154,40344.662583034005,448826.6074901745,0.002961297521319837,0.0029727089034039754,0.0028347985504871406,0.002993479750517426,0.002621949843978813,0.0005239428808561789,0.0026468138602236727,0.004084406958117256,72073.03925475506,62251.2877421407,23934.928343711825,7.160038037702076,71.13751152919454,24299.433386727862,13093.052622147725,75778.27328395698,68097.99952179805,59290.113393602674,76.2744689092155,3.580019018851038,74.88159108336268,0.0,3.8227890867584597,29275.909923377203,0.0,0.0,0.0,0.0,0.0,0.0,0.0,0.0,0.002699985498344326,0.0010531529276319148,0.0026075930126023394,0.0024216698214106387,0.002437036452681087,0.002637154848425848,0.09722935974626049,0.0011888187787822697,0.002108102099658011,0.0008408868532036644,0.005691079672657567,0.002576091188642456,0.024383490580539072,0.23621343245650925,0.0019406328784145658,0.0005549238445322127,0.001962864307271708,0.002265711761568627,0.0021472765596302515,0.002290795643344538,0.05493885196052909,0.000677301956257703,0.0011987889480896353,0.00045135133171988773,0.0032722562745490192,0.002231763113277311,0.01483536379420773,0.13508170237140504
2026-09-20 18:20:22.426000118,5212.84923076923,1543.9969230769225,4842.332307692306,4444.418461538462,4792.41846153846,5170.683076923076,184454.17230769232,2332.1538461538466,4063.1353846153847,1407.56,10939.624615384617,4935.849230769228,40384.92923076922,449225.83384615375,0.002961297521319837,0.0029727089034039754,0.0028347985504871406,0.002993479750517426,0.0027885563919083536,0.0005329777963799091,0.0026468138602236727,0.004085340142845352,72073.03925475506,62251.2877421407,23934.928343711825,7.160038037702076,67.85530873799274,23144.02162725913,13093.052622147725,69214.39650528617,68097.99952179805,59290.113393602674,76.2744689092155,3.580019018851038,71.42664077683447,0.0,3.8227890867584597,21804.750064333333,0.0,0.0,0.0,0.0,0.0,0.0,0.0,0.0,0.0027071189744081563,0.0010559358903978722,0.002614410337163743,0.0024280679756659576,0.0024434752062271864,0.002644049459829357,0.09748468615554567,0.0011919596883567375,0.0021136135487808184,0.0008431085118916076,0.0057061157462391255,0.0025828261544319302,0.024441235465527983,0.2368340085174061,0.0019535882807170863,0.0005549238445322127,0.001962864307271708,0.002272860306689075,0.0021472765596302515,0.0023015362797198877,0.05514023285060939,0.000677301956257703,0.0012046985239663867,0.00045135133171988773,0.0032722562745490192,0.002241892604414566,0.014894072057659906,0.13546262075952456
2026-09-20 18:20:37.426000118,5212.84923076923,1541.1569230769232,4839.993846153846,4444.418461538462,4810.541538461537,5170.683076923076,184492.2276923077,2320.8400000000006,4063.1353846153847,1401.409230769231,10960.353846153852,4935.849230769228,40396.88615384614,449324.17846153834,0.002961297521319837,0.0029727089034039754,0.0026767199465394342,0.002993479750517426,0.0027885563919083536,0.0005329777963799091,0.0026468138602236727,0.004075702269846476,72073.03925475506,62251.2877421407,22600.230307580765,7.160038037702076,67.85530873799274,23144.02162725913,13093.052622147725,68866.39478490225,68097.99952179805,59290.113393602674,72.02112908725547,3.580019018851038,71.42664077683447,0.0,3.8227890867584597,21805.862216609825,0.0,0.0,0.0,0.0,0.0,0.0,0.0,0.0,0.0027142524504719856,0.0010587188531638295,0.0026212276617251463,0.0024344661299212766,0.002449913959773286,0.0026509440712328657,0.09774001256483084,0.0011951005979312056,0.0021191249979036256,0.000845330170579551,0.005721151819820685,0.0025895611202214034,0.024498980350516897,0.23745458457830293,0.0019535882807170863,0.0005580231099159664,0.0019688534323081233,0.002272860306689075,0.0021594044334677866,0.0023015362797198877,0.055241630741568626,0.0006796556918319327,0.0012046985239663867,0.00045208282568067224,0.0032912417140168065,0.002241892604414566,0.014936401383284578,0.13564310347743025
2026-09-20 18:20:52.426000118,5224.415384615384,1541.1569230769232,4839.993846153846,4454.713846153848,4810.541538461537,5160.175384615384,184542.9753846154,2320.8400000000006,4055.7323076923067,1401.409230769231,10960.353846153852,4942.387692307692,40399.009230769225,449702.406153846,0.0029480063779437765,0.0029582863661558327,0.0028401565562594104,0.002977306279430034,0.0027885563919083536,0.0004964648668587207,0.0026468138602236727,0.004102771497628409,65928.4651335929,58383.262338736604,22823.509359997723,7.853122076169149,67.85530873799274,24220.479070948244,13093.052622147725,68482.92399894996,62292.31670487774,55606.08253905833,79.99318239922732,3.9265610380845746,71.42664077683447,0.0,3.8227890867584597,21804.688325241517,0.0,0.0,0.0,0.0,0.0,0.0,0.0,0.0,0.0027213859265358153,0.0010615018159297871,0.00262804498628655,0.002440864284176596,0.002456352713319385,0.002657838682636375,0.09799533897411604,0.0011982415075056738,0.0021246364470264333,0.0008475518292674942,0.005736187893402246,0.0025962960860108778,0.02455672523550581,0.23807516063919976,0.0019649865282352938,0.0005580231099159664,0.0019688534323081233,0.002283829421568627,0.0021594044334677866,0.0023112026655350143,0.05544205011373792,0.0006796556918319327,0.0012099766959271707,0.00045208282568067224,0.0032912417140168065,0.002250530741042016,0.014993795609184976,0.1359789207269263
2026-09-20 18:21:07.426000118,5224.415384615384,1537.7384615384622,4831.292307692307,4454.713846153848,4821.476923076922,5160.175384615384,184562.97230769228,2311.6123076923072,4055.7323076923067,1396.7907692307697,10922.753846153842,4942.387692307692,40430.824615384605,449667.07076923066,0.0029480063779437765,0.00293875424402225,0.0028401565562594104,0.002977306279430034,0.0027724563851201684,0.0005205172079505194,0.0026387038027998844,0.004095745928156704,65928.4651335929,46665.49158419417,22823.509359997723,7.853122076169149,61.90578298025487,25393.893874108922,23986.604753931406,68015.68104247934,62292.31670487774,44446.31943942786,79.99318239922732,3.9265610380845746,61.90578298025487,0.0,3.5352401995477383,21804.961304790086,0.0,0.0,0.0,0.0,0.0,0.0,0.0,0.0,0.002732295798951345,0.0010607242644843273,0.0026347103650306712,0.002448611957840234,0.002466359728933567,0.0026654910736994214,0.09827434794271833,0.0012001970464505262,0.0021294133577546294,0.0008468215976267836,0.005749619875620934,0.0026061231500649307,0.02461466591359135,0.23870405536676154,0.0019649865282352938,0.0005608985754117646,0.00197520663327731,0.002283829421568627,0.002168799602229692,0.0023112026655350143,0.05554013189349205,0.0006822705610980394,0.0012099766959271707,0.0004527116469243697,0.003304425020896358,0.002250530741042016,0.015036105495107973,0.1361502315187784
2026-09-20 18:21:22.426000118,5246.341538461537,1537.7384615384622,4831.292307692307,4473.520000000001,4821.476923076922,5164.319999999999,184686.57538461534,2311.6123076923072,4052.323076923077,1396.7907692307697,10922.753846153842,4968.686153846155,40513.86153846153,450158.9753846153,0.0029480063779437765,0.00293875424402225,0.0028401565562594104,0.002961986131967924,0.0027724563851201684,0.0005205172079505194,0.0026387038027998844,0.004054041310346509,65928.4651335929,46665.49158419417,22823.509359997723,11172.605761030864,61.90578298025487,25393.893874108922,23986.604753931406,69212.32751736339,62292.31670487774,44446.31943942786,79.99318239922732,3.631006097182601,61.90578298025487,0.0,3.5352401995477383,22905.315277764243,0.0,0.0,0.0,0.0,0.0,0.0,0.0,0.0,0.002739439148074152,0.0010634979109755555,0.0026415272964542824,0.002455013640296374,0.0024728078113897076,0.0026723876457480328,0.09852973601894276,0.0012033348569768423,0.0021349229063657407,0.0008490355388548539,0.005764651755445498,0.0026128661162107642,0.02467237860159913,0.23932465173728812,0.001976026461288515,0.0005608985754117646,0.00197520663327731,0.0022951207283809522,0.002168799602229692,0.0023206223546218484,0.055742468689927153,0.0006822705610980394,0.0012159599611988796,0.0004527116469243697,0.003304425020896358,0.002260358137210084,0.015097111480835012,0.136550059435963
2026-09-20 18:21:37.426000118,5246.341538461537,1532.1969230769243,4827.98769230769,4473.520000000001,4818.526153846155,5164.319999999999,184692.86461538458,2302.9846153846147,4052.323076923077,1392.1261538461545,10948.990769230766,4968.686153846155,40547.5076923077,450070.2830769231,0.0028103080968542864,0.00293875424402225,0.0028401565562594104,0.002961986131967924,0.0027724563851201684,0.0005205172079505194,0.0026387038027998844,0.004059779699705317,55542.27595125771,46665.49158419417,22823.509359997723,11172.605761030864,61.90578298025487,25393.893874108922,23986.604753931406,70846.48776132616,52477.97661172936,44446.31943942786,79.99318239922732,3.631006097182601,61.90578298025487,0.0,3.5352401995477383,24180.745774130406,0.0,0.0,0.0,0.0,0.0,0.0,0.0,0.0,0.0027465824971969585,0.0010662715574667836,0.002648344227877894,0.0024614153227525146,0.0024792558938458477,0.002679284217796644,0.09878512409516715,0.0012064726675031579,0.002140432454976852,0.000851249480082924,0.0057796836352700595,0.0026196090823565974,0.024730091289606914,0.2399452481078147,0.001976026461288515,0.0005630816786330532,0.0019825376666274502,0.0022951207283809522,0.0021772873731092436,0.0023206223546218484,0.055839771585155296,0.0006848961447282911,0.0012159599611988796,0.0004531897124033613,0.003322247663305322,0.002260358137210084,0.015140533151678303,0.13672952424443638
2026-09-20 18:21:52.426000118,5267.36923076923,1532.1969230769243,4827.98769230769,4510.166153846153,4818.526153846155,5167.08,184789.6892307692,2302.9846153846147,4047.31076923077,1392.1261538461545,10948.990769230766,4977.249230769233,40619.54153846154,450401.4215384615,0.002953156836346581,0.0029344736105325693,0.002844774580285469,0.002961986131967924,0.0026404598328904436,0.0005234253760570251,0.0026364299137197006,0.004023764034467843,58365.50523243561,44112.67336333404,21555.274045817525,11172.605761030864,58.95845080207129,23325.825017096446,25777.75634116615,69417.63728001938,55145.446708151445,42014.900198714844,75.54819643268847,3.631006097182601,58.95845080207129,0.0,3.799227168926478,23011.871365918916,0.0,0.0,0.0,0.0,0.0,0.0,0.0,0.0,0.002753725846319766,0.0010690452039580117,0.0026551611593015043,0.0024678170052086553,0.0024857039763019886,0.002686180789845255,0.09904051217139158,0.001209610478029474,0.002145942003587963,0.0008534634213109943,0.00579471551509462,0.0026263520485024306,0.024787803977614695,0.24056584447834128,0.0019865708827450975,0.0005630816786330532,0.0019825376666274502,0.002307414026420168,0.0021772873731092436,0.002328409778980392,0.056037650638344226,0.0006848961447282911,0.0012217448886554622,0.0004531897124033613,0.003322247663305322,0.00226701979232493,0.01519728569865663,0.13712900297983754
2026-09-20 18:22:07.426000118,5267.36923076923,1527.8676923076916,4831.215384615385,4510.166153846153,4803.843076923075,5167.08,184797.28615384613,2300.215384615385,4047.31076923077,1392.4861538461541,10930.723076923077,4977.249230769233,40650.52923076923,449916.8492307692,0.0029531568363465803,0.0029344736105325693,0.0028338113799394682,0.002961986131967924,0.002774918578707532,0.0005234253760570251,0.0026312994999833487,0.004037477239458232,58365.50523243559,44112.67336333404,22819.570451562882,11172.605761030864,55.83076979434041,23325.825017096446,24353.562421461633,77482.05175815402,55145.44670815143,42014.900198714844,40.05989067462363,3.631006097182601,55.83076979434041,0.0,3.5893238646222008,29144.995457067384,0.0,0.0,0.0,0.0,0.0,0.0,0.0,0.0,0.0027643821438908564,0.0010679008432872687,0.002663904339455899,0.0024798295125469903,0.002493419578228819,0.0026938748358225663,0.09932720714054517,0.001211718397863889,0.0021509323737996565,0.0008531039848692131,0.005808777279588194,0.0026365458659320736,0.02485687385278774,0.2411943518594046,0.0019865708827450975,0.0005652622736974787,0.0019898060087394955,0.002307414026420168,0.002186323103333333,0.002328409778980392,0.05613571100416744,0.0006880484349579833,0.0012217448886554622,0.00045407114563025206,0.0033346230313445364,0.00226701979232493,0.01524229755876002,0.13727433661478794
2026-09-20 18:22:22.426000118,5290.2738461538465,1527.8676923076916,4831.215384615385,4544.215384615385,4803.843076923075,5169.926153846154,184916.88307692306,2300.215384615385,4044.9138461538478,1392.4861538461541,10930.723076923077,5003.027692307693,40763.23999999999,450676.12615384615,0.002823469332488271,0.0027841509046639097,0.0028338113799394682,0.002961986131967924,0.002774918578707532,0.0005234253760570251,0.0026312994999833487,0.004067542402871137,55802.39155291027,46171.51884775471,22819.570451562882,11172.605761030864,55.83076979434041,23325.825017096446,24353.562421461633,80928.1329080866,52723.74148589203,43975.83752028758,40.05989067462363,3.631006097182601,55.83076979434041,0.0,3.5893238646222008,29142.479156696125,0.0,0.0,0.0,0.0,0.0,0.0,0.0,0.0,0.002771534582258912,0.0010706643450233797,0.0026707262037170675,0.0024862457121997686,0.002499870940207987,0.0027007734500837347,0.0995826758550265,0.0012148535436972221,0.0021564405928718214,0.0008553112678553242,0.005823806649379861,0.0026432976691966783,0.024914585180456344,0.24181496743099984,0.0019979184249075627,0.0005652622736974787,0.0019898060087394955,0.0023179580721288512,0.002186323103333333,0.0023375525561344537,0.05633985633390226,0.0006880484349579833,0.0012276233694117646,0.00045407114563025206,0.0033346230313445364,0.002278724561344538,0.015308151526988051,0.13769327759143205
2026-09-20 18:22:37.426000118,5290.2738461538465,1522.6030769230765,4857.372307692307,4544.215384615385,4810.793846153847,5169.926153846154,184984.08,2292.5753846153843,4044.9138461538478,1389.5907692307694,10964.649230769228,5003.027692307693,40822.615384615376,450043.89230769227,0.0027865548720339395,0.002927713469428403,0.0028338113799394682,0.002959813149218913,0.002774691524478124,0.0005011323529835563,0.0026312994999833487,0.00406486086489903,55072.82273750483,48552.31712048914,22819.570451562882,11864.941755049244,49.51229717792551,18355.153389941017,24353.562421461633,80354.81963839135,52034.42340204014,46243.41720194325,40.05989067462363,3.8560096701492506,49.51229717792551,0.0,3.5893238646222008,29140.809636399983,0.0,0.0,0.0,0.0,0.0,0.0,0.0,0.0,0.002778687020626968,0.0010734278467594907,0.002677548067978236,0.0024926619118525468,0.0025063223021871534,0.0027076720643449026,0.0998381445695078,0.0012179886895305556,0.0021619488119439863,0.0008575185508414353,0.005838836019171529,0.0026500494724612834,0.024972296508124943,0.24243558300259496,0.0019979184249075627,0.000567651432627451,0.0019993418911260492,0.0023179580721288512,0.0021966504836078427,0.0023375525561344537,0.056441302155002794,0.0006908867236078428,0.0012276233694117646,0.00045478694854901965,0.0033546608249411763,0.002278724561344538,0.015355810885843202,0.13788715319125827
2026-09-20 18:22:52.426000118,5318.664615384614,1522.6030769230765,4857.372307692307,4575.15692307692,4810.793846153847,5182.76,185094.06461538462,2292.5753846153843,4037.406153846155,1389.5907692307694,10964.649230769228,4994.141538461534,40896.981538461536,449973.78461538453,0.0029363125332053657,0.002927713469428403,0.0028338113799394682,0.0028250279858828197,0.002774691524478124,0.0005305620983314441,0.0026312994999833496,0.00406520544142532,65800.36675864196,48552.31712048914,22819.570451562882,11324.63125847294,49.51229717792551,19433.08716705859,24353.56242146164,79965.39258059049,62167.60527172702,46243.41720194325,40.05989067462363,3.6804131486749885,49.51229717792551,0.0,3.5893238646222017,29136.82232864093,0.0,0.0,0.0,0.0,0.0,0.0,0.0,0.0,0.0027858394589950234,0.0010761913484956017,0.0026843699322394044,0.002499078111505324,0.0025127736641663194,0.002714570678606071,0.10009361328398912,0.001221123835363889,0.002167457031016151,0.0008597258338275464,0.005853865388963194,0.002656801275725888,0.02503000783579354,0.2430561985741902,0.002006865933647058,0.000567651432627451,0.0019993418911260492,0.0023259849208291314,0.0021966504836078427,0.0023450290641680665,0.05663357514395766,0.0006908867236078428,0.0012329919269747898,0.00045478694854901965,0.0033546608249411763,0.0022855309951372543,0.015412531239870082,0.13826665666494267
2026-09-20 18:23:07.426000118,5318.664615384614,1514.5692307692318,4881.569230769233,4575.15692307692,4810.944615384616,5182.76,185116.33538461538,2294.366153846154,4037.406153846155,1393.7292307692305,10925.147692307692,4994.141538461534,40936.02769230769,449624.8676923076,0.0029363125332053657,0.002927713469428403,0.0028197434935042466,0.0029436450359414455,0.002774691524478124,0.0005386912756837666,0.0026232226896406004,0.004034070148692165,65800.36675864196,48552.31712048914,24511.79053147405,10732.950060079827,49.51229717792551,18308.819286349357,26692.176184713502,76325.02830381897,62167.60527172702,46243.41720194325,43.030593017270114,3.488121566486782,49.51229717792551,0.0,3.933997963848711,29143.790543574032,0.0,0.0,0.0,0.0,0.0,0.0,0.0,0.0,0.0027955364019930126,0.0010749698247510882,0.0026951698327123586,0.0025096359756959907,0.0025211290774906077,0.0027229763676325405,0.10037583033093599,0.0012237373985469644,0.002172367929252268,0.0008600962482045819,0.00586975779394811,0.0026648363153625853,0.02510486390837896,0.243691336450646,0.002006865933647058,0.0005697627267787116,0.0020099672141176473,0.0023259849208291314,0.002206399592621849,0.0023450290641680665,0.0567343824624488,0.0006940481031316526,0.0012329919269747898,0.0004557561482408962,0.0033698702881568626,0.0022855309951372543,0.015461309617850383,0.13844323586800236
2026-09-20 18:23:22.426000118,5339.076923076921,1514.5692307692318,4881.569230769233,4599.716923076921,4810.944615384616,5177.175384615383,185179.20307692306,2294.366153846154,4041.867692307691,1393.7292307692305,10925.147692307692,5001.590769230768,40992.90769230769,450261.5815384615,0.002939867643749673,0.002927713469428403,0.0028267380372960045,0.0029436450359414455,0.002774691524478124,0.0005386912756837666,0.0026204140300756847,0.00406616344101092,69393.23795658431,48552.31712048914,22506.757183232927,10732.950060079827,49.51229717792551,18308.819286349357,24842.305117228665,78476.35756680748,65562.11824222657,46243.41720194325,46.679617642314625,3.488121566486782,49.51229717792551,0.0,3.6613566864006875,31425.034863958983,0.0,0.0,0.0,0.0,0.0,0.0,0.0,0.0,0.0028026953564603664,0.0010777231142699883,0.00270200178084161,0.002516062781537915,0.002527585315463116,0.0027298788021563494,0.10063136725617616,0.0012268712086844213,0.0021778746341842405,0.0008622988272423827,0.005884789373845017,0.0026715913714850338,0.02516259035478502,0.2443119877199368,0.0020186361398767502,0.0005697627267787116,0.0020099672141176473,0.002333832176302521,0.002206399592621849,0.002353997462588235,0.056937198814494855,0.0006940481031316526,0.0012397872516302518,0.0004557561482408962,0.0033698702881568626,0.002296286602767507,0.015525689602406998,0.13880913669115325
2026-09-20 18:23:37.426000118,5339.076923076921,1505.3938461538453,4905.015384615385,4599.716923076921,4816.249230769232,5177.175384615383,185201.09230769228,2291.3415384615378,4041.867692307691,1394.3015384615383,10930.335384615388,5001.590769230768,41008.89846153846,450070.9876923077,0.002939867643749673,0.00277387707014744,0.0028267380372960045,0.0029239802535208424,0.002774691524478124,0.0005386912756837666,0.0026204140300756847,0.004062282938523502,69393.23795658431,46001.140674926064,22506.757183232927,11502.709254177053,49.51229717792551,18308.819286349357,24842.305117228665,74579.89558006075,65562.11824222657,43813.561662089756,46.679617642314625,3.7382870504312815,49.51229717792551,0.0,3.6613566864006875,28612.869096058857,0.0,0.0,0.0,0.0,0.0,0.0,0.0,0.0,0.0028098543109277207,0.0010804764037888887,0.002708833728970862,0.0025224895873798394,0.002534041553435624,0.0027367812366801587,0.10088690418141638,0.0012300050188218782,0.0021833813391162133,0.0008645014062801833,0.005899820953741924,0.002678346427607483,0.025220316801191085,0.2449326389892276,0.0020186361398767502,0.0005720562856134452,0.0020221838088515407,0.002333832176302521,0.0022182500519439775,0.002353997462588235,0.0570420905718394,0.000696957484235294,0.0012397872516302518,0.00045651574719327736,0.0033892119382184878,0.002296286602767507,0.015574701938416566,0.13896990589422842
2026-09-20 18:23:52.426000118,5340.916923076923,1505.3938461538453,4905.015384615385,4610.107692307693,4816.249230769232,5179.070769230769,185153.04923076916,2291.3415384615378,4037.9784615384606,1394.3015384615383,10930.335384615388,4980.612307692309,40983.84,450021.92,0.002939867643749673,0.002947987138045426,0.0028267380372960045,0.0029239802535208424,0.0027917540241200246,0.0005386912756837666,0.0026204140300756847,0.004032737951809922,69393.23795658431,43845.378265332954,22506.757183232927,11502.709254177053,45.3446922150671,18308.819286349357,24842.305117228665,74820.6985843464,65562.11824222657,41760.316288698275,46.679617642314625,3.7382870504312815,45.3446922150671,0.0,3.6613566864006875,28613.157617376688,0.0,0.0,0.0,0.0,0.0,0.0,0.0,0.0,0.0028170132653950746,0.0010832296933077892,0.002715665677100114,0.0025289163932217637,0.0025404977914081327,0.002743683671203969,0.10114244110665659,0.0012331388289593356,0.0021888880440481865,0.0008667039853179839,0.005914852533638832,0.0026851014837299316,0.02527804324759715,0.24555329025851844,0.002027420466218487,0.0005720562856134452,0.0020221838088515407,0.0023388725474061626,0.0022182500519439775,0.0023606538382072825,0.057232270649928405,0.000696957484235294,0.0012460181997703077,0.00045651574719327736,0.0033892119382184878,0.0023057737964705884,0.015628033081903615,0.1392699165517142
2026-09-20 18:24:07.426000118,5340.916923076923,1499.1753846153842,4911.28615384615,4610.107692307693,4834.2,5179.070769230769,185170.50153846148,2285.0061538461537,4037.9784615384606,1394.1938461538462,10872.119999999997,4980.612307692309,41001.150769230764,449706.87076923065,0.002953056969631727,0.0029307875378818946,0.0028267380372960045,0.0029239802535208424,0.0027917540241200246,0.0005386912756837666,0.0026204140300756847,0.003993854308441853,64593.52904913809,46552.039787365764,22506.757183232927,11502.709254177053,45.3446922150671,18308.819286349357,24842.305117228665,68559.85281325677,61021.266789847585,44337.38518282885,46.679617642314625,3.7382870504312815,45.3446922150671,0.0,3.6613566864006875,28613.749492285733,0.0,0.0,0.0,0.0,0.0,0.0,0.0,0.0,0.002826236122242517,0.0010820835849510203,0.002726425425547923,0.002537379186055443,0.0025499117844318595,0.0027533100897720536,0.10141558927841882,0.0012355900815689343,0.0021943067113624013,0.0008674171614976192,0.0059309344369384365,0.0026933000199809206,0.02534754015914314,0.24612958727760784,0.002027420466218487,0.0005743046754285715,0.0020317578906890754,0.0023388725474061626,0.002226928450672268,0.0023606538382072825,0.05733207255776345,0.0006995555764369748,0.0012460181997703077,0.00045697096656582636,0.0034016799415910364,0.0023057737964705884,0.01567257691455346,0.1394325904679317
2026-09-20 18:24:22.426000118,5328.353846153846,1499.1753846153842,4911.28615384615,4623.032518004306,4834.2,5172.421538461538,185145.03202701066,2285.0061538461537,4040.5138461538468,1394.1938461538462,10872.119999999997,4956.273846153846,40969.795112607026,449682.66005065356,0.0029661370461370505,0.0029307875378818946,0.0026754062434029137,0.0029239802535208424,0.002787446369214098,0.0005386912756837666,0.0026204140300756847,0.004026753596494636,55891.819091819096,46552.039787365764,23675.454741491514,11502.709254177053,48.732629482655106,18308.819286349357,24842.305117228665,73636.04271866383,52798.1071981072,44337.38518282885,49.11136295506457,3.7382870504312815,48.732629482655106,0.0,3.6613566864006875,33173.98811793735,0.0,0.0,0.0,0.0,0.0,0.0,0.0,0.0,0.002833400308467007,0.001084826982910204,0.0027332672302617282,0.0025438111528921768,0.002556375519976077,0.0027602193599740744,0.10167117067039984,0.0012387221615009069,0.0021998131953691355,0.0008696159650690476,0.005945968679285374,0.0027000586984320986,0.025405269511589463,0.24675012555916398,0.0020359634355742295,0.0005743046754285715,0.0020317578906890754,0.002344571964470588,0.002226928450672268,0.0023698432937142846,0.05752836338289137,0.0006995555764369748,0.0012528123036414564,0.00045697096656582636,0.0034016799415910364,0.002313739306308123,0.01572544423560938,0.13976895172606965
2026-09-20 18:24:37.426000118,5328.353846153846,1490.344615384615,4915.984615384616,4623.032518004306,4867.870769230768,5172.421538461538,185172.30279624145,2276.56,4040.5138461538468,1390.3876923076925,10895.113846153847,4956.273846153846,41003.74895876087,449578.80466603825,0.0029661370461370505,0.0029307875378818946,0.002826318256089374,0.0029239802535208424,0.002787446369214098,0.0005340490059971827,0.0026204140300756847,0.004004970381542957,55891.819091819096,46552.039787365764,25010.919415357723,11502.709254177053,48.732629482655106,23680.248241825167,24842.305117228665,76382.18735599854,52798.1071981072,44337.38518282885,51.881594447048094,3.7382870504312815,48.732629482655106,0.0,3.6613566864006875,34872.448693939456,0.0,0.0,0.0,0.0,0.0,0.0,0.0,0.0,0.002840564494691497,0.0010875703808693876,0.0027401090349755334,0.0025502431197289115,0.002562839255520295,0.0027671286301760947,0.10192675206238089,0.0012418542414328797,0.00220531967937587,0.0008718147686404764,0.005961002921632313,0.002706817376883278,0.025462998864035788,0.24737066384072018,0.0020359634355742295,0.0005761486812324928,0.0020408647736134453,0.002344571964470588,0.0022398439285714277,0.0023698432937142846,0.057630210069572356,0.0007022709210084033,0.0012528123036414564,0.00045696937478991595,0.0034196248717086835,0.002313739306308123,0.015771603931278043,0.13996790733069525
2026-09-20 18:24:52.426000118,5320.4,1490.344615384615,4915.984615384616,4630.615384615382,4867.870769230768,5169.849230769231,185135.55999999997,2276.56,4044.633846153846,1390.3876923076925,10895.113846153847,4927.393846153847,40964.51384615384,449472.04,0.0029661370461370505,0.0029307875378818946,0.002826318256089374,0.002782721068018247,0.002787446369214098,0.0005340490059971827,0.0026150693155662257,0.004039725559666349,55891.819091819096,46552.039787365764,25010.919415357723,11649.603161312543,48.732629482655106,23680.248241825167,26917.80497773571,79190.93733455286,52798.1071981072,44337.38518282885,51.881594447048094,3.786026376767157,48.732629482655106,0.0,4.00502975416392,36949.064251931944,0.0,0.0,0.0,0.0,0.0,0.0,0.0,0.0,0.0028477286809159867,0.0010903137788285714,0.0027469508396893378,0.0025566750865656466,0.0025693029910645124,0.0027740379003781145,0.10218233345436192,0.0012449863213648525,0.002210826163382604,0.0008740135722119049,0.005976037163979253,0.002713576055334456,0.025520728216482103,0.24799120212227632,0.002045134780666667,0.0005761486812324928,0.0020408647736134453,0.0023512604102521005,0.0022398439285714277,0.002376683051747898,0.05782130286203297,0.0007022709210084033,0.0012591853510756305,0.00045696937478991595,0.0034196248717086835,0.0023202961356862746,0.01582113814544343,0.14028144853005226
2026-09-20 18:25:07.426000118,5320.4,1482.7907692307692,4919.541538461537,4630.615384615382,4894.030769230769,5169.849230769231,185153.6646153846,2265.759999999999,4044.633846153846,1383.015384615385,10834.15076923077,4927.393846153847,40984.91692307692,449399.2830769231,0.0029661370461370505,0.0029307875378818946,0.0026819750780831086,0.0029319624129673697,0.002787446369214098,0.0005340490059971827,0.002473489644423507,0.004046061293856541,55891.819091819096,46552.039787365764,23733.58428669938,11067.285916629566,48.732629482655106,23680.248241825167,25460.476885533117,75716.47157895894,52798.1071981072,44337.38518282885,49.23194442749193,3.5967780034545225,48.732629482655106,0.0,3.788197721400553,34690.34304954967,0.0,0.0,0.0,0.0,0.0,0.0,0.0,0.0,0.0028552312408760944,0.0010889005498025811,0.0027553685277813336,0.0025634889102800224,0.0025803545095662178,0.0027809380331290006,0.10244661705649379,0.0012467689657849608,0.0022164571498195554,0.0008740076908056118,0.005992308851526038,0.002719968080430334,0.025577672421919686,0.24854888845627238,0.002045134780666667,0.0005780979455966386,0.00204945514745098,0.0023512604102521005,0.0022521784415574226,0.002376683051747898,0.05792209339711794,0.0007044553242857142,0.0012591853510756305,0.000456329128907563,0.0034291918143361344,0.0023202961356862746,0.015865491351377627,0.14046786237350253
2026-09-20 18:25:22.426000118,5321.861538461535,1482.7907692307692,4919.541538461537,4636.664615384613,4894.030769230769,5175.8092307692295,185169.86769230766,2265.759999999999,4048.298461538461,1383.015384615385,10834.15076923077,4913.095384615385,41004.75076923076,450088.60307692306,0.0029661370461370505,0.002888881273956444,0.002822418625045234,0.0029319624129673697,0.002787446369214098,0.0005340490059971827,0.0026288503286193577,0.004079064312544831,55891.819091819096,50569.13896327046,22601.262061296347,11067.285916629566,48.732629482655106,23680.248241825167,24185.625791238628,75060.64414054106,52798.1071981072,48162.99436549391,46.883103047207996,3.5967780034545225,48.732629482655106,0.0,3.5985159635825963,34690.34304954967,0.0,0.0,0.0,0.0,0.0,0.0,0.0,0.0,0.00286239627622963,0.0010916335102402917,0.0027622142477813335,0.0025699218353641973,0.002586829757882716,0.0027878472806290005,0.1027022202694315,0.0012498976593876543,0.002221963943152889,0.0008762009618493828,0.006007346199169136,0.0027267258479303337,0.025635374759500625,0.2491692689327506,0.0020546147590588234,0.0005780979455966386,0.00204945514745098,0.0023590046806778705,0.0022521784415574226,0.0023858964679215684,0.05811451428277123,0.0007044553242857142,0.0012660401897591034,0.000456329128907563,0.0034291918143361344,0.002326604451428571,0.01591998729308369,0.14084435133400813
2026-09-20 18:25:37.426000118,5321.861538461535,1489.5292307692303,4912.0523076923055,4636.664615384613,4903.37846153846,5175.8092307692295,185128.07999999993,2256.2061538461535,4048.298461538461,1376.7569230769225,10869.276923076925,4913.095384615385,41033.618461538455,450568.5138461538,0.0029661370461370505,0.002929118044099135,0.002822418625045234,0.0029319624129673697,0.0026890419297118124,0.0004979606842144141,0.0026288503286193577,0.004058041310551389,55891.819091819096,46325.143001428456,22601.262061296347,11067.285916629566,117.41824987830424,24770.66531461699,24185.625791238628,75456.24016497801,52798.1071981072,44125.10070994376,46.883103047207996,3.5967780034545225,113.8601210941132,0.0,3.5985159635825963,34630.54654226437,0.0,0.0,0.0,0.0,0.0,0.0,0.0,0.0,0.002869561311583165,0.0010943664706780023,0.0027690599677813333,0.0025763547604483726,0.002593305006199215,0.0027947565281290004,0.10295782348236922,0.0012530263529903479,0.0022274707364862223,0.000878394232893154,0.006022383546812234,0.0027334836154303335,0.02569307709708156,0.24978964940922885,0.0020546147590588234,0.0005817903916638655,0.0020544862342521007,0.0023590046806778705,0.0022598763681568627,0.0023858964679215684,0.05820561511312293,0.0007072266870028009,0.0012660401897591034,0.00045615393526050413,0.003447795792,0.002326604451428571,0.01595854433968797,0.14087931771904255
2026-09-20 18:25:52.426000118,5285.307692307694,1489.5292307692303,4912.0523076923055,4623.7692307692305,4903.37846153846,5156.910769230768,184899.5815384615,2256.2061538461535,4045.803076923077,1376.7569230769225,10869.276923076925,4877.566153846154,40933.54769230769,451900.64307692304,0.0030009504960457393,0.002929118044099135,0.002822418625045234,0.0029319624129673697,0.002821824652369466,0.0005216983200680084,0.0026288503286193577,0.004053047431281193,55384.71821565479,46325.143001428456,22601.262061296347,11067.285916629566,123.21626839793693,25951.47547037711,24185.625791238628,76318.07134980679,52334.16134894974,44125.10070994376,46.883103047207996,3.5967780034545225,119.48244208284792,0.0,3.5985159635825963,34630.54654226437,0.0,0.0,0.0,0.0,0.0,0.0,0.0,0.0,0.0028767263469367003,0.0010970994311157124,0.0027759056877813336,0.002582787685532547,0.0025997802545157126,0.0028016657756290003,0.10321342669530692,0.0012561550465930412,0.0022329775298195556,0.0008805875039369249,0.006037420894455331,0.0027402413829303333,0.0257507794346625,0.25041002988570704,0.0020599978931036414,0.0005817903916638655,0.0020544862342521007,0.002365023060145658,0.0022598763681568627,0.002391311454924369,0.05837605307738935,0.0007072266870028009,0.0012718873883137253,0.00045615393526050413,0.003447795792,0.002329982932380952,0.01599353450324868,0.1412789465052797
2026-09-20 18:26:07.426000118,5285.307692307694,1528.2861538461534,4886.366153846154,4623.7692307692305,4913.310769230766,5156.910769230768,184863.12307692308,2253.436923076924,4045.803076923077,1380.8984615384625,10813.830769230766,4877.566153846154,41087.35850067692,451795.7753846153,0.0030009504960457393,0.002929118044099135,0.002822418625045234,0.002920709587634152,0.002821824652369466,0.0005216983200680084,0.0026288503286193577,0.004102744422671309,55384.71821565479,46325.143001428456,22601.262061296347,12188.861025387594,123.21626839793693,25951.47547037711,24185.625791238628,83131.55271531816,52334.16134894974,44125.10070994376,46.883103047207996,3.961280801230937,119.48244208284792,0.0,3.5985159635825963,43134.73113453428,0.0,0.0,0.0,0.0,0.0,0.0,0.0,0.0,0.002881526581477334,0.0010976185999761112,0.0027800670512009903,0.0025882186994332225,0.0026089954947745553,0.002806605276155665,0.10344390814163346,0.0012574130359572222,0.0022382661439690867,0.000879718038235778,0.006053899787666112,0.0027439647888526948,0.02579990168138518,0.2512507599865242,0.0020599978931036414,0.0005892687150196078,0.0020563887520896355,0.002365023060145658,0.002267773093932773,0.002391311454924369,0.05846570910739184,0.0007104291387843135,0.0012718873883137253,0.0004573136724313725,0.0034564707408235294,0.002329982932380952,0.016039677942138366,0.14139931392109967
2026-09-20 18:26:22.426000118,5278.646153846152,1528.2861538461534,4886.366153846154,4605.513846153846,4913.310769230766,5143.116923076923,184779.11384615384,2253.436923076924,4047.9446153846134,1380.8984615384625,10813.830769230766,4862.464615384618,41729.64984093077,452199.9938461537,0.0030009504960457393,0.002929118044099135,0.0028136212505268975,0.003087810843128849,0.002821824652369466,0.0004938983932954844,0.0026224155364201426,0.004129224056402315,55384.71821565479,46325.143001428456,12174.784184968652,24862.663628364502,123.21626839793693,24568.589825620984,16905.833218605065,83131.94966657518,52334.16134894974,44125.10070994376,50.3250220682329,13488.531010987523,119.48244208284792,0.0,4955.15801234976,43135.12808579131,0.0,0.0,0.0,0.0,0.0,0.0,0.0,0.0,0.0028886857414773333,0.0011003460541427778,0.002786906167537623,0.002594649135266556,0.002615477550607889,0.002813509677970847,0.10369944939970277,0.0012605370817905556,0.002243772400569747,0.0008819036999024446,0.006068940716832777,0.0027507150916579754,0.025856008009190457,0.2518716853640498,0.002069192030397759,0.0005892687150196078,0.0020563887520896355,0.0023710110040336134,0.002267773093932773,0.002399176147002801,0.05865550054571179,0.0007104291387843135,0.0012777973954285712,0.0004573136724313725,0.0034564707408235294,0.0023355640189803924,0.016167968487747795,0.14167944820305423
2026-09-20 18:26:37.426000118,5278.646153846152,1572.9015384615386,4878.384615384617,4605.513846153846,4905.8123076923075,5143.116923076923,184727.84307692305,2247.175384615385,4047.9446153846134,1383.1046153846146,10825.246153846154,4862.464615384618,42154.004987853834,451815.3384615384,0.0030009504960457393,0.002929118044099135,0.0029875007964194713,0.003087810843128849,0.002821824652369466,0.0005218770084153929,0.002753274619783298,0.004510578256268067,55384.71821565479,46325.143001428456,34526.785441539316,24862.663628364502,123.21626839793693,23278.810543614687,17749.437829603146,101135.24596570988,52334.16134894974,44125.10070994376,23326.493581077248,13488.531010987523,119.48244208284792,0.0,5202.421432814715,62083.55048170932,0.0,0.0,0.0,0.0,0.0,0.0,0.0,0.0,0.0028958449014773336,0.0011030735083094444,0.0027937452838742573,0.002601079571099889,0.002621959606441222,0.0028204140797860287,0.10395499065777206,0.001263661127623889,0.002249278657170407,0.000884089361569111,0.006083981645999444,0.002757465394463256,0.025912114336995737,0.2524926107415754,0.002069192030397759,0.0005968295348571428,0.0020619563038375348,0.0023710110040336134,0.002273652456190476,0.002399176147002801,0.05874561216977777,0.0007133854297142855,0.0012777973954285712,0.0004583254537142857,0.003472485358857142,0.0023355640189803924,0.016250863367656687,0.14176818142158526
2026-09-20 18:26:52.426000118,5268.852307692309,1572.9015384615386,4878.384615384617,4598.516923076924,4905.8123076923075,5122.590769230768,184622.7476923077,2247.175384615385,4043.1661538461544,1383.1046153846146,10825.246153846154,4849.532307692305,42382.69010805,451797.21538461535,0.003827705965903047,0.003170163497046121,0.0029875007964194713,0.003087810843128849,0.002821824652369466,0.0005218770084153929,0.002753274619783298,0.005103325333782808,72877.12893202991,65580.27248309116,34526.785441539316,24862.663628364502,123.21626839793693,23278.810543614687,17749.437829603146,117236.51438108478,69980.44867457946,63363.702720875626,23326.493581077248,13488.531010987523,119.48244208284792,0.0,5202.421432814715,83295.29198224591,0.0,0.0,0.0,0.0,0.0,0.0,0.0,0.0,0.002903004061477333,0.0011058009624761108,0.002800584400210891,0.0026075100069332217,0.002628441662274555,0.00282731848160121,0.10421053191584138,0.0012667851734572222,0.002254784913771067,0.0008862750232357776,0.006099022575166112,0.0027642156972685367,0.02596822066480102,0.253113536119101,0.002076765987142857,0.0005968295348571428,0.0020619563038375348,0.0023774792995966388,0.002273652456190476,0.002405686694386554,0.05892867370726423,0.0007133854297142855,0.001283352252605042,0.0004583254537142857,0.003472485358857142,0.002340177740235294,0.016324657611145852,0.1419987113811835
2026-09-20 18:27:07.426000118,5268.852307692309,1621.5723076923068,4867.516923076923,4598.516923076924,4888.129230769228,5122.590769230768,184553.4676923077,2244.384615384615,4043.1661538461544,1380.390769230769,10806.012307692301,4849.532307692305,42690.89899530641,451444.8153846154,0.0038701446008773256,0.003170163497046121,0.0029875007964194713,0.003087810843128849,0.002821824652369466,0.0005218770084153929,0.002753274619783298,0.0057204843266707665,64091.0915319268,65580.27248309116,34526.785441539316,24862.663628364502,123.21626839793693,23278.810543614687,17749.437829603146,152611.1309124631,61764.37688683675,63363.702720875626,23326.493581077248,13488.531010987523,119.48244208284792,0.0,5202.421432814715,116266.63849015272,0.0,0.0,0.0,0.0,0.0,0.0,0.0,0.0,0.0029083356974685367,0.001115635565472387,0.002804368482123856,0.002611037212741034,0.0026356727590544555,0.0028306344650701524,0.1044375453191649,0.0012696893530851482,0.0022594798794561,0.0008871674335927392,0.00611112810350957,0.0027682479346032678,0.02620743142859029,0.25365192211071025,0.002076765987142857,0.0006050723989635852,0.002065994983361344,0.0023774792995966388,0.002278721655243697,0.002405686694386554,0.05901777024300778,0.0007165895794957983,0.001283352252605042,0.00045949017549019595,0.0034842544695518197,0.002340177740235294,0.016390251358718178,0.14208894613679346
2026-09-20 18:27:22.426000118,5265.670769230771,1621.5723076923068,4867.516923076923,4593.326153846151,4888.129230769228,5111.280000000002,184515.47076923074,2244.384615384615,4041.3015384615387,1380.390769230769,10806.012307692301,4838.716923076924,43042.001426894865,451539.26153846155,0.0038701446008773256,0.003170163497046121,0.0029875007964194713,0.003236320468317638,0.002675491428979468,0.00052430262224771,0.002753274619783298,0.006410078505756894,64091.0915319268,65580.27248309116,34526.785441539316,26001.56128556049,81.65259781565499,25410.037116252694,17749.437829603146,185994.24671827926,61764.37688683675,63363.702720875626,23326.493581077248,15283.971992101731,77.76437887205236,0.0,5202.421432814715,147676.44018066942,0.0,0.0,0.0,0.0,0.0,0.0,0.0,0.0,0.002915490361659956,0.0011183805225680966,0.002811200156143464,0.002617460506470407,0.002642156657569307,0.0028375301252008714,0.10469301677717467,0.0012728128580356433,0.002264984159684858,0.000889349913790759,0.006126161811430363,0.0027749916159758165,0.026296044869313775,0.25427264595389104,0.002085063586778711,0.0006050723989635852,0.002065994983361344,0.0023837418660504197,0.002278721655243697,0.00241210871112605,0.05920428497626516,0.0007165895794957983,0.0012897039553389355,0.00045949017549019595,0.0034842544695518197,0.002346156754957983,0.016477283971092525,0.1423230074358659
2026-09-20 18:27:37.426000118,5265.670769230771,1671.2246153846163,4878.75076923077,4593.326153846151,4861.332307692304,5111.280000000002,184485.55692307692,2240.4184615384606,4041.3015384615387,1380.3569230769235,10841.359999999997,4838.716923076924,43378.82336555128,451038.6830769231,0.0038701446008773256,0.003170163497046121,0.0029980172642860305,0.003236320468317638,0.0030541925695844008,0.00052430262224771,0.002753274619783298,0.006646455644130401,64091.0915319268,65580.27248309116,36464.534034041426,26001.56128556049,16116.531036371061,25410.037116252694,17749.437829603146,203115.76986824427,61764.37688683675,63363.702720875626,24624.614339912318,15283.971992101731,16112.853981605747,0.0,5202.421432814715,165442.12254005577,0.0,0.0,0.0,0.0,0.0,0.0,0.0,0.0,0.002922645025851375,0.001121125479663806,0.002818031830163072,0.0026238838001997797,0.002648640556084158,0.002844425785331591,0.10494848823518443,0.0012759363629861386,0.0022704884399136166,0.0008915323939887789,0.006141195519351154,0.0027817352973483656,0.026384658310037258,0.2548933697970719,0.002085063586778711,0.0006135013708459383,0.0020745044033445375,0.0023837418660504197,0.0022842392848403358,0.00241210871112605,0.05929786469671707,0.0007200371283025208,0.0012897039553389355,0.00046102319679551816,0.0035057337367282904,0.002346156754957983,0.01655137488358057,0.14241823267313936
2026-09-20 18:27:52.426000118,5247.981538461538,1671.2246153846163,4878.75076923077,4583.590769230766,4861.332307692304,5108.141538461538,184384.81846153847,2240.4184615384606,4030.163076923076,1380.3569230769235,10841.359999999997,4835.729230769231,43592.550175962824,450560.1907692308,0.0038701446008773256,0.003331572137709076,0.0029980172642860305,0.0032364923134522968,0.0030541925695844008,0.00052430262224771,0.002636241563802488,0.007256541684687968,64091.0915319268,63402.57880633041,36464.534034041426,27786.10887208534,16116.531036371061,25410.037116252694,16994.964978906053,218137.5181234373,61764.37688683675,61300.91301472142,24624.614339912318,16332.946514495708,16112.853981605747,0.0,4981.282838644878,178810.46112413084,0.0,0.0,0.0,0.0,0.0,0.0,0.0,0.0,0.002929799690042794,0.0011238704367595158,0.0028248635041826804,0.0026303070939291528,0.0026551244545990095,0.00285132144546231,0.10520395969319424,0.0012790598679366335,0.002275992720142375,0.0008937148741867987,0.006156229227271947,0.002788478978720915,0.02647327175076074,0.25551406721656783,0.00209247087,0.0006135013708459383,0.0020745044033445375,0.002390022763294117,0.0022842392848403358,0.0024191738735070026,0.0594795687583355,0.0007200371283025208,0.0012953069716638652,0.00046102319679551816,0.0035057337367282904,0.0023520958991820723,0.016622500833130646,0.14265511800053796
2026-09-20 18:28:07.426000118,5247.981538461538,1708.2769230769222,4863.1876923076925,4583.590769230766,4850.883076923074,5108.141538461538,184345.31076923074,2238.873846153846,4030.163076923076,1381.6061538461531,10815.566153846146,4835.729230769231,43860.886164016156,450055.4276923076,0.0038701446008773256,0.003331572137709076,0.0029980172642860305,0.0032364923134522968,0.0030541925695844008,0.00052430262224771,0.002952486285068211,0.007580936819638886,64091.0915319268,63402.57880633041,36464.534034041426,27786.10887208534,16116.531036371061,25410.037116252694,18816.152604187286,238673.14669240994,61764.37688683675,61300.91301472142,24624.614339912318,16332.946514495708,16112.853981605747,0.0,6696.114065998846,198732.55307333916,0.0,0.0,0.0,0.0,0.0,0.0,0.0,0.0,0.002935138661343682,0.0011347764286379085,0.0028298503772841432,0.0026348514589234202,0.0026596552208806097,0.0028550343061040993,0.10542878288366953,0.0012818003583838777,0.002281062933241424,0.0008948118356042486,0.006172523767084312,0.0027927285881217912,0.026559904280017532,0.2560343776005039,0.00209247087,0.0006218594674789915,0.0020806358369523806,0.002390022763294117,0.0022898326537983188,0.0024191738735070026,0.059570491969854325,0.0007235554271092437,0.0012953069716638652,0.00046256968794957954,0.0035207729068739493,0.0023520958991820723,0.01668775103624037,0.1427595177777213
2026-09-20 18:28:22.426000118,5241.4738461538445,1708.2769230769222,4863.1876923076925,4593.313846153846,4850.883076923074,5085.0215384615385,184321.37538461536,2238.873846153846,4017.3015384615373,1381.6061538461531,10815.566153846146,4833.79076923077,44192.43735441538,449954.24307692307,0.003677454690794202,0.0033551739996933944,0.0029980172642860305,0.0032364923134522968,0.0030541925695844008,0.0005373101744280564,0.002952486285068211,0.008799112362024289,60900.07209001327,53119.23589722148,36464.534034041426,27786.10887208534,16116.531036371061,23098.706729015812,18816.152604187286,253064.57329910074,58689.201807857324,51589.36536915994,24624.614339912318,16332.946514495708,16112.853981605747,0.0,6696.114065998846,213318.1042166826,0.0,0.0,0.0,0.0,0.0,0.0,0.0,0.0,0.002942288902356753,0.0011375412913830066,0.0028366776005851134,0.002641270175426688,0.002666134361403486,0.0028619222874956846,0.1056841800208213,0.0012849229302793028,0.0022865661662511325,0.0008969916713885621,0.0061875605464960775,0.002799466252361273,0.02664868906610009,0.2566548537469679,0.00209975706410084,0.0006218594674789915,0.0020806358369523806,0.002397744484089636,0.0022898326537983188,0.0024265588655238094,0.05976382735173108,0.0007235554271092437,0.0013013527807282912,0.00046256968794957954,0.0035207729068739493,0.002358935722218487,0.016777360938111004,0.14303579362929783
2026-09-20 18:28:37.426000118,5241.4738461538445,1760.2923076923075,4849.6430769230765,4593.313846153846,4843.526153846155,5085.0215384615385,184274.13846153844,2236.7723076923075,4017.3015384615373,1383.2430769230764,10852.08,4833.79076923077,44504.143848331274,449738.06769230764,0.005289760643998081,0.0033551739996933944,0.003295917199327012,0.0032364923134522968,0.0030541925695844008,0.0005373101744280564,0.002952486285068211,0.009032733708038879,91146.12167343622,53119.23589722148,66439.3821018856,27786.10887208534,16116.531036371061,23098.706729015812,18816.152604187286,262776.81135989306,88164.89066222032,51589.36536915994,54037.11603940535,16332.946514495708,16112.853981605747,0.0,6696.114065998846,222836.834315341,0.0,0.0,0.0,0.0,0.0,0.0,0.0,0.0,0.002949439143369825,0.0011403061541281044,0.0028435048238860845,0.0026476888919299557,0.0026726135019263615,0.0028688102688872712,0.10593957715797309,0.0012880455021747276,0.0022920693992608417,0.000899171507172876,0.006202597325907842,0.0028062039166007555,0.02673747385218264,0.25727532989343177,0.00209975706410084,0.0006310342815014005,0.0020877398757647055,0.002397744484089636,0.002299095909680672,0.0024265588655238094,0.05985775488931216,0.0007270271204929971,0.0013013527807282912,0.0004642179925154061,0.003542831574140055,0.002358935722218487,0.01685148077950333,0.1431379184093428
2026-09-20 18:28:52.426000118,5204.793846153843,1760.2923076923075,4849.6430769230765,4592.679999999998,4843.526153846155,5056.138461538463,184151.1353846154,2236.7723076923075,3997.55076923077,1383.2430769230764,10852.08,4823.670769230769,44803.65616691922,449705.03384615376,0.005289760643998081,0.0033551739996933944,0.003295917199327012,0.003493577650895858,0.003153000988369732,0.0005373101744280564,0.002952486285068211,0.009072640517960463,91146.12167343622,53119.23589722148,66439.3821018856,25663.747264632642,39339.823176593236,23098.706729015812,18816.152604187286,254837.81015863785,88164.89066222032,51589.36536915994,54037.11603940535,15096.725943439727,38625.81405109735,0.0,6696.114065998846,221913.52076707708,0.0,0.0,0.0,0.0,0.0,0.0,0.0,0.0,0.002956589384382898,0.0011430710168732028,0.002850332047187055,0.0026541076084332245,0.002679092642449238,0.002875698250278856,0.10619497429512488,0.0012911680740701527,0.0022975726322705496,0.0009013513429571897,0.006217634105319609,0.002812941580840237,0.0268262586382652,0.2578958060398957,0.002106628461058823,0.0006310342815014005,0.0020877398757647055,0.002405304766464986,0.002299095909680672,0.002434729238823529,0.06004837561275816,0.0007270271204929971,0.0013068488230532213,0.0004642179925154061,0.003542831574140055,0.0023663971654565826,0.0169430906684185,0.14331007977464819
2026-09-20 18:29:07.426000118,5204.793846153843,1802.4676923076927,4834.836923076923,4592.679999999998,4841.821538461538,5056.138461538463,184103.9076923077,2234.495384615384,3997.55076923077,1377.3076923076926,10810.72615384615,4823.670769230769,45111.482021396514,449483.93846153846,0.005289760643998081,0.003637585443057285,0.003295917199327012,0.0033758560171543266,0.003185100987229418,0.000546788005846896,0.0029655747759638647,0.009363488082452118,91146.12167343622,50336.3777984481,66439.3821018856,26958.97807139941,42106.33094828366,18351.707102984758,19933.684930715186,261426.05718418772,88164.89066222032,48890.23798087191,54037.11603940535,15858.646808761114,41342.11031609455,0.0,7093.810879384948,228660.21981624104,0.0,0.0,0.0,0.0,0.0,0.0,0.0,0.0,0.002961601792588889,0.0011546737280045307,0.002854860673051282,0.0026594586989805826,0.0026845279374180155,0.0028790358051355774,0.10642736690223514,0.0012944322105364616,0.0023022047395919874,0.0009032843498093852,0.0062365098760184465,0.002816862125796154,0.02692727774167586,0.2585028674440667,0.002106628461058823,0.0006385115806666667,0.002095957653546218,0.002405304766464986,0.0023069462488235284,0.002434729238823529,0.06014231184415562,0.000729935612168067,0.0013068488230532213,0.0004644338414509804,0.003553940108929971,0.0023663971654565826,0.017014369866201418,0.14339652369944567
2026-09-20 18:29:22.426000118,5183.6892307692315,1802.4676923076927,4834.836923076923,4581.796923076922,4841.821538461538,5045.003076923076,184044.94461538462,2234.495384615384,3980.7015384615397,1377.3076923076926,10810.72615384615,4825.372307692308,45342.96203208681,449721.563076923,0.005289760643998081,0.003637585443057285,0.003295917199327012,0.0035400192472158946,0.003185100987229418,0.000546788005846896,0.003087336919368343,0.009704472906531637,91146.12167343622,50336.3777984481,66439.3821018856,28269.956056500363,42106.33094828366,18351.707102984758,18917.78108190461,271997.5714652858,88164.89066222032,48890.23798087191,54037.11603940535,16629.830968068458,41342.11031609455,0.0,6894.798095635556,238651.78109633407,0.0,0.0,0.0,0.0,0.0,0.0,0.0,0.0,0.0029687468759222223,0.0011574599367423948,0.002861682403820513,0.0026658748397572814,0.0026910045595863,0.0028859153027317314,0.10668270873768447,0.0012975551239668823,0.0023077058910342947,0.0009054635901006473,0.006251555917280583,0.0028235930584884616,0.02701653718240692,0.25912331093017266,0.002115450969411764,0.0006385115806666667,0.002095957653546218,0.002410461465630252,0.0023069462488235284,0.0024441018088067227,0.06033254881167444,0.000729935612168067,0.0013125316929411763,0.0004644338414509804,0.003553940108929971,0.0023733452134005605,0.017093992299739805,0.14366151071615474
2026-09-20 18:29:37.426000118,5183.6892307692315,1852.221538461538,4847.458461538462,4581.796923076922,4853.895384615384,5045.003076923076,184044.66153846154,2230.3569230769226,3980.7015384615397,1367.175384615385,10838.735384615386,4825.372307692308,45677.73818047253,449685.52923076914,0.006300122347449122,0.003637585443057285,0.003295917199327012,0.0035400192472158946,0.003185100987229418,0.000546788005846896,0.003087336919368343,0.010157120138196092,93933.95705851345,50336.3777984481,66439.3821018856,28269.956056500363,42106.33094828366,18351.707102984758,18917.78108190461,281624.5862358819,90922.81356822632,48890.23798087191,54037.11603940535,16629.830968068458,41342.11031609455,0.0,6894.798095635556,247867.64082309877,0.0,0.0,0.0,0.0,0.0,0.0,0.0,0.0,0.0029758919592555557,0.001160246145480259,0.0028685041345897434,0.002672290980533981,0.002697481181754585,0.002892794800327885,0.10693805057313382,0.0013006780373973031,0.002313207042476603,0.0009076428303919095,0.00626660195854272,0.0028303239911807694,0.02710579662313798,0.25974375441627856,0.002115450969411764,0.0006463869823529411,0.0021052011295518208,0.002410461465630252,0.0023147844118319326,0.0024441018088067227,0.06042702390801369,0.0007329696670588234,0.0013125316929411763,0.00046443429647058826,0.0035740972270588227,0.0023733452134005605,0.017164455989045563,0.14378078480965173
2026-09-20 18:29:52.426000118,5153.778461538462,1852.221538461538,4847.458461538462,4567.57846153846,4853.895384615384,5022.870769230769,183911.7107692308,2230.3569230769226,3967.2984615384617,1367.175384615385,10838.735384615386,4816.898461538462,45972.41454039697,449274.3230769231,0.006300122347449122,0.003524227888999718,0.003295917199327012,0.0035400192472158946,0.003185100987229418,0.000534479751238606,0.003087336919368343,0.010287855384366973,93933.95705851345,37042.14884810538,66439.3821018856,28269.956056500363,42106.33094828366,16971.806371324015,18917.78108190461,264333.6673237492,90922.81356822632,36282.213909634906,54037.11603940535,16629.830968068458,41342.11031609455,0.0,6894.798095635556,230201.82789323598,0.0,0.0,0.0,0.0,0.0,0.0,0.0,0.0,0.0029830370425888886,0.0011630323542181228,0.0028753258653589743,0.0026787071213106796,0.002703957803922869,0.0028996742979240393,0.10719339240858317,0.0013038009508277238,0.0023187081939189105,0.0009098220706831716,0.006281647999804855,0.0028370549238730773,0.02719505606386904,0.26036419790238446,0.0021230651058151257,0.0006463869823529411,0.0021052011295518208,0.002414460588571428,0.0023147844118319326,0.0024505260752773106,0.06060846935713289,0.0007329696670588234,0.0013178802946442573,0.00046443429647058826,0.0035740972270588227,0.002378884515882353,0.017250495316854318,0.14397850341188648
2026-09-20 18:30:07.426000118,5153.778461538462,1898.673846153846,4852.676923076926,4567.57846153846,4855.289230769228,5022.870769230769,183889.4676923077,2227.7507692307677,3967.2984615384617,1357.4461538461526,10800.218461538463,4816.898461538462,46310.92212800746,449093.28307692305,0.006300122347449122,0.0036864411559725443,0.0033384257318164997,0.003694824275296561,0.003185100987229418,0.0005391024862894448,0.003087336919368343,0.01051929050158729,93933.95705851345,38747.12598624679,60062.58670605141,28506.835226870073,42106.33094828366,18333.586376952862,18917.78108190461,273389.71453107166,90922.81356822632,37952.212739636576,59238.58218862256,17373.841710353696,41342.11031609455,0.0,6894.798095635556,238817.9957005407,0.0,0.0,0.0,0.0,0.0,0.0,0.0,0.0,0.0029886979438989315,0.0011733167495393162,0.002882219095293334,0.002682441040917201,0.0027104711564040597,0.002904926193245397,0.10742606988744836,0.0013066603058685896,0.0023233536864536507,0.0009101181222423079,0.006297107675438996,0.0028412032071586245,0.027284240238708013,0.2609473076152413,0.0021230651058151257,0.0006547742874397759,0.0021136064182184873,0.002414460588571428,0.0023202667084425764,0.0024505260752773106,0.060701408395708055,0.0007362385421904761,0.0013178802946442573,0.0004648725627955181,0.0035898114148291307,0.002378884515882353,0.017321672636872672,0.144073631051665
2026-09-20 18:30:22.426000118,5123.3169230769245,1898.673846153846,4852.676923076926,4559.27692307692,4855.289230769228,4994.156923076924,183769.58461538458,2227.7507692307677,3960.7938461538474,1357.4461538461526,10800.218461538463,4802.90153846154,46617.277154336756,449464.6523076922,0.006300122347449122,0.0036864411559725443,0.0035856801148429467,0.003694824275296561,0.0030658458907934314,0.0005391024862894448,0.0032182142339237368,0.011534737001706442,93933.95705851345,38747.12598624679,56645.325139185836,28506.835226870073,42663.20158351393,18333.586376952862,19346.108165863458,277356.685102348,90922.81356822632,37952.212739636576,55900.186061423694,17373.841710353696,41888.87387195412,0.0,7094.909135230015,267439.2220704987,0.0,0.0,0.0,0.0,0.0,0.0,0.0,0.0,0.002995839480757906,0.0011761208969752138,0.002889040995293334,0.0026888507724877136,0.0027169478663399576,0.002911801838483492,0.10768135774379757,0.0013097825895224359,0.0023288528126441266,0.0009122928626269232,0.0063121547050864315,0.002847928026999894,0.027373235840943973,0.26156766206077703,0.0021316032078879544,0.0006547742874397759,0.0021136064182184873,0.0024190463776470584,0.0023202667084425764,0.002457548085310924,0.060891107887477744,0.0007362385421904761,0.0013244495126050419,0.0004648725627955181,0.0035898114148291307,0.002385756176022409,0.01741236413383698,0.14433178850324135
2026-09-20 18:30:37.426000118,5123.3169230769245,1943.707692307692,4844.738461538462,4559.27692307692,4856.043076923077,4994.156923076924,183726.32307692303,2224.101538461539,3960.7938461538474,1346.8769230769226,10817.910769230768,4802.90153846154,46922.96262961812,449517.8184615384,0.006527305345104002,0.0035051351958460763,0.0035856801148429467,0.003694824275296561,0.003384277330136338,0.0005391024862894448,0.0032182142339237368,0.011753893998013881,100137.24093471191,36841.471024768274,56645.325139185836,28506.835226870073,45433.62979897957,18333.586376952862,19346.108165863458,289060.4887257605,96926.99842310131,36085.65307448753,55900.186061423694,17373.841710353696,44698.46934508044,0.0,7094.909135230015,278483.88180451095,0.0,0.0,0.0,0.0,0.0,0.0,0.0,0.0,0.0030029810176168802,0.0011789250444111112,0.0028958628952933337,0.002695260504058226,0.0027234245762758546,0.0029186774837215873,0.10793664560014678,0.001312904873176282,0.002334351938834603,0.0009144676030115386,0.006327201734733868,0.002854652846841164,0.02746223144317993,0.2621880165063128,0.0021316032078879544,0.0006631161254453781,0.002120261359019608,0.0024190463776470584,0.0023260333241344536,0.002457548085310924,0.060982456618254584,0.0007395748934005601,0.0013244495126050419,0.0004653598983081232,0.0036106628025098023,0.002385756176022409,0.01748023466446352,0.14445334807729285
2026-09-20 18:30:52.426000118,5090.892307692307,1943.707692307692,4844.738461538462,4546.907692307691,4856.043076923077,4965.375384615384,183592.17538461534,2224.101538461539,3957.07076923077,1346.8769230769226,10817.910769230768,4776.443076923074,47138.50075558615,448635.07999999996,0.006527305345104002,0.0034590546813964194,0.0035856801148429467,0.003580837838412078,0.003384277330136338,0.0005446519597528136,0.0032182142339237368,0.012205713054388088,100137.24093471191,36357.13194994019,56645.325139185836,29863.111778919327,45433.62979897957,17382.331949102685,19346.108165863458,302179.4701637871,96926.99842310131,35611.25041524207,55900.186061423694,18200.441153723586,44698.46934508044,0.0,7094.909135230015,291140.846123196,0.0,0.0,0.0,0.0,0.0,0.0,0.0,0.0,0.003010122554475855,0.0011817291918470088,0.002902684795293334,0.002701670235628739,0.0027299012862117525,0.0029255531289596824,0.10819193345649598,0.0013160271568301285,0.002339851065025079,0.0009166423433961539,0.006342248764381303,0.0028613776666824337,0.02755122704541589,0.26280837095184845,0.002139862937843137,0.0006631161254453781,0.002120261359019608,0.00242287403112605,0.0023260333241344536,0.002462497614207282,0.061165731990294424,0.0007395748934005601,0.0013299644501344535,0.0004653598983081232,0.0036106628025098023,0.002391209262593837,0.01755665122689253,0.14466280180038327
2026-09-20 18:31:07.426000118,5090.892307692307,1989.9692307692296,4836.84923076923,4546.907692307691,4861.621538461542,4965.375384615384,183563.16615384613,2225.4153846153827,3957.07076923077,1341.2061538461537,10794.298461538461,4776.443076923074,47440.00727224853,448340.15692307684,0.006234811806453864,0.004025241445892412,0.0035856801148429467,0.0037548918063726637,0.003384277330136338,0.0005446519597528136,0.0032182142339237368,0.01251840643334763,95650.01467470173,36659.5088968216,56645.325139185836,31314.669580563976,45433.62979897957,17382.331949102685,19346.108165863458,319388.7310407286,92583.62558230499,35955.87148997282,55900.186061423694,19085.11092777946,44698.46934508044,0.0,7094.909135230015,307197.0623353898,0.0,0.0,0.0,0.0,0.0,0.0,0.0,0.0,0.003015096140954815,0.0011921236977019047,0.002906842509365094,0.0027053049864569313,0.002736252750090265,0.002929770307441928,0.10842028351167193,0.001319313273392381,0.0023441811808832284,0.0009167043118239155,0.006356771244350159,0.0028648689571437107,0.027633196027913906,0.2634126577975566,0.002139862937843137,0.0006711612446890755,0.002125727404929971,0.00242287403112605,0.0023311503953725482,0.002462497614207282,0.061255769088384676,0.0007427659427394956,0.0013299644501344535,0.00046621129389915947,0.0036251334708403355,0.002391209262593837,0.017621052563750475,0.1447681148500932
2026-09-20 18:31:22.426000118,5101.999999999998,1989.9692307692296,4836.84923076923,4540.446153846155,4861.621538461542,4928.009230769228,183506.02153846153,2225.4153846153827,3948.9169230769235,1341.2061538461537,10794.298461538461,4759.535384615388,47773.228586947545,447696.76923076913,0.00775038691792238,0.004025241445892412,0.0035856801148429467,0.003824897565138355,0.003272194158849802,0.0005446519597528136,0.0032182142339237368,0.012902821606114067,97704.76546821321,36659.5088968216,56645.325139185836,30470.688525413076,47713.944229905544,17382.331949102685,19346.108165863458,323174.228388457,94806.81655838636,35955.87148997282,55900.186061423694,19169.474007854158,46941.8860639044,0.0,7094.909135230015,310815.61172938545,0.0,0.0,0.0,0.0,0.0,0.0,0.0,0.0,0.0030222325465103705,0.0011949458334161907,0.0029136581626669814,0.002711708149948995,0.002742729163582328,0.002936639719391615,0.10867550789245212,0.0013224359448209527,0.002349677566103355,0.000918874051506455,0.006371817032445397,0.002871586195351258,0.02772193772145239,0.2640329742410278,0.0021490197349915965,0.0006711612446890755,0.002125727404929971,0.002426593943254902,0.0023311503953725482,0.002467677811092436,0.0614425034342222,0.0007427659427394956,0.00133582943567507,0.00046621129389915947,0.0036251334708403355,0.0023971064007394954,0.01771181932453495,0.14497098902343708
2026-09-20 18:31:37.426000118,5101.999999999998,2033.3938461538467,4834.015384615384,4540.446153846155,4860.033846153847,4928.009230769228,183478.68307692304,2221.12,3948.9169230769235,1330.4830769230769,10812.458461538456,4759.535384615388,48094.08392969487,447913.9876923076,0.00775038691792238,0.004147144547098058,0.0035856801148429467,0.0038248975651383552,0.0034556753351165006,0.000517494041247679,0.0031155754221167628,0.013078067886759392,97704.76546821321,40162.79605978273,56645.325139185836,30470.68852541308,50389.39995980148,18820.949141130597,20319.556065419813,325068.80460801814,94806.81655838636,39384.13353899608,55900.186061423694,19169.47400785416,49574.05030999242,0.0,7451.907263019848,316704.52755319636,0.0,0.0,0.0,0.0,0.0,0.0,0.0,0.0,0.0030293689520659263,0.0011977679691304761,0.002920473815968868,0.0027181113134410583,0.0027492055770743915,0.0029435091313413,0.10893073227323227,0.001325558616249524,0.0023551739513234804,0.0009210437911889948,0.006386862820540635,0.002878303433558805,0.027810679414990876,0.26465329068449883,0.0021490197349915965,0.0006789332697254903,0.0021310330635630256,0.002426593943254902,0.002338293699047619,0.002467677811092436,0.06153446070026018,0.0007454598633389355,0.00133582943567507,0.000466565576605042,0.0036463542171204476,0.0023971064007394954,0.017781959220735045,0.14507924744993042
2026-09-20 18:31:52.426000118,5097.735384615385,2033.3938461538467,4834.015384615384,4522.784615384613,4860.033846153847,4881.31692307692,183300.2523076923,2221.12,3941.298461538459,1330.4830769230769,10812.458461538456,4729.984615384613,48330.03324393048,447612.36923076917,0.008058132394815206,0.004147144547098058,0.003680635250326676,0.0038248975651383552,0.0035682148851817063,0.000522120001337147,0.0033802601993805294,0.013259659584327859,90177.49730109624,40162.79605978273,63173.676402792575,30470.68852541308,77613.38047340797,17807.22302274723,19611.493616796462,329265.87941547134,87858.9759380955,39384.13353899608,62342.66034175037,19169.47400785416,76092.12867725936,0.0,7276.828751771869,319967.858693135,0.0,0.0,0.0,0.0,0.0,0.0,0.0,0.0,0.0030365053576214816,0.0012005901048447619,0.0029272894692707542,0.002724514476933122,0.0027556819905664547,0.002950378543290985,0.10918595665401243,0.0013286812876780953,0.002360670336543606,0.0009232135308715344,0.006401908608635873,0.0028850206717663516,0.02789942110852936,0.26527360712796993,0.002157067530448179,0.0006789332697254903,0.0021310330635630256,0.0024306002006498593,0.002338293699047619,0.0024723347401848735,0.0617112344815624,0.0007454598633389355,0.001341430115070028,0.000466565576605042,0.0036463542171204476,0.0024018107343137247,0.017864140259531515,0.14527093767040783
2026-09-20 18:32:07.426000118,5097.735384615385,2070.581538461539,4812.0953846153825,4522.784615384613,4846.012307692306,4881.31692307692,183240.40615384615,2213.5630769230766,3941.298461538459,1317.070769230769,10768.17538461538,4729.984615384613,48595.42788064039,447399.27999999997,0.008058132394815206,0.004147144547098058,0.003485705586913531,0.0038248975651383552,0.0035682148851817063,0.000522120001337147,0.0033802601993805294,0.013545367728614647,90177.49730109624,40162.79605978273,59827.94322353383,30470.68852541308,77613.38047340797,17807.22302274723,19611.493616796462,331020.6352160737,87858.9759380955,39384.13353899608,59040.93850022348,19169.47400785416,76092.12867725936,0.0,7276.828751771869,323793.5188698268,0.0,0.0,0.0,0.0,0.0,0.0,0.0,0.0,0.0030423639991573378,0.0012100787699167715,0.002930076828815369,0.0027276438341488464,0.0027627870947011532,0.0029547136189156803,0.10941281072922966,0.0013319856697631026,0.002365515405982139,0.000923510019663103,0.006414376831835953,0.00288894409808027,0.027994212272422297,0.265835644369365,0.002157067530448179,0.0006866843987394958,0.002135209918431372,0.0024306002006498593,0.0023424465536134448,0.0024723347401848735,0.0618003861569449,0.0007477322154061623,0.001341430115070028,0.00046708780593837526,0.0036606127924089624,0.0024018107343137247,0.017927899119617903,0.14538845440460724
2026-09-20 18:32:22.426000118,5109.304615384614,2070.581538461539,4812.0953846153825,4507.824615384615,4846.012307692306,4846.981538461539,183135.36307692304,2213.5630769230766,3940.258461538463,1317.070769230769,10768.17538461538,4709.356923076924,48812.301961862824,447168.4430769231,0.008058132394815206,0.004147144547098058,0.003930722405073743,0.0038248975651383552,0.0035682148851817063,0.000522120001337147,0.0033802601993805294,0.014738588578989728,90177.49730109624,40162.79605978273,56545.64966925212,30470.68852541308,77613.38047340797,17807.22302274723,19611.493616796462,353544.2493709216,87858.9759380955,39384.13353899608,55792.19772370797,19169.47400785416,76092.12867725936,0.0,7276.828751771869,345531.2643180998,0.0,0.0,0.0,0.0,0.0,0.0,0.0,0.0,0.003049497408748533,0.0012129165545079665,0.0029368831247655242,0.0027340393215702307,0.0027692649822797697,0.0029615771438377984,0.10966796893311054,0.0013351087672473793,0.0023710102782562824,0.0009256753671473797,0.00642941657633281,0.0028956548465226373,0.028083178680534233,0.26645582477310775,0.0021661128525490188,0.0006866843987394958,0.002135209918431372,0.0024345552532773107,0.0023424465536134448,0.0024778578617254904,0.06198297569112417,0.0007477322154061623,0.0013479056180168065,0.00046708780593837526,0.0036606127924089624,0.002407194385210084,0.018005328565102886,0.14559169338388714
2026-09-20 18:32:37.426000118,5109.304615384614,2110.64,4791.692307692308,4507.824615384615,4829.5261538461555,4846.981538461539,183074.72923076918,2204.1723076923063,3940.258461538463,1302.5846153846164,10783.452307692312,4709.356923076924,49069.514743872525,446799.6984615384,0.008812086053970518,0.003939432076493234,0.003930722405073743,0.0038841430895496455,0.0035682148851817063,0.000522120001337147,0.0033802601993805294,0.014969246858784759,113232.9602943692,38151.21592283944,56545.64966925212,32664.46870889039,77613.38047340797,17807.22302274723,19611.493616796462,358441.2712057199,110329.46168188352,37411.55322810736,55792.19772370797,20549.607317642694,76092.12867725936,0.0,7276.828751771869,349907.15206978045,0.0,0.0,0.0,0.0,0.0,0.0,0.0,0.0,0.0030566308183397274,0.0012157543390991614,0.0029436894207156804,0.002740434808991614,0.002775742869858386,0.0029684406687599165,0.10992312713699137,0.0013382318647316561,0.0023765051505304255,0.0009278407146316562,0.006444456320829664,0.002902365594965005,0.02817214508864617,0.2670760051768505,0.0021661128525490188,0.0006941099810420168,0.0021405586818487392,0.0024345552532773107,0.0023484533261176467,0.0024778578617254904,0.062072823995536874,0.0007492573682016807,0.0013479056180168065,0.00046707887677310925,0.0036803994183529413,0.002407194385210084,0.018071751759937728,0.14570322168007718
2026-09-20 18:32:52.426000118,5106.378461538459,2110.64,4791.692307692308,4489.82769230769,4829.5261538461555,4810.2,182944.80615384612,2204.1723076923063,3937.747692307693,1302.5846153846164,10783.452307692312,4684.267692307693,49332.0518519445,446852.8153846153,0.008812086053970518,0.004432155926131276,0.003930722405073743,0.004119761317350718,0.003646757218520419,0.000522120001337147,0.0033802601993805294,0.015397552205227523,113232.9602943692,69251.34644090928,56545.64966925212,54454.21551173075,100895.40406629076,17807.22302274723,19611.493616796462,370128.13559311803,110329.46168188352,67832.84855205356,55792.19772370797,42404.97158665674,98732.98479412265,0.0,7276.828751771869,373218.1676088844,0.0,0.0,0.0,0.0,0.0,0.0,0.0,0.0,0.003063764227930922,0.0012185921236903565,0.0029504957166658365,0.002746830296412997,0.002782220757437002,0.0029753041936820355,0.11017828534087222,0.001341354962215933,0.0023820000228045694,0.0009300060621159328,0.006459496065326519,0.002909076343407373,0.028261111496758102,0.2676961855805932,0.0021736135479663863,0.0006941099810420168,0.0021405586818487392,0.002440344212492997,0.0023484533261176467,0.0024833403089523807,0.062254377969386855,0.0007492573682016807,0.0013540028014901958,0.00046707887677310925,0.0036803994183529413,0.0024088611838655465,0.0181563058057669,0.14588322246465069
2026-09-20 18:33:07.426000118,5106.378461538459,2154.1353846153856,4782.680000000002,4489.82769230769,4812.920000000001,4810.2,182897.20923076922,2198.9107692307693,3937.747692307693,1294.2584615384608,10771.415384615388,4684.267692307693,49621.70470821263,446346.1999999999,0.009312592196993506,0.004432155926131276,0.003930722405073743,0.004119761317350718,0.003646757218520419,0.0005440185502075178,0.0033802601993805294,0.015896590377318373,123373.74563411597,69251.34644090928,56545.64966925212,54454.21551173075,100895.40406629076,17776.28246044867,19611.493616796462,373992.30570821697,120210.21888064622,67832.84855205356,55792.19772370797,42404.97158665674,98732.98479412265,0.0,7276.828751771869,379546.7873282769,0.0,0.0,0.0,0.0,0.0,0.0,0.0,0.0,0.00307127216987487,0.0012278124173128765,0.002954046467339198,0.0027507732866129805,0.0027870331082367602,0.002978772455114506,0.11040568004321039,0.0013443787609130839,0.0023871544509986627,0.0009302991685136036,0.006473089113730114,0.0029126500839659463,0.028343465592609876,0.26821822376045945,0.0021736135479663863,0.0007022308285490194,0.0021437787271932776,0.002440344212492997,0.0023535062427619048,0.0024833403089523807,0.06234014821702334,0.0007510331353333332,0.0013540028014901958,0.0004679824394901961,0.003695730493882352,0.0024088611838655465,0.018225239945191877,0.14597430939165607
2026-09-20 18:33:22.426000118,5135.855384615385,2154.1353846153856,4782.680000000002,4483.341538461536,4812.920000000001,4786.630769230769,182928.95384615383,2198.9107692307693,3943.855384615385,1294.2584615384608,10771.415384615388,4683.840000000001,49990.55734746197,445612.59692307684,0.009312592196993506,0.004505454726629555,0.003930722405073743,0.004119761317350718,0.003693600571414641,0.0005440185502075178,0.0034203921792547516,0.016157970138969805,123373.74563411597,57964.87197720819,56545.64966925212,54454.21551173075,106650.96660998873,17776.28246044867,20842.611546495744,375353.3021816176,120210.21888064622,57200.51634878002,55792.19772370797,42404.97158665674,104365.19246866835,0.0,7733.634058022734,381221.798897142,0.0,0.0,0.0,0.0,0.0,0.0,0.0,0.0,0.0030784064494698855,0.0012306650427022843,0.002960845270579939,0.0027571630771114227,0.0027935071269283487,0.0029856281657626546,0.11066077411279183,0.0013475016277355138,0.0023926485397332306,0.000932460166955971,0.0064881254976865005,0.0029193536125153297,0.028432399254654125,0.2688381770725124,0.002183181649546218,0.0007022308285490194,0.0021437787271932776,0.002445165289512604,0.0023535062427619048,0.0024893622889411767,0.06252264039550326,0.0007510331353333332,0.0013609596168851538,0.0004679824394901961,0.003695730493882352,0.002410903990431373,0.018314270086895103,0.14616438444647542
2026-09-20 18:33:37.426000118,5135.855384615385,2194.6584615384627,4771.455384615382,4483.341538461536,4811.369230769229,4786.630769230769,182890.12307692305,2194.535384615383,3943.855384615385,1287.4184615384609,10801.375384615387,4683.840000000001,50290.464674536146,445280.38769230765,0.009312592196993506,0.004505454726629555,0.0040586809041532074,0.004119761317350718,0.003693600571414641,0.0005440185502075178,0.0035604450713871607,0.01651945931340448,123373.74563411597,57964.87197720819,81542.50116568722,54454.21551173075,106650.96660998873,17776.28246044867,37789.5575795028,378349.1989954178,120210.21888064622,57200.51634878002,80145.37694753778,42404.97158665674,104365.19246866835,0.0,24909.42387035149,383912.44910172827,0.0,0.0,0.0,0.0,0.0,0.0,0.0,0.0,0.0030855407290649012,0.0012335176680916924,0.002967644073820679,0.0027635528676098644,0.002799981145619938,0.0029924838764108026,0.11091586818237327,0.0013506244945579438,0.002398142628467798,0.0009346211653983385,0.0065031618816428875,0.0029260571410647117,0.028521332916698366,0.2694581303845653,0.002183181649546218,0.000710231005490196,0.0021481135071596638,0.002445165289512604,0.0023621374557983186,0.0024893622889411767,0.06261318681150325,0.000752858967305322,0.0013609596168851538,0.0004686117252661063,0.003713112664627451,0.002410903990431373,0.018386320164632076,0.14626510945924473
2026-09-20 18:33:52.426000118,5120.600000000001,2194.6584615384627,4771.455384615382,4482.760000000001,4811.369230769229,4767.547692307691,182807.4,2194.535384615383,3944.723076923075,1287.4184615384609,10801.375384615387,4666.436923076922,50543.771047191825,445280.2984615384,0.009906486090318278,0.004505454726629555,0.0041928255172203974,0.004026348936807421,0.003693600571414641,0.0005440185502075178,0.0035604450713871607,0.016730581565755423,123665.50072422743,57964.87197720819,89472.52968088725,57177.229292006436,106650.96660998873,17776.28246044867,37789.5575795028,391140.8248864403,120702.62215475891,57200.51634878002,87939.53478510569,44525.45612394276,104365.19246866835,0.0,24909.42387035149,396598.4108288055,0.0,0.0,0.0,0.0,0.0,0.0,0.0,0.0,0.003092675008659917,0.0012363702934811008,0.0029744428770614203,0.0027699426581083075,0.002806455164311527,0.0029993395870589507,0.11117096225195476,0.001353747361380374,0.0024036367172023663,0.0009367821638407063,0.006518198265599274,0.0029327606696140946,0.028610266578742622,0.2700780836966181,0.0021917978326666666,0.000710231005490196,0.0021481135071596638,0.0024516678685042015,0.0023621374557983186,0.002496893502380952,0.06279650948690942,0.000752858967305322,0.0013676355218823525,0.0004686117252661063,0.003713112664627451,0.0024129323346666664,0.018465765803493916,0.14641672719093832
2026-09-20 18:34:07.426000118,5120.600000000001,2239.713846153846,4768.86769230769,4482.760000000001,4791.744615384613,4767.547692307691,182756.91076923077,2191.1969230769223,3944.723076923075,1279.8092307692302,10800.74153846154,4666.436923076922,50838.43048618538,445316.6123076923,0.009906486090318278,0.004505454726629555,0.0041928255172203974,0.004328829886055948,0.003693600571414641,0.0005279162322393238,0.0035604450713871607,0.017609438408147996,123665.50072422743,57964.87197720819,89472.52968088725,60262.973264378794,106650.96660998873,12447.404789648052,37789.5575795028,410045.1527505433,120702.62215475891,57200.51634878002,87939.53478510569,48192.69862423642,104365.19246866835,0.0,24909.42387035149,412100.60975738766,0.0,0.0,0.0,0.0,0.0,0.0,0.0,0.0,0.003100205444784362,0.0012462635495704734,0.0029784807575012236,0.0027739107132494856,0.0028120909614572018,0.003003074698694496,0.11140387601093156,0.001356953237590432,0.002409606826253211,0.0009383045010326132,0.006534002523206996,0.002936841158693476,0.02870044831985192,0.2706291531056683,0.0021917978326666666,0.0007187512619159663,0.0021551627977591035,0.0024516678685042015,0.002368519589355742,0.002496893502380952,0.06288921847246809,0.000754684727932773,0.0013676355218823525,0.00046884715114285723,0.003724703120672268,0.0024129323346666664,0.018535616865972042,0.14650751287553979
2026-09-20 18:34:22.426000118,5104.295384615386,2239.713846153846,4768.86769230769,4482.532307692305,4791.744615384613,4739.870769230771,182684.4338461538,2191.1969230769223,3947.1876923076925,1279.8092307692302,10800.74153846154,4662.024615384612,51177.811153626586,445372.44615384605,0.009906486090318278,0.004944082429603143,0.0041928255172203974,0.004328829886055948,0.0038926407868435007,0.0005585320091744404,0.003457539302305229,0.017688105341625224,123665.50072422743,83863.13124641479,89472.52968088725,60262.973264378794,133208.79174238755,13169.27493719867,39522.079535133,420307.48479837365,120702.62215475891,82343.67020920456,87939.53478510569,48192.69862423642,130170.18601928443,0.0,26051.435751985457,419828.34534516727,0.0,0.0,0.0,0.0,0.0,0.0,0.0,0.0,0.0031073406361423876,0.0012491323960210907,0.0029852732643819574,0.0027802949300704738,0.002818563050963375,0.003009923292731193,0.11165891930072941,0.0013600762954608025,0.0024151020005651375,0.0009404640295819959,0.006549040674441564,0.0029435387053295616,0.028789406923200967,0.2712489478428838,0.0021983585067226886,0.0007187512619159663,0.0021551627977591035,0.002458863393210084,0.002368519589355742,0.0025037616935910363,0.06307928463887331,0.000754684727932773,0.0013745508179271704,0.00046884715114285723,0.003724703120672268,0.002420938482352941,0.018632237948977063,0.14669672919537213
2026-09-20 18:34:37.426000118,5104.295384615386,2287.467692307693,4766.316923076925,4482.532307692305,4793.24923076923,4739.870769230771,182634.00923076918,2184.6646153846154,3947.1876923076925,1273.6430769230774,10839.529230769225,4662.024615384612,51515.76337171025,445170.0615384614,0.010568935818670414,0.004944082429603143,0.0041928255172203974,0.004328829886055948,0.0038926407868435007,0.0005337184489279642,0.0036577782778277807,0.018236002639080328,135220.00170922317,83863.13124641479,89472.52968088725,60262.973264378794,133208.79174238755,12584.211607453983,41810.95032580181,433225.1301675478,131980.10464244,82343.67020920456,87939.53478510569,48192.69862423642,130170.18601928443,0.0,27560.17140175556,433346.7769649256,0.0,0.0,0.0,0.0,0.0,0.0,0.0,0.0,0.0031144758275004113,0.0012520012424717076,0.002992065771262691,0.002786679146891461,0.002825035140469547,0.0030167718867678897,0.11191396259052722,0.0013631993533311725,0.0024205971748770642,0.0009426235581313785,0.006564078825676132,0.002950236251965647,0.02887836552655001,0.27186874258009913,0.0021983585067226886,0.0007277817300840334,0.0021616805176470585,0.002458863393210084,0.0023756269607507004,0.0025037616935910363,0.06316936032361281,0.0007572758791036412,0.0013745508179271704,0.00046955933927170864,0.0037423052450420166,0.002420938482352941,0.018706622261937967,0.14681873374263618
2026-09-20 18:34:52.426000118,5098.3046153846135,2287.467692307693,4766.316923076925,4475.080000000001,4793.24923076923,4716.575384615386,182562.79076923072,2184.6646153846154,3945.7723076923103,1273.6430769230774,10839.529230769225,4648.116923076923,51844.957678844796,444845.30461538455,0.011107285907315733,0.004944082429603143,0.0041928255172203974,0.004328829886055948,0.0038926407868435007,0.0005414999694295904,0.0036577782778277807,0.018569534530487684,161808.05314105007,83863.13124641479,89472.52968088725,60262.973264378794,133208.79174238755,17940.41343573085,41810.95032580181,438356.46333524166,157996.41522964765,82343.67020920456,87939.53478510569,48192.69862423642,130170.18601928443,0.0,27560.17140175556,440061.59017467627,0.0,0.0,0.0,0.0,0.0,0.0,0.0,0.0,0.0031216110188584363,0.0012548700889223252,0.002998858278143425,0.0027930633637124488,0.0028315072299757195,0.0030236204808045874,0.11216900588032504,0.0013663224112015432,0.002426092349188991,0.0009447830866807613,0.0065791169769106985,0.0029569337986017335,0.028967324129899066,0.2724885373173146,0.0022060240904649853,0.0007277817300840334,0.0021616805176470585,0.0024649405431372545,0.0023756269607507004,0.0025101178561512606,0.06335668326858138,0.0007572758791036412,0.001381156515142857,0.00046955933927170864,0.0037423052450420166,0.002426558648319328,0.018800560213428918,0.14701605802765397
2026-09-20 18:35:07.426000118,5098.3046153846135,2327.4830769230757,4750.94769230769,4475.080000000001,4789.129230769231,4716.575384615386,182478.31384615382,2173.975384615384,3945.7723076923103,1264.6369230769233,10803.359999999995,4648.116923076923,52119.83425175074,444848.3353846153,0.011107285907315733,0.004944082429603143,0.0041928255172203974,0.004328829886055948,0.0038926407868435007,0.0005414999694295904,0.0034969762484373416,0.018995466249116,161808.05314105007,83863.13124641479,89472.52968088725,60262.973264378794,133208.79174238755,17940.41343573085,39972.87126456235,444829.421828697,157996.41522964765,82343.67020920456,87939.53478510569,48192.69862423642,130170.18601928443,0.0,26348.58033331538,446596.92537111323,0.0,0.0,0.0,0.0,0.0,0.0,0.0,0.0,0.0031266528668519884,0.0012653142058729869,0.003002423225146768,0.0027980480833489298,0.002837030227727421,0.0030264212075956573,0.11239654210845432,0.001369364443214475,0.002431707837995657,0.0009463742670931705,0.006595472351631295,0.00296160003823495,0.02906071967234137,0.27309026923600566,0.0022060240904649853,0.0007358557105714284,0.002167217199406162,0.0024649405431372545,0.0023804743956134457,0.0025101178561512606,0.06344400281112418,0.0007613466256190475,0.001381156515142857,0.0004714999392380953,0.0037505032920952365,0.002426558648319328,0.01886604461006087,0.1471444664579638
2026-09-20 18:35:22.426000118,5085.267692307694,2327.4830769230757,4750.94769230769,4468.212307692308,4789.129230769231,4704.476923076924,182427.83999999997,2173.975384615384,3947.8153846153828,1264.6369230769233,10803.359999999995,4639.276923076921,52405.71529301808,445359.3599999999,0.011107285907315733,0.004944082429603143,0.004384311594749736,0.004383099582385265,0.0038926407868435007,0.0005414999694295904,0.0038185658702175906,0.01946027465573013,161808.05314105007,83863.13124641479,82732.17588749532,58544.5158366373,133208.79174238755,17940.41343573085,56318.49156432587,477093.2663516914,157996.41522964765,82343.67020920456,81337.7940779423,47191.64533779105,130170.18601928443,0.0,24910.99197061832,476644.5947297064,0.0,0.0,0.0,0.0,0.0,0.0,0.0,0.0,0.00313378328428318,0.0012682003511329256,0.003009208438025556,0.0028044291085782876,0.0028435001528038734,0.003033260653807778,0.11265152291395891,0.0013724873163031598,0.002437203284207778,0.0009485324995090725,0.006610513506830071,0.0029682929942955556,0.02914979211633173,0.273710022343206,0.002213547299047619,0.0007358557105714284,0.002167217199406162,0.0024712725959999994,0.0023804743956134457,0.002518587611742297,0.0636329055017286,0.0007613466256190475,0.0013881737308235292,0.0004714999392380953,0.0037505032920952365,0.0024326553260392157,0.018955249096953147,0.147414028360106
2026-09-20 18:35:37.426000118,5085.267692307694,2374.01846153846,4748.1538461538485,4468.212307692308,4790.489230769231,4704.476923076924,182366.82461538457,2172.5261538461527,3947.8153846153828,1270.8276923076914,10810.06461538461,4639.276923076921,52695.981101028825,445295.5476923076,0.011107285907315733,0.004944082429603143,0.0045206413048026,0.004505141988004908,0.0038926407868435007,0.0005414999694295904,0.0038185658702175906,0.01972101363857831,161808.05314105007,83863.13124641479,89743.87464231986,62985.40412250531,133208.79174238755,17940.41343573085,56318.49156432587,482536.3202497086,157996.41522964765,82343.67020920456,88231.31649940061,50771.362788290186,130170.18601928443,0.0,24910.99197061832,482852.460030044,0.0,0.0,0.0,0.0,0.0,0.0,0.0,0.0,0.0031409137017143723,0.0012710864963928641,0.0030159936509043437,0.002810810133807645,0.0028499700778803257,0.003040100100019899,0.11290650371946348,0.001375610189391845,0.002442698730419899,0.0009506907319249748,0.006625554662028847,0.0029749859503561613,0.029238864560322094,0.2743297754504065,0.002213547299047619,0.0007446049528403361,0.0021725466300392157,0.0024712725959999994,0.0023862185076526606,0.002518587611742297,0.06372292152569933,0.0007651583819495798,0.0013881737308235292,0.0004740828842016805,0.003767162404974791,0.0024326553260392157,0.019024686864076726,0.14751779791822112
2026-09-20 18:35:52.426000118,5073.049230769229,2374.01846153846,4748.1538461538485,4463.556923076923,4790.489230769231,4686.363076923076,182240.1846153846,2172.5261538461527,3945.5661538461545,1270.8276923076914,10810.06461538461,4627.858461538458,52992.08315508494,445662.283076923,0.011107285907315733,0.004912619502190037,0.0045206413048026,0.004505141988004908,0.004045168701898136,0.0005414999694295904,0.0038185658702175906,0.020143928966667973,161808.05314105007,88228.61463370036,89743.87464231986,62985.40412250531,157787.85125651036,17940.41343573085,56318.49156432587,496075.9414528338,157996.41522964765,86630.05826798304,88231.31649940061,50771.362788290186,154019.10860332075,0.0,24910.99197061832,488447.45236096147,0.0,0.0,0.0,0.0,0.0,0.0,0.0,0.0,0.003148044119145566,0.0012739726416528033,0.0030227788637831317,0.0028171911590370033,0.002856440002956779,0.003046939546232021,0.11316148452496809,0.0013787330624805301,0.002448194176632021,0.0009528489643408769,0.006640595817227625,0.0029816789064167682,0.029327937004312455,0.27494952855760696,0.002220115922470588,0.0007446049528403361,0.0021725466300392157,0.0024759152197198872,0.0023862185076526606,0.002524437997019608,0.06389966791175597,0.0007651583819495798,0.0013939409854453783,0.0004740828842016805,0.003767162404974791,0.002437089787008403,0.019111945604176554,0.1477466771835306
2026-09-20 18:36:07.426000118,5073.049230769229,2422.692307692308,4737.6153846153875,4463.556923076923,4784.926153846153,4686.363076923076,182164.06461538462,2175.5815384615385,3945.5661538461545,1279.1476923076925,10777.923076923074,4627.858461538458,53264.121981212964,445883.64307692304,0.011107285907315733,0.005476880719086567,0.0045206413048026,0.004505141988004908,0.004045168701898136,0.0005376156128283362,0.0038185658702175906,0.020705533833010648,161808.05314105007,85899.42141518986,89743.87464231986,62985.40412250531,157787.85125651036,17825.648413716703,56318.49156432587,503672.7413947,157996.41522964765,84371.42615378035,88231.31649940061,50771.362788290186,154019.10860332075,0.0,24910.99197061832,497104.27326979156,0.0,0.0,0.0,0.0,0.0,0.0,0.0,0.0,0.0031546227555621213,0.0012832519304575758,0.0030270662670946955,0.002822019327360909,0.002862335321063738,0.003050990625877078,0.11338799197011074,0.0013814655754509093,0.0024538074966884886,0.0009544008481165658,0.00665179099893697,0.002985764132602002,0.0294133046365069,0.27561617565174085,0.002220115922470588,0.0007533436234341736,0.0021781772773109237,0.0024759152197198872,0.002393506082666666,0.002524437997019608,0.06398953347097727,0.0007693393684593836,0.0013939409854453783,0.0004766451297366947,0.003779354766347338,0.002437089787008403,0.01918252911948213,0.1478768881243666
2026-09-20 18:36:22.426000118,5080.44923076923,2422.692307692308,4737.6153846153875,4466.79692307692,4784.926153846153,4685.35076923077,182102.53230769228,2175.5815384615385,3929.7784615384603,1279.1476923076925,10777.923076923074,4624.021538461537,53636.25847724944,446179.7507692307,0.011895412899649295,0.005476880719086567,0.0045206413048026,0.004548341409381932,0.004045168701898136,0.0005376156128283362,0.003941365843610122,0.020961530359743148,162177.57671809723,85899.42141518986,89743.87464231986,87165.52298844662,157787.85125651036,17825.648413716703,61229.58619132166,503551.4197674708,158833.66787152563,84371.42615378035,88231.31649940061,74948.58420523794,154019.10860332075,0.0,27081.126079688853,504153.39202871785,0.0,0.0,0.0,0.0,0.0,0.0,0.0,0.0,0.0031617519260166665,0.0012861525440939392,0.0030338458857133137,0.0028283968432700002,0.0028688039475788887,0.0030578238270782786,0.11364290872722238,0.00138458756636,0.002459303206898699,0.0009565577102377777,0.0066668234625733335,0.002992451248217617,0.029502363940233357,0.2762360337991815,0.0022299137391932774,0.0007533436234341736,0.0021781772773109237,0.002480945493193277,0.002393506082666666,0.002533128148571428,0.06417772557333208,0.0007693393684593836,0.0014005981189019602,0.0004766451297366947,0.003779354766347338,0.0024442379278431362,0.01927960971057074,0.14807688050965928
2026-09-20 18:36:37.426000118,5080.44923076923,2468.5692307692316,4735.926153846152,4466.79692307692,4790.175409806641,4685.35076923077,182040.49399946706,2174.406153846154,3929.7784615384603,1283.7630769230766,10777.892307692306,4624.021538461537,53976.4038959066,446382.92265795765,0.01250191064722784,0.005476880719086567,0.004630664029473704,0.004548341409381932,0.004045168701898136,0.0005376156128283362,0.003941365843610122,0.021242427745385116,161262.26076741877,85899.42141518986,112937.66557182168,87165.52298844662,157787.85125651036,17825.648413716703,61229.58619132166,510885.80799953814,158202.0546263906,84371.42615378035,110810.85826625061,74948.58420523794,154019.10860332075,0.0,27081.126079688853,511545.0348598168,0.0,0.0,0.0,0.0,0.0,0.0,0.0,0.0,0.0031688810964712122,0.0012890531577303029,0.003040625504331932,0.002834774359179091,0.00287527257409404,0.0030646570282794796,0.11389782548433405,0.0013877095572690909,0.002464798917108909,0.00095871457235899,0.006681855926209697,0.0029991383638332332,0.02959142324395981,0.27685589194662213,0.0022299137391932774,0.0007621870531764706,0.0021858269908571425,0.002480945493193277,0.0024020976056322637,0.002533128148571428,0.06426991231302329,0.0007732644944313726,0.0014005981189019602,0.00047945234070588224,0.003796495385098039,0.0024442379278431362,0.01936153158391073,0.1482005706701681
2026-09-20 18:36:52.426000118,5094.415384615383,2468.5692307692316,4735.926153846152,4472.581538461539,4790.175409806641,4680.689230769228,181993.0632302363,2174.406153846154,3921.7846153846153,1283.7630769230766,10777.892307692306,4609.873846153844,54332.789260635764,446276.13496565004,0.01250191064722784,0.005476880719086567,0.004630664029473704,0.004548341409381932,0.004045168701898136,0.0005376156128283362,0.003941365843610122,0.02158133631339008,161262.26076741877,85899.42141518986,112937.66557182168,87165.52298844662,157787.85125651036,17825.648413716703,61229.58619132166,511867.8134853727,158202.0546263906,84371.42615378035,110810.85826625061,74948.58420523794,154019.10860332075,0.0,27081.126079688853,512789.8000946299,0.0,0.0,0.0,0.0,0.0,0.0,0.0,0.0,0.003176010266925758,0.001291953771366667,0.0030474051229505503,0.002841151875088182,0.002881741200609192,0.0030714902294806806,0.1141527422414457,0.0013908315481781818,0.002470294627319119,0.0009608714344802023,0.006696888389846062,0.003005825479448849,0.029680482547686262,0.2774757500940627,0.002238978598599439,0.0007621870531764706,0.0021858269908571425,0.002484935094016807,0.0024020976056322637,0.002540075376845937,0.06445506485853453,0.0007732644944313726,0.0014061933491596639,0.00047945234070588224,0.003796495385098039,0.002450366553647058,0.01945158354369112,0.14842142587015292
2026-09-20 18:37:07.426000118,5094.415384615383,2519.9661538461532,4718.39076923077,4472.581538461539,4785.815384615383,4680.689230769228,181908.64615384614,2178.649230769231,3921.7846153846153,1290.9107692307682,10757.92615384615,4609.873846153844,54620.948593150424,446090.09846153844,0.01250191064722784,0.005476880719086567,0.004811370681467104,0.004678246834506483,0.004138537909162032,0.0005385991654440264,0.003998923976891451,0.021518807340547872,161262.26076741877,85899.42141518986,124482.71739631804,92869.31549342604,169798.05209044536,12861.7037897986,56304.06129525848,512378.85963402945,158202.0546263906,84371.42615378035,122141.32632180219,79852.94499138635,165742.44732590954,0.0,25044.89109590877,512219.117140484,0.0,0.0,0.0,0.0,0.0,0.0,0.0,0.0,0.0031852495471021026,0.0013015323885730732,0.0030523216148350203,0.0028463001247439443,0.002887423929375175,0.0030772419695384925,0.1143851018174668,0.0013940900047034034,0.0024757268115163694,0.0009625917419313315,0.0067085605545266274,0.0030098393267067466,0.029780595880487787,0.27811440921085734,0.002238978598599439,0.0007714235168067226,0.0021901880668347335,0.002484935094016807,0.0024100409847058815,0.002540075376845937,0.06454481861199998,0.0007779436941176472,0.0014061933491596639,0.0004823154731092435,0.0038114549394957977,0.002450366553647058,0.019527254275440727,0.1485274819747559
2026-09-20 18:37:22.426000118,5109.553846153847,2519.9661538461532,4718.39076923077,4475.6861538461535,4785.815384615383,4683.76923076923,181888.36615384612,2178.649230769231,3911.5753846153825,1290.9107692307682,10757.92615384615,4600.861538461536,55016.44137408835,446542.85230769234,0.01250191064722784,0.005476880719086567,0.004811370681467104,0.004678246834506483,0.004198411736391456,0.0005485317714664471,0.003998923976891451,0.022446944434173152,161262.26076741877,85899.42141518986,124482.71739631804,92869.31549342604,159385.78942375595,11935.388219692783,56304.06129525848,533038.2391567181,158202.0546263906,84371.42615378035,122142.28036799017,79852.94499138635,155672.8679392451,0.0,25044.89109590877,529344.5886834479,0.0,0.0,0.0,0.0,0.0,0.0,0.0,0.0,0.0031923834434984984,0.0013044479779124123,0.003059097097721925,0.0028526748875067065,0.0028938907957415413,0.00308407277013373,0.11463996828094142,0.00139721230124995,0.002481222380712798,0.0009647476263157156,0.006723585492214314,0.003016520508254365,0.0298697948574284,0.2787343093982367,0.002247539540436975,0.0007714235168067226,0.0021901880668347335,0.002489594742128851,0.0024100409847058815,0.002546203389086834,0.06472980038278929,0.0007779436941176472,0.0014127232943305322,0.0004823154731092435,0.0038114549394957977,0.002456794772605042,0.0196237733938027,0.14875440290789366
2026-09-20 18:37:37.426000118,5109.553846153847,2567.3938461538455,4698.467692307691,4475.6861538461535,4773.310769230769,4683.76923076923,181798.35076923072,2175.990769230769,3911.5753846153825,1292.8153846153846,10766.316923076922,4600.861538461536,55286.61909208305,446585.70153846155,0.01250191064722784,0.005476880719086567,0.004811370681467104,0.004678246834506483,0.004198411736391456,0.0005485317714664471,0.003998923976891451,0.02298688049826797,161262.26076741877,85899.42141518986,124482.71739631804,92869.31549342604,159385.78942375595,11935.388219692783,56304.06129525848,533038.4959846806,158202.0546263906,84371.42615378035,122142.28036799017,79852.94499138635,155672.8679392451,0.0,25044.89109590877,531073.9657222914,0.0,0.0,0.0,0.0,0.0,0.0,0.0,0.0,0.0031995173398948955,0.0013073635672517518,0.0030658725806088295,0.00285904965026947,0.002900357662107908,0.0030909035707289683,0.11489483474441607,0.0014003345977964966,0.0024867179499092266,0.0009669035107001001,0.006738610429902002,0.003023201689801984,0.02995899383436902,0.279354209585616,0.002247539540436975,0.0007803818350364145,0.0021959697346386545,0.002489594742128851,0.0024174510345098036,0.002546203389086834,0.0648212662722191,0.0007816197896022408,0.0014127232943305322,0.00048477046719327716,0.003829969145120448,0.002456794772605042,0.019700467622747464,0.14888635177050977
2026-09-20 18:37:52.426000118,5122.384615384615,2567.3938461538455,4698.467692307691,4471.501538461538,4773.310769230769,4667.836923076924,181683.72307692305,2175.990769230769,3903.0461538461527,1292.8153846153846,10766.316923076922,4588.150769230768,55610.24982656435,446377.81230769225,0.013262416123523895,0.005707401097499272,0.004811370681467104,0.004678246834506483,0.004198411736391456,0.0005485317714664471,0.003952233163466944,0.02346608850464597,173789.6380384329,108678.10836294231,124482.71739631804,92869.31549342604,159385.78942375595,11935.388219692783,59219.7154804436,549069.7681279001,170491.48079559396,106475.36797058403,122142.28036799017,79852.94499138635,155672.8679392451,0.0,26343.475472358932,546828.6698118096,0.0,0.0,0.0,0.0,0.0,0.0,0.0,0.0,0.0032066512362912917,0.001310279156591091,0.0030726480634957337,0.002865424413032232,0.0029068245284742736,0.0030977343713242057,0.11514970120789068,0.0014034568943430427,0.0024922135191056544,0.0009690593950844843,0.006753635367589689,0.003029882871349603,0.03004819281130964,0.2799741097729953,0.002257266868756302,0.0007803818350364145,0.0021959697346386545,0.002493084609344537,0.0024174510345098036,0.0025504742649579827,0.06499856060158977,0.0007816197896022408,0.001417884164773109,0.00048477046719327716,0.003829969145120448,0.002461903290425769,0.01979092764156259,0.14908055549345606
2026-09-20 18:38:07.426000118,5122.384615384615,2613.76,4688.350769230768,4471.501538461538,4753.91076923077,4667.836923076924,181609.03076923074,2173.6307692307696,3903.0461538461527,1296.406153846154,10729.473846153847,4588.150769230768,55900.65028973313,446068.48923076916,0.0136433081994338,0.005980881689133469,0.004924002822576453,0.004369419166666667,0.004198411736391456,0.0005485317714664471,0.004145810408293959,0.023728256844884547,193488.86250922814,113885.61925363571,118243.8442520346,91778.84444444446,159385.78942375595,11935.388219692783,62120.250162483455,569607.7480240193,189673.4350385023,111577.33051529161,116092.0839560455,78917.97333333334,155672.8679392451,0.0,27633.758001296053,566507.6138351344,0.0,0.0,0.0,0.0,0.0,0.0,0.0,0.0,0.0032165522058686512,0.0013202556145296626,0.0030768253513804326,0.002870234123368651,0.0029124207741094248,0.0031026886679912484,0.11538036320380694,0.0014067794471559524,0.0024977570749513275,0.0009707575400752978,0.006767764258438395,0.0030336821725557516,0.030145839789867093,0.2805996476023151,0.002257266868756302,0.0007888154189467786,0.0021993735746106435,0.002493084609344537,0.002424686053966386,0.0025504742649579827,0.06508764078498909,0.0007866686538767506,0.001417884164773109,0.0004870806604033613,0.003839781741260503,0.002461903290425769,0.01986387451382109,0.14918217853122404
2026-09-20 18:38:22.426000118,5126.132307692309,2613.76,4688.350769230768,4465.701538461538,4753.91076923077,4666.230769230768,181553.68,2173.6307692307696,3908.206153846156,1296.406153846154,10729.473846153847,4571.679999999999,56187.847359074076,445636.5538461539,0.0136433081994338,0.005980881689133469,0.004924002822576453,0.004894541937491856,0.0041327117504300495,0.0005485317714664471,0.004192009748998988,0.02404528458502883,193488.86250922814,113885.61925363571,118243.8442520346,95156.44407128071,168520.3258580104,11935.388219692783,58113.34729023359,578554.2983042682,189673.4350385023,111577.33051529161,116092.0839560455,82271.0230316015,164594.61365545364,0.0,25853.345415426094,575339.2657254266,0.0,0.0,0.0,0.0,0.0,0.0,0.0,0.0,0.0032236922445591266,0.0013231868965237104,0.0030835951176046215,0.002876605412059127,0.002918885707889186,0.0031095153398201575,0.11563517624974036,0.001409902188227381,0.002503252749730089,0.0009729124083788692,0.006782787207099107,0.0030403570132637166,0.03023519669776541,0.2812195602375078,0.0022649984557086833,0.0007888154189467786,0.0021993735746106435,0.0024994141159999993,0.002424686053966386,0.0025530090365042013,0.06527102462908807,0.0007866686538767506,0.0014242612059159662,0.0004870806604033613,0.003839781741260503,0.002467847769635854,0.019949067646443375,0.14936309023653072
