timestamp,api-gateway_energy,clientone_energy,clientthree_energy,clienttwo_energy,kernel_processes_energy,orchestrator_energy,policy_energy,policy-enforcer_energy,rabbitmq_energy,server_energy,sidecar_energy,system_processes_energy,clientone_cpu_usage,clientthree_cpu_usage,clienttwo_cpu_usage,policy_cpu_usage,server_cpu_usage,sidecar_cpu_usage,clientone_memory_usage,clientthree_memory_usage,clienttwo_memory_usage,policy_memory_usage,server_memory_usage,sidecar_memory_usage,clientone_memory_rss_usage,clientthree_memory_rss_usage,clienttwo_memory_rss_usage,policy_memory_rss_usage,server_memory_rss_usage,sidecar_memory_rss_usage,clientone_memory_cache_usage,clientthree_memory_cache_usage,clienttwo_memory_cache_usage,policy_memory_cache_usage,server_memory_cache_usage,sidecar_memory_cache_usage,api-gateway_carbon_coal,clientone_carbon_coal,clientthree_carbon_coal,clienttwo_carbon_coal,kernel_processes_carbon_coal,orchestrator_carbon_coal,policy_carbon_coal,policy-enforcer_carbon_coal,rabbitmq_carbon_coal,server_carbon_coal,sidecar_carbon_coal,system_processes_carbon_coal,api-gateway_carbon_emission,clientone_carbon_emission,clientthree_carbon_emission,clienttwo_carbon_emission,kernel_processes_carbon_emission,orchestrator_carbon_emission,policy_carbon_emission,policy-enforcer_carbon_emission,rabbitmq_carbon_emission,server_carbon_emission,sidecar_carbon_emission,system_processes_carbon_emission
2026-09-17 23:59:28.105999947,4335.44033898305,6816.148474576269,7186.802033898304,6817.9667796610165,276077.17525423726,2813.384745762712,5904.869491525424,2847.807457627119,15656.107118644066,7118.109152542373,72615.0169392222,679633.9683393665,0.006987972825524439,0.006322856689197334,0.006260832154267437,0.0005354284673813063,0.005834330660539513,0.015564987038675355,81047.61315518466,123154.29334371784,64627.3848938237,18819.212809315188,130898.98602292393,263109.7901533616,78586.81625079433,119202.24750354649,47372.03115187216,3516.986339142722,127712.13981189564,213061.99156315418,0.0,0.0,0.0,0.0,0.0,0.0,0.0008223927825176685,0.0016730003979863386,0.0017599305966921675,0.0016643382969083295,0.0651456308858197,0.000678910578835337,0.0013631021294207885,0.0006231654016102004,0.003739443953434946,0.0017042186047482692,0.014224443348864135,0.15597515875733634,0.00047402626517647063,0.0009717769221428571,0.001010315523760148,0.0009655721373309041,0.037187717240069716,0.00038832820517647055,0.0007813891533221287,0.00035811519176470584,0.002107088752235294,0.0009913013642313397,0.00820710195116241,0.0898112228178483
2026-09-17 23:59:43.105999947,4305.706779661016,6861.203389830507,7186.802033898304,6838.76440677966,276159.8440677966,2797.642372881356,5902.7918644067795,2827.537627118644,15693.171864406779,7120.507118644067,72449.01457627119,679229.9664308229,0.006987972825524439,0.0061376044622694,0.006483415512883276,0.0005354284673813064,0.0057132960276740155,0.01520226632282488,81047.61315518466,129399.3735713333,66924.99965712971,18819.21280931519,139935.90093167248,247042.0314492305,78586.81625079433,125035.82417683503,49056.1883914255,3516.9863391427225,136306.7071699539,196580.6155898137,0.0,0.0,0.0,0.0,0.0,0.0,0.000825710779785428,0.0016797498037240438,0.001767030705981785,0.0016710515728646136,0.06540475408205626,0.0006816495159938068,0.0013685368821089606,0.0006256794453260474,0.0037543306994026883,0.0017110939544750453,0.014294258259235207,0.15659563850120517,0.0004770810507985057,0.0009838088509090907,0.001010315523760148,0.0009749015089312342,0.03734948278956488,0.00039031966270028004,0.0007875976311036414,0.00036026211379271703,0.002125591010028011,0.0010005252885308604,0.008243924092374058,0.09016515890597601
2026-09-17 23:59:58.105999947,4305.706779661016,6861.203389830507,7210.394237288135,6838.76440677966,276202.8793220339,2797.642372881356,5902.7918644067795,2827.537627118644,15693.171864406779,7120.507118644067,72329.16813559322,679025.5543962712,0.006987972825524439,0.0061376044622694,0.006483415512883276,0.0005253575515487125,0.0057132960276740155,0.01499714935541045,81047.61315518466,129399.3735713333,66924.99965712971,19804.61910251944,139935.90093167248,253953.96705819745,78586.81625079433,125035.82417683503,49056.1883914255,3696.594726746062,136306.7071699539,203023.61482058905,0.0,0.0,0.0,0.0,0.0,0.0,0.0008290287770531875,0.0016864992094617485,0.0017741308152714023,0.0016777648488208977,0.06566387727829284,0.0006843884531522767,0.0013739716347971327,0.0006281934890418942,0.00376921744537043,0.0017179693042018215,0.014364073169606278,0.15721611824507403,0.00047708143805042007,0.0009838088509090907,0.0010173486468714463,0.0009749015089312342,0.03747709902941176,0.00039031966270028004,0.0007875976311036414,0.00036026211379271703,0.002125591010028011,0.0010005252885308604,0.008269673575694964,0.0904603980904006
2026-09-18 00:00:13.105999947,4272.41593220339,6892.837627118645,7210.394237288135,6852.898983050848,276293.8525423729,2800.333220338983,5903.8871186440665,2830.326101694915,15687.302033898302,7143.217627118643,71987.90949152542,678798.2281811112,0.006987972825524439,0.0061376044622694,0.006483415512883276,0.0005211185546929333,0.0057132960276740155,0.01494613525406389,81047.61315518466,129399.3735713333,66924.99965712971,22515.253545556578,139935.90093167248,258056.04336480633,78586.81625079433,125035.82417683503,49056.1883914255,6971.607720919016,136306.7071699539,207428.46470828602,0.0,0.0,0.0,0.0,0.0,0.0,0.0008304323977725806,0.0016991492500933692,0.0017825165474161288,0.0016836201934349788,0.06592693482841534,0.0006834201759094981,0.0013791554487511464,0.0006279103160589605,0.003787117083562434,0.0017258369550643368,0.014337670624497909,0.15791169405134134,0.00048007191858401196,0.0009952802099751448,0.0010173486468714463,0.0009843926613147384,0.037640221783137244,0.00039222129586554614,0.0007941333964033612,0.0003624045807507002,0.0021396130750028007,0.0010110354613994507,0.008300014959477317,0.09077830868501961
2026-09-18 00:00:28.105999947,4272.41593220339,6892.837627118645,7222.060677966102,6852.898983050848,276346.6993220339,2800.333220338983,5903.8871186440665,2830.326101694915,15687.302033898302,7143.217627118643,71879.32372881356,679428.9474203774,0.0070122333123075215,0.0061376044622694,0.006483415512883276,0.0005211185546929333,0.0057132960276740155,0.014892308790131486,84969.21573720209,129399.3735713333,66924.99965712971,22515.253545556578,139935.90093167248,254688.03314456556,82347.56904505708,125035.82417683503,49056.1883914255,6971.607720919016,136306.7071699539,203995.9459037413,0.0,0.0,0.0,0.0,0.0,0.0,0.0008337427566435483,0.0017059221761686382,0.0017896217812870968,0.0016903300496177748,0.06618607365778043,0.0006861443358557348,0.001384589209333157,0.0006304132098761649,0.003802015738324339,0.0017327162601718641,0.014406683483480114,0.15853247112386917,0.000480072308885154,0.0009952802099751448,0.0010253197931480284,0.0009843926613147384,0.03776918673245814,0.00039222129586554614,0.0007941333964033612,0.0003624045807507002,0.0021396130750028007,0.0010110354613994507,0.008327456232496396,0.09113744117444468
2026-09-18 00:00:43.105999947,4232.221016949153,6879.3376271186435,7222.060677966102,6862.408474576269,276360.74237288133,2783.480338983051,5892.696610169491,2823.1108474576267,15674.171186440679,7155.43627118644,71434.25084745762,680094.2856162521,0.0067981589192148435,0.006041729770482335,0.006483415512883276,0.0005211185546929333,0.0057132960276740155,0.014778763402669953,82375.21572602495,135105.51360716613,66924.99965712971,22515.253545556578,139935.90093167248,253851.05512680302,79833.60450896024,130525.37211366116,49056.1883914255,6971.607720919016,136306.7071699539,203189.34379053637,0.0,0.0,0.0,0.0,0.0,0.0,0.000837053115514516,0.0017126951022439067,0.0017967270151580646,0.0016970399058005702,0.06644521248714551,0.0006888684958019713,0.0013900229699151676,0.0006329161036933692,0.0038169143930862435,0.0017395955652793904,0.014475696342462313,0.15915324819639698,0.00048259964933870586,0.001005099213545503,0.0010253197931480284,0.0009935672348571427,0.03792699712785807,0.00039373955043697475,0.0008001641565266104,0.00036439548971428567,0.0021548388666050417,0.0010210551007450142,0.008355494843186656,0.0915101709951582
2026-09-18 00:00:58.105999947,4232.221016949153,6879.3376271186435,7235.206779661015,6862.408474576269,276345.826779661,2783.480338983051,5892.696610169491,2823.1108474576267,15674.171186440679,7155.43627118644,71327.38881355932,680157.8233052543,0.006793956768347434,0.006041729770482335,0.006302326561009883,0.0005211185546929333,0.00572102032839574,0.014658587340130461,94012.30576944744,135105.51360716613,72286.33145406692,22515.253545556578,144959.3056955569,248740.45610735967,77338.49693981974,130525.37211366116,55007.27106480155,6971.607720919016,141199.76136915057,197917.3276648602,0.0,0.0,0.0,0.0,0.0,0.0,0.0008403634743854839,0.0017194680283191756,0.0018038322490290322,0.001703749761983366,0.06670435131651058,0.0006915926557482079,0.0013954567304971782,0.0006354189975105735,0.0038318130478481485,0.0017464748703869177,0.014544709201444517,0.1597740252689248,0.0004826000426890755,0.001005099213545503,0.0010329419187766436,0.0009935672348571427,0.03805177879355119,0.00039373955043697475,0.0008001641565266104,0.00036439548971428567,0.0021548388666050417,0.0010210551007450142,0.008384314890723199,0.09181568376058476
2026-09-18 00:01:13.105999947,4194.735254237287,6883.102372881356,7235.206779661015,6876.716949152543,276428.74576271186,2749.606779661016,5901.38847457627,2785.6708474576267,15653.37355932203,7177.545762711865,71019.08847457627,679901.9323008541,0.006793956768347434,0.005870723728016555,0.006302326561009883,0.0005211185546929333,0.005569082754091152,0.014551828148200831,94012.30576944744,131281.46650890878,72286.33145406692,22515.253545556578,154567.09980754595,252642.57096293254,77338.49693981974,126830.9620399798,55007.27106480155,6971.607720919016,133629.63963969122,201163.06531915913,0.0,0.0,0.0,0.0,0.0,0.0,0.0008387218062012347,0.0017274488694876548,0.0018110552081160491,0.0017097592972285074,0.06696162454641823,0.0006905075594000001,0.001400512118288368,0.0006350084668320989,0.003841973187056771,0.0017551380686839507,0.014500153551417361,0.16051687838274695,0.00048515787120448166,0.0010158135584153662,0.0010329419187766436,0.0010035369512991959,0.03821418113092063,0.0003953985154621848,0.0008071541867675069,0.00036657081955182065,0.0021680013107563015,0.001031659082420168,0.00842022230504739,0.09212437719013743
2026-09-18 00:01:28.105999947,4194.735254237287,6883.102372881356,7245.353898305085,6876.716949152543,276457.1369491525,2749.606779661016,5901.38847457627,2785.6708474576267,15653.37355932203,7177.545762711865,70892.3806779661,680060.1454494916,0.006793956768347434,0.005820375979929201,0.006295934603035471,0.0005309584058659358,0.005569082754091152,0.014427741733949126,94012.30576944744,130155.58722884904,76466.58218923579,22551.36237424617,154567.09980754595,247651.93815566573,77338.49693981974,125743.25060569929,58146.895454415535,6982.788433957684,133629.63963969122,196860.68276010666,0.0,0.0,0.0,0.0,0.0,0.0,0.0008420127281589065,0.0017342265348315698,0.0018181609038832452,0.0017164664056941157,0.06722075615188698,0.0006932167736857144,0.0014059444060487848,0.0006374999297950618,0.0038568533940880213,0.001762024372916755,0.014568336377769983,0.16113812987599008,0.00048515787120448166,0.0010158135584153662,0.0010416238064908721,0.0010035369512991959,0.038344442556177395,0.0003953985154621848,0.0008071541867675069,0.00036657081955182065,0.0021680013107563015,0.001031659082420168,0.008448237236870507,0.09245702172852001
2026-09-18 00:01:43.105999947,4155.534915254237,6897.474915254237,7245.353898305085,6889.991186440678,276524.2037288135,2734.3494915254237,5904.268474576271,2766.8806779661013,15667.434915254235,7180.855932203391,70565.48542372881,679912.1279016351,0.006793956768347434,0.005848671573639579,0.006295934603035471,0.0005309584058659358,0.005569082754091152,0.014384420975546706,94012.30576944744,135598.6484381877,76466.58218923579,22551.36237424617,154567.09980754595,244244.75287662927,77338.49693981974,130878.99820107753,58146.895454415535,6982.788433957684,133629.63963969122,193796.79212225173,0.0,0.0,0.0,0.0,0.0,0.0,0.0008453036501165786,0.0017410042001754851,0.001825266599650441,0.0017231735141597243,0.06747988775735574,0.0006959259879714286,0.0014113766938092013,0.0006399913927580248,0.003871733601119271,0.0017689106771495594,0.014636519204122603,0.16175938136923326,0.000487414827120448,0.0010270262031437036,0.0010416238064908721,0.0010148985084398978,0.03850594951202241,0.00039702607620728286,0.000813024355092437,0.000368848726980392,0.0021840711605602236,0.0010411590072074658,0.008484490321323333,0.09275665507538841
2026-09-18 00:01:58.105999947,4155.534915254237,6897.474915254237,7257.215593220339,6889.991186440678,276522.4922033898,2734.3494915254237,5904.268474576271,2766.8806779661013,15667.434915254235,7180.855932203391,70424.3593220339,679156.1135235662,0.006793956768347434,0.005848671573639579,0.006295934603035471,0.0005309584058659358,0.005386047528573141,0.014330796761613166,94012.30576944744,135598.6484381877,76466.58218923579,22551.36237424617,158156.5560198598,243452.61479893827,77338.49693981974,130878.99820107753,58146.895454415535,6982.788433957684,136576.6815373419,193210.37631036688,0.0,0.0,0.0,0.0,0.0,0.0,0.0008485945720742504,0.0017477818655194006,0.0018323722954176364,0.0017298806226253328,0.06773901936282448,0.0006986352022571429,0.0014168089815696178,0.0006424828557209877,0.003886613808150521,0.0017757969813823632,0.014704702030475223,0.16238063286247645,0.000487414827120448,0.0010270262031437036,0.0010500521962064826,0.0010148985084398978,0.03863203157689635,0.00039702607620728286,0.000813024355092437,0.000368848726980392,0.0021840711605602236,0.0010411590072074658,0.00851048055022278,0.09303918238490573
2026-09-18 00:02:13.105999947,4111.834576271186,6905.516949152541,7257.215593220339,6896.239322033897,276574.37186440674,2734.0413559322037,5906.52,2773.159322033898,15651.808474576272,7184.477288135594,69996.90508474575,679067.3175094984,0.006593791691241041,0.005951606374391624,0.00618377331812266,0.0005309584058659358,0.005576459169162956,0.01421024455735564,96413.70431918239,143454.58974346725,73689.33959817197,22551.36237424617,163747.82663936628,247540.63966756148,79177.21284287552,138456.10381670637,56037.36867595987,6982.788433957684,141405.04405361688,196695.38542423898,0.0,0.0,0.0,0.0,0.0,0.0,0.0008465553820017363,0.0017546131311663193,0.0018391933820295142,0.0017384021050928977,0.06800302768042087,0.0006980499882567709,0.00142352213243453,0.0006425606731769096,0.003897790928694701,0.0017846421471578125,0.01468173609417043,0.16295581862507502,0.0004896810736806723,0.0010375047759152353,0.0010500521962064826,0.0010257462833441694,0.0387931321341718,0.0003985238533109243,0.0008187216302352941,0.0003710388362352941,0.002197583790655462,0.0010512084076394193,0.00853988464287583,0.09333883818411431
2026-09-18 00:02:28.105999947,4111.834576271186,6905.516949152541,7265.761016949153,6896.239322033897,276599.9379661017,2734.0413559322037,5906.52,2773.159322033898,15651.808474576272,7184.477288135594,69867.81152542372,679175.5336394052,0.006598875080159405,0.005951606374391624,0.00618377331812266,0.0005291822532608456,0.005576459169162956,0.0141342283228946,96488.03307857671,143454.58974346725,73689.33959817197,21775.40951253207,163747.82663936628,246961.95991536483,79238.25337694139,138456.10381670637,56037.36867595987,6742.522920142814,141405.04405361688,196089.63481135305,0.0,0.0,0.0,0.0,0.0,0.0,0.0008498257075225694,0.0017613910035621527,0.0018462979783836807,0.001745116222280398,0.06826217800606188,0.0007007464765380208,0.0014289593298704275,0.0006450428124998263,0.003912656938951111,0.0017915360182515626,0.014749213261299122,0.1635768942140109,0.0004896810736806723,0.0010375047759152353,0.0010588949238377785,0.0010257462833441694,0.03892357466727357,0.0003985238533109243,0.0008187216302352941,0.0003710388362352941,0.002197583790655462,0.0010512084076394193,0.00856783866949624,0.09367662621227464
2026-09-18 00:02:43.105999947,4070.9562711864405,6924.9935593220325,7265.761016949153,6903.503389830509,276663.8715254237,2717.3898305084745,5908.713559322034,2764.7298305084737,15690.246101694913,7176.343728813558,69529.79898305084,678965.4953683917,0.006617962639343927,0.005951606374391624,0.00618377331812266,0.0005114433260008477,0.005432057223221286,0.014105963197750166,103325.21392082667,143454.58974346725,73689.33959817197,22402.83537843714,165052.5383870522,248492.97060593637,86115.09976164566,138456.10381670637,56037.36867595987,6937.530289114169,143523.84377737818,196801.61737990053,0.0,0.0,0.0,0.0,0.0,0.0,0.0008530960330434029,0.0017681688759579864,0.0018534025747378472,0.001751830339467898,0.06852132833170291,0.0007034429648192708,0.0014343965273063248,0.000647524951822743,0.003927522949207522,0.0017984298893453127,0.014816690428427821,0.1641979698029467,0.0004919001900392156,0.0010478727811200391,0.0010588949238377785,0.0010373437183885319,0.03908457689486461,0.0003998600778431372,0.0008245421887394958,0.0003729826689019608,0.002214490881294117,0.0010606238040421444,0.008601692330422041,0.09397303472747894
2026-09-18 00:02:58.105999947,4070.9562711864405,6924.9935593220325,7263.692542372882,6903.503389830509,276629.3877966101,2717.3898305084745,5908.713559322034,2764.7298305084737,15690.246101694913,7176.343728813558,69393.07830508474,678602.3451301273,0.006617962639343927,0.005951606374391624,0.0061786334411117515,0.0005158728903315833,0.005432057223221286,0.013906747658097086,103325.21392082667,143454.58974346725,77150.38165009997,22596.864306873093,165052.5383870522,236691.71548435887,86115.09976164566,138456.10381670637,58420.95217330136,6997.615610692902,143523.84377737818,186740.00677302154,0.0,0.0,0.0,0.0,0.0,0.0,0.000856366358564236,0.0017749467483538194,0.0018605071710920138,0.0017585444566553976,0.06878047865734392,0.0007061394531005208,0.0014398337247422221,0.0006500070911456598,0.003942388959463933,0.0018053237604390628,0.014884167595556518,0.16481904539188255,0.0004919001900392156,0.0010478727811200391,0.0010671392953212726,0.0010373437183885319,0.03921031042211765,0.0003998600778431372,0.0008245421887394958,0.0003729826689019608,0.002214490881294117,0.0010606238040421444,0.00862703088806165,0.09426201720396611
2026-09-18 00:03:13.105999947,4030.2610169491522,6946.071864406778,7263.692542372882,6899.671525423728,276653.88915254234,2677.4328813559323,5898.975254237288,2720.7030508474577,15693.962033898304,7180.642372881355,69041.82508474575,678388.5008075637,0.006617962639343927,0.005774294133416958,0.0061786334411117515,0.0005315477196882677,0.005432057223221286,0.013774395159805624,103325.21392082667,139180.74278763332,77150.38165009997,23283.47141231475,165052.5383870522,234218.10273645178,86115.09976164566,134331.17341976447,58420.95217330136,7210.238589447959,143523.84377737818,184433.48959293822,0.0,0.0,0.0,0.0,0.0,0.0,0.000854322078237094,0.0017814406939476923,0.0018675234161741883,0.0017664154183737687,0.06904455949112694,0.0007050967784270086,0.001445961729844781,0.0006496105366548719,0.003958270233837542,0.0018118214831336753,0.014852327053878362,0.16541839465278804,0.0004942592019383751,0.001058858595442412,0.0010671392953212726,0.0010486212325452847,0.03936993118428384,0.00040118522970308124,0.0008296210399159664,0.00037450428776470584,0.0022282151398991595,0.0010714387338295317,0.008662445581305153,0.09455496484051698
2026-09-18 00:03:28.105999947,4030.2610169491522,6946.071864406778,7245.241016949152,6899.671525423728,276540.6447457627,2677.4328813559323,5898.975254237288,2720.7030508474577,15693.962033898304,7180.642372881355,68903.22508474576,677753.5249569132,0.006617962639343927,0.005781958844359849,0.0061786334411117515,0.0005315477196882677,0.005432057223221286,0.01373442322179873,103325.21392082667,134674.2220682744,77150.38165009997,23283.47141231475,165052.5383870522,235069.66884091782,86115.09976164566,129981.67646963212,58420.95217330136,7210.238589447959,143523.84377737818,185526.88712138284,0.0,0.0,0.0,0.0,0.0,0.0,0.0008575721795191452,0.0017882174862553846,0.001874627676430599,0.0017731339363224866,0.06930372842799562,0.0007077790425295727,0.0014514015354003366,0.0006520817251164103,0.003973140076009259,0.001818713847236239,0.014919099668265016,0.16603938904625393,0.0004942592019383751,0.001058858595442412,0.001074334307863777,0.0010486212325452847,0.03948955544036103,0.00040118522970308124,0.0008296210399159664,0.00037450428776470584,0.0022282151398991595,0.0010714387338295317,0.008684353820854203,0.09482052943963866
2026-09-18 00:03:43.105999947,3993.31220338983,6961.622033898306,7245.241016949152,6896.593220338984,276570.466779661,2666.9349152542372,5898.157627118645,2706.0650847457628,15701.525084745761,7177.649491525423,68520.75559322034,677433.6040043348,0.006617962639343927,0.00590591054116962,0.005982165579138836,0.0005315477196882677,0.005432057223221286,0.013749206204924737,103325.21392082667,131873.71247188444,74697.15786240392,23283.47141231475,165052.5383870522,231066.51964893553,86115.09976164566,127409.74922691309,56563.28580139158,7210.238589447959,143523.84377737818,181915.96349175955,0.0,0.0,0.0,0.0,0.0,0.0,0.0008608222808011968,0.001794994278563077,0.001881731936687009,0.0017798524542712046,0.06956289736486432,0.0007104613066321367,0.0014568413409558924,0.0006545529135779486,0.003988009918180977,0.0018256062113388032,0.01498587228265167,0.16666038343971987,0.0004968323742857142,0.0010694647686274512,0.001074334307863777,0.0010592700463865543,0.03964833262083659,0.000403117542605042,0.0008351874438095238,0.00037659877789915955,0.002243549563865546,0.0010816940517129928,0.008716437526430806,0.09510611670985601
2026-09-18 00:03:58.105999947,3993.31220338983,6961.622033898306,7265.355254237287,6896.593220338984,276556.9759322034,2666.9349152542372,5898.157627118645,2706.0650847457628,15701.525084745761,7177.649491525423,68445.22271186441,677210.9460141932,0.006190995182102056,0.00590591054116962,0.005930676967129573,0.0005315477196882677,0.005321899759004415,0.013629901204154776,101119.05331596809,131873.71247188444,74054.23801531977,23283.47141231475,151798.06036959586,227845.90737835324,84284.6087169635,127409.74922691309,56076.44453328075,7210.238589447959,130676.62296636515,178202.20019269333,0.0,0.0,0.0,0.0,0.0,0.0,0.000864072382083248,0.0018017710708707693,0.001888836196943419,0.0017865709722199225,0.06982206630173299,0.0007131435707347008,0.001462281146511448,0.0006570241020394872,0.004002879760352693,0.0018324985754413674,0.015052644897038326,0.16728137783318575,0.0004968323742857142,0.0010694647686274512,0.0010830396284248322,0.0010592700463865543,0.03977377589596141,0.000403117542605042,0.0008351874438095238,0.00037659877789915955,0.002243549563865546,0.0010816940517129928,0.008741382945568421,0.09539981139493253
2026-09-18 00:04:13.105999947,3954.291864406779,6982.068813559321,7265.355254237287,6895.888474576271,276629.8362711864,2668.469491525423,5904.271525423729,2707.663728813559,15680.681694915254,7186.286440677967,67999.65559322033,677086.6161536552,0.006432737944277382,0.00590591054116962,0.005972117503226707,0.0005119837328491975,0.005321899759004415,0.013587640197798796,105067.49755443643,131873.71247188444,71925.23347511547,22426.506907706324,151798.06036959586,221337.77840405435,87575.71031223031,127409.74922691309,54472.82130568978,6944.860698346774,130676.62296636515,172022.73409241703,0.0,0.0,0.0,0.0,0.0,0.0,0.0008616382122757576,0.0018090443737759261,0.0018942529111107748,0.0017925649497555563,0.07006590520227893,0.000712107067559091,0.0014664616605993366,0.0006566320380895623,0.004013585928103648,0.0018393513905984847,0.01501919896018083,0.16776021260292837,0.0004997074925714285,0.0010809273289752914,0.0010830396284248322,0.0010695122596524921,0.039935446240134446,0.0004052109356190475,0.0008413611086274508,0.0003789064899047618,0.002256735147428571,0.0010934813321458892,0.008771135955120952,0.09570592577943496
2026-09-18 00:04:28.105999947,3954.291864406779,6982.068813559321,7293.850169491524,6895.888474576271,276659.50576271187,2668.469491525423,5904.271525423729,2707.663728813559,15680.681694915254,7186.286440677967,67947.03457627118,677627.4469602712,0.006432737944277382,0.00590591054116962,0.005972117503226707,0.0005283854714355364,0.005321899759004415,0.013537065548932161,105067.49755443643,131873.71247188444,71925.23347511547,21735.319518339697,151798.06036959586,221279.1825922936,87575.71031223031,127409.74922691309,54472.82130568978,6740.308846100494,130676.62296636515,171798.36879779116,0.0,0.0,0.0,0.0,0.0,0.0,0.000864867007730303,0.001815823026553704,0.001901350847979461,0.0017992807527858591,0.07032501715999039,0.0007147753971045454,0.0014718967824898842,0.0006590924976855218,0.004028440287556385,0.0018462436065075757,0.01508529343581957,0.16838067954546276,0.0004997074925714285,0.0010809273289752914,0.001093273964316204,0.0010695122596524921,0.0400677134550638,0.0004052109356190475,0.0008413611086274508,0.0003789064899047618,0.002256735147428571,0.0010934813321458892,0.00879969767466063,0.09606158747803967
2026-09-18 00:04:43.105999947,3920.0033898305082,6999.897966101695,7293.850169491524,6911.377627118643,276736.09118644067,2663.7345762711866,5909.546440677965,2707.929152542372,15693.220677966105,7193.544406779662,67643.38983050847,677318.9294681809,0.006432737944277382,0.00590591054116962,0.005913621136005587,0.0005029491014477061,0.005321899759004415,0.01338262998553743,105067.49755443643,131873.71247188444,75328.06923535775,18697.40717831123,151798.06036959586,221142.2069255992,87575.71031223031,127409.74922691309,57041.10433059978,6951.569811524281,130676.62296636515,171355.5775713368,0.0,0.0,0.0,0.0,0.0,0.0,0.0008680958031848485,0.0018226016793314818,0.0019084487848481484,0.001805996555816162,0.07058412911770183,0.00071744372665,0.0014773319043804314,0.0006615529572814817,0.004043294647009122,0.0018531358224166666,0.015151387911458312,0.16900114648799724,0.0005025251578935573,0.0010931326444632587,0.001093273964316204,0.001081280600193532,0.04023078919819981,0.00040712004410644253,0.0008472324438319326,0.0003812525107563024,0.002273456721658263,0.0011050978097862148,0.008839626702062916,0.09637268204449824
2026-09-18 00:04:58.105999947,3920.0033898305082,6999.897966101695,7325.676610169492,6911.377627118643,276754.7806779661,2663.7345762711866,5909.546440677965,2707.929152542372,15693.220677966105,7193.544406779662,67592.91966101695,677037.6749293221,0.006432737944277382,0.005777066595258966,0.005913621136005587,0.0005200304912963805,0.005321899759004415,0.013227485116821652,105067.49755443643,128955.25772929372,75328.06923535775,19332.417162925638,151798.06036959586,222247.78936810856,87575.71031223031,124590.32282204276,57041.10433059978,7187.662238509696,130676.62296636515,167523.13731333922,0.0,0.0,0.0,0.0,0.0,0.0,0.0008713245986393938,0.0018293803321092596,0.001915546721716835,0.0018127123588464649,0.07084324107541326,0.0007201120561954545,0.0014827670262709785,0.0006640134168774412,0.004058149006461858,0.0018600280383257576,0.015217482387097052,0.16962161343053161,0.0005025251578935573,0.0010931326444632587,0.0011026382935006537,0.001081280600193532,0.04036234504572673,0.00040712004410644253,0.0008472324438319326,0.0003812525107563024,0.002273456721658263,0.0011050978097862148,0.008868518137052998,0.09667352913204792
2026-09-18 00:05:13.105999947,3884.525084745762,7006.515254237288,7325.676610169492,6922.336271186439,276826.6525423729,2635.776610169492,5912.2861016949155,2673.759661016949,15670.378983050849,7202.465084745763,67273.10237288135,677128.1453139524,0.006432737944277382,0.005969130584515201,0.005913621136005587,0.0005200304912963805,0.00531354704103351,0.013236303720907606,105067.49755443643,133242.4960407544,75328.06923535775,19332.417162925638,145796.11362713733,225394.26601089642,87575.71031223031,128732.44478469444,57041.10433059978,7187.662238509696,124007.59332036132,170377.22320779742,0.0,0.0,0.0,0.0,0.0,0.0,0.0008695417186174129,0.0018382697673310117,0.0019260089364893864,0.0018207179667906227,0.07111141820301682,0.000720305140708126,0.0014879869008248368,0.0006648339734868988,0.004066539635438562,0.001868708360845273,0.015196935023124462,0.1702528262996572,0.0005050819907563025,0.001104729860565317,0.0011026382935006537,0.0010920982453524921,0.040523166435172724,0.00040846961482352934,0.0008532239375070028,0.00038339038312605036,0.002287424504537815,0.0011160453755882352,0.00890472665520949,0.09699890838339065
2026-09-18 00:05:28.105999947,3884.525084745762,7006.515254237288,7355.767118644067,6922.336271186439,276890.326779661,2635.776610169492,5912.2861016949155,2673.759661016949,15670.378983050849,7202.465084745763,67216.69525423729,677859.8292603549,0.006295001971385453,0.005969130584515201,0.005793263078083438,0.0005200304912963805,0.00531354704103351,0.013185910704519728,100231.87118468936,133242.4960407544,71931.3027829501,19332.417162925638,145796.11362713733,226842.75677564825,83553.24326896494,128732.44478469444,54480.80220152538,7187.662238509696,124007.59332036132,171931.6987195979,0.0,0.0,0.0,0.0,0.0,0.0,0.0008727520059308458,0.0018450562126046432,0.0019331192934545606,0.0018274385314672394,0.07137056338806584,0.0007229643322504147,0.0014934212341581698,0.0006672883789595356,0.00408137030700719,0.0018756071780094527,0.015262428792473096,0.1708733317398533,0.0005050819907563025,0.001104729860565317,0.0011125892236494596,0.0010920982453524921,0.040656454871236224,0.00040846961482352934,0.0008532239375070028,0.00038339038312605036,0.002287424504537815,0.0011160453755882352,0.008932815235431,0.09735266793813782
2026-09-18 00:05:43.105999947,3848.869830508474,7025.9613559322015,7355.767118644067,6928.715593220338,276965.0328813559,2623.966779661017,5914.906779661017,2662.0138983050842,15691.805084745758,7209.674237288136,66822.84,677946.5969223572,0.006295001971385453,0.005969130584515201,0.005793263078083438,0.0005200304912963805,0.0051851695811511115,0.01307128026599526,100231.87118468936,133242.4960407544,71931.3027829501,19332.417162925638,137764.9314640169,229987.54470896855,83553.24326896494,128732.44478469444,54480.80220152538,7187.662238509696,117188.59465598661,169856.88893651895,0.0,0.0,0.0,0.0,0.0,0.0,0.0008759622932442787,0.0018518426578782753,0.0019402296504197351,0.0018341590961438567,0.07162970857311486,0.0007256235237927032,0.0014988555674915033,0.0006697427844321724,0.004096200978575818,0.0018825059951736317,0.015327922561821734,0.17149383718004937,0.0005074896120672267,0.0011172830697979343,0.0011125892236494596,0.0011038115960284416,0.040817898505897295,0.00040975027940056026,0.000859217742745098,0.00038533621661064426,0.002303912335036414,0.0011267977037229969,0.00896540656963793,0.09766556614616284
2026-09-18 00:05:58.105999947,3848.869830508474,7025.9613559322015,7353.601016949153,6928.715593220338,276995.2393220339,2623.966779661017,5914.906779661017,2662.0138983050842,15691.805084745758,7209.674237288136,66746.28813559322,677933.794039758,0.006263890242238807,0.005969130584515201,0.005793263078083438,0.000517154621346564,0.0051851695811511115,0.013018560956620589,104249.91717498488,133242.4960407544,71931.3027829501,22027.1630871754,137764.9314640169,229130.53509580973,86836.22851790761,128732.44478469444,54480.80220152538,6819.311144109231,117188.59465598661,169299.58258439042,0.0,0.0,0.0,0.0,0.0,0.0,0.0008791725805577114,0.001858629103151907,0.0019473400073849092,0.0018408796608204731,0.07188885375816388,0.0007282827153349917,0.0015042899008248366,0.0006721971899048091,0.004111031650144445,0.0018894048123378106,0.015393416331170365,0.17211434262024544,0.0005074896120672267,0.0011172830697979343,0.0011198901142284356,0.0011038115960284416,0.040946779239068774,0.00040975027940056026,0.000859217742745098,0.00038533621661064426,0.002303912335036414,0.0011267977037229969,0.008990118147756425,0.09795776886131406
2026-09-18 00:06:13.105999947,3812.125423728813,7035.187118644068,7353.601016949153,6937.221355932203,277074.1952542373,2612.17220338983,5917.478644067795,2655.079322033898,15684.809491525426,7224.1016949152545,66345.82779661017,677815.454136005,0.006263890242238807,0.005969130584515201,0.005769248902131123,0.000517154621346564,0.0051851695811511115,0.012955206116559431,104249.91717498488,133242.4960407544,75665.06084646589,22027.1630871754,137764.9314640169,223657.79176240656,86836.22851790761,128732.44478469444,57425.164231611445,6819.311144109231,117188.59465598661,164483.25366288878,0.0,0.0,0.0,0.0,0.0,0.0,0.0008773028386400324,0.0018670569275222215,0.0019551455376789215,0.0018485232837914878,0.07215805833805539,0.0007281961006857842,0.0015092560745706923,0.0006727396512756535,0.004120658835203542,0.0018962420503849668,0.015371659065842664,0.17279028735129642,0.0005096750094117646,0.0011291976158241757,0.0011198901142284356,0.001115520490597355,0.04110760892949579,0.0004107708376470588,0.0008653266219663864,0.0003872472117647059,0.002318193723137255,0.0011382151556302519,0.009020266775259099,0.09826207054039254
2026-09-18 00:06:28.105999947,3812.125423728813,7035.187118644068,7345.894576271184,6937.221355932203,277150.2498305085,2612.17220338983,5917.478644067795,2655.079322033898,15684.809491525426,7224.1016949152545,66286.61694915254,678332.1984404797,0.006263890242238808,0.005846045335860111,0.005769248902131123,0.000505101795673822,0.0051851695811511115,0.012743578528226726,104249.9171749849,126774.34242545842,75665.06084646589,22642.19875490514,137764.9314640169,224846.9357870601,86836.22851790763,122483.46186399244,57425.164231611445,7010.455560611547,117188.59465598661,164974.4675740642,0.0,0.0,0.0,0.0,0.0,0.0,0.0008804946388851307,0.0018738493441888887,0.0019622584237083333,0.0018552472065856058,0.07241723986945635,0.0007308453028916666,0.0015146887170827696,0.0006751871010305555,0.004135470716846054,0.001903140643522222,0.015436574257205876,0.17341099260518708,0.0005096750094117646,0.0011291976158241757,0.0011268481067999087,0.001115520490597355,0.04123835103355555,0.0004107708376470588,0.0008653266219663864,0.0003872472117647059,0.002318193723137255,0.0011382151556302519,0.009045622333470138,0.09858110152798259
2026-09-18 00:06:43.105999947,3775.0545762711863,7057.372881355934,7345.894576271184,6950.016610169492,277252.2579661017,2611.26,5919.19627118644,2652.7332203389833,15716.224067796606,7232.186440677965,66025.21728813558,678093.1251037703,0.006263890242238808,0.005822537661771545,0.005769248902131123,0.0005224531918030336,0.0051743174227918175,0.012673843352144172,104249.9171749849,122792.61500852309,75665.06084646589,23420.009808434654,142452.79675110133,223133.3892376566,86836.22851790763,118806.44125094521,57425.164231611445,7251.2806626409965,121096.48658534474,163143.28628534966,0.0,0.0,0.0,0.0,0.0,0.0,0.0008836864391302288,0.0018806417608555554,0.001969371309737745,0.0018619711293797235,0.07267642140085732,0.0007334945050975492,0.001520121359594847,0.0006776345507854574,0.004150282598488565,0.001910039236659477,0.01550148944856909,0.17403169785907768,0.000512398111512605,0.001142769788712136,0.0011268481067999087,0.001127675158030462,0.04140183756462371,0.00041219307198319327,0.0008713508992492996,0.00038957690105882346,0.0023353618602689075,0.0011489617357983194,0.009084650904109814,0.09889342956962426
2026-09-18 00:06:58.105999947,3775.0545762711863,7057.372881355934,7341.516610169491,6950.016610169492,277298.74983050843,2611.26,5919.19627118644,2652.7332203389833,15716.224067796606,7232.186440677965,65951.75898305085,677856.2668917459,0.00609920413335215,0.006034156189809979,0.0056279313602871205,0.0005224531918030336,0.0051743174227918175,0.01267317494405611,98481.5643100081,127255.47878915645,71651.3227657087,23420.009808434654,142452.79675110133,223253.34706503505,82032.55427618642,123124.42864398171,54382.33774708394,7251.2806626409965,121096.48658534474,163075.6999545112,0.0,0.0,0.0,0.0,0.0,0.0,0.0008868782393753267,0.0018874341775222216,0.0019764841957671574,0.001868695052173841,0.07293560293225829,0.0007361437073034314,0.0015255540021069242,0.0006800820005403595,0.0041650944801310775,0.0019169378297967318,0.015566404639932302,0.17465240311296829,0.000512398111512605,0.001142769788712136,0.001134479426499867,0.001127675158030462,0.04153154380166075,0.00041219307198319327,0.0008713508992492996,0.00038957690105882346,0.0023353618602689075,0.0011489617357983194,0.009109174226410548,0.09917851872014345
2026-09-18 00:07:13.105999947,3735.494237288136,7072.587457627117,7341.516610169491,6963.955932203388,277401.1820338983,2606.628813559322,5919.8033898305075,2640.1454237288135,15696.576610169488,7252.941355932202,65669.77220338983,677775.5210267035,0.006057670759087784,0.006034156189809979,0.0056279313602871205,0.0005224531918030336,0.0051743174227918175,0.012570164481462514,103935.77300114893,127255.47878915645,71651.3227657087,23420.009808434654,142452.79675110133,221382.2438133053,86486.2591845662,123124.42864398171,54382.33774708394,7251.2806626409965,121096.48658534474,162187.75280848518,0.0,0.0,0.0,0.0,0.0,0.0,0.000885022419147665,0.0018967799055082124,0.001981979199081803,0.0018766314446957107,0.07321256341132444,0.0007361394237573268,0.0015306979348361904,0.0006806950818399355,0.004177939981367935,0.0019245123489896932,0.01554704382886804,0.17525008736825887,0.0005152738972661064,0.0011555243437867645,0.001134479426499867,0.001139371841963872,0.04169314176653595,0.00041382597247058815,0.0008778494670924368,0.00039200080953501394,0.0023507767640448176,0.0011607497154872161,0.009147199029465822,0.09949251659439523
2026-09-18 00:07:28.105999947,3735.494237288136,7072.587457627117,7348.435932203389,6963.955932203388,277445.31559322035,2606.628813559322,5919.8033898305075,2640.1454237288135,15696.576610169488,7252.941355932202,65545.69118644067,678323.8895877968,0.006057670759087784,0.006034156189809979,0.0056279313602871205,0.0005224531918030336,0.00504213300577127,0.012516134437480864,103935.77300114893,127255.47878915645,71651.3227657087,23420.009808434654,133607.8386883509,220885.3391377667,86486.2591845662,123124.42864398171,54382.33774708394,7251.2806626409965,113457.24582970311,161641.04930121347,0.0,0.0,0.0,0.0,0.0,0.0,0.0008881961135921093,0.001903581477971981,0.0019890862836228662,0.0018833597152271117,0.07347180823037205,0.0007387791109553945,0.0015361295491219049,0.0006831359538206118,0.004192744869463174,0.001931413365897906,0.015611413523122078,0.1758707112555426,0.0005152738972661064,0.0011555243437867645,0.0011443004071260503,0.001139371841963872,0.04182544446559601,0.00041382597247058815,0.0008778494670924368,0.00039200080953501394,0.0023507767640448176,0.0011607497154872161,0.009171443841739148,0.09985285761288622
2026-09-18 00:07:43.105999947,3695.94,7102.482711864405,7348.435932203389,6979.216271186439,277523.70101694914,2607.6294915254234,5915.40406779661,2641.271186440678,15709.475593220339,7259.921694915252,65206.35457627118,678717.6059887095,0.006057670759087784,0.006034156189809979,0.0055663038846940315,0.0005033199400380003,0.005032569947638439,0.012440479820277246,103935.77300114893,127255.47878915645,62221.02118535028,22562.323510341812,139029.49995004787,218262.68160285082,86486.2591845662,123124.42864398171,44309.58225331419,6985.724665062683,117832.54409007831,159791.29105024203,0.0,0.0,0.0,0.0,0.0,0.0,0.0008913698080365537,0.0019103830504357485,0.0019961933681639293,0.0018900879857585125,0.07373105304941968,0.000741418798153462,0.001541561163407619,0.0006855768258012882,0.004207549757558412,0.0019383143828061188,0.015675783217376112,0.1764913351428263,0.0005181621286778711,0.0011692745571203597,0.0011443004071260503,0.001151316809177004,0.04198717791568627,0.00041557128658263295,0.0008843435132773107,0.00039451357684033606,0.0023682186739495794,0.0011722806275288723,0.009207170750338669,0.10020120810302233
2026-09-18 00:07:58.105999947,3695.94,7102.482711864405,7361.353220338983,6979.216271186439,277526.5474576271,2607.6294915254234,5915.40406779661,2641.271186440678,15709.475593220339,7259.921694915252,65112.55627118643,678551.2950305622,0.006057670759087784,0.005891164639698877,0.005481971082572221,0.000528756879077813,0.005032569947638439,0.012244699950063432,103935.77300114893,120775.6061731011,60056.346544035994,21887.188185025683,139029.49995004787,216660.47913519296,86486.2591845662,116857.25143963094,42777.64509583912,6776.689922158026,117832.54409007831,157708.45397105062,0.0,0.0,0.0,0.0,0.0,0.0,0.0008945435024809982,0.0019171846228995166,0.0020033004527049915,0.0018968162562899135,0.0739902978684673,0.0007440584853515296,0.001546992777693333,0.0006880176977819644,0.0042223546456536505,0.0019452153997143312,0.01574015291163015,0.17711195903011,0.0005181621286778711,0.0011692745571203597,0.0011540998708107902,0.001151316809177004,0.04211584846397386,0.00041557128658263295,0.0008843435132773107,0.00039451357684033606,0.0023682186739495794,0.0011722806275288723,0.009232639919194067,0.10049359754036895
2026-09-18 00:08:13.105999947,3661.654576271187,7132.298644067799,7361.353220338983,6997.329152542371,277635.1362711864,2598.6355932203383,5908.622033898305,2636.0084745762706,15693.733220338983,7280.661355932205,64814.22610169491,678716.8908550492,0.005938101219522568,0.005891164639698877,0.005481971082572221,0.0005142417455991206,0.005032569947638439,0.012163740967411877,99615.26260423785,120775.6061731011,60056.346544035994,18766.736483911187,139029.49995004787,218771.8650291639,82898.12775923716,116857.25143963094,42777.64509583912,6964.144643752107,117832.54409007831,159220.58925568973,0.0,0.0,0.0,0.0,0.0,0.0,0.0008927382793717459,0.0019262330649411107,0.0020113123915577783,0.0019040128692850503,0.07425888252769701,0.0007441710842299999,0.001553507214025352,0.0006887389453933333,0.004234490273968388,0.001953293641833333,0.0157204877811765,0.17782346585051645,0.000521545009210084,0.0011821110715966388,0.0011540998708107902,0.0011638808824255458,0.04228009455277311,0.0004174445388907562,0.0008907316873389354,0.000396819004235294,0.002382346395428571,0.0011850175283925186,0.009268666975358731,0.10079281445241851
2026-09-18 00:08:28.105999947,3661.654576271187,7132.298644067799,7384.112542372884,6997.329152542371,277674.3854237288,2598.6355932203383,5908.622033898305,2636.0084745762706,15693.733220338983,7280.661355932205,64725.94372881356,678838.7598605223,0.005938101219522568,0.0058550545186059205,0.005481971082572221,0.0005328474059453849,0.005032569947638439,0.012109849847712052,99615.26260423785,120949.87137977792,60056.346544035994,19445.7313881866,139029.49995004787,220274.6756339848,82898.12775923716,116893.44922989783,42777.64509583912,7216.112732599013,117832.54409007831,160197.69834575895,0.0,0.0,0.0,0.0,0.0,0.0,0.000895894367466984,0.0019330425804173013,0.002018422674891111,0.0019107427954755266,0.07451816014272049,0.0007468018378014286,0.0015589426295183097,0.0006911737382504761,0.004249285797442566,0.0019601988204047613,0.015784333344976205,0.17844440921671947,0.000521545009210084,0.0011821110715966388,0.0011642868881165675,0.0011638808824255458,0.04241128210711235,0.0004174445388907562,0.0008907316873389354,0.000396819004235294,0.002382346395428571,0.0011850175283925186,0.009293600051196067,0.10111310266446738
2026-09-18 00:08:43.105999947,3626.9816949152546,7153.541694915252,7384.112542372884,7014.676271186439,277793.64305084746,2574.405762711864,5905.388135593219,2607.4403389830504,15714.067118644069,7310.797627118644,64418.717288135595,678969.6983573157,0.005938101219522568,0.0058550545186059205,0.005481971082572221,0.0005328474059453849,0.005032569947638439,0.012004920857239783,99615.26260423785,120949.87137977792,60056.346544035994,19445.7313881866,139029.49995004787,218047.2526395506,82898.12775923716,116893.44922989783,42777.64509583912,7216.112732599013,117832.54409007831,158313.2449164613,0.0,0.0,0.0,0.0,0.0,0.0,0.0008990504555622223,0.001939852095893492,0.0020255329582244443,0.0019174727216660027,0.07477743775774397,0.000749432591372857,0.0015643780450112672,0.0006936085311076189,0.004264081320916746,0.00196710399897619,0.015848178908775906,0.17906535258292244,0.0005249339730532212,0.0011943945843361343,0.0011642868881165675,0.001178189026072106,0.042575815811286645,0.0004195623000280111,0.0008973852947899157,0.00039936687305322115,0.0023997695591596634,0.001197651886441063,0.009331910834349625,0.10141899868959728
2026-09-18 00:08:58.105999947,3626.9816949152546,7153.541694915252,7407.829830508475,7014.676271186439,277793.4355932203,2574.405762711864,5905.388135593219,2607.4403389830504,15714.067118644069,7310.797627118644,64315.25694915254,678290.2380096612,0.005909245289449283,0.0058550545186059205,0.005481971082572221,0.0005328474059453849,0.004924226944386001,0.011935797089323835,102786.41781906174,120949.87137977792,60056.346544035994,19445.7313881866,143111.5225471632,216694.77542514514,85500.50827996884,116893.44922989783,42777.64509583912,7216.112732599013,112494.50424293429,157369.3634033256,0.0,0.0,0.0,0.0,0.0,0.0,0.0009022065436574602,0.001946661611369682,0.0020326432415577775,0.0019242026478564788,0.07503671537276745,0.0007520633449442856,0.0015698134605042252,0.0006960433239647618,0.004278876844390923,0.001974009177547618,0.01591202447257561,0.1796862959491255,0.0005249339730532212,0.0011943945843361343,0.0011741849919745962,0.001178189026072106,0.04270267160538312,0.0004195623000280111,0.0008973852947899157,0.00039936687305322115,0.0023997695591596634,0.001197651886441063,0.009356078144605914,0.10170121185881104
2026-09-18 00:09:13.105999947,3590.170169491525,7179.7972881355945,7407.829830508475,7022.977627118644,277919.61559322034,2571.7606779661014,5906.690847457627,2600.9481355932203,15690.023389830509,7337.425423728815,63985.258983050844,678532.4441106499,0.005909245289449283,0.0058550545186059205,0.005481971082572221,0.0005287350478998372,0.004873698971660433,0.011807066819318337,102786.41781906174,120949.87137977792,60056.346544035994,18547.1370615607,133668.81387748008,212697.23965483552,85500.50827996884,116893.44922989783,42777.64509583912,6882.653536214882,102290.27186920507,153419.55595720676,0.0,0.0,0.0,0.0,0.0,0.0,0.0009011037913461657,0.0019560475406145534,0.0020417301926597808,0.0019332312292017634,0.07530896377382207,0.0007529230091589984,0.001576310407071296,0.0006974924044363066,0.004289959729845988,0.0019848648825641626,0.01590061661587294,0.1802651902472586,0.0005283269004817926,0.0012062584696774191,0.0011741849919745962,0.0011911617514982575,0.042864784040300655,0.00042149336677871135,0.0009031288107058823,0.00040172993732212874,0.0024146905843361343,0.0012102912872195835,0.009391250982924858,0.10200734857421254
2026-09-18 00:09:28.105999947,3590.170169491525,7179.7972881355945,7446.383389830508,7022.977627118644,277982.3196610169,2571.7606779661014,5906.690847457627,2600.9481355932203,15690.023389830509,7337.425423728815,63920.9593220339,678844.201379913,0.005909245289449283,0.005703088479681142,0.005434137467497663,0.0005287350478998372,0.004873698971660433,0.01146338575614024,102786.41781906174,114866.9572822005,61260.668450136065,18547.1370615607,133668.81387748008,208792.88233238092,85500.50827996884,111012.33065755306,43277.95382580804,6882.653536214882,102290.27186920507,148402.94321978584,0.0,0.0,0.0,0.0,0.0,0.0,0.0009042450284353679,0.001962866037093427,0.0020488473663687013,0.0019399691681689002,0.07556828627266465,0.0007555475889712049,0.0015817494973490737,0.0006999237612438185,0.004304742408086728,0.001991783832094679,0.015963987605708715,0.18088598912902498,0.0005283269004817926,0.0012062584696774191,0.0011839921152567692,0.0011911617514982575,0.042995370672457504,0.00042149336677871135,0.0009031288107058823,0.00040172993732212874,0.0024146905843361343,0.0012102912872195835,0.00941680683570643,0.102355145627213
2026-09-18 00:09:43.105999947,3547.1623728813565,7207.209152542371,7446.383389830508,7031.312542372879,278102.7915254237,2583.683389830509,5918.5922033898305,2612.9928813559322,15695.420338983055,7361.517966101693,63608.006440677964,678785.307122528,0.005755013680138559,0.005338739654256406,0.005289970442313945,0.0005287350478998372,0.004873698971660433,0.011272188895161657,97573.1495555698,115911.48693186195,57866.09848257593,18547.1370615607,133668.81387748008,208848.67590658806,81163.97145160075,112128.06103972413,40881.901245445355,6882.653536214882,102290.27186920507,149314.46777044746,0.0,0.0,0.0,0.0,0.0,0.0,0.0009073862655245695,0.0019696845335723,0.0020559645400776206,0.0019467071071360361,0.07582760877150725,0.0007581721687834114,0.0015871885876268515,0.00070235511805133,0.004319525086327469,0.0019987027816251953,0.016027358595544484,0.18150678801079134,0.0005312988396470587,0.0012200169952941175,0.0011839921152567692,0.0012045544819176194,0.04315905910539682,0.00042288407,0.0009092488450420167,0.0004039088867058823,0.002432609036117647,0.0012235061205785917,0.009455139974650442,0.10263997808221458
2026-09-18 00:09:58.105999947,3547.1623728813565,7207.209152542371,7476.217627118644,7031.312542372879,278112.70983050845,2583.683389830509,5918.5922033898305,2612.9928813559322,15695.420338983055,7361.517966101693,63510.666101694915,678169.106962373,0.005678415638778421,0.005513344123091533,0.005289970442313945,0.0005287350478998372,0.004873698971660433,0.011300041381016753,102399.75946123074,119702.39357243803,57866.09848257593,18547.1370615607,133668.81387748008,211100.78180779118,85100.21117612654,115795.23003601424,40881.901245445355,6882.653536214882,102290.27186920507,151304.19764747375,0.0,0.0,0.0,0.0,0.0,0.0,0.0009105275026137715,0.0019765030300511735,0.002063081713786541,0.0019534450461031723,0.07608693127034985,0.0007607967485956181,0.0015926276779046292,0.0007047864748588418,0.004334307764568209,0.002005621731155712,0.016090729585380267,0.18212758689255773,0.0005312988396470587,0.0012200169952941175,0.0011928953615008792,0.0012045544819176194,0.04328657532583877,0.00042288407,0.0009092488450420167,0.0004039088867058823,0.002432609036117647,0.0012235061205785917,0.009478644403075467,0.10293155296790499
2026-09-18 00:10:13.105999947,3509.874915254237,7223.158983050848,7476.217627118644,7033.966779661018,278227.38508474577,2569.939322033898,5923.912881355931,2603.492542372881,15699.413898305083,7372.269152542375,63150.830847457626,677613.5192846563,0.005678415638778421,0.005513344123091533,0.005289970442313945,0.0005168730649228302,0.004873698971660433,0.01124462521791022,102399.75946123074,119702.39357243803,57866.09848257593,19435.664014642098,133668.81387748008,210207.09433376015,85100.21117612654,115795.23003601424,40881.901245445355,7212.376832880557,102290.27186920507,150705.12556308883,0.0,0.0,0.0,0.0,0.0,0.0,0.0009092478197266975,0.001986380091527469,0.002073440889198148,0.001960386573923569,0.07635921074350122,0.0007614091293179012,0.0015992164385610346,0.0007059882566543209,0.004346781500004718,0.002017657097686728,0.016085110950815548,0.18275866624335518,0.0005343668656358542,0.001232872537153878,0.0011928953615008792,0.0012176841020209736,0.04344957890688141,0.0004244421316526611,0.0009149263371372548,0.00040622646328291315,0.002448964284683473,0.0012357777793406593,0.009514642131434525,0.10320523547195358
2026-09-18 00:10:28.105999947,3509.874915254237,7223.158983050848,7490.654237288133,7033.966779661018,278287.8284745763,2569.939322033898,5923.912881355931,2603.492542372881,15699.413898305083,7372.269152542375,63019.3606779661,678004.1514142375,0.005678415638778421,0.005409053719725271,0.0049966379169226905,0.0005168730649228302,0.004766227385236439,0.011168816981460114,102399.75946123074,124945.46440690431,59360.399897649484,19435.664014642098,140795.1804551655,209523.37455069876,85100.21117612654,111524.15830593664,41830.11655791222,7212.376832880557,107596.25942088921,150109.2107068559,0.0,0.0,0.0,0.0,0.0,0.0,0.0009123738532915122,0.0019932091031015426,0.002080569208642592,0.0019671252128124575,0.07661857746838706,0.0007640267913549381,0.0016046594545427698,0.0007084153862839505,0.004361556302516134,0.0020245936370385793,0.016148046032510705,0.18337950105551343,0.0005343668656358542,0.001232872537153878,0.0012014623666692845,0.0012176841020209736,0.04357999748618674,0.0004244421316526611,0.0009149263371372548,0.00040622646328291315,0.002448964284683473,0.0012357777793406593,0.009537977761501549,0.10354610713911279
2026-09-18 00:10:43.105999947,3475.369830508474,7238.462033898306,7490.654237288133,7036.987118644068,278405.8413559322,2543.6196610169495,5925.542033898305,2573.3135593220345,15758.011525423728,7387.785762711866,62698.63728813559,677903.6185937445,0.005678415638778421,0.005409053719725271,0.005089481704626355,0.0005168730649228302,0.0046522243223870476,0.010844089115391423,102399.75946123074,124945.46440690431,59212.83117891751,19435.664014642098,132495.12825010836,213609.1399891752,85100.21117612654,111524.15830593664,41726.127758721115,7212.376832880557,101253.32518567485,153970.34196569593,0.0,0.0,0.0,0.0,0.0,0.0,0.0009154998868563272,0.0020000381146756166,0.0020876975280870367,0.0019738638517013468,0.0768779441932729,0.0007666444533919753,0.001610102470524505,0.0007108425159135802,0.00437633110502755,0.0020315301763904315,0.016210981114205863,0.18400033586767173,0.0005371494674957983,0.0012463309874185709,0.0012014623666692845,0.001229562680420168,0.04374234399707189,0.00042597174268907564,0.0009210230243697478,0.0004087909934285714,0.0024689954923865546,0.0012480222606286273,0.009572873104101109,0.10383966978981604
2026-09-18 00:10:58.105999947,3475.369830508474,7238.462033898306,7500.627457627119,7036.987118644068,278430.99254237284,2543.6196610169495,5925.542033898305,2573.3135593220345,15758.011525423728,7387.785762711866,62572.94542372881,677518.5188562078,0.005569284131288414,0.005409053719725271,0.005089481704626355,0.0004986694832290098,0.0046522243223870476,0.010832334148835275,98631.94060277368,124945.46440690431,59212.83117891751,18751.16578543566,132495.12825010836,213175.84367464724,81968.93252649762,111524.15830593664,41726.127758721115,6958.366516240126,101253.32518567485,152793.91887030413,0.0,0.0,0.0,0.0,0.0,0.0,0.0009186259204211421,0.0020068671262496915,0.002094825847531482,0.0019806024905902357,0.07713731091815874,0.0007692621154290123,0.0016155454865062402,0.0007132696455432099,0.004391105907538966,0.0020384667157422836,0.01627391619590102,0.18462117067982997,0.0005371494674957983,0.0012463309874185709,0.001210641138192291,0.001229562680420168,0.043869883734082786,0.00042597174268907564,0.0009210230243697478,0.0004087909934285714,0.0024689954923865546,0.0012480222606286273,0.009597146324056331,0.10410389593522672
2026-09-18 00:11:13.105999947,3441.7403389830515,7261.395254237287,7500.627457627119,7037.9572881355925,278558.60644067795,2544.3396610169493,5926.356610169492,2570.1010169491524,15785.234237288138,7412.262711864405,62278.72175266586,677140.4406774472,0.005569284131288414,0.005409053719725271,0.005089481704626355,0.0005212136649584955,0.0046522243223870476,0.01056058978027726,98631.94060277368,124945.46440690431,59212.83117891751,18139.221344487305,132495.12825010836,211686.07553746217,81968.93252649762,111524.15830593664,41726.127758721115,6731.280170973972,101253.32518567485,151968.905827101,0.0,0.0,0.0,0.0,0.0,0.0,0.0009175792482138507,0.0020152175856776255,0.002103764532368037,0.0019871029190773487,0.07741094478891261,0.0007699786011372907,0.001621309021234384,0.0007145618628739726,0.004410231281028528,0.0020478216666558603,0.0162642154558541,0.18523650214329604,0.0005403849327731093,0.0012607124190756299,0.001210641138192291,0.00124152786026693,0.04403374180037534,0.00042765699579831924,0.0009272158459887954,0.0004114746277310924,0.002487310543697479,0.0012618650693557417,0.009637171554143637,0.10437760244238209
2026-09-18 00:11:28.105999947,3441.7403389830515,7261.395254237287,7512.56847457627,7037.9572881355925,278649.7138983051,2544.3396610169493,5926.356610169492,2570.1010169491524,15785.234237288138,7412.262711864405,62137.25127078393,677873.2917208968,0.005473475021887069,0.005233797879176013,0.005089481704626355,0.0005203774043750674,0.0046522243223870476,0.010393004690380117,103807.56328749433,118637.7264456206,59212.83117891751,18800.15286093129,132495.12825010836,217249.24342500608,86229.67486588763,104936.61858600004,41726.127758721115,6977.425219737588,101253.32518567485,156910.42796491392,0.0,0.0,0.0,0.0,0.0,0.0,0.0009206911260677321,0.0020220517569105017,0.0021108989912721455,0.0019938407501275766,0.07767035952539908,0.0007725898157491628,0.0016267531169551046,0.0007169851436958903,0.004425020751749249,0.0020547664075234394,0.016326717863166997,0.18585731991746932,0.0005403849327731093,0.0012607124190756299,0.0012210192595148246,0.00124152786026693,0.044165958590042326,0.00042765699579831924,0.0009272158459887954,0.0004114746277310924,0.002487310543697479,0.0012618650693557417,0.009659783656254518,0.10473357062018435
2026-09-18 00:11:43.105999947,3412.562033898306,7286.702033898302,7512.56847457627,7056.183050847457,278772.76372881356,2566.3271186440684,5925.044745762712,2592.195254237288,15881.756949152543,7423.6911864406775,61887.220878011,677785.9859136251,0.005473475021887069,0.005152505281429317,0.005089481704626355,0.0005203774043750674,0.004584168935074696,0.010296131373586195,103807.56328749433,123544.29576470781,59212.83117891751,18800.15286093129,137453.92242603723,217895.71493762278,86229.67486588763,109917.22591685731,41726.127758721115,6977.425219737588,106945.761748937,157302.36706903984,0.0,0.0,0.0,0.0,0.0,0.0,0.0009238030039216132,0.002028885928143379,0.0021180334501762557,0.0020005785811778054,0.07792977426188558,0.000775201030361035,0.0016321972126758255,0.0007194084245178081,0.004439810222469969,0.00206171114839102,0.016389220270479895,0.18647813769164256,0.0005440753589971989,0.0012762121707986722,0.0012210192595148246,0.0012556417898532972,0.04433087000541176,0.00042989876801120445,0.0009335956473725488,0.0004145376310644257,0.002511141902352941,0.0012749625029735688,0.009704702401000593,0.10502630196941021
2026-09-18 00:11:58.105999947,3412.562033898306,7286.702033898302,7512.29694915254,7056.183050847457,278825.6562711864,2566.3271186440684,5925.044745762712,2592.195254237288,15881.756949152543,7423.6911864406775,61717.28335347933,677665.9344827798,0.005473475021887069,0.005152505281429317,0.005089481704626355,0.0005203774043750674,0.0045338031014917545,0.010235341157435733,103807.56328749433,123544.29576470781,59212.83117891751,18800.15286093129,140469.51113299443,214560.52880628014,86229.67486588763,109917.22591685731,41726.127758721115,6977.425219737588,108783.96161340746,155285.95587812515,0.0,0.0,0.0,0.0,0.0,0.0,0.0009269148817754943,0.002035720099376255,0.002125167909080365,0.0020073164122280337,0.07818918899837207,0.0007778122449729071,0.001637641308396546,0.0007218317053397259,0.004454599693190691,0.0020686558892585995,0.016451722677792793,0.18709895546581584,0.0005440753589971989,0.0012762121707986722,0.0012303477749874545,0.0012556417898532972,0.04446083822311484,0.00042989876801120445,0.0009335956473725488,0.0004145376310644257,0.002511141902352941,0.0012749625029735688,0.009725658607132238,0.10531391765390333
2026-09-18 00:12:13.105999947,3384.0457627118644,7296.702711864407,7512.29694915254,7058.587118644068,278935.5447457627,2561.5555932203383,5927.659322033897,2591.3013559322035,15965.228135593217,7443.768813559323,61423.95043844897,677305.8024819323,0.005473475021887069,0.005152505281429317,0.005089481704626355,0.0005203774043750674,0.0045338031014917545,0.010186687950984579,103807.56328749433,123544.29576470781,59212.83117891751,18800.15286093129,140469.51113299443,209379.28124123186,86229.67486588763,109917.22591685731,41726.127758721115,6977.425219737588,108783.96161340746,153594.0405191983,0.0,0.0,0.0,0.0,0.0,0.0,0.0009269691462803303,0.002045219209622522,0.0021326182361732734,0.0020153345629515974,0.07847074971744904,0.0007790843923933934,0.0016429640642398515,0.000723676971812012,0.00447984973275837,0.0020777866860397895,0.016453184538704504,0.18773447842308166,0.0005477975541512604,0.0012915945709727956,0.0012303477749874545,0.001269609272176973,0.044625616103948704,0.0004320495711820727,0.0009403561010723534,0.000417482449792717,0.002532742558296918,0.0012879708270342742,0.009769371384495516,0.10560189882144652
2026-09-18 00:12:28.105999947,3384.0457627118644,7296.702711864407,7529.836271186441,7058.587118644068,279023.0247457627,2561.5555932203383,5927.659322033897,2591.3013559322035,15965.228135593217,7443.768813559323,61289.316388509505,677945.3773883812,0.005315151853254353,0.005152505281429317,0.0048899351238099195,0.0005265842119679995,0.0045338031014917545,0.010098080612544715,107151.94792314697,123544.29576470781,53049.59211275544,15103.917991002409,140469.51113299443,206402.4894322477,90115.7483793604,109917.22591685731,35871.809175990384,6993.34698292872,108783.96161340746,149177.43503820567,0.0,0.0,0.0,0.0,0.0,0.0,0.0009300707892983483,0.00205206229746036,0.0021397537519390383,0.0020220766778164616,0.07873023802522681,0.0007816911266276275,0.001648407756462074,0.0007260983186588587,0.004494673980536148,0.0020847387412199696,0.016511303240706154,0.18835534552594072,0.0005477975541512604,0.0012915945709727956,0.0012417195461864746,0.001269609272176973,0.04476059212552684,0.0004320495711820727,0.0009403561010723534,0.000417482449792717,0.002532742558296918,0.0012879708270342742,0.009794081044793226,0.10596314051024029
2026-09-18 00:12:43.105999947,3356.798644067797,7321.066779661018,7529.836271186441,7088.882033898304,279162.2989830508,2538.24406779661,5928.495254237288,2563.56,16081.270169491525,7456.426779661016,61062.82363365072,678015.3646697956,0.005315151853254353,0.005152505281429317,0.0048899351238099195,0.0005265842119679995,0.0045338031014917545,0.009980567275808079,107151.94792314697,123544.29576470781,53049.59211275544,15103.917991002409,140469.51113299443,200223.16680313184,90115.7483793604,109917.22591685731,35871.809175990384,6993.34698292872,108783.96161340746,149754.93229868473,0.0,0.0,0.0,0.0,0.0,0.0,0.0009331724323163664,0.002058905385298198,0.002146889267704805,0.0020288187926813268,0.07898972633300459,0.0007842978608618618,0.001653851448684296,0.0007285196655057056,0.004509498228313925,0.00209169079640015,0.01656942194270781,0.1889762126287998,0.0005520770468571427,0.0013089602841628958,0.0012417195461864746,0.0012860544491161978,0.044928210473912225,0.00043445488885714275,0.0009465524527843135,0.0004199529985714286,0.002557849734857142,0.0013007943499672408,0.009842405822785305,0.10628417970326283
2026-09-18 00:12:58.105999947,3356.798644067797,7321.066779661018,7541.542372881357,7088.882033898304,279184.7410169491,2538.24406779661,5928.495254237288,2563.56,16081.270169491525,7456.426779661016,60896.863344282465,677434.4015426879,0.005210733480215454,0.005023118331396298,0.0048899351238099195,0.0005265842119679995,0.004358568757117526,0.009751535979836865,112851.68508631799,126704.73321947562,53049.59211275544,15103.917991002409,124244.46793709698,202114.44597230025,94900.10867693258,112540.06633818896,35871.809175990384,6993.34698292872,92877.63599903672,151959.445903588,0.0,0.0,0.0,0.0,0.0,0.0,0.0009362740753343844,0.002065748473136035,0.00215402478347057,0.002035560907546192,0.07924921464078236,0.0007869045950960962,0.0016592951409065183,0.0007309410123525524,0.004524322476091703,0.0020986428515803296,0.01662754064470946,0.18959707973165887,0.0005520770468571427,0.0013089602841628958,0.0012524458513931888,0.0012860544491161978,0.04505820336238032,0.00043445488885714275,0.0009465524527843135,0.0004199529985714286,0.002557849734857142,0.0013007943499672408,0.009865738338295777,0.1065570157734491
2026-09-18 00:13:13.105999947,3324.230847457627,7347.2155932203395,7541.542372881357,7114.728813559322,279316.1715254237,2535.2603389830506,5927.958305084746,2556.6955932203387,16106.067457627116,7467.400677966103,60611.61727531309,677639.5488057024,0.005210733480215454,0.004912500467046627,0.0048899351238099195,0.0005265842119679995,0.004358568757117526,0.009664127029276484,112851.68508631799,120137.84342297756,53049.59211275544,15103.917991002409,124244.46793709698,198988.7365918249,94900.10867693258,106703.12447008172,35871.809175990384,6993.34698292872,92877.63599903672,149954.8615076172,0.0,0.0,0.0,0.0,0.0,0.0,0.0009369373640943703,0.002075314714172296,0.002162337741339111,0.002045032460466828,0.07953116583433348,0.0007884745552503704,0.0016646875854067255,0.0007330695266853332,0.004556872101817543,0.0021073500054733327,0.016643762231806393,0.19023765085459426,0.000555831399372549,0.0013259716524195882,0.0012524458513931888,0.0013027220816222136,0.04522565986835854,0.0004368889187450979,0.0009530245058263306,0.0004225146717647059,0.0025747832974901963,0.0013140342391749428,0.00991135355320104,0.10687688654838348
2026-09-18 00:13:28.105999947,3324.230847457627,7347.2155932203395,7562.437627118642,7114.728813559322,279373.62508474576,2535.2603389830506,5927.958305084746,2556.6955932203387,16106.067457627116,7467.400677966103,60472.58663265772,677641.3948433901,0.005210733480215454,0.004912500467046627,0.004819459270627801,0.0005265842119679995,0.004358568757117526,0.009564425922136254,112851.68508631799,120137.84342297756,51099.66106371368,15103.917991002409,124244.46793709698,194382.43211479255,94900.10867693258,106703.12447008172,34553.27774696651,6993.34698292872,92877.63599903672,145070.79842038878,0.0,0.0,0.0,0.0,0.0,0.0,0.0009400309518721481,0.002082166793061185,0.002169477144672445,0.0020517835871334948,0.07979072778279839,0.0007910778663614815,0.0016701311095295324,0.0007354899066853333,0.004571754496554384,0.002114307855473333,0.016701617870580852,0.19085858314898455,0.000555831399372549,0.0013259716524195882,0.0012637041315319971,0.0013027220816222136,0.0453600692615207,0.0004368889187450979,0.0009530245058263306,0.0004225146717647059,0.0025747832974901963,0.0013140342391749428,0.009935653472685373,0.10722044204174466
2026-09-18 00:13:43.105999947,3287.822033898305,7363.8884745762725,7562.437627118642,7137.838983050848,279465.226779661,2549.336949152542,5923.845762711865,2577.5054237288136,16115.009491525425,7480.259999999999,60228.13086792737,677542.349192731,0.005125317058202716,0.004912500467046627,0.004713901379401137,0.0005052994830623104,0.004358568757117526,0.009437283267208572,108583.94135558917,120137.84342297756,52375.69094393165,15566.235649744978,124244.46793709698,192581.12619641252,91311.24473093408,106703.12447008172,34973.8472565569,7207.4071894160725,92877.63599903672,143668.187424573,0.0,0.0,0.0,0.0,0.0,0.0,0.0009431245396499259,0.002089018871950074,0.002176616548005778,0.0020585347138001617,0.08005028973126328,0.0007936811774725927,0.0016755746336523391,0.0007379102866853333,0.004586636891291228,0.002121265705473333,0.01675947350935531,0.19147951544337483,0.0005594195603361344,0.0013422617290610155,0.0012637041315319971,0.0013199536718855964,0.045525073912750694,0.0004393425017927171,0.0009587520992268906,0.00042510050697478993,0.0025950069547058825,0.0013272566823529408,0.009981644152607884,0.10753749078653016
2026-09-18 00:13:58.105999947,3287.822033898305,7363.8884745762725,7573.484745762709,7137.838983050848,279471.7494915254,2549.336949152542,5923.845762711865,2577.5054237288136,16115.009491525425,7480.259999999999,60089.461351298014,676887.1618138986,0.005125317058202716,0.004912500467046627,0.004713901379401137,0.000518652423896674,0.004358568757117526,0.009276008104157274,108583.94135558917,120137.84342297756,52375.69094393165,15322.507603562106,124244.46793709698,197272.24230278845,91311.24473093408,106703.12447008172,34973.8472565569,7094.557344929133,92877.63599903672,136361.5422166525,0.0,0.0,0.0,0.0,0.0,0.0,0.0009462181274277038,0.002095870950838963,0.0021837559513391107,0.0020652858404668277,0.0803098516797282,0.0007962844885837034,0.0016810181577751463,0.0007403306666853332,0.004601519286028069,0.002128223555473333,0.01681732914812976,0.1921004477377651,0.0005594195603361344,0.0013422617290610155,0.0012734328832866475,0.0013199536718855964,0.04565389942454528,0.0004393425017927171,0.0009587520992268906,0.00042510050697478993,0.0025950069547058825,0.0013272566823529408,0.010004880717968224,0.10782987118936248
2026-09-18 00:14:13.105999947,3256.6484745762714,7382.437627118644,7573.484745762709,7163.572881355932,279573.440338983,2533.8996610169493,5921.575932203389,2570.564745762711,16100.328813559323,7490.764067796609,59817.82819227976,676966.0757373014,0.005125317058202716,0.004794144671222068,0.004713901379401137,0.000518652423896674,0.004358568757117526,0.009221965833451532,108583.94135558917,123773.3113006714,52375.69094393165,15322.507603562106,124244.46793709698,196431.04492402333,91311.24473093408,109855.94807437512,34973.8472565569,7094.557344929133,92877.63599903672,135922.99779519156,0.0,0.0,0.0,0.0,0.0,0.0,0.0009466749552830408,0.0021045908723378655,0.0021928217814521926,0.0020756132843892604,0.08058703795371283,0.0007978020544048245,0.0016857605754122655,0.0007424059617884502,0.004622677364428426,0.002137296815327193,0.01683592783742369,0.19278000855292568,0.00056293226097479,0.0013580080406191944,0.0012734328832866475,0.0013355982503577002,0.04581831464640523,0.00044146540766386554,0.0009650251406442576,0.0004277557842016805,0.0026124177092436973,0.0013408549184584174,0.010048018925964283,0.10811814570108787
2026-09-18 00:14:28.105999947,3256.6484745762714,7382.437627118644,7613.283050847459,7163.572881355932,279653.5159322034,2533.8996610169493,5921.575932203389,2570.564745762711,16100.328813559323,7490.764067796609,59712.36372373348,677028.7900471324,0.004828353429483967,0.004703621460176109,0.004713901379401137,0.000518652423896674,0.004183077762538897,0.008973772683795768,111747.79250717163,127490.43258557661,52375.69094393165,15322.507603562106,109852.46206255806,197003.0994754892,93912.5103963851,104933.46521790816,34973.8472565569,7094.557344929133,78582.0218555059,136676.45692524157,0.0,0.0,0.0,0.0,0.0,0.0,0.000949759946511111,0.0021114490379080405,0.0021999674623732453,0.0020823760650910154,0.08084665690392928,0.0008004018274311402,0.0016912018297412696,0.0007448252172709064,0.004637580084125396,0.002144261558748245,0.01689353812947749,0.19340113058857075,0.00056293226097479,0.0013580080406191944,0.001286561564036877,0.0013355982503577002,0.04595304170138624,0.00044146540766386554,0.0009650251406442576,0.0004277557842016805,0.0026124177092436973,0.0013408549184584174,0.01007383112645624,0.10845402992857404
2026-09-18 00:14:43.105999947,3220.590508474575,7415.780338983053,7613.283050847459,7177.863050847457,279762.92542372877,2504.992881355932,5923.82440677966,2537.7315254237283,16088.345084745759,7499.163050847457,59432.16550210339,676771.0553071324,0.004988938987660748,0.004703621460176109,0.004713901379401137,0.000518652423896674,0.004183077762538897,0.008895211912511724,115464.39732843575,127490.43258557661,52375.69094393165,15322.507603562106,109852.46206255806,196324.3121811387,97035.9339655247,104933.46521790816,34973.8472565569,7094.557344929133,78582.0218555059,136280.02012782855,0.0,0.0,0.0,0.0,0.0,0.0,0.000952844937739181,0.002118307203478216,0.002207113143294298,0.0020891388457927695,0.08110627585414575,0.0008030016004574561,0.0016966430840702742,0.0007472444727533625,0.004652482803822367,0.002151226302169298,0.016951148421531288,0.1940222526242158,0.0005659580953893556,0.001374721155291143,0.001286561564036877,0.0013507914345858342,0.04611740484895611,0.0004435266702689075,0.0009713113253109243,0.0004305269312997198,0.0026307948556694672,0.0013549327071491713,0.010117001955558739,0.10872582795497487
2026-09-18 00:14:58.105999947,3220.590508474575,7415.780338983053,7631.624745762712,7177.863050847457,279776.4437288135,2504.992881355932,5923.82440677966,2537.7315254237283,16088.345084745759,7499.163050847457,59294.44539193389,676050.8654636444,0.004988938987660748,0.004703621460176109,0.004338981230567992,0.0005139848776262964,0.004183077762538897,0.008798699134768263,115464.39732843575,127490.43258557661,50333.03705572525,14761.632889659762,109852.46206255806,195122.5231097578,97035.9339655247,104933.46521790816,33273.45920177786,6834.86370182232,78582.0218555059,135301.60308174443,0.0,0.0,0.0,0.0,0.0,0.0,0.0009559299289672514,0.002125165369048392,0.0022142588242153502,0.0020959016264945245,0.0813658948043622,0.0008056013734837718,0.0017020843383992786,0.0007496637282358187,0.004667385523519336,0.0021581910455903508,0.01700875871358509,0.1946433746598609,0.0005659580953893556,0.001374721155291143,0.0012965853439737649,0.0013507914345858342,0.04624326342116401,0.0004435266702689075,0.0009713113253109243,0.0004305269312997198,0.0026307948556694672,0.0013549327071491713,0.010137068593503934,0.10898321474649574
2026-09-18 00:15:13.105999947,3180.9874576271186,7432.981016949152,7631.624745762712,7198.828474576269,279861.2206779661,2492.6277966101693,5919.840000000001,2525.503728813559,16029.356949152541,7510.304745762713,58964.68821194318,676005.3808863139,0.004822142200444328,0.004610274686007513,0.004488633451045169,0.0005139848776262964,0.004183077762538897,0.00861409582030763,111604.0393324977,119164.92017605294,52069.03229481119,14761.632889659762,109852.46206255806,193870.75130622686,93791.700658598,95971.63299954543,34421.0666211008,6834.86370182232,78582.0218555059,134710.4619786909,0.0,0.0,0.0,0.0,0.0,0.0,0.0009563445546642134,0.0021349691013131315,0.002224986224388889,0.002103332796347475,0.08163697080502094,0.0008070944910898988,0.001707753163580484,0.0007517021076161616,0.004684420972749572,0.0021659868308555553,0.01702214900245678,0.19526249071244284,0.0005682535678431371,0.001390175007280912,0.0012965853439737649,0.0013667486135513663,0.04640559151652661,0.00044495915919327725,0.0009776317949915965,0.0004328751067563024,0.0026434996959551816,0.0013694485323744378,0.010176725896270595,0.10927033308335256
2026-09-18 00:15:28.105999947,3180.9874576271186,7432.981016949152,7664.305423728815,7198.828474576269,279940.98813559324,2492.6277966101693,5919.840000000001,2525.503728813559,16029.356949152541,7510.304745762713,58843.283416688944,676159.8862148271,0.004863399684098381,0.004610274686007513,0.004488633451045169,0.0005139848776262964,0.004183077762538897,0.008609784217824797,108210.70695126375,119164.92017605294,52069.03229481119,14761.632889659762,109852.46206255806,195732.65423848122,90940.32772650804,95971.63299954543,34421.0666211008,6834.86370182232,78582.0218555059,135074.650634382,0.0,0.0,0.0,0.0,0.0,0.0,0.0009594209518503606,0.0021418367420057718,0.0022321434267698415,0.002110097727083405,0.08189662635950812,0.000809690704293362,0.0017131951454180912,0.0007541201379191917,0.004699330517621367,0.0021729542475222214,0.01707950637091518,0.19588360697920662,0.0005682535678431371,0.001390175007280912,0.0013093691238754326,0.0013667486135513663,0.04653768618812636,0.00044495915919327725,0.0009776317949915965,0.0004328751067563024,0.0026434996959551816,0.0013694485323744378,0.010199166949904942,0.1096058938314427
2026-09-18 00:15:43.105999947,3143.111186440677,7451.350169491526,7664.305423728815,7215.882711864407,280041.9742372881,2474.124406779661,5918.0277966101685,2516.302372881357,16025.299322033894,7530.037627118645,58537.94735656354,676051.959036124,0.004863399684098381,0.00452990906588344,0.004488633451045169,0.0005078844925457703,0.004183077762538897,0.008530859160233979,108210.70695126375,113624.5378785983,52069.03229481119,15680.937172333168,109852.46206255806,192958.28052799313,90940.32772650804,91511.39918416378,34421.0666211008,7261.658611837585,78582.0218555059,133389.24371904388,0.0,0.0,0.0,0.0,0.0,0.0,0.0009624973490365077,0.0021487043826984124,0.0022393006291507936,0.002116862657819336,0.0821562819139953,0.0008122869174968253,0.001718637127255698,0.0007565381682222221,0.004714240062493162,0.0021799216641888884,0.017136863739373568,0.19650472324597038,0.000570976638235294,0.0014070693180377016,0.0013093691238754326,0.001382695456171123,0.04670264699505509,0.000446854745512605,0.0009841084172549017,0.0004354469346554621,0.002661814298588234,0.0013848133700486507,0.010242631156067675,0.10985720812799725
2026-09-18 00:15:58.105999947,3143.111186440677,7451.350169491526,7672.118644067798,7215.882711864407,280084.77762711863,2474.124406779661,5918.0277966101685,2516.302372881357,16025.299322033894,7530.037627118645,58406.02677614154,675671.9647230511,0.004863399684098381,0.004529909065883439,0.004488633451045169,0.0005078844925457703,0.004183077762538897,0.008200221280503555,108210.70695126375,113624.53787859829,52069.03229481119,15680.937172333168,109852.46206255806,186964.6338895214,90940.32772650804,91511.39918416376,34421.0666211008,7261.658611837585,78582.0218555059,127551.41685636093,0.0,0.0,0.0,0.0,0.0,0.0,0.000965573746222655,0.0021555720233910535,0.002246457831531746,0.002123627588555267,0.08241593746848247,0.0008148831307002885,0.0017240791090933048,0.0007589561985252525,0.004729149607364959,0.0021868890808555553,0.017194221107831965,0.1971258395127342,0.000570976638235294,0.0014070693180377016,0.0013207200381603675,0.001382695456171123,0.046833487308658564,0.000446854745512605,0.0009841084172549017,0.0004354469346554621,0.002661814298588234,0.0013848133700486507,0.010264196857447944,0.11013027209380442
2026-09-18 00:16:13.105999947,3106.525423728813,7465.95152542373,7672.118644067798,7236.671186440676,280190.9898305085,2445.803389830509,5920.514237288135,2478.413898305085,16020.607118644071,7561.690169491524,58137.823153533114,675523.6275262098,0.004753411318262934,0.004529909065883439,0.004423272287481534,0.0005143988339339153,0.004026486703612186,0.008148171527520882,112664.88869146876,113624.53787859829,59126.47146329711,18818.159628432117,107283.46557557398,188327.93919514114,94617.37770748667,91511.39918416376,33003.63908595627,6970.039736478318,76552.36045009311,128348.83835264776,0.0,0.0,0.0,0.0,0.0,0.0,0.000965111465627493,0.0021639767968081197,0.0022560437234519946,0.0021319274719457915,0.08269491469214331,0.0008153016157900286,0.0017290599025748237,0.000759915797061681,0.004742380792820675,0.0021964982746887464,0.017205303505115396,0.19772798784202464,0.0005738926718207283,0.0014251250784415585,0.0013207200381603675,0.0013997159997347925,0.0469988178435929,0.0004488752259943977,0.0009910690186666665,0.00043784897523809515,0.0026776425662745095,0.0013999387483934749,0.010308120597233461,0.11040706408807262
2026-09-18 00:16:28.105999947,3106.525423728813,7465.95152542373,7704.082372881357,7236.671186440676,280288.4308474576,2445.803389830509,5920.514237288135,2478.413898305085,16020.607118644071,7561.690169491524,58040.056777473794,676274.8880286686,0.004753411318262934,0.004462292829306405,0.004423272287481534,0.0005143988339339153,0.004026486703612186,0.008138167773221275,112664.88869146876,116742.12131882619,59126.471463297115,18818.159628432117,107283.46557557398,180732.47930125156,94617.37770748667,93696.72783233563,33003.639085956274,6970.039736478318,76552.36045009311,128910.57529062916,0.0,0.0,0.0,0.0,0.0,0.0,0.0009681766205420228,0.002170849319244017,0.002263208639050285,0.002138697277501347,0.08295463110880999,0.0008178909127985754,0.001734500428946132,0.0007623291955659544,0.004757285049149789,0.002203474081312678,0.01726240945938271,0.1983490447381543,0.0005738926718207283,0.0014251250784415585,0.0013337010861136534,0.0013997159997347925,0.047132829706047305,0.0004488752259943977,0.0009910690186666665,0.00043784897523809515,0.0026776425662745095,0.0013999387483934749,0.010331645354594554,0.11078193875191424
2026-09-18 00:16:43.105999947,3074.5861016949148,7488.615580356586,7704.082372881357,7252.642372881353,280387.9245689934,2448.0274576271186,5915.19966101695,2471.024745762712,16079.25661016949,7585.346440677967,57739.509889780384,676185.2999424003,0.004753411318262934,0.004462292829306405,0.004343922582521828,0.0005143988339339153,0.004026486703612186,0.008006285406129241,112664.88869146876,116742.12131882619,61360.04885890454,18818.159628432117,107283.46557557398,179138.96069793456,94617.37770748667,93696.72783233563,34210.806307906874,6970.039736478318,76552.36045009311,126802.78302606604,0.0,0.0,0.0,0.0,0.0,0.0,0.0009712417754565526,0.0021777218416799147,0.0022703735546485758,0.0021454670830569024,0.08321434752547666,0.0008204802098071226,0.00173994095531744,0.000764742594070228,0.004772189305478902,0.00221044988793661,0.01731951541365002,0.19897010163428397,0.0005773263480784312,0.0014438690920329962,0.0013337010861136534,0.0014164981983006534,0.047298116189340794,0.00045147317392156853,0.0009976575028235292,0.0004405998256078431,0.00269963914635294,0.0014145845963582117,0.01037727575908293,0.11102344945223083
2026-09-18 00:16:58.105999947,3074.5861016949148,7488.615580356586,7718.378644067796,7252.642372881353,280426.56660289166,2448.0274576271186,5915.19966101695,2471.024745762712,16079.25661016949,7585.346440677967,57606.5025821713,676094.2566403229,0.0046574175438119335,0.004462292829306405,0.004343922582521828,0.0005143988339339153,0.004026486703612186,0.00793882375175721,106927.19014333506,116742.12131882619,61360.04885890454,18818.159628432117,107283.46557557398,177077.4065929982,89798.78695569397,93696.72783233563,34210.806307906874,6970.039736478318,76552.36045009311,125448.0360960649,0.0,0.0,0.0,0.0,0.0,0.0,0.0009743069303710828,0.002184594364115812,0.002277538470246866,0.002152236888612458,0.0834740639421433,0.0008230695068156694,0.001745381481688748,0.0007671559925745014,0.004787093561808017,0.0022174256945605413,0.01737662136791733,0.19959115853041362,0.0005773263480784312,0.0014438690920329962,0.0013456588669726992,0.0014164981983006534,0.04742967979844879,0.00045147317392156853,0.0009976575028235292,0.0004405998256078431,0.00269963914635294,0.0014145845963582117,0.010400127222145868,0.11132391522640837
2026-09-18 00:17:13.105999947,3038.162033898305,7498.738983050847,7718.378644067796,7255.616949152542,280499.64101694914,2455.459322033898,5909.897288135593,2482.8742372881356,16096.219322033894,7608.017288135593,57299.88505684252,676327.744714424,0.0046574175438119335,0.004375736094979415,0.004343922582521828,0.0005238892428576947,0.004026486703612186,0.007827098233905127,106927.19014333506,111255.8559942875,61360.04885890454,15875.302369481358,107283.46557557398,172364.0338598803,89798.78695569397,89289.76042735313,34210.806307906874,7333.198236931096,76552.36045009311,121775.42405314975,0.0,0.0,0.0,0.0,0.0,0.0,0.0009742963001838254,0.002193946812907454,0.002286458541149648,0.0021614326684887353,0.08375742609306222,0.0008239031267232068,0.0017511478480055555,0.000768518661073699,0.0048061312563795824,0.0022284992037399434,0.01739270016370718,0.2002619412658525,0.0005807470776806723,0.0014610221734453783,0.0013456588669726992,0.0014325900833676271,0.04759060456102147,0.00045363268588235296,0.0010035696027114844,0.00044282381717647065,0.002718433047932773,0.001428655534789916,0.010441347330123923,0.11158041408586938
2026-09-18 00:17:28.105999947,3038.162033898305,7498.738983050847,7737.586779661016,7255.616949152542,280571.866779661,2455.459322033898,5909.897288135593,2482.8742372881356,16096.219322033894,7608.017288135593,57182.786741072436,677430.5100102768,0.00455006258229646,0.004375736094979415,0.004343922582521828,0.0005257595428102297,0.0037250561007486304,0.007774480902024087,95417.9958870264,111255.8559942875,61360.04885890454,15133.575279930743,109138.3749129538,173255.95997309306,78151.90543119647,89289.76042735313,34210.806307906874,6992.034780934731,77341.45906605767,120336.1861238214,0.0,0.0,0.0,0.0,0.0,0.0,0.0009773518054580872,0.0022008271124855138,0.0022936289609808724,0.002168210081990845,0.08401721610972888,0.0008264869178624473,0.0017565893896722225,0.0007709287644492264,0.004821048403254584,0.0022354878609129394,0.017449578768623516,0.20088315295049536,0.0005807470776806723,0.0014610221734453783,0.0013572253492840334,0.0014325900833676271,0.04772279453624026,0.00045363268588235296,0.0010035696027114844,0.00044282381717647065,0.002718433047932773,0.001428655534789916,0.010464316315058397,0.11197164960241682
2026-09-18 00:17:43.105999947,3008.202711864407,7513.773559322031,7737.586779661016,7264.421694915252,280652.02779661014,2443.002711864406,5897.8677966101695,2474.813898305084,16164.686440677964,7624.3545762711865,56918.49359528979,677423.7226762001,0.00455006258229646,0.004310172740887495,0.004203315968766686,0.0005257595428102297,0.0038629498391870966,0.0076615087359086925,95417.9958870264,115511.48893467737,59373.91109378536,15133.575279930743,113178.4478989208,171695.62398686915,78151.90543119647,92822.63463195985,33103.45102304467,6992.034780934731,80204.47713570793,118927.30684506582,0.0,0.0,0.0,0.0,0.0,0.0,0.000980407310732349,0.0022077074120635722,0.002300799380812096,0.002174987495492955,0.08427700612639555,0.0008290707090016878,0.001762030931338889,0.0007733388678247539,0.004835965550129582,0.002242476518085935,0.01750645737353985,0.2015043646351382,0.0005844668344369748,0.001478522867663551,0.0013572253492840334,0.0014487155978436654,0.047884617801176456,0.00045583437356302514,0.0010099201797871148,0.00044504923246498594,0.0027411242130644256,0.0014424535649856594,0.010506669734859067,0.112229793701133
2026-09-18 00:17:58.105999947,3008.202711864407,7513.773559322031,7740.604067796612,7264.421694915252,280683.8450847458,2443.002711864406,5897.8677966101695,2474.813898305084,16164.686440677964,7624.3545762711865,56775.58569472482,676980.6644430512,0.00455006258229646,0.004310172740887495,0.003955400581142978,0.0005257595428102297,0.0037268824175892687,0.007462486223668552,95417.9958870264,115511.48893467737,45434.728974560945,15133.575279930743,109191.8831680438,175989.96640134687,78151.90543119647,92822.63463195985,19631.625252062986,6992.034780934731,77379.37796052572,120253.28841057215,0.0,0.0,0.0,0.0,0.0,0.0,0.0009834628160066102,0.002214587711641631,0.0023079698006433186,0.002181764908995064,0.08453679614306221,0.000831654500140928,0.0017674724730055555,0.0007757489712002813,0.0048508826970045825,0.0022494651752589306,0.017563335978456183,0.20212557631978112,0.0005844668344369748,0.001478522867663551,0.001367531426831637,0.0014487155978436654,0.04801524662666916,0.00045583437356302514,0.0010099201797871148,0.00044504923246498594,0.0027411242130644256,0.0014424535649856594,0.010529992385184454,0.11252334769374457
2026-09-18 00:18:13.105999947,2971.42779661017,7524.137288135593,7740.604067796612,7282.7084745762695,280772.6766101695,2416.176610169491,5888.9837288135595,2440.6596610169495,16155.234915254232,7638.187118644066,56470.74679996544,676926.772916215,0.00455006258229646,0.004310172740887495,0.004077455577528965,0.0005257595428102297,0.0037762345956538616,0.007379080913560953,95417.9958870264,115511.48893467737,46836.745171662755,15133.575279930743,105561.31485227548,173386.0631316338,78151.90543119647,92822.63463195985,20237.414198096667,6992.034780934731,74806.55743791416,118560.07671510986,0.0,0.0,0.0,0.0,0.0,0.0,0.0009833714278506944,0.002221023859743194,0.0023152165538875003,0.0021882359415492172,0.08481386742066749,0.0008321532353777778,0.001772596648098354,0.0007767750088822222,0.004873000300755419,0.002259209732592361,0.017574557210636315,0.20281965838906313,0.0005875363982969187,0.0014953792008625334,0.001367531426831637,0.0014673936474493793,0.04817736920114285,0.0004578628303641456,0.0010164444649579827,0.00044712514765266097,0.0027580371301736684,0.00145678126615774,0.010572048827753104,0.11276096199861814
2026-09-18 00:18:28.105999947,2971.42779661017,7524.137288135593,7744.3047457627135,7282.7084745762695,280849.22847457626,2416.176610169491,5888.9837288135595,2440.6596610169495,16155.234915254232,7638.187118644066,56343.69705824742,677127.8003145766,0.0044686881881890305,0.004310172740887495,0.004077455577528965,0.0005257595428102297,0.0037762345956538616,0.007180107598840124,90473.52174905998,115511.48893467737,46836.745171662755,15133.575279930743,105561.31485227548,175201.7301849468,74102.144464776,92822.63463195985,20237.414198096667,6992.034780934731,74806.55743791416,120527.04793682866,0.0,0.0,0.0,0.0,0.0,0.0,0.0009864171830590276,0.002227902783701527,0.0023223872101375003,0.0021950124061325504,0.08507371055029711,0.0008347305687111109,0.0017780372129131688,0.0007791808255488888,0.004887939620714266,0.002266206925300694,0.017631201061781406,0.20344109390726015,0.0005875363982969187,0.0014953792008625334,0.0013789364670774976,0.0014673936474493793,0.04831098284234484,0.0004578628303641456,0.0010164444649579827,0.00044712514765266097,0.0027580371301736684,0.00145678126615774,0.010595642505367087,0.11309287760686002
2026-09-18 00:18:43.105999947,2934.088474576271,7544.388813559321,7744.3047457627135,7301.599322033899,280918.59864406777,2415.270508474576,5877.961016949152,2432.4925423728805,16153.749152542374,7642.580338983051,56044.16885866543,677011.8510608379,0.0041568772108237645,0.004129214445628534,0.004077455577528965,0.0005065217705445598,0.0037762345956538616,0.007153838253876199,78385.0566695818,107945.78330395695,46836.745171662755,15028.87586655011,105561.31485227548,175194.9720148637,62004.50180443923,76546.14162802245,20237.414198096667,3521.695314046993,74806.55743791416,121771.23704978274,0.0,0.0,0.0,0.0,0.0,0.0,0.000989462938267361,0.0022347817076598608,0.0023295578663875003,0.002201788870715884,0.08533355367992675,0.0008373079020444442,0.0017834777777279835,0.0007815866422155554,0.004902878940673114,0.0022732041180090275,0.017687844912926503,0.2040625294254572,0.0005905285136974789,0.0015143334620408158,0.0013789364670774976,0.0014860217129282483,0.048473022198259566,0.0004600184738655461,0.0010231371517759103,0.0004495684729411764,0.0027769519115966377,0.0014707779033766232,0.010639461985586641,0.1133344304659619
2026-09-18 00:18:58.105999947,2934.088474576271,7544.388813559321,7755.995593220339,7301.599322033899,280959.65694915253,2415.270508474576,5877.961016949152,2432.4925423728805,16153.749152542374,7642.580338983051,55926.37398164533,676536.9986785173,0.00428906150902474,0.004129214445628534,0.004077455577528965,0.0005219641450205098,0.0037762345956538616,0.007038680173144885,80877.618556744,107945.78330395695,46836.745171662755,15487.062547912932,105561.31485227548,174333.2720180556,63976.179374077314,76546.14162802245,20237.414198096667,3629.0615537473013,74806.55743791416,121291.23614944585,0.0,0.0,0.0,0.0,0.0,0.0,0.0009925086934756944,0.0022416606316181943,0.0023367285226375003,0.002208565335299217,0.08559339680955638,0.0008398852353777777,0.0017889183425427984,0.0007839924588822222,0.004917818260631961,0.002280201310717361,0.017744488764071597,0.20468396494365418,0.0005905285136974789,0.0015143334620408158,0.001390579741558674,0.0014860217129282483,0.048603757587829435,0.0004600184738655461,0.0010231371517759103,0.0004495684729411764,0.0027769519115966377,0.0014707779033766232,0.010662886095963322,0.11362900631677221
2026-09-18 00:19:13.105999947,2898.7291525423734,7573.008813559321,7755.995593220339,7314.318305084744,281066.3084745763,2407.805084745763,5872.991186440679,2425.1949152542365,16123.982033898303,7668.02440677966,55639.057053357545,676636.9741854029,0.00428906150902474,0.004129214445628534,0.004019740535884607,0.0005219641450205098,0.0037762345956538616,0.006950647962561994,80877.618556744,107945.78330395695,44791.38471806643,15487.062547912932,105561.31485227548,176311.43238516702,63976.179374077314,76546.14162802245,19353.64640996097,3629.0615537473013,74806.55743791416,121437.67612300055,0.0,0.0,0.0,0.0,0.0,0.0,0.0009915776269801095,0.0022484423383847736,0.0023432246234864197,0.0022171202435278215,0.08587268714881029,0.0008407817920452675,0.0017941450692991866,0.0007854079692012346,0.004931425959647019,0.002288493450544033,0.01775556459964138,0.2052643586036983,0.0005930689579271709,0.0015340278846735615,0.001390579741558674,0.0015042826566304963,0.04876638591457142,0.00046173136584873954,0.0010294854363137255,0.0004515993824089635,0.0027905653118879543,0.0014859311988850172,0.010705942413333502,0.11389336958550031
2026-09-18 00:19:28.105999947,2898.7291525423734,7573.008813559321,7773.598983050847,7314.318305084744,281128.7227118644,2407.805084745763,5872.991186440679,2425.1949152542365,16123.982033898303,7668.02440677966,55530.870830597254,676813.6895926783,0.00428906150902474,0.004129214445628534,0.004019740535884607,0.0005219641450205098,0.0036354772960364903,0.006762648053510184,80877.618556744,107945.78330395695,44791.38471806643,15487.062547912932,93568.97243476524,175162.37895152744,63976.179374077314,76546.14162802245,19353.64640996097,3629.0615537473013,61278.66239774082,120649.97041929401,0.0,0.0,0.0,0.0,0.0,0.0,0.0009946112123710564,0.002255320964927983,0.0023503932160790124,0.0022239021488776154,0.08613258932360704,0.0008433539834032922,0.0017995849839333332,0.0007878107562382714,0.004946361239118563,0.0022954946048650204,0.01781198065964548,0.20588566961554255,0.0005930689579271709,0.0015340278846735615,0.0014014936383879263,0.0015042826566304963,0.04889743692744413,0.00046173136584873954,0.0010294854363137255,0.0004515993824089635,0.0027905653118879543,0.0014859311988850172,0.010727769965796514,0.11419210754398305
2026-09-18 00:19:43.105999947,2861.103050847457,7597.867118644067,7773.598983050847,7325.499661016946,281198.4833898305,2397.636610169492,5857.62406779661,2419.520338983051,16127.307457627121,7683.104745762714,55240.40232256197,676803.3699977631,0.00428906150902474,0.004129214445628534,0.0038741286691820675,0.0005163610568361407,0.003588302997514633,0.0066878321873204815,80877.618556744,107945.78330395695,46567.61385034071,14919.662417278114,88428.25443527702,173235.09607024974,63976.179374077314,76546.14162802245,19856.721593371843,3497.88896935248,57911.98737101385,118909.75071502679,0.0,0.0,0.0,0.0,0.0,0.0,0.0009976447977620027,0.002262199591471193,0.0023575618086716047,0.00223068405422741,0.08639249149840378,0.0008459261747613167,0.0018050248985674794,0.0007902135432753085,0.004961296518590108,0.0023024957591860082,0.017868396719649567,0.20650698062738682,0.0005955402296638654,0.0015541296509227376,0.0014014936383879263,0.0015242730996473882,0.04906006617232866,0.00046346016449299714,0.0010353463774117643,0.00045365873615126035,0.002806670605658263,0.0015007307865711193,0.01077258718536204,0.11447672717665582
2026-09-18 00:19:58.105999947,2861.103050847457,7597.867118644067,7792.7247457627145,7325.499661016946,281239.1359322034,2397.636610169492,5857.62406779661,2419.520338983051,16127.307457627121,7683.104745762714,55134.42124319033,676141.4210006299,0.00428906150902474,0.003939818108110175,0.0038741286691820675,0.0005163610568361407,0.003588302997514633,0.006679276867778647,80877.618556744,109026.25058764486,46567.61385034071,14919.662417278114,88428.25443527702,170977.1137743815,63976.179374077314,77173.20445450969,19856.721593371843,3497.88896935248,57911.98737101385,117401.07492344973,0.0,0.0,0.0,0.0,0.0,0.0,0.0010006783831529493,0.0022690782180144033,0.002364730401264198,0.0022374659595772043,0.08665239367320055,0.0008484983661193415,0.0018104648132016253,0.0007926163303123455,0.004976231798061653,0.002309496913506996,0.017924812779653666,0.2071282916392311,0.0005955402296638654,0.0015541296509227376,0.0014127983304908426,0.0015242730996473882,0.04918949798092747,0.00046346016449299714,0.0010353463774117643,0.00045365873615126035,0.002806670605658263,0.0015007307865711193,0.010792935105013187,0.11471471721027493
2026-09-18 00:20:13.105999947,2824.297627118644,7625.144745762712,7792.7247457627145,7333.502033898307,281316.3040677966,2372.3237288135597,5848.697288135592,2390.756949152543,16099.331186440673,7702.322033898306,54848.487795029236,676002.9931537776,0.004129582099942722,0.003939818108110175,0.0038741286691820675,0.0005163610568361407,0.003588302997514633,0.0064889952421677876,77870.36049148875,109026.25058764486,46567.61385034071,14919.662417278114,88428.25443527702,166756.13886242764,61597.36450736699,77173.20445450969,19856.721593371843,3497.88896935248,57911.98737101385,110594.1954057998,0.0,0.0,0.0,0.0,0.0,0.0,0.000999805455573306,0.0022784193929913277,0.0023723488640716803,0.002244216302734454,0.08692623435888326,0.0008494826674311653,0.0018149307897286475,0.0007941147814510838,0.0049870786084456505,0.0023194090667383468,0.0179376698607405,0.20768258919450022,0.0005978163915294116,0.0015745925047553136,0.0014127983304908426,0.00154439155102754,0.049350451563874874,0.0004650490390588235,0.0010414890580896356,0.0004557778258823529,0.0028187425929411757,0.0015151985871646434,0.010836949675561118,0.11498192999072765
2026-09-18 00:20:28.105999947,2824.297627118644,7625.144745762712,7817.769152542373,7333.502033898307,281351.2820338983,2372.3237288135597,5848.697288135592,2390.756949152543,16099.331186440673,7702.322033898306,54741.01801324957,676241.4184922038,0.0038538137820191137,0.003939818108110175,0.0038741286691820675,0.0005129412232207452,0.003588302997514633,0.006245806266828839,77628.00154220656,109026.25058764486,46567.61385034071,15775.908637155651,88428.25443527702,169746.62263106782,61311.782723017226,77173.20445450969,19856.721593371843,3696.7464510077098,57911.98737101385,113231.58520188446,0.0,0.0,0.0,0.0,0.0,0.0,0.0010028272309798101,0.0022853054620970187,0.002379518816307453,0.0022509981126938037,0.08718617832073065,0.0008520500597075881,0.0018203677786844709,0.0007965148353128726,0.005002001613465729,0.0023264190189741193,0.017993870496360212,0.20830369947864213,0.0005978163915294116,0.0015745925047553136,0.0014245483508619943,0.00154439155102754,0.04947947794929847,0.0004650490390588235,0.0010414890580896356,0.0004557778258823529,0.0028187425929411757,0.0015151985871646434,0.010857600598286905,0.11530418074401622
2026-09-18 00:20:43.105999947,2783.8464406779663,7651.439999999999,7817.769152542373,7338.6915254237265,281428.03830508474,2368.8793220338976,5834.71220338983,2376.43627118644,16118.490508474577,7717.133898305085,54432.90673665914,676296.435830535,0.003979973892152865,0.003939818108110175,0.0038296452092603994,0.0005129412232207452,0.003588302997514633,0.006205017162975253,80169.26528196533,109026.25058764486,44416.30572356268,15775.908637155651,88428.25443527702,164935.24449235934,63318.91168625942,77173.20445450969,18939.390362437898,3696.7464510077098,57911.98737101385,112216.91526619684,0.0,0.0,0.0,0.0,0.0,0.0,0.001005849006386314,0.0022921915312027097,0.0023866887685432252,0.002257779922653153,0.08744612228257803,0.0008546174519840108,0.0018258047676402945,0.000798914889174661,0.00501692461848581,0.0023334289712098914,0.018050071131979924,0.20892480976278402,0.0005998215836694677,0.0015954679344704213,0.0014245483508619943,0.0015642741155899155,0.04963961086307375,0.00046676124296358534,0.0010467684857142854,0.0004580452076134453,0.0028340980698879545,0.001530350766912678,0.010901599000264823,0.11558705134295938
2026-09-18 00:20:58.105999947,2783.8464406779663,7651.439999999999,7831.202033898305,7338.6915254237265,281461.8447457627,2368.8793220338976,5834.71220338983,2376.43627118644,16118.490508474577,7717.133898305085,54323.08609976214,675658.8142662717,0.003979973892152865,0.003939818108110175,0.0038296452092603994,0.0005129412232207452,0.003588302997514633,0.006149166937742575,80169.26528196533,109026.25058764486,44416.30572356268,15775.908637155651,88428.25443527702,163878.37854803546,63318.91168625942,77173.20445450969,18939.390362437898,3696.7464510077098,57911.98737101385,111660.55867443541,0.0,0.0,0.0,0.0,0.0,0.0,0.0010088707817928182,0.0022990776003084007,0.0023938587207789977,0.0022645617326125032,0.08770606624442544,0.0008571848442604336,0.001831241756596118,0.0008013149430364498,0.005031847623505891,0.002340438923445664,0.018106271767599637,0.20954592004692585,0.0005998215836694677,0.0015954679344704213,0.0014348878062089082,0.0015642741155899155,0.04976511806995081,0.00046676124296358534,0.0010467684857142854,0.0004580452076134453,0.0028340980698879545,0.001530350766912678,0.010920261458375363,0.1158119474530848
2026-09-18 00:21:13.105999947,2743.3098305084754,7692.312203389828,7831.202033898305,7343.673559322033,281570.0094915254,2380.326101694915,5837.34813559322,2392.117627118644,16105.753220338986,7731.234915254239,54033.93319634152,675385.8040946615,0.003979973892152865,0.003939818108110175,0.003495293557341745,0.0005184083454810436,0.0032703138925298967,0.006031895109084971,80169.26528196533,109026.25058764486,45594.14706901416,14920.1166180758,90971.22237427735,158900.56447055098,63318.91168625942,77173.20445450969,19249.267755494096,3496.2099125364425,59355.03491170319,108110.77891439198,0.0,0.0,0.0,0.0,0.0,0.0,0.0010079235016921017,0.002308119224311646,0.002401522434641633,0.002270705157740927,0.08797112900964497,0.0008580161020518072,0.0018351347398604498,0.0008026489665995982,0.005042746598262963,0.0023479981133785804,0.01811781958461496,0.2101147707364619,0.0006021194247619048,0.0016182436082352938,0.0014348878062089082,0.0015844124939444868,0.04992797419504574,0.00046876389523809505,0.001052975018168067,0.0004605574342857142,0.002847781563809524,0.0015456177700840336,0.010965722910299448,0.11609380451677906
2026-09-18 00:21:28.105999947,2743.3098305084754,7692.312203389828,7855.178644067797,7343.673559322033,281646.1037288136,2380.326101694915,5837.34813559322,2392.117627118644,16105.753220338986,7731.234915254239,53913.531336172025,675311.6415986447,0.003936909496910776,0.003870920440785983,0.0036232293074470005,0.0005184083454810436,0.0033464635634788725,0.005978800798126225,77087.46181280167,103825.16034719152,47262.99728430763,14920.1166180758,88494.20676653436,157494.95754104614,60884.85617867727,73491.6617219162,19953.83504544412,3496.2099125364425,57738.88263808055,107286.90627357521,0.0,0.0,0.0,0.0,0.0,0.0,0.0010109334213708164,0.0023150117303357425,0.0024086938613484604,0.002277485061355385,0.08823108810885132,0.0008605783098831325,0.0018405671456144176,0.0008050458370815261,0.00505765766572328,0.002355009705748059,0.018173807392742377,0.2107357260039199,0.0006021194247619048,0.0016182436082352938,0.0014468889433753497,0.0015844124939444868,0.05005414310542358,0.00046876389523809505,0.001052975018168067,0.0004605574342857142,0.002847781563809524,0.0015456177700840336,0.010986552853474335,0.11639054343319895
2026-09-18 00:21:43.105999947,2707.910847457628,7732.028135593221,7855.178644067797,7363.7572881355945,281781.213559322,2370.5664406779665,5836.463389830509,2386.5589830508466,16162.242711864412,7756.206101694914,53657.71732109423,674935.9594083519,0.003936909496910776,0.003744212686380945,0.0036232293074470005,0.0005184083454810436,0.0033464635634788725,0.00591866367936347,77087.46181280167,107757.89309902446,47262.99728430763,14920.1166180758,88494.20676653436,148722.89863934094,60884.85617867727,75974.28082423018,19953.83504544412,3496.2099125364425,57738.88263808055,108299.68515530703,0.0,0.0,0.0,0.0,0.0,0.0,0.0010139433410495313,0.002321904236359839,0.002415865288055288,0.0022842649649698426,0.08849104720805767,0.0008631405177144579,0.001845999551368386,0.0008074427075634538,0.0050725687331835976,0.0023620212981175365,0.018229795200869786,0.2113566812713779,0.0006044486320840337,0.0016414411895798314,0.0014468889433753497,0.0016054695822877725,0.05021771967682166,0.0004707299620336135,0.0010583656766834733,0.00046309959236974784,0.002866231177260504,0.0015619471832820672,0.011034197395947345,0.11665481169041524
2026-09-18 00:21:58.105999947,2707.910847457628,7732.028135593221,7852.057627118643,7363.7572881355945,281784.1728813559,2370.5664406779665,5836.463389830509,2386.5589830508466,16162.242711864412,7756.206101694914,53494.95300341214,674366.1230076617,0.003936909496910776,0.003744212686380945,0.0036232293074470005,0.0005209740500051826,0.0033464635634788725,0.005712405375113697,77087.46181280167,107757.89309902446,47262.99728430763,15512.569982088138,88494.20676653436,141532.60685802094,60884.85617867727,75974.28082423018,19953.83504544412,3635.60700487025,57738.88263808055,100737.37845638386,0.0,0.0,0.0,0.0,0.0,0.0,0.0010169532607282462,0.0023287967423839357,0.0024230367147621153,0.002291044868584301,0.08875100630726403,0.0008657027255457832,0.0018514319571223542,0.0008098395780453814,0.0050874798006439155,0.002369032890487015,0.0182857830089972,0.21197763653883586,0.0006044486320840337,0.0016414411895798314,0.00145660121565225,0.0016054695822877725,0.050350104413996885,0.0004707299620336135,0.0010583656766834733,0.00046309959236974784,0.002866231177260504,0.0015619471832820672,0.011053318816025724,0.11689920748871492
2026-09-18 00:22:13.105999947,2675.010508474576,7767.0732203389825,7852.057627118643,7389.061016949153,281930.81186440674,2352.041694915254,5837.113220338982,2357.350169491525,16182.457627118643,7787.8525423728815,53242.09192491648,674225.2995474922,0.003756130064599576,0.003744212686380945,0.003588145806432463,0.0005209740500051826,0.0033464635634788725,0.005482623435711533,65463.3884224817,107757.89309902446,44577.09261663134,15512.569982088138,88494.20676653436,135356.24206759132,49063.45594651336,75974.28082423018,18819.880328941286,3635.60700487025,57738.88263808055,94943.30357174709,0.0,0.0,0.0,0.0,0.0,0.0,0.0010165102691699734,0.002341212731485185,0.0024299589884287038,0.002299403882319865,0.08902825849120144,0.0008670007144953702,0.0018563541327360788,0.0008116392354175924,0.005104763803207974,0.002377926069701851,0.018305211627517425,0.21255625516662402,0.0006066322172773108,0.001664071356652375,0.00145660121565225,0.0016284772780559647,0.050514242967376284,0.0004722196470812324,0.0010638960753669466,0.00046543527619047613,0.002879736788638655,0.0015791225618295923,0.011100193196253669,0.11719983296834169
2026-09-18 00:22:28.105999947,2675.010508474576,7767.0732203389825,7862.647118644067,7389.061016949153,281947.23457627115,2352.041694915254,5837.113220338982,2357.350169491525,16182.457627118643,7787.8525423728815,53073.803502600094,674410.9196827125,0.003756130064599576,0.003744212686380945,0.003588145806432463,0.0005209740500051826,0.0033464635634788725,0.005415934934816327,65463.3884224817,107757.89309902446,44577.09261663134,15512.569982088138,88494.20676653436,132407.85386753653,49063.45594651336,75974.28082423018,18819.880328941286,3635.60700487025,57738.88263808055,92412.03840010132,0.0,0.0,0.0,0.0,0.0,0.0,0.0010195099963525131,0.00234812153704074,0.0024371296798969574,0.002306188445811929,0.08928826824316222,0.00086955919167791,0.001861785041559608,0.000814034343552513,0.005119681839482483,0.002384943214543121,0.01836101606543041,0.21317708659535076,0.0006066322172773108,0.001664071356652375,0.0014692809350340555,0.0016284772780559647,0.0506444812752412,0.0004722196470812324,0.0010638960753669466,0.00046543527619047613,0.002879736788638655,0.0015791225618295923,0.011121054782328508,0.11752940497566573
2026-09-18 00:22:43.105999947,2640.728135593221,7819.270169491526,7862.647118644067,7413.724067796609,282097.08610169485,2338.5294915254235,5834.114237288138,2343.959999999999,16217.112203389832,7807.814237288136,52826.960070754234,674254.3627307352,0.003756130064599576,0.0036968347461271123,0.003588145806432463,0.0005209740500051826,0.0033464635634788725,0.005289028910251746,65463.3884224817,103158.66177205427,44577.09261663134,15512.569982088138,88494.20676653436,134711.56639730599,49063.45594651336,72731.61077601639,18819.880328941286,3635.60700487025,57738.88263808055,95019.35040276957,0.0,0.0,0.0,0.0,0.0,0.0,0.0010225097235350528,0.0023550303425962965,0.002444300371365212,0.0023129730093039923,0.08954827799512301,0.0008721176688604497,0.0018672159503831374,0.0008164294516874338,0.005134599875756993,0.0023919603593843914,0.018416820503343402,0.21379791802407755,0.0006091731117703081,0.0016903018115914407,0.0014692809350340555,0.0016515273075980391,0.050810931854416416,0.00047416805214005585,0.0010691050621512601,0.0004682540243641456,0.002897066678106442,0.0015964353216506985,0.011171740107864305,0.11783396780596468
2026-09-18 00:22:58.105999947,2640.728135593221,7819.270169491526,7863.281694915252,7413.724067796609,282139.0749152542,2338.5294915254235,5834.114237288138,2343.959999999999,16217.112203389832,7807.814237288136,52688.0983334661,673923.8562892381,0.003756130064599576,0.0034331444643271275,0.003588145806432463,0.0005221361381751797,0.0033464635634788725,0.005111708820838835,65463.3884224817,92548.65210637481,44577.09261663134,18350.32405839108,88494.20676653436,137919.309739605,49063.45594651336,60907.92116967903,18819.880328941286,6820.494758307852,57738.88263808055,93298.4244007561,0.0,0.0,0.0,0.0,0.0,0.0,0.0010255094507175926,0.002361939148151852,0.0024514710628334656,0.0023197575727960562,0.08980828774708378,0.0008746761460429895,0.0018726468592066667,0.0008188245598223544,0.0051495179120315026,0.0023989775042256613,0.018472624941256385,0.21441874945280426,0.0006091731117703081,0.0016903018115914407,0.0014808334780312122,0.0016515273075980391,0.050941521839238085,0.00047416805214005585,0.0010691050621512601,0.0004682540243641456,0.002897066678106442,0.0015964353216506985,0.011192901555421136,0.11810653921722322
2026-09-18 00:23:13.105999947,2597.415254237288,7849.56813559322,7863.281694915252,7423.566101694913,282273.0193220339,2334.29186440678,5839.465423728815,2344.5427118644075,16204.899661016947,7836.568474576271,52399.59370148784,673748.3242521619,0.0036153935821539823,0.0034331444643271275,0.0034378121119578303,0.0005236454005249639,0.0031456106686231773,0.004873410254728449,63010.57479326787,92548.65210637481,45912.18588909356,19120.621262712837,86897.93931526854,136677.92238975494,47225.12285160422,60907.92116967903,18988.11669802331,7102.902627578438,56193.374674012986,92029.21379323864,0.0,0.0,0.0,0.0,0.0,0.0,0.0010252890020741178,0.002375129714242745,0.002459714647351765,0.002329798508338514,0.0900894641864885,0.0008760884413151634,0.001877278420054005,0.0008207291240134641,0.0051677008195317835,0.002410103843494902,0.01849811502036507,0.2150406881722976,0.0006112253595966386,0.0017154473245588235,0.0014808334780312122,0.001674440345376382,0.051107892993269836,0.0004757784109243698,0.0010755262401960783,0.0004707720029915966,0.002908445764067226,0.0016142515227925015,0.011240849794538304,0.11838247472205264
2026-09-18 00:23:28.105999947,2597.415254237288,7849.56813559322,7874.2006779661,7423.566101694913,282356.04508474574,2334.29186440678,5839.465423728815,2344.5427118644075,16204.899661016947,7836.568474576271,52265.20456938415,673732.0460182092,0.003484534705526733,0.0034331444643271275,0.0034176684697784765,0.0005236454005249639,0.0031456106686231773,0.004858342293690317,63333.848843149106,92548.65210637481,44118.34254384405,19120.621262712837,86897.93931526854,138203.84719447192,47214.25056588918,60907.92116967903,18246.228545282112,7102.902627578438,56193.374674012986,92369.84296284936,0.0,0.0,0.0,0.0,0.0,0.0,0.0010282793344270587,0.002382056840713333,0.0024668884679399997,0.0023365925691228285,0.09034953526885285,0.0008786435756288889,0.0018827070111392765,0.0008231228014644444,0.005182628331159691,0.0024171329729066665,0.018553759292470846,0.21566152329923136,0.0006112253595966386,0.0017154473245588235,0.0014944079399821202,0.001674440345376382,0.05124389984154372,0.0004757784109243698,0.0010755262401960783,0.0004707720029915966,0.002908445764067226,0.0016142515227925015,0.011263211543077266,0.11871730766104609
2026-09-18 00:23:43.105999947,2556.2959322033903,7891.135932203389,7874.2006779661,7438.567118644066,282481.0779661017,2330.7772881355927,5840.902372881354,2339.408135593221,16197.354915254238,7859.425423728813,52009.74793137314,673753.8743923012,0.003484534705526733,0.0034331444643271275,0.0034176684697784765,0.0005236454005249639,0.0031456106686231773,0.0045598586809814665,63333.848843149106,92548.65210637481,44118.34254384405,19120.621262712837,86897.93931526854,129030.81525248155,47214.25056588918,60907.92116967903,18246.228545282112,7102.902627578438,56193.374674012986,83255.73594180145,0.0,0.0,0.0,0.0,0.0,0.0,0.0010312696667800002,0.002388983967183922,0.0024740622885282356,0.0023433866299071423,0.09060960635121719,0.0008811987099426144,0.001888135602224548,0.0008255164789154248,0.005197555842787597,0.0024241621023184316,0.01860940356457663,0.21628235842616517,0.0006138625137254902,0.001740940700221141,0.0014944079399821202,0.0016980775257071335,0.051408614276758156,0.0004776340823529412,0.001081317449142857,0.0004729579235294116,0.0029235009803921567,0.001631204880889129,0.011312351639866434,0.11899412640547041
2026-09-18 00:23:58.105999947,2556.2959322033903,7891.135932203389,7891.6362711864385,7438.567118644066,282527.0420338983,2330.7772881355927,5840.902372881354,2339.408135593221,16197.354915254238,7859.425423728813,51885.879021511806,673612.9606850859,0.003484534705526733,0.003406114709268447,0.0034176684697784765,0.0005236454005249639,0.0031456106686231773,0.004580939508419714,63333.848843149106,88362.59459202332,44118.34254384405,19120.621262712837,86897.93931526854,127879.89479713552,47214.25056588918,58153.00194294834,18246.228545282112,7102.902627578438,56193.374674012986,82748.13195168089,0.0,0.0,0.0,0.0,0.0,0.0,0.0010342599991329411,0.00239591109365451,0.0024812361091164706,0.0023501806906914557,0.09086967743358154,0.0008837538442563399,0.001893564193309819,0.0008279101563664052,0.005212483354415504,0.002431191231730196,0.018665047836682404,0.21690319355309887,0.0006138625137254902,0.001740940700221141,0.00150835168098863,0.0016980775257071335,0.051541424073063176,0.0004776340823529412,0.001081317449142857,0.0004729579235294116,0.0029235009803921567,0.001631204880889129,0.011335545725691175,0.11928285866134526
2026-09-18 00:24:13.105999947,2511.54,7894.56508474576,7891.6362711864385,7463.532203389831,282617.5423728814,2299.1613559322036,5843.367457627121,2301.0620338983044,16151.857627118645,7886.684745762712,51571.96019070127,673384.1186469502,0.003484534705526733,0.003406114709268447,0.0034176684697784765,0.0005172613773301543,0.0031456106686231773,0.00451807866998312,63333.848843149106,88362.59459202332,44118.34254384405,18242.959134681067,86897.93931526854,126262.40243025475,47214.25056588918,58153.00194294834,18246.228545282112,6776.869882634121,56193.374674012986,81561.71268301684,0.0,0.0,0.0,0.0,0.0,0.0,0.0010327053293790699,0.0024077211678379846,0.00248995645983876,0.0023579166449454896,0.09114831865973524,0.0008845233143485789,0.0018991688578196679,0.0008291693922093023,0.005222800423326054,0.0024420378030629197,0.018688414098156376,0.21750900755226504,0.0006166425725490195,0.0017649021310209188,0.00150835168098863,0.0017232289546796782,0.05170694484389169,0.0004794919892436974,0.001088094100554622,0.00047511614019047607,0.00293533277122689,0.0016494062926814363,0.011384781039477765,0.11952967309396777
2026-09-18 00:24:28.105999947,2511.54,7894.56508474576,7900.727796610168,7463.532203389831,282663.1525423729,2299.1613559322036,5843.367457627121,2301.0620338983044,16151.857627118645,7886.684745762712,51460.27409959957,673666.2896932894,0.003484534705526733,0.003204518398108467,0.003190592928512755,0.0005172269147340841,0.0031456106686231773,0.004462011549165171,63333.848843149106,77293.16033692921,44649.97668856034,19246.76820691006,86897.93931526854,126052.83069967177,47214.25056588918,46224.815723363376,18297.44462218525,7149.763524465025,56193.374674012986,81384.38213503295,0.0,0.0,0.0,0.0,0.0,0.0,0.001035682556123256,0.0024146623713263565,0.0024971347389085275,0.002364713421108281,0.09140844294996514,0.0008870733007826873,0.0019045979536051088,0.0008315597991860465,0.005237714725050191,0.002449077937752842,0.01874389705088364,0.21812979980185238,0.0006166425725490195,0.0017649021310209188,0.0015217166911936383,0.0017232289546796782,0.05184005726628633,0.0004794919892436974,0.001088094100554622,0.00047511614019047607,0.00293533277122689,0.0016494062926814363,0.011408985356310634,0.11984532368447813
2026-09-18 00:24:43.105999947,2472.910169491526,7903.842711864405,7900.727796610168,7489.769491525423,282777.8552542373,2288.1905084745754,5850.478983050849,2290.2345762711866,16135.782711864405,7925.4915254237285,51189.743420154125,673552.0488746454,0.0034605047865756966,0.003204518398108467,0.003190592928512755,0.0005172269147340841,0.0031456106686231773,0.004274688260342686,60685.48366726634,77293.16033692921,44649.97668856034,19246.76820691006,86897.93931526854,124750.3561125899,45239.941735965134,46224.815723363376,18297.44462218525,7149.763524465025,56193.374674012986,80547.02701225222,0.0,0.0,0.0,0.0,0.0,0.0,0.0010386597828674418,0.002421603574814729,0.0025043130179782953,0.0023715101972710713,0.09166856724019502,0.0008896232872167959,0.0019100270493905493,0.0008339502061627907,0.005252629026774329,0.002456118072442765,0.018799380003610904,0.21875059205143976,0.0006194095911764706,0.00178690801032258,0.0015217166911936383,0.0017486015911435877,0.052001992917542476,0.0004813369066722688,0.0010947926756750702,0.0004772008212436975,0.002950196578084033,0.0016671275715010709,0.011456385854662632,0.12008135248333893
2026-09-18 00:24:58.105999947,2472.910169491526,7903.842711864405,7903.537627118645,7489.769491525423,282785.15898305085,2288.1905084745754,5850.478983050849,2290.2345762711866,16135.782711864405,7925.4915254237285,51067.73505301361,672967.8121886457,0.0032540292911692804,0.0032052179297627614,0.003190592928512755,0.0005172269147340841,0.002891141080671656,0.0040799869398400425,63719.911233159284,74558.54633284658,44649.97668856034,19246.76820691006,69443.81510899062,125482.14239860824,47435.262574368186,44589.39251305309,18297.44462218525,7149.763524465025,38740.69212360192,80875.09309982632,0.0,0.0,0.0,0.0,0.0,0.0,0.0010416370096116279,0.0024285447783031007,0.0025114912970480617,0.0023783069734338615,0.0919286915304249,0.0008921732736509044,0.0019154561451759898,0.000836340613139535,0.005267543328498467,0.0024631582071326873,0.01885486295633817,0.2193713843010271,0.0006194095911764706,0.00178690801032258,0.0015348123958464678,0.0017486015911435877,0.05213250326847183,0.0004813369066722688,0.0010947926756750702,0.0004772008212436975,0.002950196578084033,0.0016671275715010709,0.011479773517034941,0.1203341171677397
2026-09-18 00:25:13.105999947,2434.338305084746,7893.658983050849,7903.537627118645,7513.465423728815,282882.4657627118,2276.0084745762706,5854.6830508474595,2285.881016949153,16118.771186440676,7954.199999999999,50765.01541497355,672840.1891314423,0.0032540292911692804,0.0032052179297627614,0.003190592928512755,0.0005172269147340841,0.002978415174214292,0.003697853171361045,63719.911233159284,74558.54633284658,44649.97668856034,19246.76820691006,67000.81016512512,111983.41182104987,47435.262574368186,44589.39251305309,18297.44462218525,7149.763524465025,37377.81045821258,67766.46236447926,0.0,0.0,0.0,0.0,0.0,0.0,0.001040288912088889,0.0024361892611848013,0.0025183642928346107,0.0023872962688286773,0.09219639206507702,0.0008932233631952745,0.0019211310809511368,0.0008378703430743295,0.0052769059271248735,0.0024748183082747123,0.018879028805113246,0.219953181845887,0.0006221062006722687,0.0018074332462184874,0.0015348123958464678,0.0017733221970265027,0.05229121871513538,0.00048280642816806726,0.0011013121268571428,0.0004792009479215685,0.0029624447071036415,0.0016831021390181333,0.011522881102538253,0.12056515175772656
2026-09-18 00:25:28.105999947,2434.338305084746,7893.658983050849,7916.158983050848,7513.465423728815,282921.0010169491,2276.0084745762706,5854.6830508474595,2285.881016949153,16118.771186440676,7954.199999999999,50656.906133617624,673336.0484379682,0.0032540292911692804,0.0032052179297627614,0.003190592928512755,0.0005172269147340841,0.002978415174214292,0.003594352343407956,63719.911233159284,74558.54633284658,44649.97668856034,19246.76820691006,67000.81016512512,109576.75647795739,47435.262574368186,44589.39251305309,18297.44462218525,7149.763524465025,37377.81045821258,65435.38257170834,0.0,0.0,0.0,0.0,0.0,0.0,0.0010432538086406129,0.002443132469039208,0.0025255417018384416,0.0023940992937328915,0.09245653787000127,0.0008957690748810981,0.0019265608735647727,0.000840258297097318,0.005291804500041541,0.00248187160999885,0.018934357500993503,0.22057386321039318,0.0006221062006722687,0.0018074332462184874,0.0015483905042016804,0.0017733221970265027,0.05242476364397261,0.00048280642816806726,0.0011013121268571428,0.0004792009479215685,0.0029624447071036415,0.0016831021390181333,0.011545396787906947,0.12085846478882388
2026-09-18 00:25:43.105999947,2397.032542372881,7905.895932203392,7916.158983050848,7530.27254237288,283046.97966101696,2275.9871186440682,5857.965762711863,2276.975593220339,16147.025084745763,7990.599661016948,50419.503827940614,673008.4097854259,0.0032540292911692804,0.003031434949134455,0.003190592928512755,0.0005017959741436146,0.002978415174214292,0.003581678444704489,63719.911233159284,76179.38833417928,44649.97668856034,18672.56039154133,67000.81016512512,106482.6318788885,47435.262574368186,45055.560918724696,18297.44462218525,6936.457578778405,37377.81045821258,63703.10452201311,0.0,0.0,0.0,0.0,0.0,0.0,0.0010462187051923373,0.002450075676893614,0.002532719110842274,0.0024009023186371066,0.09271668367492551,0.0008983147865669222,0.001931990666178409,0.0008426462511203064,0.005306703072958207,0.0024889249117229883,0.018989686196873762,0.22119454457489934,0.0006244714005210083,0.0018308633156302525,0.0015483905042016804,0.0017967227114248363,0.052584620477639586,0.000484153497070028,0.0011076544850420163,0.0004814486686834734,0.0029793473252324927,0.0017008689273437583,0.011591521311019802,0.12107826302532185
2026-09-18 00:25:58.105999947,2397.032542372881,7905.895932203392,7913.330847457625,7530.27254237288,283043.7945762712,2275.9871186440682,5857.965762711863,2276.975593220339,16147.025084745763,7990.599661016948,50300.622836707415,672593.4243264439,0.0032434137468618485,0.003031434949134455,0.003000056881484953,0.0005123581164609036,0.002978415174214292,0.003499432541872137,60722.08331107693,76179.38833417928,47245.62290790516,18697.008547988687,67000.81016512512,99219.61512642837,45201.86335229109,45055.560918724696,19348.014527036634,6907.160173299175,37377.81045821258,56266.63233306022,0.0,0.0,0.0,0.0,0.0,0.0,0.0010491836017440612,0.0024570188847480197,0.002539896519846105,0.002407705343541321,0.09297682947984974,0.0009008604982527458,0.0019374204587920458,0.000845034205143295,0.005321601645874873,0.0024959782134471257,0.01904501489275402,0.2218152259394055,0.0006244714005210083,0.0018308633156302525,0.001560465878855673,0.0017967227114248363,0.052715711572754426,0.000484153497070028,0.0011076544850420163,0.0004814486686834734,0.0029793473252324927,0.0017008689273437583,0.011613255264690295,0.121351882183884
2026-09-18 00:26:13.105999947,2359.22033898305,7915.512203389831,7913.330847457625,7541.987796610172,283136.5006779661,2263.9942372881355,5855.8942372881365,2263.591525423729,16137.268474576269,8014.9972881355925,50004.67332275023,672445.3453306813,0.0032434137468618485,0.0030430718463598746,0.002990109503383452,0.0005123581164609036,0.0028478538304740827,0.00341080704540131,60722.08331107693,73206.42375448268,44523.24368668771,18697.008547988687,70886.30898297805,99042.4189295015,45201.86335229109,43297.22983129022,18233.146535500327,6907.160173299175,39364.27382401649,55978.46025464627,0.0,0.0,0.0,0.0,0.0,0.0,0.0010479118456455808,0.002463146321818182,0.0025466922016444443,0.00241575402268346,0.09324167736750999,0.0009015637766814394,0.0019429767345244698,0.0008462159083042929,0.005333070880224845,0.0025062429810832065,0.019065645809740114,0.22243963714921736,0.000626211555630252,0.0018531562957983191,0.001560465878855673,0.0018206257442696626,0.05287458050195331,0.00048511717310924365,0.0011137447021176473,0.00048397252134453774,0.002990430274285714,0.001719916242957983,0.011657132732004279,0.12155326815221788
2026-09-18 00:26:28.105999947,2359.22033898305,7915.512203389831,7920.427118644068,7541.987796610172,283164.8613559322,2263.9942372881355,5855.8942372881365,2263.591525423729,16137.268474576269,8014.9972881355925,49905.425791878566,672375.2336867865,0.0030859902321242376,0.0030430718463598746,0.002990109503383452,0.0005123581164609036,0.0028478538304740827,0.0033770144281334543,47730.33844300106,73206.42375448268,44523.24368668771,18697.008547988687,70886.30898297805,101050.77064059839,32075.284799079018,43297.22983129022,18233.146535500327,6907.160173299175,39364.27382401649,57076.1098145942,0.0,0.0,0.0,0.0,0.0,0.0,0.0010508648011380048,0.0024700872309090906,0.002553868534977778,0.002422560557721338,0.09350183638904556,0.0009041042965678028,0.0019484068815282145,0.0008486004632285353,0.005347959847453308,0.002513305332408964,0.019120814784685997,0.22306032794036695,0.000626211555630252,0.0018531562957983191,0.0015746516602456364,0.0018206257442696626,0.05300714875841893,0.00048511717310924365,0.0011137447021176473,0.00048397252134453774,0.002990430274285714,0.001719916242957983,0.011681035864256069,0.12182905746249727
2026-09-18 00:26:43.105999947,2321.609491525424,7941.105762711863,7920.427118644068,7556.601355932203,283269.71288135595,2252.6420338983057,5848.401355932205,2252.349152542373,16147.009830508476,8039.443728813559,49616.175827614126,672055.6207800067,0.0030859902321242376,0.0030430718463598746,0.002990109503383452,0.0005123581164609036,0.0028478538304740827,0.0033280081089149664,47730.33844300106,73206.42375448268,44523.24368668771,18697.008547988687,70886.30898297805,101129.65999626229,32075.284799079018,43297.22983129022,18233.146535500327,6907.160173299175,39364.27382401649,57336.43169636121,0.0,0.0,0.0,0.0,0.0,0.0,0.0010538177566304294,0.0024770281400000004,0.002561044868311111,0.002429367092759217,0.09376199541058114,0.0009066448164541667,0.0019538370285319597,0.0008509850181527777,0.005362848814681773,0.0025203676837347224,0.01917598375963189,0.22368101873151647,0.0006283380493389355,0.0018788291772183926,0.0015746516602456364,0.0018453338925821237,0.05316655013384125,0.00048625520410084034,0.0011198324871372547,0.0004866331351428571,0.0030070124967787114,0.0017365284866685462,0.011725920583437974,0.12200153864300176
2026-09-18 00:26:58.105999947,2321.609491525424,7941.105762711863,7934.580000000001,7556.601355932203,283300.1969491525,2252.6420338983057,5848.401355932205,2252.349152542373,16147.009830508476,8039.443728813559,49521.5691581226,671577.9955932202,0.0030859902321242376,0.0029487658290611642,0.002990109503383452,0.0005154163037221229,0.002844664879201818,0.003329185348178728,47730.33844300106,62646.12499774622,44523.24368668771,19821.334634969473,66784.44616969758,100258.82651680658,32075.284799079018,31534.771346319125,18233.146535500327,7322.515407793647,37086.44537890311,56531.32920152451,0.0,0.0,0.0,0.0,0.0,0.0,0.0010567707121228536,0.002483969049090909,0.002568221201644444,0.0024361736277970954,0.09402215443211674,0.0009091853363405302,0.001959267175535706,0.00085336957307702,0.0053777377819102384,0.002527430035060479,0.019231152734577775,0.22430170952266604,0.0006283380493389355,0.0018788291772183926,0.0015884633798820742,0.0018453338925821237,0.053296113299889196,0.00048625520410084034,0.0011198324871372547,0.0004866331351428571,0.0030070124967787114,0.0017365284866685462,0.011748685623643847,0.12223586996527144
2026-09-18 00:27:13.105999947,2298.39559322034,7970.912542372882,7934.580000000001,7576.996271186441,283440.9630508474,2254.2620338983043,5846.817966101695,2254.0149152542376,16125.955932203386,8074.4552542372885,49344.03762711865,670682.8159322033,0.0030859902321242376,0.0029487658290611642,0.002990109503383452,0.0005154163037221229,0.002844664879201818,0.003309344872901809,47730.33844300106,62646.12499774622,44523.24368668771,19821.334634969473,66784.44616969758,90874.88063274181,32075.284799079018,31534.771346319125,18233.146535500327,7322.515407793647,37086.44537890311,56199.257954705376,0.0,0.0,0.0,0.0,0.0,0.0,0.0010558141705127341,0.0024912792792097377,0.002575210705581024,0.0024440005267282717,0.09428519675264062,0.0009100577524323346,0.001964036216264198,0.0008547135759330836,0.0053915874755350625,0.002536164705755805,0.019253204168882702,0.2248486941249917,0.0006309701411764705,0.0019053242044766992,0.0015884633798820742,0.001870859148814836,0.05345804564322502,0.000487777113098039,0.0011260683913445375,0.0004890602905882353,0.0030209625180392156,0.0017551601433204629,0.011795683191295795,0.12245080940693995
2026-09-18 00:27:28.105999947,2298.39559322034,7970.912542372882,7929.814576271185,7576.996271186441,283415.4396610169,2254.2620338983043,5846.817966101695,2254.0149152542376,16125.955932203386,8074.4552542372885,49365.14033898305,670510.2050847457,0.0030611598318127887,0.00296665598940143,0.002976254193904755,0.0005154163037221229,0.002844664879201818,0.0033098842933145375,35532.09518865238,59731.04981202092,42808.76690656913,19821.334634969473,66784.44616969758,90129.93126286803,19386.916801416155,30066.200954536052,17531.034475031523,7322.515407793647,37086.44537890311,55720.757966248326,0.0,0.0,0.0,0.0,0.0,0.0,0.0010587562295014984,0.002498221217411985,0.0025823865183151064,0.002450809905005425,0.09454536380171469,0.0009125936241551809,0.0019694645310790126,0.0008570952313637953,0.0054064735662758025,0.0025432317169917598,0.019308221781770843,0.22546918034496177,0.0006309701411764705,0.0019053242044766992,0.0016027721435667597,0.001870859148814836,0.05358722962908496,0.000487777113098039,0.0011260683913445375,0.0004890602905882353,0.0030209625180392156,0.0017551601433204629,0.011818345216642726,0.12274061314060318
2026-09-18 00:27:43.105999947,2298.9996610169487,7985.788474576272,7929.814576271185,7590.090508474577,283455.44237288134,2250.8908474576265,5844.889830508475,2258.923728813559,16099.038305084747,8079.055932203389,49463.749830508474,670297.2040677966,0.0029543011195005205,0.00296665598940143,0.0029629033371582013,0.000497341324594609,0.002844664879201818,0.0032968017827802944,34291.74377081484,59731.04981202092,29192.159178018268,19126.226220238972,66784.44616969758,90024.955623237,18710.15992528872,30066.200954536052,18622.03790905065,7065.7243202767,37086.44537890311,55720.757966248326,0.0,0.0,0.0,0.0,0.0,0.0,0.001061698288490262,0.0025051631556142315,0.002589562331049188,0.0024576192832825782,0.09480553085078876,0.0009151294958780273,0.0019748928458938274,0.0008594768867945068,0.005421359657016543,0.002550298728227715,0.019363239394658987,0.22608966656493187,0.0006337685403025208,0.0019356592505360762,0.0016027721435667597,0.0018977478486613248,0.053751905334080294,0.0004889984110924368,0.0011329922027563024,0.0004919780919327729,0.0030387710738655456,0.0017725989087154857,0.011868828300887738,0.12295882345370054
2026-09-18 00:27:58.105999947,2298.9996610169487,7985.788474576272,7930.757288135594,7590.090508474577,283441.44203389826,2250.8908474576265,5844.889830508475,2258.923728813559,16099.038305084747,8079.055932203389,49482.73830508475,669948.2877966102,0.0030396136900388685,0.00296665598940143,0.0029629033371582013,0.0005223914680991017,0.0028318375131091444,0.003275178664396379,42586.46895359321,59731.04981202092,29192.159178018268,18523.65030294974,52067.02364618152,80526.35320165202,18110.64113825623,30066.200954536052,18622.03790905065,6843.117138672928,21155.66434001597,46000.28601252051,0.0,0.0,0.0,0.0,0.0,0.0,0.0010646403474790262,0.002512105093816479,0.002596738143783271,0.002464428661559732,0.09506569789986284,0.0009176653676008739,0.0019803211607086423,0.0008618585422252184,0.005436245747757283,0.00255736573946367,0.01941825700754713,0.22671015278490192,0.0006337685403025208,0.0019356592505360762,0.0016179939430073706,0.0018977478486613248,0.053882738027734814,0.0004889984110924368,0.0011329922027563024,0.0004919780919327729,0.0030387710738655456,0.0017725989087154857,0.011892223518740539,0.12318937214817506
2026-09-18 00:28:13.105999947,2301.382372881357,7980.373220338983,7930.757288135594,7609.347457627118,283493.2149152542,2235.0752542372884,5842.986101694914,2253.404745762712,16049.019661016951,8095.298644067796,49521.42915254237,669542.5616949152,0.0030396136900388685,0.00296665598940143,0.0029629033371582013,0.0005223914680991017,0.0028318375131091444,0.003296097627683743,42586.46895359321,59731.04981202092,29192.159178018268,18523.65030294974,52067.02364618152,85136.50000990815,18110.64113825623,30066.200954536052,18622.03790905065,6843.117138672928,21155.66434001597,45492.405348848435,0.0,0.0,0.0,0.0,0.0,0.0,0.0010649062049590122,0.0025226928182261726,0.0026051918255053084,0.002473099938469248,0.09533779602133272,0.0009176243450390122,0.0019852099555634924,0.0008631989969403701,0.0054502130656228324,0.0025665504768240736,0.019445803900830644,0.2272818397998605,0.0006371249868907564,0.0019663921826538985,0.0016179939430073706,0.0019278403533603558,0.05405120962732026,0.0004892104597422971,0.001139147129327731,0.0004937327014453782,0.003053205984313725,0.00179287529815126,0.011946313915613157,0.12341802694440998
2026-09-18 00:28:28.105999947,2301.382372881357,7980.373220338983,7946.887118644068,7609.347457627118,283567.66779661016,2235.0752542372884,5842.986101694914,2253.404745762712,16049.019661016951,8095.298644067796,49558.00576271186,669580.553898305,0.0030396136900388685,0.00296261911272606,0.0029629033371582013,0.0005223914680991017,0.0028318375131091444,0.003280527204589997,42586.46895359321,57260.12921645146,29192.159178018268,18523.65030294974,52067.02364618152,84274.83439234353,18110.64113825623,18276.730842317,18622.03790905065,6843.117138672928,21155.66434001597,40292.00825956287,0.0,0.0,0.0,0.0,0.0,0.0,0.0010678408864404937,0.002529644803411358,0.002612371159764568,0.002479914447728507,0.09559799579697374,0.0009201531154093825,0.0019906367916440785,0.0008655777830514814,0.005465096643461662,0.0025736233240462956,0.019500689420256602,0.22790219233987458,0.0006371249868907564,0.0019663921826538985,0.0016337228232423757,0.0019278403533603558,0.054186120536294416,0.0004892104597422971,0.001139147129327731,0.0004937327014453782,0.003053205984313725,0.00179287529815126,0.011971024338398563,0.12367931723286028
2026-09-18 00:28:43.105999947,2277.9884745762706,8006.76,7946.887118644068,7625.324745762711,283615.5844067797,2220.977288135593,5840.261694915253,2249.853559322033,16022.141694915254,8096.232203389831,49603.48474576271,669542.2749152542,0.0030396136900388685,0.00296261911272606,0.002961070203818271,0.0005266105452154851,0.0028291396198817905,0.0032731640749706597,42586.46895359321,57260.12921645146,27908.78163661161,15651.098527366248,48685.2145003283,78825.54352377464,18110.64113825623,18276.730842317,17803.35556760552,3630.4853704477227,19781.58120367534,34634.634780968845,0.0,0.0,0.0,0.0,0.0,0.0,0.0010707755679219752,0.002536596788596543,0.002619550494023827,0.0024867289569877665,0.09585819557261477,0.0009226818857797528,0.0019960636277246645,0.0008679565691625924,0.00547998022130049,0.002580696171268518,0.01955557493968256,0.2285225448798887,0.0006404582750420166,0.002001042381749876,0.0016337228232423757,0.0019582104006962784,0.05435384619878991,0.0004893060170308123,0.0011447222721344534,0.0004952401703081232,0.0030710712669747894,0.0018127629538104892,0.012028843751787314,0.12396956136989513
2026-09-18 00:28:58.105999947,2277.9884745762706,8006.76,7950.847118644067,7625.324745762711,283658.2688135593,2220.977288135593,5840.261694915253,2249.853559322033,16022.141694915254,8096.232203389831,49631.65016949153,669459.8166101695,0.0030396136900388685,0.00296261911272606,0.002961070203818271,0.0005266105452154851,0.0028291396198817905,0.003271099510438028,42586.46895359321,57260.12921645146,27908.78163661161,15651.098527366248,48685.2145003283,78691.42852750994,18110.64113825623,18276.730842317,17803.35556760552,3630.4853704477227,19781.58120367534,34634.634780968845,0.0,0.0,0.0,0.0,0.0,0.0,0.0010737102494034563,0.0025435487737817276,0.0026267298282830866,0.0024935434662470258,0.0961183953482558,0.0009252106561501233,0.0020014904638052506,0.0008703353552737034,0.005494863799139316,0.0025877690184907404,0.019610460459108518,0.22914289741990285,0.0006404582750420166,0.002001042381749876,0.0016487655230195126,0.0019582104006962784,0.05448699810501337,0.0004893060170308123,0.0011447222721344534,0.0004952401703081232,0.0030710712669747894,0.0018127629538104892,0.012053609987804826,0.12425272947225036
2026-09-18 00:29:13.105999947,2278.073898305085,8024.891186440678,7950.847118644067,7634.638983050848,283738.70440677967,2211.177966101694,5843.562711864406,2250.1677966101693,15968.553559322036,8129.324745762709,49689.091525423726,669222.9244067797,0.003014790880951236,0.00296261911272606,0.002961070203818271,0.0005266105452154851,0.0028291396198817905,0.003271099510438028,30243.718286088628,57260.12921645146,27908.78163661161,15651.098527366248,48685.2145003283,78691.42852750994,19280.686235684403,18276.730842317,17803.35556760552,3630.4853704477227,19781.58120367534,34634.634780968845,0.0,0.0,0.0,0.0,0.0,0.0,0.0010738643471708178,0.0025579437863572645,0.0026360771406786325,0.0025040394421785546,0.09640062643370652,0.000921824009393162,0.002006468185181039,0.0008696966945188032,0.00550597682730314,0.0025977351399307687,0.019647810424085366,0.22979523281095027,0.0006431422898487394,0.0020368831300840327,0.0016487655230195126,0.0019871351924430495,0.05466170601326797,0.000488897025747899,0.0011512831618095236,0.0004959929820168066,0.0030847802483361343,0.0018369517475070021,0.012112689243239046,0.12444222604241521
2026-09-18 00:29:28.105999947,2278.073898305085,8024.891186440678,7935.394576271187,7634.638983050848,283763.6847457627,2211.177966101694,5843.562711864406,2250.1677966101693,15968.553559322036,8129.324745762709,49714.16949152542,669622.2162711864,0.003003875428488073,0.00296261911272606,0.002935673631860046,0.0005175962940292018,0.0028291396198817905,0.0032431118626848705,28607.17380205674,57260.12921645146,19697.046130853418,18601.055298893065,48685.2145003283,79078.78258339353,18237.372037050543,18276.730842317,9442.398402934885,3452.6808216695335,19781.58120367534,34705.280193141676,0.0,0.0,0.0,0.0,0.0,0.0,0.0010767914469876677,0.0025649160592510372,0.002643262384268376,0.002510863986134599,0.09666088597175,0.0009243366559133087,0.002011893803840459,0.0008720672558741147,0.005520850187810385,0.002604815873447253,0.019702594283622237,0.230415671690709,0.0006431422898487394,0.0020368831300840327,0.0016656511023529412,0.0019871351924430495,0.05480148176376283,0.000488897025747899,0.0011512831618095236,0.0004959929820168066,0.0030847802483361343,0.0018369517475070021,0.012145403349880693,0.12475047531765775
2026-09-18 00:29:43.105999947,2274.3854237288124,8023.6494915254225,7935.394576271187,7652.419322033899,283730.4732203389,2208.3498305084745,5842.253898305086,2247.315254237288,15953.833220338984,8127.213559322035,49821.30305084746,670417.4898305085,0.003003875428488073,0.0028553260511333884,0.002935673631860046,0.0005175962940292018,0.0028258723887397,0.0032663213933968316,28607.17380205674,47156.536873660225,19697.046130853418,18601.055298893065,33141.18764433344,76673.94772254379,18237.372037050543,8988.238433648385,9442.398402934885,3452.6808216695335,20897.75767890116,33622.52673491568,0.0,0.0,0.0,0.0,0.0,0.0,0.0010797185468045176,0.0025718883321448104,0.0026504476278581194,0.0025176885300906425,0.09692114550979349,0.0009268493024334551,0.002017319422499879,0.000874437817229426,0.005535723548317632,0.002611896606963736,0.0197573781431591,0.2310361105704678,0.000643368157142857,0.00207226764841956,0.0016656511023529412,0.0020225531051936874,0.05497237461252287,0.0004896559255238096,0.001157209950745098,0.0004963482825714287,0.0031003232710476183,0.0018580306038479166,0.012194589735213361,0.12519865888533344
2026-09-18 00:29:58.105999947,2274.3854237288124,8023.6494915254225,7914.316271186439,7652.419322033899,283701.58169491525,2208.3498305084745,5842.253898305086,2247.315254237288,15953.833220338984,8127.213559322035,49822.227457627116,670185.7352542373,0.003003875428488073,0.002880150804334794,0.002983644149474507,0.0005175962940292018,0.0028553422369650885,0.0032363393002234984,28607.17380205674,47566.52486408847,21833.70124753662,18601.055298893065,35794.035856209164,78332.71598816263,18237.372037050543,9066.383905245977,11927.909889085504,3452.6808216695335,24023.989075658475,34519.18180187397,0.0,0.0,0.0,0.0,0.0,0.0,0.0010826456466213673,0.002578860605038583,0.002657632871447863,0.0025245130740466862,0.09718140504783696,0.000929361948953602,0.0020227450411592993,0.0008768083785847373,0.00555059690882488,0.0026189773404802197,0.019812162002695973,0.2316565494502265,0.000643368157142857,0.00207226764841956,0.001679314635612965,0.0020225531051936874,0.05510284991091191,0.0004896559255238096,0.001157209950745098,0.0004963482825714287,0.0031003232710476183,0.0018580306038479166,0.012213547811211992,0.12558536480360505
2026-09-18 00:30:13.105999947,2308.4084745762716,8023.991186440677,7914.316271186439,7632.253220338985,283611.7281355932,2215.351525423728,5842.491864406782,2260.427796610169,15966.576610169492,8123.360338983049,50233.41138237796,670237.8681355932,0.003003875428488073,0.0029789703841686674,0.002983644149474507,0.0005104439841648962,0.0028553422369650885,0.00327431974038794,28607.17380205674,49198.558851389476,21833.70124753662,19469.901137998757,35794.035856209164,75869.3510827948,18237.372037050543,9377.456591711061,11927.909889085504,3613.953788039679,24023.989075658475,32355.60766685033,0.0,0.0,0.0,0.0,0.0,0.0,0.0010822556684814007,0.002592364732083212,0.0026612461296410626,0.0025333507073670067,0.09744683904502377,0.000927639863027536,0.0020283646005690562,0.0008766285997492754,0.005558146269516846,0.002629034536530193,0.019845406565790216,0.23241840451645346,0.0006464467817591036,0.002103141440393523,0.001679314635612965,0.002051749688785144,0.05526034411524742,0.0004931989935686274,0.0011631067274117646,0.0005005330979047617,0.0031165314531540612,0.0018802130626298962,0.012282669736478373,0.12605989005280852
2026-09-18 00:30:28.105999947,2308.4084745762716,8023.991186440677,7892.212881355932,7632.253220338985,283638.31322033895,2215.351525423728,5842.491864406782,2260.427796610169,15966.576610169492,8123.360338983049,50507.84069847288,670639.2772881356,0.0031103527080729946,0.0029789703841686674,0.002983644149474507,0.0005104439841648962,0.0028553422369650885,0.00327431974038794,33232.99447240141,49198.558851389476,21833.70124753662,19469.901137998757,35794.035856209164,75869.3510827948,23224.361962016053,9377.456591711061,11927.909889085504,3613.953788039679,24023.989075658475,32355.60766685033,0.0,0.0,0.0,0.0,0.0,0.0,0.0010851738224669082,0.0025993546170469807,0.0026684217419599035,0.002540180679287297,0.09770711255129617,0.0009301410912884057,0.002033790739457945,0.000878992284531884,0.005572999989946954,0.002636123295588164,0.019897225116084983,0.23303922158112222,0.0006464467817591036,0.002103141440393523,0.0016941948486429053,0.002051749688785144,0.055396330860920634,0.0004931989935686274,0.0011631067274117646,0.0005005330979047617,0.0031165314531540612,0.0018802130626298962,0.012329137052377249,0.12648261560693877
2026-09-18 00:30:43.105999947,2346.235932203391,8025.754576271185,7892.212881355932,7618.326101694913,283545.6711864407,2208.4871186440682,5831.234237288138,2244.911186440678,15985.616949152543,8097.418983050847,50833.73824882712,670835.3430508474,0.0031103527080729946,0.0029789703841686674,0.002983644149474507,0.0005104439841648962,0.0028553422369650885,0.003392444549889495,33232.99447240141,49198.558851389476,21833.70124753662,19469.901137998757,35794.035856209164,77089.92135686266,23224.361962016053,9377.456591711061,11927.909889085504,3613.953788039679,24023.989075658475,33262.249251197354,0.0,0.0,0.0,0.0,0.0,0.0,0.0010880919764524153,0.002606344502010749,0.002675597354278744,0.002547010651207587,0.09796738605756858,0.0009326423195492755,0.0020392168783468344,0.0008813559693144927,0.005587853710377061,0.002643212054646135,0.019949043666379753,0.233660038645791,0.0006497750583529412,0.002134722756788048,0.0016941948486429053,0.0020843701614705877,0.055556551102700275,0.0004937266609411766,0.0011683040168627451,0.0005011965624705881,0.0031336334301176466,0.0018993695268800287,0.012398268167956812,0.12689403208428426
2026-09-18 00:30:58.105999947,2346.235932203391,8025.754576271185,7878.087457627117,7618.326101694913,283483.67186440673,2208.4871186440682,5831.234237288138,2244.911186440678,15985.616949152543,8097.418983050847,51056.805676501695,670662.9976271186,0.0030831692111815048,0.002896977022054706,0.0029751839479643595,0.0004945284899912617,0.0028553422369650885,0.003572899244722391,25395.80654726569,47844.41472400073,22657.880344510668,18862.835313469503,35794.035856209164,81574.26797267223,15254.101661665938,9119.350905894824,12375.722029680974,3501.271765640235,24023.989075658475,38555.884115539215,0.0,0.0,0.0,0.0,0.0,0.0,0.0010910101304379223,0.002613334386974517,0.002682772966597584,0.0025538406231278765,0.098227659563841,0.0009351435478101447,0.0020446430172357233,0.0008837196540971014,0.005602707430807169,0.002650300813704106,0.020000862216674516,0.23428085571045976,0.0006497750583529412,0.002134722756788048,0.0017087804109505995,0.0020843701614705877,0.055683264114004344,0.0004937266609411766,0.0011683040168627451,0.0005011965624705881,0.0031336334301176466,0.0018993695268800287,0.012435693204587922,0.127263488414588
2026-09-18 00:31:13.105999947,2384.5393220338983,8010.625423728813,7878.087457627117,7599.72813559322,283405.7806779661,2224.574237288135,5828.8698305084745,2252.163050847458,15978.551186440674,8093.706101694913,51229.816696618924,670894.880338983,0.0030831692111815048,0.003210211798853624,0.0031006665003672743,0.0005168235491633568,0.002962652022385366,0.0036809320158243263,25395.80654726569,52149.99104218287,24839.666312993075,18264.552017460406,30097.53322000608,89377.25592810028,15254.101661665938,14678.795213032667,15078.9558084277,3390.2199339638482,18357.856385072573,45680.2392297147,0.0,0.0,0.0,0.0,0.0,0.0,0.0010981304434744326,0.0026184365947283152,0.002686123809455317,0.002556779209846986,0.09845861964649255,0.0009349999212474314,0.002049477875885934,0.0008837130964454002,0.005615259821797399,0.0026557066353506574,0.020128815344279533,0.23502034365594124,0.0006530771657703079,0.0021658299992016804,0.0017087804109505995,0.0021158667653781507,0.0558450561360224,0.0004945409145658263,0.001174438752929972,0.0005008258292997198,0.003149493555518206,0.0019208533203361343,0.012490137625542626,0.12766680598809574
2026-09-18 00:31:28.105999947,2384.5393220338983,8010.625423728813,7862.02779661017,7599.72813559322,283377.8257627119,2224.574237288135,5828.8698305084745,2252.163050847458,15978.551186440674,8093.706101694913,51462.81823901666,670980.9966101695,0.0030831692111815048,0.003210211798853624,0.0031006665003672743,0.000518156740247928,0.002962652022385366,0.003949619351513017,25395.80654726569,52149.99104218287,24839.666312993075,18914.146957746318,30097.53322000608,98969.73389242592,15254.101661665938,14678.795213032667,15078.9558084277,3510.796103226255,18357.856385072573,51116.46225195851,0.0,0.0,0.0,0.0,0.0,0.0,0.0011010598135461171,0.0026254214441906805,0.0026932892189535248,0.0025635988012448355,0.09871881553213085,0.0009374940941864994,0.0020549024459213952,0.0008860704584525687,0.0056301074299534275,0.002662790905063919,0.02019985846139423,0.235641474729858,0.0006530771657703079,0.0021658299992016804,0.0017234229988821572,0.0021158667653781507,0.0559734999994603,0.0004945409145658263,0.001174438752929972,0.0005008258292997198,0.003149493555518206,0.0019208533203361343,0.012525654603292946,0.12805384944506398
2026-09-18 00:31:43.105999947,2426.409152542372,8007.501355932202,7862.02779661017,7581.2216949152535,283290.31525423727,2259.2715254237282,5819.366440677966,2294.5118644067793,16006.561016949154,8085.725084745762,51756.284563510875,670753.9098305085,0.0030831692111815048,0.0030979160012293296,0.0031006665003672743,0.000518156740247928,0.002962652022385366,0.004268164793081065,25395.80654726569,53591.70491526597,24839.666312993075,18914.146957746318,30097.53322000608,109615.58713051946,15254.101661665938,15084.59821080609,15078.9558084277,3510.796103226255,18357.856385072573,60970.14128452389,0.0,0.0,0.0,0.0,0.0,0.0,0.0011039891836178018,0.0026324062936530462,0.0027004546284517326,0.002570418392642685,0.09897901141776914,0.0009399882671255674,0.0020603270159568563,0.0008884278204597372,0.005644955038109456,0.00266987517477718,0.020270901578508926,0.23626260580377478,0.0006569480492829129,0.002200106034281459,0.0017234229988821572,0.0021477724158758885,0.05613562948026144,0.0004990324368963582,0.0011800430693109246,0.0005057534807899159,0.0031702481191484594,0.001940645042447252,0.01258269132518049,0.12842255833584246
2026-09-18 00:31:58.105999947,2426.409152542372,8007.501355932202,7848.622372881356,7581.2216949152535,283212.3569491525,2259.2715254237282,5819.366440677966,2294.5118644067793,16006.561016949154,8085.725084745762,51964.66665870127,670242.7922033898,0.0030831692111815048,0.0031246843327376963,0.0031006665003672743,0.000518156740247928,0.002962652022385366,0.004307652186106671,25395.80654726569,54054.77767860143,24839.666312993075,18914.146957746318,30097.53322000608,107505.91659700953,15254.101661665938,15214.940520093089,15078.9558084277,3510.796103226255,18357.856385072573,58981.033422352506,0.0,0.0,0.0,0.0,0.0,0.0,0.0011069185536894865,0.002639391143115412,0.0027076200379499405,0.0025772379840405344,0.09923920730340743,0.0009424824400646355,0.002065751585992317,0.0008907851824669056,0.005659802646265485,0.0026769594444904423,0.020341944695623622,0.2368837368776916,0.0006569480492829129,0.002200106034281459,0.0017393953825386999,0.0021477724158758885,0.056262000500378447,0.0004990324368963582,0.0011800430693109246,0.0005057534807899159,0.0031702481191484594,0.001940645042447252,0.012620828457019598,0.12871847679480836
2026-09-18 00:32:13.105999947,2468.053220338982,7994.09288135593,7848.622372881356,7565.220000000002,283131.3661016949,2277.784067796611,5810.085762711865,2312.9328813559323,15990.547118644072,8086.152203389832,52188.103051386526,670245.8918644068,0.0029727088594419765,0.003212199781004019,0.0029828966540659018,0.000518156740247928,0.002962652022385366,0.004363539789233957,24485.95388210983,55568.73160025549,25664.968668604346,18914.146957746318,30097.53322000608,107747.6282532267,14707.594700936254,15641.077114439806,15566.996650700909,3510.796103226255,18357.856385072573,58972.951269087636,0.0,0.0,0.0,0.0,0.0,0.0,0.0011147626188830967,0.002643203867694798,0.0027113672157169037,0.0025810843245938214,0.0994717356092083,0.0009480596391392434,0.002070605959831462,0.0008966402933160756,0.0056756315407568425,0.002682517055742671,0.020421518769367646,0.23743376060133647,0.0006600000623865544,0.002234307413160956,0.0017393953825386999,0.002179894193805522,0.05642111408444257,0.0005031373574453782,0.001185377644677871,0.0005105474484705882,0.0031858746213109246,0.001961463334366094,0.012676178433934347,0.1291059644797256
2026-09-18 00:32:28.105999947,2468.053220338982,7994.09288135593,7841.007457627116,7565.220000000002,283127.6928813559,2277.784067796611,5810.085762711865,2312.9328813559323,15990.547118644072,8086.152203389832,52432.33616982077,670260.1820338983,0.0033154031145190893,0.003212199781004019,0.00317602437465676,0.0005003746719813975,0.002962652022385366,0.004490826584904696,24376.81483036277,55568.73160025549,39594.61763309404,19519.61116571998,30097.53322000608,107835.73587249854,14887.669201809586,15641.077114439806,29460.447536896943,3611.2016135525664,18357.856385072573,60694.341354788245,0.0,0.0,0.0,0.0,0.0,0.0,0.0011177049655143026,0.002650180344645153,0.002718523603128251,0.0025878960683881473,0.09973185896622583,0.0009505619494229314,0.0020760290326384797,0.0008990068872877068,0.00569048172233579,0.002689597295990898,0.020498199909642034,0.23805470477924354,0.0006600000623865544,0.002234307413160956,0.001754639270271873,0.002179894193805522,0.05654830070826952,0.0005031373574453782,0.001185377644677871,0.0005105474484705882,0.0031858746213109246,0.001961463334366094,0.012712369209483255,0.1294740726792435
2026-09-18 00:32:43.105999947,2515.3810169491526,7979.366440677965,7841.007457627116,7552.696271186442,283070.7854237288,2305.1715254237297,5812.081016949153,2333.3705084745757,16010.630847457624,8084.709152542371,52669.86707164886,670663.6261016949,0.003317325643077158,0.003121450718291486,0.0032694495885979493,0.0005047136522172387,0.002955241743640563,0.004693017165811647,25593.172553053686,53998.83848879052,40759.32394102065,19688.874743198805,31523.459474383526,109986.03340258554,15632.002485265717,15199.195169131222,30327.049391687568,3642.516013153961,19227.593755315447,62805.19296707305,0.0,0.0,0.0,0.0,0.0,0.0,0.0011206473121455082,0.0026571568215955077,0.002725679990539598,0.0025947078121824735,0.09999198232324338,0.0009530642597066193,0.002081452105445497,0.000901373481259338,0.0057053319039147374,0.002696677536239125,0.020574881049916418,0.2386756489571507,0.0006638283104033612,0.0022706873329302628,0.001754639270271873,0.002213319781733746,0.056709742559140984,0.0005065035592100841,0.001190885587271709,0.0005140816777198878,0.003205553921288515,0.0019826603523032563,0.012775627890606977,0.12996162103342815
2026-09-18 00:32:58.105999947,2515.3810169491526,7979.366440677965,7863.120000000002,7552.696271186442,283137.226779661,2305.1715254237297,5812.081016949153,2333.3705084745757,16010.630847457624,8084.709152542371,52953.19791182649,671000.9613559322,0.003317325643077158,0.0030946823867831195,0.0032694495885979493,0.0005213029230766533,0.0028388780376429135,0.0046895869169015095,25593.172553053686,53535.76572545506,40759.32394102065,19041.797853565356,30282.211925617125,116545.029884408,15632.002485265717,15068.852859844224,30327.049391687568,3522.3619538241583,18470.5003393198,68728.11520019638,0.0,0.0,0.0,0.0,0.0,0.0,0.0011235896587767139,0.0026641332985458625,0.0027328363779509455,0.0026015195559768,0.10025210568026094,0.0009555665699903069,0.002086875178252515,0.0009037400752309691,0.005720182085493686,0.002703757776487351,0.020651562190190802,0.23929659313505783,0.0006638283104033612,0.0022706873329302628,0.0017705811370692657,0.002213319781733746,0.05683469253945845,0.0005065035592100841,0.001190885587271709,0.0005140816777198878,0.003205553921288515,0.0019826603523032563,0.012812855385127291,0.13027492037382152
2026-09-18 00:33:13.105999947,2555.4325423728815,7974.948813559321,7863.120000000002,7551.2196610169485,283110.15050847456,2307.584745762712,5813.3715254237295,2338.413559322034,16016.030847457625,8092.101355932203,53235.08434156153,671379.2389830508,0.003317325643077158,0.003439683567924631,0.0032694495885979493,0.0005213029230766533,0.003164701330963909,0.004863798797636853,25593.172553053686,52162.81783020887,40759.32394102065,19041.797853565356,45732.73730395431,116901.92241540605,15632.002485265717,14891.857875666425,30327.049391687568,3522.3619538241583,33824.63970758743,68796.63276290221,0.0,0.0,0.0,0.0,0.0,0.0,0.0011318662383788306,0.0026679205973642105,0.0027383723869849126,0.0026054617869064544,0.10048620910779005,0.0009594570583802341,0.002090983663204283,0.0009072686816936842,0.005735915314143867,0.0027099074041823388,0.020707311719228915,0.23987481950319542,0.0006674892887731092,0.0023084149562406014,0.0017705811370692657,0.002246607392658823,0.05699548394129785,0.0005063016303865546,0.0011966058797478992,0.000513771993277311,0.0032217213323697475,0.0020047255896786945,0.012875965704833158,0.1307353910094767
2026-09-18 00:33:28.105999947,2555.4325423728815,7974.948813559321,7847.234237288135,7551.2196610169485,283103.0847457627,2307.584745762712,5813.3715254237295,2338.413559322034,16016.030847457625,8092.101355932203,53453.48358503853,671112.5705084746,0.0034464063920942242,0.0034527272320882393,0.0032694495885979493,0.0005213029230766533,0.003164701330963909,0.004869200268906009,24677.272422310307,54745.45676990694,40759.32394102065,19041.797853565356,45732.73730395431,109899.96928454061,15091.332142971913,15624.00594784344,30327.049391687568,3522.3619538241583,33824.63970758743,67095.02460371943,0.0,0.0,0.0,0.0,0.0,0.0,0.0011348225217121634,0.002674888744732631,0.0027455245422480703,0.0026122660360292614,0.10074626501230394,0.0009619629943451461,0.0020964033203223387,0.0009096383106410524,0.005750767788970254,0.002716985213831461,0.020781269078783714,0.24049565254204444,0.0006674892887731092,0.0023084149562406014,0.00178657139897559,0.002246607392658823,0.057125184088153744,0.0005063016303865546,0.0011966058797478992,0.000513771993277311,0.0032217213323697475,0.0020047255896786945,0.012913695796086559,0.13109599082425882
2026-09-18 00:33:43.105999947,2594.1813559322045,7966.562033898307,7847.234237288135,7543.330169491527,283041.27762711863,2314.711525423729,5811.8186440677955,2355.608135593221,16032.651864406775,8077.798983050847,53784.35859045209,671345.606440678,0.0034464063920942242,0.0034527272320882393,0.0032694495885979493,0.0005213029230766533,0.003164701330963909,0.00504261440863174,24677.272422310307,54745.45676990694,40759.32394102065,19041.797853565356,45732.73730395431,124617.57126167243,15091.332142971913,15624.00594784344,30327.049391687568,3522.3619538241583,33824.63970758743,82027.65534680197,0.0,0.0,0.0,0.0,0.0,0.0,0.001137778805045497,0.0026818568921010526,0.0027526766975112284,0.002619070285152068,0.10100632091681781,0.0009644689303100585,0.0021018229774403935,0.0009120079395884209,0.005765620263796643,0.0027240630234805848,0.020855226438338516,0.2411164754245502,0.0006712363324369746,0.002348163248739496,0.00178657139897559,0.0022822182223756525,0.0572894500021027,0.0005085336394957983,0.0012028613355294115,0.0005166385692436975,0.0032400467619327724,0.0020263459963398693,0.012981079770715196,0.13158187889224499
2026-09-18 00:33:58.105999947,2594.1813559322045,7966.562033898307,7819.001694915255,7543.330169491527,283016.27898305084,2314.711525423729,5811.8186440677955,2355.608135593221,16032.651864406775,8077.798983050847,53968.16338660318,670516.7186440678,0.003446092893074624,0.0034527272320882393,0.003415655834846922,0.0005213029230766533,0.0031740363910847348,0.005134414843753526,25845.45557698854,54745.45676990694,39515.12302883599,19041.797853565356,48338.38761689385,131341.37692312044,15792.427852793222,15624.00594784344,29561.28164409991,3522.3619538241583,35729.780485388685,88347.16279955872,0.0,0.0,0.0,0.0,0.0,0.0,0.0011407350883788302,0.0026888250394694734,0.002759828852774386,0.0026258745342748755,0.10126637682133172,0.0009669748662749707,0.0021072426345584492,0.0009143775685357894,0.005780472738623033,0.002731140833129707,0.020929183797893314,0.24173730602350854,0.0006712363324369746,0.002348163248739496,0.0018028529852765058,0.0022822182223756525,0.057417531832175524,0.0005085336394957983,0.0012028613355294115,0.0005166385692436975,0.0032400467619327724,0.0020263459963398693,0.013021129722080737,0.13189691954467103
2026-09-18 00:34:13.105999947,2629.8152542372886,7956.399661016947,7819.001694915255,7528.152203389832,282946.53661016945,2327.250508474575,5814.161694915255,2368.0250847457623,16025.915593220338,8063.368474576272,54160.35229773074,670636.2477966101,0.003446092893074624,0.0034527272320882393,0.003421952788794195,0.0005213029230766533,0.0031740363910847348,0.005124762276245703,25845.45557698854,54745.45676990694,41330.97066351645,19041.797853565356,48338.38761689385,126748.26816100952,15792.427852793222,15624.00594784344,30907.021442166162,3522.3619538241583,35729.780485388685,88316.86759035042,0.0,0.0,0.0,0.0,0.0,0.0,0.001148328892639236,0.0026946087996281252,0.0027646356319846067,0.0026301187709004215,0.10151142335167743,0.0009685427571626157,0.002112316839082589,0.0009177511390631945,0.005791378854897022,0.002737366407030903,0.02098656100883116,0.2422899917013468,0.0006743351967058824,0.002387852071151487,0.0018028529852765058,0.002319881334416945,0.05758122822346592,0.0005127735375686273,0.0012096549019383752,0.0005209187880784313,0.0032545036401568626,0.002047263821387182,0.013083956092636295,0.1323674060866685
2026-09-18 00:34:28.105999947,2629.8152542372886,7956.399661016947,7796.14779661017,7528.152203389832,282975.53796610166,2327.250508474575,5814.161694915255,2368.0250847457623,16025.915593220338,8063.368474576272,54362.444595000234,670857.6020338984,0.003446092893074624,0.0034527272320882393,0.003421952788794195,0.000524506465096124,0.003252177432064754,0.005241923611677065,25845.45557698854,54745.45676990694,41330.97066351645,16090.349232922832,46112.48694579901,126662.01723061851,15792.427852793222,15624.00594784344,30907.021442166162,3718.9839039848316,34142.772114783445,88204.50255942404,0.0,0.0,0.0,0.0,0.0,0.0,0.0011512971660767363,0.002701573885565625,0.002771781724866551,0.002636916402844865,0.10177144074686645,0.0009710462684473379,0.0021177356079829326,0.0009201233630215278,0.005806221180498396,0.0027444420138017355,0.021060375067817598,0.24291064741119703,0.0006743351967058824,0.002387852071151487,0.0018199212273605342,0.002319881334416945,0.057717404910671025,0.0005127735375686273,0.0012096549019383752,0.0005209187880784313,0.0032545036401568626,0.002047263821387182,0.01312471652691523,0.13277458282391832
2026-09-18 00:34:43.105999947,2666.8433898305084,7944.290847457628,7796.14779661017,7519.47559322034,282910.0301694915,2338.98406779661,5820.937627118644,2372.2169491525424,16045.52644067796,8054.527118644067,54546.096724790834,670706.64,0.003446092893074624,0.003437232256189708,0.003421952788794195,0.0005181145314858737,0.003252177432064754,0.0053421262424035495,25845.45557698854,62665.05784750074,41330.97066351645,15167.866942011418,46112.48694579901,131784.57984646293,15792.427852793222,24986.671250494826,30907.021442166162,3505.7693402766076,34142.772114783445,93510.70326674046,0.0,0.0,0.0,0.0,0.0,0.0,0.001154265439514236,0.002708538971503125,0.0027789278177484953,0.0026437140347893096,0.10203145814205544,0.0009735497797320602,0.0021231543768832763,0.0009224955869798612,0.005821063506099771,0.0027515176205725692,0.02113418912680404,0.2435313031210472,0.0006781089390812324,0.00242715282354783,0.0018199212273605342,0.002357428946190476,0.05788034259860316,0.0005159244389579831,0.0012170192405042014,0.0005238548235014007,0.003273699656991596,0.002068945966174259,0.013185858589614706,0.13321181222545553
2026-09-18 00:34:58.105999947,2666.8433898305084,7944.290847457628,7771.954576271188,7519.47559322034,282868.0077966102,2338.98406779661,5820.937627118644,2372.2169491525424,16045.52644067796,8054.527118644067,54739.68656435128,670359.1942372881,0.003446092893074624,0.003437279349463378,0.003421952788794195,0.0005181145314858737,0.003252177432064754,0.005347311481998585,25845.45557698854,65846.1306721898,41330.97066351645,15167.866942011418,46112.48694579901,139359.06708672066,15792.427852793222,26250.72491056298,30907.021442166162,3505.7693402766076,34142.772114783445,100096.37279442545,0.0,0.0,0.0,0.0,0.0,0.0,0.0011572337129517362,0.0027155040574406257,0.00278607391063044,0.0026505116667337545,0.10229147553724444,0.0009760532910167825,0.0021285731457836195,0.0009248678109381944,0.005835905831701145,0.002758593227343403,0.021208003185790483,0.24415195883089735,0.0006781089390812324,0.00242715282354783,0.0018373421479887955,0.002357428946190476,0.05800974548007468,0.0005159244389579831,0.0012170192405042014,0.0005238548235014007,0.003273699656991596,0.002068945966174259,0.013226028946166328,0.13358515598817822
2026-09-18 00:35:13.105999947,2704.454237288136,7943.805762711864,7771.954576271188,7502.448813559324,282805.7979661017,2369.7396610169476,5830.462372881357,2407.1064406779656,16047.536949152543,8051.082711864407,55041.23916999052,670509.8206779661,0.003328986696294891,0.003437279349463378,0.003421952788794195,0.0005181145314858737,0.003252177432064754,0.005428416944218424,24967.16729499152,65846.1306721898,41330.97066351645,15167.866942011418,46112.48694579901,142015.59322773182,15255.764674770504,26250.72491056298,30907.021442166162,3505.7693402766076,34142.772114783445,102469.07344578189,0.0,0.0,0.0,0.0,0.0,0.0,0.001164310247167354,0.002720832097274341,0.0027907659227298966,0.0026560975285411332,0.10254123900651531,0.0009794446177827034,0.0021346001532912703,0.0009278173837759451,0.005845699308898639,0.002763077018472394,0.02126015163648204,0.24479250762901839,0.0006815288284033611,0.002469327487058823,0.0018373421479887955,0.0023969388229376255,0.058174640928888875,0.0005187090923697477,0.0012244360109635855,0.0005264640724033611,0.003290018573747898,0.002092427057967914,0.01329495718013092,0.134067889203174
2026-09-18 00:35:28.105999947,2704.454237288136,7943.805762711864,7761.07220338983,7502.448813559324,282777.51050847454,2369.7396610169476,5830.462372881357,2407.1064406779656,16047.536949152543,8051.082711864407,55241.02030141456,671168.5077966101,0.0037499686398364362,0.003437279349463378,0.00332429379724778,0.0005181145314858737,0.003252177432064754,0.005543861697443183,41661.41574432616,65846.1306721898,42255.12380322285,15167.866942011418,46112.48694579901,146498.9317068194,31226.854147689373,26250.72491056298,31594.38239057054,3505.7693402766076,34142.772114783445,106802.44057886818,0.0,0.0,0.0,0.0,0.0,0.0,0.001167289033249828,0.002727792995040664,0.002797905737162886,0.002662892060328074,0.10280123042233164,0.0009819504004287512,0.002140020470468141,0.000930191084806873,0.005860528783388435,0.0027701459944174107,0.021333683566293036,0.24541321422009632,0.0006815288284033611,0.002469327487058823,0.0018545622588235292,0.0023969388229376255,0.058307915617124166,0.0005187090923697477,0.0012244360109635855,0.0005264640724033611,0.003290018573747898,0.002092427057967914,0.013335707571180098,0.1345428978039971
2026-09-18 00:35:43.105999947,2747.632881355932,7941.273559322033,7761.07220338983,7485.714915254239,282706.81322033895,2383.4166101694927,5835.780000000001,2420.688813559323,16092.869491525422,8043.721016949154,55558.869340767116,671536.2447457627,0.0037499686398364362,0.003437279349463378,0.0036798410434831087,0.0005181145314858737,0.0032635349979088304,0.005611674869403743,41661.41574432616,65846.1306721898,41004.4268135768,15167.866942011418,49135.47137197436,149523.9845666872,31226.854147689373,26250.72491056298,30675.430487878522,3505.7693402766076,36491.02032419622,109443.10068548043,0.0,0.0,0.0,0.0,0.0,0.0,0.0011702678193323023,0.002734753892806987,0.0028050455515958757,0.002669686592115016,0.10306122183814798,0.0009844561830747996,0.0021454407876450115,0.0009325647858378007,0.00587535825787823,0.0027772149703624276,0.021407215496104033,0.24603392081117434,0.0006858069719047619,0.0025121963297384305,0.0018545622588235292,0.002435414696758703,0.05847101319098412,0.0005214758589131653,0.0012315573389355741,0.0005292684280056024,0.003313319988347339,0.0021166183897055615,0.013403087502760713,0.1350278654153775
2026-09-18 00:35:58.105999947,2747.632881355932,7941.273559322033,7758.7993220338985,7485.714915254239,282659.9125423729,2383.4166101694927,5835.780000000001,2420.688813559323,16092.869491525422,8043.721016949154,55767.008198057665,671041.3515254237,0.0037499686398364362,0.003417482257439217,0.0036798410434831087,0.0004959391815554426,0.0033469663162259853,0.005582245652622311,41661.41574432616,63242.984073233056,41004.4268135768,18617.993885389864,63804.26843347832,150758.26978739692,31226.854147689373,25212.934465270468,30675.430487878522,3443.101694058916,51284.686323388734,110425.71715521025,0.0,0.0,0.0,0.0,0.0,0.0,0.0011732466054147767,0.00274171479057331,0.0028121853660288657,0.002676481123901958,0.10332121325396429,0.0009869619657208474,0.0021508611048218825,0.0009349384868687287,0.0058901877323680255,0.002784283946307445,0.021480747425915027,0.24665462740225227,0.0006858069719047619,0.0025121963297384305,0.0018710763687786768,0.002435414696758703,0.058602354451052587,0.0005214758589131653,0.0012315573389355741,0.0005292684280056024,0.003313319988347339,0.0021166183897055615,0.01344502354921584,0.13538783120374287
2026-09-18 00:36:13.105999947,2788.794915254237,7918.624067796608,7758.7993220338985,7482.130169491525,282566.9288135593,2380.9484745762707,5842.180677966102,2418.6172881355924,16108.80406779661,8051.247457627121,56010.80377123912,671253.1749152542,0.0037499686398364362,0.003417482257439217,0.0036798410434831087,0.0005152146809354536,0.0033469663162259853,0.005802917263711607,41661.41574432616,63242.984073233056,41004.4268135768,19341.613117226585,63804.26843347832,166713.6468511904,31226.854147689373,25212.934465270468,30675.430487878522,3576.9235557658203,51284.686323388734,119201.36236347897,0.0,0.0,0.0,0.0,0.0,0.0,0.0011807866323038547,0.0027490112057023813,0.0028164043326325394,0.002680454329388384,0.10356781922603187,0.0009920594793658732,0.0021576481816704823,0.0009408863954309525,0.005906741908627274,0.00278998875729127,0.021541672406161713,0.2473440414418392,0.0006897992616246496,0.002555753037118847,0.0018710763687786768,0.002478690114163927,0.05876719313674322,0.0005228784100840336,0.0012385267838991596,0.0005312529904761904,0.003332474189355742,0.0021426103495281188,0.01351833603438668,0.13587715356086294
2026-09-18 00:36:28.105999947,2788.794915254237,7918.624067796608,7747.550847457627,7482.130169491525,282509.2525423729,2380.9484745762707,5842.180677966102,2418.6172881355924,16108.80406779661,8051.247457627121,56221.99920021065,671588.0023728813,0.0037499686398364362,0.0034261504527831445,0.0036798410434831087,0.0005152146809354536,0.0033469663162259853,0.005954734401204609,41661.41574432616,66581.63171096215,41004.4268135768,19341.613117226585,63804.26843347832,161157.0761715214,31226.854147689373,26498.464712816414,30675.430487878522,3576.9235557658203,51284.686323388734,114352.99461001041,0.0,0.0,0.0,0.0,0.0,0.0,0.001183776972439909,0.00275597295315136,0.0028235367501495464,0.0026872417162931454,0.10382777701054365,0.0009945718254543083,0.0021630719426132435,0.0009432691479819728,0.005921575724283838,0.002797054278549773,0.02161516429232515,0.2479649208925968,0.0006897992616246496,0.002555753037118847,0.0018860126715468406,0.002478690114163927,0.05889854493748272,0.0005228784100840336,0.0012385267838991596,0.0005312529904761904,0.003332474189355742,0.0021426103495281188,0.01355911734194473,0.1363213054318327
2026-09-18 00:36:43.105999947,2833.2579661016944,7911.594915254238,7747.550847457627,7481.050169491526,282445.1786440678,2393.395932203389,5840.868813559322,2425.2894915254237,16161.547118644068,8045.499661016948,56484.08311261505,671567.2230508475,0.003936442810552546,0.0034261504527831445,0.0036798410434831087,0.0005152146809354536,0.0033469663162259853,0.00600815333381678,54594.79530620188,66581.63171096215,41004.4268135768,19341.613117226585,63804.26843347832,165906.8946940572,44188.915084843575,26498.464712816414,30675.430487878522,3576.9235557658203,51284.686323388734,118034.56178903107,0.0,0.0,0.0,0.0,0.0,0.0,0.0011867673125759634,0.0027629347006003398,0.002830669167666553,0.002694029103197908,0.10408773479505545,0.0009970841715427438,0.002168495703556004,0.0009456519005329933,0.005936409539940405,0.0028041197998082763,0.02168865617848859,0.24858580034335437,0.0006939920390084033,0.0025994348603872847,0.0018860126715468406,0.0025228070252595156,0.05906338618453033,0.0005265214762184872,0.0012453278430700277,0.0005341868189747899,0.003356548558605041,0.0021682957468985727,0.013635459763929934,0.13678024292660465
2026-09-18 00:36:58.105999947,2833.2579661016944,7911.594915254238,7732.601694915253,7481.050169491526,282379.1369491525,2393.395932203389,5840.868813559322,2425.2894915254237,16161.547118644068,8045.499661016948,56734.85547576782,670916.4162711864,0.0039678576845445755,0.0034261504527831445,0.0036981568720210836,0.0005152146809354536,0.0033469663162259853,0.006060494717889036,56908.93350911786,66581.63171096215,42469.520647090016,19341.613117226585,63804.26843347832,167970.3044359561,46053.776061415694,26498.464712816414,31762.77378633005,3576.9235557658203,51284.686323388734,119811.4168517789,0.0,0.0,0.0,0.0,0.0,0.0,0.0011897576527120182,0.00276989644804932,0.00283780158518356,0.0027008164901026702,0.10434769257956722,0.0009995965176311792,0.0021739194644987657,0.0009480346530840139,0.00595124335559697,0.00281118532106678,0.021762148064652032,0.2492066797941119,0.0006939920390084033,0.0025994348603872847,0.0019028289816503988,0.0025228070252595156,0.059191270154532204,0.0005265214762184872,0.0012453278430700277,0.0005341868189747899,0.003356548558605041,0.0021682957468985727,0.013679881311188904,0.13712644800303395
2026-09-18 00:37:13.105999947,2872.891525423729,7878.456610169494,7732.601694915253,7474.634237288137,282306.8684745763,2423.9806779661026,5838.068135593218,2460.72813559322,16175.315593220335,8057.5901694915265,57006.33379901273,670434.867457627,0.0039678576845445755,0.0034261504527831445,0.003838005621760396,0.0005152146809354536,0.00343192918706436,0.006113476813618232,56908.93350911786,66581.63171096215,40929.368110693096,19341.613117226585,61418.52418843823,167130.18424991757,46053.776061415694,26498.464712816414,30735.16924020275,3576.9235557658203,49497.72611297097,118766.73129972516,0.0,0.0,0.0,0.0,0.0,0.0,0.0011980099226883277,0.0027757629817712678,0.0028416755231953986,0.0027077537424451178,0.1045913529903301,0.0010012076531536473,0.002180138303536556,0.000949448414216835,0.005971763714831332,0.0028188933865778893,0.021831158479239374,0.24984744016796273,0.0006974168732997199,0.002643367512525952,0.0019028289816503988,0.002568919900057694,0.05935687344315779,0.0005320357954285714,0.0012515053842745095,0.0005394135721344536,0.003373109774095237,0.002196184073844537,0.013753919472398296,0.1375753522882829
2026-09-18 00:37:28.105999947,2872.891525423729,7878.456610169494,7717.92406779661,7474.634237288137,282321.0274576271,2423.9806779661026,5838.068135593218,2460.72813559322,16175.315593220335,8057.5901694915265,57264.189176428205,670603.9179661017,0.0039678576845445755,0.003408328592430703,0.003838005621760396,0.0005152146809354536,0.0034694401616403685,0.006238219466403657,56908.93350911786,72182.33004568165,40929.368110693096,19341.613117226585,53464.31841742802,168255.51797608717,46053.776061415694,33837.05339289034,30735.16924020275,3576.9235557658203,51845.20820301372,119787.10057271454,0.0,0.0,0.0,0.0,0.0,0.0,0.0012010134588836137,0.002782721983454769,0.002848799771511897,0.00271454150507138,0.10485127024616343,0.001003717739853984,0.0021855640477032225,0.0009518287374491584,0.005986611709831332,0.002825960518732772,0.021904738667130184,0.250468368843311,0.0006974168732997199,0.002643367512525952,0.0019193770781848736,0.002568919900057694,0.05948878805329909,0.0005320357954285714,0.0012515053842745095,0.0005394135721344536,0.003373109774095237,0.002196184073844537,0.013796685320897516,0.1379830150049754
2026-09-18 00:37:43.105999947,2910.9264406779666,7850.483389830505,7717.92406779661,7467.4647457627125,282217.2406779661,2435.86372881356,5831.536271186442,2472.6081355932197,16211.404067796608,8047.812203389828,57510.23429752315,670696.2244067795,0.0039678576845445755,0.003408328592430703,0.003838005621760396,0.0005227030273137395,0.0034694401616403685,0.00638448091383977,56908.93350911786,72182.33004568165,40929.368110693096,18327.491878233326,53464.31841742802,176087.42428412643,46053.776061415694,33837.05339289034,30735.16924020275,3389.3779707015306,51845.20820301372,120235.65824167289,0.0,0.0,0.0,0.0,0.0,0.0,0.0012040169950789,0.0027896809851382714,0.002855924019828395,0.0027213292676976433,0.10511118750199677,0.0010062278265543208,0.002190989791869889,0.0009542090606814816,0.006001459704831333,0.0028330276508876542,0.021978318855021,0.2510892975186592,0.000701022951254902,0.002689698116864417,0.0019193770781848736,0.002616681244410491,0.05965116723223155,0.0005360741594509804,0.0012563938628571427,0.0005434932874509803,0.0033934084746666668,0.0022219311678369612,0.013867414357448444,0.13845770524167236
2026-09-18 00:37:58.105999947,2910.9264406779666,7850.483389830505,7693.727796610169,7467.4647457627125,282184.2427118644,2435.86372881356,5831.536271186442,2472.6081355932197,16211.404067796608,8047.812203389828,57739.2155267532,670655.6054237287,0.0039678576845445755,0.003438960265297537,0.003781427275681396,0.0005264573742956908,0.0034694401616403685,0.006487576174426612,56908.93350911786,76033.54312123336,42050.554202244384,19200.158193393774,53464.31841742802,182313.66477343856,46053.776061415694,35643.53343186858,31575.301426039994,3550.7637186276247,51845.20820301372,126347.80830100445,0.0,0.0,0.0,0.0,0.0,0.0,0.0012070205312741862,0.002796639986821773,0.002863048268144893,0.0027281170303239052,0.10537110475783013,0.0010087379132546574,0.0021964155360365556,0.0009565893839138047,0.006016307699831333,0.0028400947830425362,0.02205189904291181,0.2517102261940075,0.000701022951254902,0.002689698116864417,0.001936617355742297,0.002616681244410491,0.05978018471544226,0.0005360741594509804,0.0012563938628571427,0.0005434932874509803,0.0033934084746666668,0.0022219311678369612,0.013910136261079212,0.13883191675444673
2026-09-18 00:38:13.105999947,2947.6464406779655,7827.937627118647,7693.727796610169,7444.59559322034,282074.7081355932,2440.6505084745772,5826.151525423731,2469.7769491525432,16223.702033898298,8037.81762711864,57956.53657028162,670476.3132203389,0.004029444468743473,0.003438960265297537,0.003896993371873001,0.0005264573742956908,0.0034694401616403685,0.0065923526732198905,60096.62580938868,76033.54312123336,43335.682286843396,19200.158193393774,53464.31841742802,191603.06486588708,48633.428469167295,35643.53343186858,32540.290054896577,3550.7637186276247,51845.20820301372,135073.50056805112,0.0,0.0,0.0,0.0,0.0,0.0,0.0012145801968171113,0.002799385929656555,0.002867029436667555,0.0027341701689751613,0.10561496123349241,0.0010141500201826666,0.002202056459432123,0.000962923953533111,0.00603265088990902,0.002847942957822777,0.022115991273831737,0.25233808833185745,0.0007047621771428571,0.002738497318135982,0.001936617355742297,0.0026647031911260495,0.059945967786313725,0.0005386968068571427,0.0012612408997759103,0.0005457465794285714,0.0034113812925714274,0.0022511311576470586,0.013986029155114158,0.13930347951851874
2026-09-18 00:38:28.105999947,2947.6464406779655,7827.937627118647,7673.540338983052,7444.59559322034,282095.0847457627,2440.6505084745772,5826.151525423731,2469.7769491525432,16223.702033898298,8037.81762711864,58184.991079901665,671129.0969491525,0.004223605815027461,0.003438960265297537,0.003896993371873001,0.0005264573742956908,0.0034694401616403685,0.006604962352495606,56998.48920467542,76033.54312123336,43335.682286843396,19200.158193393774,53464.31841742802,189189.3503376976,46234.92780436677,35643.53343186858,32540.290054896577,3550.7637186276247,51845.20820301372,132457.3557000644,0.0,0.0,0.0,0.0,0.0,0.0,0.0012175950451504443,0.0028063344738232213,0.002874145883334222,0.002740956108141828,0.10587483894141321,0.0010166673101826664,0.002207482735009681,0.0009653140918664442,0.006047502573902419,0.0028550120286561106,0.022189534588316455,0.2529590340346942,0.0007047621771428571,0.002738497318135982,0.00195546253034358,0.0026647031911260495,0.06008077948621599,0.0005386968068571427,0.0012612408997759103,0.0005457465794285714,0.0034113812925714274,0.0022511311576470586,0.014030531174572387,0.13973166000127615
2026-09-18 00:38:43.105999947,2974.414576271186,7804.885423728812,7673.540338983052,7438.3261016949145,281979.82983050845,2458.5803389830508,5820.293898305083,2492.810847457627,16206.27254237288,8023.426779661016,58400.72219636541,671021.8505084745,0.004223605815027461,0.003438960265297537,0.004057565338971882,0.0005264573742956908,0.0035514997083129947,0.006689007315523162,56998.48920467542,76033.54312123336,57027.56356259992,19200.158193393774,67298.50984646783,194396.0307760912,46234.92780436677,35643.53343186858,46374.06267727906,3550.7637186276247,65168.38886220772,137386.93318356667,0.0,0.0,0.0,0.0,0.0,0.0,0.001220609893483778,0.002813283017989889,0.002881262330000889,0.002747742047308495,0.106134716649334,0.0010191846001826666,0.0022129090105872384,0.0009677042301997779,0.006062354257895818,0.0028620810994894443,0.02226307790280118,0.25357997973753105,0.0007075132383753501,0.0027875142984615385,0.00195546253034358,0.0027125124013655457,0.060241853087058816,0.0005406260218207282,0.0012665059237310919,0.00054779388070028,0.00342734289210084,0.0022787980290957977,0.014097555574361638,0.1402183780749865
2026-09-18 00:38:58.105999947,2974.414576271186,7804.885423728812,7640.865762711862,7438.3261016949145,281936.81288135593,2458.5803389830508,5820.293898305083,2492.810847457627,16206.27254237288,8023.426779661016,58597.45536615791,670793.9064406778,0.004223605815027461,0.003427751341757174,0.004057565338971882,0.0005264573742956908,0.0035948653532260726,0.006792920297301713,56998.48920467542,73829.43498288468,57027.56356259992,19200.158193393774,71356.83281648572,195080.351146948,46234.92780436677,35471.086506360145,46374.06267727906,3550.7637186276247,69098.25848401536,138383.78225949596,0.0,0.0,0.0,0.0,0.0,0.0,0.001223624741817111,0.002820231562156555,0.002888378776667556,0.0027545279864751616,0.10639459435725479,0.0010217018901826666,0.0022183352861647964,0.000970094368533111,0.006077205941889218,0.0028691501703227776,0.0223366212172859,0.2542009254403679,0.0007075132383753501,0.0027875142984615385,0.0019737517754621846,0.0027125124013655457,0.06037058806809586,0.0005406260218207282,0.0012665059237310919,0.00054779388070028,0.00342734289210084,0.0022787980290957977,0.014138143345951211,0.14057125468444912
2026-09-18 00:39:13.105999947,3010.0423728813557,7773.7027118644055,7640.865762711862,7422.977288135594,281816.5606779661,2471.8637288135596,5815.738983050847,2506.017966101695,16173.82983050847,8010.93966101695,58795.45591363629,670804.0352542372,0.004223605815027461,0.003427751341757174,0.004057565338971882,0.0004933436905453335,0.0035948653532260726,0.006881251407534957,56998.48920467542,73829.43498288468,57027.56356259992,18729.434488520525,71356.83281648572,195204.13896667812,46234.92780436677,35471.086506360145,46374.06267727906,3463.276048404561,69098.25848401536,139278.66494832962,0.0,0.0,0.0,0.0,0.0,0.0,0.0012301177586446646,0.0028239152031056106,0.002892661421636524,0.0027593939415355238,0.10663951883985456,0.0010258126078334432,0.0022236996146544658,0.0009743155528059409,0.006088139161610457,0.002878315765492519,0.02239771258207721,0.2548331966339676,0.0007103155693781511,0.002838839163140756,0.0019737517754621846,0.0027622935927117515,0.06053533523794583,0.0005437926396190475,0.0012722483742352937,0.0005505734971876751,0.003439849158341736,0.0023070669998373544,0.01420681547526635,0.14105251590819326
2026-09-18 00:39:28.105999947,3010.0423728813557,7773.7027118644055,7618.298644067799,7422.977288135594,281829.89898305084,2471.8637288135596,5815.738983050847,2506.017966101695,16173.82983050847,8010.93966101695,59027.6219769901,671501.0349152542,0.004223605815027461,0.003455594412953193,0.004057565338971882,0.0004976288388639096,0.0035948653532260726,0.00701166592080551,56998.48920467542,66772.92625434953,57027.56356259992,18892.117028592435,71356.83281648572,192978.08932318585,46234.92780436677,36802.334717701204,46374.06267727906,3493.357818618712,69098.25848401536,137894.7587795084,0.0,0.0,0.0,0.0,0.0,0.0,0.0012331411579845986,0.002830855722907591,0.0028997709034847084,0.0027661751618325535,0.10689936010210949,0.0010283338141040702,0.0022291257388374727,0.000976710191419802,0.006102981259649672,0.0028853899890898794,0.022471219904989834,0.2554541697554865,0.0007103155693781511,0.002838839163140756,0.001993905921999569,0.0027622935927117515,0.06067071638387737,0.0005437926396190475,0.0012722483742352937,0.0005505734971876751,0.003439849158341736,0.0023070669998373544,0.01425106903309293,0.14150335354756383
2026-09-18 00:39:43.105999947,3046.2986440677964,7752.654915254237,7618.298644067799,7410.639661016946,281703.77999999997,2465.063389830509,5812.505084745762,2491.7430508474567,16150.25898305085,8008.834576271184,59223.59251090626,671749.3891525423,0.0042827551140141576,0.003455594412953193,0.0041105226421903835,0.0005142177982291403,0.0035948653532260726,0.007131418735888339,59229.581401506155,66772.92625434953,59269.375304474604,19521.904808629457,71356.83281648572,197659.7815748595,48044.70185425323,36802.334717701204,48197.07442341891,3609.812425698116,69098.25848401536,141177.24805691384,0.0,0.0,0.0,0.0,0.0,0.0,0.0012361645573245325,0.002837796242709571,0.002906880385332893,0.002772956382129583,0.1071592013643644,0.0010308550203746974,0.002234551863020479,0.0009791048300336635,0.006117823357688888,0.0028924642126872385,0.022544727227902458,0.2560751428770054,0.0007133003061680672,0.0028902862159903954,0.001993905921999569,0.0028130228844673345,0.06083308009284781,0.0005471284898319329,0.0012789834714173665,0.0005531480567899159,0.0034553669742352936,0.002335619317532281,0.014317104943898366,0.14196533330843797
2026-09-18 00:39:58.105999947,3046.2986440677964,7752.654915254237,7606.885423728813,7410.639661016946,281679.87355932203,2465.063389830509,5812.505084745762,2491.7430508474567,16150.25898305085,8008.834576271184,59491.28476625459,671586.2664406779,0.0042827551140141576,0.003455594412953193,0.004234402792208309,0.0005142177982291403,0.0036727664699519893,0.007144534303667788,59229.581401506155,66772.92625434953,72235.65801138233,19521.904808629457,69320.46531745748,197525.36847469912,48044.70185425323,36802.334717701204,61200.1078828447,3609.812425698116,67311.34516804299,140750.39425472118,0.0,0.0,0.0,0.0,0.0,0.0,0.0012391879566644665,0.002844736762511551,0.0029139898671810783,0.002779737602426613,0.10741904262661928,0.0010333762266453246,0.0022399779872034854,0.0009814994686475247,0.0061326654557281035,0.0028995384362845984,0.02261823455081508,0.2566961159985243,0.0007133003061680672,0.0028902862159903954,0.0020145550232409863,0.0028130228844673345,0.060964718253650775,0.0005471284898319329,0.0012789834714173665,0.0005531480567899159,0.0034553669742352936,0.002335619317532281,0.014363314205006878,0.14232985459729128
2026-09-18 00:40:13.105999947,3081.322372881356,7731.604067796611,7606.885423728813,7403.506779661018,281550.1911864407,2472.2328813559325,5807.0806779661025,2493.1952542372887,16103.678644067795,8003.028813559322,59701.61831429803,671643.1433898304,0.004432499240855291,0.003455594412953193,0.004234402792208309,0.0005142177982291403,0.0036727664699519893,0.007269058429677132,56033.108944942396,66772.92625434953,72235.65801138233,19521.904808629457,69320.46531745748,197019.12219624285,45463.28525985495,36802.334717701204,61200.1078828447,3609.812425698116,67311.34516804299,140306.25218916053,0.0,0.0,0.0,0.0,0.0,0.0,0.00124591639637244,0.002847950806049564,0.0029194216877368195,0.002783777098700911,0.10766222319804336,0.0010345427999251635,0.002245342792752751,0.000982215143127233,0.006141498115902266,0.002908479824818736,0.022679116300327186,0.2573794583779966,0.0007166828854677869,0.0029441556915370017,0.0020145550232409863,0.002864812547733847,0.0611255931127451,0.0005494659255574229,0.001285070466890756,0.0005553585911932774,0.003470586814117647,0.0023625974339165174,0.014428086632473847,0.14278331123062737
2026-09-18 00:40:28.105999947,3081.322372881356,7731.604067796611,7578.006101694917,7403.506779661018,281506.79898305086,2472.2328813559325,5807.0806779661025,2493.1952542372887,16103.678644067795,8003.028813559322,59924.946824684695,672146.64,0.004432499240855291,0.0033645740477378483,0.004234402792208309,0.0005142177982291403,0.0036727664699519893,0.007422722327263164,56033.108944942396,57776.830580751695,72235.65801138233,19521.904808629457,69320.46531745748,196162.2055196064,45463.28525985495,27993.090695864637,61200.1078828447,3609.812425698116,67311.34516804299,139658.41272386696,0.0,0.0,0.0,0.0,0.0,0.0,0.001248948817124074,0.002854882256212963,0.002926527086429629,0.002790551646086532,0.10792202421260647,0.001037060709238889,0.0022507687684809067,0.0009846056954148149,0.0061563256547372165,0.0029155585927925923,0.022752636339860195,0.2580005817122199,0.0007166828854677869,0.0029441556915370017,0.002032429763265306,0.002864812547733847,0.061256444873711804,0.0005494659255574229,0.001285070466890756,0.0005553585911932774,0.003470586814117647,0.0023625974339165174,0.014468078377700382,0.14322599430344954
2026-09-18 00:40:43.105999947,3111.644745762711,7708.417627118644,7578.006101694917,7394.488474576271,281373.3701694915,2482.858983050847,5809.945423728813,2501.7162711864403,16066.888474576272,7981.404406779664,60111.1108417582,672524.7711864406,0.004432499240855291,0.0033356691378637463,0.004179807082612306,0.000511675574536396,0.0037060303303681195,0.007545059778151635,56033.108944942396,57280.47233241095,64825.88934291988,18453.63149965942,61589.05417436919,198384.87726299663,45463.28525985495,27752.603266495815,53938.87919703184,3422.141449999576,59958.03682677873,141578.84269718023,0.0,0.0,0.0,0.0,0.0,0.0,0.001251981237875708,0.002861813706376362,0.0029336324851224403,0.002797326193472153,0.10818182522716957,0.0010395786185526145,0.002256194744209062,0.0009869962477023963,0.006171153193572168,0.0029226373607664485,0.022826156379393208,0.25862170504644316,0.000719969756862745,0.002999208468791844,0.002032429763265306,0.0029189770549579823,0.061418029844720806,0.0005502466948123249,0.0012916789211764707,0.0005555218782296918,0.003488923473310924,0.002390254481233419,0.014535877207071942,0.14367682367133666
2026-09-18 00:40:58.105999947,3111.644745762711,7708.417627118644,7551.536949152543,7394.488474576271,281264.8606779661,2482.858983050847,5809.945423728813,2501.7162711864403,16066.888474576272,7981.404406779664,60330.34652849826,671805.3996610169,0.0045397213901929205,0.0037128014084779355,0.0043129682398499085,0.000511675574536396,0.0037060303303681195,0.007666697652747213,49608.18801190892,60910.30165584871,66891.12591323188,18453.63149965942,61589.05417436919,195098.99240927305,38877.02375938255,32202.10020619917,55657.27514976731,3422.141449999576,59958.03682677873,140251.04000488875,0.0,0.0,0.0,0.0,0.0,0.0,0.001255013658627342,0.00286874515653976,0.0029407378838152507,0.0028041007408577735,0.10844162624173266,0.00104209652786634,0.0022616207199372173,0.0009893867999899782,0.006185980732407119,0.002929716128740305,0.022899676418926217,0.2592428283806664,0.000719969756862745,0.002999208468791844,0.0020496876883660128,0.0029189770549579823,0.061545128779592895,0.0005502466948123249,0.0012916789211764707,0.0005555218782296918,0.003488923473310924,0.002390254481233419,0.014576157558791583,0.14402399913796007
2026-09-18 00:41:13.105999947,3137.872881355932,7678.626101694917,7551.536949152543,7367.549491525425,281122.1481355932,2487.654915254236,5815.424745762711,2506.390169491525,15977.208813559319,7970.338983050847,60476.15188788158,671817.133220339,0.004650971312067163,0.0037128014084779355,0.004408805024187153,0.0005119623915225179,0.0037060303303681195,0.007769361525107548,48082.527168382214,60910.30165584871,79672.50905791875,19257.95708041066,61589.05417436919,193375.97664871204,37596.24197531723,32202.10020619917,68472.40379099437,3571.748094471948,59958.03682677873,137536.69724868622,0.0,0.0,0.0,0.0,0.0,0.0,0.001261932523275944,0.0028726411132294497,0.002944112847888565,0.002808249242026194,0.10867258912068045,0.0010453321043713052,0.002267073172589851,0.0009921493867899678,0.006198270721964317,0.0029357734159268607,0.0229556510882495,0.25989570118815875,0.0007228758894117647,0.0030557885297478986,0.0020496876883660128,0.002924876415882353,0.061707226692285705,0.0005539168988235294,0.0012981947417142856,0.0005587728458823528,0.0035032247047058823,0.00241872870420168,0.014625217999670223,0.14437762469650542
2026-09-18 00:41:28.105999947,3137.872881355932,7678.626101694917,7540.694237288136,7367.549491525425,281067.4281355932,2487.654915254236,5815.424745762711,2506.390169491525,15977.208813559319,7970.338983050847,60726.03432005983,671994.4576271187,0.004650971312067163,0.0037128014084779355,0.004408805024187153,0.0005119623915225179,0.0037060303303681195,0.007840906305007937,48082.527168382214,60910.30165584871,79672.50905791875,19257.95708041066,61589.05417436919,191290.5970385477,37596.24197531723,32202.10020619917,68472.40379099437,3571.748094471948,59958.03682677873,135409.01474060965,0.0,0.0,0.0,0.0,0.0,0.0,0.0012649743161562024,0.002879565246724595,0.002951209254846494,0.0028150174596637337,0.10893232107019968,0.0010478517435298811,0.0022724992118526707,0.0009945408358190938,0.006213092165874573,0.0029428497217521034,0.023029116139671135,0.2605168998699708,0.0007228758894117647,0.0030557885297478986,0.0020671691317116314,0.002924876415882353,0.06183869073066666,0.0005539168988235294,0.0012981947417142856,0.0005587728458823528,0.0035032247047058823,0.00241872870420168,0.014666590643285399,0.14483091308243032
2026-09-18 00:41:43.105999947,3164.808813559322,7665.45559322034,7540.694237288136,7361.423389830508,280936.4125423729,2494.6535593220347,5817.209491525425,2504.7122033898313,15889.5,7949.519999999997,60881.44891086345,672168.066101695,0.004650971312067163,0.00375728450978441,0.004408805024187153,0.0005119623915225179,0.003898108814198564,0.00797437647753284,48082.527168382214,64199.71874988761,79672.50905791875,19257.95708041066,61226.399257594516,189407.56919060677,37596.24197531723,33943.747579822404,68472.40379099437,3571.748094471948,59611.34303181179,133475.11252780413,0.0,0.0,0.0,0.0,0.0,0.0,0.0012680161090364616,0.002886489380219741,0.002958305661804423,0.0028217856773012744,0.1091920530197189,0.0010503713826884573,0.0022779252511154913,0.0009969322848482202,0.006227913609784829,0.002949926027577346,0.02310258119109277,0.26113809855178277,0.0007260993751484594,0.0030645574615238095,0.0020671691317116314,0.0029317840241568625,0.062000147263891685,0.0005596064846106442,0.0013046827632492996,0.0005635391794453781,0.0035210049779719884,0.002426565410196078,0.014690332010234172,0.1449939734614704
2026-09-18 00:41:58.105999947,3164.808813559322,7665.45559322034,7514.71627118644,7361.423389830508,280815.9681355932,2494.6535593220347,5817.209491525425,2504.7122033898313,15889.5,7949.519999999997,61082.407293388635,671363.780338983,0.004650971312067163,0.00375728450978441,0.004408805024187153,0.0005119623915225179,0.003898108814198564,0.008004456153266237,48082.527168382214,64199.71874988761,79672.50905791875,19257.95708041066,61226.399257594516,195943.62103290763,37596.24197531723,33943.747579822404,68472.40379099437,3571.748094471948,59611.34303181179,139317.77616520002,0.0,0.0,0.0,0.0,0.0,0.0,0.0012710579019167205,0.0028934135137148867,0.002965402068762351,0.002828553894938815,0.10945178496923816,0.0010528910218470333,0.0022833512903783115,0.0009993237338773461,0.006242735053695085,0.0029570023334025888,0.023176046242514403,0.26175929723359487,0.0007260993751484594,0.0030645574615238095,0.002085641809111247,0.0029317840241568625,0.0621264524564295,0.0005596064846106442,0.0013046827632492996,0.0005635391794453781,0.0035210049779719884,0.002426565410196078,0.014728832177191004,0.14533559405927024
2026-09-18 00:42:13.105999947,3187.4888135593214,7631.432542372882,7514.71627118644,7329.429152542372,280649.7366101695,2513.9715254237276,5818.57627118644,2528.206779661017,15760.720677966101,7939.592542372884,61210.046032251405,671224.4938983051,0.004650971312067163,0.003906567942618659,0.004408805024187153,0.0005119623915225179,0.003898108814198564,0.008298501741529869,48082.527168382214,76370.97388836298,79672.50905791875,19257.95708041066,61226.399257594516,205238.8450090573,37596.24197531723,46902.263997162896,68472.40379099437,3571.748094471948,59611.34303181179,145815.69780399813,0.0,0.0,0.0,0.0,0.0,0.0,0.001277476905173611,0.0028971552802201923,0.0029686887105389963,0.002833100332572145,0.10968369969059132,0.0010560538503822648,0.002289480669840741,0.001001899988000748,0.006253034400107513,0.0029619689420974354,0.023225810508068576,0.26236151117910794,0.0007291483616582632,0.003070603448156862,0.002085641809111247,0.002938663611467787,0.06228520496772548,0.0005639593749915964,0.0013111057344201678,0.0005688067829019608,0.0035354140379159653,0.0024347616324145653,0.01475122076891495,0.14548028617945843
2026-09-18 00:42:28.105999947,3187.4888135593214,7631.432542372882,7494.620338983049,7329.429152542372,280618.69423728815,2513.9715254237276,5818.57627118644,2528.206779661017,15760.720677966101,7939.592542372884,61442.976663919246,671641.5020338983,0.0048211732603831384,0.003906567942618659,0.004465746183537024,0.0005277646340354833,0.003898108814198564,0.008372362645747556,64371.42441322774,76370.97388836298,82831.23202618888,19023.20887051096,61226.399257594516,207002.65161006612,37736.03757754485,46902.263997162896,71187.08363608435,3527.766964945445,59611.34303181179,147408.0449113683,0.0,0.0,0.0,0.0,0.0,0.0,0.001280526764949252,0.002904071816277885,0.002975776022237714,0.0028398632460336836,0.10994336563979766,0.0010585750250617521,0.0022949083801582014,0.001004291878225107,0.006267845092171005,0.002969040211328205,0.02329912404675378,0.2629826642284135,0.0007291483616582632,0.003070603448156862,0.0021047271459316524,0.002938663611467787,0.06241720529507003,0.0005639593749915964,0.0013111057344201678,0.0005688067829019608,0.0035354140379159653,0.0024347616324145653,0.014792899412582676,0.14591532132001422
2026-09-18 00:42:43.105999947,3214.854915254236,7610.354237288136,7494.620338983049,7305.229830508475,280487.44983050844,2514.06,5826.68847457627,2535.187118644067,15690.886779661016,7927.587457627117,61625.93154382303,671461.1511864406,0.0048211732603831384,0.003906567942618659,0.004584722292908402,0.0005277646340354833,0.003981784819971016,0.008418838255381084,64371.42441322774,76370.97388836298,79187.4610789195,19023.20887051096,76085.81018806194,205019.30164333372,37736.03757754485,46902.263997162896,68089.78625071551,3527.766964945445,74075.00546871529,146289.32901606633,0.0,0.0,0.0,0.0,0.0,0.0,0.0012835766247248932,0.0029109883523355767,0.002982863333936432,0.0028466261594952214,0.11020303158900402,0.001061096199741239,0.0023003360904756613,0.001006683768449466,0.006282655784234497,0.002976111480558974,0.023372437585438978,0.26360381727771903,0.0007323101533949578,0.0030780154210924364,0.0021047271459316524,0.0029458117808403355,0.06257986197871147,0.0005637450797815125,0.0013182752770308122,0.0005688878746890754,0.0035502862015966375,0.00244379557902521,0.014820915497765298,0.14609323944551073
2026-09-18 00:42:58.105999947,3214.854915254236,7610.354237288136,7472.458983050847,7305.229830508475,280411.14813559316,2514.06,5826.68847457627,2535.187118644067,15690.886779661016,7927.587457627117,61854.3841133485,670934.3827118643,0.0048211732603831384,0.003906567942618659,0.004584722292908402,0.0005277646340354833,0.004034891649336246,0.008532053926093214,64371.42441322774,76370.97388836298,79187.4610789195,19023.20887051096,79594.40994702333,203515.52443151156,37736.03757754485,46902.263997162896,68089.78625071551,3527.766964945445,77490.75217451414,149257.38661663886,0.0,0.0,0.0,0.0,0.0,0.0,0.0012866264845005342,0.0029179048883932693,0.00298995064563515,0.00285338907295676,0.11046269753821036,0.0010636173744207266,0.002305763800793122,0.001009075658673825,0.006297466476297989,0.0029831827497897433,0.023445751124124177,0.26422497032702463,0.0007323101533949578,0.0030780154210924364,0.0021254499290508143,0.0029458117808403355,0.06270746254425145,0.0005637450797815125,0.0013182752770308122,0.0005688878746890754,0.0035502862015966375,0.00244379557902521,0.014862425100828804,0.14640201263552277
2026-09-18 00:43:13.105999947,3245.0064406779657,7603.739999999997,7472.458983050847,7295.909491525422,280331.43254237284,2499.5837288135604,5830.895593220339,2516.5738983050837,15618.609152542373,7925.140677966103,62066.312226986265,670892.8240677966,0.0048211732603831384,0.004073410477412409,0.004584722292908402,0.0005277646340354833,0.004034891649336246,0.00865878410077599,64371.42441322774,68943.72033617503,79187.4610789195,19023.20887051096,79594.40994702333,204484.12523718458,37736.03757754485,48647.559957267265,68089.78625071551,3527.766964945445,77490.75217451414,149121.19744667553,0.0,0.0,0.0,0.0,0.0,0.0,0.0012929165108626454,0.002922266584901481,0.0029944974459237034,0.002858604482830976,0.1106991005029522,0.0010673799532896296,0.002312090884404612,0.0010144512645096295,0.006304156283273374,0.0029886963566533326,0.02350552231750605,0.26483455278831397,0.0007355775699271707,0.0030873998041456574,0.0021254499290508143,0.0029563103119047613,0.06287378683883846,0.0005648982469131652,0.0013243175014285714,0.0005691715152044817,0.003561454435910364,0.0024534822647394954,0.014890024158141646,0.1465729581021006
2026-09-18 00:43:28.105999947,3245.0064406779657,7603.739999999997,7463.995932203391,7295.909491525422,280318.0240677966,2499.5837288135604,5830.895593220339,2516.5738983050837,15618.609152542373,7925.140677966103,62292.8832588786,671046.5715254238,0.0048211732603831384,0.004073410477412409,0.004668366382814069,0.0005277646340354833,0.004034891649336246,0.008761103432724111,64371.42441322774,68943.72033617503,83070.21047485068,19023.20887051096,79594.40994702333,220216.66351935384,37736.03757754485,48647.559957267265,71430.50310598129,3527.766964945445,77490.75217451414,155934.1919036213,0.0,0.0,0.0,0.0,0.0,0.0,0.0012959740378467722,0.0029291770793459255,0.003001578749891957,0.0028653637367992302,0.11095871181427296,0.0010699040636070899,0.0023175207114486374,0.0010168502105413755,0.006318947852455764,0.0029957639423676186,0.023578832543930558,0.2654556781057302,0.0007355775699271707,0.0030873998041456574,0.0021462525634340216,0.0029563103119047613,0.0630054594426704,0.0005648982469131652,0.0013243175014285714,0.0005691715152044817,0.003561454435910364,0.0024534822647394954,0.014932536686922177,0.14695875582000914
2026-09-18 00:43:43.105999947,3275.2494915254238,7587.332542372883,7463.995932203391,7296.147457627118,280204.0596610169,2502.6467796610173,5827.20406779661,2521.830508474577,15576.214576271186,7909.517288135594,62504.59295246519,671295.4291525424,0.005058439643399853,0.004073410477412409,0.004668366382814069,0.0005277646340354833,0.004034891649336246,0.008869717001792909,81975.11094897946,68943.72033617503,83070.21047485068,19023.20887051096,79594.40994702333,220053.807558595,54305.630534864686,48647.559957267265,71430.50310598129,3527.766964945445,77490.75217451414,155857.8779160306,0.0,0.0,0.0,0.0,0.0,0.0,0.0012990315648308995,0.0029360875737903702,0.0030086600538602112,0.0028721229907674845,0.11121832312559371,0.0010724281739245502,0.002322950538492662,0.0010192491565731215,0.006333739421638155,0.0030028315280819047,0.02365214277035506,0.2660768034231464,0.0007384510520448178,0.003096654918823529,0.0021462525634340216,0.002967066288941176,0.06316638363149205,0.000569159128207283,0.0013301593206050417,0.0005744466780112044,0.00357316813092437,0.0024604339782072827,0.014962865888308925,0.14712971446019182
2026-09-18 00:43:58.105999947,3275.2494915254238,7587.332542372883,7428.465762711861,7296.147457627118,280159.2061016949,2502.6467796610173,5827.20406779661,2521.830508474577,15576.214576271186,7909.517288135594,62705.878386937344,671069.7701694914,0.005058439643399853,0.004073410477412409,0.004768205496016147,0.0005331035263643253,0.004128655378895285,0.00912634853230654,81975.11094897946,68943.72033617503,80172.20911895468,19766.580221624663,91432.78076422373,218240.50988269618,54305.630534864686,48647.559957267265,69016.64804623384,3665.6217776111985,88963.74296390393,154601.02539557844,0.0,0.0,0.0,0.0,0.0,0.0,0.0013020890918150263,0.0029429980682348146,0.0030157413578284654,0.0028788822447357383,0.11147793443691445,0.0010749522842420105,0.0023283803655366874,0.0010216481026048675,0.006348530990820545,0.0030098991137961907,0.023725452996779556,0.2666979287405626,0.0007384510520448178,0.003096654918823529,0.0021672853393608863,0.002967066288941176,0.06329427845291005,0.000569159128207283,0.0013301593206050417,0.0005744466780112044,0.00357316813092437,0.0024604339782072827,0.015003502791092062,0.14745013472601837
2026-09-18 00:44:13.105999947,3308.9583050847464,7564.005762711863,7428.465762711861,7299.231864406779,280055.41627118643,2527.3189830508477,5823.173898305084,2552.442711864406,15546.990508474577,7909.5691525423745,62964.117384715624,671192.1732203389,0.005058439643399853,0.004073410477412409,0.004768205496016147,0.0005237322315675577,0.004128655378895285,0.00918161158610434,81975.11094897946,68943.72033617503,80172.20911895468,22411.892481752577,91432.78076422373,219939.50594023726,54305.630534864686,48647.559957267265,69016.64804623384,3462.3996120027496,88963.74296390393,155995.22388278414,0.0,0.0,0.0,0.0,0.0,0.0,0.0013095226075583858,0.002948420232058909,0.0030215072572271485,0.0028871100357556793,0.11172362469404913,0.0010756110624559748,0.002333248047652648,0.001022468974174109,0.006356024098951297,0.0030163653080588046,0.023792248099628918,0.2673698157085755,0.0007417500964033612,0.003105292525915966,0.0021672853393608863,0.0029787688193277304,0.063456635357197,0.0005729450387899159,0.0013359648254117644,0.0005798807552268906,0.0035833137712941174,0.002469458161714285,0.015036967273591707,0.14762111689380195
2026-09-18 00:44:28.105999947,3308.9583050847464,7564.005762711863,7413.565423728814,7299.231864406779,280076.0552542373,2527.3189830508477,5823.173898305084,2552.442711864406,15546.990508474577,7909.5691525423745,63199.53917219762,671375.1416949152,0.005058439643399853,0.004132713369851231,0.004768205496016147,0.0005237322315675577,0.0042211540078256555,0.009271768419849887,81975.11094897946,72373.0552270732,80172.20911895468,22411.892481752577,97551.3339402339,224810.96853150707,54305.630534864686,51064.403458782115,69016.64804623384,3462.3996120027496,94917.07160065623,159587.86146937625,0.0,0.0,0.0,0.0,0.0,0.0,0.0013125903897910902,0.0029553272399205446,0.0030285854797114254,0.002893872729938069,0.11198320365121422,0.0010781308030220127,0.002338676564007788,0.0010248642233879456,0.006370798644901453,0.0030234314849455976,0.02386560593743556,0.26799105868581086,0.0007417500964033612,0.003105292525915966,0.0021890678314078504,0.0029787688193277304,0.06359413763313726,0.0005729450387899159,0.0013359648254117644,0.0005798807552268906,0.0035833137712941174,0.002469458161714285,0.015081389984973497,0.14800228145964017
2026-09-18 00:44:43.105999947,3343.5671186440686,7552.336271186441,7413.565423728814,7288.373898305084,279965.1111864407,2536.062711864406,5822.804745762712,2561.079661016949,15552.707796610166,7891.352542372881,63433.474373760284,671496.187118644,0.005058439643399853,0.004297433063341565,0.004768205496016147,0.0005237322315675577,0.0042211540078256555,0.009251603983979458,81975.11094897946,83512.0989701167,80172.20911895468,22411.892481752577,97551.3339402339,224071.16120031438,54305.630534864686,62924.6935967624,69016.64804623384,3462.3996120027496,94917.07160065623,158802.87224725596,0.0,0.0,0.0,0.0,0.0,0.0,0.0013156581720237944,0.0029622342477821804,0.003035663702195702,0.002900635424120459,0.11224278260837933,0.0010806505435880503,0.002344105080362929,0.0010272594726017821,0.006385573190851608,0.0030304976618323893,0.023938963775242204,0.26861230166304634,0.0007448490304313725,0.003115328952067227,0.0021890678314078504,0.002988817044280111,0.06375649331205975,0.0005727379081568628,0.0013417691538263304,0.0005792509145490195,0.0035972258737254894,0.0024766935474061615,0.015110795439390928,0.1481579780645088
2026-09-18 00:44:58.105999947,3343.5671186440686,7552.336271186441,7378.337288135591,7288.373898305084,279912.4993220339,2536.062711864406,5822.804745762712,2561.079661016949,15552.707796610166,7891.352542372881,63634.54823966401,671317.4928813559,0.005058439643399853,0.004297433063341565,0.004849238173535368,0.0005176797876876963,0.0042211540078256555,0.009487039421870685,81975.11094897946,83512.0989701167,73952.82306641074,19459.85196267382,97551.3339402339,233348.12362729272,54305.630534864686,62924.6935967624,72012.4487523364,3605.5736744179394,94917.07160065623,168515.14168698003,0.0,0.0,0.0,0.0,0.0,0.0,0.0013187259542564989,0.0029691412556438154,0.0030427419246799787,0.0029073981183028487,0.11250236156554444,0.001083170284154088,0.002349533596718068,0.0010296547218156184,0.006400347736801765,0.003037563838719182,0.024012321613048847,0.26923354464028176,0.0007448490304313725,0.003115328952067227,0.002210343555574616,0.002988817044280111,0.06388790981542483,0.0005727379081568628,0.0013417691538263304,0.0005792509145490195,0.0035972258737254894,0.0024766935474061615,0.015152021650230099,0.14848940632330843
2026-09-18 00:45:13.105999947,3378.404745762712,7533.957966101691,7378.337288135591,7275.008135593219,279790.32203389826,2552.564745762712,5817.841016949154,2573.054237288135,15528.731186440678,7871.369491525424,63850.51915156623,671593.8294915254,0.005187944815412587,0.004297433063341565,0.004849238173535368,0.0005152417853829411,0.0042211540078256555,0.00969743360072747,78023.53082947037,83512.0989701167,73952.82306641074,18689.042868272125,97551.3339402339,244135.42133647486,51911.33287995192,62924.6935967624,72012.4487523364,3462.7560936826126,94917.07160065623,178690.67823808567,0.0,0.0,0.0,0.0,0.0,0.0,0.0013261320043245067,0.002974678429215784,0.003047363539428972,0.0029139778152466912,0.11274688366443951,0.0010881125529592938,0.0023545602027944448,0.0010356154207814122,0.006411778066972839,0.0030430578222386292,0.0240782369845393,0.26987521997972613,0.0007475826614005602,0.003123137637098038,0.002210343555574616,0.002997812555210083,0.0640494747955182,0.000575804791047619,0.0013469674944201681,0.0005818504574229692,0.003606010843753501,0.0024852482901960788,0.015176378545951238,0.14865563812489593
2026-09-18 00:45:28.105999947,3378.404745762712,7533.957966101691,7368.351864406776,7275.008135593219,279760.8966101695,2552.564745762712,5817.841016949154,2573.054237288135,15528.731186440678,7871.369491525424,64074.883855740794,672177.6823728814,0.005310386002419857,0.004297433063341565,0.00494787527271034,0.0005152417853829411,0.0042211540078256555,0.009795269791946703,82142.29228582504,83512.0989701167,85426.27309307188,18689.042868272125,97551.3339402339,244054.39543038153,54651.66511999436,62924.6935967624,83128.26727146561,3462.7560936826126,94917.07160065623,178692.55142942537,0.0,0.0,0.0,0.0,0.0,0.0,0.0013292098586858774,0.00298158225787622,0.0030544360604570094,0.002920740084717096,0.11300642794221727,0.0010906379158876426,0.0023599877907574075,0.0010380189449247146,0.006426544881787655,0.003050120350276012,0.0241516316957309,0.27049650985407797,0.0007475826614005602,0.003123137637098038,0.002233036206349206,0.002997812555210083,0.06418558410864114,0.000575804791047619,0.0013469674944201681,0.0005818504574229692,0.003606010843753501,0.0024852482901960788,0.015220031008451278,0.14908757885304805
2026-09-18 00:45:43.105999947,3409.169491525424,7515.655932203386,7368.351864406776,7254.3600000000015,279633.49322033895,2578.561016949153,5807.864745762709,2605.32,15495.168813559316,7849.674915254237,64273.491874862244,672212.0898305086,0.005310386002419857,0.004381778197543643,0.00494787527271034,0.0005152417853829411,0.0043346201564723975,0.009740682861676675,82142.29228582504,87711.35157621815,85426.27309307188,18689.042868272125,92751.07432240393,245391.10444287938,54651.66511999436,66092.47855888627,83128.26727146561,3462.7560936826126,90264.76182804146,179780.94434723508,0.0,0.0,0.0,0.0,0.0,0.0,0.0013322877130472483,0.0029884860865366566,0.003061508581485047,0.0029275023541875016,0.11326597221999504,0.0010931632788159919,0.0023654153787203707,0.0010404224690680167,0.00644131169660247,0.003057182878313396,0.0242250264069225,0.2711177997284298,0.0007503393937310925,0.003131333272705882,0.002233036206349206,0.003005572724369748,0.06434543781688888,0.0005792748878991595,0.0013524361356862741,0.0005871152388067226,0.0036190873684705874,0.0024931869649747894,0.015244039784823925,0.14924463331368926
2026-09-18 00:45:58.105999947,3409.169491525424,7515.655932203386,7336.4216949152515,7254.3600000000015,279586.2722033898,2578.561016949153,5807.864745762709,2605.32,15495.168813559316,7849.674915254237,64477.37041987463,671690.8037288135,0.005310386002419857,0.004381778197543643,0.0049478752727103404,0.0005152417853829411,0.0043346201564723975,0.010046234810494903,82142.29228582504,87711.35157621815,85426.2730930719,18689.042868272125,92751.07432240393,245121.43181316,54651.66511999436,66092.47855888627,83128.26727146562,3462.7560936826126,90264.76182804146,179689.54770105862,0.0,0.0,0.0,0.0,0.0,0.0,0.001335365567408619,0.002995389915197092,0.003068581102513084,0.002934264623657906,0.11352551649777286,0.0010956886417443407,0.002370842966683334,0.0010428259932113186,0.006456078511417284,0.0030642454063507787,0.0242984211181141,0.2717390896027817,0.0007503393937310925,0.003131333272705882,0.0022536908094117646,0.003005572724369748,0.0644772108614989,0.0005792748878991595,0.0013524361356862741,0.0005871152388067226,0.0036190873684705874,0.0024931869649747894,0.01528615796730008,0.14962392197828223
2026-09-18 00:46:13.105999947,3438.045762711864,7490.5901694915265,7336.4216949152515,7235.11220338983,279447.27254237287,2574.832881355932,5802.6416949152535,2608.9810169491525,15427.186779661017,7833.535932203388,64671.61779017741,671774.5616949153,0.005310386002419857,0.004493149852494522,0.004927907560674671,0.0005128847332887808,0.004298653478871792,0.01014416007291952,82142.29228582504,83855.26232814437,88289.99770351607,19593.75956096642,95723.27879796672,243062.66793331117,54651.66511999436,63358.14421713173,85914.95637997345,3626.8358555287728,93157.29251893514,180920.12717250257,0.0,0.0,0.0,0.0,0.0,0.0,0.0013420985317065845,0.002999933498907819,0.0030733795116388886,0.002939233631680051,0.1137734648437841,0.0011009382218021605,0.0023749288365141697,0.0010486308977893006,0.006465783536921711,0.003070409887765432,0.02435842410819175,0.27241523263292755,0.0007532022962464984,0.0031379439529411767,0.0022536908094117646,0.0030135106222857135,0.0646373920108758,0.000578753961792717,0.0013576879989523809,0.0005863863053221288,0.0036300848214005596,0.0025036466037535016,0.015315308980086796,0.14977365605244689
2026-09-18 00:46:28.105999947,3438.045762711864,7490.5901694915265,7320.963050847458,7235.11220338983,279413.386779661,2574.832881355932,5802.6416949152535,2608.9810169491525,15427.186779661017,7833.535932203388,64903.338276584975,672013.1593220339,0.005310386002419857,0.004493149852494522,0.005094366627007986,0.0005128847332887808,0.004458623024487998,0.010225384496983554,82142.29228582504,83855.26232814437,91272.33257959594,19593.75956096642,99285.51276017551,240478.09692785738,54651.66511999436,63358.14421713173,88817.06508371703,3626.8358555287728,96624.03619304985,179159.28332905736,0.0,0.0,0.0,0.0,0.0,0.0,0.0013451847940522633,0.003006831900142386,0.003080446803305555,0.0029459917775133838,0.11403298263736208,0.001103469849116975,0.0023803533533337416,0.0010510422434683126,0.006480538761692355,0.003077470350728395,0.02443180855593866,0.27303664792490606,0.0007532022962464984,0.0031379439529411767,0.00227637372867795,0.0030135106222857135,0.06477249308668968,0.000578753961792717,0.0013576879989523809,0.0005863863053221288,0.0036300848214005596,0.0025036466037535016,0.015361670355363408,0.15021609825139753
2026-09-18 00:46:43.105999947,3471.287796610169,7489.253898305085,7320.963050847458,7224.074237288136,279336.20949152537,2564.0542372881355,5807.123389830508,2594.1447457627123,15372.78711864407,7819.627118644069,65107.736385863784,672226.1816949153,0.005310386002419857,0.004493149852494522,0.005094366627007986,0.0005128847332887808,0.004458623024487998,0.01034178736799514,82142.29228582504,83855.26232814437,91272.33257959594,19593.75956096642,99285.51276017551,240896.92258970803,54651.66511999436,63358.14421713173,88817.06508371703,3626.8358555287728,96624.03619304985,179392.83140829878,0.0,0.0,0.0,0.0,0.0,0.0,0.0013482710563979424,0.0030137303013769543,0.0030875140949722223,0.0029527499233467174,0.11429250043094007,0.0011060014764317902,0.002385777870153313,0.0010534535891473253,0.006495293986462997,0.0030845308136913576,0.024505193003685574,0.2736580632168845,0.000756411860285714,0.0031469915247907708,0.00227637372867795,0.003020059543518207,0.06493365931298721,0.0005799281280000001,0.0013635709284369748,0.0005860251069523809,0.003646603076380952,0.0025128737085658268,0.015381481386816945,0.1503854384455945
2026-09-18 00:46:58.105999947,3471.287796610169,7489.253898305085,7293.368135593222,7224.074237288136,279269.3684745762,2564.0542372881355,5807.123389830508,2594.1447457627123,15372.78711864407,7819.627118644069,65302.216850521676,671259.1728813559,0.00525908040766509,0.004493149852494522,0.00493717081732478,0.0004951576481416644,0.004458623024487998,0.010471155734221095,83902.21492371103,83855.26232814437,88455.96122825664,18916.53089427922,99285.51276017551,240672.3822719739,55822.593030164695,63358.14421713173,86076.45540998399,3501.4797592119553,96624.03619304985,179186.09667876412,0.0,0.0,0.0,0.0,0.0,0.0,0.0013513573187436214,0.0030206287026115224,0.0030945813866388888,0.0029595080691800506,0.11455201822451805,0.001108533103746605,0.0023912023869728854,0.0010558649348263378,0.006510049211233639,0.003091591276654321,0.02457857745143249,0.2742794785088631,0.000756411860285714,0.0031469915247907708,0.002298151009061327,0.003020059543518207,0.065062127319457,0.0005799281280000001,0.0013635709284369748,0.0005860251069523809,0.003646603076380952,0.0025128737085658268,0.015422812051324486,0.15075390891966314
2026-09-18 00:47:13.105999947,3500.0816949152545,7479.250169491527,7293.368135593222,7216.916949152543,279178.7674576271,2575.4949152542376,5810.485423728811,2601.478983050847,15286.509152542369,7816.252881355931,65524.21156481984,671296.5244067797,0.005565974199159299,0.00460234234004851,0.0051868144619101894,0.0005230728307708705,0.004558342420937839,0.01056688471464418,97090.4583272938,78791.43546682816,86222.72579386478,18290.434923826033,96176.09996403263,240504.37365720887,69492.47833019277,66999.16522536187,83925.56543739066,3385.588405764638,93512.05941397305,179502.77646460125,0.0,0.0,0.0,0.0,0.0,0.0,0.0013580773423797145,0.003025778381655556,0.0030980432366377168,0.002964321900360301,0.11479674991343958,0.001107975325793374,0.0023962254247959602,0.0010560375721206936,0.006518353371770505,0.0030987310739109073,0.02463529794421747,0.27493678239302477,0.0007592485143529411,0.003154940229008403,0.002298151009061327,0.003025803638117647,0.06522394367275443,0.0005848111574453781,0.001369729049658263,0.0005909716251092436,0.0036565302185546217,0.002523146496,0.015448665168710941,0.15093167774225566
2026-09-18 00:47:28.105999947,3500.0816949152545,7479.250169491527,7287.550169491525,7216.916949152543,279110.0318644068,2575.4949152542376,5810.485423728811,2601.478983050847,15286.509152542369,7816.252881355931,65740.71684516741,671513.680677966,0.005565974199159299,0.00460234234004851,0.0051868144619101894,0.0005267504229143348,0.004558342420937839,0.010716132763614317,97090.4583272938,78791.43546682816,86222.72579386478,15217.157340430611,96176.09996403263,245440.3491993867,69492.47833019277,66999.16522536187,83925.56543739066,3519.3550978495114,93512.05941397305,182971.3401801847,0.0,0.0,0.0,0.0,0.0,0.0,0.001361171887486748,0.0030326727983222223,0.003105102313090316,0.002971075615956631,0.1150562342195002,0.0011104999137138635,0.002401649030856566,0.0010584438167690114,0.006533093959649292,0.003105791717641794,0.024708628075278644,0.27555827879150957,0.0007592485143529411,0.003154940229008403,0.0023215205375078027,0.003025803638117647,0.06535526587942732,0.0005848111574453781,0.001369729049658263,0.0005909716251092436,0.0036565302185546217,0.002523146496,0.015492908755301908,0.15137089160068307
2026-09-18 00:47:43.105999947,3535.9291525423723,7472.7366101694915,7287.550169491525,7196.262711864408,278999.3684745763,2600.8077966101696,5811.037627118644,2634.5074576271177,15248.696949152543,7797.514576271189,65954.65999142724,672037.4715254237,0.005565974199159299,0.004682558556747134,0.0051868144619101894,0.0005267504229143348,0.004558342420937839,0.010819198317646299,97090.4583272938,75177.24094139153,86222.72579386478,15217.157340430611,96176.09996403263,241631.50543494665,69492.47833019277,63938.28365276003,83925.56543739066,3519.3550978495114,93512.05941397305,179955.10926407063,0.0,0.0,0.0,0.0,0.0,0.0,0.0013642664325937814,0.0030395672149888886,0.0031121613895429153,0.0029778293315529604,0.1153157185255608,0.0011130245016343525,0.0024070726369171715,0.0010608500614173292,0.006547834547528081,0.0031128523613726806,0.02478195820633982,0.2761797751899944,0.0007627696685266106,0.0031643128259439776,0.0023215205375078027,0.003033681362464986,0.06551493275482725,0.0005889420267955182,0.0013744944652549019,0.0005965320772829129,0.0036721935630364137,0.0025309938196470586,0.015522488850472572,0.15156095524258212
2026-09-18 00:47:58.105999947,3535.9291525423723,7472.7366101694915,7279.181694915252,7196.262711864408,278901.8359322034,2600.8077966101696,5811.037627118644,2634.5074576271177,15248.696949152543,7797.514576271189,66174.3258906453,671498.6705084746,0.005565974199159299,0.004682558556747134,0.00529887025113662,0.0005267504229143348,0.004558342420937839,0.01091134351853497,97090.4583272938,75177.24094139153,90197.15953277296,15217.157340430611,96176.09996403263,241307.32883869685,69492.47833019277,63938.28365276003,87794.11164444001,3519.3550978495114,93512.05941397305,180183.36846294475,0.0,0.0,0.0,0.0,0.0,0.0,0.001367360977700815,0.003046461631655555,0.003119220465995515,0.0029845830471492904,0.1155752028316214,0.0011155490895548418,0.002412496242977778,0.0010632563060656473,0.006562575135406867,0.003119913005103567,0.024855288337400996,0.2768012715884793,0.0007627696685266106,0.0031643128259439776,0.0023439799506438544,0.003033681362464986,0.06563926767864052,0.0005889420267955182,0.0013744944652549019,0.0005965320772829129,0.0036721935630364137,0.0025309938196470586,0.01556372128400937,0.15188351573798534
2026-09-18 00:48:13.105999947,3570.5135593220334,7457.882033898305,7279.181694915252,7179.016271186441,278824.98508474574,2611.0311864406767,5823.421016949151,2644.685084745763,15221.184406779665,7792.291525423728,66393.31227726048,671781.3345762711,0.005565974199159299,0.004682558556747134,0.00529887025113662,0.0005267504229143348,0.004660094665485118,0.011091686112298021,97090.4583272938,75177.24094139153,90197.15953277296,15217.157340430611,101669.2684591926,243765.91525935972,69492.47833019277,63938.28365276003,87794.11164444001,3519.3550978495114,98853.06927902752,181891.65456359964,0.0,0.0,0.0,0.0,0.0,0.0,0.0013739941732427271,0.0030509430574963635,0.0031237692813077776,0.0029890087945654543,0.11581593955272462,0.0011203581493479796,0.002418292187785185,0.0010688187186313131,0.006568870766678278,0.003126468462508282,0.024913792012495786,0.27743630029488425,0.0007658875833725489,0.0031723171614789904,0.0023439799506438544,0.0030408694879495795,0.0658022564441531,0.0005899536527058822,0.001380985183613445,0.000596721148235294,0.0036827094086274506,0.002539012855327731,0.015588455298060612,0.15206159672387748
2026-09-18 00:48:28.105999947,3570.5135593220334,7457.882033898305,7270.605762711863,7179.016271186441,278773.1633898305,2611.0311864406767,5823.421016949151,2644.685084745763,15221.184406779665,7792.291525423728,66619.31513731128,671807.913559322,0.005547199344517669,0.004682558556747134,0.00529887025113662,0.0005267504229143348,0.004660094665485118,0.011140589854871786,100309.68946159037,75177.24094139153,90197.15953277296,15217.157340430611,101669.2684591926,243440.41672552828,71796.64244368215,63938.28365276003,87794.11164444001,3519.3550978495114,98853.06927902752,181954.6700509887,0.0,0.0,0.0,0.0,0.0,0.0,0.001377096711879091,0.0030578320256781817,0.003130822689641111,0.0029957572536563636,0.11607538176218408,0.001122887895560101,0.0024237166307281284,0.0010712320898434342,0.0065835923672788775,0.003133527965538586,0.02498709835309223,0.27805782652042715,0.0007658875833725489,0.0031723171614789904,0.002368292377337717,0.0030408694879495795,0.0659343362648148,0.0005899536527058822,0.001380985183613445,0.000596721148235294,0.0036827094086274506,0.002539012855327731,0.01563467641805231,0.15242867104568553
2026-09-18 00:48:43.105999947,3605.110169491524,7436.526101694913,7270.605762711863,7172.225084745762,278685.03050847456,2618.609491525423,5832.933559322031,2647.931186440679,15215.698983050848,7771.545762711868,66833.66351730484,672215.2840677965,0.005742250845170684,0.004772259836484415,0.00529887025113662,0.0005328905623856414,0.004660094665485118,0.011195497871784817,103836.79462662432,78403.56340567482,90197.15953277296,15809.448804609172,101669.2684591926,247779.07296699897,74321.16734007487,66682.27263524261,87794.11164444001,3654.4330021624396,98853.06927902752,185233.58885734825,0.0,0.0,0.0,0.0,0.0,0.0,0.0013801992505154544,0.0030647209938599995,0.003137876097974444,0.003002505712747273,0.11633482397164355,0.001125417641772222,0.0024291410736710715,0.0010736454610555553,0.0065983139678794794,0.003140587468568889,0.02506040469368867,0.27867935274597,0.0007690327613445377,0.003181802936218487,0.002368292377337717,0.003049540013411764,0.06609694400909803,0.000593229831932773,0.001386834099193277,0.0005986719932773109,0.0036972779949579824,0.0025469925088235294,0.015662091279303257,0.15262586540860357
2026-09-18 00:48:58.105999947,3605.110169491524,7436.526101694913,7258.246779661018,7172.225084745762,278648.7040677966,2618.609491525423,5832.933559322031,2647.931186440679,15215.698983050848,7771.545762711868,67085.03401276257,672156.7169491525,0.005529876887801404,0.004772259836484415,0.005386635985326413,0.0005243921469821997,0.004753111937322537,0.011321087084293273,99996.44846446674,78403.56340567482,85823.65978301823,14833.884624398559,97672.30568326842,247091.95764439544,71572.44025553961,66682.27263524261,83548.98205220207,3428.389191630817,95167.28841707234,185351.00643335943,0.0,0.0,0.0,0.0,0.0,0.0,0.001383301789151818,0.0030716099620418176,0.0031449295063077777,0.003009254171838182,0.11659426618110301,0.0011279473879843432,0.002434565516614014,0.0010760588322676766,0.0066130355684800805,0.0031476469715991913,0.025133711034285106,0.27930087897151284,0.0007690327613445377,0.003181802936218487,0.002392314418450592,0.003049540013411764,0.0662254821489698,0.000593229831932773,0.001386834099193277,0.0005986719932773109,0.0036972779949579824,0.0025469925088235294,0.015709075768052205,0.15297160254446343
2026-09-18 00:49:13.105999947,3639.9447457627125,7414.151186440677,7258.246779661018,7157.526101694916,278553.21864406776,2641.0210169491525,5845.143050847458,2665.327118644067,15202.940338983048,7757.67661016949,67267.00288296018,672209.7528813559,0.0058532698693439435,0.004835026905254218,0.005505806049120412,0.0005243921469821997,0.004753111937322537,0.011477810416234616,96931.43403762176,73933.59926329904,89955.35257108216,14833.884624398559,97672.30568326842,245464.05962508882,69421.4014675325,62889.95245735411,87571.16809586307,3428.389191630817,95167.28841707234,183721.9123072573,0.0,0.0,0.0,0.0,0.0,0.0,0.001389812700844044,0.00307592819239029,0.0031503185783770767,0.003014164641581827,0.11684410219675437,0.0011311065301695693,0.0024420828867117066,0.0010790886830574573,0.006621150363193551,0.0031536265175742743,0.025197248109391942,0.27993341583394066,0.0007723654073949578,0.003191032866274509,0.002392314418450592,0.0030568179695966385,0.06638880707708496,0.0005976690571316527,0.001393282201081232,0.0006025660542521007,0.003709529244112044,0.002555735006655462,0.015732154947690428,0.1531498065236301
2026-09-18 00:49:28.105999947,3639.9447457627125,7414.151186440677,7244.319661016945,7157.526101694916,278515.6688135593,2641.0210169491525,5845.143050847458,2665.327118644067,15202.940338983048,7757.67661016949,67500.3234396056,672649.0566101695,0.0058532698693439435,0.004835026905254218,0.005505806049120412,0.0005243921469821997,0.004753111937322537,0.011451338598849056,96931.43403762176,73933.59926329904,89955.35257108216,14833.884624398559,97672.30568326842,244181.82767720593,69421.4014675325,62889.95245735411,87571.16809586307,3428.389191630817,95167.28841707234,182458.28790774537,0.0,0.0,0.0,0.0,0.0,0.0,0.0013929228690122124,0.0030828114078557557,0.0031573682623110113,0.0030209089876779235,0.11710352305092103,0.0011336376848242243,0.002447511992366469,0.0010815034338082083,0.006635857243401883,0.00316068360391061,0.025270541991720626,0.28055496628718807,0.0007723654073949578,0.003191032866274509,0.0024178897875630247,0.0030568179695966385,0.06652102779633862,0.0005976690571316527,0.001393282201081232,0.0006025660542521007,0.003709529244112044,0.002555735006655462,0.015780545679104467,0.15356299596345846
2026-09-18 00:49:43.105999947,3675.0783050847454,7394.485423728811,7244.319661016945,7149.6366101694875,278424.5155932203,2659.1491525423726,5857.251864406781,2697.3152542372886,15217.657627118644,7742.45593220339,67699.95045205425,672655.033220339,0.0058532698693439435,0.004835026905254218,0.005505806049120412,0.0005192868939345358,0.0048876019982892266,0.011692953503958811,96931.43403762176,73933.59926329904,89955.35257108216,15681.633823466778,103936.17810490352,250113.00469495854,69421.4014675325,62889.95245735411,87571.16809586307,3624.3199450976963,101270.51029954305,188676.04879396473,0.0,0.0,0.0,0.0,0.0,0.0,0.0013960330371803804,0.00308969462332122,0.003164417946244945,0.003027653333774019,0.11736294390508768,0.0011361688394788785,0.0024529410980212306,0.001083918184558959,0.006650564123610217,0.003167740690246947,0.02534383587404931,0.28117651674043553,0.0007754975578543416,0.0031999017580896347,0.0024178897875630247,0.0030646823905658253,0.06667992048309243,0.0006011338078991597,0.001399022019764706,0.0006082121943865546,0.0037266545998879555,0.002562574862985994,0.01580450147524699,0.15371358554119596
2026-09-18 00:49:58.105999947,3675.0783050847454,7394.485423728811,7226.984745762711,7149.6366101694875,278390.54440677963,2659.1491525423726,5857.251864406781,2697.3152542372886,15217.657627118644,7742.45593220339,67938.0473716461,672414.7118644068,0.0058532698693439435,0.004953854074569897,0.005505806049120412,0.0005192868939345358,0.004929405782319883,0.011727235078614319,96931.43403762176,77688.88443443784,89955.35257108216,15681.633823466778,118816.93022114028,251904.78446202388,69421.4014675325,66084.30128156944,87571.16809586307,3624.3199450976963,115623.26137336674,190131.74411165575,0.0,0.0,0.0,0.0,0.0,0.0,0.0013991432053485483,0.0030965778387866865,0.0031714676301788786,0.0030343976798701154,0.11762236475925436,0.0011386999941335335,0.0024583702036759924,0.0010863329353097096,0.00666527100381855,0.0031747977765832834,0.025417129756377995,0.281798067193683,0.0007754975578543416,0.0031999017580896347,0.002443686289762838,0.0030646823905658253,0.06680906717883597,0.0006011338078991597,0.001399022019764706,0.0006082121943865546,0.0037266545998879555,0.002562574862985994,0.015852859951193676,0.15406554356512647
2026-09-18 00:50:13.105999947,3710.8128813559324,7372.836610169494,7226.984745762711,7147.513220338983,278304.12,2659.762372881356,5866.8315254237295,2705.3298305084745,15196.072881355929,7730.1244067796615,68147.5882279895,672695.1945762712,0.0058532698693439435,0.004953854074569897,0.005505806049120412,0.0005192868939345358,0.004929405782319883,0.011925130569922464,96931.43403762176,77688.88443443784,89955.35257108216,15681.633823466778,118816.93022114028,260596.53460268767,69421.4014675325,66084.30128156944,87571.16809586307,3624.3199450976963,115623.26137336674,198507.53601135092,0.0,0.0,0.0,0.0,0.0,0.0,0.001405725135332738,0.003101259493639583,0.0031767275040000004,0.003038618222284217,0.11786417325264964,0.0011442034748805556,0.002465017213199803,0.0010931561143847225,0.006676469566574238,0.0031796846855173602,0.0254740213769404,0.2824101053425729,0.000778674547563025,0.0032085472685714285,0.002443686289762838,0.0030730644431092432,0.06697077154149393,0.0006008659234285714,0.0014051747822184876,0.0006084490297142857,0.0037392413491092427,0.0025720179324705884,0.015878886593780776,0.15421885802746876
2026-09-18 00:50:28.105999947,3710.8128813559324,7372.836610169494,7216.068813559322,7147.513220338983,278287.0566101695,2659.762372881356,5866.8315254237295,2705.3298305084745,15196.072881355929,7730.1244067796615,68374.18157080346,673657.3159322034,0.005974514214232876,0.004953854074569897,0.005340186050295879,0.0005166481300868644,0.004929405782319883,0.012021265820448084,100857.32121700536,77688.88443443784,87249.40810915123,18638.039343177683,118816.93022114028,261878.6613334833,72233.08575449401,66084.30128156944,84936.94222090387,6887.056904448208,115623.26137336674,200005.19935284965,0.0,0.0,0.0,0.0,0.0,0.0,0.0014088430058684523,0.0031081378262288687,0.003183773218285714,0.003045356970796122,0.11812355525781192,0.001146741221904365,0.0024704490081850546,0.0010955806426585317,0.006691168696367747,0.0031867369585828367,0.02554725592603584,0.283031634695237,0.000778674547563025,0.0032085472685714285,0.00246968012642669,0.0030730644431092432,0.0671031971842801,0.0006008659234285714,0.0014051747822184876,0.0006084490297142857,0.0037392413491092427,0.0025720179324705884,0.01592668348168431,0.15467180941777325
2026-09-18 00:50:43.105999947,3748.057627118643,7349.793559322036,7216.068813559322,7136.82,278200.03118644067,2653.0596610169487,5878.330169491523,2698.5355932203393,15193.711525423725,7717.808135593218,68569.75503534125,673881.9894915255,0.005974514214232876,0.005026706271839836,0.005742374996704079,0.0005166481300868644,0.004929405782319883,0.012135720622259065,100857.32121700536,74602.97174899031,106599.12870498137,18638.039343177683,118816.93022114028,265935.6836491447,72233.08575449401,63569.778031831585,103755.10926344222,6887.056904448208,115623.26137336674,203037.06208432096,0.0,0.0,0.0,0.0,0.0,0.0,0.0014119608764041663,0.003115016158818154,0.003190818932571428,0.003052095719308026,0.11838293726297414,0.0011492789689281746,0.002475880803170305,0.001098005170932341,0.006705867826161259,0.0031937892316483136,0.025620490475131288,0.283653164047901,0.000782052754235294,0.0032202611585938376,0.00246968012642669,0.0030814375538039214,0.06726884016636414,0.0006025112235966385,0.0014116883292436971,0.0006088223725098039,0.003758814350481792,0.0025804362962128843,0.015952085678166975,0.15485869989871895
2026-09-18 00:50:58.105999947,3748.057627118643,7349.793559322036,7196.7538983050845,7136.82,278169.69050847454,2653.0596610169487,5878.330169491523,2698.5355932203393,15193.711525423725,7717.808135593218,68792.9611658561,673903.3972881356,0.006072917407135352,0.005026706271839836,0.005742374996704079,0.0005166481300868644,0.004929405782319883,0.012223642469231693,94981.90040653848,74602.97174899031,106599.12870498137,18638.039343177683,118816.93022114028,262057.30779065387,68130.09682227511,63569.778031831585,103755.10926344222,6887.056904448208,115623.26137336674,199621.1350046364,0.0,0.0,0.0,0.0,0.0,0.0,0.0014150787469398808,0.0031218944914074404,0.0031978646468571433,0.0030588344678199315,0.11864231926813638,0.001151816715951984,0.0024813125981555557,0.001100429699206151,0.00672056695595477,0.0032008415047137897,0.025693725024226732,0.2842746934005651,0.000782052754235294,0.0032202611585938376,0.002495714417787325,0.0030814375538039214,0.06740291614183877,0.0006025112235966385,0.0014116883292436971,0.0006088223725098039,0.003758814350481792,0.0025804362962128843,0.015999305550937058,0.15525305760148997
2026-09-18 00:51:13.105999947,3786.6050847457623,7316.301355932201,7196.7538983050845,7123.344406779659,278048.2484745762,2659.7044067796605,5881.411525423727,2697.9040677966095,15166.668813559316,7704.710847457625,69000.36921193653,674308.8915254237,0.006072917407135352,0.005026706271839836,0.005742374996704079,0.0005151536703869485,0.004929405782319883,0.012387220403361914,94981.90040653848,74602.97174899031,106599.12870498137,15765.781871288278,118816.93022114028,265712.0562078347,68130.09682227511,63569.778031831585,103755.10926344222,3648.892202593811,115623.26137336674,207704.701451654,0.0,0.0,0.0,0.0,0.0,0.0,0.0014220861101071779,0.003127461878208751,0.0032023848822399213,0.003064484343163949,0.11889127475899804,0.0011522827196634217,0.0024880914316897655,0.0011020419829072764,0.006732490637338013,0.003205653196977286,0.025753139218112966,0.28500533253832533,0.0007851589733333333,0.003230349303193276,0.002495714417787325,0.0030880129343473384,0.06756708802721008,0.0006073462207282913,0.0014183315092941174,0.0006133213733333331,0.0037729836024089627,0.0025906577837535,0.016027411012051886,0.1553849460902466
2026-09-18 00:51:28.105999947,3786.6050847457623,7316.301355932201,7181.0023728813585,7123.344406779659,278039.3430508474,2659.7044067796605,5881.411525423727,2697.9040677966095,15166.668813559316,7704.710847457625,69223.33665245188,675034.1847457626,0.006074401385898049,0.005134367266538348,0.005742374996704079,0.0005151536703869485,0.004970370637401193,0.01250897069536212,98060.57919612479,77960.00644751439,106599.12870498137,15765.781871288278,134392.19100605653,265768.9799153083,70338.41949345174,66430.3336588696,103755.10926344222,3648.892202593811,130782.84776059598,207999.63415995706,0.0,0.0,0.0,0.0,0.0,0.0,0.0014252125334110128,0.003134337328798722,0.003209425044481809,0.0030712206978837134,0.11915063399876413,0.001154815912141298,0.002493526175110819,0.0011044647255326451,0.006747183689969591,0.003212700544322419,0.025826340081111628,0.2856271005138777,0.0007851589733333333,0.003230349303193276,0.002520997103865546,0.0030880129343473384,0.06770181567655274,0.0006073462207282913,0.0014183315092941174,0.0006133213733333331,0.0037729836024089627,0.0025906577837535,0.016070870983675777,0.15580331913141526
2026-09-18 00:51:43.105999947,3821.3816949152542,7290.607118644068,7181.0023728813585,7096.438983050845,277909.50508474576,2659.588474576271,5883.702711864408,2701.3179661016957,15139.394237288137,7677.8206779660995,69401.1968516626,675154.7145762711,0.006295178744754518,0.005134367266538348,0.005742374996704079,0.0005151536703869485,0.005133702845934828,0.012452053746108952,101624.64325898311,77960.00644751439,106599.12870498137,15765.781871288278,138808.47602140708,265623.5634570992,72894.90687308954,66430.3336588696,103755.10926344222,3648.892202593811,135080.52552376277,207913.30352788858,0.0,0.0,0.0,0.0,0.0,0.0,0.0014283389567148472,0.003141212779388692,0.0032164652067236963,0.0030779570526034772,0.11940999323853022,0.0011573491046191738,0.002498960918531872,0.0011068874681580138,0.00676187674260117,0.003219747891667551,0.02589954094411029,0.28624886848942993,0.0007885727080000002,0.0032403465992436975,0.002520997103865546,0.0030959262057142856,0.06786578868911297,0.0006087705890588235,0.001424656854184874,0.0006156960984705881,0.0037921265864705885,0.0025994177356302513,0.016097657012347038,0.15595422039771814
2026-09-18 00:51:58.105999947,3821.3816949152542,7290.607118644068,7150.579322033897,7096.438983050845,277881.1291525424,2659.588474576271,5883.702711864408,2701.3179661016957,15139.394237288137,7677.8206779660995,69614.16220098276,675057.532881356,0.006295178744754518,0.00520815136633807,0.005742374996704079,0.0005223442126110565,0.005133702845934827,0.012590289125034394,101624.64325898311,89725.71759930416,106599.12870498137,15011.334948266473,138808.47602140706,265234.37349984364,72894.90687308954,78260.36532328212,103755.10926344222,3474.2801524487704,135080.52552376277,207772.75312700146,0.0,0.0,0.0,0.0,0.0,0.0,0.0014314653800186821,0.003148088229978663,0.003223505368965585,0.0030846934073232414,0.1196693524782963,0.00115988229709705,0.0025043956619529234,0.0011093102107833826,0.006776569795232748,0.003226795239012684,0.025972741807108957,0.2868706364649823,0.0007885727080000002,0.0032403465992436975,0.002544625995073449,0.0030959262057142856,0.0679944488186318,0.0006087705890588235,0.001424656854184874,0.0006156960984705881,0.0037921265864705885,0.0025994177356302513,0.016137750663851196,0.1563293305772309
2026-09-18 00:52:13.105999947,3853.174576271186,7247.383675272683,7150.579322033897,7077.011186440678,277737.0753187934,2658.294915254238,5887.534576271183,2709.4789830508475,15098.967457627114,7659.903050847458,69776.31184466713,675442.988681916,0.006295178744754518,0.00520815136633807,0.0058596557612568476,0.0005223442126110565,0.005133702845934827,0.012848249889650094,101624.64325898311,89725.71759930416,111032.27436567524,15011.334948266473,138808.47602140706,275058.3557602093,72894.90687308954,78260.36532328212,108069.98048231508,3474.2801524487704,135080.52552376277,208072.98841070704,0.0,0.0,0.0,0.0,0.0,0.0,0.0014387406579779727,0.0031539163190235867,0.003226158072094152,0.003090066472118793,0.11991746819580318,0.0011619987766320662,0.0025097486512708216,0.0011113455568051657,0.006790163039831304,0.0032331277200701746,0.026034428247701864,0.2875965894574273,0.0007919838679215687,0.003249193608698258,0.002544625995073449,0.0031036958240616246,0.06815855483537489,0.000609149011585434,0.0014311648062128846,0.0006159599480112044,0.003806130550543417,0.002609277890039215,0.016163919871908527,0.1564739675616366
2026-09-18 00:52:28.105999947,3853.174576271186,7247.383675272683,7133.247457627119,7077.011186440678,277705.9078611662,2658.294915254238,5887.534576271183,2709.4789830508475,15098.967457627114,7659.903050847458,70009.97990120236,675922.5178344584,0.006337360072944946,0.00520815136633807,0.005942944903272849,0.0005223442126110565,0.005133702845934827,0.012986616744520035,97038.6664308434,89725.71759930416,104883.63748058712,15011.334948266473,138808.47602140706,280636.5995021052,69795.6293705293,78260.36532328212,102099.28262011593,3474.2801524487704,135080.52552376277,214289.67734845832,0.0,0.0,0.0,0.0,0.0,0.0,0.0014418761243522417,0.0031607894871522415,0.003233188672971345,0.0030967998558907232,0.12017680310232493,0.0011645310609887914,0.002515183217212851,0.0011137674551969787,0.006804853705048697,0.0032401735095438596,0.026107609308516078,0.2882185833032121,0.0007919838679215687,0.003249193608698258,0.0025688851060064635,0.0031036958240616246,0.06828836076886728,0.000609149011585434,0.0014311648062128846,0.0006159599480112044,0.003806130550543417,0.002609277890039215,0.016204886614478536,0.15688780248380663
2026-09-18 00:52:43.105999947,3895.044406779661,7221.76779661017,7133.247457627119,7066.372881355935,277596.51254237286,2649.490169491525,5887.006779661015,2693.712203389831,15113.346101694913,7634.300338983052,70200.98548894352,676310.0308474576,0.006337360072944946,0.005320549152558459,0.005942944903272849,0.0005223442126110565,0.005133702845934827,0.013105051021159051,97038.6664308434,93976.31339204374,104883.63748058712,15011.334948266473,138808.47602140706,282909.0571057935,69795.6293705293,81967.81050713635,102099.28262011593,3474.2801524487704,135080.52552376277,215845.69196319592,0.0,0.0,0.0,0.0,0.0,0.0,0.0014450115907265108,0.0031676626552808967,0.0032402192738485384,0.003103533239662653,0.12043613800884667,0.0011670633453455164,0.0025206177831548797,0.0011161893535887918,0.006819544370266087,0.003247219299017544,0.026180790369330287,0.28884057714899675,0.0007955689959495797,0.0032596433418823527,0.0025688851060064635,0.003112721534341736,0.06845371025490195,0.0006086088430644257,0.0014376862978487395,0.0006146209283585434,0.0038243618909299705,0.0026171021456190477,0.016229663910872875,0.15705526590627045
2026-09-18 00:52:58.105999947,3895.044406779661,7221.76779661017,7107.345762711865,7066.372881355935,277518.69457627117,2649.490169491525,5887.006779661015,2693.712203389831,15113.346101694913,7634.300338983052,70413.0898144374,676395.1067796609,0.006337360072944946,0.005320549152558459,0.005942944903272849,0.0005291755738709166,0.00517628238468017,0.013237366109534741,97038.6664308434,93976.31339204374,104883.63748058712,15755.620649173308,132708.35304684154,284224.20449843124,69795.6293705293,81967.81050713635,102099.28262011593,3646.5404509048153,129199.02869727545,216534.038725672,0.0,0.0,0.0,0.0,0.0,0.0,0.0014481470571007795,0.0031745358234095515,0.00324724987472573,0.003110266623434582,0.1206954729153684,0.0011695956297022414,0.0025260523490969085,0.0011186112519806042,0.006834235035483478,0.0032542650884912275,0.026253971430144504,0.2894625709947815,0.0007955689959495797,0.0032596433418823527,0.0025926553791935374,0.003112721534341736,0.06858219986005354,0.0006086088430644257,0.0014376862978487395,0.0006146209283585434,0.0038243618909299705,0.0026171021456190477,0.016272738378997956,0.15745450396569044
2026-09-18 00:53:13.105999947,3933.842033898304,7190.8871186440665,7107.345762711865,7060.924067796611,277420.9606779661,2650.7623728813555,5881.6433898305095,2697.907118644067,15104.681694915253,7623.549152542375,70629.07315458929,676539.7596610168,0.006337360072944946,0.005320549152558459,0.005942944903272849,0.0005291755738709166,0.00513551983671443,0.013297287706290819,97038.6664308434,93976.31339204374,104883.63748058712,15755.620649173308,136503.6210464221,287746.1405784442,69795.6293705293,81967.81050713635,102099.28262011593,3646.5404509048153,132893.93506853143,219344.28786571443,0.0,0.0,0.0,0.0,0.0,0.0,0.001455060559915942,0.0031800364644096616,0.0032507967770221257,0.0031157973387322966,0.1209407023485769,0.0011696792408073429,0.002531603885833142,0.0011193028140804831,0.006846557302733332,0.003260596954370338,0.02631599798407082,0.2901893613866641,0.0007982989756638653,0.0032683957851428564,0.0025926553791935374,0.0031210218418991596,0.06874753581030252,0.0006109370896134452,0.0014434599148179267,0.0006179165545210084,0.0038377682033949576,0.0026270631257142856,0.01629897049725272,0.15759335071712652
2026-09-18 00:53:28.105999947,3933.842033898304,7190.8871186440665,7080.2328813559325,7060.924067796611,277367.7050847458,2650.7623728813555,5881.6433898305095,2697.907118644067,15104.681694915253,7623.549152542375,70836.37878414174,677008.9861016949,0.0064900213682623316,0.005320549152558459,0.006071672301994703,0.0005250394126800263,0.005180055673391101,0.013386537082366343,101360.80077772345,93976.31339204374,109015.60983876955,18578.333767147502,137687.39662630323,285859.58727875503,72904.34982248918,81967.81050713635,106121.56315605424,3440.518394667837,134046.4070237987,218951.4776464119,0.0,0.0,0.0,0.0,0.0,0.0,0.0014582041903507248,0.003186906667308213,0.003257819851659807,0.0031225281242395434,0.12120000696854819,0.0011722062350102414,0.002537038703361877,0.0011217209742254107,0.00686124287169885,0.0032676412014717876,0.02638916506698078,0.2908115804039661,0.0007982989756638653,0.0032683957851428564,0.00261791455617647,0.0031210218418991596,0.06887913925731964,0.0006109370896134452,0.0014434599148179267,0.0006179165545210084,0.0038377682033949576,0.0026270631257142856,0.016341766742823914,0.1580180877487958
2026-09-18 00:53:43.105999947,3971.217966101695,7181.081694915257,7080.2328813559325,7052.253559322035,277269.08949152543,2674.485762711865,5878.44915254237,2729.1477966101697,15113.32474576271,7604.106101694913,71056.09026301064,677212.7369491524,0.0064900213682623316,0.005437377378036299,0.006097075203882528,0.0005250394126800263,0.005344300401200608,0.013548264663948312,101360.80077772345,88852.38728262758,121593.97804725751,18578.333767147502,142053.06958573734,288427.0918466077,72904.34982248918,77560.18705759168,118355.26103786712,3440.518394667837,138296.63463207713,220874.4622991825,0.0,0.0,0.0,0.0,0.0,0.0,0.0014613478207855073,0.003193776870206763,0.003264842926297487,0.00312925890974679,0.12145931158851944,0.0011747332292131399,0.0025424735208906127,0.0011241391343703381,0.006875928440664367,0.0032746854485732357,0.026462332149890733,0.29143379942126807,0.0008013684840336133,0.0032788453009243695,0.00261791455617647,0.003131198317378151,0.06904302741286274,0.0006159246007563025,0.0014494485166610639,0.0006236470048739495,0.00385369425907563,0.002636386342717087,0.016371720774672287,0.15817927042780605
2026-09-18 00:53:58.105999947,3971.217966101695,7181.081694915257,7064.856610169492,7052.253559322035,277206.9681355932,2674.485762711865,5878.44915254237,2729.1477966101697,15113.32474576271,7604.106101694913,71272.62300099326,677197.1837288135,0.006520613603715776,0.005516727591280017,0.006097075203882528,0.0005250394126800263,0.005344300401200608,0.013549654693980616,96016.7964164927,92038.18892678298,121593.97804725751,18578.333767147502,142053.06958573734,286874.36965775833,69062.51603116714,80341.10695187784,118355.26103786712,3440.518394667837,138296.63463207713,219626.46194477283,0.0,0.0,0.0,0.0,0.0,0.0,0.00146449145122029,0.003200647073105314,0.003271866000935169,0.003135989695254036,0.1217186162084907,0.0011772602234160386,0.0025479083384193487,0.0011265572945152657,0.0068906140096298835,0.003281729695674686,0.026535499232800693,0.29205601843857004,0.0008013684840336133,0.0032788453009243695,0.002644844375433071,0.003131198317378151,0.06917061633814503,0.0006159246007563025,0.0014494485166610639,0.0006236470048739495,0.00385369425907563,0.002636386342717087,0.01641746336311442,0.15857442704618224
2026-09-18 00:54:13.105999947,4006.925084745761,7166.245423728816,7064.856610169492,7038.082372881356,277082.96644067793,2680.794915254238,5874.547118644065,2735.408135593221,15102.326440677964,7577.106101694913,71452.43731235569,677344.6647457627,0.006520613603715776,0.005516727591280017,0.006097075203882528,0.0005223392796854373,0.005344300401200608,0.013838189069908725,96016.7964164927,92038.18892678298,121593.97804725751,19812.06286553518,142053.06958573734,288185.58210283576,69062.51603116714,80341.10695187784,118355.26103786712,3669.452245020175,138296.63463207713,220066.65581998194,0.0,0.0,0.0,0.0,0.0,0.0,0.0014708359690606323,0.003206459956322797,0.0032757414022466474,0.003142874620839246,0.12195854512091492,0.0011808538059452107,0.002552281877133713,0.0011316214341287355,0.006900695907605982,0.003288852772924425,0.02660257552166431,0.2927511704919261,0.0008037593441344536,0.0032838111772324923,0.002644844375433071,0.0031413434599215683,0.06933057407183754,0.0006158426068571428,0.0014557420498151259,0.0006227758373333333,0.003863745665994397,0.0026457444297591035,0.016437164256056687,0.1587015209764721
2026-09-18 00:54:28.105999947,4006.925084745761,7166.245423728816,7062.495254237288,7038.082372881356,277065.4789830508,2680.794915254238,5874.547118644065,2735.408135593221,15102.326440677964,7577.106101694913,71700.32009511424,678226.033220339,0.006520613603715776,0.005516727591280017,0.006106214310978272,0.0005223392796854373,0.0053846242920305275,0.013907571607900624,96016.7964164927,92038.18892678298,125065.00412382654,19812.06286553518,153599.0946204873,289351.51784803736,69062.51603116714,80341.10695187784,121733.83458204305,3669.452245020175,149557.01318310606,221127.6406373476,0.0,0.0,0.0,0.0,0.0,0.0,0.00147398645828477,0.003213327894541188,0.00328275773486159,0.0031496057365001657,0.1222178084955588,0.001183383084680843,0.0025577144312647674,0.0011340452617149424,0.006915371653332478,0.0032958971888727012,0.026675761431553115,0.2933735447791412,0.0008037593441344536,0.0032838111772324923,0.002674027416993464,0.0031413434599215683,0.06946210317837472,0.0006158426068571428,0.0014557420498151259,0.0006227758373333333,0.003863745665994397,0.0026457444297591035,0.016486528940551203,0.15917505255986264
2026-09-18 00:54:43.105999947,4049.154915254237,7170.309152542369,7062.495254237288,7019.575932203387,276978.41694915254,2700.0640677966103,5872.853898305081,2746.1013559322028,15140.12338983051,7565.009491525424,71937.90305065119,678245.4305084745,0.006694427982712307,0.005516727591280017,0.006329860077230517,0.0005223392796854373,0.0053846242920305275,0.014038712032942827,100793.5338184079,92038.18892678298,140358.37430171177,19812.06286553518,153599.0946204873,288910.99180236907,72500.05676573228,80341.10695187784,136594.51298566975,3669.452245020175,149557.01318310606,220569.6979245969,0.0,0.0,0.0,0.0,0.0,0.0,0.0014771369475089077,0.0032201958327595782,0.0032897740674765323,0.003156336852161085,0.12247707187020265,0.0011859123634164748,0.0025631469853958215,0.0011364690893011494,0.006930047399058974,0.0033029416048209765,0.026748947341441915,0.2939959190663563,0.0008075288280336134,0.003292189559495797,0.002674027416993464,0.0031503942882352945,0.06962569017594022,0.0006189435876806722,0.0014622677919999998,0.0006248653745714285,0.0038817467125546222,0.002656446173848739,0.016514213173678516,0.1593117766697744
2026-09-18 00:54:58.105999947,4049.154915254237,7170.309152542369,7050.627457627117,7019.575932203387,276920.82915254234,2700.0640677966103,5872.853898305081,2746.1013559322028,15140.12338983051,7565.009491525424,72178.40111933742,677902.4877966101,0.006694427982712307,0.005606963123592044,0.006329860077230517,0.0005223392796854373,0.0053846242920305275,0.014122926013942607,100793.5338184079,95835.493001136,140358.37430171177,19812.06286553518,153599.0946204873,304923.51891949464,72500.05676573228,83655.8137743805,136594.51298566975,3669.452245020175,149557.01318310606,227821.69377626455,0.0,0.0,0.0,0.0,0.0,0.0,0.0014802874367330458,0.0032270637709779695,0.0032967904000914747,0.0031630679678220047,0.12273633524484653,0.001188441642152107,0.002568579539526876,0.0011388929168873563,0.00694472314478547,0.0033099860207692518,0.02682213325133072,0.2946182933535714,0.0008075288280336134,0.003292189559495797,0.0027025525985344533,0.0031503942882352945,0.06975066945578584,0.0006189435876806722,0.0014622677919999998,0.0006248653745714285,0.0038817467125546222,0.002656446173848739,0.016562693033572246,0.15966778263907022
2026-09-18 00:55:13.105999947,4087.351525423728,7155.024406779659,7050.627457627117,7005.053898305087,276809.19254237285,2711.6969491525415,5867.749830508476,2756.605423728814,15109.874237288133,7541.697966101696,72351.70865777535,678319.1481355932,0.006717155823647409,0.0057311038107904,0.006329860077230517,0.0005223392796854373,0.00554182798099501,0.014162048563071324,96939.03572292329,91733.99296763017,140358.37430171177,19812.06286553518,162915.24410571207,307678.6819659638,69854.1912904924,80095.3956254016,136594.51298566975,3669.452245020175,158628.00083977228,230468.31012028948,0.0,0.0,0.0,0.0,0.0,0.0,0.0014869993716792975,0.003232284905914055,0.0033030521302557453,0.0031686643623245188,0.12297240823560783,0.0011922549758412156,0.002573669897929943,0.001142079086688604,0.006957333309005555,0.0033168422913434944,0.02689153569453709,0.295304996662391,0.0008110017786666665,0.003296868359652661,0.0027025525985344533,0.0031583868661904766,0.06991358880975723,0.000621744585333333,0.0014684121532380953,0.0006285199826666667,0.003896119864,0.002666101328448179,0.016583150083423107,0.15980887096468402
2026-09-18 00:55:28.105999947,4087.351525423728,7155.024406779659,7041.502372881357,7005.053898305087,276745.3108474576,2711.6969491525415,5867.749830508476,2756.605423728814,15109.874237288133,7541.697966101696,72572.57947051029,678582.9762711864,0.006717155823647409,0.0057311038107904,0.006329860077230517,0.0005192957530252327,0.00554182798099501,0.014288837025776933,96939.03572292329,91733.99296763017,140358.37430171177,18523.542217939506,162915.24410571207,307855.8131380187,69854.1912904924,80095.3956254016,136594.51298566975,3434.1528851998582,158628.00083977228,230745.18542015983,0.0,0.0,0.0,0.0,0.0,0.0,0.0014901574279471035,0.0032391493467972456,0.003310066860312726,0.0031753930681649744,0.123231622667105,0.0011947869815392212,0.002579101728438418,0.0011445045332698007,0.006972004681180698,0.003323886307725261,0.026964742926413363,0.29592750653927696,0.0008110017786666665,0.003296868359652661,0.0027304364727568442,0.0031583868661904766,0.07004118095857952,0.000621744585333333,0.0014684121532380953,0.0006285199826666667,0.003896119864,0.002666101328448179,0.016631091989335448,0.1602379457992473
2026-09-18 00:55:43.105999947,4131.0183050847445,7148.272881355932,7041.502372881357,6990.098644067796,276651.88169491524,2713.7898305084755,5869.946440677966,2766.1728813559325,15127.331186440679,7516.058644067798,72766.43145521205,678889.42779661,0.006717155823647409,0.0057311038107904,0.006329860077230517,0.0005192957530252327,0.00554182798099501,0.014581420156539269,96939.03572292329,91733.99296763017,140358.37430171177,18523.542217939506,162915.24410571207,314928.31111076096,69854.1912904924,80095.3956254016,136594.51298566975,3434.1528851998582,158628.00083977228,236249.00009853678,0.0,0.0,0.0,0.0,0.0,0.0,0.0014933154842149098,0.003246013787680437,0.0033170815903697057,0.0031821217740054305,0.12349083709860215,0.001197318987237227,0.002584533558946892,0.0011469299798509973,0.006986676053355838,0.0033309303241070274,0.027037950158289633,0.29655001641616296,0.0008152615374733891,0.0033049548936078432,0.0027304364727568442,0.003166662913434174,0.07020501253596638,0.0006245388385490196,0.0014748358077310924,0.0006311638542801119,0.0039172671444313726,0.002674509789568627,0.016659081765356753,0.1603710046236623
2026-09-18 00:55:58.105999947,4131.0183050847445,7148.272881355932,7033.024067796609,6990.098644067796,276584.180338983,2713.7898305084755,5869.946440677966,2766.1728813559325,15127.331186440679,7516.058644067798,72976.71940651542,678782.3247457626,0.006738667508836319,0.0057311038107904,0.006329860077230517,0.0004935450555554941,0.0055907894736842104,0.014668760947466318,90372.41745647456,91733.99296763017,140358.37430171177,19098.40952420501,155616.04492209974,315093.3469495052,71971.80459602685,80095.3956254016,136594.51298566975,3540.7298128301913,151539.18026373323,236188.94396502478,0.0,0.0,0.0,0.0,0.0,0.0,0.001496473540482716,0.003252878228563627,0.003324096320426686,0.003188850479845886,0.12375005153009933,0.0011998509929352327,0.002589965389455367,0.0011493554264321935,0.00700134742553098,0.0033379743404887935,0.027111157390165903,0.297172526293049,0.0008152615374733891,0.0033049548936078432,0.0027592656548090454,0.003166662913434174,0.07032536315765328,0.0006245388385490196,0.0014748358077310924,0.0006311638542801119,0.0039172671444313726,0.002674509789568627,0.016704916482693333,0.16070576746063175
2026-09-18 00:56:13.105999947,4170.288813559322,7124.396949152545,7033.024067796609,6970.771525423729,276481.46745762706,2718.0823728813552,5877.50033898305,2770.340338983051,15109.990169491528,7505.228135593222,73126.28659699291,679269.4596610169,0.0069924984394563825,0.005848608203014076,0.006484220212889943,0.0005121249660602707,0.0055907894736842104,0.014804698345030586,93776.54962285342,96226.24214512356,146214.6769744765,19817.384895853535,155616.04492209974,318579.270755358,74682.82574598852,84019.85430609706,142293.7725807078,3674.023505682479,151539.18026373323,239825.27143537346,0.0,0.0,0.0,0.0,0.0,0.0,0.001503777329305273,0.0032574929582881358,0.0033287877372212803,0.0031932026471936576,0.12397883097023549,0.0012022702937996236,0.0025949417376629324,0.0011527912007612997,0.007014710855843324,0.0033422713342003765,0.027168314061514227,0.2978244770402277,0.0008189321774789917,0.0033117279270588225,0.0027592656548090454,0.0031732820725714284,0.07048921184134639,0.0006262570258823528,0.0014814662107675073,0.0006327267388235293,0.003930891498487395,0.002685139862521008,0.016721591960734045,0.16086023203951644
2026-09-18 00:56:28.105999947,4170.288813559322,7124.396949152545,7019.3074576271165,6970.771525423729,276418.21728813555,2718.0823728813552,5877.50033898305,2770.340338983051,15109.990169491528,7505.228135593222,73335.04505412912,679393.2783050847,0.0069924984394563825,0.005949557759005277,0.00625514086544308,0.0005121249660602707,0.0055907894736842104,0.014886844080697735,93776.54962285342,92041.07588469784,141049.09627413526,19817.384895853535,155616.04492209974,315000.5609416241,74682.82574598852,80390.93355591691,137266.71250280633,3674.023505682479,151539.18026373323,237100.34757771736,0.0,0.0,0.0,0.0,0.0,0.0,0.0015069441188532956,0.003264352661677966,0.0033357975747919017,0.0031999263484648434,0.12423798165230832,0.0012048020621612055,0.0026003726130130723,0.0011552187749138416,0.007029379479092624,0.003349309565838794,0.027241466068989362,0.2984470482813602,0.0008189321774789917,0.0033117279270588225,0.0027887328222620193,0.0031732820725714284,0.07061769509454402,0.0006262570258823528,0.0014814662107675073,0.0006327267388235293,0.003930891498487395,0.002685139862521008,0.01676942005949387,0.1612488539552927
2026-09-18 00:56:43.105999947,4203.677288135593,7102.513220338981,7019.3074576271165,6945.309152542372,276287.9705084745,2734.1298305084756,5885.389830508474,2779.245762711863,15116.906440677969,7484.540338983051,73488.31318426706,679686.7118644067,0.007020431491618695,0.005949557759005277,0.006513100989807226,0.0005121249660602707,0.0055907894736842104,0.014942736238299616,105428.89984453986,92041.07588469784,136611.87258605202,19817.384895853535,155616.04492209974,316593.3912933157,86807.20510900153,80390.93355591691,132955.73495949243,3674.023505682479,151539.18026373323,238364.87209197498,0.0,0.0,0.0,0.0,0.0,0.0,0.0015101109084013182,0.0032712123650677966,0.003342807412362524,0.0032066500497360305,0.12449713233438114,0.0012073338305227874,0.0026058034883632117,0.0011576463490663843,0.007044048102341923,0.0033563477974772127,0.027314618076464504,0.2990696195224928,0.0008225453740336135,0.0033205354340336123,0.0027887328222620193,0.003179704282733893,0.07077965328856022,0.0006292450809859945,0.0014874499278879551,0.0006348610344537814,0.003948708016364145,0.002694412795893557,0.016788946871424362,0.16139231199267676
2026-09-18 00:56:58.105999947,4203.677288135593,7102.513220338981,6995.147796610169,6945.309152542372,276212.5566101695,2734.1298305084756,5885.389830508474,2779.245762711863,15116.906440677969,7484.540338983051,73676.99163779315,679402.0159322033,0.007020431491618695,0.00594955775900528,0.006513100989807226,0.0005304969449376907,0.005592134006094471,0.015145329353476072,105428.89984453986,92041.07588469787,136611.87258605202,18772.066459876583,160914.32360305486,317237.22232456645,86807.20510900153,80390.93355591696,132955.73495949243,3480.2277791077718,156698.65343067225,239502.28630210916,0.0,0.0,0.0,0.0,0.0,0.0,0.0015132776979493406,0.003278072068457627,0.0033498172499331447,0.0032133737510072163,0.12475628301645397,0.0012098655988843693,0.002611234363713352,0.0011600739232189266,0.007058716725591222,0.0033633860291156304,0.02738777008393964,0.29969219076362524,0.0008225453740336135,0.0033205354340336123,0.0028181366399999998,0.003179704282733893,0.07090240778429628,0.0006292450809859945,0.0014874499278879551,0.0006348610344537814,0.003948708016364145,0.002694412795893557,0.0168331876890586,0.16170946785351684
2026-09-18 00:57:13.105999947,4237.929152542374,7068.535932203386,6995.147796610169,6928.422711864406,276070.8264406779,2765.5901694915256,5879.526101694915,2811.9630508474575,15089.5006779661,7465.66779661017,73841.71309929302,679630.3169491526,0.007020431491618695,0.00594955775900528,0.006513100989807226,0.0005304969449376907,0.005821020456396811,0.015130856887893451,105428.89984453986,92041.07588469787,136611.87258605202,18772.066459876583,177088.91533182928,311476.239614188,86807.20510900153,80390.93355591696,132955.73495949243,3480.2277791077718,172450.3632841663,238659.25933565936,0.0,0.0,0.0,0.0,0.0,0.0,0.001520375633968814,0.0032816589848777772,0.0033536375970084965,0.0032174504290070115,0.1249859545307027,0.001212877508472549,0.0026173304521255555,0.0011626061621908493,0.007072064350487222,0.0033691503561333325,0.027435998125463164,0.30031058297068947,0.000827160479372549,0.0033318114461624647,0.0028181366399999998,0.003186758535742297,0.07106781194837906,0.0006353114341064425,0.001493419195361344,0.000642153511630252,0.003959807572840335,0.002704907442644257,0.016869596323207583,0.1617621597787192
